,1N_all_monthly,1N_model_monthly,1N_esg70_monthly,1N_all_daily,1N_model_buyhold
2015-01-02,,,,59,
2015-01-05,920.0,914.0,442.0,920,914.0
2015-01-06,920.0,914.0,442.0,969,914.0
2015-01-07,920.0,914.0,442.0,969,914.0
2015-01-08,920.0,914.0,442.0,969,914.0
2015-01-09,920.0,914.0,442.0,969,914.0
2015-01-12,920.0,914.0,442.0,969,914.0
2015-01-13,920.0,914.0,442.0,969,914.0
2015-01-14,920.0,914.0,442.0,969,914.0
2015-01-15,920.0,914.0,442.0,969,914.0
2015-01-16,920.0,914.0,442.0,969,914.0
2015-01-19,920.0,914.0,442.0,969,914.0
2015-01-20,920.0,914.0,442.0,969,914.0
2015-01-21,920.0,914.0,442.0,969,914.0
2015-01-22,920.0,914.0,442.0,969,914.0
2015-01-23,920.0,914.0,442.0,969,914.0
2015-01-26,920.0,914.0,442.0,969,914.0
2015-01-27,920.0,914.0,442.0,969,914.0
2015-01-28,920.0,914.0,442.0,969,914.0
2015-01-29,920.0,914.0,442.0,969,914.0
2015-01-30,920.0,914.0,442.0,969,914.0
2015-02-02,969.0,963.0,465.0,969,914.0
2015-02-03,969.0,963.0,465.0,969,914.0
2015-02-04,969.0,963.0,465.0,969,914.0
2015-02-05,969.0,963.0,465.0,969,914.0
2015-02-06,969.0,963.0,465.0,969,914.0
2015-02-09,969.0,963.0,465.0,969,914.0
2015-02-10,969.0,963.0,465.0,969,914.0
2015-02-11,969.0,963.0,465.0,969,914.0
2015-02-12,969.0,963.0,465.0,971,914.0
2015-02-13,969.0,963.0,465.0,971,914.0
2015-02-16,969.0,963.0,465.0,971,914.0
2015-02-17,969.0,963.0,465.0,971,914.0
2015-02-18,969.0,963.0,465.0,971,914.0
2015-02-19,969.0,963.0,465.0,971,914.0
2015-02-20,969.0,963.0,465.0,971,914.0
2015-02-23,969.0,963.0,465.0,971,914.0
2015-02-24,969.0,963.0,465.0,971,914.0
2015-02-25,969.0,963.0,465.0,971,914.0
2015-02-26,969.0,963.0,465.0,971,914.0
2015-02-27,969.0,963.0,465.0,971,914.0
2015-03-02,971.0,965.0,466.0,971,914.0
2015-03-03,971.0,965.0,466.0,971,914.0
2015-03-04,971.0,965.0,466.0,971,914.0
2015-03-05,971.0,965.0,466.0,971,914.0
2015-03-06,971.0,965.0,466.0,971,914.0
2015-03-09,971.0,965.0,466.0,971,914.0
2015-03-10,971.0,965.0,466.0,971,914.0
2015-03-11,971.0,965.0,466.0,971,914.0
2015-03-12,971.0,965.0,466.0,971,914.0
2015-03-13,971.0,965.0,466.0,971,914.0
2015-03-16,971.0,965.0,466.0,971,914.0
2015-03-17,971.0,965.0,466.0,971,914.0
2015-03-18,971.0,965.0,466.0,971,914.0
2015-03-19,971.0,965.0,466.0,971,914.0
2015-03-20,971.0,965.0,466.0,972,914.0
2015-03-23,971.0,965.0,466.0,973,914.0
2015-03-24,971.0,965.0,466.0,973,914.0
2015-03-25,971.0,965.0,466.0,973,914.0
2015-03-26,971.0,965.0,466.0,973,914.0
2015-03-27,971.0,965.0,466.0,973,914.0
2015-03-30,971.0,965.0,466.0,973,914.0
2015-03-31,971.0,965.0,466.0,973,914.0
2015-04-01,973.0,967.0,467.0,973,914.0
2015-04-02,973.0,967.0,467.0,974,914.0
2015-04-03,973.0,967.0,467.0,974,914.0
2015-04-06,973.0,967.0,467.0,974,914.0
2015-04-07,973.0,967.0,467.0,974,914.0
2015-04-08,973.0,967.0,467.0,974,914.0
2015-04-09,973.0,967.0,467.0,974,914.0
2015-04-10,973.0,967.0,467.0,974,914.0
2015-04-13,973.0,967.0,467.0,974,914.0
2015-04-14,973.0,967.0,467.0,974,914.0
2015-04-15,973.0,967.0,467.0,974,914.0
2015-04-16,973.0,967.0,467.0,974,914.0
2015-04-17,973.0,967.0,467.0,974,914.0
2015-04-20,973.0,967.0,467.0,974,914.0
2015-04-21,973.0,967.0,467.0,974,914.0
2015-04-22,973.0,967.0,467.0,974,914.0
2015-04-23,973.0,967.0,467.0,974,914.0
2015-04-24,973.0,967.0,467.0,974,914.0
2015-04-27,973.0,967.0,467.0,974,914.0
2015-04-28,973.0,967.0,467.0,974,914.0
2015-04-29,973.0,967.0,467.0,974,914.0
2015-04-30,973.0,967.0,467.0,974,914.0
2015-05-01,974.0,968.0,467.0,974,914.0
2015-05-04,974.0,968.0,467.0,974,914.0
2015-05-05,974.0,968.0,467.0,974,914.0
2015-05-06,974.0,968.0,467.0,974,914.0
2015-05-07,974.0,968.0,467.0,974,914.0
2015-05-08,974.0,968.0,467.0,975,914.0
2015-05-11,974.0,968.0,467.0,975,914.0
2015-05-12,974.0,968.0,467.0,975,914.0
2015-05-13,974.0,968.0,467.0,975,914.0
2015-05-14,974.0,968.0,467.0,975,914.0
2015-05-15,974.0,968.0,467.0,975,914.0
2015-05-18,974.0,968.0,467.0,975,914.0
2015-05-19,974.0,968.0,467.0,975,914.0
2015-05-20,974.0,968.0,467.0,975,914.0
2015-05-21,974.0,968.0,467.0,975,914.0
2015-05-22,974.0,968.0,467.0,975,914.0
2015-05-25,974.0,968.0,467.0,975,914.0
2015-05-26,974.0,968.0,467.0,975,914.0
2015-05-27,974.0,968.0,467.0,975,914.0
2015-05-28,974.0,968.0,467.0,975,914.0
2015-05-29,974.0,968.0,467.0,975,914.0
2015-06-01,975.0,969.0,468.0,975,914.0
2015-06-02,975.0,969.0,468.0,976,914.0
2015-06-03,975.0,969.0,468.0,976,914.0
2015-06-04,975.0,969.0,468.0,976,914.0
2015-06-05,975.0,969.0,468.0,976,914.0
2015-06-08,975.0,969.0,468.0,976,914.0
2015-06-09,975.0,969.0,468.0,976,914.0
2015-06-10,975.0,969.0,468.0,976,914.0
2015-06-11,975.0,969.0,468.0,977,914.0
2015-06-12,975.0,969.0,468.0,977,914.0
2015-06-15,975.0,969.0,468.0,977,914.0
2015-06-16,975.0,969.0,468.0,977,914.0
2015-06-17,975.0,969.0,468.0,977,914.0
2015-06-18,975.0,969.0,468.0,977,914.0
2015-06-19,975.0,969.0,468.0,977,914.0
2015-06-22,975.0,969.0,468.0,977,914.0
2015-06-23,975.0,969.0,468.0,978,914.0
2015-06-24,975.0,969.0,468.0,978,914.0
2015-06-25,975.0,969.0,468.0,978,914.0
2015-06-26,975.0,969.0,468.0,978,914.0
2015-06-29,975.0,969.0,468.0,979,914.0
2015-06-30,975.0,969.0,468.0,979,914.0
2015-07-01,979.0,973.0,470.0,979,914.0
2015-07-02,979.0,973.0,470.0,979,914.0
2015-07-03,979.0,973.0,470.0,979,914.0
2015-07-06,979.0,973.0,470.0,979,914.0
2015-07-07,979.0,973.0,470.0,981,914.0
2015-07-08,979.0,973.0,470.0,981,914.0
2015-07-09,979.0,973.0,470.0,981,914.0
2015-07-10,979.0,973.0,470.0,981,914.0
2015-07-13,979.0,973.0,470.0,981,914.0
2015-07-14,979.0,973.0,470.0,981,914.0
2015-07-15,979.0,973.0,470.0,981,914.0
2015-07-16,979.0,973.0,470.0,981,914.0
2015-07-17,979.0,973.0,470.0,981,914.0
2015-07-20,979.0,973.0,470.0,981,914.0
2015-07-21,979.0,973.0,470.0,981,914.0
2015-07-22,979.0,973.0,470.0,981,914.0
2015-07-23,979.0,973.0,470.0,981,914.0
2015-07-24,979.0,973.0,470.0,982,914.0
2015-07-27,979.0,973.0,470.0,982,914.0
2015-07-28,979.0,973.0,470.0,982,914.0
2015-07-29,979.0,973.0,470.0,982,914.0
2015-07-30,979.0,973.0,470.0,982,914.0
2015-07-31,979.0,973.0,470.0,982,914.0
2015-08-03,982.0,976.0,472.0,982,914.0
2015-08-04,982.0,976.0,472.0,982,914.0
2015-08-05,982.0,976.0,472.0,982,914.0
2015-08-06,982.0,976.0,472.0,982,914.0
2015-08-07,982.0,976.0,472.0,982,914.0
2015-08-10,982.0,976.0,472.0,982,914.0
2015-08-11,982.0,976.0,472.0,982,914.0
2015-08-12,982.0,976.0,472.0,982,914.0
2015-08-13,982.0,976.0,472.0,982,914.0
2015-08-14,982.0,976.0,472.0,982,914.0
2015-08-17,982.0,976.0,472.0,982,914.0
2015-08-18,982.0,976.0,472.0,982,914.0
2015-08-19,982.0,976.0,472.0,982,914.0
2015-08-20,982.0,976.0,472.0,982,914.0
2015-08-21,982.0,976.0,472.0,982,914.0
2015-08-24,982.0,976.0,472.0,982,914.0
2015-08-25,982.0,976.0,472.0,982,914.0
2015-08-26,982.0,976.0,472.0,982,914.0
2015-08-27,982.0,976.0,472.0,982,914.0
2015-08-28,982.0,976.0,472.0,982,914.0
2015-08-31,982.0,976.0,472.0,982,914.0
2015-09-01,982.0,976.0,472.0,982,914.0
2015-09-02,982.0,976.0,472.0,982,914.0
2015-09-03,982.0,976.0,472.0,982,914.0
2015-09-04,982.0,976.0,472.0,982,914.0
2015-09-07,982.0,976.0,472.0,982,914.0
2015-09-08,982.0,976.0,472.0,982,914.0
2015-09-09,982.0,976.0,472.0,982,914.0
2015-09-10,982.0,976.0,472.0,982,914.0
2015-09-11,982.0,976.0,472.0,982,914.0
2015-09-14,982.0,976.0,472.0,982,914.0
2015-09-15,982.0,976.0,472.0,982,914.0
2015-09-16,982.0,976.0,472.0,982,914.0
2015-09-17,982.0,976.0,472.0,982,914.0
2015-09-18,982.0,976.0,472.0,982,914.0
2015-09-21,982.0,976.0,472.0,982,914.0
2015-09-22,982.0,976.0,472.0,982,914.0
2015-09-23,982.0,976.0,472.0,982,914.0
2015-09-24,982.0,976.0,472.0,982,914.0
2015-09-25,982.0,976.0,472.0,982,914.0
2015-09-28,982.0,976.0,472.0,982,914.0
2015-09-29,982.0,976.0,472.0,982,914.0
2015-09-30,982.0,976.0,472.0,982,914.0
2015-10-01,982.0,976.0,472.0,982,914.0
2015-10-02,982.0,976.0,472.0,983,914.0
2015-10-05,982.0,976.0,472.0,983,914.0
2015-10-06,982.0,976.0,472.0,983,914.0
2015-10-07,982.0,976.0,472.0,983,914.0
2015-10-08,982.0,976.0,472.0,983,914.0
2015-10-09,982.0,976.0,472.0,983,914.0
2015-10-12,982.0,976.0,472.0,983,914.0
2015-10-13,982.0,976.0,472.0,983,914.0
2015-10-14,982.0,976.0,472.0,983,914.0
2015-10-15,982.0,976.0,472.0,983,914.0
2015-10-16,982.0,976.0,472.0,983,914.0
2015-10-19,982.0,976.0,472.0,983,914.0
2015-10-20,982.0,976.0,472.0,984,914.0
2015-10-21,982.0,976.0,472.0,984,914.0
2015-10-22,982.0,976.0,472.0,984,914.0
2015-10-23,982.0,976.0,472.0,984,914.0
2015-10-26,982.0,976.0,472.0,984,914.0
2015-10-27,982.0,976.0,472.0,984,914.0
2015-10-28,982.0,976.0,472.0,985,914.0
2015-10-29,982.0,976.0,472.0,985,914.0
2015-10-30,982.0,976.0,472.0,985,914.0
2015-11-02,985.0,979.0,474.0,985,914.0
2015-11-03,985.0,979.0,474.0,985,914.0
2015-11-04,985.0,979.0,474.0,985,914.0
2015-11-05,985.0,979.0,474.0,985,914.0
2015-11-06,985.0,979.0,474.0,985,914.0
2015-11-09,985.0,979.0,474.0,985,914.0
2015-11-10,985.0,979.0,474.0,985,914.0
2015-11-11,985.0,979.0,474.0,985,914.0
2015-11-12,985.0,979.0,474.0,985,914.0
2015-11-13,985.0,979.0,474.0,986,914.0
2015-11-16,985.0,979.0,474.0,986,914.0
2015-11-17,985.0,979.0,474.0,986,914.0
2015-11-18,985.0,979.0,474.0,986,914.0
2015-11-19,985.0,979.0,474.0,986,914.0
2015-11-20,985.0,979.0,474.0,987,914.0
2015-11-23,985.0,979.0,474.0,988,914.0
2015-11-24,985.0,979.0,474.0,988,914.0
2015-11-25,985.0,979.0,474.0,988,914.0
2015-11-26,985.0,979.0,474.0,988,914.0
2015-11-27,985.0,979.0,474.0,988,914.0
2015-11-30,985.0,979.0,474.0,988,914.0
2015-12-01,988.0,982.0,475.0,988,914.0
2015-12-02,988.0,982.0,475.0,988,914.0
2015-12-03,988.0,982.0,475.0,988,914.0
2015-12-04,988.0,982.0,475.0,989,914.0
2015-12-07,988.0,982.0,475.0,989,914.0
2015-12-08,988.0,982.0,475.0,989,914.0
2015-12-09,988.0,982.0,475.0,989,914.0
2015-12-10,988.0,982.0,475.0,989,914.0
2015-12-11,988.0,982.0,475.0,989,914.0
2015-12-14,988.0,982.0,475.0,989,914.0
2015-12-15,988.0,982.0,475.0,989,914.0
2015-12-16,988.0,982.0,475.0,989,914.0
2015-12-17,988.0,982.0,475.0,989,914.0
2015-12-18,988.0,982.0,475.0,989,914.0
2015-12-21,988.0,982.0,475.0,989,914.0
2015-12-22,988.0,982.0,475.0,989,914.0
2015-12-23,988.0,982.0,475.0,989,914.0
2015-12-24,988.0,982.0,475.0,989,914.0
2015-12-25,988.0,982.0,475.0,989,914.0
2015-12-28,988.0,982.0,475.0,989,914.0
2015-12-29,988.0,982.0,475.0,989,914.0
2015-12-30,988.0,982.0,475.0,989,914.0
2015-12-31,988.0,982.0,475.0,989,914.0
2016-01-01,989.0,983.0,476.0,989,914.0
2016-01-04,989.0,983.0,476.0,989,914.0
2016-01-05,989.0,983.0,476.0,990,914.0
2016-01-06,989.0,983.0,476.0,990,914.0
2016-01-07,989.0,983.0,476.0,990,914.0
2016-01-08,989.0,983.0,476.0,990,914.0
2016-01-11,989.0,983.0,476.0,990,914.0
2016-01-12,989.0,983.0,476.0,990,914.0
2016-01-13,989.0,983.0,476.0,990,914.0
2016-01-14,989.0,983.0,476.0,990,914.0
2016-01-15,989.0,983.0,476.0,990,914.0
2016-01-18,989.0,983.0,476.0,990,914.0
2016-01-19,989.0,983.0,476.0,990,914.0
2016-01-20,989.0,983.0,476.0,990,914.0
2016-01-21,989.0,983.0,476.0,990,914.0
2016-01-22,989.0,983.0,476.0,990,914.0
2016-01-25,989.0,983.0,476.0,990,914.0
2016-01-26,989.0,983.0,476.0,990,914.0
2016-01-27,989.0,983.0,476.0,990,914.0
2016-01-28,989.0,983.0,476.0,990,914.0
2016-01-29,989.0,983.0,476.0,990,914.0
2016-02-01,990.0,984.0,476.0,990,914.0
2016-02-02,990.0,984.0,476.0,990,914.0
2016-02-03,990.0,984.0,476.0,990,914.0
2016-02-04,990.0,984.0,476.0,990,914.0
2016-02-05,990.0,984.0,476.0,990,914.0
2016-02-08,990.0,984.0,476.0,990,914.0
2016-02-09,990.0,984.0,476.0,990,914.0
2016-02-10,990.0,984.0,476.0,990,914.0
2016-02-11,990.0,984.0,476.0,990,914.0
2016-02-12,990.0,984.0,476.0,990,914.0
2016-02-15,990.0,984.0,476.0,990,914.0
2016-02-16,990.0,984.0,476.0,990,914.0
2016-02-17,990.0,984.0,476.0,990,914.0
2016-02-18,990.0,984.0,476.0,990,914.0
2016-02-19,990.0,984.0,476.0,990,914.0
2016-02-22,990.0,984.0,476.0,990,914.0
2016-02-23,990.0,984.0,476.0,990,914.0
2016-02-24,990.0,984.0,476.0,990,914.0
2016-02-25,990.0,984.0,476.0,990,914.0
2016-02-26,990.0,984.0,476.0,990,914.0
2016-02-29,990.0,984.0,476.0,990,914.0
2016-03-01,990.0,984.0,476.0,990,914.0
2016-03-02,990.0,984.0,476.0,990,914.0
2016-03-03,990.0,984.0,476.0,990,914.0
2016-03-04,990.0,984.0,476.0,990,914.0
2016-03-07,990.0,984.0,476.0,990,914.0
2016-03-08,990.0,984.0,476.0,990,914.0
2016-03-09,990.0,984.0,476.0,990,914.0
2016-03-10,990.0,984.0,476.0,990,914.0
2016-03-11,990.0,984.0,476.0,990,914.0
2016-03-14,990.0,984.0,476.0,990,914.0
2016-03-15,990.0,984.0,476.0,990,914.0
2016-03-16,990.0,984.0,476.0,990,914.0
2016-03-17,990.0,984.0,476.0,990,914.0
2016-03-18,990.0,984.0,476.0,990,914.0
2016-03-21,990.0,984.0,476.0,990,914.0
2016-03-22,990.0,984.0,476.0,990,914.0
2016-03-23,990.0,984.0,476.0,990,914.0
2016-03-24,990.0,984.0,476.0,990,914.0
2016-03-25,990.0,984.0,476.0,990,914.0
2016-03-28,990.0,984.0,476.0,990,914.0
2016-03-29,990.0,984.0,476.0,990,914.0
2016-03-30,990.0,984.0,476.0,990,914.0
2016-03-31,990.0,984.0,476.0,990,914.0
2016-04-01,990.0,984.0,476.0,990,914.0
2016-04-04,990.0,984.0,476.0,990,914.0
2016-04-05,990.0,984.0,476.0,990,914.0
2016-04-06,990.0,984.0,476.0,990,914.0
2016-04-07,990.0,984.0,476.0,990,914.0
2016-04-08,990.0,984.0,476.0,990,914.0
2016-04-11,990.0,984.0,476.0,990,914.0
2016-04-12,990.0,984.0,476.0,990,914.0
2016-04-13,990.0,984.0,476.0,990,914.0
2016-04-14,990.0,984.0,476.0,990,914.0
2016-04-15,990.0,984.0,476.0,991,914.0
2016-04-18,990.0,984.0,476.0,991,914.0
2016-04-19,990.0,984.0,476.0,991,914.0
2016-04-20,990.0,984.0,476.0,991,914.0
2016-04-21,990.0,984.0,476.0,991,914.0
2016-04-22,990.0,984.0,476.0,991,914.0
2016-04-25,990.0,984.0,476.0,991,914.0
2016-04-26,990.0,984.0,476.0,991,914.0
2016-04-27,990.0,984.0,476.0,991,914.0
2016-04-28,990.0,984.0,476.0,991,914.0
2016-04-29,990.0,984.0,476.0,991,914.0
2016-05-02,991.0,985.0,476.0,991,914.0
2016-05-03,991.0,985.0,476.0,991,914.0
2016-05-04,991.0,985.0,476.0,991,914.0
2016-05-05,991.0,985.0,476.0,991,914.0
2016-05-06,991.0,985.0,476.0,991,914.0
2016-05-09,991.0,985.0,476.0,991,914.0
2016-05-10,991.0,985.0,476.0,991,914.0
2016-05-11,991.0,985.0,476.0,991,914.0
2016-05-12,991.0,985.0,476.0,991,914.0
2016-05-13,991.0,985.0,476.0,991,914.0
2016-05-16,991.0,985.0,476.0,991,914.0
2016-05-17,991.0,985.0,476.0,991,914.0
2016-05-18,991.0,985.0,476.0,991,914.0
2016-05-19,991.0,985.0,476.0,991,914.0
2016-05-20,991.0,985.0,476.0,991,914.0
2016-05-23,991.0,985.0,476.0,991,914.0
2016-05-24,991.0,985.0,476.0,991,914.0
2016-05-25,991.0,985.0,476.0,991,914.0
2016-05-26,991.0,985.0,476.0,991,914.0
2016-05-27,991.0,985.0,476.0,991,914.0
2016-05-30,991.0,985.0,476.0,992,914.0
2016-05-31,991.0,985.0,476.0,992,914.0
2016-06-01,992.0,986.0,477.0,992,914.0
2016-06-02,992.0,986.0,477.0,992,914.0
2016-06-03,992.0,986.0,477.0,992,914.0
2016-06-06,992.0,986.0,477.0,992,914.0
2016-06-07,992.0,986.0,477.0,992,914.0
2016-06-08,992.0,986.0,477.0,992,914.0
2016-06-09,992.0,986.0,477.0,992,914.0
2016-06-10,992.0,986.0,477.0,993,914.0
2016-06-13,992.0,986.0,477.0,994,914.0
2016-06-14,992.0,986.0,477.0,995,914.0
2016-06-15,992.0,986.0,477.0,995,914.0
2016-06-16,992.0,986.0,477.0,995,914.0
2016-06-17,992.0,986.0,477.0,995,914.0
2016-06-20,992.0,986.0,477.0,995,914.0
2016-06-21,992.0,986.0,477.0,995,914.0
2016-06-22,992.0,986.0,477.0,995,914.0
2016-06-23,992.0,986.0,477.0,995,914.0
2016-06-24,992.0,986.0,477.0,995,914.0
2016-06-27,992.0,986.0,477.0,995,914.0
2016-06-28,992.0,986.0,477.0,995,914.0
2016-06-29,992.0,986.0,477.0,995,914.0
2016-06-30,992.0,986.0,477.0,995,914.0
2016-07-01,995.0,989.0,478.0,995,914.0
2016-07-04,995.0,989.0,478.0,995,914.0
2016-07-05,995.0,989.0,478.0,995,914.0
2016-07-06,995.0,989.0,478.0,995,914.0
2016-07-07,995.0,989.0,478.0,995,914.0
2016-07-08,995.0,989.0,478.0,995,914.0
2016-07-11,995.0,989.0,478.0,995,914.0
2016-07-12,995.0,989.0,478.0,995,914.0
2016-07-13,995.0,989.0,478.0,995,914.0
2016-07-14,995.0,989.0,478.0,995,914.0
2016-07-15,995.0,989.0,478.0,995,914.0
2016-07-18,995.0,989.0,478.0,995,914.0
2016-07-19,995.0,989.0,478.0,995,914.0
2016-07-20,995.0,989.0,478.0,995,914.0
2016-07-21,995.0,989.0,478.0,995,914.0
2016-07-22,995.0,989.0,478.0,995,914.0
2016-07-25,995.0,989.0,478.0,995,914.0
2016-07-26,995.0,989.0,478.0,995,914.0
2016-07-27,995.0,989.0,478.0,995,914.0
2016-07-28,995.0,989.0,478.0,995,914.0
2016-07-29,995.0,989.0,478.0,995,914.0
2016-08-01,995.0,989.0,478.0,995,914.0
2016-08-02,995.0,989.0,478.0,995,914.0
2016-08-03,995.0,989.0,478.0,995,914.0
2016-08-04,995.0,989.0,478.0,995,914.0
2016-08-05,995.0,989.0,478.0,995,914.0
2016-08-08,995.0,989.0,478.0,995,914.0
2016-08-09,995.0,989.0,478.0,995,914.0
2016-08-10,995.0,989.0,478.0,995,914.0
2016-08-11,995.0,989.0,478.0,996,914.0
2016-08-12,995.0,989.0,478.0,996,914.0
2016-08-15,995.0,989.0,478.0,996,914.0
2016-08-16,995.0,989.0,478.0,996,914.0
2016-08-17,995.0,989.0,478.0,996,914.0
2016-08-18,995.0,989.0,478.0,996,914.0
2016-08-19,995.0,989.0,478.0,996,914.0
2016-08-22,995.0,989.0,478.0,996,914.0
2016-08-23,995.0,989.0,478.0,996,914.0
2016-08-24,995.0,989.0,478.0,996,914.0
2016-08-25,995.0,989.0,478.0,996,914.0
2016-08-26,995.0,989.0,478.0,996,914.0
2016-08-29,995.0,989.0,478.0,996,914.0
2016-08-30,995.0,989.0,478.0,996,914.0
2016-08-31,995.0,989.0,478.0,996,914.0
2016-09-01,996.0,990.0,479.0,996,914.0
2016-09-02,996.0,990.0,479.0,996,914.0
2016-09-05,996.0,990.0,479.0,996,914.0
2016-09-06,996.0,990.0,479.0,996,914.0
2016-09-07,996.0,990.0,479.0,996,914.0
2016-09-08,996.0,990.0,479.0,997,914.0
2016-09-09,996.0,990.0,479.0,997,914.0
2016-09-12,996.0,990.0,479.0,997,914.0
2016-09-13,996.0,990.0,479.0,997,914.0
2016-09-14,996.0,990.0,479.0,997,914.0
2016-09-15,996.0,990.0,479.0,997,914.0
2016-09-16,996.0,990.0,479.0,997,914.0
2016-09-19,996.0,990.0,479.0,997,914.0
2016-09-20,996.0,990.0,479.0,997,914.0
2016-09-21,996.0,990.0,479.0,997,914.0
2016-09-22,996.0,990.0,479.0,998,914.0
2016-09-23,996.0,990.0,479.0,998,914.0
2016-09-26,996.0,990.0,479.0,998,914.0
2016-09-27,996.0,990.0,479.0,998,914.0
2016-09-28,996.0,990.0,479.0,998,914.0
2016-09-29,996.0,990.0,479.0,998,914.0
2016-09-30,996.0,990.0,479.0,998,914.0
2016-10-03,998.0,991.0,479.0,998,914.0
2016-10-04,998.0,991.0,479.0,998,914.0
2016-10-05,998.0,991.0,479.0,998,914.0
2016-10-06,998.0,991.0,479.0,998,914.0
2016-10-07,998.0,991.0,479.0,998,914.0
2016-10-10,998.0,991.0,479.0,998,914.0
2016-10-11,998.0,991.0,479.0,998,914.0
2016-10-12,998.0,991.0,479.0,998,914.0
2016-10-13,998.0,991.0,479.0,998,914.0
2016-10-14,998.0,991.0,479.0,998,914.0
2016-10-17,998.0,991.0,479.0,998,914.0
2016-10-18,998.0,991.0,479.0,998,914.0
2016-10-19,998.0,991.0,479.0,998,914.0
2016-10-20,998.0,991.0,479.0,998,914.0
2016-10-21,998.0,991.0,479.0,998,914.0
2016-10-24,998.0,991.0,479.0,998,914.0
2016-10-25,998.0,991.0,479.0,998,914.0
2016-10-26,998.0,991.0,479.0,998,914.0
2016-10-27,998.0,991.0,479.0,999,914.0
2016-10-28,998.0,991.0,479.0,999,914.0
2016-10-31,998.0,991.0,479.0,999,914.0
2016-11-01,999.0,992.0,480.0,999,914.0
2016-11-02,999.0,992.0,480.0,999,914.0
2016-11-03,999.0,992.0,480.0,999,914.0
2016-11-04,999.0,992.0,480.0,999,914.0
2016-11-07,999.0,992.0,480.0,999,914.0
2016-11-08,999.0,992.0,480.0,1000,914.0
2016-11-09,999.0,992.0,480.0,1000,914.0
2016-11-10,999.0,992.0,480.0,1000,914.0
2016-11-11,999.0,992.0,480.0,1000,914.0
2016-11-14,999.0,992.0,480.0,1000,914.0
2016-11-15,999.0,992.0,480.0,1000,914.0
2016-11-16,999.0,992.0,480.0,1000,914.0
2016-11-17,999.0,992.0,480.0,1000,914.0
2016-11-18,999.0,992.0,480.0,1000,914.0
2016-11-21,999.0,992.0,480.0,1000,914.0
2016-11-22,999.0,992.0,480.0,1000,914.0
2016-11-23,999.0,992.0,480.0,1000,914.0
2016-11-24,999.0,992.0,480.0,1000,914.0
2016-11-25,999.0,992.0,480.0,1000,914.0
2016-11-28,999.0,992.0,480.0,1000,914.0
2016-11-29,999.0,992.0,480.0,1000,914.0
2016-11-30,999.0,992.0,480.0,1000,914.0
2016-12-01,1000.0,993.0,481.0,1000,914.0
2016-12-02,1000.0,993.0,481.0,1000,914.0
2016-12-05,1000.0,993.0,481.0,1000,914.0
2016-12-06,1000.0,993.0,481.0,1000,914.0
2016-12-07,1000.0,993.0,481.0,1000,914.0
2016-12-08,1000.0,993.0,481.0,1000,914.0
2016-12-09,1000.0,993.0,481.0,1000,914.0
2016-12-12,1000.0,993.0,481.0,1000,914.0
2016-12-13,1000.0,993.0,481.0,1000,914.0
2016-12-14,1000.0,993.0,481.0,1000,914.0
2016-12-15,1000.0,993.0,481.0,1000,914.0
2016-12-16,1000.0,993.0,481.0,1000,914.0
2016-12-19,1000.0,993.0,481.0,1000,914.0
2016-12-20,1000.0,993.0,481.0,1000,914.0
2016-12-21,1000.0,993.0,481.0,1000,914.0
2016-12-22,1000.0,993.0,481.0,1000,914.0
2016-12-23,1000.0,993.0,481.0,1000,914.0
2016-12-26,1000.0,993.0,481.0,1000,914.0
2016-12-27,1000.0,993.0,481.0,1000,914.0
2016-12-28,1000.0,993.0,481.0,1000,914.0
2016-12-29,1000.0,993.0,481.0,1000,914.0
2016-12-30,1000.0,993.0,481.0,1000,914.0
2017-01-02,1000.0,993.0,481.0,1000,914.0
2017-01-03,1000.0,993.0,481.0,1000,914.0
2017-01-04,1000.0,993.0,481.0,1000,914.0
2017-01-05,1000.0,993.0,481.0,1000,914.0
2017-01-06,1000.0,993.0,481.0,1000,914.0
2017-01-09,1000.0,993.0,481.0,1000,914.0
2017-01-10,1000.0,993.0,481.0,1000,914.0
2017-01-11,1000.0,993.0,481.0,1000,914.0
2017-01-12,1000.0,993.0,481.0,1000,914.0
2017-01-13,1000.0,993.0,481.0,1000,914.0
2017-01-16,1000.0,993.0,481.0,1000,914.0
2017-01-17,1000.0,993.0,481.0,1000,914.0
2017-01-18,1000.0,993.0,481.0,1000,914.0
2017-01-19,1000.0,993.0,481.0,1000,914.0
2017-01-20,1000.0,993.0,481.0,1000,914.0
2017-01-23,1000.0,993.0,481.0,1000,914.0
2017-01-24,1000.0,993.0,481.0,1000,914.0
2017-01-25,1000.0,993.0,481.0,1000,914.0
2017-01-26,1000.0,993.0,481.0,1000,914.0
2017-01-27,1000.0,993.0,481.0,1000,914.0
2017-01-30,1000.0,993.0,481.0,1000,914.0
2017-01-31,1000.0,993.0,481.0,1000,914.0
2017-02-01,1000.0,993.0,481.0,1000,914.0
2017-02-02,1000.0,993.0,481.0,1001,914.0
2017-02-03,1000.0,993.0,481.0,1001,914.0
2017-02-06,1000.0,993.0,481.0,1001,914.0
2017-02-07,1000.0,993.0,481.0,1001,914.0
2017-02-08,1000.0,993.0,481.0,1001,914.0
2017-02-09,1000.0,993.0,481.0,1001,914.0
2017-02-10,1000.0,993.0,481.0,1001,914.0
2017-02-13,1000.0,993.0,481.0,1001,914.0
2017-02-14,1000.0,993.0,481.0,1001,914.0
2017-02-15,1000.0,993.0,481.0,1001,914.0
2017-02-16,1000.0,993.0,481.0,1001,914.0
2017-02-17,1000.0,993.0,481.0,1001,914.0
2017-02-20,1000.0,993.0,481.0,1001,914.0
2017-02-21,1000.0,993.0,481.0,1001,914.0
2017-02-22,1000.0,993.0,481.0,1001,914.0
2017-02-23,1000.0,993.0,481.0,1001,914.0
2017-02-24,1000.0,993.0,481.0,1001,914.0
2017-02-27,1000.0,993.0,481.0,1001,914.0
2017-02-28,1000.0,993.0,481.0,1001,914.0
2017-03-01,1001.0,994.0,481.0,1001,914.0
2017-03-02,1001.0,994.0,481.0,1001,914.0
2017-03-03,1001.0,994.0,481.0,1001,914.0
2017-03-06,1001.0,994.0,481.0,1001,914.0
2017-03-07,1001.0,994.0,481.0,1001,914.0
2017-03-08,1001.0,994.0,481.0,1001,914.0
2017-03-09,1001.0,994.0,481.0,1001,914.0
2017-03-10,1001.0,994.0,481.0,1001,914.0
2017-03-13,1001.0,994.0,481.0,1001,914.0
2017-03-14,1001.0,994.0,481.0,1001,914.0
2017-03-15,1001.0,994.0,481.0,1001,914.0
2017-03-16,1001.0,994.0,481.0,1001,914.0
2017-03-17,1001.0,994.0,481.0,1001,914.0
2017-03-20,1001.0,994.0,481.0,1001,914.0
2017-03-21,1001.0,994.0,481.0,1001,914.0
2017-03-22,1001.0,994.0,481.0,1001,914.0
2017-03-23,1001.0,994.0,481.0,1001,914.0
2017-03-24,1001.0,994.0,481.0,1001,914.0
2017-03-27,1001.0,994.0,481.0,1001,914.0
2017-03-28,1001.0,994.0,481.0,1001,914.0
2017-03-29,1001.0,994.0,481.0,1001,914.0
2017-03-30,1001.0,994.0,481.0,1001,914.0
2017-03-31,1001.0,994.0,481.0,1001,914.0
2017-04-03,1001.0,994.0,481.0,1001,914.0
2017-04-04,1001.0,994.0,481.0,1001,914.0
2017-04-05,1001.0,994.0,481.0,1001,914.0
2017-04-06,1001.0,994.0,481.0,1001,914.0
2017-04-07,1001.0,994.0,481.0,1001,914.0
2017-04-10,1001.0,994.0,481.0,1002,914.0
2017-04-11,1001.0,994.0,481.0,1002,914.0
2017-04-12,1001.0,994.0,481.0,1002,914.0
2017-04-13,1001.0,994.0,481.0,1002,914.0
2017-04-14,1001.0,994.0,481.0,1002,914.0
2017-04-17,1001.0,994.0,481.0,1002,914.0
2017-04-18,1001.0,994.0,481.0,1002,914.0
2017-04-19,1001.0,994.0,481.0,1002,914.0
2017-04-20,1001.0,994.0,481.0,1003,914.0
2017-04-21,1001.0,994.0,481.0,1003,914.0
2017-04-24,1001.0,994.0,481.0,1003,914.0
2017-04-25,1001.0,994.0,481.0,1003,914.0
2017-04-26,1001.0,994.0,481.0,1003,914.0
2017-04-27,1001.0,994.0,481.0,1003,914.0
2017-04-28,1001.0,994.0,481.0,1003,914.0
2017-05-01,1004.0,996.0,481.0,1004,914.0
2017-05-02,1004.0,996.0,481.0,1004,914.0
2017-05-03,1004.0,996.0,481.0,1004,914.0
2017-05-04,1004.0,996.0,481.0,1004,914.0
2017-05-05,1004.0,996.0,481.0,1004,914.0
2017-05-08,1004.0,996.0,481.0,1004,914.0
2017-05-09,1004.0,996.0,481.0,1004,914.0
2017-05-10,1004.0,996.0,481.0,1004,914.0
2017-05-11,1004.0,996.0,481.0,1005,914.0
2017-05-12,1004.0,996.0,481.0,1005,914.0
2017-05-15,1004.0,996.0,481.0,1006,914.0
2017-05-16,1004.0,996.0,481.0,1006,914.0
2017-05-17,1004.0,996.0,481.0,1006,914.0
2017-05-18,1004.0,996.0,481.0,1006,914.0
2017-05-19,1004.0,996.0,481.0,1006,914.0
2017-05-22,1004.0,996.0,481.0,1006,914.0
2017-05-23,1004.0,996.0,481.0,1006,914.0
2017-05-24,1004.0,996.0,481.0,1006,914.0
2017-05-25,1004.0,996.0,481.0,1006,914.0
2017-05-26,1004.0,996.0,481.0,1006,914.0
2017-05-29,1004.0,996.0,481.0,1006,914.0
2017-05-30,1004.0,996.0,481.0,1006,914.0
2017-05-31,1004.0,996.0,481.0,1006,914.0
2017-06-01,1006.0,998.0,481.0,1006,914.0
2017-06-02,1006.0,998.0,481.0,1006,914.0
2017-06-05,1006.0,998.0,481.0,1006,914.0
2017-06-06,1006.0,998.0,481.0,1006,914.0
2017-06-07,1006.0,998.0,481.0,1006,914.0
2017-06-08,1006.0,998.0,481.0,1006,914.0
2017-06-09,1006.0,998.0,481.0,1006,914.0
2017-06-12,1006.0,998.0,481.0,1006,914.0
2017-06-13,1006.0,998.0,481.0,1006,914.0
2017-06-14,1006.0,998.0,481.0,1006,914.0
2017-06-15,1006.0,998.0,481.0,1006,914.0
2017-06-16,1006.0,998.0,481.0,1007,914.0
2017-06-19,1006.0,998.0,481.0,1008,914.0
2017-06-20,1006.0,998.0,481.0,1008,914.0
2017-06-21,1006.0,998.0,481.0,1008,914.0
2017-06-22,1006.0,998.0,481.0,1008,914.0
2017-06-23,1006.0,998.0,481.0,1008,914.0
2017-06-26,1006.0,998.0,481.0,1008,914.0
2017-06-27,1006.0,998.0,481.0,1008,914.0
2017-06-28,1006.0,998.0,481.0,1008,914.0
2017-06-29,1006.0,998.0,481.0,1008,914.0
2017-06-30,1006.0,998.0,481.0,1008,914.0
2017-07-03,1010.0,1002.0,483.0,1010,914.0
2017-07-04,1010.0,1002.0,483.0,1010,914.0
2017-07-05,1010.0,1002.0,483.0,1010,914.0
2017-07-06,1010.0,1002.0,483.0,1010,914.0
2017-07-07,1010.0,1002.0,483.0,1010,914.0
2017-07-10,1010.0,1002.0,483.0,1010,914.0
2017-07-11,1010.0,1002.0,483.0,1010,914.0
2017-07-12,1010.0,1002.0,483.0,1010,914.0
2017-07-13,1010.0,1002.0,483.0,1010,914.0
2017-07-14,1010.0,1002.0,483.0,1010,914.0
2017-07-17,1010.0,1002.0,483.0,1010,914.0
2017-07-18,1010.0,1002.0,483.0,1010,914.0
2017-07-19,1010.0,1002.0,483.0,1010,914.0
2017-07-20,1010.0,1002.0,483.0,1010,914.0
2017-07-21,1010.0,1002.0,483.0,1010,914.0
2017-07-24,1010.0,1002.0,483.0,1010,914.0
2017-07-25,1010.0,1002.0,483.0,1010,914.0
2017-07-26,1010.0,1002.0,483.0,1010,914.0
2017-07-27,1010.0,1002.0,483.0,1010,914.0
2017-07-28,1010.0,1002.0,483.0,1010,914.0
2017-07-31,1010.0,1002.0,483.0,1010,914.0
2017-08-01,1010.0,1002.0,483.0,1010,914.0
2017-08-02,1010.0,1002.0,483.0,1010,914.0
2017-08-03,1010.0,1002.0,483.0,1010,914.0
2017-08-04,1010.0,1002.0,483.0,1010,914.0
2017-08-07,1010.0,1002.0,483.0,1010,914.0
2017-08-08,1010.0,1002.0,483.0,1010,914.0
2017-08-09,1010.0,1002.0,483.0,1010,914.0
2017-08-10,1010.0,1002.0,483.0,1010,914.0
2017-08-11,1010.0,1002.0,483.0,1010,914.0
2017-08-14,1010.0,1002.0,483.0,1010,914.0
2017-08-15,1010.0,1002.0,483.0,1010,914.0
2017-08-16,1010.0,1002.0,483.0,1010,914.0
2017-08-17,1010.0,1002.0,483.0,1010,914.0
2017-08-18,1010.0,1002.0,483.0,1010,914.0
2017-08-21,1010.0,1002.0,483.0,1010,914.0
2017-08-22,1010.0,1002.0,483.0,1010,914.0
2017-08-23,1010.0,1002.0,483.0,1010,914.0
2017-08-24,1010.0,1002.0,483.0,1010,914.0
2017-08-25,1010.0,1002.0,483.0,1010,914.0
2017-08-28,1010.0,1002.0,483.0,1010,914.0
2017-08-29,1010.0,1002.0,483.0,1010,914.0
2017-08-30,1010.0,1002.0,483.0,1010,914.0
2017-08-31,1010.0,1002.0,483.0,1010,914.0
2017-09-01,1010.0,1002.0,483.0,1010,914.0
2017-09-04,1010.0,1002.0,483.0,1011,914.0
2017-09-05,1010.0,1002.0,483.0,1011,914.0
2017-09-06,1010.0,1002.0,483.0,1011,914.0
2017-09-07,1010.0,1002.0,483.0,1011,914.0
2017-09-08,1010.0,1002.0,483.0,1011,914.0
2017-09-11,1010.0,1002.0,483.0,1011,914.0
2017-09-12,1010.0,1002.0,483.0,1011,914.0
2017-09-13,1010.0,1002.0,483.0,1011,914.0
2017-09-14,1010.0,1002.0,483.0,1011,914.0
2017-09-15,1010.0,1002.0,483.0,1011,914.0
2017-09-18,1010.0,1002.0,483.0,1011,914.0
2017-09-19,1010.0,1002.0,483.0,1011,914.0
2017-09-20,1010.0,1002.0,483.0,1011,914.0
2017-09-21,1010.0,1002.0,483.0,1011,914.0
2017-09-22,1010.0,1002.0,483.0,1011,914.0
2017-09-25,1010.0,1002.0,483.0,1011,914.0
2017-09-26,1010.0,1002.0,483.0,1011,914.0
2017-09-27,1010.0,1002.0,483.0,1011,914.0
2017-09-28,1010.0,1002.0,483.0,1011,914.0
2017-09-29,1010.0,1002.0,483.0,1011,914.0
2017-10-02,1011.0,1003.0,484.0,1011,914.0
2017-10-03,1011.0,1003.0,484.0,1011,914.0
2017-10-04,1011.0,1003.0,484.0,1011,914.0
2017-10-05,1011.0,1003.0,484.0,1012,914.0
2017-10-06,1011.0,1003.0,484.0,1012,914.0
2017-10-09,1011.0,1003.0,484.0,1012,914.0
2017-10-10,1011.0,1003.0,484.0,1012,914.0
2017-10-11,1011.0,1003.0,484.0,1012,914.0
2017-10-12,1011.0,1003.0,484.0,1012,914.0
2017-10-13,1011.0,1003.0,484.0,1012,914.0
2017-10-16,1011.0,1003.0,484.0,1012,914.0
2017-10-17,1011.0,1003.0,484.0,1012,914.0
2017-10-18,1011.0,1003.0,484.0,1012,914.0
2017-10-19,1011.0,1003.0,484.0,1012,914.0
2017-10-20,1011.0,1003.0,484.0,1012,914.0
2017-10-23,1011.0,1003.0,484.0,1012,914.0
2017-10-24,1011.0,1003.0,484.0,1012,914.0
2017-10-25,1011.0,1003.0,484.0,1012,914.0
2017-10-26,1011.0,1003.0,484.0,1014,914.0
2017-10-27,1011.0,1003.0,484.0,1014,914.0
2017-10-30,1011.0,1003.0,484.0,1014,914.0
2017-10-31,1011.0,1003.0,484.0,1014,914.0
2017-11-01,1014.0,1006.0,486.0,1014,914.0
2017-11-02,1014.0,1006.0,486.0,1014,914.0
2017-11-03,1014.0,1006.0,486.0,1014,914.0
2017-11-06,1014.0,1006.0,486.0,1014,914.0
2017-11-07,1014.0,1006.0,486.0,1014,914.0
2017-11-08,1014.0,1006.0,486.0,1014,914.0
2017-11-09,1014.0,1006.0,486.0,1014,914.0
2017-11-10,1014.0,1006.0,486.0,1014,914.0
2017-11-13,1014.0,1006.0,486.0,1014,914.0
2017-11-14,1014.0,1006.0,486.0,1014,914.0
2017-11-15,1014.0,1006.0,486.0,1014,914.0
2017-11-16,1014.0,1006.0,486.0,1014,914.0
2017-11-17,1014.0,1006.0,486.0,1014,914.0
2017-11-20,1014.0,1006.0,486.0,1014,914.0
2017-11-21,1014.0,1006.0,486.0,1014,914.0
2017-11-22,1014.0,1006.0,486.0,1014,914.0
2017-11-23,1014.0,1006.0,486.0,1014,914.0
2017-11-24,1014.0,1006.0,486.0,1014,914.0
2017-11-27,1014.0,1006.0,486.0,1014,914.0
2017-11-28,1014.0,1006.0,486.0,1014,914.0
2017-11-29,1014.0,1006.0,486.0,1014,914.0
2017-11-30,1014.0,1006.0,486.0,1014,914.0
2017-12-01,1014.0,1006.0,486.0,1014,914.0
2017-12-04,1014.0,1006.0,486.0,1014,914.0
2017-12-05,1014.0,1006.0,486.0,1014,914.0
2017-12-06,1014.0,1006.0,486.0,1014,914.0
2017-12-07,1014.0,1006.0,486.0,1014,914.0
2017-12-08,1014.0,1006.0,486.0,1014,914.0
2017-12-11,1014.0,1006.0,486.0,1014,914.0
2017-12-12,1014.0,1006.0,486.0,1014,914.0
2017-12-13,1014.0,1006.0,486.0,1014,914.0
2017-12-14,1014.0,1006.0,486.0,1014,914.0
2017-12-15,1014.0,1006.0,486.0,1014,914.0
2017-12-18,1014.0,1006.0,486.0,1014,914.0
2017-12-19,1014.0,1006.0,486.0,1014,914.0
2017-12-20,1014.0,1006.0,486.0,1014,914.0
2017-12-21,1014.0,1006.0,486.0,1014,914.0
2017-12-22,1014.0,1006.0,486.0,1014,914.0
2017-12-25,1014.0,1006.0,486.0,1014,914.0
2017-12-26,1014.0,1006.0,486.0,1014,914.0
2017-12-27,1014.0,1006.0,486.0,1014,914.0
2017-12-28,1014.0,1006.0,486.0,1014,914.0
2017-12-29,1014.0,1006.0,486.0,1014,914.0
2018-01-01,1014.0,1006.0,486.0,1014,914.0
2018-01-02,1014.0,1006.0,486.0,1014,914.0
2018-01-03,1014.0,1006.0,486.0,1014,914.0
2018-01-04,1014.0,1006.0,486.0,1014,914.0
2018-01-05,1014.0,1006.0,486.0,1014,914.0
2018-01-08,1014.0,1006.0,486.0,1014,914.0
2018-01-09,1014.0,1006.0,486.0,1014,914.0
2018-01-10,1014.0,1006.0,486.0,1014,914.0
2018-01-11,1014.0,1006.0,486.0,1014,914.0
2018-01-12,1014.0,1006.0,486.0,1014,914.0
2018-01-15,1014.0,1006.0,486.0,1014,914.0
2018-01-16,1014.0,1006.0,486.0,1014,914.0
2018-01-17,1014.0,1006.0,486.0,1014,914.0
2018-01-18,1014.0,1006.0,486.0,1014,914.0
2018-01-19,1014.0,1006.0,486.0,1014,914.0
2018-01-22,1014.0,1006.0,486.0,1014,914.0
2018-01-23,1014.0,1006.0,486.0,1014,914.0
2018-01-24,1014.0,1006.0,486.0,1014,914.0
2018-01-25,1014.0,1006.0,486.0,1014,914.0
2018-01-26,1014.0,1006.0,486.0,1014,914.0
2018-01-29,1014.0,1006.0,486.0,1014,914.0
2018-01-30,1014.0,1006.0,486.0,1014,914.0
2018-01-31,1014.0,1006.0,486.0,1014,914.0
2018-02-01,1014.0,1006.0,486.0,1014,914.0
2018-02-02,1014.0,1006.0,486.0,1015,914.0
2018-02-05,1014.0,1006.0,486.0,1015,914.0
2018-02-06,1014.0,1006.0,486.0,1015,914.0
2018-02-07,1014.0,1006.0,486.0,1015,914.0
2018-02-08,1014.0,1006.0,486.0,1015,914.0
2018-02-09,1014.0,1006.0,486.0,1015,914.0
2018-02-12,1014.0,1006.0,486.0,1015,914.0
2018-02-13,1014.0,1006.0,486.0,1015,914.0
2018-02-14,1014.0,1006.0,486.0,1015,914.0
2018-02-15,1014.0,1006.0,486.0,1015,914.0
2018-02-16,1014.0,1006.0,486.0,1015,914.0
2018-02-19,1014.0,1006.0,486.0,1015,914.0
2018-02-20,1014.0,1006.0,486.0,1015,914.0
2018-02-21,1014.0,1006.0,486.0,1015,914.0
2018-02-22,1014.0,1006.0,486.0,1015,914.0
2018-02-23,1014.0,1006.0,486.0,1015,914.0
2018-02-26,1014.0,1006.0,486.0,1015,914.0
2018-02-27,1014.0,1006.0,486.0,1015,914.0
2018-02-28,1014.0,1006.0,486.0,1015,914.0
2018-03-01,1015.0,1007.0,487.0,1015,914.0
2018-03-02,1015.0,1007.0,487.0,1015,914.0
2018-03-05,1015.0,1007.0,487.0,1015,914.0
2018-03-06,1015.0,1007.0,487.0,1015,914.0
2018-03-07,1015.0,1007.0,487.0,1015,914.0
2018-03-08,1015.0,1007.0,487.0,1015,914.0
2018-03-09,1015.0,1007.0,487.0,1015,914.0
2018-03-12,1015.0,1007.0,487.0,1015,914.0
2018-03-13,1015.0,1007.0,487.0,1015,914.0
2018-03-14,1015.0,1007.0,487.0,1015,914.0
2018-03-15,1015.0,1007.0,487.0,1015,914.0
2018-03-16,1015.0,1007.0,487.0,1015,914.0
2018-03-19,1015.0,1007.0,487.0,1016,914.0
2018-03-20,1015.0,1007.0,487.0,1016,914.0
2018-03-21,1015.0,1007.0,487.0,1016,914.0
2018-03-22,1015.0,1007.0,487.0,1016,914.0
2018-03-23,1015.0,1007.0,487.0,1016,914.0
2018-03-26,1015.0,1007.0,487.0,1016,914.0
2018-03-27,1015.0,1007.0,487.0,1016,914.0
2018-03-28,1015.0,1007.0,487.0,1016,914.0
2018-03-29,1015.0,1007.0,487.0,1016,914.0
2018-03-30,1015.0,1007.0,487.0,1016,914.0
2018-04-02,1016.0,1008.0,487.0,1016,914.0
2018-04-03,1016.0,1008.0,487.0,1016,914.0
2018-04-04,1016.0,1008.0,487.0,1016,914.0
2018-04-05,1016.0,1008.0,487.0,1016,914.0
2018-04-06,1016.0,1008.0,487.0,1016,914.0
2018-04-09,1016.0,1008.0,487.0,1016,914.0
2018-04-10,1016.0,1008.0,487.0,1016,914.0
2018-04-11,1016.0,1008.0,487.0,1016,914.0
2018-04-12,1016.0,1008.0,487.0,1016,914.0
2018-04-13,1016.0,1008.0,487.0,1016,914.0
2018-04-16,1016.0,1008.0,487.0,1016,914.0
2018-04-17,1016.0,1008.0,487.0,1016,914.0
2018-04-18,1016.0,1008.0,487.0,1016,914.0
2018-04-19,1016.0,1008.0,487.0,1016,914.0
2018-04-20,1016.0,1008.0,487.0,1016,914.0
2018-04-23,1016.0,1008.0,487.0,1016,914.0
2018-04-24,1016.0,1008.0,487.0,1016,914.0
2018-04-25,1016.0,1008.0,487.0,1016,914.0
2018-04-26,1016.0,1008.0,487.0,1016,914.0
2018-04-27,1016.0,1008.0,487.0,1016,914.0
2018-04-30,1016.0,1008.0,487.0,1016,914.0
2018-05-01,1016.0,1008.0,487.0,1016,914.0
2018-05-02,1016.0,1008.0,487.0,1016,914.0
2018-05-03,1016.0,1008.0,487.0,1016,914.0
2018-05-04,1016.0,1008.0,487.0,1016,914.0
2018-05-07,1016.0,1008.0,487.0,1016,914.0
2018-05-08,1016.0,1008.0,487.0,1016,914.0
2018-05-09,1016.0,1008.0,487.0,1016,914.0
2018-05-10,1016.0,1008.0,487.0,1016,914.0
2018-05-11,1016.0,1008.0,487.0,1016,914.0
2018-05-14,1016.0,1008.0,487.0,1016,914.0
2018-05-15,1016.0,1008.0,487.0,1016,914.0
2018-05-16,1016.0,1008.0,487.0,1016,914.0
2018-05-17,1016.0,1008.0,487.0,1016,914.0
2018-05-18,1016.0,1008.0,487.0,1016,914.0
2018-05-21,1016.0,1008.0,487.0,1016,914.0
2018-05-22,1016.0,1008.0,487.0,1016,914.0
2018-05-23,1016.0,1008.0,487.0,1016,914.0
2018-05-24,1016.0,1008.0,487.0,1016,914.0
2018-05-25,1016.0,1008.0,487.0,1016,914.0
2018-05-28,1016.0,1008.0,487.0,1016,914.0
2018-05-29,1016.0,1008.0,487.0,1016,914.0
2018-05-30,1016.0,1008.0,487.0,1016,914.0
2018-05-31,1016.0,1008.0,487.0,1016,914.0
2018-06-01,1016.0,1008.0,487.0,1016,914.0
2018-06-04,1016.0,1008.0,487.0,1016,914.0
2018-06-05,1016.0,1008.0,487.0,1016,914.0
2018-06-06,1016.0,1008.0,487.0,1016,914.0
2018-06-07,1016.0,1008.0,487.0,1016,914.0
2018-06-08,1016.0,1008.0,487.0,1016,914.0
2018-06-11,1016.0,1008.0,487.0,1016,914.0
2018-06-12,1016.0,1008.0,487.0,1016,914.0
2018-06-13,1016.0,1008.0,487.0,1016,914.0
2018-06-14,1016.0,1008.0,487.0,1017,914.0
2018-06-15,1016.0,1008.0,487.0,1017,914.0
2018-06-18,1016.0,1008.0,487.0,1017,914.0
2018-06-19,1016.0,1008.0,487.0,1018,914.0
2018-06-20,1016.0,1008.0,487.0,1018,914.0
2018-06-21,1016.0,1008.0,487.0,1018,914.0
2018-06-22,1016.0,1008.0,487.0,1018,914.0
2018-06-25,1016.0,1008.0,487.0,1018,914.0
2018-06-26,1016.0,1008.0,487.0,1019,914.0
2018-06-27,1016.0,1008.0,487.0,1019,914.0
2018-06-28,1016.0,1008.0,487.0,1019,914.0
2018-06-29,1016.0,1008.0,487.0,1019,914.0
2018-07-02,1019.0,1011.0,488.0,1019,914.0
2018-07-03,1019.0,1011.0,488.0,1019,914.0
2018-07-04,1019.0,1011.0,488.0,1019,914.0
2018-07-05,1019.0,1011.0,488.0,1019,914.0
2018-07-06,1019.0,1011.0,488.0,1019,914.0
2018-07-09,1019.0,1011.0,488.0,1019,914.0
2018-07-10,1019.0,1011.0,488.0,1019,914.0
2018-07-11,1019.0,1011.0,488.0,1019,914.0
2018-07-12,1019.0,1011.0,488.0,1019,914.0
2018-07-13,1019.0,1011.0,488.0,1019,914.0
2018-07-16,1019.0,1011.0,488.0,1019,914.0
2018-07-17,1019.0,1011.0,488.0,1019,914.0
2018-07-18,1019.0,1011.0,488.0,1019,914.0
2018-07-19,1019.0,1011.0,488.0,1019,914.0
2018-07-20,1019.0,1011.0,488.0,1019,914.0
2018-07-23,1019.0,1011.0,488.0,1019,914.0
2018-07-24,1019.0,1011.0,488.0,1019,914.0
2018-07-25,1019.0,1011.0,488.0,1019,914.0
2018-07-26,1019.0,1011.0,488.0,1019,914.0
2018-07-27,1019.0,1011.0,488.0,1019,914.0
2018-07-30,1019.0,1011.0,488.0,1019,914.0
2018-07-31,1019.0,1011.0,488.0,1020,914.0
2018-08-01,1020.0,1012.0,488.0,1020,914.0
2018-08-02,1020.0,1012.0,488.0,1020,914.0
2018-08-03,1020.0,1012.0,488.0,1020,914.0
2018-08-06,1020.0,1012.0,488.0,1020,914.0
2018-08-07,1020.0,1012.0,488.0,1020,914.0
2018-08-08,1020.0,1012.0,488.0,1020,914.0
2018-08-09,1020.0,1012.0,488.0,1020,914.0
2018-08-10,1020.0,1012.0,488.0,1020,914.0
2018-08-13,1020.0,1012.0,488.0,1020,914.0
2018-08-14,1020.0,1012.0,488.0,1020,914.0
2018-08-15,1020.0,1012.0,488.0,1020,914.0
2018-08-16,1020.0,1012.0,488.0,1020,914.0
2018-08-17,1020.0,1012.0,488.0,1020,914.0
2018-08-20,1020.0,1012.0,488.0,1020,914.0
2018-08-21,1020.0,1012.0,488.0,1020,914.0
2018-08-22,1020.0,1012.0,488.0,1020,914.0
2018-08-23,1020.0,1012.0,488.0,1020,914.0
2018-08-24,1020.0,1012.0,488.0,1020,914.0
2018-08-27,1020.0,1012.0,488.0,1020,914.0
2018-08-28,1020.0,1012.0,488.0,1020,914.0
2018-08-29,1020.0,1012.0,488.0,1020,914.0
2018-08-30,1020.0,1012.0,488.0,1020,914.0
2018-08-31,1020.0,1012.0,488.0,1020,914.0
2018-09-03,1020.0,1012.0,488.0,1020,914.0
2018-09-04,1020.0,1012.0,488.0,1020,914.0
2018-09-05,1020.0,1012.0,488.0,1020,914.0
2018-09-06,1020.0,1012.0,488.0,1020,914.0
2018-09-07,1020.0,1012.0,488.0,1020,914.0
2018-09-10,1020.0,1012.0,488.0,1020,914.0
2018-09-11,1020.0,1012.0,488.0,1020,914.0
2018-09-12,1020.0,1012.0,488.0,1020,914.0
2018-09-13,1020.0,1012.0,488.0,1020,914.0
2018-09-14,1020.0,1012.0,488.0,1020,914.0
2018-09-17,1020.0,1012.0,488.0,1020,914.0
2018-09-18,1020.0,1012.0,488.0,1020,914.0
2018-09-19,1020.0,1012.0,488.0,1020,914.0
2018-09-20,1020.0,1012.0,488.0,1020,914.0
2018-09-21,1020.0,1012.0,488.0,1020,914.0
2018-09-24,1020.0,1012.0,488.0,1020,914.0
2018-09-25,1020.0,1012.0,488.0,1020,914.0
2018-09-26,1020.0,1012.0,488.0,1020,914.0
2018-09-27,1020.0,1012.0,488.0,1020,914.0
2018-09-28,1020.0,1012.0,488.0,1020,914.0
2018-10-01,1021.0,1013.0,489.0,1021,914.0
2018-10-02,1021.0,1013.0,489.0,1021,914.0
2018-10-03,1021.0,1013.0,489.0,1021,914.0
2018-10-04,1021.0,1013.0,489.0,1021,914.0
2018-10-05,1021.0,1013.0,489.0,1021,914.0
2018-10-08,1021.0,1013.0,489.0,1021,914.0
2018-10-09,1021.0,1013.0,489.0,1021,914.0
2018-10-10,1021.0,1013.0,489.0,1021,914.0
2018-10-11,1021.0,1013.0,489.0,1021,914.0
2018-10-12,1021.0,1013.0,489.0,1021,914.0
2018-10-15,1021.0,1013.0,489.0,1022,914.0
2018-10-16,1021.0,1013.0,489.0,1022,914.0
2018-10-17,1021.0,1013.0,489.0,1022,914.0
2018-10-18,1021.0,1013.0,489.0,1022,914.0
2018-10-19,1021.0,1013.0,489.0,1022,914.0
2018-10-22,1021.0,1013.0,489.0,1022,914.0
2018-10-23,1021.0,1013.0,489.0,1022,914.0
2018-10-24,1021.0,1013.0,489.0,1022,914.0
2018-10-25,1021.0,1013.0,489.0,1022,914.0
2018-10-26,1021.0,1013.0,489.0,1022,914.0
2018-10-29,1021.0,1013.0,489.0,1022,914.0
2018-10-30,1021.0,1013.0,489.0,1022,914.0
2018-10-31,1021.0,1013.0,489.0,1022,914.0
2018-11-01,1022.0,1014.0,490.0,1022,914.0
2018-11-02,1022.0,1014.0,490.0,1022,914.0
2018-11-05,1022.0,1014.0,490.0,1022,914.0
2018-11-06,1022.0,1014.0,490.0,1022,914.0
2018-11-07,1022.0,1014.0,490.0,1022,914.0
2018-11-08,1022.0,1014.0,490.0,1022,914.0
2018-11-09,1022.0,1014.0,490.0,1022,914.0
2018-11-12,1022.0,1014.0,490.0,1022,914.0
2018-11-13,1022.0,1014.0,490.0,1022,914.0
2018-11-14,1022.0,1014.0,490.0,1022,914.0
2018-11-15,1022.0,1014.0,490.0,1022,914.0
2018-11-16,1022.0,1014.0,490.0,1022,914.0
2018-11-19,1022.0,1014.0,490.0,1022,914.0
2018-11-20,1022.0,1014.0,490.0,1022,914.0
2018-11-21,1022.0,1014.0,490.0,1022,914.0
2018-11-22,1022.0,1014.0,490.0,1022,914.0
2018-11-23,1022.0,1014.0,490.0,1022,914.0
2018-11-26,1022.0,1014.0,490.0,1022,914.0
2018-11-27,1022.0,1014.0,490.0,1022,914.0
2018-11-28,1022.0,1014.0,490.0,1022,914.0
2018-11-29,1022.0,1014.0,490.0,1022,914.0
2018-11-30,1022.0,1014.0,490.0,1022,914.0
2018-12-03,1022.0,1014.0,490.0,1022,914.0
2018-12-04,1022.0,1014.0,490.0,1022,914.0
2018-12-05,1022.0,1014.0,490.0,1022,914.0
2018-12-06,1022.0,1014.0,490.0,1022,914.0
2018-12-07,1022.0,1014.0,490.0,1022,914.0
2018-12-10,1022.0,1014.0,490.0,1023,914.0
2018-12-11,1022.0,1014.0,490.0,1023,914.0
2018-12-12,1022.0,1014.0,490.0,1023,914.0
2018-12-13,1022.0,1014.0,490.0,1023,914.0
2018-12-14,1022.0,1014.0,490.0,1023,914.0
2018-12-17,1022.0,1014.0,490.0,1023,914.0
2018-12-18,1022.0,1014.0,490.0,1023,914.0
2018-12-19,1022.0,1014.0,490.0,1023,914.0
2018-12-20,1022.0,1014.0,490.0,1023,914.0
2018-12-21,1022.0,1014.0,490.0,1023,914.0
2018-12-24,1022.0,1014.0,490.0,1023,914.0
2018-12-25,1022.0,1014.0,490.0,1023,914.0
2018-12-26,1022.0,1014.0,490.0,1023,914.0
2018-12-27,1022.0,1014.0,490.0,1023,914.0
2018-12-28,1022.0,1014.0,490.0,1023,914.0
2018-12-31,1022.0,1014.0,490.0,1023,914.0
2019-01-01,1023.0,1015.0,490.0,1023,914.0
2019-01-02,1023.0,1015.0,490.0,1023,914.0
2019-01-03,1023.0,1015.0,490.0,1023,914.0
2019-01-04,1023.0,1015.0,490.0,1023,914.0
2019-01-07,1023.0,1015.0,490.0,1023,914.0
2019-01-08,1023.0,1015.0,490.0,1023,914.0
2019-01-09,1023.0,1015.0,490.0,1023,914.0
2019-01-10,1023.0,1015.0,490.0,1023,914.0
2019-01-11,1023.0,1015.0,490.0,1023,914.0
2019-01-14,1023.0,1015.0,490.0,1023,914.0
2019-01-15,1023.0,1015.0,490.0,1023,914.0
2019-01-16,1023.0,1015.0,490.0,1023,914.0
2019-01-17,1023.0,1015.0,490.0,1023,914.0
2019-01-18,1023.0,1015.0,490.0,1023,914.0
2019-01-21,1023.0,1015.0,490.0,1023,914.0
2019-01-22,1023.0,1015.0,490.0,1023,914.0
2019-01-23,1023.0,1015.0,490.0,1023,914.0
2019-01-24,1023.0,1015.0,490.0,1023,914.0
2019-01-25,1023.0,1015.0,490.0,1023,914.0
2019-01-28,1023.0,1015.0,490.0,1023,914.0
2019-01-29,1023.0,1015.0,490.0,1023,914.0
2019-01-30,1023.0,1015.0,490.0,1023,914.0
2019-01-31,1023.0,1015.0,490.0,1023,914.0
2019-02-01,1023.0,1015.0,490.0,1023,914.0
2019-02-04,1023.0,1015.0,490.0,1023,914.0
2019-02-05,1023.0,1015.0,490.0,1023,914.0
2019-02-06,1023.0,1015.0,490.0,1023,914.0
2019-02-07,1023.0,1015.0,490.0,1023,914.0
2019-02-08,1023.0,1015.0,490.0,1023,914.0
2019-02-11,1023.0,1015.0,490.0,1023,914.0
2019-02-12,1023.0,1015.0,490.0,1023,914.0
2019-02-13,1023.0,1015.0,490.0,1023,914.0
2019-02-14,1023.0,1015.0,490.0,1023,914.0
2019-02-15,1023.0,1015.0,490.0,1023,914.0
2019-02-18,1023.0,1015.0,490.0,1023,914.0
2019-02-19,1023.0,1015.0,490.0,1023,914.0
2019-02-20,1023.0,1015.0,490.0,1023,914.0
2019-02-21,1023.0,1015.0,490.0,1023,914.0
2019-02-22,1023.0,1015.0,490.0,1023,914.0
2019-02-25,1023.0,1015.0,490.0,1023,914.0
2019-02-26,1023.0,1015.0,490.0,1023,914.0
2019-02-27,1023.0,1015.0,490.0,1023,914.0
2019-02-28,1023.0,1015.0,490.0,1023,914.0
2019-03-01,1023.0,1015.0,490.0,1023,914.0
2019-03-04,1023.0,1015.0,490.0,1023,914.0
2019-03-05,1023.0,1015.0,490.0,1023,914.0
2019-03-06,1023.0,1015.0,490.0,1023,914.0
2019-03-07,1023.0,1015.0,490.0,1023,914.0
2019-03-08,1023.0,1015.0,490.0,1023,914.0
2019-03-11,1023.0,1015.0,490.0,1023,914.0
2019-03-12,1023.0,1015.0,490.0,1023,914.0
2019-03-13,1023.0,1015.0,490.0,1023,914.0
2019-03-14,1023.0,1015.0,490.0,1025,914.0
2019-03-15,1023.0,1015.0,490.0,1025,914.0
2019-03-18,1023.0,1015.0,490.0,1025,914.0
2019-03-19,1023.0,1015.0,490.0,1025,914.0
2019-03-20,1023.0,1015.0,490.0,1025,914.0
2019-03-21,1023.0,1015.0,490.0,1026,914.0
2019-03-22,1023.0,1015.0,490.0,1026,914.0
2019-03-25,1023.0,1015.0,490.0,1026,914.0
2019-03-26,1023.0,1015.0,490.0,1026,914.0
2019-03-27,1023.0,1015.0,490.0,1026,914.0
2019-03-28,1023.0,1015.0,490.0,1026,914.0
2019-03-29,1023.0,1015.0,490.0,1026,914.0
2019-04-01,1026.0,1018.0,491.0,1026,914.0
2019-04-02,1026.0,1018.0,491.0,1026,914.0
2019-04-03,1026.0,1018.0,491.0,1026,914.0
2019-04-04,1026.0,1018.0,491.0,1026,914.0
2019-04-05,1026.0,1018.0,491.0,1026,914.0
2019-04-08,1026.0,1018.0,491.0,1026,914.0
2019-04-09,1026.0,1018.0,491.0,1026,914.0
2019-04-10,1026.0,1018.0,491.0,1027,914.0
2019-04-11,1026.0,1018.0,491.0,1027,914.0
2019-04-12,1026.0,1018.0,491.0,1027,914.0
2019-04-15,1026.0,1018.0,491.0,1027,914.0
2019-04-16,1026.0,1018.0,491.0,1027,914.0
2019-04-17,1026.0,1018.0,491.0,1028,914.0
2019-04-18,1026.0,1018.0,491.0,1028,914.0
2019-04-19,1026.0,1018.0,491.0,1028,914.0
2019-04-22,1026.0,1018.0,491.0,1028,914.0
2019-04-23,1026.0,1018.0,491.0,1028,914.0
2019-04-24,1026.0,1018.0,491.0,1028,914.0
2019-04-25,1026.0,1018.0,491.0,1028,914.0
2019-04-26,1026.0,1018.0,491.0,1028,914.0
2019-04-29,1026.0,1018.0,491.0,1028,914.0
2019-04-30,1026.0,1018.0,491.0,1028,914.0
2019-05-01,1028.0,1020.0,492.0,1028,914.0
2019-05-02,1028.0,1020.0,492.0,1028,914.0
2019-05-03,1028.0,1020.0,492.0,1028,914.0
2019-05-06,1028.0,1020.0,492.0,1028,914.0
2019-05-07,1028.0,1020.0,492.0,1028,914.0
2019-05-08,1028.0,1020.0,492.0,1028,914.0
2019-05-09,1028.0,1020.0,492.0,1028,914.0
2019-05-10,1028.0,1020.0,492.0,1028,914.0
2019-05-13,1028.0,1020.0,492.0,1029,914.0
2019-05-14,1028.0,1020.0,492.0,1029,914.0
2019-05-15,1028.0,1020.0,492.0,1029,914.0
2019-05-16,1028.0,1020.0,492.0,1029,914.0
2019-05-17,1028.0,1020.0,492.0,1029,914.0
2019-05-20,1028.0,1020.0,492.0,1029,914.0
2019-05-21,1028.0,1020.0,492.0,1029,914.0
2019-05-22,1028.0,1020.0,492.0,1029,914.0
2019-05-23,1028.0,1020.0,492.0,1029,914.0
2019-05-24,1028.0,1020.0,492.0,1029,914.0
2019-05-27,1028.0,1020.0,492.0,1030,914.0
2019-05-28,1028.0,1020.0,492.0,1030,914.0
2019-05-29,1028.0,1020.0,492.0,1030,914.0
2019-05-30,1028.0,1020.0,492.0,1030,914.0
2019-05-31,1028.0,1020.0,492.0,1030,914.0
2019-06-03,1030.0,1022.0,493.0,1030,914.0
2019-06-04,1030.0,1022.0,493.0,1030,914.0
2019-06-05,1030.0,1022.0,493.0,1030,914.0
2019-06-06,1030.0,1022.0,493.0,1030,914.0
2019-06-07,1030.0,1022.0,493.0,1030,914.0
2019-06-10,1030.0,1022.0,493.0,1030,914.0
2019-06-11,1030.0,1022.0,493.0,1030,914.0
2019-06-12,1030.0,1022.0,493.0,1031,914.0
2019-06-13,1030.0,1022.0,493.0,1032,914.0
2019-06-14,1030.0,1022.0,493.0,1032,914.0
2019-06-17,1030.0,1022.0,493.0,1032,914.0
2019-06-18,1030.0,1022.0,493.0,1032,914.0
2019-06-19,1030.0,1022.0,493.0,1032,914.0
2019-06-20,1030.0,1022.0,493.0,1032,914.0
2019-06-21,1030.0,1022.0,493.0,1032,914.0
2019-06-24,1030.0,1022.0,493.0,1032,914.0
2019-06-25,1030.0,1022.0,493.0,1032,914.0
2019-06-26,1030.0,1022.0,493.0,1032,914.0
2019-06-27,1030.0,1022.0,493.0,1032,914.0
2019-06-28,1030.0,1022.0,493.0,1032,914.0
2019-07-01,1033.0,1024.0,494.0,1033,914.0
2019-07-02,1033.0,1024.0,494.0,1033,914.0
2019-07-03,1033.0,1024.0,494.0,1033,914.0
2019-07-04,1033.0,1024.0,494.0,1033,914.0
2019-07-05,1033.0,1024.0,494.0,1033,914.0
2019-07-08,1033.0,1024.0,494.0,1033,914.0
2019-07-09,1033.0,1024.0,494.0,1033,914.0
2019-07-10,1033.0,1024.0,494.0,1033,914.0
2019-07-11,1033.0,1024.0,494.0,1033,914.0
2019-07-12,1033.0,1024.0,494.0,1033,914.0
2019-07-15,1033.0,1024.0,494.0,1033,914.0
2019-07-16,1033.0,1024.0,494.0,1033,914.0
2019-07-17,1033.0,1024.0,494.0,1033,914.0
2019-07-18,1033.0,1024.0,494.0,1033,914.0
2019-07-19,1033.0,1024.0,494.0,1033,914.0
2019-07-22,1033.0,1024.0,494.0,1033,914.0
2019-07-23,1033.0,1024.0,494.0,1033,914.0
2019-07-24,1033.0,1024.0,494.0,1033,914.0
2019-07-25,1033.0,1024.0,494.0,1033,914.0
2019-07-26,1033.0,1024.0,494.0,1033,914.0
2019-07-29,1033.0,1024.0,494.0,1033,914.0
2019-07-30,1033.0,1024.0,494.0,1033,914.0
2019-07-31,1033.0,1024.0,494.0,1033,914.0
2019-08-01,1033.0,1024.0,494.0,1033,914.0
2019-08-02,1033.0,1024.0,494.0,1033,914.0
2019-08-05,1033.0,1024.0,494.0,1033,914.0
2019-08-06,1033.0,1024.0,494.0,1033,914.0
2019-08-07,1033.0,1024.0,494.0,1033,914.0
2019-08-08,1033.0,1024.0,494.0,1033,914.0
2019-08-09,1033.0,1024.0,494.0,1033,914.0
2019-08-12,1033.0,1024.0,494.0,1033,914.0
2019-08-13,1033.0,1024.0,494.0,1033,914.0
2019-08-14,1033.0,1024.0,494.0,1033,914.0
2019-08-15,1033.0,1024.0,494.0,1033,914.0
2019-08-16,1033.0,1024.0,494.0,1033,914.0
2019-08-19,1033.0,1024.0,494.0,1033,914.0
2019-08-20,1033.0,1024.0,494.0,1033,914.0
2019-08-21,1033.0,1024.0,494.0,1033,914.0
2019-08-22,1033.0,1024.0,494.0,1033,914.0
2019-08-23,1033.0,1024.0,494.0,1033,914.0
2019-08-26,1033.0,1024.0,494.0,1033,914.0
2019-08-27,1033.0,1024.0,494.0,1033,914.0
2019-08-28,1033.0,1024.0,494.0,1033,914.0
2019-08-29,1033.0,1024.0,494.0,1033,914.0
2019-08-30,1033.0,1024.0,494.0,1033,914.0
2019-09-02,1033.0,1024.0,494.0,1033,914.0
2019-09-03,1033.0,1024.0,494.0,1033,914.0
2019-09-04,1033.0,1024.0,494.0,1033,914.0
2019-09-05,1033.0,1024.0,494.0,1033,914.0
2019-09-06,1033.0,1024.0,494.0,1033,914.0
2019-09-09,1033.0,1024.0,494.0,1033,914.0
2019-09-10,1033.0,1024.0,494.0,1033,914.0
2019-09-11,1033.0,1024.0,494.0,1033,914.0
2019-09-12,1033.0,1024.0,494.0,1034,914.0
2019-09-13,1033.0,1024.0,494.0,1034,914.0
2019-09-16,1033.0,1024.0,494.0,1034,914.0
2019-09-17,1033.0,1024.0,494.0,1034,914.0
2019-09-18,1033.0,1024.0,494.0,1034,914.0
2019-09-19,1033.0,1024.0,494.0,1034,914.0
2019-09-20,1033.0,1024.0,494.0,1035,914.0
2019-09-23,1033.0,1024.0,494.0,1035,914.0
2019-09-24,1033.0,1024.0,494.0,1035,914.0
2019-09-25,1033.0,1024.0,494.0,1036,914.0
2019-09-26,1033.0,1024.0,494.0,1036,914.0
2019-09-27,1033.0,1024.0,494.0,1036,914.0
2019-09-30,1033.0,1024.0,494.0,1036,914.0
2019-10-01,1036.0,1027.0,495.0,1036,914.0
2019-10-02,1036.0,1027.0,495.0,1036,914.0
2019-10-03,1036.0,1027.0,495.0,1036,914.0
2019-10-04,1036.0,1027.0,495.0,1036,914.0
2019-10-07,1036.0,1027.0,495.0,1036,914.0
2019-10-08,1036.0,1027.0,495.0,1036,914.0
2019-10-09,1036.0,1027.0,495.0,1036,914.0
2019-10-10,1036.0,1027.0,495.0,1036,914.0
2019-10-11,1036.0,1027.0,495.0,1036,914.0
2019-10-14,1036.0,1027.0,495.0,1036,914.0
2019-10-15,1036.0,1027.0,495.0,1036,914.0
2019-10-16,1036.0,1027.0,495.0,1036,914.0
2019-10-17,1036.0,1027.0,495.0,1036,914.0
2019-10-18,1036.0,1027.0,495.0,1036,914.0
2019-10-21,1036.0,1027.0,495.0,1036,914.0
2019-10-22,1036.0,1027.0,495.0,1037,914.0
2019-10-23,1036.0,1027.0,495.0,1037,914.0
2019-10-24,1036.0,1027.0,495.0,1037,914.0
2019-10-25,1036.0,1027.0,495.0,1037,914.0
2019-10-28,1036.0,1027.0,495.0,1037,914.0
2019-10-29,1036.0,1027.0,495.0,1037,914.0
2019-10-30,1036.0,1027.0,495.0,1037,914.0
2019-10-31,1036.0,1027.0,495.0,1037,914.0
2019-11-01,1037.0,1028.0,496.0,1037,914.0
2019-11-04,1037.0,1028.0,496.0,1037,914.0
2019-11-05,1037.0,1028.0,496.0,1037,914.0
2019-11-06,1037.0,1028.0,496.0,1037,914.0
2019-11-07,1037.0,1028.0,496.0,1037,914.0
2019-11-08,1037.0,1028.0,496.0,1037,914.0
2019-11-11,1037.0,1028.0,496.0,1037,914.0
2019-11-12,1037.0,1028.0,496.0,1037,914.0
2019-11-13,1037.0,1028.0,496.0,1037,914.0
2019-11-14,1037.0,1028.0,496.0,1037,914.0
2019-11-15,1037.0,1028.0,496.0,1037,914.0
2019-11-18,1037.0,1028.0,496.0,1037,914.0
2019-11-19,1037.0,1028.0,496.0,1037,914.0
2019-11-20,1037.0,1028.0,496.0,1037,914.0
2019-11-21,1037.0,1028.0,496.0,1037,914.0
2019-11-22,1037.0,1028.0,496.0,1038,914.0
2019-11-25,1037.0,1028.0,496.0,1038,914.0
2019-11-26,1037.0,1028.0,496.0,1038,914.0
2019-11-27,1037.0,1028.0,496.0,1038,914.0
2019-11-28,1037.0,1028.0,496.0,1038,914.0
2019-11-29,1037.0,1028.0,496.0,1038,914.0
2019-12-02,1038.0,1029.0,497.0,1038,914.0
2019-12-03,1038.0,1029.0,497.0,1038,914.0
2019-12-04,1038.0,1029.0,497.0,1038,914.0
2019-12-05,1038.0,1029.0,497.0,1038,914.0
2019-12-06,1038.0,1029.0,497.0,1038,914.0
2019-12-09,1038.0,1029.0,497.0,1038,914.0
2019-12-10,1038.0,1029.0,497.0,1038,914.0
2019-12-11,1038.0,1029.0,497.0,1038,914.0
2019-12-12,1038.0,1029.0,497.0,1038,914.0
2019-12-13,1038.0,1029.0,497.0,1038,914.0
2019-12-16,1038.0,1029.0,497.0,1038,914.0
2019-12-17,1038.0,1029.0,497.0,1038,914.0
2019-12-18,1038.0,1029.0,497.0,1038,914.0
2019-12-19,1038.0,1029.0,497.0,1038,914.0
2019-12-20,1038.0,1029.0,497.0,1038,914.0
2019-12-23,1038.0,1029.0,497.0,1038,914.0
2019-12-24,1038.0,1029.0,497.0,1038,914.0
2019-12-25,1038.0,1029.0,497.0,1038,914.0
2019-12-26,1038.0,1029.0,497.0,1038,914.0
2019-12-27,1038.0,1029.0,497.0,1038,914.0
2019-12-30,1038.0,1029.0,497.0,1038,914.0
2019-12-31,1038.0,1029.0,497.0,1038,914.0
2020-01-01,1038.0,1029.0,497.0,1038,914.0
2020-01-02,1038.0,1029.0,497.0,1038,914.0
2020-01-03,1038.0,1029.0,497.0,1038,914.0
2020-01-06,1038.0,1029.0,497.0,1038,914.0
2020-01-07,1038.0,1029.0,497.0,1038,914.0
2020-01-08,1038.0,1029.0,497.0,1038,914.0
2020-01-09,1038.0,1029.0,497.0,1038,914.0
2020-01-10,1038.0,1029.0,497.0,1038,914.0
2020-01-13,1038.0,1029.0,497.0,1038,914.0
2020-01-14,1038.0,1029.0,497.0,1038,914.0
2020-01-15,1038.0,1029.0,497.0,1039,914.0
2020-01-16,1038.0,1029.0,497.0,1039,914.0
2020-01-17,1038.0,1029.0,497.0,1039,914.0
2020-01-20,1038.0,1029.0,497.0,1039,914.0
2020-01-21,1038.0,1029.0,497.0,1039,914.0
2020-01-22,1038.0,1029.0,497.0,1039,914.0
2020-01-23,1038.0,1029.0,497.0,1039,914.0
2020-01-24,1038.0,1029.0,497.0,1039,914.0
2020-01-27,1038.0,1029.0,497.0,1039,914.0
2020-01-28,1038.0,1029.0,497.0,1039,914.0
2020-01-29,1038.0,1029.0,497.0,1039,914.0
2020-01-30,1038.0,1029.0,497.0,1039,914.0
2020-01-31,1038.0,1029.0,497.0,1039,914.0
2020-02-03,1039.0,1030.0,497.0,1039,914.0
2020-02-04,1039.0,1030.0,497.0,1039,914.0
2020-02-05,1039.0,1030.0,497.0,1039,914.0
2020-02-06,1039.0,1030.0,497.0,1039,914.0
2020-02-07,1039.0,1030.0,497.0,1039,914.0
2020-02-10,1039.0,1030.0,497.0,1039,914.0
2020-02-11,1039.0,1030.0,497.0,1039,914.0
2020-02-12,1039.0,1030.0,497.0,1039,914.0
2020-02-13,1039.0,1030.0,497.0,1039,914.0
2020-02-14,1039.0,1030.0,497.0,1039,914.0
2020-02-17,1039.0,1030.0,497.0,1039,914.0
2020-02-18,1039.0,1030.0,497.0,1039,914.0
2020-02-19,1039.0,1030.0,497.0,1039,914.0
2020-02-20,1039.0,1030.0,497.0,1039,914.0
2020-02-21,1039.0,1030.0,497.0,1039,914.0
2020-02-24,1039.0,1030.0,497.0,1039,914.0
2020-02-25,1039.0,1030.0,497.0,1039,914.0
2020-02-26,1039.0,1030.0,497.0,1039,914.0
2020-02-27,1039.0,1030.0,497.0,1039,914.0
2020-02-28,1039.0,1030.0,497.0,1039,914.0
2020-03-02,1039.0,1030.0,497.0,1039,914.0
2020-03-03,1039.0,1030.0,497.0,1039,914.0
2020-03-04,1039.0,1030.0,497.0,1039,914.0
2020-03-05,1039.0,1030.0,497.0,1039,914.0
2020-03-06,1039.0,1030.0,497.0,1039,914.0
2020-03-09,1039.0,1030.0,497.0,1039,914.0
2020-03-10,1039.0,1030.0,497.0,1039,914.0
2020-03-11,1039.0,1030.0,497.0,1039,914.0
2020-03-12,1039.0,1030.0,497.0,1039,914.0
2020-03-13,1039.0,1030.0,497.0,1039,914.0
2020-03-16,1039.0,1030.0,497.0,1039,914.0
2020-03-17,1039.0,1030.0,497.0,1039,914.0
2020-03-18,1039.0,1030.0,497.0,1039,914.0
2020-03-19,1039.0,1030.0,497.0,1039,914.0
2020-03-20,1039.0,1030.0,497.0,1041,914.0
2020-03-23,1039.0,1030.0,497.0,1041,914.0
2020-03-24,1039.0,1030.0,497.0,1041,914.0
2020-03-25,1039.0,1030.0,497.0,1041,914.0
2020-03-26,1039.0,1030.0,497.0,1041,914.0
2020-03-27,1039.0,1030.0,497.0,1041,914.0
2020-03-30,1039.0,1030.0,497.0,1041,914.0
2020-03-31,1039.0,1030.0,497.0,1041,914.0
2020-04-01,1041.0,1032.0,497.0,1041,914.0
2020-04-02,1041.0,1032.0,497.0,1041,914.0
2020-04-03,1041.0,1032.0,497.0,1041,914.0
2020-04-06,1041.0,1032.0,497.0,1041,914.0
2020-04-07,1041.0,1032.0,497.0,1041,914.0
2020-04-08,1041.0,1032.0,497.0,1041,914.0
2020-04-09,1041.0,1032.0,497.0,1041,914.0
2020-04-10,1041.0,1032.0,497.0,1041,914.0
2020-04-13,1041.0,1032.0,497.0,1041,914.0
2020-04-14,1041.0,1032.0,497.0,1041,914.0
2020-04-15,1041.0,1032.0,497.0,1041,914.0
2020-04-16,1041.0,1032.0,497.0,1041,914.0
2020-04-17,1041.0,1032.0,497.0,1041,914.0
2020-04-20,1041.0,1032.0,497.0,1041,914.0
2020-04-21,1041.0,1032.0,497.0,1041,914.0
2020-04-22,1041.0,1032.0,497.0,1041,914.0
2020-04-23,1041.0,1032.0,497.0,1041,914.0
2020-04-24,1041.0,1032.0,497.0,1041,914.0
2020-04-27,1041.0,1032.0,497.0,1041,914.0
2020-04-28,1041.0,1032.0,497.0,1041,914.0
2020-04-29,1041.0,1032.0,497.0,1041,914.0
2020-04-30,1041.0,1032.0,497.0,1041,914.0
2020-05-01,1041.0,1032.0,497.0,1041,914.0
2020-05-04,1041.0,1032.0,497.0,1041,914.0
2020-05-05,1041.0,1032.0,497.0,1041,914.0
2020-05-06,1041.0,1032.0,497.0,1041,914.0
2020-05-07,1041.0,1032.0,497.0,1041,914.0
2020-05-08,1041.0,1032.0,497.0,1041,914.0
2020-05-11,1041.0,1032.0,497.0,1041,914.0
2020-05-12,1041.0,1032.0,497.0,1041,914.0
2020-05-13,1041.0,1032.0,497.0,1041,914.0
2020-05-14,1041.0,1032.0,497.0,1041,914.0
2020-05-15,1041.0,1032.0,497.0,1041,914.0
2020-05-18,1041.0,1032.0,497.0,1041,914.0
2020-05-19,1041.0,1032.0,497.0,1041,914.0
2020-05-20,1041.0,1032.0,497.0,1041,914.0
2020-05-21,1041.0,1032.0,497.0,1041,914.0
2020-05-22,1041.0,1032.0,497.0,1041,914.0
2020-05-25,1041.0,1032.0,497.0,1041,914.0
2020-05-26,1041.0,1032.0,497.0,1041,914.0
2020-05-27,1041.0,1032.0,497.0,1041,914.0
2020-05-28,1041.0,1032.0,497.0,1041,914.0
2020-05-29,1041.0,1032.0,497.0,1041,914.0
2020-06-01,1041.0,1032.0,497.0,1041,914.0
2020-06-02,1041.0,1032.0,497.0,1041,914.0
2020-06-03,1041.0,1032.0,497.0,1041,914.0
2020-06-04,1041.0,1032.0,497.0,1041,914.0
2020-06-05,1041.0,1032.0,497.0,1041,914.0
2020-06-08,1041.0,1032.0,497.0,1041,914.0
2020-06-09,1041.0,1032.0,497.0,1041,914.0
2020-06-10,1041.0,1032.0,497.0,1041,914.0
2020-06-11,1041.0,1032.0,497.0,1041,914.0
2020-06-12,1041.0,1032.0,497.0,1041,914.0
2020-06-15,1041.0,1032.0,497.0,1041,914.0
2020-06-16,1041.0,1032.0,497.0,1041,914.0
2020-06-17,1041.0,1032.0,497.0,1041,914.0
2020-06-18,1041.0,1032.0,497.0,1041,914.0
2020-06-19,1041.0,1032.0,497.0,1041,914.0
2020-06-22,1041.0,1032.0,497.0,1041,914.0
2020-06-23,1041.0,1032.0,497.0,1041,914.0
2020-06-24,1041.0,1032.0,497.0,1041,914.0
2020-06-25,1041.0,1032.0,497.0,1041,914.0
2020-06-26,1041.0,1032.0,497.0,1041,914.0
2020-06-29,1041.0,1032.0,497.0,1041,914.0
2020-06-30,1041.0,1032.0,497.0,1041,914.0
2020-07-01,1041.0,1032.0,497.0,1041,914.0
2020-07-02,1041.0,1032.0,497.0,1041,914.0
2020-07-03,1041.0,1032.0,497.0,1041,914.0
2020-07-06,1041.0,1032.0,497.0,1041,914.0
2020-07-07,1041.0,1032.0,497.0,1041,914.0
2020-07-08,1041.0,1032.0,497.0,1041,914.0
2020-07-09,1041.0,1032.0,497.0,1041,914.0
2020-07-10,1041.0,1032.0,497.0,1041,914.0
2020-07-13,1041.0,1032.0,497.0,1041,914.0
2020-07-14,1041.0,1032.0,497.0,1041,914.0
2020-07-15,1041.0,1032.0,497.0,1041,914.0
2020-07-16,1041.0,1032.0,497.0,1041,914.0
2020-07-17,1041.0,1032.0,497.0,1041,914.0
2020-07-20,1041.0,1032.0,497.0,1041,914.0
2020-07-21,1041.0,1032.0,497.0,1041,914.0
2020-07-22,1041.0,1032.0,497.0,1041,914.0
2020-07-23,1041.0,1032.0,497.0,1041,914.0
2020-07-24,1041.0,1032.0,497.0,1041,914.0
2020-07-27,1041.0,1032.0,497.0,1041,914.0
2020-07-28,1041.0,1032.0,497.0,1041,914.0
2020-07-29,1041.0,1032.0,497.0,1041,914.0
2020-07-30,1041.0,1032.0,497.0,1041,914.0
2020-07-31,1041.0,1032.0,497.0,1041,914.0
2020-08-03,1041.0,1032.0,497.0,1041,914.0
2020-08-04,1041.0,1032.0,497.0,1041,914.0
2020-08-05,1041.0,1032.0,497.0,1041,914.0
2020-08-06,1041.0,1032.0,497.0,1041,914.0
2020-08-07,1041.0,1032.0,497.0,1041,914.0
2020-08-10,1041.0,1032.0,497.0,1041,914.0
2020-08-11,1041.0,1032.0,497.0,1041,914.0
2020-08-12,1041.0,1032.0,497.0,1041,914.0
2020-08-13,1041.0,1032.0,497.0,1041,914.0
2020-08-14,1041.0,1032.0,497.0,1041,914.0
2020-08-17,1041.0,1032.0,497.0,1041,914.0
2020-08-18,1041.0,1032.0,497.0,1041,914.0
2020-08-19,1041.0,1032.0,497.0,1041,914.0
2020-08-20,1041.0,1032.0,497.0,1041,914.0
2020-08-21,1041.0,1032.0,497.0,1041,914.0
2020-08-24,1041.0,1032.0,497.0,1041,914.0
2020-08-25,1041.0,1032.0,497.0,1041,914.0
2020-08-26,1041.0,1032.0,497.0,1041,914.0
2020-08-27,1041.0,1032.0,497.0,1041,914.0
2020-08-28,1041.0,1032.0,497.0,1041,914.0
2020-08-31,1041.0,1032.0,497.0,1041,914.0
2020-09-01,1041.0,1032.0,497.0,1041,914.0
2020-09-02,1041.0,1032.0,497.0,1041,914.0
2020-09-03,1041.0,1032.0,497.0,1041,914.0
2020-09-04,1041.0,1032.0,497.0,1041,914.0
2020-09-07,1041.0,1032.0,497.0,1041,914.0
2020-09-08,1041.0,1032.0,497.0,1041,914.0
2020-09-09,1041.0,1032.0,497.0,1041,914.0
2020-09-10,1041.0,1032.0,497.0,1041,914.0
2020-09-11,1041.0,1032.0,497.0,1041,914.0
2020-09-14,1041.0,1032.0,497.0,1041,914.0
2020-09-15,1041.0,1032.0,497.0,1041,914.0
2020-09-16,1041.0,1032.0,497.0,1041,914.0
2020-09-17,1041.0,1032.0,497.0,1041,914.0
2020-09-18,1041.0,1032.0,497.0,1041,914.0
2020-09-21,1041.0,1032.0,497.0,1041,914.0
2020-09-22,1041.0,1032.0,497.0,1041,914.0
2020-09-23,1041.0,1032.0,497.0,1041,914.0
2020-09-24,1041.0,1032.0,497.0,1041,914.0
2020-09-25,1041.0,1032.0,497.0,1041,914.0
2020-09-28,1041.0,1032.0,497.0,1042,914.0
2020-09-29,1041.0,1032.0,497.0,1043,914.0
2020-09-30,1041.0,1032.0,497.0,1043,914.0
2020-10-01,1044.0,1034.0,498.0,1044,914.0
2020-10-02,1044.0,1034.0,498.0,1044,914.0
2020-10-05,1044.0,1034.0,498.0,1044,914.0
2020-10-06,1044.0,1034.0,498.0,1044,914.0
2020-10-07,1044.0,1034.0,498.0,1044,914.0
2020-10-08,1044.0,1034.0,498.0,1044,914.0
2020-10-09,1044.0,1034.0,498.0,1044,914.0
2020-10-12,1044.0,1034.0,498.0,1044,914.0
2020-10-13,1044.0,1034.0,498.0,1045,914.0
2020-10-14,1044.0,1034.0,498.0,1045,914.0
2020-10-15,1044.0,1034.0,498.0,1045,914.0
2020-10-16,1044.0,1034.0,498.0,1045,914.0
2020-10-19,1044.0,1034.0,498.0,1045,914.0
2020-10-20,1044.0,1034.0,498.0,1045,914.0
2020-10-21,1044.0,1034.0,498.0,1045,914.0
2020-10-22,1044.0,1034.0,498.0,1045,914.0
2020-10-23,1044.0,1034.0,498.0,1045,914.0
2020-10-26,1044.0,1034.0,498.0,1045,914.0
2020-10-27,1044.0,1034.0,498.0,1045,914.0
2020-10-28,1044.0,1034.0,498.0,1045,914.0
2020-10-29,1044.0,1034.0,498.0,1045,914.0
2020-10-30,1044.0,1034.0,498.0,1045,914.0
2020-11-02,1045.0,1035.0,498.0,1045,914.0
2020-11-03,1045.0,1035.0,498.0,1045,914.0
2020-11-04,1045.0,1035.0,498.0,1045,914.0
2020-11-05,1045.0,1035.0,498.0,1045,914.0
2020-11-06,1045.0,1035.0,498.0,1045,914.0
2020-11-09,1045.0,1035.0,498.0,1045,914.0
2020-11-10,1045.0,1035.0,498.0,1045,914.0
2020-11-11,1045.0,1035.0,498.0,1045,914.0
2020-11-12,1045.0,1035.0,498.0,1045,914.0
2020-11-13,1045.0,1035.0,498.0,1045,914.0
2020-11-16,1045.0,1035.0,498.0,1045,914.0
2020-11-17,1045.0,1035.0,498.0,1045,914.0
2020-11-18,1045.0,1035.0,498.0,1045,914.0
2020-11-19,1045.0,1035.0,498.0,1045,914.0
2020-11-20,1045.0,1035.0,498.0,1045,914.0
2020-11-23,1045.0,1035.0,498.0,1045,914.0
2020-11-24,1045.0,1035.0,498.0,1045,914.0
2020-11-25,1045.0,1035.0,498.0,1045,914.0
2020-11-26,1045.0,1035.0,498.0,1046,914.0
2020-11-27,1045.0,1035.0,498.0,1046,914.0
2020-11-30,1045.0,1035.0,498.0,1046,914.0
2020-12-01,1046.0,1036.0,498.0,1046,914.0
2020-12-02,1046.0,1036.0,498.0,1046,914.0
2020-12-03,1046.0,1036.0,498.0,1046,914.0
2020-12-04,1046.0,1036.0,498.0,1046,914.0
2020-12-07,1046.0,1036.0,498.0,1046,914.0
2020-12-08,1046.0,1036.0,498.0,1046,914.0
2020-12-09,1046.0,1036.0,498.0,1046,914.0
2020-12-10,1046.0,1036.0,498.0,1047,914.0
2020-12-11,1046.0,1036.0,498.0,1048,914.0
2020-12-14,1046.0,1036.0,498.0,1048,914.0
2020-12-15,1046.0,1036.0,498.0,1048,914.0
2020-12-16,1046.0,1036.0,498.0,1048,914.0
2020-12-17,1046.0,1036.0,498.0,1048,914.0
2020-12-18,1046.0,1036.0,498.0,1048,914.0
2020-12-21,1046.0,1036.0,498.0,1048,914.0
2020-12-22,1046.0,1036.0,498.0,1048,914.0
2020-12-23,1046.0,1036.0,498.0,1048,914.0
2020-12-24,1046.0,1036.0,498.0,1048,914.0
2020-12-25,1046.0,1036.0,498.0,1048,914.0
2020-12-28,1046.0,1036.0,498.0,1048,914.0
2020-12-29,1046.0,1036.0,498.0,1048,914.0
2020-12-30,1046.0,1036.0,498.0,1048,914.0
2020-12-31,1046.0,1036.0,498.0,1048,914.0
2021-01-01,1048.0,1038.0,498.0,1048,914.0
2021-01-04,1048.0,1038.0,498.0,1048,914.0
2021-01-05,1048.0,1038.0,498.0,1048,914.0
2021-01-06,1048.0,1038.0,498.0,1048,914.0
2021-01-07,1048.0,1038.0,498.0,1048,914.0
2021-01-08,1048.0,1038.0,498.0,1048,914.0
2021-01-11,1048.0,1038.0,498.0,1048,914.0
2021-01-12,1048.0,1038.0,498.0,1048,914.0
2021-01-13,1048.0,1038.0,498.0,1048,914.0
2021-01-14,1048.0,1038.0,498.0,1048,914.0
2021-01-15,1048.0,1038.0,498.0,1048,914.0
2021-01-18,1048.0,1038.0,498.0,1048,914.0
2021-01-19,1048.0,1038.0,498.0,1048,914.0
2021-01-20,1048.0,1038.0,498.0,1048,914.0
2021-01-21,1048.0,1038.0,498.0,1048,914.0
2021-01-22,1048.0,1038.0,498.0,1048,914.0
2021-01-25,1048.0,1038.0,498.0,1048,914.0
2021-01-26,1048.0,1038.0,498.0,1048,914.0
2021-01-27,1048.0,1038.0,498.0,1048,914.0
2021-01-28,1048.0,1038.0,498.0,1049,914.0
2021-01-29,1048.0,1038.0,498.0,1049,914.0
2021-02-01,1049.0,1039.0,498.0,1049,914.0
2021-02-02,1049.0,1039.0,498.0,1049,914.0
2021-02-03,1049.0,1039.0,498.0,1049,914.0
2021-02-04,1049.0,1039.0,498.0,1049,914.0
2021-02-05,1049.0,1039.0,498.0,1050,914.0
2021-02-08,1049.0,1039.0,498.0,1050,914.0
2021-02-09,1049.0,1039.0,498.0,1050,914.0
2021-02-10,1049.0,1039.0,498.0,1050,914.0
2021-02-11,1049.0,1039.0,498.0,1051,914.0
2021-02-12,1049.0,1039.0,498.0,1051,914.0
2021-02-15,1049.0,1039.0,498.0,1051,914.0
2021-02-16,1049.0,1039.0,498.0,1051,914.0
2021-02-17,1049.0,1039.0,498.0,1052,914.0
2021-02-18,1049.0,1039.0,498.0,1052,914.0
2021-02-19,1049.0,1039.0,498.0,1052,914.0
2021-02-22,1049.0,1039.0,498.0,1052,914.0
2021-02-23,1049.0,1039.0,498.0,1052,914.0
2021-02-24,1049.0,1039.0,498.0,1052,914.0
2021-02-25,1049.0,1039.0,498.0,1052,914.0
2021-02-26,1049.0,1039.0,498.0,1052,914.0
2021-03-01,1052.0,1042.0,499.0,1052,914.0
2021-03-02,1052.0,1042.0,499.0,1052,914.0
2021-03-03,1052.0,1042.0,499.0,1052,914.0
2021-03-04,1052.0,1042.0,499.0,1052,914.0
2021-03-05,1052.0,1042.0,499.0,1052,914.0
2021-03-08,1052.0,1042.0,499.0,1052,914.0
2021-03-09,1052.0,1042.0,499.0,1052,914.0
2021-03-10,1052.0,1042.0,499.0,1052,914.0
2021-03-11,1052.0,1042.0,499.0,1052,914.0
2021-03-12,1052.0,1042.0,499.0,1052,914.0
2021-03-15,1052.0,1042.0,499.0,1052,914.0
2021-03-16,1052.0,1042.0,499.0,1052,914.0
2021-03-17,1052.0,1042.0,499.0,1052,914.0
2021-03-18,1052.0,1042.0,499.0,1052,914.0
2021-03-19,1052.0,1042.0,499.0,1052,914.0
2021-03-22,1052.0,1042.0,499.0,1052,914.0
2021-03-23,1052.0,1042.0,499.0,1052,914.0
2021-03-24,1052.0,1042.0,499.0,1052,914.0
2021-03-25,1052.0,1042.0,499.0,1052,914.0
2021-03-26,1052.0,1042.0,499.0,1052,914.0
2021-03-29,1052.0,1042.0,499.0,1052,914.0
2021-03-30,1052.0,1042.0,499.0,1052,914.0
2021-03-31,1052.0,1042.0,499.0,1052,914.0
2021-04-01,1052.0,1042.0,499.0,1052,914.0
2021-04-02,1052.0,1042.0,499.0,1052,914.0
2021-04-05,1052.0,1042.0,499.0,1052,914.0
2021-04-06,1052.0,1042.0,499.0,1052,914.0
2021-04-07,1052.0,1042.0,499.0,1052,914.0
2021-04-08,1052.0,1042.0,499.0,1052,914.0
2021-04-09,1052.0,1042.0,499.0,1052,914.0
2021-04-12,1052.0,1042.0,499.0,1052,914.0
2021-04-13,1052.0,1042.0,499.0,1052,914.0
2021-04-14,1052.0,1042.0,499.0,1052,914.0
2021-04-15,1052.0,1042.0,499.0,1053,914.0
2021-04-16,1052.0,1042.0,499.0,1054,914.0
2021-04-19,1052.0,1042.0,499.0,1054,914.0
2021-04-20,1052.0,1042.0,499.0,1054,914.0
2021-04-21,1052.0,1042.0,499.0,1054,914.0
2021-04-22,1052.0,1042.0,499.0,1054,914.0
2021-04-23,1052.0,1042.0,499.0,1054,914.0
2021-04-26,1052.0,1042.0,499.0,1055,914.0
2021-04-27,1052.0,1042.0,499.0,1055,914.0
2021-04-28,1052.0,1042.0,499.0,1055,914.0
2021-04-29,1052.0,1042.0,499.0,1055,914.0
2021-04-30,1052.0,1042.0,499.0,1055,914.0
2021-05-03,1055.0,1045.0,499.0,1055,914.0
2021-05-04,1055.0,1045.0,499.0,1055,914.0
2021-05-05,1055.0,1045.0,499.0,1055,914.0
2021-05-06,1055.0,1045.0,499.0,1055,914.0
2021-05-07,1055.0,1045.0,499.0,1055,914.0
2021-05-10,1055.0,1045.0,499.0,1055,914.0
2021-05-11,1055.0,1045.0,499.0,1055,914.0
2021-05-12,1055.0,1045.0,499.0,1055,914.0
2021-05-13,1055.0,1045.0,499.0,1055,914.0
2021-05-14,1055.0,1045.0,499.0,1055,914.0
2021-05-17,1055.0,1045.0,499.0,1055,914.0
2021-05-18,1055.0,1045.0,499.0,1055,914.0
2021-05-19,1055.0,1045.0,499.0,1055,914.0
2021-05-20,1055.0,1045.0,499.0,1055,914.0
2021-05-21,1055.0,1045.0,499.0,1055,914.0
2021-05-24,1055.0,1045.0,499.0,1055,914.0
2021-05-25,1055.0,1045.0,499.0,1055,914.0
2021-05-26,1055.0,1045.0,499.0,1055,914.0
2021-05-27,1055.0,1045.0,499.0,1055,914.0
2021-05-28,1055.0,1045.0,499.0,1055,914.0
2021-05-31,1055.0,1045.0,499.0,1055,914.0
2021-06-01,1055.0,1045.0,499.0,1055,914.0
2021-06-02,1055.0,1045.0,499.0,1055,914.0
2021-06-03,1055.0,1045.0,499.0,1055,914.0
2021-06-04,1055.0,1045.0,499.0,1055,914.0
2021-06-07,1055.0,1045.0,499.0,1055,914.0
2021-06-08,1055.0,1045.0,499.0,1055,914.0
2021-06-09,1055.0,1045.0,499.0,1055,914.0
2021-06-10,1055.0,1045.0,499.0,1055,914.0
2021-06-11,1055.0,1045.0,499.0,1055,914.0
2021-06-14,1055.0,1045.0,499.0,1055,914.0
2021-06-15,1055.0,1045.0,499.0,1055,914.0
2021-06-16,1055.0,1045.0,499.0,1055,914.0
2021-06-17,1055.0,1045.0,499.0,1055,914.0
2021-06-18,1055.0,1045.0,499.0,1055,914.0
2021-06-21,1055.0,1045.0,499.0,1055,914.0
2021-06-22,1055.0,1045.0,499.0,1055,914.0
2021-06-23,1055.0,1045.0,499.0,1055,914.0
2021-06-24,1055.0,1045.0,499.0,1055,914.0
2021-06-25,1055.0,1045.0,499.0,1055,914.0
2021-06-28,1055.0,1045.0,499.0,1055,914.0
2021-06-29,1055.0,1045.0,499.0,1055,914.0
2021-06-30,1055.0,1045.0,499.0,1055,914.0
2021-07-01,1055.0,1045.0,499.0,1055,914.0
2021-07-02,1055.0,1045.0,499.0,1055,914.0
2021-07-05,1055.0,1045.0,499.0,1055,914.0
2021-07-06,1055.0,1045.0,499.0,1055,914.0
2021-07-07,1055.0,1045.0,499.0,1055,914.0
2021-07-08,1055.0,1045.0,499.0,1056,914.0
2021-07-09,1055.0,1045.0,499.0,1056,914.0
2021-07-12,1055.0,1045.0,499.0,1056,914.0
2021-07-13,1055.0,1045.0,499.0,1056,914.0
2021-07-14,1055.0,1045.0,499.0,1056,914.0
2021-07-15,1055.0,1045.0,499.0,1056,914.0
2021-07-16,1055.0,1045.0,499.0,1056,914.0
2021-07-19,1055.0,1045.0,499.0,1056,914.0
2021-07-20,1055.0,1045.0,499.0,1056,914.0
2021-07-21,1055.0,1045.0,499.0,1056,914.0
2021-07-22,1055.0,1045.0,499.0,1057,914.0
2021-07-23,1055.0,1045.0,499.0,1057,914.0
2021-07-26,1055.0,1045.0,499.0,1057,914.0
2021-07-27,1055.0,1045.0,499.0,1057,914.0
2021-07-28,1055.0,1045.0,499.0,1057,914.0
2021-07-29,1055.0,1045.0,499.0,1057,914.0
2021-07-30,1055.0,1045.0,499.0,1058,914.0
2021-08-02,1058.0,1048.0,499.0,1058,914.0
2021-08-03,1058.0,1048.0,499.0,1058,914.0
2021-08-04,1058.0,1048.0,499.0,1058,914.0
2021-08-05,1058.0,1048.0,499.0,1058,914.0
2021-08-06,1058.0,1048.0,499.0,1058,914.0
2021-08-09,1058.0,1048.0,499.0,1058,914.0
2021-08-10,1058.0,1048.0,499.0,1058,914.0
2021-08-11,1058.0,1048.0,499.0,1058,914.0
2021-08-12,1058.0,1048.0,499.0,1058,914.0
2021-08-13,1058.0,1048.0,499.0,1058,914.0
2021-08-16,1058.0,1048.0,499.0,1058,914.0
2021-08-17,1058.0,1048.0,499.0,1058,914.0
2021-08-18,1058.0,1048.0,499.0,1058,914.0
2021-08-19,1058.0,1048.0,499.0,1058,914.0
2021-08-20,1058.0,1048.0,499.0,1058,914.0
2021-08-23,1058.0,1048.0,499.0,1058,914.0
2021-08-24,1058.0,1048.0,499.0,1058,914.0
2021-08-25,1058.0,1048.0,499.0,1058,914.0
2021-08-26,1058.0,1048.0,499.0,1058,914.0
2021-08-27,1058.0,1048.0,499.0,1058,914.0
2021-08-30,1058.0,1048.0,499.0,1058,914.0
2021-08-31,1058.0,1048.0,499.0,1058,914.0
2021-09-01,1058.0,1048.0,499.0,1058,914.0
2021-09-02,1058.0,1048.0,499.0,1058,914.0
2021-09-03,1058.0,1048.0,499.0,1058,914.0
2021-09-06,1058.0,1048.0,499.0,1058,914.0
2021-09-07,1058.0,1048.0,499.0,1058,914.0
2021-09-08,1058.0,1048.0,499.0,1058,914.0
2021-09-09,1058.0,1048.0,499.0,1058,914.0
2021-09-10,1058.0,1048.0,499.0,1058,914.0
2021-09-13,1058.0,1048.0,499.0,1058,914.0
2021-09-14,1058.0,1048.0,499.0,1058,914.0
2021-09-15,1058.0,1048.0,499.0,1058,914.0
2021-09-16,1058.0,1048.0,499.0,1058,914.0
2021-09-17,1058.0,1048.0,499.0,1058,914.0
2021-09-20,1058.0,1048.0,499.0,1058,914.0
2021-09-21,1058.0,1048.0,499.0,1058,914.0
2021-09-22,1058.0,1048.0,499.0,1059,914.0
2021-09-23,1058.0,1048.0,499.0,1059,914.0
2021-09-24,1058.0,1048.0,499.0,1059,914.0
2021-09-27,1058.0,1048.0,499.0,1059,914.0
2021-09-28,1058.0,1048.0,499.0,1059,914.0
2021-09-29,1058.0,1048.0,499.0,1059,914.0
2021-09-30,1058.0,1048.0,499.0,1059,914.0
2021-10-01,1059.0,1049.0,499.0,1059,914.0
2021-10-04,1059.0,1049.0,499.0,1059,914.0
2021-10-05,1059.0,1049.0,499.0,1059,914.0
2021-10-06,1059.0,1049.0,499.0,1059,914.0
2021-10-07,1059.0,1049.0,499.0,1059,914.0
2021-10-08,1059.0,1049.0,499.0,1059,914.0
2021-10-11,1059.0,1049.0,499.0,1059,914.0
2021-10-12,1059.0,1049.0,499.0,1059,914.0
2021-10-13,1059.0,1049.0,499.0,1059,914.0
2021-10-14,1059.0,1049.0,499.0,1059,914.0
2021-10-15,1059.0,1049.0,499.0,1059,914.0
2021-10-18,1059.0,1049.0,499.0,1059,914.0
2021-10-19,1059.0,1049.0,499.0,1059,914.0
2021-10-20,1059.0,1049.0,499.0,1059,914.0
2021-10-21,1059.0,1049.0,499.0,1059,914.0
2021-10-22,1059.0,1049.0,499.0,1059,914.0
2021-10-25,1059.0,1049.0,499.0,1059,914.0
2021-10-26,1059.0,1049.0,499.0,1059,914.0
2021-10-27,1059.0,1049.0,499.0,1059,914.0
2021-10-28,1059.0,1049.0,499.0,1059,914.0
2021-10-29,1059.0,1049.0,499.0,1059,914.0
2021-11-01,1059.0,1049.0,499.0,1059,914.0
2021-11-02,1059.0,1049.0,499.0,1059,914.0
2021-11-03,1059.0,1049.0,499.0,1059,914.0
2021-11-04,1059.0,1049.0,499.0,1059,914.0
2021-11-05,1059.0,1049.0,499.0,1059,914.0
2021-11-08,1059.0,1049.0,499.0,1059,914.0
2021-11-09,1059.0,1049.0,499.0,1059,914.0
2021-11-10,1059.0,1049.0,499.0,1059,914.0
2021-11-11,1059.0,1049.0,499.0,1059,914.0
2021-11-12,1059.0,1049.0,499.0,1059,914.0
2021-11-15,1059.0,1049.0,499.0,1059,914.0
2021-11-16,1059.0,1049.0,499.0,1059,914.0
2021-11-17,1059.0,1049.0,499.0,1059,914.0
2021-11-18,1059.0,1049.0,499.0,1059,914.0
2021-11-19,1059.0,1049.0,499.0,1059,914.0
2021-11-22,1059.0,1049.0,499.0,1059,914.0
2021-11-23,1059.0,1049.0,499.0,1059,914.0
2021-11-24,1059.0,1049.0,499.0,1059,914.0
2021-11-25,1059.0,1049.0,499.0,1059,914.0
2021-11-26,1059.0,1049.0,499.0,1059,914.0
2021-11-29,1059.0,1049.0,499.0,1059,914.0
2021-11-30,1059.0,1049.0,499.0,1059,914.0
2021-12-01,1059.0,1049.0,499.0,1059,914.0
2021-12-02,1059.0,1049.0,499.0,1059,914.0
2021-12-03,1059.0,1049.0,499.0,1059,914.0
2021-12-06,1059.0,1049.0,499.0,1059,914.0
2021-12-07,1059.0,1049.0,499.0,1059,914.0
2021-12-08,1059.0,1049.0,499.0,1059,914.0
2021-12-09,1059.0,1049.0,499.0,1059,914.0
2021-12-10,1059.0,1049.0,499.0,1059,914.0
2021-12-13,1059.0,1049.0,499.0,1060,914.0
2021-12-14,1059.0,1049.0,499.0,1060,914.0
2021-12-15,1059.0,1049.0,499.0,1060,914.0
2021-12-16,1059.0,1049.0,499.0,1060,914.0
2021-12-17,1059.0,1049.0,499.0,1060,914.0
2021-12-20,1059.0,1049.0,499.0,1060,914.0
2021-12-21,1059.0,1049.0,499.0,1060,914.0
2021-12-22,1059.0,1049.0,499.0,1060,914.0
2021-12-23,1059.0,1049.0,499.0,1060,914.0
2021-12-24,1059.0,1049.0,499.0,1060,914.0
2021-12-27,1059.0,1049.0,499.0,1060,914.0
2021-12-28,1059.0,1049.0,499.0,1060,914.0
2021-12-29,1059.0,1049.0,499.0,1060,914.0
2021-12-30,1059.0,1049.0,499.0,1060,914.0
2021-12-31,1059.0,1049.0,499.0,1060,914.0
2022-01-03,1060.0,1050.0,500.0,1060,914.0
2022-01-04,1060.0,1050.0,500.0,1061,914.0
2022-01-05,1060.0,1050.0,500.0,1061,914.0
2022-01-06,1060.0,1050.0,500.0,1061,914.0
2022-01-07,1060.0,1050.0,500.0,1061,914.0
2022-01-10,1060.0,1050.0,500.0,1061,914.0
2022-01-11,1060.0,1050.0,500.0,1061,914.0
2022-01-12,1060.0,1050.0,500.0,1061,914.0
2022-01-13,1060.0,1050.0,500.0,1061,914.0
2022-01-14,1060.0,1050.0,500.0,1061,914.0
2022-01-17,1060.0,1050.0,500.0,1061,914.0
2022-01-18,1060.0,1050.0,500.0,1061,914.0
2022-01-19,1060.0,1050.0,500.0,1061,914.0
2022-01-20,1060.0,1050.0,500.0,1062,914.0
2022-01-21,1060.0,1050.0,500.0,1062,914.0
2022-01-24,1060.0,1050.0,500.0,1062,914.0
2022-01-25,1060.0,1050.0,500.0,1062,914.0
2022-01-26,1060.0,1050.0,500.0,1062,914.0
2022-01-27,1060.0,1050.0,500.0,1062,914.0
2022-01-28,1060.0,1050.0,500.0,1062,914.0
2022-01-31,1060.0,1050.0,500.0,1062,914.0
2022-02-01,1062.0,1052.0,500.0,1062,914.0
2022-02-02,1062.0,1052.0,500.0,1062,914.0
2022-02-03,1062.0,1052.0,500.0,1062,914.0
2022-02-04,1062.0,1052.0,500.0,1062,914.0
2022-02-07,1062.0,1052.0,500.0,1062,914.0
2022-02-08,1062.0,1052.0,500.0,1062,914.0
2022-02-09,1062.0,1052.0,500.0,1062,914.0
2022-02-10,1062.0,1052.0,500.0,1062,914.0
2022-02-11,1062.0,1052.0,500.0,1062,914.0
2022-02-14,1062.0,1052.0,500.0,1062,914.0
2022-02-15,1062.0,1052.0,500.0,1062,914.0
2022-02-16,1062.0,1052.0,500.0,1063,914.0
2022-02-17,1062.0,1052.0,500.0,1064,914.0
2022-02-18,1062.0,1052.0,500.0,1064,914.0
2022-02-21,1062.0,1052.0,500.0,1064,914.0
2022-02-22,1062.0,1052.0,500.0,1064,914.0
2022-02-23,1062.0,1052.0,500.0,1064,914.0
2022-02-24,1062.0,1052.0,500.0,1064,914.0
2022-02-25,1062.0,1052.0,500.0,1064,914.0
2022-02-28,1062.0,1052.0,500.0,1064,914.0
2022-03-01,1064.0,1054.0,500.0,1064,914.0
2022-03-02,1064.0,1054.0,500.0,1064,914.0
2022-03-03,1064.0,1054.0,500.0,1064,914.0
2022-03-04,1064.0,1054.0,500.0,1064,914.0
2022-03-07,1064.0,1054.0,500.0,1064,914.0
2022-03-08,1064.0,1054.0,500.0,1064,914.0
2022-03-09,1064.0,1054.0,500.0,1064,914.0
2022-03-10,1064.0,1054.0,500.0,1064,914.0
2022-03-11,1064.0,1054.0,500.0,1064,914.0
2022-03-14,1064.0,1054.0,500.0,1064,914.0
2022-03-15,1064.0,1054.0,500.0,1064,914.0
2022-03-16,1064.0,1054.0,500.0,1064,914.0
2022-03-17,1064.0,1054.0,500.0,1064,914.0
2022-03-18,1064.0,1054.0,500.0,1064,914.0
2022-03-21,1064.0,1054.0,500.0,1064,914.0
2022-03-22,1064.0,1054.0,500.0,1064,914.0
2022-03-23,1064.0,1054.0,500.0,1064,914.0
2022-03-24,1064.0,1054.0,500.0,1064,914.0
2022-03-25,1064.0,1054.0,500.0,1064,914.0
2022-03-28,1064.0,1054.0,500.0,1064,914.0
2022-03-29,1064.0,1054.0,500.0,1064,914.0
2022-03-30,1064.0,1054.0,500.0,1064,914.0
2022-03-31,1064.0,1054.0,500.0,1064,914.0
2022-04-01,1064.0,1054.0,500.0,1064,914.0
2022-04-04,1064.0,1054.0,500.0,1064,914.0
2022-04-05,1064.0,1054.0,500.0,1064,914.0
2022-04-06,1064.0,1054.0,500.0,1064,914.0
2022-04-07,1064.0,1054.0,500.0,1064,914.0
2022-04-08,1064.0,1054.0,500.0,1064,914.0
2022-04-11,1064.0,1054.0,500.0,1064,914.0
2022-04-12,1064.0,1054.0,500.0,1064,914.0
2022-04-13,1064.0,1054.0,500.0,1064,914.0
2022-04-14,1064.0,1054.0,500.0,1064,914.0
2022-04-15,1064.0,1054.0,500.0,1064,914.0
2022-04-18,1064.0,1054.0,500.0,1064,914.0
2022-04-19,1064.0,1054.0,500.0,1064,914.0
2022-04-20,1064.0,1054.0,500.0,1064,914.0
2022-04-21,1064.0,1054.0,500.0,1064,914.0
2022-04-22,1064.0,1054.0,500.0,1064,914.0
2022-04-25,1064.0,1054.0,500.0,1064,914.0
2022-04-26,1064.0,1054.0,500.0,1064,914.0
2022-04-27,1064.0,1054.0,500.0,1064,914.0
2022-04-28,1064.0,1054.0,500.0,1064,914.0
2022-04-29,1064.0,1054.0,500.0,1064,914.0
2022-05-02,1064.0,1054.0,500.0,1064,914.0
2022-05-03,1064.0,1054.0,500.0,1064,914.0
2022-05-04,1064.0,1054.0,500.0,1064,914.0
2022-05-05,1064.0,1054.0,500.0,1064,914.0
2022-05-06,1064.0,1054.0,500.0,1064,914.0
2022-05-09,1064.0,1054.0,500.0,1064,914.0
2022-05-10,1064.0,1054.0,500.0,1064,914.0
2022-05-11,1064.0,1054.0,500.0,1064,914.0
2022-05-12,1064.0,1054.0,500.0,1064,914.0
2022-05-13,1064.0,1054.0,500.0,1064,914.0
2022-05-16,1064.0,1054.0,500.0,1064,914.0
2022-05-17,1064.0,1054.0,500.0,1064,914.0
2022-05-18,1064.0,1054.0,500.0,1064,914.0
2022-05-19,1064.0,1054.0,500.0,1064,914.0
2022-05-20,1064.0,1054.0,500.0,1064,914.0
2022-05-23,1064.0,1054.0,500.0,1064,914.0
2022-05-24,1064.0,1054.0,500.0,1064,914.0
2022-05-25,1064.0,1054.0,500.0,1064,914.0
2022-05-26,1064.0,1054.0,500.0,1064,914.0
2022-05-27,1064.0,1054.0,500.0,1064,914.0
2022-05-30,1064.0,1054.0,500.0,1064,914.0
2022-05-31,1064.0,1054.0,500.0,1064,914.0
2022-06-01,1064.0,1054.0,500.0,1064,914.0
2022-06-02,1064.0,1054.0,500.0,1064,914.0
2022-06-03,1064.0,1054.0,500.0,1064,914.0
2022-06-06,1064.0,1054.0,500.0,1064,914.0
2022-06-07,1064.0,1054.0,500.0,1064,914.0
2022-06-08,1064.0,1054.0,500.0,1064,914.0
2022-06-09,1064.0,1054.0,500.0,1064,914.0
2022-06-10,1064.0,1054.0,500.0,1064,914.0
2022-06-13,1064.0,1054.0,500.0,1064,914.0
2022-06-14,1064.0,1054.0,500.0,1064,914.0
2022-06-15,1064.0,1054.0,500.0,1064,914.0
2022-06-16,1064.0,1054.0,500.0,1064,914.0
2022-06-17,1064.0,1054.0,500.0,1064,914.0
2022-06-20,1064.0,1054.0,500.0,1064,914.0
2022-06-21,1064.0,1054.0,500.0,1064,914.0
2022-06-22,1064.0,1054.0,500.0,1064,914.0
2022-06-23,1064.0,1054.0,500.0,1064,914.0
2022-06-24,1064.0,1054.0,500.0,1064,914.0
2022-06-27,1064.0,1054.0,500.0,1064,914.0
2022-06-28,1064.0,1054.0,500.0,1064,914.0
2022-06-29,1064.0,1054.0,500.0,1064,914.0
2022-06-30,1064.0,1054.0,500.0,1064,914.0
2022-07-01,1064.0,1054.0,500.0,1064,914.0
2022-07-04,1064.0,1054.0,500.0,1064,914.0
2022-07-05,1064.0,1054.0,500.0,1064,914.0
2022-07-06,1064.0,1054.0,500.0,1064,914.0
2022-07-07,1064.0,1054.0,500.0,1064,914.0
2022-07-08,1064.0,1054.0,500.0,1064,914.0
2022-07-11,1064.0,1054.0,500.0,1064,914.0
2022-07-12,1064.0,1054.0,500.0,1064,914.0
2022-07-13,1064.0,1054.0,500.0,1064,914.0
2022-07-14,1064.0,1054.0,500.0,1064,914.0
2022-07-15,1064.0,1054.0,500.0,1064,914.0
2022-07-18,1064.0,1054.0,500.0,1064,914.0
2022-07-19,1064.0,1054.0,500.0,1065,914.0
2022-07-20,1064.0,1054.0,500.0,1065,914.0
2022-07-21,1064.0,1054.0,500.0,1065,914.0
2022-07-22,1064.0,1054.0,500.0,1065,914.0
2022-07-25,1064.0,1054.0,500.0,1065,914.0
2022-07-26,1064.0,1054.0,500.0,1065,914.0
2022-07-27,1064.0,1054.0,500.0,1065,914.0
2022-07-28,1064.0,1054.0,500.0,1065,914.0
2022-07-29,1064.0,1054.0,500.0,1065,914.0
2022-08-01,1065.0,1055.0,500.0,1065,914.0
2022-08-02,1065.0,1055.0,500.0,1065,914.0
2022-08-03,1065.0,1055.0,500.0,1065,914.0
2022-08-04,1065.0,1055.0,500.0,1065,914.0
2022-08-05,1065.0,1055.0,500.0,1065,914.0
2022-08-08,1065.0,1055.0,500.0,1065,914.0
2022-08-09,1065.0,1055.0,500.0,1065,914.0
2022-08-10,1065.0,1055.0,500.0,1065,914.0
2022-08-11,1065.0,1055.0,500.0,1065,914.0
2022-08-12,1065.0,1055.0,500.0,1065,914.0
2022-08-15,1065.0,1055.0,500.0,1066,914.0
2022-08-16,1065.0,1055.0,500.0,1066,914.0
2022-08-17,1065.0,1055.0,500.0,1066,914.0
2022-08-18,1065.0,1055.0,500.0,1066,914.0
2022-08-19,1065.0,1055.0,500.0,1066,914.0
2022-08-22,1065.0,1055.0,500.0,1066,914.0
2022-08-23,1065.0,1055.0,500.0,1066,914.0
2022-08-24,1065.0,1055.0,500.0,1066,914.0
2022-08-25,1065.0,1055.0,500.0,1066,914.0
2022-08-26,1065.0,1055.0,500.0,1066,914.0
2022-08-29,1065.0,1055.0,500.0,1066,914.0
2022-08-30,1065.0,1055.0,500.0,1066,914.0
2022-08-31,1065.0,1055.0,500.0,1066,914.0
2022-09-01,1066.0,1056.0,500.0,1066,914.0
2022-09-02,1066.0,1056.0,500.0,1066,914.0
2022-09-05,1066.0,1056.0,500.0,1066,914.0
2022-09-06,1066.0,1056.0,500.0,1066,914.0
2022-09-07,1066.0,1056.0,500.0,1066,914.0
2022-09-08,1066.0,1056.0,500.0,1066,914.0
2022-09-09,1066.0,1056.0,500.0,1066,914.0
2022-09-12,1066.0,1056.0,500.0,1066,914.0
2022-09-13,1066.0,1056.0,500.0,1066,914.0
2022-09-14,1066.0,1056.0,500.0,1066,914.0
2022-09-15,1066.0,1056.0,500.0,1066,914.0
2022-09-16,1066.0,1056.0,500.0,1066,914.0
2022-09-19,1066.0,1056.0,500.0,1066,914.0
2022-09-20,1066.0,1056.0,500.0,1066,914.0
2022-09-21,1066.0,1056.0,500.0,1066,914.0
2022-09-22,1066.0,1056.0,500.0,1066,914.0
2022-09-23,1066.0,1056.0,500.0,1066,914.0
2022-09-26,1066.0,1056.0,500.0,1066,914.0
2022-09-27,1066.0,1056.0,500.0,1066,914.0
2022-09-28,1066.0,1056.0,500.0,1066,914.0
2022-09-29,1066.0,1056.0,500.0,1066,914.0
2022-09-30,1066.0,1056.0,500.0,1067,914.0
2022-10-03,1067.0,1057.0,501.0,1067,914.0
2022-10-04,1067.0,1057.0,501.0,1068,914.0
2022-10-05,1067.0,1057.0,501.0,1068,914.0
2022-10-06,1067.0,1057.0,501.0,1068,914.0
2022-10-07,1067.0,1057.0,501.0,1068,914.0
2022-10-10,1067.0,1057.0,501.0,1068,914.0
2022-10-11,1067.0,1057.0,501.0,1068,914.0
2022-10-12,1067.0,1057.0,501.0,1068,914.0
2022-10-13,1067.0,1057.0,501.0,1068,914.0
2022-10-14,1067.0,1057.0,501.0,1068,914.0
2022-10-17,1067.0,1057.0,501.0,1068,914.0
2022-10-18,1067.0,1057.0,501.0,1068,914.0
2022-10-19,1067.0,1057.0,501.0,1068,914.0
2022-10-20,1067.0,1057.0,501.0,1068,914.0
2022-10-21,1067.0,1057.0,501.0,1068,914.0
2022-10-24,1067.0,1057.0,501.0,1068,914.0
2022-10-25,1067.0,1057.0,501.0,1068,914.0
2022-10-26,1067.0,1057.0,501.0,1068,914.0
2022-10-27,1067.0,1057.0,501.0,1068,914.0
2022-10-28,1067.0,1057.0,501.0,1068,914.0
2022-10-31,1067.0,1057.0,501.0,1068,914.0
2022-11-01,1068.0,1058.0,501.0,1068,914.0
2022-11-02,1068.0,1058.0,501.0,1068,914.0
2022-11-03,1068.0,1058.0,501.0,1068,914.0
2022-11-04,1068.0,1058.0,501.0,1068,914.0
2022-11-07,1068.0,1058.0,501.0,1068,914.0
2022-11-08,1068.0,1058.0,501.0,1068,914.0
2022-11-09,1068.0,1058.0,501.0,1068,914.0
2022-11-10,1068.0,1058.0,501.0,1068,914.0
2022-11-11,1068.0,1058.0,501.0,1068,914.0
2022-11-14,1068.0,1058.0,501.0,1068,914.0
2022-11-15,1068.0,1058.0,501.0,1068,914.0
2022-11-16,1068.0,1058.0,501.0,1068,914.0
2022-11-17,1068.0,1058.0,501.0,1068,914.0
2022-11-18,1068.0,1058.0,501.0,1068,914.0
2022-11-21,1068.0,1058.0,501.0,1068,914.0
2022-11-22,1068.0,1058.0,501.0,1068,914.0
2022-11-23,1068.0,1058.0,501.0,1068,914.0
2022-11-24,1068.0,1058.0,501.0,1068,914.0
2022-11-25,1068.0,1058.0,501.0,1068,914.0
2022-11-28,1068.0,1058.0,501.0,1068,914.0
2022-11-29,1068.0,1058.0,501.0,1068,914.0
2022-11-30,1068.0,1058.0,501.0,1068,914.0
2022-12-01,1068.0,1058.0,501.0,1068,914.0
2022-12-02,1068.0,1058.0,501.0,1068,914.0
2022-12-05,1068.0,1058.0,501.0,1068,914.0
2022-12-06,1068.0,1058.0,501.0,1068,914.0
2022-12-07,1068.0,1058.0,501.0,1068,914.0
2022-12-08,1068.0,1058.0,501.0,1068,914.0
2022-12-09,1068.0,1058.0,501.0,1068,914.0
2022-12-12,1068.0,1058.0,501.0,1068,914.0
2022-12-13,1068.0,1058.0,501.0,1068,914.0
2022-12-14,1068.0,1058.0,501.0,1068,914.0
2022-12-15,1068.0,1058.0,501.0,1068,914.0
2022-12-16,1068.0,1058.0,501.0,1069,914.0
2022-12-19,1068.0,1058.0,501.0,1069,914.0
2022-12-20,1068.0,1058.0,501.0,1069,914.0
2022-12-21,1068.0,1058.0,501.0,1069,914.0
2022-12-22,1068.0,1058.0,501.0,1069,914.0
2022-12-23,1068.0,1058.0,501.0,1069,914.0
2022-12-26,1068.0,1058.0,501.0,1069,914.0
2022-12-27,1068.0,1058.0,501.0,1069,914.0
2022-12-28,1068.0,1058.0,501.0,1069,914.0
2022-12-29,1068.0,1058.0,501.0,1069,914.0
2022-12-30,1068.0,1058.0,501.0,1069,914.0
2023-01-02,1069.0,1059.0,502.0,1069,914.0
2023-01-03,1069.0,1059.0,502.0,1069,914.0
2023-01-04,1069.0,1059.0,502.0,1069,914.0
2023-01-05,1069.0,1059.0,502.0,1069,914.0
2023-01-06,1069.0,1059.0,502.0,1069,914.0
2023-01-09,1069.0,1059.0,502.0,1069,914.0
2023-01-10,1069.0,1059.0,502.0,1069,914.0
2023-01-11,1069.0,1059.0,502.0,1069,914.0
2023-01-12,1069.0,1059.0,502.0,1069,914.0
2023-01-13,1069.0,1059.0,502.0,1069,914.0
2023-01-16,1069.0,1059.0,502.0,1069,914.0
2023-01-17,1069.0,1059.0,502.0,1069,914.0
2023-01-18,1069.0,1059.0,502.0,1069,914.0
2023-01-19,1069.0,1059.0,502.0,1069,914.0
2023-01-20,1069.0,1059.0,502.0,1069,914.0
2023-01-23,1069.0,1059.0,502.0,1069,914.0
2023-01-24,1069.0,1059.0,502.0,1069,914.0
2023-01-25,1069.0,1059.0,502.0,1069,914.0
2023-01-26,1069.0,1059.0,502.0,1069,914.0
2023-01-27,1069.0,1059.0,502.0,1069,914.0
2023-01-30,1069.0,1059.0,502.0,1069,914.0
2023-01-31,1069.0,1059.0,502.0,1069,914.0
2023-02-01,1069.0,1059.0,502.0,1069,914.0
2023-02-02,1069.0,1059.0,502.0,1069,914.0
2023-02-03,1069.0,1059.0,502.0,1069,914.0
2023-02-06,1069.0,1059.0,502.0,1069,914.0
2023-02-07,1069.0,1059.0,502.0,1069,914.0
2023-02-08,1069.0,1059.0,502.0,1069,914.0
2023-02-09,1069.0,1059.0,502.0,1069,914.0
2023-02-10,1069.0,1059.0,502.0,1069,914.0
2023-02-13,1069.0,1059.0,502.0,1069,914.0
2023-02-14,1069.0,1059.0,502.0,1069,914.0
2023-02-15,1069.0,1059.0,502.0,1069,914.0
2023-02-16,1069.0,1059.0,502.0,1069,914.0
2023-02-17,1069.0,1059.0,502.0,1069,914.0
2023-02-20,1069.0,1059.0,502.0,1069,914.0
2023-02-21,1069.0,1059.0,502.0,1069,914.0
2023-02-22,1069.0,1059.0,502.0,1069,914.0
2023-02-23,1069.0,1059.0,502.0,1069,914.0
2023-02-24,1069.0,1059.0,502.0,1069,914.0
2023-02-27,1069.0,1059.0,502.0,1069,914.0
2023-02-28,1069.0,1059.0,502.0,1069,914.0
2023-03-01,1069.0,1059.0,502.0,1069,914.0
2023-03-02,1069.0,1059.0,502.0,1069,914.0
2023-03-03,1069.0,1059.0,502.0,1069,914.0
2023-03-06,1069.0,1059.0,502.0,1069,914.0
2023-03-07,1069.0,1059.0,502.0,1069,914.0
2023-03-08,1069.0,1059.0,502.0,1069,914.0
2023-03-09,1069.0,1059.0,502.0,1069,914.0
2023-03-10,1069.0,1059.0,502.0,1069,914.0
2023-03-13,1069.0,1059.0,502.0,1069,914.0
2023-03-14,1069.0,1059.0,502.0,1069,914.0
2023-03-15,1069.0,1059.0,502.0,1069,914.0
2023-03-16,1069.0,1059.0,502.0,1069,914.0
2023-03-17,1069.0,1059.0,502.0,1069,914.0
2023-03-20,1069.0,1059.0,502.0,1069,914.0
2023-03-21,1069.0,1059.0,502.0,1069,914.0
2023-03-22,1069.0,1059.0,502.0,1069,914.0
2023-03-23,1069.0,1059.0,502.0,1069,914.0
2023-03-24,1069.0,1059.0,502.0,1069,914.0
2023-03-27,1069.0,1059.0,502.0,1069,914.0
2023-03-28,1069.0,1059.0,502.0,1069,914.0
2023-03-29,1069.0,1059.0,502.0,1069,914.0
2023-03-30,1069.0,1059.0,502.0,1069,914.0
2023-03-31,1069.0,1059.0,502.0,1069,914.0
2023-04-03,1069.0,1059.0,502.0,1069,914.0
2023-04-04,1069.0,1059.0,502.0,1069,914.0
2023-04-05,1069.0,1059.0,502.0,1069,914.0
2023-04-06,1069.0,1059.0,502.0,1069,914.0
2023-04-07,1069.0,1059.0,502.0,1069,914.0
2023-04-10,1069.0,1059.0,502.0,1069,914.0
2023-04-11,1069.0,1059.0,502.0,1069,914.0
2023-04-12,1069.0,1059.0,502.0,1069,914.0
2023-04-13,1069.0,1059.0,502.0,1069,914.0
2023-04-14,1069.0,1059.0,502.0,1069,914.0
2023-04-17,1069.0,1059.0,502.0,1069,914.0
2023-04-18,1069.0,1059.0,502.0,1069,914.0
2023-04-19,1069.0,1059.0,502.0,1070,914.0
2023-04-20,1069.0,1059.0,502.0,1070,914.0
2023-04-21,1069.0,1059.0,502.0,1070,914.0
2023-04-24,1069.0,1059.0,502.0,1070,914.0
2023-04-25,1069.0,1059.0,502.0,1070,914.0
2023-04-26,1069.0,1059.0,502.0,1070,914.0
2023-04-27,1069.0,1059.0,502.0,1070,914.0
2023-04-28,1069.0,1059.0,502.0,1070,914.0
2023-05-01,1070.0,1060.0,502.0,1070,914.0
2023-05-02,1070.0,1060.0,502.0,1070,914.0
2023-05-03,1070.0,1060.0,502.0,1070,914.0
2023-05-04,1070.0,1060.0,502.0,1071,914.0
2023-05-05,1070.0,1060.0,502.0,1072,914.0
2023-05-08,1070.0,1060.0,502.0,1072,914.0
2023-05-09,1070.0,1060.0,502.0,1072,914.0
2023-05-10,1070.0,1060.0,502.0,1072,914.0
2023-05-11,1070.0,1060.0,502.0,1072,914.0
2023-05-12,1070.0,1060.0,502.0,1072,914.0
2023-05-15,1070.0,1060.0,502.0,1072,914.0
2023-05-16,1070.0,1060.0,502.0,1072,914.0
2023-05-17,1070.0,1060.0,502.0,1072,914.0
2023-05-18,1070.0,1060.0,502.0,1072,914.0
2023-05-19,1070.0,1060.0,502.0,1072,914.0
2023-05-22,1070.0,1060.0,502.0,1072,914.0
2023-05-23,1070.0,1060.0,502.0,1072,914.0
2023-05-24,1070.0,1060.0,502.0,1072,914.0
2023-05-25,1070.0,1060.0,502.0,1072,914.0
2023-05-26,1070.0,1060.0,502.0,1072,914.0
2023-05-29,1070.0,1060.0,502.0,1072,914.0
2023-05-30,1070.0,1060.0,502.0,1072,914.0
2023-05-31,1070.0,1060.0,502.0,1072,914.0
2023-06-01,1072.0,1062.0,503.0,1072,914.0
2023-06-02,1072.0,1062.0,503.0,1072,914.0
2023-06-05,1072.0,1062.0,503.0,1072,914.0
2023-06-06,1072.0,1062.0,503.0,1072,914.0
2023-06-07,1072.0,1062.0,503.0,1072,914.0
2023-06-08,1072.0,1062.0,503.0,1072,914.0
2023-06-09,1072.0,1062.0,503.0,1072,914.0
2023-06-12,1072.0,1062.0,503.0,1072,914.0
2023-06-13,1072.0,1062.0,503.0,1072,914.0
2023-06-14,1072.0,1062.0,503.0,1072,914.0
2023-06-15,1072.0,1062.0,503.0,1072,914.0
2023-06-16,1072.0,1062.0,503.0,1072,914.0
2023-06-19,1072.0,1062.0,503.0,1072,914.0
2023-06-20,1072.0,1062.0,503.0,1072,914.0
2023-06-21,1072.0,1062.0,503.0,1072,914.0
2023-06-22,1072.0,1062.0,503.0,1072,914.0
2023-06-23,1072.0,1062.0,503.0,1072,914.0
2023-06-26,1072.0,1062.0,503.0,1072,914.0
2023-06-27,1072.0,1062.0,503.0,1072,914.0
2023-06-28,1072.0,1062.0,503.0,1072,914.0
2023-06-29,1072.0,1062.0,503.0,1072,914.0
2023-06-30,1072.0,1062.0,503.0,1072,914.0
2023-07-03,1072.0,1062.0,503.0,1072,914.0
2023-07-04,1072.0,1062.0,503.0,1072,914.0
2023-07-05,1072.0,1062.0,503.0,1072,914.0
2023-07-06,1072.0,1062.0,503.0,1072,914.0
2023-07-07,1072.0,1062.0,503.0,1072,914.0
2023-07-10,1072.0,1062.0,503.0,1072,914.0
2023-07-11,1072.0,1062.0,503.0,1072,914.0
2023-07-12,1072.0,1062.0,503.0,1072,914.0
2023-07-13,1072.0,1062.0,503.0,1072,914.0
2023-07-14,1072.0,1062.0,503.0,1072,914.0
2023-07-17,1072.0,1062.0,503.0,1072,914.0
2023-07-18,1072.0,1062.0,503.0,1072,914.0
2023-07-19,1072.0,1062.0,503.0,1072,914.0
2023-07-20,1072.0,1062.0,503.0,1072,914.0
2023-07-21,1072.0,1062.0,503.0,1072,914.0
2023-07-24,1072.0,1062.0,503.0,1072,914.0
2023-07-25,1072.0,1062.0,503.0,1072,914.0
2023-07-26,1072.0,1062.0,503.0,1072,914.0
2023-07-27,1072.0,1062.0,503.0,1072,914.0
2023-07-28,1072.0,1062.0,503.0,1072,914.0
2023-07-31,1072.0,1062.0,503.0,1072,914.0
2023-08-01,1072.0,1062.0,503.0,1072,914.0
2023-08-02,1072.0,1062.0,503.0,1072,914.0
2023-08-03,1072.0,1062.0,503.0,1072,914.0
2023-08-04,1072.0,1062.0,503.0,1072,914.0
2023-08-07,1072.0,1062.0,503.0,1072,914.0
2023-08-08,1072.0,1062.0,503.0,1072,914.0
2023-08-09,1072.0,1062.0,503.0,1072,914.0
2023-08-10,1072.0,1062.0,503.0,1072,914.0
2023-08-11,1072.0,1062.0,503.0,1072,914.0
2023-08-14,1072.0,1062.0,503.0,1072,914.0
2023-08-15,1072.0,1062.0,503.0,1072,914.0
2023-08-16,1072.0,1062.0,503.0,1072,914.0
2023-08-17,1072.0,1062.0,503.0,1072,914.0
2023-08-18,1072.0,1062.0,503.0,1072,914.0
2023-08-21,1072.0,1062.0,503.0,1072,914.0
2023-08-22,1072.0,1062.0,503.0,1072,914.0
2023-08-23,1072.0,1062.0,503.0,1072,914.0
2023-08-24,1072.0,1062.0,503.0,1072,914.0
2023-08-25,1072.0,1062.0,503.0,1072,914.0
2023-08-28,1072.0,1062.0,503.0,1072,914.0
2023-08-29,1072.0,1062.0,503.0,1072,914.0
2023-08-30,1072.0,1062.0,503.0,1072,914.0
2023-08-31,1072.0,1062.0,503.0,1072,914.0
2023-09-01,1072.0,1062.0,503.0,1072,914.0
2023-09-04,1072.0,1062.0,503.0,1072,914.0
2023-09-05,1072.0,1062.0,503.0,1072,914.0
2023-09-06,1072.0,1062.0,503.0,1072,914.0
2023-09-07,1072.0,1062.0,503.0,1072,914.0
2023-09-08,1072.0,1062.0,503.0,1072,914.0
2023-09-11,1072.0,1062.0,503.0,1072,914.0
2023-09-12,1072.0,1062.0,503.0,1072,914.0
2023-09-13,1072.0,1062.0,503.0,1072,914.0
2023-09-14,1072.0,1062.0,503.0,1072,914.0
2023-09-15,1072.0,1062.0,503.0,1072,914.0
2023-09-18,1072.0,1062.0,503.0,1072,914.0
2023-09-19,1072.0,1062.0,503.0,1072,914.0
2023-09-20,1072.0,1062.0,503.0,1072,914.0
2023-09-21,1072.0,1062.0,503.0,1072,914.0
2023-09-22,1072.0,1062.0,503.0,1072,914.0
2023-09-25,1072.0,1062.0,503.0,1072,914.0
2023-09-26,1072.0,1062.0,503.0,1073,914.0
2023-09-27,1072.0,1062.0,503.0,1073,914.0
2023-09-28,1072.0,1062.0,503.0,1074,914.0
2023-09-29,1072.0,1062.0,503.0,1074,914.0
2023-10-02,1074.0,1064.0,505.0,1074,914.0
2023-10-03,1074.0,1064.0,505.0,1075,914.0
2023-10-04,1074.0,1064.0,505.0,1075,914.0
2023-10-05,1074.0,1064.0,505.0,1076,914.0
2023-10-06,1074.0,1064.0,505.0,1076,914.0
2023-10-09,1074.0,1064.0,505.0,1076,914.0
2023-10-10,1074.0,1064.0,505.0,1076,914.0
2023-10-11,1074.0,1064.0,505.0,1076,914.0
2023-10-12,1074.0,1064.0,505.0,1076,914.0
2023-10-13,1074.0,1064.0,505.0,1076,914.0
2023-10-16,1074.0,1064.0,505.0,1076,914.0
2023-10-17,1074.0,1064.0,505.0,1076,914.0
2023-10-18,1074.0,1064.0,505.0,1076,914.0
2023-10-19,1074.0,1064.0,505.0,1076,914.0
2023-10-20,1074.0,1064.0,505.0,1076,914.0
2023-10-23,1074.0,1064.0,505.0,1076,914.0
2023-10-24,1074.0,1064.0,505.0,1076,914.0
2023-10-25,1074.0,1064.0,505.0,1076,914.0
2023-10-26,1074.0,1064.0,505.0,1076,914.0
2023-10-27,1074.0,1064.0,505.0,1076,914.0
2023-10-30,1074.0,1064.0,505.0,1076,914.0
2023-10-31,1074.0,1064.0,505.0,1076,914.0
2023-11-01,1076.0,1066.0,506.0,1076,914.0
2023-11-02,1076.0,1066.0,506.0,1076,914.0
2023-11-03,1076.0,1066.0,506.0,1076,914.0
2023-11-06,1076.0,1066.0,506.0,1076,914.0
2023-11-07,1076.0,1066.0,506.0,1076,914.0
2023-11-08,1076.0,1066.0,506.0,1076,914.0
2023-11-09,1076.0,1066.0,506.0,1076,914.0
2023-11-10,1076.0,1066.0,506.0,1076,914.0
2023-11-13,1076.0,1066.0,506.0,1076,914.0
2023-11-14,1076.0,1066.0,506.0,1076,914.0
2023-11-15,1076.0,1066.0,506.0,1077,914.0
2023-11-16,1076.0,1066.0,506.0,1077,914.0
2023-11-17,1076.0,1066.0,506.0,1077,914.0
2023-11-20,1076.0,1066.0,506.0,1077,914.0
2023-11-21,1076.0,1066.0,506.0,1077,914.0
2023-11-22,1076.0,1066.0,506.0,1077,914.0
2023-11-23,1076.0,1066.0,506.0,1077,914.0
2023-11-24,1076.0,1066.0,506.0,1077,914.0
2023-11-27,1076.0,1066.0,506.0,1077,914.0
2023-11-28,1076.0,1066.0,506.0,1077,914.0
2023-11-29,1076.0,1066.0,506.0,1077,914.0
2023-11-30,1076.0,1066.0,506.0,1077,914.0
2023-12-01,1077.0,1067.0,506.0,1077,914.0
2023-12-04,1077.0,1067.0,506.0,1077,914.0
2023-12-05,1077.0,1067.0,506.0,1077,914.0
2023-12-06,1077.0,1067.0,506.0,1077,914.0
2023-12-07,1077.0,1067.0,506.0,1077,914.0
2023-12-08,1077.0,1067.0,506.0,1077,914.0
2023-12-11,1077.0,1067.0,506.0,1077,914.0
2023-12-12,1077.0,1067.0,506.0,1078,914.0
2023-12-13,1077.0,1067.0,506.0,1078,914.0
2023-12-14,1077.0,1067.0,506.0,1078,914.0
2023-12-15,1077.0,1067.0,506.0,1078,914.0
2023-12-18,1077.0,1067.0,506.0,1078,914.0
2023-12-19,1077.0,1067.0,506.0,1078,914.0
2023-12-20,1077.0,1067.0,506.0,1078,914.0
2023-12-21,1077.0,1067.0,506.0,1078,914.0
2023-12-22,1077.0,1067.0,506.0,1078,914.0
2023-12-25,1077.0,1067.0,506.0,1078,914.0
2023-12-26,1077.0,1067.0,506.0,1078,914.0
2023-12-27,1077.0,1067.0,506.0,1078,914.0
2023-12-28,1077.0,1067.0,506.0,1078,914.0
2023-12-29,1077.0,1067.0,506.0,1078,914.0
2024-01-01,1078.0,1068.0,506.0,1078,914.0
2024-01-02,1078.0,1068.0,506.0,1078,914.0
2024-01-03,1078.0,1068.0,506.0,1078,914.0
2024-01-04,1078.0,1068.0,506.0,1078,914.0
2024-01-05,1078.0,1068.0,506.0,1078,914.0
2024-01-08,1078.0,1068.0,506.0,1078,914.0
2024-01-09,1078.0,1068.0,506.0,1078,914.0
2024-01-10,1078.0,1068.0,506.0,1078,914.0
2024-01-11,1078.0,1068.0,506.0,1078,914.0
2024-01-12,1078.0,1068.0,506.0,1078,914.0
2024-01-15,1078.0,1068.0,506.0,1078,914.0
2024-01-16,1078.0,1068.0,506.0,1078,914.0
2024-01-17,1078.0,1068.0,506.0,1078,914.0
2024-01-18,1078.0,1068.0,506.0,1078,914.0
2024-01-19,1078.0,1068.0,506.0,1078,914.0
2024-01-22,1078.0,1068.0,506.0,1078,914.0
2024-01-23,1078.0,1068.0,506.0,1078,914.0
2024-01-24,1078.0,1068.0,506.0,1078,914.0
2024-01-25,1078.0,1068.0,506.0,1078,914.0
2024-01-26,1078.0,1068.0,506.0,1078,914.0
2024-01-29,1078.0,1068.0,506.0,1078,914.0
2024-01-30,1078.0,1068.0,506.0,1078,914.0
2024-01-31,1078.0,1068.0,506.0,1078,914.0
2024-02-01,1078.0,1068.0,506.0,1078,914.0
2024-02-02,1078.0,1068.0,506.0,1078,914.0
2024-02-05,1078.0,1068.0,506.0,1078,914.0
2024-02-06,1078.0,1068.0,506.0,1078,914.0
2024-02-07,1078.0,1068.0,506.0,1078,914.0
2024-02-08,1078.0,1068.0,506.0,1079,914.0
2024-02-09,1078.0,1068.0,506.0,1079,914.0
2024-02-12,1078.0,1068.0,506.0,1079,914.0
2024-02-13,1078.0,1068.0,506.0,1079,914.0
2024-02-14,1078.0,1068.0,506.0,1079,914.0
2024-02-15,1078.0,1068.0,506.0,1079,914.0
2024-02-16,1078.0,1068.0,506.0,1079,914.0
2024-02-19,1078.0,1068.0,506.0,1079,914.0
2024-02-20,1078.0,1068.0,506.0,1079,914.0
2024-02-21,1078.0,1068.0,506.0,1079,914.0
2024-02-22,1078.0,1068.0,506.0,1079,914.0
2024-02-23,1078.0,1068.0,506.0,1079,914.0
2024-02-26,1078.0,1068.0,506.0,1079,914.0
2024-02-27,1078.0,1068.0,506.0,1079,914.0
2024-02-28,1078.0,1068.0,506.0,1079,914.0
2024-02-29,1078.0,1068.0,506.0,1079,914.0
2024-03-01,1079.0,1069.0,506.0,1079,914.0
2024-03-04,1079.0,1069.0,506.0,1079,914.0
2024-03-05,1079.0,1069.0,506.0,1079,914.0
2024-03-06,1079.0,1069.0,506.0,1079,914.0
2024-03-07,1079.0,1069.0,506.0,1079,914.0
2024-03-08,1079.0,1069.0,506.0,1079,914.0
2024-03-11,1079.0,1069.0,506.0,1079,914.0
2024-03-12,1079.0,1069.0,506.0,1079,914.0
2024-03-13,1079.0,1069.0,506.0,1079,914.0
2024-03-14,1079.0,1069.0,506.0,1079,914.0
2024-03-15,1079.0,1069.0,506.0,1079,914.0
2024-03-18,1079.0,1069.0,506.0,1079,914.0
2024-03-19,1079.0,1069.0,506.0,1079,914.0
2024-03-20,1079.0,1069.0,506.0,1079,914.0
2024-03-21,1079.0,1069.0,506.0,1079,914.0
2024-03-22,1079.0,1069.0,506.0,1079,914.0
2024-03-25,1079.0,1069.0,506.0,1080,914.0
2024-03-26,1079.0,1069.0,506.0,1080,914.0
2024-03-27,1079.0,1069.0,506.0,1081,914.0
2024-03-28,1079.0,1069.0,506.0,1082,914.0
2024-03-29,1079.0,1069.0,506.0,1082,914.0
2024-04-01,1082.0,1072.0,506.0,1082,914.0
2024-04-02,1082.0,1072.0,506.0,1082,914.0
2024-04-03,1082.0,1072.0,506.0,1082,914.0
2024-04-04,1082.0,1072.0,506.0,1082,914.0
2024-04-05,1082.0,1072.0,506.0,1082,914.0
2024-04-08,1082.0,1072.0,506.0,1082,914.0
2024-04-09,1082.0,1072.0,506.0,1082,914.0
2024-04-10,1082.0,1072.0,506.0,1082,914.0
2024-04-11,1082.0,1072.0,506.0,1082,914.0
2024-04-12,1082.0,1072.0,506.0,1082,914.0
2024-04-15,1082.0,1072.0,506.0,1082,914.0
2024-04-16,1082.0,1072.0,506.0,1082,914.0
2024-04-17,1082.0,1072.0,506.0,1082,914.0
2024-04-18,1082.0,1072.0,506.0,1082,914.0
2024-04-19,1082.0,1072.0,506.0,1082,914.0
2024-04-22,1082.0,1072.0,506.0,1082,914.0
2024-04-23,1082.0,1072.0,506.0,1082,914.0
2024-04-24,1082.0,1072.0,506.0,1082,914.0
2024-04-25,1082.0,1072.0,506.0,1082,914.0
2024-04-26,1082.0,1072.0,506.0,1082,914.0
2024-04-29,1082.0,1072.0,506.0,1083,914.0
2024-04-30,1082.0,1072.0,506.0,1083,914.0
2024-05-01,1083.0,1073.0,506.0,1083,914.0
2024-05-02,1083.0,1073.0,506.0,1083,914.0
2024-05-03,1083.0,1073.0,506.0,1083,914.0
2024-05-06,1083.0,1073.0,506.0,1084,914.0
2024-05-07,1083.0,1073.0,506.0,1084,914.0
2024-05-08,1083.0,1073.0,506.0,1084,914.0
2024-05-09,1083.0,1073.0,506.0,1084,914.0
2024-05-10,1083.0,1073.0,506.0,1084,914.0
2024-05-13,1083.0,1073.0,506.0,1084,914.0
2024-05-14,1083.0,1073.0,506.0,1084,914.0
2024-05-15,1083.0,1073.0,506.0,1084,914.0
2024-05-16,1083.0,1073.0,506.0,1084,914.0
2024-05-17,1083.0,1073.0,506.0,1084,914.0
2024-05-20,1083.0,1073.0,506.0,1084,914.0
2024-05-21,1083.0,1073.0,506.0,1084,914.0
2024-05-22,1083.0,1073.0,506.0,1084,914.0
2024-05-23,1083.0,1073.0,506.0,1084,914.0
2024-05-24,1083.0,1073.0,506.0,1084,914.0
2024-05-27,1083.0,1073.0,506.0,1084,914.0
2024-05-28,1083.0,1073.0,506.0,1084,914.0
2024-05-29,1083.0,1073.0,506.0,1084,914.0
2024-05-30,1083.0,1073.0,506.0,1084,914.0
2024-05-31,1083.0,1073.0,506.0,1084,914.0
2024-06-03,1084.0,1074.0,506.0,1084,914.0
2024-06-04,1084.0,1074.0,506.0,1084,914.0
2024-06-05,1084.0,1074.0,506.0,1084,914.0
2024-06-06,1084.0,1074.0,506.0,1084,914.0
2024-06-07,1084.0,1074.0,506.0,1084,914.0
2024-06-10,1084.0,1074.0,506.0,1084,914.0
2024-06-11,1084.0,1074.0,506.0,1084,914.0
2024-06-12,1084.0,1074.0,506.0,1084,914.0
2024-06-13,1084.0,1074.0,506.0,1084,914.0
2024-06-14,1084.0,1074.0,506.0,1084,914.0
2024-06-17,1084.0,1074.0,506.0,1084,914.0
2024-06-18,1084.0,1074.0,506.0,1084,914.0
2024-06-19,1084.0,1074.0,506.0,1084,914.0
2024-06-20,1084.0,1074.0,506.0,1084,914.0
2024-06-21,1084.0,1074.0,506.0,1084,914.0
2024-06-24,1084.0,1074.0,506.0,1084,914.0
2024-06-25,1084.0,1074.0,506.0,1084,914.0
2024-06-26,1084.0,1074.0,506.0,1084,914.0
2024-06-27,1084.0,1074.0,506.0,1084,914.0
2024-06-28,1084.0,1074.0,506.0,1084,914.0
2024-07-01,1084.0,1074.0,506.0,1084,914.0
2024-07-02,1084.0,1074.0,506.0,1084,914.0
2024-07-03,1084.0,1074.0,506.0,1084,914.0
2024-07-04,1084.0,1074.0,506.0,1084,914.0
2024-07-05,1084.0,1074.0,506.0,1084,914.0
2024-07-08,1084.0,1074.0,506.0,1084,914.0
2024-07-09,1084.0,1074.0,506.0,1085,914.0
2024-07-10,1084.0,1074.0,506.0,1085,914.0
2024-07-11,1084.0,1074.0,506.0,1085,914.0
2024-07-12,1084.0,1074.0,506.0,1085,914.0
2024-07-15,1084.0,1074.0,506.0,1085,914.0
2024-07-16,1084.0,1074.0,506.0,1085,914.0
2024-07-17,1084.0,1074.0,506.0,1085,914.0
2024-07-18,1084.0,1074.0,506.0,1085,914.0
2024-07-19,1084.0,1074.0,506.0,1085,914.0
2024-07-22,1084.0,1074.0,506.0,1085,914.0
2024-07-23,1084.0,1074.0,506.0,1085,914.0
2024-07-24,1084.0,1074.0,506.0,1085,914.0
2024-07-25,1084.0,1074.0,506.0,1085,914.0
2024-07-26,1084.0,1074.0,506.0,1085,914.0
2024-07-29,1084.0,1074.0,506.0,1085,914.0
2024-07-30,1084.0,1074.0,506.0,1085,914.0
2024-07-31,1084.0,1074.0,506.0,1085,914.0
2024-08-01,1085.0,1075.0,506.0,1085,914.0
2024-08-02,1085.0,1075.0,506.0,1085,914.0
2024-08-05,1085.0,1075.0,506.0,1085,914.0
2024-08-06,1085.0,1075.0,506.0,1085,914.0
2024-08-07,1085.0,1075.0,506.0,1085,914.0
2024-08-08,1085.0,1075.0,506.0,1085,914.0
2024-08-09,1085.0,1075.0,506.0,1085,914.0
2024-08-12,1085.0,1075.0,506.0,1085,914.0
2024-08-13,1085.0,1075.0,506.0,1085,914.0
2024-08-14,1085.0,1075.0,506.0,1085,914.0
2024-08-15,1085.0,1075.0,506.0,1085,914.0
2024-08-16,1085.0,1075.0,506.0,1085,914.0
2024-08-19,1085.0,1075.0,506.0,1085,914.0
2024-08-20,1085.0,1075.0,506.0,1085,914.0
2024-08-21,1085.0,1075.0,506.0,1085,914.0
2024-08-22,1085.0,1075.0,506.0,1085,914.0
2024-08-23,1085.0,1075.0,506.0,1085,914.0
2024-08-26,1085.0,1075.0,506.0,1085,914.0
2024-08-27,1085.0,1075.0,506.0,1085,914.0
2024-08-28,1085.0,1075.0,506.0,1085,914.0
2024-08-29,1085.0,1075.0,506.0,1085,914.0
2024-08-30,1085.0,1075.0,506.0,1085,914.0
2024-09-02,1085.0,1075.0,506.0,1085,914.0
2024-09-03,1085.0,1075.0,506.0,1085,914.0
2024-09-04,1085.0,1075.0,506.0,1085,914.0
2024-09-05,1085.0,1075.0,506.0,1085,914.0
2024-09-06,1085.0,1075.0,506.0,1085,914.0
2024-09-09,1085.0,1075.0,506.0,1085,914.0
2024-09-10,1085.0,1075.0,506.0,1085,914.0
2024-09-11,1085.0,1075.0,506.0,1085,914.0
2024-09-12,1085.0,1075.0,506.0,1085,914.0
2024-09-13,1085.0,1075.0,506.0,1085,914.0
2024-09-16,1085.0,1075.0,506.0,1085,914.0
2024-09-17,1085.0,1075.0,506.0,1085,914.0
2024-09-18,1085.0,1075.0,506.0,1085,914.0
2024-09-19,1085.0,1075.0,506.0,1085,914.0
2024-09-20,1085.0,1075.0,506.0,1085,914.0
2024-09-23,1085.0,1075.0,506.0,1085,914.0
2024-09-24,1085.0,1075.0,506.0,1085,914.0
2024-09-25,1085.0,1075.0,506.0,1085,914.0
2024-09-26,1085.0,1075.0,506.0,1085,914.0
2024-09-27,1085.0,1075.0,506.0,1085,914.0
2024-09-30,1085.0,1075.0,506.0,1085,914.0
2024-10-01,1085.0,1075.0,506.0,1085,914.0
2024-10-02,1085.0,1075.0,506.0,1085,914.0
2024-10-03,1085.0,1075.0,506.0,1085,914.0
2024-10-04,1085.0,1075.0,506.0,1085,914.0
2024-10-07,1085.0,1075.0,506.0,1085,914.0
2024-10-08,1085.0,1075.0,506.0,1085,914.0
2024-10-09,1085.0,1075.0,506.0,1085,914.0
2024-10-10,1085.0,1075.0,506.0,1085,914.0
2024-10-11,1085.0,1075.0,506.0,1085,914.0
2024-10-14,1085.0,1075.0,506.0,1085,914.0
2024-10-15,1085.0,1075.0,506.0,1085,914.0
2024-10-16,1085.0,1075.0,506.0,1085,914.0
2024-10-17,1085.0,1075.0,506.0,1085,914.0
2024-10-18,1085.0,1075.0,506.0,1086,914.0
2024-10-21,1085.0,1075.0,506.0,1086,914.0
2024-10-22,1085.0,1075.0,506.0,1086,914.0
2024-10-23,1085.0,1075.0,506.0,1086,914.0
2024-10-24,1085.0,1075.0,506.0,1086,914.0
2024-10-25,1085.0,1075.0,506.0,1086,914.0
2024-10-28,1085.0,1075.0,506.0,1086,914.0
2024-10-29,1085.0,1075.0,506.0,1086,914.0
2024-10-30,1085.0,1075.0,506.0,1086,914.0
2024-10-31,1085.0,1075.0,506.0,1086,914.0
2024-11-01,1086.0,1076.0,506.0,1086,914.0
2024-11-04,1086.0,1076.0,506.0,1086,914.0
2024-11-05,1086.0,1076.0,506.0,1086,914.0
2024-11-06,1086.0,1076.0,506.0,1086,914.0
2024-11-07,1086.0,1076.0,506.0,1086,914.0
2024-11-08,1086.0,1076.0,506.0,1086,914.0
2024-11-11,1086.0,1076.0,506.0,1086,914.0
2024-11-12,1086.0,1076.0,506.0,1086,914.0
2024-11-13,1086.0,1076.0,506.0,1086,914.0
2024-11-14,1086.0,1076.0,506.0,1086,914.0
2024-11-15,1086.0,1076.0,506.0,1086,914.0
2024-11-18,1086.0,1076.0,506.0,1087,914.0
2024-11-19,1086.0,1076.0,506.0,1087,914.0
2024-11-20,1086.0,1076.0,506.0,1087,914.0
2024-11-21,1086.0,1076.0,506.0,1087,914.0
2024-11-22,1086.0,1076.0,506.0,1087,914.0
2024-11-25,1086.0,1076.0,506.0,1087,914.0
2024-11-26,1086.0,1076.0,506.0,1087,914.0
2024-11-27,1086.0,1076.0,506.0,1087,914.0
2024-11-28,1086.0,1076.0,506.0,1087,914.0
2024-11-29,1086.0,1076.0,506.0,1087,914.0
2024-12-02,1087.0,1077.0,506.0,1087,914.0
2024-12-03,1087.0,1077.0,506.0,1087,914.0
2024-12-04,1087.0,1077.0,506.0,1087,914.0
2024-12-05,1087.0,1077.0,506.0,1087,914.0
2024-12-06,1087.0,1077.0,506.0,1087,914.0
2024-12-09,1087.0,1077.0,506.0,1087,914.0
2024-12-10,1087.0,1077.0,506.0,1087,914.0
2024-12-11,1087.0,1077.0,506.0,1087,914.0
2024-12-12,1087.0,1077.0,506.0,1087,914.0
2024-12-13,1087.0,1077.0,506.0,1087,914.0
2024-12-16,1087.0,1077.0,506.0,1087,914.0
2024-12-17,1087.0,1077.0,506.0,1087,914.0
2024-12-18,1087.0,1077.0,506.0,1087,914.0
2024-12-19,1087.0,1077.0,506.0,1087,914.0
2024-12-20,1087.0,1077.0,506.0,1087,914.0
2024-12-23,1087.0,1077.0,506.0,1087,914.0
2024-12-24,1087.0,1077.0,506.0,1087,914.0
2024-12-25,1087.0,1077.0,506.0,1087,914.0
2024-12-26,1087.0,1077.0,506.0,1087,914.0
2024-12-27,1087.0,1077.0,506.0,1087,914.0
2024-12-30,1087.0,1077.0,506.0,1087,914.0
2024-12-31,1087.0,1077.0,506.0,1087,914.0
2025-01-01,1087.0,1077.0,506.0,1087,914.0
2025-01-02,1087.0,1077.0,506.0,1087,914.0
2025-01-03,1087.0,1077.0,506.0,1087,914.0
2025-01-06,1087.0,1077.0,506.0,1087,914.0
2025-01-07,1087.0,1077.0,506.0,1087,914.0
2025-01-08,1087.0,1077.0,506.0,1087,914.0
2025-01-09,1087.0,1077.0,506.0,1087,914.0
2025-01-10,1087.0,1077.0,506.0,1087,914.0
2025-01-13,1087.0,1077.0,506.0,1087,914.0
2025-01-14,1087.0,1077.0,506.0,1087,914.0
2025-01-15,1087.0,1077.0,506.0,1087,914.0
2025-01-16,1087.0,1077.0,506.0,1087,914.0
2025-01-17,1087.0,1077.0,506.0,1087,914.0
2025-01-20,1087.0,1077.0,506.0,1087,914.0
2025-01-21,1087.0,1077.0,506.0,1087,914.0
2025-01-22,1087.0,1077.0,506.0,1087,914.0
2025-01-23,1087.0,1077.0,506.0,1087,914.0
2025-01-24,1087.0,1077.0,506.0,1087,914.0
2025-01-27,1087.0,1077.0,506.0,1087,914.0
2025-01-28,1087.0,1077.0,506.0,1087,914.0
2025-01-29,1087.0,1077.0,506.0,1087,914.0
2025-01-30,1087.0,1077.0,506.0,1087,914.0
2025-01-31,1087.0,1077.0,506.0,1087,914.0
2025-02-03,1087.0,1077.0,506.0,1087,914.0
2025-02-04,1087.0,1077.0,506.0,1087,914.0
2025-02-05,1087.0,1077.0,506.0,1087,914.0
2025-02-06,1087.0,1077.0,506.0,1087,914.0
2025-02-07,1087.0,1077.0,506.0,1087,914.0
2025-02-10,1087.0,1077.0,506.0,1087,914.0
2025-02-11,1087.0,1077.0,506.0,1087,914.0
2025-02-12,1087.0,1077.0,506.0,1087,914.0
2025-02-13,1087.0,1077.0,506.0,1087,914.0
2025-02-14,1087.0,1077.0,506.0,1087,914.0
2025-02-17,1087.0,1077.0,506.0,1087,914.0
2025-02-18,1087.0,1077.0,506.0,1087,914.0
2025-02-19,1087.0,1077.0,506.0,1087,914.0
2025-02-20,1087.0,1077.0,506.0,1087,914.0
2025-02-21,1087.0,1077.0,506.0,1087,914.0
2025-02-24,1087.0,1077.0,506.0,1087,914.0
2025-02-25,1087.0,1077.0,506.0,1087,914.0
2025-02-26,1087.0,1077.0,506.0,1087,914.0
2025-02-27,1087.0,1077.0,506.0,1087,914.0
2025-02-28,1087.0,1077.0,506.0,1087,914.0
2025-03-03,1087.0,1077.0,506.0,1087,914.0
2025-03-04,1087.0,1077.0,506.0,1087,914.0
2025-03-05,1087.0,1077.0,506.0,1087,914.0
2025-03-06,1087.0,1077.0,506.0,1087,914.0
2025-03-07,1087.0,1077.0,506.0,1087,914.0
2025-03-10,1087.0,1077.0,506.0,1087,914.0
2025-03-11,1087.0,1077.0,506.0,1087,914.0
2025-03-12,1087.0,1077.0,506.0,1087,914.0
2025-03-13,1087.0,1077.0,506.0,1087,914.0
2025-03-14,1087.0,1077.0,506.0,1087,914.0
2025-03-17,1087.0,1077.0,506.0,1087,914.0
2025-03-18,1087.0,1077.0,506.0,1087,914.0
2025-03-19,1087.0,1077.0,506.0,1087,914.0
2025-03-20,1087.0,1077.0,506.0,1087,914.0
2025-03-21,1087.0,1077.0,506.0,1087,914.0
2025-03-24,1087.0,1077.0,506.0,1087,914.0
2025-03-25,1087.0,1077.0,506.0,1087,914.0
2025-03-26,1087.0,1077.0,506.0,1087,914.0
2025-03-27,1087.0,1077.0,506.0,1087,914.0
2025-03-28,1087.0,1077.0,506.0,1087,914.0
2025-03-31,1087.0,1077.0,506.0,1087,914.0
2025-04-01,1087.0,1077.0,506.0,1087,914.0
2025-04-02,1087.0,1077.0,506.0,1087,914.0
2025-04-03,1087.0,1077.0,506.0,1087,914.0
2025-04-04,1087.0,1077.0,506.0,1087,914.0
2025-04-07,1087.0,1077.0,506.0,1087,914.0
2025-04-08,1087.0,1077.0,506.0,1087,914.0
2025-04-09,1087.0,1077.0,506.0,1087,914.0
2025-04-10,1087.0,1077.0,506.0,1087,914.0
2025-04-11,1087.0,1077.0,506.0,1087,914.0
2025-04-14,1087.0,1077.0,506.0,1087,914.0
2025-04-15,1087.0,1077.0,506.0,1087,914.0
2025-04-16,1087.0,1077.0,506.0,1087,914.0
2025-04-17,1087.0,1077.0,506.0,1087,914.0
2025-04-18,1087.0,1077.0,506.0,1087,914.0
2025-04-21,1087.0,1077.0,506.0,1087,914.0
2025-04-22,1087.0,1077.0,506.0,1087,914.0
2025-04-23,1087.0,1077.0,506.0,1087,914.0
2025-04-24,1087.0,1077.0,506.0,1087,914.0
2025-04-25,1087.0,1077.0,506.0,1087,914.0
2025-04-28,1087.0,1077.0,506.0,1087,914.0
2025-04-29,1087.0,1077.0,506.0,1087,914.0
2025-04-30,1087.0,1077.0,506.0,1087,914.0
2025-05-01,1087.0,1077.0,506.0,1087,914.0
2025-05-02,1087.0,1077.0,506.0,1087,914.0
2025-05-05,1087.0,1077.0,506.0,1087,914.0
2025-05-06,1087.0,1077.0,506.0,1087,914.0
2025-05-07,1087.0,1077.0,506.0,1087,914.0
2025-05-08,1087.0,1077.0,506.0,1087,914.0
2025-05-09,1087.0,1077.0,506.0,1087,914.0
2025-05-12,1087.0,1077.0,506.0,1087,914.0
2025-05-13,1087.0,1077.0,506.0,1087,914.0
2025-05-14,1087.0,1077.0,506.0,1087,914.0
2025-05-15,1087.0,1077.0,506.0,1087,914.0
2025-05-16,1087.0,1077.0,506.0,1087,914.0
2025-05-19,1087.0,1077.0,506.0,1087,914.0
2025-05-20,1087.0,1077.0,506.0,1087,914.0
2025-05-21,1087.0,1077.0,506.0,1087,914.0
2025-05-22,1087.0,1077.0,506.0,1087,914.0
2025-05-23,1087.0,1077.0,506.0,1087,914.0
2025-05-26,1087.0,1077.0,506.0,1087,914.0
2025-05-27,1087.0,1077.0,506.0,1087,914.0
2025-05-28,1087.0,1077.0,506.0,1087,914.0
2025-05-29,1087.0,1077.0,506.0,1087,914.0
2025-05-30,1087.0,1077.0,506.0,1087,914.0
2025-06-02,1087.0,1077.0,506.0,1087,914.0
2025-06-03,1087.0,1077.0,506.0,1087,914.0
2025-06-04,1087.0,1077.0,506.0,1087,914.0
2025-06-05,1087.0,1077.0,506.0,1087,914.0
2025-06-06,1087.0,1077.0,506.0,1087,914.0
2025-06-09,1087.0,1077.0,506.0,1087,914.0
2025-06-10,1087.0,1077.0,506.0,1087,914.0
2025-06-11,1087.0,1077.0,506.0,1087,914.0
2025-06-12,1087.0,1077.0,506.0,1087,914.0
2025-06-13,1087.0,1077.0,506.0,1087,914.0
2025-06-16,1087.0,1077.0,506.0,1087,914.0
2025-06-17,1087.0,1077.0,506.0,1087,914.0
2025-06-18,1087.0,1077.0,506.0,1087,914.0
2025-06-19,1087.0,1077.0,506.0,1087,914.0
2025-06-20,1087.0,1077.0,506.0,1087,914.0
2025-06-23,1087.0,1077.0,506.0,1087,914.0
2025-06-24,1087.0,1077.0,506.0,1087,914.0
2025-06-25,1087.0,1077.0,506.0,1087,914.0
2025-06-26,1087.0,1077.0,506.0,1087,914.0
2025-06-27,1087.0,1077.0,506.0,1087,914.0
2025-06-30,1087.0,1077.0,506.0,1087,914.0
2025-07-01,1087.0,1077.0,506.0,1087,914.0
2025-07-02,1087.0,1077.0,506.0,1087,914.0
2025-07-03,1087.0,1077.0,506.0,1087,914.0
2025-07-04,1087.0,1077.0,506.0,1087,914.0
2025-07-07,1087.0,1077.0,506.0,1087,914.0
2025-07-08,1087.0,1077.0,506.0,1087,914.0
2025-07-09,1087.0,1077.0,506.0,1087,914.0
2025-07-10,1087.0,1077.0,506.0,1087,914.0
2025-07-11,1087.0,1077.0,506.0,1087,914.0
2025-07-14,1087.0,1077.0,506.0,1087,914.0
2025-07-15,1087.0,1077.0,506.0,1087,914.0
2025-07-16,1087.0,1077.0,506.0,1087,914.0
2025-07-17,1087.0,1077.0,506.0,1087,914.0
2025-07-18,1087.0,1077.0,506.0,1087,914.0
2025-07-21,1087.0,1077.0,506.0,1087,914.0
2025-07-22,1087.0,1077.0,506.0,1087,914.0
2025-07-23,1087.0,1077.0,506.0,1087,914.0
2025-07-24,1087.0,1077.0,506.0,1087,914.0
2025-07-25,1087.0,1077.0,506.0,1087,914.0
2025-07-28,1087.0,1077.0,506.0,1087,914.0
2025-07-29,1087.0,1077.0,506.0,1087,914.0
2025-07-30,1087.0,1077.0,506.0,1087,914.0
2025-07-31,1087.0,1077.0,506.0,1087,914.0
2025-08-01,1087.0,1077.0,506.0,1087,914.0
2025-08-04,1087.0,1077.0,506.0,1087,914.0
2025-08-05,1087.0,1077.0,506.0,1087,914.0
2025-08-06,1087.0,1077.0,506.0,1087,914.0
2025-08-07,1087.0,1077.0,506.0,1087,914.0
2025-08-08,1087.0,1077.0,506.0,1087,914.0
2025-08-11,1087.0,1077.0,506.0,1087,914.0
2025-08-12,1087.0,1077.0,506.0,1087,914.0
2025-08-13,1087.0,1077.0,506.0,1087,914.0
2025-08-14,1087.0,1077.0,506.0,1087,914.0
2025-08-15,1087.0,1077.0,506.0,1087,914.0
2025-08-18,1087.0,1077.0,506.0,1087,914.0
2025-08-19,1087.0,1077.0,506.0,1087,914.0
2025-08-20,1087.0,1077.0,506.0,1087,914.0
2025-08-21,1087.0,1077.0,506.0,1087,914.0
2025-08-22,1087.0,1077.0,506.0,1087,914.0
2025-08-25,1087.0,1077.0,506.0,1087,914.0
2025-08-26,1087.0,1077.0,506.0,1087,914.0
2025-08-27,1087.0,1077.0,506.0,1087,914.0
2025-08-28,1087.0,1077.0,506.0,1087,914.0
2025-08-29,1087.0,1077.0,506.0,1087,914.0
2025-09-01,1087.0,1077.0,506.0,1087,914.0
2025-09-02,1087.0,1077.0,506.0,1087,914.0
2025-09-03,1087.0,1077.0,506.0,1087,914.0
2025-09-04,1087.0,1077.0,506.0,1087,914.0
2025-09-05,1087.0,1077.0,506.0,1087,914.0
2025-09-08,1087.0,1077.0,506.0,1087,914.0
2025-09-09,1087.0,1077.0,506.0,1087,914.0
2025-09-10,1087.0,1077.0,506.0,1087,914.0
2025-09-11,1087.0,1077.0,506.0,1087,914.0
2025-09-12,1087.0,1077.0,506.0,1087,914.0
2025-09-15,1087.0,1077.0,506.0,1087,914.0
2025-09-16,1087.0,1077.0,506.0,1087,914.0
2025-09-17,1087.0,1077.0,506.0,1087,914.0
2025-09-18,1087.0,1077.0,506.0,1087,914.0
2025-09-19,1087.0,1077.0,506.0,1087,914.0
2025-09-22,1087.0,1077.0,506.0,1087,914.0
2025-09-23,1087.0,1077.0,506.0,1087,914.0
2025-09-24,1087.0,1077.0,506.0,1087,914.0
2025-09-25,1087.0,1077.0,506.0,1087,914.0
2025-09-26,1087.0,1077.0,506.0,1087,914.0
2025-09-29,1087.0,1077.0,506.0,1087,914.0
2025-09-30,1087.0,1077.0,506.0,1087,914.0
2025-10-01,1087.0,1077.0,506.0,1087,914.0
2025-10-02,1087.0,1077.0,506.0,1087,914.0
2025-10-03,1087.0,1077.0,506.0,1087,914.0
2025-10-06,1087.0,1077.0,506.0,1087,914.0
2025-10-07,1087.0,1077.0,506.0,1087,914.0
2025-10-08,1087.0,1077.0,506.0,1087,914.0
2025-10-09,1087.0,1077.0,506.0,1087,914.0
2025-10-10,1087.0,1077.0,506.0,1087,914.0
2025-10-13,1087.0,1077.0,506.0,1087,914.0
2025-10-14,1087.0,1077.0,506.0,1087,914.0
2025-10-15,1087.0,1077.0,506.0,1087,914.0
2025-10-16,1087.0,1077.0,506.0,1087,914.0
2025-10-17,1087.0,1077.0,506.0,1087,914.0
2025-10-20,1087.0,1077.0,506.0,1087,914.0
2025-10-21,1087.0,1077.0,506.0,1087,914.0
2025-10-22,1087.0,1077.0,506.0,1087,914.0
2025-10-23,1087.0,1077.0,506.0,1087,914.0
2025-10-24,1087.0,1077.0,506.0,1087,914.0
2025-10-27,1087.0,1077.0,506.0,1087,914.0
2025-10-28,1087.0,1077.0,506.0,1087,914.0
2025-10-29,1087.0,1077.0,506.0,1087,914.0
2025-10-30,1087.0,1077.0,506.0,1087,914.0
2025-10-31,1087.0,1077.0,506.0,1087,914.0
2025-11-03,1087.0,1077.0,506.0,1087,914.0
2025-11-04,1087.0,1077.0,506.0,1087,914.0
2025-11-05,1087.0,1077.0,506.0,1087,914.0
2025-11-06,1087.0,1077.0,506.0,1087,914.0
2025-11-07,1087.0,1077.0,506.0,1087,914.0
2025-11-10,1087.0,1077.0,506.0,1087,914.0
2025-11-11,1087.0,1077.0,506.0,1087,914.0
2025-11-12,1087.0,1077.0,506.0,1087,914.0
2025-11-13,1087.0,1077.0,506.0,1087,914.0
2025-11-14,1087.0,1077.0,506.0,1087,914.0
2025-11-17,1087.0,1077.0,506.0,1087,914.0
2025-11-18,1087.0,1077.0,506.0,1087,914.0
2025-11-19,1087.0,1077.0,506.0,1087,914.0
2025-11-20,1087.0,1077.0,506.0,1087,914.0
2025-11-21,1087.0,1077.0,506.0,1087,914.0
2025-11-24,1087.0,1077.0,506.0,1087,914.0
2025-11-25,1087.0,1077.0,506.0,1087,914.0
2025-11-26,1087.0,1077.0,506.0,1087,914.0
2025-11-27,1087.0,1077.0,506.0,1087,914.0
2025-11-28,1087.0,1077.0,506.0,1087,914.0
2025-12-01,1087.0,1077.0,506.0,1087,914.0
2025-12-02,1087.0,1077.0,506.0,1087,914.0
2025-12-03,1087.0,1077.0,506.0,1087,914.0
2025-12-04,1087.0,1077.0,506.0,1087,914.0
2025-12-05,1087.0,1077.0,506.0,1087,914.0
2025-12-08,1087.0,1077.0,506.0,1087,914.0
2025-12-09,1087.0,1077.0,506.0,1087,914.0
2025-12-10,1087.0,1077.0,506.0,1087,914.0
2025-12-11,1087.0,1077.0,506.0,1087,914.0
2025-12-12,1087.0,1077.0,506.0,1087,914.0
2025-12-15,1087.0,1077.0,506.0,1087,914.0
2025-12-16,1087.0,1077.0,506.0,1087,914.0
2025-12-17,1087.0,1077.0,506.0,1087,914.0
2025-12-18,1087.0,1077.0,506.0,1087,914.0
2025-12-19,1087.0,1077.0,506.0,1087,914.0
2025-12-22,1087.0,1077.0,506.0,1087,914.0
2025-12-23,1087.0,1077.0,506.0,1087,914.0
2025-12-24,1087.0,1077.0,506.0,1087,914.0
2025-12-25,1087.0,1077.0,506.0,1087,914.0
2025-12-26,1087.0,1077.0,506.0,1087,914.0
2025-12-29,1087.0,1077.0,506.0,1087,914.0
2025-12-30,1087.0,1077.0,506.0,1087,914.0
2025-12-31,1087.0,1077.0,506.0,1087,914.0
