Stock,date,move_%,sigma_%,z,ann_vol_%
FER.MC,2016-06-24,-12.657346801227254,1.576066191945884,-8.030974121461174,25.0192751619924
FER.MC,2020-03-12,-14.178357516344198,1.576066191945884,-8.996041910421885,25.0192751619924
FER.MC,2020-03-18,-12.235678699346053,1.576066191945884,-7.763429456119047,25.0192751619924
FER.MC,2020-03-25,7.925949285859435,1.576066191945884,5.028944422742608,25.0192751619924
FER.MC,2020-11-09,12.876519124987995,1.576066191945884,8.170037014175179,25.0192751619924
FER.MC,2021-11-26,-8.4961916001137,1.576066191945884,-5.390758106183288,25.0192751619924
CARLb.CO,2019-08-08,10.602476563861885,1.4555453192462857,7.284195430858921,23.106065620258732
CARLb.CO,2020-03-12,-10.03173029872082,1.4555453192462857,-6.892076918577483,23.106065620258732
CARLb.CO,2024-06-21,-10.06694013327536,1.4555453192462857,-6.916267051367558,23.106065620258732
CARLb.CO,2025-08-14,-7.523140273318951,1.4555453192462857,-5.168606002054682,23.106065620258732
ULVR.L,2017-02-17,11.866523044895416,1.288015610862609,9.213027345955982,20.446613946668446
ULVR.L,2019-12-17,-8.868928756782513,1.288015610862609,-6.885730795485327,20.446613946668446
ULVR.L,2020-03-12,-7.5131264676199905,1.288015610862609,-5.833102024740448,20.446613946668446
ULVR.L,2020-03-17,7.905728588180594,1.288015610862609,6.137913641346298,20.446613946668446
ULVR.L,2020-03-23,-6.509738191469561,1.288015610862609,-5.054083301917329,20.446613946668446
ULVR.L,2020-07-23,7.424404178835431,1.288015610862609,5.764219095033455,20.446613946668446
ULVR.L,2022-01-17,-7.6905040696460425,1.288015610862609,-5.970815885139437,20.446613946668446
ULVR.L,2022-01-24,6.458993869173035,1.288015610862609,5.014686013663547,20.446613946668446
ULVR.L,2022-02-24,-7.226421297260099,1.288015610862609,-5.610507540681455,20.446613946668446
ULVR.L,2022-05-31,8.546600719067898,1.288015610862609,6.63547914092755,20.446613946668446
INVEb.ST,2016-06-27,-9.074056363383809,1.537155848393394,-5.90314662814954,24.401592607184554
INVEb.ST,2020-03-12,-14.805543203547789,1.537155848393394,-9.631777557898413,24.401592607184554
INVEb.ST,2020-03-24,9.545090058574335,1.537155848393394,6.20957859839045,24.401592607184554
INVEb.ST,2025-04-07,-7.8277662807527015,1.537155848393394,-5.092369969469351,24.401592607184554
LAGRb.ST,2016-06-29,14.857533353138418,2.389827056841736,6.216991020585949,37.93732841313993
LAGRb.ST,2020-03-18,-12.467516815599655,2.389827056841736,-5.216911734222324,37.93732841313993
LAGRb.ST,2022-10-06,-17.10342190526393,2.389827056841736,-7.156761346516374,37.93732841313993
STERV.HE,2016-06-27,-11.647137439714461,2.0793924795018968,-5.601221296378088,33.00933227315996
STERV.HE,2018-07-20,-13.844197360619992,2.0793924795018968,-6.657808709559374,33.00933227315996
STERV.HE,2020-03-12,-11.516995021262622,2.0793924795018968,-5.53863454580803,33.00933227315996
STERV.HE,2020-03-24,12.210253539795568,2.0793924795018968,5.872029287477487,33.00933227315996
STERV.HE,2023-07-21,-12.281636374587457,2.0793924795018968,-5.906357984678983,33.00933227315996
STERV.HE,2025-06-19,13.493807595683238,2.0793924795018968,6.489302875095317,33.00933227315996
EPIRa.ST,2020-03-12,-11.743119421866233,2.0641186254356616,-5.689168867117644,32.76686735663546
EPIRa.ST,2020-03-24,11.52699419753569,2.0641186254356616,5.58446305144054,32.76686735663546
VIS.MC,2016-07-29,-8.110772285007606,1.4751118989366228,-5.498411538036193,23.416675443471288
VIS.MC,2018-10-26,-22.377566346885345,1.4751118989366228,-15.170080563391064,23.416675443471288
VIS.MC,2019-05-08,-9.100259130060273,1.4751118989366228,-6.169199188631357,23.416675443471288
VIS.MC,2019-10-25,15.596527946561345,1.4751118989366228,10.573115136420874,23.416675443471288
VIS.MC,2020-03-12,-7.9426612200939495,1.4751118989366228,-5.384446580506636,23.416675443471288
VIS.MC,2020-03-17,8.01374632635814,1.4751118989366228,5.43263621704569,23.416675443471288
VIS.MC,2020-03-19,-7.903397096473208,1.4751118989366228,-5.357828854997781,23.416675443471288
VIS.MC,2020-07-31,7.875934080864688,1.4751118989366228,5.33921127376322,23.416675443471288
VIS.MC,2024-03-01,9.741903163211907,1.4751118989366228,6.604179093284137,23.416675443471288
VIS.MC,2025-10-14,-14.344390897031367,1.4751118989366228,-9.724273058451997,23.416675443471288
PHG.AS,2016-06-24,-9.803642666303869,1.9513942687676886,-5.023916910699394,30.977423669976247
PHG.AS,2020-03-12,-10.44029496368144,1.9513942687676886,-5.350171992805184,30.977423669976247
PHG.AS,2021-11-15,-11.235909309183834,1.9513942687676886,-5.757887828726352,30.977423669976247
PHG.AS,2022-01-12,-16.493141744602056,1.9513942687676886,-8.45197816175689,30.977423669976247
PHG.AS,2022-04-25,-12.5904174516692,1.9513942687676886,-6.452011084167059,30.977423669976247
PHG.AS,2022-06-16,-10.516392440295785,1.9513942687676886,-5.389168456939724,30.977423669976247
PHG.AS,2022-10-12,-13.269933788266908,1.9513942687676886,-6.8002320190511325,30.977423669976247
PHG.AS,2023-04-24,13.121295441042635,1.9513942687676886,6.724061688122499,30.977423669976247
PHG.AS,2024-04-29,25.790283805789073,1.9513942687676886,13.216336759088522,30.977423669976247
PHG.AS,2024-07-29,13.245628075625904,1.9513942687676886,6.787776456876937,30.977423669976247
PHG.AS,2024-10-28,-18.52801572109959,1.9513942687676886,-9.49475768051737,30.977423669976247
PHG.AS,2025-02-19,-11.866668584983397,1.9513942687676886,-6.081123007744218,30.977423669976247
BEIJb.ST,2019-04-16,15.20013364945072,2.4466488596906637,6.212633900956475,38.83934656944756
BEIJb.ST,2020-03-12,-14.29836926834167,2.4466488596906637,-5.844062670337357,38.83934656944756
BEIJb.ST,2020-03-24,13.263974601863637,2.4466488596906637,5.42128248168012,38.83934656944756
BEIJb.ST,2020-04-21,-17.814089174824254,2.4466488596906637,-7.281015869631794,38.83934656944756
BEIJb.ST,2020-07-15,13.160132170340422,2.4466488596906637,5.378839762075336,38.83934656944756
BEIJb.ST,2022-12-15,-13.371043172086639,2.4466488596906637,-5.465043796181351,38.83934656944756
BEIJb.ST,2023-11-14,13.182263456655585,2.4466488596906637,5.387885312779315,38.83934656944756
ALLFG.AS,2022-01-24,-13.626260388907241,2.660778056965828,-5.12115632990664,42.2385421960154
ALLFG.AS,2022-07-29,16.397439211622668,2.660778056965828,6.162648240688365,42.2385421960154
ALLFG.AS,2023-02-22,15.721903389959468,2.660778056965828,5.908761667964019,42.2385421960154
ALLFG.AS,2023-03-01,-13.453572667978309,2.660778056965828,-5.056255117843183,42.2385421960154
ALLFG.AS,2025-11-27,20.076186608831037,2.660778056965828,7.545231574753953,42.2385421960154
IPN.PA,2019-12-06,-14.638712933733444,2.085932792105317,-7.017825784769745,33.11315651703159
IPN.PA,2020-01-24,-27.144632266042557,2.085932792105317,-13.013186411747078,33.11315651703159
IPN.PA,2020-03-12,-15.206689074860957,2.085932792105317,-7.290114586823746,33.11315651703159
IPN.PA,2020-03-20,16.349633719362444,2.085932792105317,7.838044342196124,33.11315651703159
IPN.PA,2020-03-24,16.976219206903977,2.085932792105317,8.13843057223814,33.11315651703159
IPN.PA,2020-04-06,11.31187065679633,2.085932792105317,5.422931505563676,33.11315651703159
IPN.PA,2021-08-13,-13.371046807121623,2.085932792105317,-6.410104322501359,33.11315651703159
IPN.PA,2022-04-27,-14.052999098407781,2.085932792105317,-6.7370334996383985,33.11315651703159
IPN.PA,2022-07-28,14.68813686357695,2.085932792105317,7.041519707234824,33.11315651703159
SCHP.S,2018-10-23,-9.265864677430091,1.376529041274872,-6.731325238767584,21.85172109402886
SCHP.S,2019-08-14,-7.800118414206381,1.376529041274872,-5.666512060640801,21.85172109402886
SCHP.S,2022-11-11,7.718726654386909,1.376529041274872,5.607383805893563,21.85172109402886
SCHP.S,2023-02-22,7.755760571207038,1.376529041274872,5.634287645703458,21.85172109402886
SCHP.S,2025-04-30,8.85480070012159,1.376529041274872,6.432701697249132,21.85172109402886
SQN.S,2017-08-08,13.248764854393059,2.3409914429190715,5.6594674425091736,37.162087075764724
SQN.S,2018-10-10,-13.14288216688977,2.3409914429190715,-5.614237594350797,37.162087075764724
SQN.S,2019-03-08,-17.116936066616972,2.3409914429190715,-7.31183196691792,37.162087075764724
SQN.S,2020-03-17,14.924116889262539,2.3409914429190715,6.375126630387461,37.162087075764724
SQN.S,2020-03-18,-14.797396234030003,2.3409914429190715,-6.320995439256525,37.162087075764724
SQN.S,2020-06-17,11.745250627442116,2.3409914429190715,5.01721211453747,37.162087075764724
SQN.S,2021-06-16,17.360560414052273,2.3409914429190715,7.4159008425954465,37.162087075764724
SQN.S,2022-05-09,-13.66518662336107,2.3409914429190715,-5.837350095701942,37.162087075764724
SQN.S,2022-11-11,11.90141677401968,2.3409914429190715,5.083921519670038,37.162087075764724
DAST.PA,2019-02-06,9.378967835797791,1.7617977982425623,5.3235211470655415,27.967673007185812
DAST.PA,2020-03-12,-9.271291952910543,1.7617977982425623,-5.262404097768138,27.967673007185812
DAST.PA,2020-03-16,-10.65833568738519,1.7617977982425623,-6.049692931854693,27.967673007185812
DAST.PA,2020-03-20,11.091493609983294,1.7617977982425623,6.2955542463768195,27.967673007185812
DAST.PA,2020-03-24,13.48602300508972,1.7617977982425623,7.654693982784158,27.967673007185812
DAST.PA,2023-02-02,12.540913136781562,1.7617977982425623,7.118247706570775,27.967673007185812
DAST.PA,2024-02-01,-11.145152984042861,1.7617977982425623,-6.326011415816521,27.967673007185812
DAST.PA,2025-02-04,9.08048446559544,1.7617977982425623,5.154101381357981,27.967673007185812
DAST.PA,2025-10-23,-13.85268369327588,1.7617977982425623,-7.862811332318771,27.967673007185812
GEBN.S,2018-10-30,-9.896341243391227,1.4261784468163816,-6.93906240518678,22.639880972859018
GEBN.S,2019-05-02,7.276306295284662,1.4261784468163816,5.101960635800771,22.639880972859018
GEBN.S,2020-03-12,-10.421821647785201,1.4261784468163816,-7.307515879972484,22.639880972859018
GEBN.S,2020-03-24,11.113653013337643,1.4261784468163816,7.792610411513609,22.639880972859018
GEBN.S,2022-11-03,-9.632827989426396,1.4261784468163816,-6.754293623585105,22.639880972859018
GEBN.S,2022-11-10,7.455265817796519,1.4261784468163816,5.227442494618188,22.639880972859018
GEBN.S,2023-11-02,9.699188522152369,1.4261784468163816,6.800823938830093,22.639880972859018
SKFb.ST,2016-06-27,-12.727548343471629,2.0510481384183845,-6.205387433415466,32.559379807662175
SKFb.ST,2020-03-12,-13.79784387971359,2.0510481384183845,-6.7272160127618745,32.559379807662175
SKFb.ST,2023-02-02,11.703792450772132,2.0510481384183845,5.706249517769595,32.559379807662175
TLXGn.DE,2020-03-12,-19.03463481530272,1.6485318008891587,-11.546416517434558,26.169631041204976
TLXGn.DE,2020-03-16,-12.665860690941244,1.6485318008891587,-7.683115778603564,26.169631041204976
TLXGn.DE,2020-03-19,11.129425740855936,1.6485318008891587,6.751113769751438,26.169631041204976
TLXGn.DE,2020-03-24,14.452896850905272,1.6485318008891587,8.767132574033392,26.169631041204976
TLXGn.DE,2022-07-05,-8.930708545147237,1.6485318008891587,-5.417371105810839,26.169631041204976
TLXGn.DE,2023-09-20,-10.671550883193781,1.6485318008891587,-6.4733667117843465,26.169631041204976
DHER.DE,2019-12-13,21.265684559130804,3.4759805787000504,6.117895102591096,55.17948103998428
DHER.DE,2022-02-10,-36.270992095486235,3.4759805787000504,-10.434751079377689,55.17948103998428
DHER.DE,2024-02-02,-24.927468694675213,3.4759805787000504,-7.171348668466268,55.17948103998428
DHER.DE,2024-04-26,-17.504987078480738,3.4759805787000504,-5.035985294551693,55.17948103998428
DHER.DE,2024-05-14,23.39151208616448,3.4759805787000504,6.729471456055273,55.17948103998428
GBLB.BR,2020-03-12,-23.225389342858538,1.354172349648775,-17.15098476858015,21.49681961694398
GBLB.BR,2020-03-26,7.876034848934932,1.354172349648775,5.81612440320296,21.49681961694398
GBLB.BR,2022-03-09,7.438318674973665,1.354172349648775,5.49288920047947,21.49681961694398
GBLB.BR,2025-04-07,-7.579590173073836,1.354172349648775,-5.597212330498194,21.49681961694398
GALE.S,2019-03-12,6.132840339723655,1.2049038198666473,5.089900321174522,19.127255166713493
GALE.S,2019-04-30,7.1762296058039965,1.2049038198666473,5.955852647722725,19.127255166713493
GALE.S,2020-03-24,6.14400591962232,1.2049038198666473,5.099167102235851,19.127255166713493
GALE.S,2020-04-09,-6.519174785818649,1.2049038198666473,-5.410535412312129,19.127255166713493
GALE.S,2021-09-27,-6.2846182640989845,1.2049038198666473,-5.2158671592513794,19.127255166713493
GALE.S,2022-07-27,-6.653271796582949,1.2049038198666473,-5.521828121782617,19.127255166713493
GALE.S,2025-03-14,-7.438739119598292,1.2049038198666473,-6.173720256295291,19.127255166713493
GALE.S,2025-04-07,-7.106558517630646,1.2049038198666473,-5.898029702003239,19.127255166713493
FRES.L,2019-07-30,-20.549554711767428,2.7364060181380956,-7.50968773477181,43.43909886056342
FRES.L,2020-03-24,17.387730461241404,2.7364060181380956,6.354221685666499,43.43909886056342
FRES.L,2020-11-09,-16.318931432261508,2.7364060181380956,-5.9636367279170175,43.43909886056342
FRES.L,2021-01-27,-13.86268329940088,2.7364060181380956,-5.06601842252683,43.43909886056342
FRES.L,2022-01-26,-15.348712811136567,2.7364060181380956,-5.609077274862935,43.43909886056342
AIXGn.DE,2018-10-30,17.317608433882015,3.1931819203359377,5.423307805795205,50.69019151317933
AIXGn.DE,2021-06-10,16.807880929267725,3.1931819203359377,5.263677845044124,50.69019151317933
AIXGn.DE,2024-02-29,-20.48290040286038,3.1931819203359377,-6.414573586432396,50.69019151317933
AIXGn.DE,2024-07-05,16.636164329330683,3.1931819203359377,5.209901829702355,50.69019151317933
AIXGn.DE,2025-02-27,-22.18476950613737,3.1931819203359377,-6.947543252970513,50.69019151317933
VOD.L,2016-06-27,-8.513029117697757,1.7001950265056403,-5.007089766163079,26.989759322656763
VOD.L,2019-07-26,9.53721378214556,1.7001950265056403,5.609482226134438,26.989759322656763
VOD.L,2020-03-09,-8.69577817428055,1.7001950265056403,-5.114576880131641,26.989759322656763
VOD.L,2020-03-12,-14.15456634686475,1.7001950265056403,-8.325260412010618,26.989759322656763
VOD.L,2020-03-16,-8.514232614750208,1.7001950265056403,-5.007797624399158,26.989759322656763
VOD.L,2020-05-12,8.81161702206999,1.7001950265056403,5.182709562549563,26.989759322656763
VOD.L,2020-06-11,-8.899954379802171,1.7001950265056403,-5.234666753551197,26.989759322656763
VOD.L,2024-11-12,-9.05310752448858,1.7001950265056403,-5.324746504579042,26.989759322656763
ZEG.L,2016-06-24,-22.439119283567123,3.5558608711734636,-6.310460419156397,56.44754137122281
ZEG.L,2021-03-29,33.50615609295231,3.5558608711734636,9.422797265376415,56.44754137122281
ZEG.L,2023-04-04,-18.338582112894276,3.5558608711734636,-5.1572833632386725,56.44754137122281
ZEG.L,2024-12-23,18.435390200823033,3.5558608711734636,5.1845083001628245,56.44754137122281
SATG_p.DE,2019-01-29,16.75440026332442,2.5712682061408643,6.516006468446391,40.81761736497534
SATG_p.DE,2022-10-19,-21.0192938893484,2.5712682061408643,-8.174679653856725,40.81761736497534
SATG_p.DE,2023-06-19,-16.512989113485332,2.5712682061408643,-6.422118499364623,40.81761736497534
SATG_p.DE,2023-10-13,-15.148850603617348,2.5712682061408643,-5.891587103763781,40.81761736497534
SATG_p.DE,2024-04-18,-16.34821595783631,2.5712682061408643,-6.3580360534900535,40.81761736497534
SATG_p.DE,2024-06-19,-14.934607172029768,2.5712682061408643,-5.80826501738014,40.81761736497534
SATG_p.DE,2024-07-19,-16.902618234209932,2.5712682061408643,-6.573650385378716,40.81761736497534
SATG_p.DE,2024-10-17,14.942319672850157,2.5712682061408643,5.811264510315949,40.81761736497534
AZMT.MI,2016-06-24,-17.66996649145245,2.1268147671846807,-8.308183093369545,33.76213775202241
AZMT.MI,2016-06-27,-13.216315993502192,2.1268147671846807,-6.214135898161441,33.76213775202241
AZMT.MI,2018-01-15,13.158471155174567,2.1268147671846807,6.186938024975618,33.76213775202241
AZMT.MI,2018-05-21,-11.327841822302709,2.1268147671846807,-5.326200474570554,33.76213775202241
AZMT.MI,2020-03-09,-11.547091191464842,2.1268147671846807,-5.429288610192425,33.76213775202241
AZMT.MI,2020-03-12,-18.157842764928887,2.1268147671846807,-8.537576024528404,33.76213775202241
AZMT.MI,2020-03-13,13.081045028281046,2.1268147671846807,6.150533290492787,33.76213775202241
AZMT.MI,2020-03-16,-11.513776110135732,2.1268147671846807,-5.4136243023066895,33.76213775202241
AZMT.MI,2022-03-10,-10.87867218393539,2.1268147671846807,-5.1150068881343,33.76213775202241
AZMT.MI,2022-06-10,-11.068450291082188,2.1268147671846807,-5.204238028558443,33.76213775202241
AZMT.MI,2025-04-04,-13.82353694351739,2.1268147671846807,-6.49964310799664,33.76213775202241
MNG.L,2020-03-12,-14.179721383812439,2.4687690445089077,-5.743640303393829,39.19049361735072
MNG.L,2020-03-16,-30.574690743088496,2.4687690445089077,-12.384589320371388,39.19049361735072
MNG.L,2020-03-19,27.510165243091038,2.4687690445089077,11.143272111370553,39.19049361735072
MNG.L,2020-03-24,18.895630886610082,2.4687690445089077,7.653867391377972,39.19049361735072
MNG.L,2022-03-08,13.300039593075363,2.4687690445089077,5.387316250848825,39.19049361735072
MICP.PA,2018-10-19,-12.277552024132277,1.6975583353285955,-7.232477240174322,26.947903147825535
MICP.PA,2019-02-12,12.146641768581334,1.6975583353285955,7.155360446703067,26.947903147825535
MICP.PA,2020-03-12,-16.517121567033712,1.6975583353285955,-9.729928700115334,26.947903147825535
MICP.PA,2022-03-04,-8.770525825946418,1.6975583353285955,-5.166553421711256,26.947903147825535
MICP.PA,2022-03-09,10.271869027488023,1.6975583353285955,6.050966740709799,26.947903147825535
MICP.PA,2025-10-14,-9.492021272039786,1.6975583353285955,-5.591572951867024,26.947903147825535
PRY.MI,2016-06-24,-16.243540885998797,2.099229876537414,-7.737857138729272,33.32424118844893
PRY.MI,2020-03-12,-16.59719160012596,2.099229876537414,-7.906324021789498,33.32424118844893
PRY.MI,2020-03-20,-11.095274645223174,2.099229876537414,-5.285402408393851,33.32424118844893
PRY.MI,2025-02-27,-13.080201068940589,2.099229876537414,-6.230952224496631,33.32424118844893
ORSTED.CO,2022-02-24,13.055764961333693,2.442181723714512,5.345943274637287,38.76843298425391
ORSTED.CO,2023-08-30,-27.68450991768927,2.442181723714512,-11.335974570959305,38.76843298425391
ORSTED.CO,2023-11-01,-30.465487524350763,2.442181723714512,-12.474701300283803,38.76843298425391
ORSTED.CO,2024-11-06,-15.540631507903102,2.442181723714512,-6.3634214264228035,38.76843298425391
ORSTED.CO,2025-05-20,13.387348547089584,2.442181723714512,5.481716785075141,38.76843298425391
ORSTED.CO,2025-08-11,-35.388602589236974,2.442181723714512,-14.490568922697356,38.76843298425391
ORSTED.CO,2025-08-25,-17.07715363238438,2.442181723714512,-6.992581046102643,38.76843298425391
ORSTED.CO,2025-12-22,-13.256076000804784,2.442181723714512,-5.427964623632734,38.76843298425391
BAYGn.DE,2018-08-13,-11.34945753180956,2.009756916523609,-5.647179237696748,31.903901980880807
BAYGn.DE,2018-10-23,-10.119137436047687,2.009756916523609,-5.03500565309726,31.903901980880807
BAYGn.DE,2019-03-20,-10.141762608238913,2.009756916523609,-5.046263319138963,31.903901980880807
BAYGn.DE,2020-03-12,-15.963789795574979,2.009756916523609,-7.943144598396734,31.903901980880807
BAYGn.DE,2020-10-01,-13.636482979463205,2.009756916523609,-6.785140465171782,31.903901980880807
BAYGn.DE,2023-11-20,-19.284641898324175,2.009756916523609,-9.595509655805499,31.903901980880807
BAYGn.DE,2024-11-12,-15.981152508766572,2.009756916523609,-7.951783808964361,31.903901980880807
BAYGn.DE,2025-05-14,-10.053897108531906,2.009756916523609,-5.0025438528768476,31.903901980880807
BAYGn.DE,2025-11-24,10.565173638132697,2.009756916523609,5.256941051561539,31.903901980880807
BAYGn.DE,2025-12-02,11.126368054372548,2.009756916523609,5.536176023525503,31.903901980880807
BAB.L,2016-06-24,-16.923654503420458,2.347575763482122,-7.20899183177708,37.26660992433769
BAB.L,2021-01-15,-17.97716865657184,2.347575763482122,-7.657758670121296,37.26660992433769
BAB.L,2021-04-13,27.475850020049307,2.347575763482122,11.70392472415664,37.26660992433769
BAB.L,2021-07-30,-17.373121487817535,2.347575763482122,-7.4004518866084466,37.26660992433769
BAB.L,2023-07-20,13.380615347669057,2.347575763482122,5.699758685454224,37.26660992433769
RENA.PA,2016-06-24,-17.51305049998564,2.558480977262195,-6.845097014841275,40.614626399551604
RENA.PA,2020-03-09,-16.36202558122313,2.558480977262195,-6.3952109578442,40.614626399551604
RENA.PA,2020-03-12,-25.62074138015089,2.558480977262195,-10.014044117524529,40.614626399551604
RENA.PA,2020-03-16,-13.30539039649179,2.558480977262195,-5.2005039375863396,40.614626399551604
RENA.PA,2020-03-24,16.710155857503395,2.558480977262195,6.531280086117649,40.614626399551604
RENA.PA,2020-04-06,13.303752506467292,2.558480977262195,5.199863756932642,40.614626399551604
RENA.PA,2020-05-27,16.245349124790074,2.558480977262195,6.3496071572023425,40.614626399551604
RENA.PA,2020-06-11,-15.418056875473152,2.558480977262195,-6.026254254964937,40.614626399551604
RENA.PA,2020-11-09,14.175398876688572,2.558480977262195,5.540552774348757,40.614626399551604
RENA.PA,2025-07-16,-20.964212447282414,2.558480977262195,-8.194007551197824,40.614626399551604
HSX.L,2016-06-24,-10.449843888651156,1.959088387242073,-5.334033909190811,31.099564014222775
HSX.L,2016-06-27,-11.971856513569623,1.959088387242073,-6.110932304806894,31.099564014222775
HSX.L,2019-11-07,-10.815770324889806,1.959088387242073,-5.520817945389294,31.099564014222775
HSX.L,2020-03-18,-26.51020276520386,1.959088387242073,-13.531907461573939,31.099564014222775
HSX.L,2020-03-19,21.496408500009245,1.959088387242073,10.972658834587365,31.099564014222775
HSX.L,2020-04-14,-18.723957096066624,1.959088387242073,-9.557484602532645,31.099564014222775
HSX.L,2020-04-15,-15.02094598625141,1.959088387242073,-7.667314085505506,31.099564014222775
HSX.L,2020-09-15,15.97217587922577,1.959088387242073,8.152861291628994,31.099564014222775
HSX.L,2021-03-03,-12.337243921582175,1.959088387242073,-6.297441198633237,31.099564014222775
HSX.L,2024-07-08,12.942677275045078,1.959088387242073,6.606479503084221,31.099564014222775
HMb.ST,2017-12-15,-14.327968749030662,2.2926185066964977,-6.249608780169998,36.39419051917921
HMb.ST,2018-09-17,16.117918870262926,2.2926185066964977,7.030353642869138,36.39419051917921
HMb.ST,2019-06-27,12.831366272464617,2.2926185066964977,5.596817017303814,36.39419051917921
HMb.ST,2020-03-12,-15.288155907453449,2.2926185066964977,-6.668425585328895,36.39419051917921
HMb.ST,2020-03-24,12.814818805378625,2.2926185066964977,5.58959930225979,36.39419051917921
HMb.ST,2022-03-31,-13.920633634527757,2.2926185066964977,-6.071936344344708,36.39419051917921
HMb.ST,2023-03-30,15.396536155350615,2.2926185066964977,6.715699149413194,36.39419051917921
HMb.ST,2023-06-29,16.51162654276601,2.2926185066964977,7.202082027401107,36.39419051917921
HMb.ST,2024-01-31,-13.032590570632374,2.2926185066964977,-5.6845875284377,36.39419051917921
HMb.ST,2024-03-27,13.321111726889967,2.2926185066964977,5.81043539864151,36.39419051917921
HMb.ST,2024-06-27,-14.130152342001034,2.2926185066964977,-6.163324731405746,36.39419051917921
GETIb.ST,2018-10-15,-20.599583775217,2.264341129814571,-9.097385329437495,35.945301077426265
GETIb.ST,2019-01-30,13.476142865453689,2.264341129814571,5.951463181944349,35.945301077426265
GETIb.ST,2019-10-18,15.558492463091778,2.264341129814571,6.871090339804885,35.945301077426265
GETIb.ST,2022-04-26,-17.611098564076322,2.264341129814571,-7.777581890021365,35.945301077426265
GETIb.ST,2022-06-15,-19.517929439663106,2.264341129814571,-8.619694790096158,35.945301077426265
GETIb.ST,2023-06-19,-18.89290676531874,2.264341129814571,-8.343666295045349,35.945301077426265
GETIb.ST,2024-02-01,-13.517685760302989,2.264341129814571,-5.9698097527424965,35.945301077426265
GETIb.ST,2024-05-15,-11.836176231748308,2.264341129814571,-5.22720542231973,35.945301077426265
TRN.MI,2016-06-24,-10.123668522557082,1.4217603696267616,-7.120516747287543,22.569746171758087
TRN.MI,2020-03-12,-17.03817923464188,1.4217603696267616,-11.983861414785897,22.569746171758087
CWK.L,2016-04-11,16.22908954617648,1.6783544516006765,9.669643698146423,26.643050944521494
CWK.L,2016-06-24,-15.512560644020779,1.6783544516006765,-9.24272023065579,26.643050944521494
CWK.L,2016-06-27,-9.217899074312452,1.6783544516006765,-5.492224282851085,26.643050944521494
CWK.L,2019-02-07,-13.782097294236406,1.6783544516006765,-8.21167261843419,26.643050944521494
CWK.L,2020-01-17,8.830967938322942,1.6783544516006765,5.261682316211984,26.643050944521494
CWK.L,2020-03-19,-10.03905963061933,1.6783544516006765,-5.981489560232583,26.643050944521494
CWK.L,2020-03-25,10.669359286299196,1.6783544516006765,6.357035771629549,26.643050944521494
CWK.L,2020-03-26,10.411103036171898,1.6783544516006765,6.203161094036271,26.643050944521494
CWK.L,2020-03-27,-12.247282955548933,1.6783544516006765,-7.297196932309787,26.643050944521494
LDOF.MI,2016-06-24,-15.586900288085959,2.4214095344013224,-6.437118573558321,38.4386847015996
LDOF.MI,2017-11-10,-24.05727449556343,2.4214095344013224,-9.935235718608595,38.4386847015996
LDOF.MI,2018-01-30,-12.444818249495304,2.4214095344013224,-5.139493370571948,38.4386847015996
LDOF.MI,2019-03-14,12.351066901083252,2.4214095344013224,5.100775695151862,38.4386847015996
LDOF.MI,2020-03-12,-25.888619955762394,2.4214095344013224,-10.691549524340658,38.4386847015996
LDOF.MI,2020-03-16,-12.459533118053834,2.4214095344013224,-5.145570355216417,38.4386847015996
LDOF.MI,2020-03-24,13.990590511979018,2.4214095344013224,5.777870415232382,38.4386847015996
LDOF.MI,2020-11-09,15.181413879482953,2.4214095344013224,6.269659743136534,38.4386847015996
LDOF.MI,2022-02-28,13.917566241010748,2.4214095344013224,5.747712662101074,38.4386847015996
LDOF.MI,2025-03-03,15.471292483817756,2.4214095344013224,6.389374562218749,38.4386847015996
LDOF.MI,2025-04-04,-13.60894490761817,2.4214095344013224,-5.620257422081594,38.4386847015996
SIKA.S,2016-10-31,11.862201467104505,1.6798535637295653,7.061449713966953,26.666848611804134
SIKA.S,2020-03-12,-12.259187105192115,1.6798535637295653,-7.29777128785833,26.666848611804134
SIKA.S,2020-03-24,11.745801784674104,1.6798535637295653,6.992158148949836,26.666848611804134
SIKA.S,2021-11-11,9.42316874891631,1.6798535637295653,5.6095179677419305,26.666848611804134
SOON.S,2018-10-08,-8.994893463623477,1.7476951883335514,-5.146717530418,27.74380101524862
SOON.S,2020-03-12,-9.89281834971587,1.7476951883335514,-5.6604941272103595,27.74380101524862
SOON.S,2020-03-17,-9.9142782637192,1.7476951883335514,-5.6727731070614125,27.74380101524862
SOON.S,2020-09-28,13.580748266345388,1.7476951883335514,7.770661816203086,27.74380101524862
SOON.S,2021-05-18,11.417452166587871,1.7476951883335514,6.532862390880958,27.74380101524862
SOON.S,2022-08-16,-17.872376923238953,1.7476951883335514,-10.226255151666626,27.74380101524862
SOON.S,2023-05-16,-11.112835881533645,1.7476951883335514,-6.358566388301308,27.74380101524862
ALEP.WA,2022-02-24,-18.7521366759948,2.8700035105501303,-6.533837539592534,45.55989330478791
RAAG.DE,2020-03-17,-10.212423589989772,1.9344270061885498,-5.279301600586919,30.70807672669264
RAAG.DE,2021-02-23,-10.045951743130566,1.9344270061885498,-5.193244154983319,30.70807672669264
RAAG.DE,2021-05-05,11.849608315958093,1.9344270061885498,6.125642517422084,30.70807672669264
RAAG.DE,2022-03-25,-12.076340335276115,1.9344270061885498,-6.2428513956028935,30.70807672669264
RAAG.DE,2022-09-29,13.289304558799397,1.9344270061885498,6.869891971258015,30.70807672669264
RAAG.DE,2022-11-03,-10.16139349080909,1.9344270061885498,-5.252921644652976,30.70807672669264
BRBY.L,2019-07-16,12.608210424065192,2.338877610882275,5.390709785497969,37.12853103246838
BRBY.L,2020-03-12,-12.13063812980506,2.338877610882275,-5.186521121654212,37.12853103246838
BRBY.L,2020-03-16,-12.58418526654963,2.338877610882275,-5.38043769712371,37.12853103246838
BRBY.L,2020-03-18,-12.136187103236207,2.338877610882275,-5.188893615796414,37.12853103246838
BRBY.L,2020-03-24,15.650901045132226,2.338877610882275,6.6916289130786835,37.12853103246838
BRBY.L,2023-11-16,-12.37570187716428,2.338877610882275,-5.291299476117478,37.12853103246838
BRBY.L,2024-07-15,-17.39782098566667,2.338877610882275,-7.438534151901961,37.12853103246838
BRBY.L,2024-11-14,16.52220564701876,2.338877610882275,7.064159992872064,37.12853103246838
BRBY.L,2025-05-14,16.5325648573869,2.338877610882275,7.068589130301034,37.12853103246838
TEMN.S,2019-10-17,-15.445381056261276,2.4670907896492476,-6.260564516337554,39.16385214737924
TEMN.S,2020-03-12,-12.707696318815831,2.4670907896492476,-5.150883126041144,39.16385214737924
TEMN.S,2020-03-24,14.871957457901797,2.4670907896492476,6.028135454235221,39.16385214737924
TEMN.S,2021-02-18,17.629523671383396,2.4670907896492476,7.145875516761922,39.16385214737924
TEMN.S,2021-10-15,-15.18152984085166,2.4670907896492476,-6.153616196268989,39.16385214737924
TEMN.S,2022-04-28,15.28123796407046,2.4670907896492476,6.194031459313677,39.16385214737924
TEMN.S,2022-10-14,-21.545714344360036,2.4670907896492476,-8.733247448677494,39.16385214737924
TEMN.S,2023-03-15,-12.503308539645985,2.4670907896492476,-5.068037460195622,39.16385214737924
TEMN.S,2024-02-15,-32.73645292306231,2.4670907896492476,-13.269253430157116,39.16385214737924
TEMN.S,2024-04-15,17.796608318015306,2.4670907896492476,7.213600890847431,39.16385214737924
TEMN.S,2025-07-23,21.805734849012826,2.4670907896492476,8.838643044876756,39.16385214737924
TEMN.S,2025-09-05,-16.976602946922892,2.4670907896492476,-6.881223430507191,39.16385214737924
TEMN.S,2025-10-29,17.856804579784136,2.4670907896492476,7.238000585427535,39.16385214737924
STDM.PA,2017-10-17,-13.7484393975436,2.4618200367868996,-5.5846646757687814,39.08018153960411
STDM.PA,2019-01-29,14.18770436676553,2.4618200367868996,5.763095658804912,39.08018153960411
STDM.PA,2022-10-19,-18.868185229029244,2.4618200367868996,-7.664323527748797,39.08018153960411
STDM.PA,2023-06-19,-14.101547902107736,2.4618200367868996,-5.728098598349493,39.08018153960411
STDM.PA,2023-07-21,12.9005472147254,2.4618200367868996,5.240247874317752,39.08018153960411
STDM.PA,2023-10-13,-19.219687781280825,2.4618200367868996,-7.80710510682407,39.08018153960411
STDM.PA,2024-04-18,-16.679653076384326,2.4618200367868996,-6.775334032196016,39.08018153960411
STDM.PA,2024-06-19,-14.48481755575779,2.4618200367868996,-5.883784086290475,39.08018153960411
STDM.PA,2024-07-19,-18.189315050266774,2.4618200367868996,-7.388564061736606,39.08018153960411
STDM.PA,2024-10-17,15.99508170528372,2.4618200367868996,6.497258721705777,39.08018153960411
SRP.L,2016-02-25,14.83210754695671,2.0449357953956584,7.253092043453111,32.462349370265855
SRP.L,2016-05-25,12.218452134693013,2.0449357953956584,5.974980809766187,32.462349370265855
SRP.L,2016-06-24,-12.845589207476198,2.0449357953956584,-6.2816589334487185,32.462349370265855
SRP.L,2016-06-27,-13.626232705751413,2.0449357953956584,-6.6634036806593135,32.462349370265855
SRP.L,2017-02-22,-21.770905787841986,2.0449357953956584,-10.646253949322505,32.462349370265855
SRP.L,2020-06-17,13.834059041406965,2.0449357953956584,6.7650334414192805,32.462349370265855
SRP.L,2020-08-06,-16.289207857805,2.0449357953956584,-7.9656329037231846,32.462349370265855
SRP.L,2020-10-16,15.26682602905537,2.0449357953956584,7.4656749925498325,32.462349370265855
SRP.L,2020-11-02,-14.484043013671283,2.0449357953956584,-7.082883993856091,32.462349370265855
SRP.L,2024-11-08,-10.447713259104008,2.0449357953956584,-5.1090666428882,32.462349370265855
MAERSKb.CO,2023-03-29,-26.269900778223665,2.497734854922942,-10.51748976735728,39.6503116026246
MAERSKb.CO,2023-11-03,-18.15458334066813,2.497734854922942,-7.268418945624322,39.6503116026246
MAERSKb.CO,2024-02-08,-16.023322428137465,2.497734854922942,-6.415141461695222,39.6503116026246
VATN.S,2016-02-08,-7.592296032250978,1.295001809940303,-5.862768664856899,20.55751641888345
VATN.S,2018-05-03,-6.743566153254665,1.295001809940303,-5.2073797129021235,20.55751641888345
VATN.S,2020-03-12,-11.381479505954228,1.295001809940303,-8.788774979765389,20.55751641888345
VATN.S,2020-03-24,7.178392994579319,1.295001809940303,5.543152866257561,20.55751641888345
VATN.S,2020-03-26,8.463502816872737,1.295001809940303,6.5355142764340135,20.55751641888345
VATN.S,2020-05-15,-6.601020121861012,1.295001809940303,-5.097305711229319,20.55751641888345
VATN.S,2024-05-24,-7.433312440074857,1.295001809940303,-5.740001583795098,20.55751641888345
VLLP.PA,2018-11-16,-38.4590480303634,3.639685286953341,-10.566586118921336,57.778212718915825
VLLP.PA,2018-11-19,-31.222364393039825,3.639685286953341,-8.578314313316639,57.778212718915825
VLLP.PA,2019-02-21,21.759899272800844,3.639685286953341,5.978511205570558,57.778212718915825
VLLP.PA,2020-03-09,-23.240749502686462,3.639685286953341,-6.385373368954248,57.778212718915825
VLLP.PA,2020-03-16,-18.3483161841119,3.639685286953341,-5.04118206315323,57.778212718915825
VLLP.PA,2020-11-16,22.715696213976287,3.639685286953341,6.241115487485139,57.778212718915825
VLLP.PA,2020-11-24,20.505639572979906,3.639685286953341,5.633904570398857,57.778212718915825
VLLP.PA,2022-02-25,23.526798887149482,3.639685286953341,6.463965159702854,57.778212718915825
KNIN.S,2020-03-24,10.180087159559026,1.55782220507955,6.5348196516682595,24.729660848968507
KNIN.S,2022-03-08,-8.176495545094653,1.55782220507955,-5.248670559729967,24.729660848968507
KNIN.S,2023-02-02,8.27699930797392,1.55782220507955,5.313186113912952,24.729660848968507
KNIN.S,2024-03-01,-15.17334785171185,1.55782220507955,-9.74010243417799,24.729660848968507
KNIN.S,2025-09-19,-10.360064715361439,1.55782220507955,-6.65035116432456,24.729660848968507
MRL.MC,2016-06-24,-19.021117938725716,1.7863148359520415,-10.648244954304568,28.35686891516546
MRL.MC,2020-03-12,-13.537774607029807,1.7863148359520415,-7.5786050334260695,28.35686891516546
MRL.MC,2020-03-23,-9.358133012311033,1.7863148359520415,-5.238792638322059,28.35686891516546
MRL.MC,2020-04-07,14.282027443581402,1.7863148359520415,7.995246501980484,28.35686891516546
MRL.MC,2020-08-04,9.738982871591162,1.7863148359520415,5.451996857206101,28.35686891516546
MRL.MC,2020-11-09,15.818813282586497,1.7863148359520415,8.855557242324329,28.35686891516546
BT.L,2016-06-24,-21.744129970611414,2.0961100014212923,-10.373563389262753,33.27471470637591
BT.L,2017-01-24,-23.240489582536373,2.0961100014212923,-11.087437952577815,33.27471470637591
BT.L,2020-03-12,-15.252957572465952,2.0961100014212923,-7.276792516673029,33.27471470637591
BT.L,2020-03-24,13.512179672567836,2.0961100014212923,6.446312294395687,33.27471470637591
BT.L,2020-11-10,12.310437385625523,2.0961100014212923,5.872992055416121,33.27471470637591
BT.L,2022-11-03,-12.183063586608927,2.0961100014212923,-5.812225302273286,33.27471470637591
BT.L,2024-05-16,16.16431496607319,2.0961100014212923,7.711577615255299,33.27471470637591
RKT.L,2016-06-24,-7.432030286006697,1.4769283968583256,-5.032085713712237,23.445511454018632
RKT.L,2018-02-19,-7.996240603241489,1.4769283968583256,-5.414101739969815,23.445511454018632
RKT.L,2020-03-12,-9.587260024826971,1.4769283968583256,-6.491350593042075,23.445511454018632
RKT.L,2021-07-27,-8.65752712684591,1.4769283968583256,-5.861846210867042,23.445511454018632
RKT.L,2024-02-28,-14.620841655708183,1.4769283968583256,-9.899492546022655,23.445511454018632
RKT.L,2024-03-15,-16.054657283816898,1.4769283968583256,-10.87030171399497,23.445511454018632
RKT.L,2024-07-29,-9.525490037920203,1.4769283968583256,-6.4495273150563825,23.445511454018632
RKT.L,2025-04-07,-8.363846077805714,1.4769283968583256,-5.663000383496599,23.445511454018632
RKT.L,2025-07-24,9.63577390011432,1.4769283968583256,6.524198411115412,23.445511454018632
VACN.S,2019-10-24,11.673814941036476,2.1947839685105737,5.318890199912737,34.84111537314237
VACN.S,2022-11-10,12.826831811612305,2.1947839685105737,5.844234328136113,34.84111537314237
VACN.S,2024-08-02,-11.756043874132693,2.1947839685105737,-5.356355815789283,34.84111537314237
SSE.L,2016-06-24,-16.919853411124297,1.7330579956252077,-9.763004731425847,27.51144278445819
SSE.L,2019-12-13,9.367465043695455,1.7330579956252077,5.4051653593485804,27.51144278445819
SSE.L,2020-03-12,-13.941774087191572,1.7330579956252077,-8.044609079664424,27.51144278445819
SSE.L,2020-03-18,-14.503108816435706,1.7330579956252077,-8.368507489677892,27.51144278445819
SSE.L,2020-03-24,13.96971511020122,1.7330579956252077,8.060731461650589,27.51144278445819
SSE.L,2022-05-24,-8.742502001080155,1.7330579956252077,-5.0445524749598825,27.51144278445819
SSE.L,2025-11-12,15.355762467778478,1.7330579956252077,8.860501210312252,27.51144278445819
BEAN.S,2020-03-12,-10.250839559244795,1.8219201676054748,-5.626393374149503,28.922086032583223
BEAN.S,2020-03-24,13.102726269385823,1.8219201676054748,7.191712624053424,28.922086032583223
BEAN.S,2021-09-28,-10.220166212581727,1.8219201676054748,-5.6095576492871,28.922086032583223
BEAN.S,2022-03-08,-9.184399023828504,1.8219201676054748,-5.0410545901687,28.922086032583223
BEAN.S,2022-05-02,-10.911293826565682,1.8219201676054748,-5.988897878498293,28.922086032583223
BEAN.S,2024-07-22,16.34067122442673,1.8219201676054748,8.968928230210576,28.922086032583223
BEAN.S,2025-04-24,11.238598696872604,1.8219201676054748,6.1685461836911015,28.922086032583223
LGEN.L,2016-06-24,-30.802775343713474,2.199989258629646,-14.001329880537805,34.923746792084415
LGEN.L,2016-06-27,-17.161079819257374,2.199989258629646,-7.800528912557901,34.923746792084415
LGEN.L,2020-03-12,-20.632291701003435,2.199989258629646,-9.37836019883802,34.923746792084415
LGEN.L,2020-03-16,-11.798138936734015,2.199989258629646,-5.362816609424254,34.923746792084415
LGEN.L,2020-03-23,-13.901147375053075,2.199989258629646,-6.318734203144236,34.923746792084415
LGEN.L,2020-03-24,16.816805164424004,2.199989258629646,7.644039669038677,34.923746792084415
LGEN.L,2020-03-25,15.479175708264059,2.199989258629646,7.0360233112710295,34.923746792084415
LGEN.L,2020-03-26,15.467242894795941,2.199989258629646,7.030599278666638,34.923746792084415
LGEN.L,2020-04-01,-12.197503260752685,2.199989258629646,-5.5443467339246935,34.923746792084415
LGEN.L,2020-04-03,-11.839475804776779,2.199989258629646,-5.38160618663724,34.923746792084415
LGEN.L,2020-04-06,15.51913048063155,2.199989258629646,7.054184660109786,34.923746792084415
LGEN.L,2020-11-09,13.433981164363685,2.199989258629646,6.1063848887751355,34.923746792084415
SGE.L,2016-06-24,-11.980097488859132,1.6752064185713684,-7.151415703788832,26.593077469434096
SGE.L,2016-06-27,-9.031858902793566,1.6752064185713684,-5.391490148716132,26.593077469434096
SGE.L,2018-08-31,-8.424983409071185,1.6752064185713684,-5.029221065339571,26.593077469434096
SGE.L,2019-07-25,-10.959378058174085,1.6752064185713684,-6.542106057306266,26.593077469434096
SGE.L,2020-03-12,-12.890623272573087,1.6752064185713684,-7.6949462046392645,26.593077469434096
SGE.L,2020-05-14,-8.554843314442628,1.6752064185713684,-5.106739814033352,26.593077469434096
SGE.L,2020-11-20,-14.125999993429872,1.6752064185713684,-8.43239366613498,26.593077469434096
SGE.L,2021-11-17,9.359716929466932,1.6752064185713684,5.587202165479395,26.593077469434096
SGE.L,2023-11-22,12.438196937320356,1.6752064185713684,7.424874212174859,26.593077469434096
SGE.L,2024-05-16,-9.609655502962466,1.6752064185713684,-5.736400837789095,26.593077469434096
SGE.L,2024-11-20,16.602589264844525,1.6752064185713684,9.910772237252628,26.593077469434096
SGE.L,2025-04-07,-9.576917030912435,1.6752064185713684,-5.716857889715895,26.593077469434096
EDPR.LS,2020-03-12,-13.179000196310353,1.9271795862544756,-6.838490969035266,30.593027501938163
EDPR.LS,2021-03-03,-10.286953771183871,1.9271795862544756,-5.337828318935672,30.593027501938163
EDPR.LS,2024-11-06,-13.610671771440197,1.9271795862544756,-7.062482328329814,30.593027501938163
EDPR.LS,2025-02-27,-12.777710960153499,1.9271795862544756,-6.630264792803932,30.593027501938163
EDPR.LS,2025-04-04,-10.427630409768529,1.9271795862544756,-5.410824442176095,30.593027501938163
LOGN.S,2016-07-28,13.998217612937447,2.0741693173305804,6.748830722726583,32.926417144183986
LOGN.S,2016-10-26,16.060371161235665,2.0741693173305804,7.74303767153642,32.926417144183986
LOGN.S,2017-01-25,14.451807168443631,2.0741693173305804,6.967515644789719,32.926417144183986
LOGN.S,2018-10-23,-11.173129976025864,2.0741693173305804,-5.386797443520901,32.926417144183986
LOGN.S,2020-03-19,11.25668767676884,2.0741693173305804,5.4270823421763845,32.926417144183986
LOGN.S,2020-10-20,14.885052230992013,2.0741693173305804,7.1763920653058415,32.926417144183986
LOGN.S,2020-11-09,-14.804647863524512,2.0741693173305804,-7.137627453952425,32.926417144183986
LOGN.S,2022-10-25,11.544001826864658,2.0741693173305804,5.565602446439419,32.926417144183986
LOGN.S,2023-01-12,-19.137925757371033,2.0741693173305804,-9.226790502330449,32.926417144183986
LOGN.S,2023-06-14,-12.887394370952787,2.0741693173305804,-6.2132798240110105,32.926417144183986
LOGN.S,2023-07-25,11.195307701247081,2.0741693173305804,5.397489784322548,32.926417144183986
LOGN.S,2025-04-03,-15.335131465073104,2.0741693173305804,-7.393384588683989,32.926417144183986
BTRW.L,2016-06-24,-35.39888390683028,2.4353916664446333,-14.535191359387467,38.66064416671001
BTRW.L,2016-06-27,-25.435212459394705,2.4353916664446333,-10.443992565896774,38.66064416671001
BTRW.L,2019-10-11,13.989663127682084,2.4353916664446333,5.744317565192804,38.66064416671001
BTRW.L,2019-12-13,14.694390668762125,2.4353916664446333,6.033686848495336,38.66064416671001
BTRW.L,2020-03-12,-17.040457978790013,2.4353916664446333,-6.997009234110974,38.66064416671001
BTRW.L,2020-03-16,-16.5228227610106,2.4353916664446333,-6.7844622237423735,38.66064416671001
BTRW.L,2020-03-18,-15.069098876391983,2.4353916664446333,-6.1875463745800605,38.66064416671001
BTRW.L,2020-03-20,12.521256091956868,2.4353916664446333,5.141372644276283,38.66064416671001
BTRW.L,2020-03-26,12.769174274939022,2.4353916664446333,5.243170719057447,38.66064416671001
BTRW.L,2020-04-06,15.315963390497034,2.4353916664446333,6.288911800727487,38.66064416671001
BTRW.L,2020-11-09,12.56261690588174,2.4353916664446333,5.158355873091077,38.66064416671001
LAND.L,2016-06-24,-25.05662404053801,1.9699731375848641,-12.719271934467482,31.27235406916308
LAND.L,2016-06-27,-13.775648618745162,1.9699731375848641,-6.992810387066368,31.27235406916308
LAND.L,2020-03-12,-12.546118244040283,1.9699731375848641,-6.368674782754397,31.27235406916308
LAND.L,2020-05-12,-13.204072401845313,1.9699731375848641,-6.702666219110562,31.27235406916308
LAND.L,2020-11-09,19.06866585853326,1.9699731375848641,9.679657805847521,31.27235406916308
IMB.L,2016-06-24,-7.73950829887311,1.5463709324579555,-5.004949418294592,24.547877531656855
IMB.L,2019-09-26,-14.076365434162952,1.5463709324579555,-9.102838871776113,24.547877531656855
IMB.L,2020-02-20,-8.524716356324813,1.5463709324579555,-5.512724131961522,24.547877531656855
IMB.L,2020-03-12,-9.297725647876565,1.5463709324579555,-6.0126102041363625,24.547877531656855
IMB.L,2020-03-31,11.169870823482153,1.5463709324579555,7.223280384433799,24.547877531656855
IMB.L,2020-11-17,7.786049824793917,1.5463709324579555,5.035046676943155,24.547877531656855
IMB.L,2022-02-24,-8.977409263625225,1.5463709324579555,-5.805469486778078,24.547877531656855
IMB.L,2022-05-17,9.484432585444846,1.5463709324579555,6.133348982685123,24.547877531656855
QLT.L,2019-10-11,11.601970060084332,2.1693627185478848,5.34810060156763,34.437565540636264
QLT.L,2020-03-12,-15.815034671235967,2.1693627185478848,-7.290175375477155,34.437565540636264
QLT.L,2020-03-16,-12.10510184341172,2.1693627185478848,-5.58002667784139,34.437565540636264
QLT.L,2020-03-18,-11.715934520531174,2.1693627185478848,-5.40063421407625,34.437565540636264
QLT.L,2022-03-09,12.24026483260125,2.1693627185478848,5.6423320673615,34.437565540636264
QLT.L,2022-08-01,14.291212180733675,2.1693627185478848,6.5877467417250735,34.437565540636264
QLT.L,2023-08-08,12.211078366982484,2.1693627185478848,5.6288781320793895,34.437565540636264
ADYEN.AS,2023-02-08,-17.390689057230446,3.0415871697027606,-5.717636249409203,48.283699451749904
ADYEN.AS,2023-08-17,-49.549526769817035,3.0415871697027606,-16.29068114942741,48.283699451749904
ADYEN.AS,2023-11-09,32.26331390355561,3.0415871697027606,10.607394134526333,48.283699451749904
ADYEN.AS,2024-02-08,19.177121189147872,3.0415871697027606,6.304971752962108,48.283699451749904
ADYEN.AS,2024-04-25,-20.053094545769756,3.0415871697027606,-6.592970520627705,48.283699451749904
GF.S,2017-07-19,12.532288224739663,1.771072638094322,7.07610063821235,28.114906525372056
GF.S,2020-03-12,-12.591263365260197,1.771072638094322,-7.10939974704167,28.114906525372056
GF.S,2020-03-24,11.189958504060105,1.771072638094322,6.318181571649441,28.114906525372056
GF.S,2024-10-30,14.655984207185213,1.771072638094322,8.27520220907206,28.114906525372056
GF.S,2025-11-06,-9.730177684143637,1.771072638094322,-5.493946140240373,28.114906525372056
KGH.WA,2020-03-12,-19.235009823434535,2.638637953729796,-7.289749545308122,41.88707895303238
KGH.WA,2022-07-05,-14.858445751804572,2.638637953729796,-5.631104385048999,41.88707895303238
YAR.OL,2020-03-12,-13.05502596369732,1.8982743036176877,-6.877312693332755,30.134170365340324
YAR.OL,2020-03-16,-9.817513648947296,1.8982743036176877,-5.171809801269133,30.134170365340324
YAR.OL,2020-03-18,-10.203642765394605,1.8982743036176877,-5.375220401998139,30.134170365340324
YAR.OL,2023-06-13,-13.023485285250525,1.8982743036176877,-6.860697245087638,30.134170365340324
ADP.PA,2020-03-12,-16.11178504139925,1.9947227228696178,-8.077205346225144,31.66524155545573
ADP.PA,2020-03-16,-17.112684462337402,1.9947227228696178,-8.578979056156241,31.66524155545573
ADP.PA,2020-03-17,-10.072225317105232,1.9947227228696178,-5.0494362958954415,31.66524155545573
ADP.PA,2020-03-19,12.782525746605522,1.9947227228696178,6.408171722341699,31.66524155545573
ADP.PA,2020-03-20,19.64955189818882,1.9947227228696178,9.85076856693189,31.66524155545573
ADP.PA,2020-03-24,12.112785373872814,1.9947227228696178,6.0724155969142934,31.66524155545573
ADP.PA,2020-05-18,12.596447443212089,1.9947227228696178,6.314886424460427,31.66524155545573
ADP.PA,2020-05-26,12.26266289197131,1.9947227228696178,6.147552615398186,31.66524155545573
ADP.PA,2020-11-09,22.504745304089635,1.9947227228696178,11.28214214741295,31.66524155545573
ADP.PA,2022-12-06,-14.137651152897135,1.9947227228696178,-7.087526998518692,31.66524155545573
ADP.PA,2025-12-18,-13.113084472669012,1.9947227228696178,-6.573888351662463,31.66524155545573
QQ.L,2016-06-24,-16.30358693883407,1.9182411763563567,-8.499237290798991,30.45113464369748
QQ.L,2017-07-19,-9.891932076003984,1.9182411763563567,-5.15677183762337,30.45113464369748
QQ.L,2020-11-12,9.777673500873485,1.9182411763563567,5.097207599018332,30.45113464369748
QQ.L,2021-10-14,-13.462279164450797,1.9182411763563567,-7.018032628213104,30.45113464369748
QQ.L,2022-02-28,10.671903405525264,1.9182411763563567,5.563379379539873,30.45113464369748
QQ.L,2024-05-23,12.798641948565548,1.9182411763563567,6.672071325711085,30.45113464369748
QQ.L,2024-11-14,-10.234990605643768,1.9182411763563567,-5.3356119823706605,30.45113464369748
QQ.L,2025-03-03,12.75782822669209,1.9182411763563567,6.650794688353638,30.45113464369748
QQ.L,2025-03-17,-22.813137392470885,1.9182411763563567,-11.892736780785706,30.45113464369748
SAF.PA,2020-03-12,-19.3039496562311,2.1230343658625883,-9.092622317674028,33.70212574149675
SAF.PA,2020-03-16,-11.804487304458622,2.1230343658625883,-5.560196054415945,33.70212574149675
SAF.PA,2020-03-18,-26.41094220707947,2.1230343658625883,-12.440185911144546,33.70212574149675
SAF.PA,2020-03-20,16.75545579317559,2.1230343658625883,7.892220711353323,33.70212574149675
SAF.PA,2020-03-23,-14.18575581037791,2.1230343658625883,-6.681830515077055,33.70212574149675
SAF.PA,2020-03-24,19.56216839913658,2.1230343658625883,9.214249525908393,33.70212574149675
SAF.PA,2020-03-25,17.117431240255243,2.1230343658625883,8.062719810614292,33.70212574149675
SAF.PA,2020-03-26,12.857443875447938,2.1230343658625883,6.056163801297658,33.70212574149675
SAF.PA,2020-04-01,-18.150766300732712,2.1230343658625883,-8.54944535641469,33.70212574149675
SAF.PA,2020-11-09,13.194746280818936,2.1230343658625883,6.215041307377949,33.70212574149675
ACS.MC,2016-06-24,-14.290695676700116,1.9854298653750608,-7.197784180606404,31.517722016057164
ACS.MC,2020-03-12,-21.764853693041395,1.9854298653750608,-10.962287851416939,31.517722016057164
ACS.MC,2020-03-16,-15.00398782182324,1.9854298653750608,-7.557047510710677,31.517722016057164
ACS.MC,2020-03-18,-16.313157342121176,1.9854298653750608,-8.2164359600985,31.517722016057164
ACS.MC,2020-03-20,14.709145510225996,1.9854298653750608,7.408544500486468,31.517722016057164
ACS.MC,2020-03-25,10.690600848257503,1.9854298653750608,5.384527066252213,31.517722016057164
ACS.MC,2020-09-21,-11.18362022916708,1.9854298653750608,-5.632845775216754,31.517722016057164
ACS.MC,2020-10-02,22.802446529060116,1.9854298653750608,11.48489147197984,31.517722016057164
ACS.MC,2024-01-29,-10.97299827301268,1.9854298653750608,-5.526761969473954,31.517722016057164
INF.L,2016-06-24,-11.195181821739553,1.89114152318131,-5.919801180668292,30.02094098619383
INF.L,2020-03-12,-12.688793717423152,1.89114152318131,-6.709595004861323,30.02094098619383
INF.L,2020-03-16,-12.558126044616657,1.89114152318131,-6.640500401837281,30.02094098619383
INF.L,2020-03-18,-12.655256446770702,1.89114152318131,-6.6918611281306,30.02094098619383
INF.L,2020-03-24,10.495455565398881,1.89114152318131,5.549799122248265,30.02094098619383
INF.L,2020-04-07,10.423890359355115,1.89114152318131,5.511956789896861,30.02094098619383
INF.L,2020-06-11,-10.257299812166698,1.89114152318131,-5.423866847845261,30.02094098619383
INF.L,2020-11-09,20.371135671257278,1.89114152318131,10.771872660798337,30.02094098619383
SAPG.DE,2016-06-24,-8.666700854085718,1.6584561592881237,-5.225764217852955,26.327175346678196
SAPG.DE,2019-04-24,11.500843049139142,1.6584561592881237,6.9346681157226175,26.327175346678196
SAPG.DE,2019-10-11,9.861990495038597,1.6584561592881237,5.946488509694317,26.327175346678196
SAPG.DE,2020-03-12,-11.028952970520933,1.6584561592881237,-6.650132358792652,26.327175346678196
SAPG.DE,2020-10-26,-25.079797165186513,1.6584561592881237,-15.122375725597577,26.327175346678196
SAPG.DE,2025-04-23,9.557768302719438,1.6584561592881237,5.763051527887248,26.327175346678196
TCAPI.L,2016-06-24,-16.424429906488335,2.386120850765319,-6.883318546594318,37.878494215625395
TCAPI.L,2016-06-27,-11.978685905922081,2.386120850765319,-5.020150551921988,37.878494215625395
TCAPI.L,2018-07-10,-45.128957198521505,2.386120850765319,-18.913106259495173,37.878494215625395
TCAPI.L,2020-03-12,-13.167666643324715,2.386120850765319,-5.518440794438952,37.878494215625395
TCAPI.L,2020-03-16,-17.32886377773184,2.386120850765319,-7.2623579699133085,37.878494215625395
TCAPI.L,2020-03-20,14.544886807994306,2.386120850765319,6.0956203468609775,37.878494215625395
TCAPI.L,2020-03-24,12.495386509068961,2.386120850765319,5.23669474036121,37.878494215625395
TCAPI.L,2020-03-26,16.792589500338995,2.386120850765319,7.037610645308671,37.878494215625395
TCAPI.L,2020-09-30,-18.171630577601704,2.386120850765319,-7.615553324456879,37.878494215625395
TCAPI.L,2022-03-15,-16.4477882404437,2.386120850765319,-6.893107796769083,37.878494215625395
TCAPI.L,2022-08-10,12.809509221644122,2.386120850765319,5.368340508627477,37.878494215625395
HWDN.L,2016-06-24,-28.390489059917613,2.0410241750271685,-13.909922972636863,32.400254321955934
HWDN.L,2016-06-27,-23.93687975792904,2.0410241750271685,-11.727876646836098,32.400254321955934
HWDN.L,2019-10-11,12.706902592844905,2.0410241750271685,6.2257482044159325,32.400254321955934
HWDN.L,2020-03-12,-11.73027842046157,2.0410241750271685,-5.74725109285167,32.400254321955934
HWDN.L,2020-03-16,-10.51915847657845,2.0410241750271685,-5.153862754437207,32.400254321955934
HWDN.L,2020-03-18,-11.655764482851417,2.0410241750271685,-5.710742981619149,32.400254321955934
HWDN.L,2020-03-20,11.011073669732285,2.0410241750271685,5.394876652838135,32.400254321955934
SAMPO.HE,2016-06-27,-10.48520089278826,1.4820697862271957,-7.07470119843663,23.527128479998925
SAMPO.HE,2020-03-09,-8.070833878361672,1.4820697862271957,-5.445650369074081,23.527128479998925
SAMPO.HE,2020-03-12,-17.051121046812835,1.4820697862271957,-11.504938030090145,23.527128479998925
SAMPO.HE,2020-03-16,-12.811347738514867,1.4820697862271957,-8.644227051634218,23.527128479998925
SAMPO.HE,2020-03-24,15.4540562317252,1.4820697862271957,10.42734719737155,23.527128479998925
SAMPO.HE,2020-04-29,7.6709397353285524,1.4820697862271957,5.175828970143129,23.527128479998925
SAMPO.HE,2020-05-18,8.730894871117734,1.4820697862271957,5.891014682475499,23.527128479998925
SAMPO.HE,2025-04-07,-7.835233204300707,1.4820697862271957,-5.286683040915588,23.527128479998925
ARGX.BR,2017-12-11,45.15117391056309,2.686516904718552,16.806584701276343,42.64713373713777
ARGX.BR,2017-12-12,15.231910366548895,2.686516904718552,5.669761593457994,42.64713373713777
ARGX.BR,2017-12-14,18.694035845482748,2.686516904718552,6.958465741514176,42.64713373713777
ARGX.BR,2018-11-01,13.495564575192986,2.686516904718552,5.0234430133268875,42.64713373713777
ARGX.BR,2020-05-26,26.52580318259483,2.686516904718552,9.873678120545367,42.64713373713777
ARGX.BR,2023-07-17,27.097249319185135,2.686516904718552,10.086387050679633,42.64713373713777
ARGX.BR,2023-12-20,-29.746859065092313,2.686516904718552,-11.072649129006201,42.64713373713777
ARGX.BR,2024-03-21,13.66044106446882,2.686516904718552,5.084814854682603,42.64713373713777
IMI.L,2016-06-24,-10.36469970501086,1.883291156011242,-5.50350362551641,29.896320270798554
IMI.L,2020-03-09,-10.118494907140807,1.883291156011242,-5.372772486529112,29.896320270798554
IMI.L,2020-03-12,-12.000274730042015,1.883291156011242,-6.37196999079965,29.896320270798554
IMI.L,2020-03-18,-15.324702165243487,1.883291156011242,-8.137192231975845,29.896320270798554
IMI.L,2021-04-26,10.59951517119515,1.883291156011242,5.628187196314683,29.896320270798554
SAABb.ST,2018-10-23,-17.305677764201334,2.2773439478001554,-7.599061960279688,36.15171441382363
SAABb.ST,2020-10-19,-15.051606940374507,2.2773439478001554,-6.60928137575086,36.15171441382363
SAABb.ST,2022-02-28,16.269519102601905,2.2773439478001554,7.1440763782377985,36.15171441382363
SAABb.ST,2025-02-17,15.193952584826098,2.2773439478001554,6.67178649035557,36.15171441382363
SAABb.ST,2025-03-03,11.799026925424583,2.2773439478001554,5.181047393750989,36.15171441382363
SAABb.ST,2025-07-18,16.356580918443875,2.2773439478001554,7.182305920124112,36.15171441382363
NAFG.DE,2018-11-26,-14.04462659740573,2.2866916798058687,-6.141897799968408,36.30010505908122
NAFG.DE,2020-03-12,-12.402887804145601,2.2866916798058687,-5.423944082045446,36.30010505908122
NAFG.DE,2021-08-05,-12.79776172453122,2.2866916798058687,-5.596627581037816,36.30010505908122
NAFG.DE,2024-08-05,-11.479849880522597,2.2866916798058687,-5.02028759797525,36.30010505908122
INVP.L,2016-06-24,-14.777912006382454,2.3413595730306804,-6.3116798361961,37.16793096011732
INVP.L,2020-03-12,-11.933471527571783,2.3413595730306804,-5.096812836878776,37.16793096011732
INVP.L,2020-03-16,-25.17616073725174,2.3413595730306804,-10.752795524125094,37.16793096011732
INVP.L,2020-03-18,-17.867467676466042,2.3413595730306804,-7.631236091318603,37.16793096011732
INVP.L,2020-03-19,-16.363437351862174,2.3413595730306804,-6.988861318161897,37.16793096011732
INVP.L,2020-03-25,15.688905058822378,2.3413595730306804,6.70076704131117,37.16793096011732
INVP.L,2020-11-09,12.416460565810116,2.3413595730306804,5.303098553862071,37.16793096011732
RYA.I,2016-06-24,-13.226626102866312,2.3426148074423345,-5.6460951501058485,37.18785718865929
RYA.I,2016-06-27,-17.1049123726982,2.3426148074423345,-7.301632482795297,37.18785718865929
RYA.I,2018-10-01,-13.09350121873627,2.3426148074423345,-5.589267675223033,37.18785718865929
RYA.I,2020-02-24,-14.304290486363769,2.3426148074423345,-6.106121433587788,37.18785718865929
RYA.I,2020-03-16,-11.94140246871811,2.3426148074423345,-5.097467338967146,37.18785718865929
RYA.I,2020-04-06,12.704125293913693,2.3426148074423345,5.42305344163006,37.18785718865929
RYA.I,2020-05-18,14.952467711821793,2.3426148074423345,6.382811064080521,37.18785718865929
RYA.I,2020-11-09,13.321432088893781,2.3426148074423345,5.686565305816585,37.18785718865929
RYA.I,2021-11-26,-12.248641504712054,2.3426148074423345,-5.228619517728189,37.18785718865929
RYA.I,2024-07-22,-18.830025269210182,2.3426148074423345,-8.038037328795335,37.18785718865929
SFZN.S,2022-08-18,14.751204330401535,1.7369139017829365,8.49276657597102,27.572653397091106
SFZN.S,2022-08-19,-9.27710262519259,1.7369139017829365,-5.341141328692041,27.572653397091106
SFZN.S,2023-02-22,-11.185135401436863,1.7369139017829365,-6.439660244503402,27.572653397091106
SALM.OL,2020-03-12,-17.06302511593769,2.2864525044645236,-7.4626632666195585,36.296308268243585
SALM.OL,2020-04-01,11.537612502094241,2.2864525044645236,5.0460757350375385,36.296308268243585
SALM.OL,2022-09-28,-37.99667109476408,2.2864525044645236,-16.618176419834587,36.296308268243585
CARR.PA,2016-06-24,-8.750940099525595,1.6969800347815867,-5.156772572549389,26.938722911242905
CARR.PA,2017-08-31,-14.840501581090582,1.6969800347815867,-8.745242299212235,26.938722911242905
CARR.PA,2018-07-27,10.561109750301334,1.6969800347815867,6.2234731899250795,26.938722911242905
CARR.PA,2018-10-18,8.713262420742618,1.6969800347815867,5.134569789952819,26.938722911242905
CARR.PA,2020-03-12,-14.481629504026294,1.6969800347815867,-8.533765399243594,26.938722911242905
CARR.PA,2020-03-17,9.374096125640197,1.6969800347815867,5.523987279465376,26.938722911242905
CARR.PA,2021-01-13,12.63181407121845,1.6969800347815867,7.4437022312076015,26.938722911242905
CARR.PA,2025-02-20,-9.156577258277787,1.6969800347815867,-5.395807299203908,26.938722911242905
RBIV.VI,2019-03-05,-13.212129330065103,2.391960124346507,-5.523557519034608,37.97118981002395
RBIV.VI,2020-03-12,-14.507527294226286,2.391960124346507,-6.065120879968599,37.97118981002395
RBIV.VI,2020-11-09,12.767717881325469,2.391960124346507,5.337763682332982,37.97118981002395
RBIV.VI,2022-02-24,-27.925752630950782,2.391960124346507,-11.67484037326091,37.97118981002395
RBIV.VI,2022-02-28,-15.245616960167041,2.391960124346507,-6.373691937833707,37.97118981002395
RBIV.VI,2022-03-04,-13.153242651744534,2.391960124346507,-5.498938932076911,37.97118981002395
RBIV.VI,2022-03-09,16.897735273430925,2.391960124346507,7.064388365607664,37.97118981002395
RBIV.VI,2025-08-07,13.406600705727234,2.391960124346507,5.604859616708691,37.97118981002395
HNKG_p.DE,2019-01-21,-10.610989263050374,1.3409898042868063,-7.912803832758249,21.287553196896397
HNKG_p.DE,2019-08-13,-7.132405151339949,1.3409898042868063,-5.318761655412628,21.287553196896397
HNKG_p.DE,2020-03-12,-9.27335384017196,1.3409898042868063,-6.915305254765836,21.287553196896397
HNKG_p.DE,2020-03-24,7.391103110646391,1.3409898042868063,5.511677334919996,21.287553196896397
HNKG_p.DE,2022-01-28,-12.223660876107623,1.3409898042868063,-9.115401800246103,21.287553196896397
HNKG_p.DE,2022-02-24,-7.632385635996375,1.3409898042868063,-5.69160601489852,21.287553196896397
HNKG_p.DE,2024-05-03,7.396572298641146,1.3409898042868063,5.515755805895146,21.287553196896397
HNKG_p.DE,2025-03-11,-10.315739945086477,1.3409898042868063,-7.692631153577499,21.287553196896397
FPE3_p.DE,2019-10-30,8.957231263366605,1.7245944021790645,5.193819052206675,27.377087403719486
FPE3_p.DE,2020-03-12,-9.731739222916547,1.7245944021790645,-5.642914769188785,27.377087403719486
FPE3_p.DE,2020-03-18,16.318626090099507,1.7245944021790645,9.462297957989746,27.377087403719486
FPE3_p.DE,2022-06-10,-9.725993918153986,1.7245944021790645,-5.639583374424137,27.377087403719486
FPE3_p.DE,2025-07-16,-14.360689823722561,1.7245944021790645,-8.326995498522725,27.377087403719486
LIFCOb.ST,2020-03-12,-16.639910476879205,2.121220788648994,-7.8444971715920095,33.67333609575325
LIFCOb.ST,2020-03-16,-11.398073456244884,2.121220788648994,-5.373355530568942,33.67333609575325
LIFCOb.ST,2020-03-18,-14.06497246560292,2.121220788648994,-6.630602783485308,33.67333609575325
LIFCOb.ST,2020-10-22,11.211898144832366,2.121220788648994,5.285587528101319,33.67333609575325
SAVE.ST,2022-10-05,-13.336250098947922,2.4684592142292896,-5.402661717913703,39.185575214139675
ATCOa.ST,2016-06-27,-10.450471496484992,1.9529473747778643,-5.351128059799189,31.002078463552113
ATCOa.ST,2020-03-12,-10.297496388268112,1.9529473747778643,-5.272797680705241,31.002078463552113
ATCOa.ST,2020-03-24,10.890182963803131,1.9529473747778643,5.576280807383159,31.002078463552113
ATCOa.ST,2023-04-27,13.574431710138546,1.9529473747778643,6.950741164585939,31.002078463552113
ERST.VI,2016-06-24,-15.625356121492784,2.156439679975424,-7.24590456509818,34.23241866316011
ERST.VI,2016-07-14,13.53816806246444,2.156439679975424,6.2780184338931875,34.23241866316011
ERST.VI,2020-03-12,-13.862156873703668,2.156439679975424,-6.428260898010209,34.23241866316011
ERST.VI,2020-03-16,-12.726905273334976,2.156439679975424,-5.901813712442918,34.23241866316011
ERST.VI,2020-03-18,-11.925151587544436,2.156439679975424,-5.530018622028111,34.23241866316011
ERST.VI,2020-03-24,12.417829234148359,2.156439679975424,5.758486708188322,34.23241866316011
ERST.VI,2020-11-09,12.960449841667021,2.156439679975424,6.01011470991608,34.23241866316011
ERST.VI,2022-02-24,-14.885129960253396,2.156439679975424,-6.9026414689341244,34.23241866316011
ERST.VI,2022-03-01,-11.323034179545344,2.156439679975424,-5.250800328286663,34.23241866316011
ERST.VI,2022-03-09,13.496282167445361,2.156439679975424,6.258594799924648,34.23241866316011
ERST.VI,2022-11-04,11.33549285904758,2.156439679975424,5.256577758380316,34.23241866316011
BCU.MI,2018-07-04,-15.167368550809268,2.177539231376476,-6.965370971168038,34.567363657853356
BCU.MI,2019-01-08,-12.497668921772798,2.177539231376476,-5.739354194722229,34.567363657853356
BCU.MI,2025-09-25,-19.11245684262175,2.177539231376476,-8.777089554680627,34.567363657853356
VALMT.HE,2020-02-05,13.3539259042327,2.032181254960376,6.571227773918758,32.2598773177938
VALMT.HE,2020-03-12,-10.37564718147399,2.032181254960376,-5.105670154248272,32.2598773177938
VALMT.HE,2020-03-24,13.162619639452044,2.032181254960376,6.4770893872400634,32.2598773177938
VALMT.HE,2023-02-02,10.573799677838558,2.032181254960376,5.203177448876099,32.2598773177938
VALMT.HE,2024-06-13,12.234645815225331,2.032181254960376,6.0204500879838525,32.2598773177938
VALMT.HE,2024-09-25,11.622623359924722,2.032181254960376,5.719284798811582,32.2598773177938
VALMT.HE,2025-07-23,11.511129763145789,2.032181254960376,5.664420796643081,32.2598773177938
ENEI.MI,2016-06-24,-13.463248951505635,1.5777002380922298,-8.533464486121598,25.045214840396607
ENEI.MI,2020-03-09,-9.425372010765898,1.5777002380922298,-5.9741209281701995,25.045214840396607
ENEI.MI,2020-03-12,-22.972794677665263,1.5777002380922298,-14.560937574202427,25.045214840396607
ENEI.MI,2025-04-07,-8.694503192501157,1.5777002380922298,-5.510871446032507,25.045214840396607
FNTGn.DE,2019-05-17,-9.236042654500931,1.6926980685970223,-5.456402902471639,26.87074880536243
FNTGn.DE,2020-03-12,-14.351107755307257,1.6926980685970223,-8.478244302128877,26.87074880536243
FNTGn.DE,2020-03-24,9.251495696700163,1.6926980685970223,5.465532139685243,26.87074880536243
FNTGn.DE,2020-08-12,15.39909583012844,1.6926980685970223,9.097367165363309,26.87074880536243
FNTGn.DE,2022-05-06,-19.1124591722188,1.6926980685970223,-11.291121273659861,26.87074880536243
FNTGn.DE,2025-05-22,-18.383827377912397,1.6926980685970223,-10.86066541870026,26.87074880536243
INCH.L,2016-06-24,-16.33565594616457,1.9778172883552405,-8.259436320201933,31.396876102272547
INCH.L,2016-06-27,-11.624767482137655,1.9778172883552405,-5.877574005738847,31.396876102272547
INCH.L,2018-10-17,-14.793361940358828,1.9778172883552405,-7.47964032241878,31.396876102272547
INCH.L,2020-03-12,-10.779213713517532,1.9778172883552405,-5.450055360008286,31.396876102272547
INCH.L,2020-03-16,-12.529732096806146,1.9778172883552405,-6.335131243202911,31.396876102272547
INCH.L,2020-03-17,-11.174031905874426,1.9778172883552405,-5.649678547995093,31.396876102272547
INCH.L,2020-04-07,11.225490867248444,1.9778172883552405,5.675696604201291,31.396876102272547
INCH.L,2020-07-30,-12.62360331508441,1.9778172883552405,-6.382593270575685,31.396876102272547
INCH.L,2022-02-24,-15.997171722016601,1.9778172883552405,-8.088296030276842,31.396876102272547
INCH.L,2023-03-23,-13.246481363743712,1.9778172883552405,-6.6975253183065915,31.396876102272547
INCH.L,2025-01-23,-14.64555490061108,1.9778172883552405,-7.404907918865636,31.396876102272547
INCH.L,2025-07-29,-13.138008957658398,1.9778172883552405,-6.642680815366929,31.396876102272547
ORK.OL,2018-04-25,-9.075447910037537,1.4702543928760856,-6.172705862340126,23.339564925302263
ORK.OL,2018-07-13,-11.247558702888627,1.4702543928760856,-7.650076583608332,23.339564925302263
ORK.OL,2020-03-12,-13.420613107565238,1.4702543928760856,-9.128089106615128,23.339564925302263
ORK.OL,2020-03-26,8.608078480876147,1.4702543928760856,5.854822486901179,23.339564925302263
ORK.OL,2020-03-30,7.416211845288601,1.4702543928760856,5.044169145981015,23.339564925302263
ORK.OL,2022-10-27,-7.617781057356288,1.4702543928760856,-5.181267333236474,23.339564925302263
ORK.OL,2023-10-26,-8.671143295317263,1.4702543928760856,-5.897716298167235,23.339564925302263
ORK.OL,2024-02-08,-7.409984977710571,1.4702543928760856,-5.039933914576027,23.339564925302263
ORK.OL,2024-04-19,-9.89458196356907,1.4702543928760856,-6.729843496140464,23.339564925302263
ORK.OL,2025-04-25,-9.420896405370804,1.4702543928760856,-6.407664177722205,23.339564925302263
PRX.AS,2022-03-16,21.443843002237184,2.5357847869557486,8.45649169935311,40.25433554799489
PRX.AS,2022-06-27,15.051762107796085,2.5357847869557486,5.935741150125747,40.25433554799489
PRX.AS,2022-10-24,-17.78139795879845,2.5357847869557486,-7.012187331617094,40.25433554799489
PRX.AS,2023-12-22,-14.003093685352086,2.5357847869557486,-5.522193270258961,40.25433554799489
AKZO.AS,2016-06-24,-10.786672421623589,1.6221786126449582,-6.649497371954588,25.751287147118024
AKZO.AS,2017-03-09,12.167953274713206,1.6221786126449582,7.500994760911925,25.751287147118024
AKZO.AS,2020-03-12,-10.1473213750916,1.6221786126449582,-6.255366268543276,25.751287147118024
AKZO.AS,2020-03-16,-11.332192306617284,1.6221786126449582,-6.985785793427625,25.751287147118024
AKZO.AS,2020-03-26,8.15917520916658,1.6221786126449582,5.029763766804363,25.751287147118024
AKZO.AS,2022-03-09,10.410969011471138,1.6221786126449582,6.417893153267555,25.751287147118024
AKZO.AS,2025-04-07,-9.655893940386395,1.6221786126449582,-5.9524234046228015,25.751287147118024
SB1NO.OL,2016-02-04,10.672758672295291,1.93871608381522,5.505065316883457,30.776163723216765
SB1NO.OL,2016-06-24,-10.479394995414149,1.93871608381522,-5.405327310635209,30.776163723216765
SB1NO.OL,2020-03-09,-15.218622102289903,1.93871608381522,-7.849845693930085,30.776163723216765
SB1NO.OL,2020-03-12,-24.722185853196166,1.93871608381522,-12.751834092460363,30.776163723216765
SB1NO.OL,2020-03-16,-10.686930743125655,1.93871608381522,-5.512375345901464,30.776163723216765
SB1NO.OL,2020-03-23,-9.933876436325772,1.93871608381522,-5.123945955395795,30.776163723216765
SB1NO.OL,2020-03-24,13.231351453468609,1.93871608381522,6.824800992742832,30.776163723216765
SB1NO.OL,2020-04-28,14.383150433774027,1.93871608381522,7.418904992766797,30.776163723216765
AAF.L,2020-03-12,-27.57917015615769,3.0089503295538336,-9.165711339690716,47.76560567607173
AAF.L,2020-03-16,-22.098191071574334,3.0089503295538336,-7.344152827823864,47.76560567607173
AAF.L,2020-03-18,-19.743208307662684,3.0089503295538336,-6.561493592548004,47.76560567607173
AAF.L,2020-03-20,25.57379907084102,3.0089503295538336,8.499242682624507,47.76560567607173
AAF.L,2020-03-24,20.783108140324114,3.0089503295538336,6.907095785594382,47.76560567607173
AAF.L,2020-03-30,-22.862913092816573,3.0089503295538336,-7.598301928834657,47.76560567607173
AAF.L,2020-04-15,-16.92530269283308,3.0089503295538336,-5.624985738911402,47.76560567607173
AAF.L,2020-06-02,15.586388176326317,3.0089503295538336,5.180008464492486,47.76560567607173
AAF.L,2020-12-15,-22.816714235114112,3.0089503295538336,-7.582948116826299,47.76560567607173
AAF.L,2022-10-27,-16.415244275671657,3.0089503295538336,-5.455472001129944,47.76560567607173
PZU.WA,2016-06-24,-10.388709009589348,1.979476466005056,-5.248210417250201,31.423214730926276
PZU.WA,2020-03-12,-13.619098649179783,1.979476466005056,-6.880151839675874,31.423214730926276
PZU.WA,2022-02-24,-10.942389634278404,1.979476466005056,-5.527921054985887,31.423214730926276
PZU.WA,2024-09-16,-16.571746753766536,1.979476466005056,-8.371782659892563,31.423214730926276
RWEG.DE,2016-02-17,-13.52507176433173,1.9532880579888798,-6.924258666823186,31.007486641865324
RWEG.DE,2016-06-24,-12.774974219791302,1.9532880579888798,-6.540240784016522,31.007486641865324
RWEG.DE,2017-12-13,-14.252842570988467,1.9532880579888798,-7.29684621410285,31.007486641865324
RWEG.DE,2020-03-12,-19.841764162240104,1.9532880579888798,-10.158135192138191,31.007486641865324
KSP.I,2016-02-08,-11.532125287021255,2.283366994574933,-5.050491364034126,36.24732731722946
KSP.I,2016-06-24,-26.57587842219864,2.283366994574933,-11.638899259444692,36.24732731722946
KSP.I,2020-03-18,-12.052929055274486,2.283366994574933,-5.278577243128731,36.24732731722946
KSP.I,2020-12-17,-12.42038129924623,2.283366994574933,-5.439502860799818,36.24732731722946
KSP.I,2022-01-24,-12.7011347351341,2.283366994574933,-5.562458757313569,36.24732731722946
KSP.I,2022-06-20,-11.784826732750098,2.283366994574933,-5.161161898525181,36.24732731722946
KSP.I,2023-07-11,14.880103812602474,2.283366994574933,6.5167377158188815,36.24732731722946
KSP.I,2025-02-21,12.45308231206348,2.283366994574933,5.453824261124401,36.24732731722946
LATOb.ST,2020-03-12,-17.26814493704385,1.908694079050544,-9.047099336963246,30.299579172415186
LATOb.ST,2020-12-04,-13.038007307692245,1.908694079050544,-6.830852283136877,30.299579172415186
SGEF.PA,2016-06-24,-10.358232236844422,1.6966955475435899,-6.10494455050623,26.934206816345434
SGEF.PA,2020-03-12,-19.572659079502053,1.6966955475435899,-11.535752013871075,26.934206816345434
SGEF.PA,2020-03-16,-12.736923584589999,1.6966955475435899,-7.506899869590643,26.934206816345434
SGEF.PA,2020-03-18,-12.146421930840212,1.6966955475435899,-7.158869455645907,26.934206816345434
SGEF.PA,2020-03-20,9.920049981726198,1.6966955475435899,5.846688285407517,26.934206816345434
SGEF.PA,2020-04-01,-11.90475179563757,1.6966955475435899,-7.016433686569643,26.934206816345434
SGEF.PA,2020-04-06,9.751086243864027,1.6966955475435899,5.747104280423953,26.934206816345434
SGEF.PA,2020-04-15,-9.334968775908425,1.6966955475435899,-5.501852580106804,26.934206816345434
SGEF.PA,2020-05-18,8.794146560819627,1.6966955475435899,5.183102279929627,26.934206816345434
SGEF.PA,2020-11-09,17.37584434766406,1.6966955475435899,10.2409913038436,26.934206816345434
BGN.MI,2016-06-24,-15.277416451683257,1.9471767616004068,-7.845931993932885,30.910472819272684
BGN.MI,2016-06-27,-10.441506201817985,1.9471767616004068,-5.362382300226299,30.910472819272684
BGN.MI,2016-12-06,12.997460865632826,1.9471767616004068,6.675028750317493,30.910472819272684
BGN.MI,2020-03-12,-15.680568111903037,1.9471767616004068,-8.052976196683346,30.910472819272684
BGN.MI,2020-03-16,-10.133505752358918,1.9471767616004068,-5.204204339430424,30.910472819272684
BGN.MI,2020-04-15,-9.940696519163739,1.9471767616004068,-5.105184447144576,30.910472819272684
BGN.MI,2022-02-24,-10.629715757416003,1.9471767616004068,-5.4590399634182765,30.910472819272684
BGN.MI,2022-06-10,-10.20976172468644,1.9471767616004068,-5.243366666051889,30.910472819272684
BGN.MI,2022-09-30,17.921605345000025,1.9471767616004068,9.203892373011914,30.910472819272684
BGN.MI,2025-04-04,-10.555017954576051,1.9471767616004068,-5.420677856642436,30.910472819272684
AAK.ST,2020-03-12,-16.198424256529485,1.6005477982012941,-10.12055014835132,25.40790861307571
AAK.ST,2020-04-27,-8.252417706320037,1.6005477982012941,-5.155995788188367,25.40790861307571
AAK.ST,2023-04-14,9.596302846120519,1.6005477982012941,5.995636529508776,25.40790861307571
AAK.ST,2023-10-10,8.045561402637347,1.6005477982012941,5.026754847108597,25.40790861307571
AAK.ST,2025-07-17,8.35740677738337,1.6005477982012941,5.221591499345085,25.40790861307571
PKN.WA,2020-11-09,14.874383362573784,2.2173003928010813,6.708330278958372,35.19855252766496
PKN.WA,2022-02-24,-11.934025272256976,2.2173003928010813,-5.382232065174041,35.19855252766496
PKN.WA,2022-02-25,11.271175035829906,2.2173003928010813,5.083287349077319,35.19855252766496
WIHL.ST,2020-03-12,-17.22982935063213,2.0217884491465026,-8.522073295010513,32.09489664014763
WIHL.ST,2020-03-16,-12.504223115884926,2.0217884491465026,-6.184733680303486,32.09489664014763
WIHL.ST,2020-03-17,-10.731327276133108,2.0217884491465026,-5.307838849639948,32.09489664014763
ENX.PA,2016-02-08,-9.057479343807096,1.6553422384904093,-5.471665697401083,26.277743386479568
ENX.PA,2016-06-27,-8.670197636448673,1.6553422384904093,-5.237707003933801,26.277743386479568
ENX.PA,2020-03-16,-8.312012626890386,1.6553422384904093,-5.021325761898357,26.277743386479568
ENX.PA,2020-03-18,-8.389524731058184,1.6553422384904093,-5.068151187097731,26.277743386479568
ENX.PA,2020-03-24,11.332411000162423,1.6553422384904093,6.845962566929377,26.277743386479568
ENX.PA,2020-03-25,14.978582179695898,1.6553422384904093,9.048631655382412,26.277743386479568
TW.L,2016-06-24,-42.77871033674426,2.4161803995430615,-17.705097824994525,38.35567475915773
TW.L,2016-06-27,-19.998360972361475,2.4161803995430615,-8.276849268433551,38.35567475915773
TW.L,2019-10-11,13.368111048626396,2.4161803995430615,5.532745423791419,38.35567475915773
TW.L,2019-12-13,15.277319656785393,2.4161803995430615,6.322921773421628,38.35567475915773
TW.L,2020-03-12,-15.80342002105336,2.4161803995430615,-6.540662288313422,38.35567475915773
TW.L,2020-03-16,-14.609720251915192,2.4161803995430615,-6.046618147667337,38.35567475915773
TW.L,2020-04-06,14.324521873565335,2.4161803995430615,5.928581274922324,38.35567475915773
TW.L,2020-11-09,17.407619046388245,2.4161803995430615,7.204602375584334,38.35567475915773
ALVG.DE,2016-06-24,-13.846077389574507,1.5519908439469552,-8.921494249516169,24.637090860797382
ALVG.DE,2020-03-09,-8.493935477162928,1.5519908439469552,-5.472928857983159,24.637090860797382
ALVG.DE,2020-03-12,-17.48815042316183,1.5519908439469552,-11.268204636237886,24.637090860797382
ALVG.DE,2020-03-16,-9.914570961447744,1.5519908439469552,-6.3882921733181375,24.637090860797382
ALVG.DE,2020-03-18,-9.217856768468646,1.5519908439469552,-5.939375740791226,24.637090860797382
ALVG.DE,2020-03-20,8.976373015703665,1.5519908439469552,5.783779621325179,24.637090860797382
ALVG.DE,2020-03-24,15.228553066832795,1.5519908439469552,9.812269915268446,24.637090860797382
ALVG.DE,2020-06-03,8.346540632981903,1.5519908439469552,5.377957392941408,24.637090860797382
ALVG.DE,2020-11-09,10.25182519014054,1.5519908439469552,6.605596437713864,24.637090860797382
ALVG.DE,2021-08-02,-8.122494580709905,1.5519908439469552,-5.233596971521515,24.637090860797382
ALVG.DE,2022-03-09,7.9398086012890445,1.5519908439469552,5.115886238798208,24.637090860797382
TPRO.MI,2023-02-28,-15.588183332479066,2.517047976963096,-6.193041799420423,39.956897910375524
TPRO.MI,2024-05-15,13.629375434362334,2.517047976963096,5.414825445960168,39.956897910375524
TPRO.MI,2025-09-18,13.158677960858833,2.517047976963096,5.2278216709779315,39.956897910375524
TPRO.MI,2025-11-11,17.736971857582784,2.517047976963096,7.046735707828281,39.956897910375524
DHLn.DE,2016-06-24,-10.140998548326774,1.7353327003849779,-5.843835332600501,27.547552603060872
DHLn.DE,2020-03-12,-13.656318844119975,1.7353327003849779,-7.869568089790715,27.547552603060872
DHLn.DE,2020-03-18,-9.771201488830128,1.7353327003849779,-5.630736680443133,27.547552603060872
DHLn.DE,2020-03-24,11.259505211219878,1.7353327003849779,6.488384163291565,27.547552603060872
DHLn.DE,2020-03-30,8.857401454978797,1.7353327003849779,5.104151758918512,27.547552603060872
DHLn.DE,2022-03-09,12.654328239783963,1.7353327003849779,7.292162613530328,27.547552603060872
DHLn.DE,2025-03-06,14.214820168278486,1.7353327003849779,8.191409154639322,27.547552603060872
SHLG.DE,2019-11-04,9.209942858044373,1.7038109050772279,5.405495897813213,27.047159615485334
SHLG.DE,2020-03-12,-8.853004858285507,1.7038109050772279,-5.196001992887956,27.047159615485334
SHLG.DE,2020-08-03,-10.41476425715242,1.7038109050772279,-6.112629180924485,27.047159615485334
SHLG.DE,2023-02-02,9.422160911747968,1.7038109050772279,5.530050831151884,27.047159615485334
SHLG.DE,2025-11-05,-9.01549460151676,1.7038109050772279,-5.291370406569923,27.047159615485334
LHAG.DE,2016-06-24,-12.487031706718854,2.443680485430634,-5.109928151886987,38.792225088906335
LHAG.DE,2019-06-17,-12.623239203491021,2.443680485430634,-5.165666820499452,38.792225088906335
LHAG.DE,2020-03-12,-15.974472022971042,2.443680485430634,-6.537054299124529,38.792225088906335
LHAG.DE,2020-03-24,13.632362925365138,2.443680485430634,5.578619220737769,38.792225088906335
LHAG.DE,2020-11-09,18.23826413534433,2.443680485430634,7.463440594661178,38.792225088906335
LHAG.DE,2021-11-26,-13.140230820018562,2.443680485430634,-5.377229510306845,38.792225088906335
LHAG.DE,2022-03-09,12.270946320259135,2.443680485430634,5.0215019489737855,38.792225088906335
LHAG.DE,2025-03-06,12.479304031664817,2.443680485430634,5.106765841961401,38.792225088906335
PAFR.L,2020-03-12,-20.954966490554085,3.3694694388112505,-6.219070055713876,53.48866911196162
PAFR.L,2023-05-26,-22.218979582546815,3.3694694388112505,-6.594207184851535,53.48866911196162
DTGGe.DE,2024-03-01,16.52013595211468,2.150723199437199,7.681200424321301,34.141672347888004
LSEG.L,2016-02-23,12.955235497982676,1.7581014326873583,7.3688783008269665,27.90899502310268
LSEG.L,2016-06-24,-17.144117879304677,1.7581014326873583,-9.751495312246528,27.90899502310268
LSEG.L,2016-06-27,-12.663395610881434,1.7581014326873583,-7.202881116776472,27.90899502310268
LSEG.L,2019-07-29,13.199752259347441,1.7581014326873583,7.50795830885074,27.90899502310268
LSEG.L,2020-03-12,-12.0731944919366,1.7581014326873583,-6.867177437812581,27.90899502310268
LSEG.L,2020-03-16,-8.9369536297907,1.7581014326873583,-5.083298075771463,27.90899502310268
LSEG.L,2020-03-24,11.385525824611697,1.7581014326873583,6.476034666104715,27.90899502310268
LSEG.L,2020-12-02,9.179988941645334,1.7581014326873583,5.221535442134984,27.90899502310268
LSEG.L,2021-03-05,-16.355368672879855,1.7581014326873583,-9.302858395308707,27.90899502310268
LSEG.L,2022-03-03,9.585538314181186,1.7581014326873583,5.452210057942529,27.90899502310268
LSEG.L,2025-04-07,-9.165856188430865,1.7581014326873583,-5.213496797178722,27.90899502310268
LSEG.L,2025-07-31,-9.255480720608222,1.7581014326873583,-5.264474818418578,27.90899502310268
TENR.MI,2020-03-09,-23.013711027401197,2.2839691088984218,-10.07619189670254,36.256885585794144
TENR.MI,2020-03-12,-17.06767286379989,2.2839691088984218,-7.472812481265027,36.256885585794144
TENR.MI,2020-11-05,13.937640667383832,2.2839691088984218,6.10237704751886,36.256885585794144
TENR.MI,2021-02-25,13.518968909429807,2.2839691088984218,5.919068194381194,36.256885585794144
TENR.MI,2022-03-07,11.937585188215172,2.2839691088984218,5.226684170861126,36.256885585794144
PKO.WA,2020-03-12,-15.690722943787637,2.2921709330656483,-6.8453546449968234,36.38708550805551
PKO.WA,2022-02-24,-22.356955889398478,2.2921709330656483,-9.75361634984932,36.38708550805551
PKO.WA,2022-02-25,13.330840316397241,2.2921709330656483,5.815814224015135,36.38708550805551
PKO.WA,2022-03-09,13.050077291957173,2.2921709330656483,5.693326402365393,36.38708550805551
PKO.WA,2023-10-16,12.16873503382252,2.2921709330656483,5.3088252967013805,36.38708550805551
PKO.WA,2025-04-04,-13.53760894810514,2.2921709330656483,-5.906020686685594,36.38708550805551
PKO.WA,2025-08-22,-13.567340094071145,2.2921709330656483,-5.918991423525993,36.38708550805551
DRX.L,2016-06-24,-17.349689476620213,2.349432842718475,-7.384628818138629,37.296090143283685
DRX.L,2019-10-04,12.95187028718663,2.349432842718475,5.5127646348045065,37.296090143283685
DRX.L,2019-10-11,12.446820386935675,2.349432842718475,5.297797902805233,37.296090143283685
DRX.L,2020-03-12,-16.208655237399704,2.349432842718475,-6.898965121575912,37.296090143283685
DRX.L,2020-03-18,-14.864502624151378,2.349432842718475,-6.326847209197944,37.296090143283685
DRX.L,2020-03-25,15.39605522516107,2.349432842718475,6.553094408668709,37.296090143283685
DRX.L,2020-04-22,15.316542307606918,2.349432842718475,6.519250956705149,37.296090143283685
DRX.L,2020-06-29,12.969274421180899,2.349432842718475,5.520172437095264,37.296090143283685
DRX.L,2022-05-24,-15.406152147236973,2.349432842718475,-6.5573920084520765,37.296090143283685
DRX.L,2024-07-26,13.021343625321325,2.349432842718475,5.542334894005578,37.296090143283685
SMIN.L,2016-06-24,-11.242793858851652,1.756800551739937,-6.39958465843876,27.88834417826961
SMIN.L,2020-03-09,-11.041776169272799,1.756800551739937,-6.285162056863548,27.88834417826961
SMIN.L,2020-03-12,-16.873245603980713,1.756800551739937,-9.604531138875972,27.88834417826961
SMIN.L,2020-03-16,-9.147890287275517,1.756800551739937,-5.207130814147023,27.88834417826961
SMIN.L,2020-03-17,-11.857651835600125,1.756800551739937,-6.749572012518037,27.88834417826961
SMIN.L,2020-03-24,14.649721002491711,1.756800551739937,8.338864071953195,27.88834417826961
SMIN.L,2020-03-25,10.065107163390108,1.756800551739937,5.729225866545645,27.88834417826961
SMIN.L,2020-03-31,9.025535607722013,1.756800551739937,5.13748450203019,27.88834417826961
SMIN.L,2021-08-03,-10.315268787572318,1.756800551739937,-5.871622010453073,27.88834417826961
SMIN.L,2024-11-13,9.353602798293759,1.756800551739937,5.324225785920855,27.88834417826961
SMIN.L,2025-01-31,10.231602480973878,1.756800551739937,5.823997761635769,27.88834417826961
QIA.DE,2016-01-11,-11.555792712289215,1.6296471579523661,-7.0909783482265825,25.86984662835094
QIA.DE,2016-07-29,11.753429800936832,1.6296471579523661,7.212254348177361,25.86984662835094
QIA.DE,2016-11-03,8.322337011583736,1.6296471579523661,5.106833691558522,25.86984662835094
QIA.DE,2019-10-08,-23.582670722197683,1.6296471579523661,-14.471028656184112,25.86984662835094
QIA.DE,2019-11-14,13.012479259275178,1.6296471579523661,7.984844569437483,25.86984662835094
QIA.DE,2019-11-18,8.252936687637158,1.6296471579523661,5.064247587193588,25.86984662835094
QIA.DE,2019-12-27,-19.401088970673406,1.6296471579523661,-11.905085635255341,25.86984662835094
QIA.DE,2020-03-03,15.424483763980579,1.6296471579523661,9.4649223230391,25.86984662835094
QIA.DE,2020-11-09,-10.631339235113435,1.6296471579523661,-6.523706179730094,25.86984662835094
MT.AS,2016-06-24,-16.63218921681704,2.829060238232888,-5.879050927245713,44.90993900631221
MT.AS,2020-03-09,-18.222496777549814,2.829060238232888,-6.441183729948467,44.90993900631221
MT.AS,2020-03-12,-21.313193142408693,2.829060238232888,-7.533665368582438,44.90993900631221
MT.AS,2020-03-24,17.58212544819644,2.829060238232888,6.214828942341199,44.90993900631221
MT.AS,2020-05-11,-17.853533563098,2.829060238232888,-6.310764727388706,44.90993900631221
AM.PA,2016-02-08,-10.642904546549214,1.856050436479019,-5.7341677453222175,29.46388725429822
AM.PA,2020-03-12,-12.984109206898076,1.856050436479019,-6.995558392006472,29.46388725429822
AM.PA,2020-03-16,-10.164404934082416,1.856050436479019,-5.476362459936479,29.46388725429822
AM.PA,2022-07-05,-10.267840561199737,1.856050436479019,-5.532091348055243,29.46388725429822
AM.PA,2023-03-09,11.60599523687953,1.856050436479019,6.253060266452907,29.46388725429822
AM.PA,2023-07-21,-9.574276621854327,1.856050436479019,-5.158414035351865,29.46388725429822
AM.PA,2025-03-03,14.295048577296665,1.856050436479019,7.701864290075426,29.46388725429822
RBREW.CO,2016-12-01,-9.26331847562154,1.8010324866026617,-5.1433378045807485,28.590504376193472
RBREW.CO,2019-08-28,10.07011905434334,1.8010324866026617,5.591303393610012,28.590504376193472
RBREW.CO,2020-03-11,-9.698862167760325,1.8010324866026617,-5.385167807858681,28.590504376193472
RBREW.CO,2020-03-12,-17.926725233886565,1.8010324866026617,-9.953582385236288,28.590504376193472
RBREW.CO,2020-08-19,9.591291291714477,1.8010324866026617,5.325440469875588,28.590504376193472
RBREW.CO,2022-03-02,-9.64555998435177,1.8010324866026617,-5.3555724597430565,28.590504376193472
RBREW.CO,2022-03-09,9.560857701608416,1.8010324866026617,5.308542612489646,28.590504376193472
RBREW.CO,2022-10-19,-16.3129620646961,1.8010324866026617,-9.057561252250203,28.590504376193472
RBREW.CO,2023-11-08,-13.48141894406174,1.8010324866026617,-7.485383547684984,28.590504376193472
RBREW.CO,2024-04-19,16.362968212970053,1.8010324866026617,9.085326519476604,28.590504376193472
NEXS.PA,2016-06-24,-14.098408942250718,2.4335930509709827,-5.793248356221914,38.63209203122492
NEXS.PA,2018-06-18,-17.31932922278081,2.4335930509709827,-7.116772960816332,38.63209203122492
NEXS.PA,2018-11-09,-16.761825177286262,2.4335930509709827,-6.887686160427865,38.63209203122492
NEXS.PA,2020-03-12,-21.11531016954884,2.4335930509709827,-8.67659864541609,38.63209203122492
NEXS.PA,2023-10-13,-13.482468824623517,2.4335930509709827,-5.540149294576646,38.63209203122492
TKAG.DE,2016-06-24,-16.108323503487256,3.129827990536612,-5.146712072418224,49.68447905621337
TKAG.DE,2019-05-10,25.150168277775187,3.129827990536612,8.035639132188592,49.68447905621337
TKAG.DE,2020-03-12,-21.01389013012882,3.129827990536612,-6.7140718894669895,49.68447905621337
TKAG.DE,2020-03-24,24.012310669509993,3.129827990536612,7.672086370916844,49.68447905621337
TKAG.DE,2020-05-12,-16.304099330500232,3.129827990536612,-5.209263697493126,49.68447905621337
TKAG.DE,2020-08-13,-17.275449426337985,3.129827990536612,-5.519616246826425,49.68447905621337
TKAG.DE,2025-02-17,17.991640161164234,3.129827990536612,5.748443753319348,49.68447905621337
BARN.S,2018-04-11,-9.095115935188414,1.5569812154221894,-5.841506528851854,24.716310552037186
BARN.S,2024-04-10,10.441698087794382,1.5569812154221894,6.706373836991362,24.716310552037186
BARN.S,2024-07-11,-12.710797069476953,1.5569812154221894,-8.16374465123544,24.716310552037186
BARN.S,2025-04-10,-24.119899678287915,1.5569812154221894,-15.491451945197417,24.716310552037186
BARN.S,2025-07-10,-14.215681490173537,1.5569812154221894,-9.130284520689498,24.716310552037186
AENA.MC,2016-06-24,-11.118960679498135,1.7503831483089514,-6.352301032057001,27.786471057022645
AENA.MC,2020-03-12,-17.503468879982577,1.7503831483089514,-9.999792843579826,27.786471057022645
AENA.MC,2020-03-16,-15.805430119713693,1.7503831483089514,-9.029697375105188,27.786471057022645
AENA.MC,2020-03-20,17.072560355273048,1.7503831483089514,9.753613299903442,27.786471057022645
AENA.MC,2020-03-23,-20.27694569547034,1.7503831483089514,-11.584289825379052,27.786471057022645
AENA.MC,2020-11-09,13.989894517542911,1.7503831483089514,7.9924755508864305,27.786471057022645
ITV.L,2016-06-24,-31.02335183922381,2.5072540627469566,-12.373437658421626,39.801424342108696
ITV.L,2016-06-27,-16.285717426633916,2.5072540627469566,-6.4954396399666114,39.801424342108696
ITV.L,2020-03-16,-13.694456865515056,2.5072540627469566,-5.461934260667369,39.801424342108696
ITV.L,2020-03-17,-14.989957231177476,2.5072540627469566,-5.978635134707659,39.801424342108696
ITV.L,2021-11-10,13.739403556973246,2.5072540627469566,5.479860920803656,39.801424342108696
ITV.L,2022-03-03,-31.776617196656964,2.5072540627469566,-12.67387205341384,39.801424342108696
ITV.L,2024-03-01,13.356119918130386,2.5072540627469566,5.326991036360061,39.801424342108696
ITV.L,2024-11-07,-12.964146396329735,2.5072540627469566,-5.1706552554654825,39.801424342108696
ITV.L,2025-07-24,12.619193892548477,2.5072540627469566,5.033073464730113,39.801424342108696
ITV.L,2025-11-07,15.569479463836561,2.5072540627469566,6.20977335132068,39.801424342108696
BAMI.MI,2016-06-24,-29.404487934719203,2.8715723258778905,-10.239856287001139,45.58479747604935
BAMI.MI,2016-07-08,16.766910712506046,2.8715723258778905,5.838930317515197,45.58479747604935
BAMI.MI,2020-03-09,-14.422827635048208,2.8715723258778905,-5.022623844460854,45.58479747604935
BAMI.MI,2020-03-12,-19.119915228266656,2.8715723258778905,-6.65834360359402,45.58479747604935
BAMI.MI,2022-06-10,-14.391254678002152,2.8715723258778905,-5.011628837731778,45.58479747604935
RACE.MI,2016-02-02,-9.758875399740807,1.836376630006051,-5.314201477127626,29.1515752586813
RACE.MI,2016-02-17,9.608306187155025,1.836376630006051,5.232208921719596,29.1515752586813
RACE.MI,2019-01-31,10.969865678212809,1.836376630006051,5.973646962702125,29.1515752586813
RACE.MI,2020-03-12,-11.6746507132655,1.836376630006051,-6.357438078063013,29.1515752586813
RACE.MI,2020-03-24,10.723748067851613,1.836376630006051,5.839623469732501,29.1515752586813
RACE.MI,2022-03-09,9.45786326595286,1.836376630006051,5.150285138360585,29.1515752586813
RACE.MI,2025-07-31,-13.090195984665343,1.836376630006051,-7.128274108248814,29.1515752586813
RACE.MI,2025-10-09,-16.87510178396545,1.836376630006051,-9.189346841072492,29.1515752586813
TUB.BR,2017-05-22,-12.532187293563801,1.7177768586104831,-7.295585122564255,27.268862254710598
TUB.BR,2020-03-12,-8.941477415935317,1.7177768586104831,-5.205261306854556,27.268862254710598
TUB.BR,2020-03-26,9.33463558436749,1.7177768586104831,5.434137465280744,27.268862254710598
TUB.BR,2020-06-15,8.818672348788947,1.7177768586104831,5.1337706085541335,27.268862254710598
TUB.BR,2022-05-13,-12.46649375822777,1.7177768586104831,-7.257341776225795,27.268862254710598
TUB.BR,2024-08-05,-9.756745322417792,1.7177768586104831,-5.679867715944238,27.268862254710598
TUB.BR,2025-03-10,-11.785731801738564,1.7177768586104831,-6.861037708513603,27.268862254710598
TUB.BR,2025-04-09,-9.730545772976296,1.7177768586104831,-5.664615706167665,27.268862254710598
TUB.BR,2025-09-29,18.248303681931155,1.7177768586104831,10.623209638935458,27.268862254710598
EZJ.L,2016-06-24,-23.651247936227506,3.015595208108215,-7.842978352212177,47.87108985295444
EZJ.L,2016-06-27,-29.097023322956872,3.015595208108215,-9.648849170711616,47.87108985295444
EZJ.L,2020-02-24,-18.46745102219667,3.015595208108215,-6.123982082390271,47.87108985295444
EZJ.L,2020-03-12,-16.5273876896606,3.015595208108215,-5.480638663048145,47.87108985295444
EZJ.L,2020-03-16,-23.04463479657377,3.015595208108215,-7.641819676133009,47.87108985295444
EZJ.L,2020-03-18,-20.506739934891847,3.015595208108215,-6.800229646125623,47.87108985295444
EZJ.L,2020-03-20,18.05546604515891,3.015595208108215,5.987363952765303,47.87108985295444
EZJ.L,2020-03-23,-15.445148823842313,3.015595208108215,-5.121757980750865,47.87108985295444
EZJ.L,2020-04-06,15.20876999202352,3.015595208108215,5.043372516022964,47.87108985295444
EZJ.L,2020-05-26,18.989435428712163,3.015595208108215,6.297077067125625,47.87108985295444
EZJ.L,2020-11-09,30.763358003520903,3.015595208108215,10.20142157037708,47.87108985295444
III.L,2016-06-24,-17.380161367438475,1.9767185595689616,-8.792430911979878,31.379434323511735
III.L,2016-06-27,-12.587770770376562,1.9767185595689616,-6.368013650421443,31.379434323511735
III.L,2018-11-15,-9.942847389904452,1.9767185595689616,-5.029976241065175,31.379434323511735
III.L,2020-03-12,-17.09566062053569,1.9767185595689616,-8.648505138871935,31.379434323511735
III.L,2020-03-20,11.132177528081577,1.9767185595689616,5.631645169815694,31.379434323511735
III.L,2020-03-24,17.212517962898623,1.9767185595689616,8.70762197257456,31.379434323511735
III.L,2020-04-01,-10.42564417170646,1.9767185595689616,-5.274217779378695,31.379434323511735
III.L,2022-05-19,-11.733637783726447,1.9767185595689616,-5.935917243719842,31.379434323511735
III.L,2025-11-13,-18.73016742906115,1.9767185595689616,-9.47538400871058,31.379434323511735
LUNDb.ST,2020-03-12,-15.825514939237983,1.5610738588654245,-10.137582440038958,24.781279252571142
ERICb.ST,2016-04-21,-16.195609717690694,2.1188798637542416,-7.643477100676787,33.63617506509688
ERICb.ST,2016-10-12,-23.11107066784963,2.1188798637542416,-10.907211429581158,33.63617506509688
ERICb.ST,2017-07-18,-16.405838994055454,2.1188798637542416,-7.7426942766766915,33.63617506509688
ERICb.ST,2018-04-20,15.603368151070619,2.1188798637542416,7.363970189147248,33.63617506509688
ERICb.ST,2019-07-17,-12.445931413125422,2.1188798637542416,-5.873825895477462,33.63617506509688
ERICb.ST,2020-03-12,-14.52387835107729,2.1188798637542416,-6.854507704530172,33.63617506509688
ERICb.ST,2020-07-17,11.112595110067724,2.1188798637542416,5.244561194884534,33.63617506509688
ERICb.ST,2022-02-16,-14.969405668685098,2.1188798637542416,-7.064773196797591,33.63617506509688
ERICb.ST,2022-03-02,-11.634321475897336,2.1188798637542416,-5.490788635502717,33.63617506509688
ERICb.ST,2022-10-20,-15.964096364548809,2.1188798637542416,-7.5342149583995495,33.63617506509688
ERICb.ST,2023-07-14,-10.752481827751904,2.1188798637542416,-5.074606640841168,33.63617506509688
ERICb.ST,2024-10-15,10.764457505682934,2.1188798637542416,5.0802585317935,33.63617506509688
ERICb.ST,2025-01-24,-12.873310400908844,2.1188798637542416,-6.0755263293218755,33.63617506509688
ERICb.ST,2025-10-14,16.206121071937307,2.1188798637542416,7.6484379077647295,33.63617506509688
NEKG.DE,2018-09-20,-12.81528276651911,2.4044696386460194,-5.329775248788552,38.16977219317626
NEKG.DE,2020-03-12,-14.185798537836636,2.4044696386460194,-5.899761972384396,38.16977219317626
NEKG.DE,2020-03-24,16.357043572506804,2.4044696386460194,6.802765695023545,38.16977219317626
NEKG.DE,2023-02-02,13.299749836346875,2.4044696386460194,5.531261290467405,38.16977219317626
NEKG.DE,2023-03-23,15.2539099031892,2.4044696386460194,6.343981083403834,38.16977219317626
MAP.MC,2016-06-24,-12.642255584061102,1.7255466064880542,-7.326522237374655,27.392203178512947
MAP.MC,2020-03-09,-10.6389625091163,1.7255466064880542,-6.165560796279745,27.392203178512947
MAP.MC,2020-03-12,-11.898584144315027,1.7255466064880542,-6.895544924475733,27.392203178512947
MAP.MC,2020-03-17,16.62715485784944,1.7255466064880542,9.635876999978644,27.392203178512947
MAP.MC,2020-03-24,10.275476402849042,1.7255466064880542,5.9549109622500245,27.392203178512947
MAP.MC,2020-11-09,11.463076801133504,1.7255466064880542,6.643156874483912,27.392203178512947
CLNX.MC,2016-06-24,-10.423145899899566,1.8282803824081273,-5.7010653290337645,29.02305131249984
CLNX.MC,2020-03-12,-11.686473451509904,1.8282803824081273,-6.392057566201644,29.02305131249984
CLNX.MC,2020-03-17,9.956284980835006,1.8282803824081273,5.4457101200862,29.02305131249984
CLNX.MC,2020-03-24,10.765334556504191,1.8282803824081273,5.8882295407691165,29.02305131249984
CLNX.MC,2023-01-20,9.48763071928469,1.8282803824081273,5.18937402084248,29.02305131249984
CTEC.L,2017-10-16,-30.73102122401774,2.1613997666614355,-14.218110734547649,34.311157598275166
CTEC.L,2018-10-15,-40.590991730086635,2.1613997666614355,-18.77995563624249,34.311157598275166
CTEC.L,2019-02-14,-21.74861185044418,2.1613997666614355,-10.062281020802438,34.311157598275166
CTEC.L,2019-08-01,15.934034664285846,2.1613997666614355,7.372090489719097,34.311157598275166
CTEC.L,2024-11-12,19.43480570049818,2.1613997666614355,8.991768205156133,34.311157598275166
ROPC.S,2020-03-12,-8.382767470490826,1.273493165269823,-6.5824989871184085,20.216077269866577
ROPC.S,2022-05-11,-6.8271178900819685,1.273493165269823,-5.360937990299669,20.216077269866577
ROPC.S,2024-07-17,6.66086285200489,1.273493165269823,5.230387593476884,20.216077269866577
ROPC.S,2025-04-07,-6.682593478131871,1.273493165269823,-5.24745138833626,20.216077269866577
ROPC.S,2025-10-01,8.111983954532409,1.273493165269823,6.369868465539564,20.216077269866577
ROPC.S,2025-11-18,6.456085037458692,1.273493165269823,5.069587504296343,20.216077269866577
PSON.L,2016-01-21,15.689190137452291,2.066922980757303,7.5906022060405505,32.81138511724899
PSON.L,2017-01-18,-34.603709539261594,2.066922980757303,-16.7416540729462,32.81138511724899
PSON.L,2017-05-05,12.052766129944148,2.066922980757303,5.831260401163143,32.81138511724899
PSON.L,2019-09-26,-15.338949426478754,2.066922980757303,-7.4211519100042596,32.81138511724899
PSON.L,2020-03-23,-10.864919915556692,2.066922980757303,-5.256567379001166,32.81138511724899
PSON.L,2020-03-24,10.353240558606824,2.066922980757303,5.009011296015243,32.81138511724899
PSON.L,2020-04-03,-10.664558157955195,2.066922980757303,-5.159630163891155,32.81138511724899
PSON.L,2020-06-12,10.685809073389674,2.066922980757303,5.1699115897751,32.81138511724899
PSON.L,2021-01-27,13.18434255787313,2.066922980757303,6.3787294836900506,32.81138511724899
PSON.L,2021-10-15,-15.834332484125069,2.066922980757303,-7.66082366471319,32.81138511724899
PSON.L,2022-02-25,11.565326259831465,2.066922980757303,5.59543164767273,32.81138511724899
PSON.L,2022-03-11,15.95301958743609,2.066922980757303,7.718245786589998,32.81138511724899
PSON.L,2022-08-01,12.633964111640772,2.066922980757303,6.112450357009334,32.81138511724899
PSON.L,2022-10-24,10.371541465996259,2.066922980757303,5.01786547566287,32.81138511724899
PSON.L,2023-05-02,-16.184133302459756,2.066922980757303,-7.830061135867787,32.81138511724899
IBE.MC,2016-06-24,-13.635730964686331,1.3596769402020439,-10.028655014668487,21.584202282983092
IBE.MC,2020-03-12,-16.005346946327403,1.3596769402020439,-11.771433693616261,21.584202282983092
IBE.MC,2020-03-17,8.025426696723859,1.3596769402020439,5.902451133378275,21.584202282983092
IBE.MC,2021-10-07,6.9406322388969155,1.3596769402020439,5.104618629382328,21.584202282983092
SEBa.ST,2016-02-04,10.644099923027817,1.8081895288461842,5.886606328165099,28.704118899588337
SEBa.ST,2016-06-27,-11.651109203093002,1.8081895288461842,-6.443522107180678,28.704118899588337
SEBa.ST,2019-11-15,-12.402977605952348,1.8081895288461842,-6.859334935905063,28.704118899588337
SEBa.ST,2020-03-12,-17.385470906840016,1.8081895288461842,-9.614849897916278,28.704118899588337
SEBa.ST,2020-05-04,-9.367427514200433,1.8081895288461842,-5.180556221989539,28.704118899588337
SEBa.ST,2022-02-24,-9.88942969747697,1.8081895288461842,-5.469243981181259,28.704118899588337
SEBa.ST,2022-03-23,-9.937212307765497,1.8081895288461842,-5.495669645928371,28.704118899588337
LEGn.DE,2020-03-12,-11.295385274318104,1.800008736752658,-6.275183583106252,28.574252851146376
LEGn.DE,2020-03-24,13.370125355387774,1.800008736752658,7.427811366909484,28.574252851146376
LEGn.DE,2023-03-09,-12.062047697883749,1.800008736752658,-6.701105084436717,28.574252851146376
BMWG.DE,2016-06-24,-10.704308846884203,1.876599810281493,-5.7040977987089,29.79009845037493
BMWG.DE,2020-03-09,-10.415612307589406,1.876599810281493,-5.550257572511983,29.79009845037493
BMWG.DE,2020-03-12,-14.74328037865451,1.876599810281493,-7.856379552997502,29.79009845037493
BMWG.DE,2020-03-16,-12.006178818270685,1.876599810281493,-6.397836529925759,29.79009845037493
BMWG.DE,2020-03-24,14.072107887730123,1.876599810281493,7.498726052636275,29.79009845037493
BMWG.DE,2022-05-12,-9.588435569296738,1.876599810281493,-5.109472737215325,29.79009845037493
BMWG.DE,2024-09-10,-11.935881186137376,1.876599810281493,-6.360376421623412,29.79009845037493
SJP.L,2016-06-24,-25.809488657801793,2.2635185796787822,-11.402375438625487,35.93224349882519
SJP.L,2016-06-27,-11.699575810136675,2.2635185796787822,-5.168756251957504,35.93224349882519
SJP.L,2020-03-12,-14.984626519475475,2.2635185796787822,-6.620058988692708,35.93224349882519
SJP.L,2020-03-23,-14.851724875023153,2.2635185796787822,-6.561344363751931,35.93224349882519
SJP.L,2020-11-09,12.368634167450532,2.2635185796787822,5.464339581080786,35.93224349882519
SJP.L,2022-02-24,-11.518968543989327,2.2635185796787822,-5.088965757738111,35.93224349882519
SJP.L,2022-03-09,11.446159694544944,2.2635185796787822,5.05679953206714,35.93224349882519
SJP.L,2023-07-27,-17.093892753423077,2.2635185796787822,-7.551911836238998,35.93224349882519
SJP.L,2023-10-13,-25.65898473106727,2.2635185796787822,-11.335884300410097,35.93224349882519
SJP.L,2024-02-28,-20.877155394562475,2.2635185796787822,-9.223319650208115,35.93224349882519
SJP.L,2024-07-30,22.317371394028605,2.2635185796787822,9.859592757217696,35.93224349882519
GAW.L,2017-06-02,14.318965209451218,2.306889388033903,6.2070445526020075,36.62073373723015
GAW.L,2017-10-19,11.555323589943356,2.306889388033903,5.009049696913138,36.62073373723015
GAW.L,2019-04-12,11.826327911092838,2.306889388033903,5.126525776414484,36.62073373723015
GAW.L,2019-11-08,17.57466348941259,2.306889388033903,7.618338174588848,36.62073373723015
GAW.L,2020-03-12,-12.329514424852661,2.306889388033903,-5.344649157782445,36.62073373723015
GAW.L,2020-03-16,-12.367121211427268,2.306889388033903,-5.3609511039310895,36.62073373723015
GAW.L,2020-03-17,-12.012398785977618,2.306889388033903,-5.207184552621939,36.62073373723015
GAW.L,2020-03-19,-13.69321879981733,2.306889388033903,-5.935793398177481,36.62073373723015
GAW.L,2020-03-25,12.1240207582189,2.306889388033903,5.255570909081108,36.62073373723015
GAW.L,2022-12-16,13.766218735305014,2.306889388033903,5.967437713620753,36.62073373723015
GAW.L,2023-12-07,-14.938882644252516,2.306889388033903,-6.475768938789261,36.62073373723015
GAW.L,2024-11-22,14.906606922124954,2.306889388033903,6.461777924614511,36.62073373723015
GAW.L,2025-11-20,12.190655074459489,2.306889388033903,5.284455829435863,36.62073373723015
SY1G.DE,2016-11-10,-7.919883877256151,1.4751154371853996,-5.368992607363475,23.416731611429327
SY1G.DE,2020-03-12,-10.398894472963338,1.4751154371853996,-7.049546232669758,23.416731611429327
SY1G.DE,2020-03-16,-7.394743851996832,1.4751154371853996,-5.01299333298715,23.416731611429327
SY1G.DE,2020-03-19,8.611768024019906,1.4751154371853996,5.8380298971391875,23.416731611429327
SY1G.DE,2022-03-08,-7.573438627355511,1.4751154371853996,-5.134132852548844,23.416731611429327
SY1G.DE,2023-12-15,-7.675069545148361,1.4751154371853996,-5.203029777651036,23.416731611429327
SY1G.DE,2025-07-30,-9.610813714788868,1.4751154371853996,-6.515296004987124,23.416731611429327
ABNd.AS,2016-06-24,-13.680814102849492,2.220754908911057,-6.160434025363859,35.25339127082733
ABNd.AS,2016-06-27,-14.0300453269667,2.220754908911057,-6.317691912182379,35.25339127082733
ABNd.AS,2019-09-26,-13.36806787820306,2.220754908911057,-6.019605236292405,35.25339127082733
ABNd.AS,2020-03-09,-15.114929441564584,2.220754908911057,-6.806212329381346,35.25339127082733
ABNd.AS,2020-03-12,-24.733154825916827,2.220754908911057,-11.137273513016654,35.25339127082733
ABNd.AS,2020-03-24,14.579947153401518,2.220754908911057,6.565311234885784,35.25339127082733
ABNd.AS,2020-11-09,14.26286068103626,2.220754908911057,6.422528043866861,35.25339127082733
ABNd.AS,2022-03-09,11.623318416938577,2.220754908911057,5.233949217132677,35.25339127082733
ABNd.AS,2022-05-18,-12.818560961518877,2.220754908911057,-5.772163740394222,35.25339127082733
ABNd.AS,2023-02-08,11.139475403754684,2.220754908911057,5.016076001478662,35.25339127082733
ABNd.AS,2023-03-15,-12.199105854721903,2.220754908911057,-5.493224761441015,35.25339127082733
PNN.L,2016-06-24,-9.616525308790935,1.7818917946982995,-5.396806549871989,28.286655311989577
PNN.L,2019-12-13,10.436427074142873,1.7818917946982995,5.856936490304628,28.286655311989577
PNN.L,2024-07-11,9.780666866977006,1.7818917946982995,5.4889230064797605,28.286655311989577
EVOG.ST,2016-02-08,-15.901016590245654,2.743611571878765,-5.795651524882944,43.55348348010135
EVOG.ST,2016-02-10,14.238238885172215,2.743611571878765,5.189597183183691,43.55348348010135
EVOG.ST,2018-03-29,-17.819821674488523,2.743611571878765,-6.495023514675549,43.55348348010135
EVOG.ST,2018-04-19,24.43786797947225,2.743611571878765,8.907189425045956,43.55348348010135
EVOG.ST,2020-02-12,14.23894407636741,2.743611571878765,5.189854213443521,43.55348348010135
EVOG.ST,2020-03-20,17.98084358583334,2.743611571878765,6.553713277102288,43.55348348010135
EVOG.ST,2021-05-11,-14.701377832164209,2.743611571878765,-5.358403493719422,43.55348348010135
EVOG.ST,2021-11-25,-17.121786112574355,2.743611571878765,-6.240601362112543,43.55348348010135
EVOG.ST,2024-10-24,14.168259120445637,2.743611571878765,5.164090742897518,43.55348348010135
EVOG.ST,2025-04-30,-21.54943432108185,2.743611571878765,-7.854404224693247,43.55348348010135
OMVV.VI,2020-03-09,-15.56286587166964,2.1493547329564535,-7.240715379849282,34.11994861597452
OMVV.VI,2020-03-12,-22.16683643313977,2.1493547329564535,-10.313251737022076,34.11994861597452
OMVV.VI,2020-03-16,-14.293771916362985,2.1493547329564535,-6.650261912188777,34.11994861597452
OMVV.VI,2020-03-18,-18.695994087194777,2.1493547329564535,-8.69842181028829,34.11994861597452
OMVV.VI,2020-03-19,13.792461874641093,2.1493547329564535,6.417024450714777,34.11994861597452
OMVV.VI,2020-03-20,17.778699016092368,2.1493547329564535,8.2716448539128,34.11994861597452
OMVV.VI,2020-03-24,12.324246789168658,2.1493547329564535,5.733928699715642,34.11994861597452
OMVV.VI,2020-11-09,11.431937307160212,2.1493547329564535,5.318776436421686,34.11994861597452
OMVV.VI,2022-02-24,-11.47780229531521,2.1493547329564535,-5.340115393389441,34.11994861597452
OMVV.VI,2022-06-10,-13.075271386473863,2.1493547329564535,-6.0833473348946585,34.11994861597452
OMVV.VI,2023-06-06,-11.747993646729116,2.1493547329564535,-5.465823517446867,34.11994861597452
OMVV.VI,2025-06-04,-11.578008448286514,2.1493547329564535,-5.38673689864161,34.11994861597452
NTGY.MC,2016-06-24,-12.657760118730543,1.5862947842801571,-7.979450127533827,25.181649031464886
NTGY.MC,2020-03-09,-9.267085633943184,1.5862947842801571,-5.841969428241224,25.181649031464886
NTGY.MC,2020-03-12,-19.105307129889315,1.5862947842801571,-12.043982820355229,25.181649031464886
NTGY.MC,2021-01-26,14.320951570593543,1.5862947842801571,9.027925775531205,25.181649031464886
NTGY.MC,2022-02-11,-12.90447301238844,1.5862947842801571,-8.134977899611734,25.181649031464886
NTGY.MC,2022-05-12,-8.383855975845833,1.5862947842801571,-5.285181580957119,25.181649031464886
NTGY.MC,2024-06-11,-16.452102140492464,1.5862947842801571,-10.371402783095101,25.181649031464886
NOVN.S,2020-03-12,-10.752722670439141,1.1847048699192329,-9.076288064192905,18.806606776880493
NOVN.S,2023-03-27,7.681041199506655,1.1847048699192329,6.483506056685924,18.806606776880493
NOVN.S,2025-03-11,-6.153785283774216,1.1847048699192329,-5.194361431293643,18.806606776880493
NOVN.S,2025-04-07,-5.981117092859023,1.1847048699192329,-5.04861357855884,18.806606776880493
UMG.AS,2022-10-25,11.06481158641297,2.0796844984235068,5.3204279758783555,33.01396792982819
UMG.AS,2024-07-25,-26.809032373650332,2.0796844984235068,-12.890913210139697,33.01396792982819
PST.MI,2016-02-08,-11.934724536754215,1.7636309944751756,-6.76713245239023,27.99677409520106
PST.MI,2016-02-10,9.153433117982491,1.7636309944751756,5.1901067437898964,27.99677409520106
PST.MI,2016-06-24,-11.118078729520287,1.7636309944751756,-6.3040844509703255,27.99677409520106
PST.MI,2020-03-09,-12.874896774056266,1.7636309944751756,-7.300221426357729,27.99677409520106
PST.MI,2020-03-12,-25.73516459609284,1.7636309944751756,-14.592148060853942,27.99677409520106
PST.MI,2020-04-15,-9.761413883233727,1.7636309944751756,-5.534839155023212,27.99677409520106
PST.MI,2022-03-09,9.41647765203597,1.7636309944751756,5.339256160463512,27.99677409520106
GALP.LS,2020-03-09,-16.99816976859232,1.9932483581813674,-8.527873457827095,31.641836741614178
GALP.LS,2020-03-12,-11.483019724805343,1.9932483581813674,-5.760957824283578,31.641836741614178
GALP.LS,2020-03-24,12.937352539096247,1.9932483581813674,6.490587329970381,31.641836741614178
GALP.LS,2020-11-09,16.147739734585144,1.9932483581813674,8.10121812884285,31.641836741614178
GALP.LS,2024-04-22,18.562731382088327,1.9932483581813674,9.312804049679437,31.641836741614178
GALP.LS,2025-04-07,-10.200058400410583,1.9932483581813674,-5.117304303070933,31.641836741614178
GALP.LS,2025-12-09,-16.03252187738655,1.9932483581813674,-8.043414064073062,31.641836741614178
VWS.CO,2017-11-09,-20.868310579455375,2.6639045884420542,-7.833730483440438,42.28817434452926
VWS.CO,2021-11-03,-20.279562149902564,2.6639045884420542,-7.6127209052043305,42.28817434452926
VWS.CO,2022-02-28,13.939099956743117,2.6639045884420542,5.232582284373479,42.28817434452926
VWS.CO,2022-07-28,14.418609705551022,2.6639045884420542,5.412584883148362,42.28817434452926
VWS.CO,2024-11-06,-15.568827808604757,2.6639045884420542,-5.844363899575683,42.28817434452926
VWS.CO,2025-07-18,14.60178849473257,2.6639045884420542,5.481348152664963,42.28817434452926
VWS.CO,2025-08-18,13.898049786760502,2.6639045884420542,5.217172509503643,42.28817434452926
VWS.CO,2025-11-05,13.785381290625809,2.6639045884420542,5.17487801569049,42.28817434452926
PERP.PA,2020-03-12,-11.200069045994088,1.4367616115956927,-7.795356554352183,22.807883505399467
PERP.PA,2020-11-09,7.2364621436258325,1.4367616115956927,5.0366477536860765,22.807883505399467
PERP.PA,2022-03-09,7.7475368401279,1.4367616115956927,5.392360693381382,22.807883505399467
PERP.PA,2024-01-26,7.358370742419762,1.4367616115956927,5.121497319410857,22.807883505399467
BLND.L,2016-06-24,-29.90227191238577,2.07071246031127,-14.440571776870872,32.87154124023796
BLND.L,2016-06-27,-14.499669066249798,2.07071246031127,-7.002260982227443,32.87154124023796
BLND.L,2019-10-11,10.640262271519308,2.07071246031127,5.1384547470776605,32.87154124023796
BLND.L,2020-03-12,-14.81846891424674,2.07071246031127,-7.156217581275976,32.87154124023796
BLND.L,2020-03-24,10.565915981770079,2.07071246031127,5.102551022550861,32.87154124023796
BLND.L,2020-04-07,10.44099858466292,2.07071246031127,5.042225217060522,32.87154124023796
BLND.L,2020-05-12,-10.469298383541226,2.07071246031127,-5.055891913630287,32.87154124023796
BLND.L,2020-11-09,20.15077671606511,2.07071246031127,9.731325378240125,32.87154124023796
P911_p.DE,2024-03-12,10.766536577549068,1.9909506794785796,5.4077364590311054,31.60536222297234
MNDI.L,2016-06-24,-10.535808809460834,1.936721696018674,-5.440022090483798,30.744503798451866
MNDI.L,2020-03-12,-13.310662946410101,1.936721696018674,-6.872780417430589,30.744503798451866
MNDI.L,2020-03-18,-10.489836745425185,1.936721696018674,-5.416285038262949,30.744503798451866
MNDI.L,2022-02-24,-14.123036922154686,1.936721696018674,-7.29223870997442,30.744503798451866
MNDI.L,2022-02-28,-12.747748286844818,1.936721696018674,-6.58212706195754,30.744503798451866
MNDI.L,2022-08-12,9.954098439774794,1.936721696018674,5.139663824821849,30.744503798451866
MNDI.L,2025-07-31,-13.878104024807758,1.936721696018674,-7.1657709279227,30.744503798451866
MNDI.L,2025-10-06,-17.54398980287788,1.936721696018674,-9.058601366909414,30.744503798451866
BAER.S,2016-06-24,-11.626344616273965,1.885461700462678,-6.166311738616037,29.930776595767217
BAER.S,2016-06-27,-10.267799551423007,1.885461700462678,-5.445774660340948,29.930776595767217
BAER.S,2020-03-12,-13.267606331581083,1.885461700462678,-7.036794398064577,29.930776595767217
BAER.S,2020-03-19,9.96485604318158,1.885461700462678,5.2851012782366675,29.930776595767217
BAER.S,2020-03-24,17.77936436430081,1.885461700462678,9.4297138785359,29.930776595767217
BAER.S,2023-11-20,-12.505027749492204,1.885461700462678,-6.632342490130436,29.930776595767217
BAER.S,2025-02-03,-14.12830219457959,1.885461700462678,-7.493285167825267,29.930776595767217
EUFI.PA,2016-08-02,10.342841601917652,2.0497487121332103,5.045907110805632,32.53875205487638
EUFI.PA,2019-03-05,-10.544947560685491,2.0497487121332103,-5.144507469752805,32.53875205487638
EUFI.PA,2020-03-13,11.094634959468141,2.0497487121332103,5.412680536787241,32.53875205487638
EUFI.PA,2020-08-06,15.943137774894023,2.0497487121332103,7.778093812436995,32.53875205487638
EUFI.PA,2023-03-01,-12.3108468655178,2.0497487121332103,-6.006027369426021,32.53875205487638
EUFI.PA,2024-06-24,-17.227753164116777,2.0497487121332103,-8.404812288520745,32.53875205487638
EUFI.PA,2024-10-22,-12.549612627659235,2.0497487121332103,-6.122512751623407,32.53875205487638
EUFI.PA,2025-04-23,10.81398234333264,2.0497487121332103,5.275760037960134,32.53875205487638
PRU.L,2016-06-24,-17.691065459704713,2.2884445159188376,-7.730607116162281,36.32793046974502
PRU.L,2016-06-27,-14.968390031525614,2.2884445159188376,-6.540857743066419,36.32793046974502
PRU.L,2020-03-12,-20.1638937752338,2.2884445159188376,-8.811178787586972,36.32793046974502
PRU.L,2020-03-16,-14.885228170443288,2.2884445159188376,-6.504517835979384,36.32793046974502
PRU.L,2020-03-18,-11.656832453930432,2.2884445159188376,-5.093779802325718,36.32793046974502
PRU.L,2020-03-24,15.859876209786483,2.2884445159188376,6.930417626235764,36.32793046974502
PRU.L,2020-03-25,11.543443369656048,2.2884445159188376,5.044231262483206,36.32793046974502
PRU.L,2020-11-09,16.775434765401485,2.2884445159188376,7.330496609687716,36.32793046974502
PRU.L,2023-03-15,-14.11011271776208,2.2884445159188376,-6.165809404427138,36.32793046974502
VERB.VI,2020-03-12,-14.180160605828629,2.098490980045217,-6.757313107689929,33.312511570271106
VERB.VI,2020-03-18,-11.69490837619449,2.098490980045217,-5.573008646404807,33.312511570271106
VERB.VI,2020-03-20,17.49560102535397,2.098490980045217,8.337229557678148,33.312511570271106
VERB.VI,2022-03-01,-18.89698682935217,2.098490980045217,-9.005036003988442,33.312511570271106
VERB.VI,2022-05-05,-13.368814469106116,2.098490980045217,-6.370679977293995,33.312511570271106
VERB.VI,2022-08-29,-11.345908789966064,2.098490980045217,-5.406698860207438,33.312511570271106
VERB.VI,2022-09-07,12.107638652288433,2.098490980045217,5.769688203295277,33.312511570271106
NDAFI.HE,2016-06-27,-9.971755465105403,1.754451808537267,-5.683687301402209,27.851059035822693
NDAFI.HE,2018-03-16,-9.091145428897729,1.754451808537267,-5.181758418589598,27.851059035822693
NDAFI.HE,2019-03-29,-11.26320002802177,1.754451808537267,-6.419783075952481,27.851059035822693
NDAFI.HE,2020-03-09,-10.470003572874266,1.754451808537267,-5.967678064411119,27.851059035822693
NDAFI.HE,2020-03-12,-15.8499404903657,1.754451808537267,-9.034127020895612,27.851059035822693
NDAFI.HE,2022-03-04,-9.715108291773245,1.754451808537267,-5.537403902745547,27.851059035822693
NDAFI.HE,2023-03-15,-9.599826701848047,1.754451808537267,-5.4716958625678505,27.851059035822693
NDAFI.HE,2023-03-24,-11.510476213633813,1.754451808537267,-6.560725212070888,27.851059035822693
PEO.WA,2020-03-12,-23.619830691967493,2.367226507244867,-9.977849867631718,37.578555810779754
PEO.WA,2020-03-16,-13.94687819922984,2.367226507244867,-5.891653441926911,37.578555810779754
PEO.WA,2022-02-24,-19.62935166004467,2.367226507244867,-8.292130727655037,37.578555810779754
PEO.WA,2022-02-25,16.68818956657372,2.367226507244867,7.0496800857457975,37.578555810779754
PEO.WA,2022-03-01,-12.533712771357397,2.367226507244867,-5.294682504187127,37.578555810779754
PEO.WA,2022-03-04,-16.103836471875344,2.367226507244867,-6.802828720694769,37.578555810779754
PEO.WA,2022-03-09,13.019593967669918,2.367226507244867,5.4999358649557255,37.578555810779754
PEO.WA,2023-10-16,13.974982540477932,2.367226507244867,5.903525707281358,37.578555810779754
PEO.WA,2025-04-04,-12.440104398942564,2.367226507244867,-5.255139024875643,37.578555810779754
PEO.WA,2025-05-06,-12.905024624388606,2.367226507244867,-5.451537731979994,37.578555810779754
PEO.WA,2025-08-22,-12.442466257931173,2.367226507244867,-5.256136757446388,37.578555810779754
EVKn.DE,2016-03-03,-12.333001470566751,1.7428367417017314,-7.076395152494104,27.66667556597337
EVKn.DE,2020-03-12,-10.954408827493278,1.7428367417017314,-6.285390114507933,27.66667556597337
EVKn.DE,2020-03-18,-12.055669128358737,1.7428367417017314,-6.917268175438742,27.66667556597337
EVKn.DE,2020-03-24,10.840426162220451,1.7428367417017314,6.219989459044626,27.66667556597337
EVKn.DE,2024-11-06,-9.27888761597182,1.7428367417017314,-5.324014231483196,27.66667556597337
EVKn.DE,2025-03-05,12.506481225237298,1.7428367417017314,7.1759338818079925,27.66667556597337
CMBN.S,2020-03-12,-10.034309004653963,1.5781447425273,-6.358294479747557,25.05227112954777
CMBN.S,2020-03-16,-10.916320895710818,1.5781447425273,-6.917186111984261,25.05227112954777
CMBN.S,2020-03-24,8.767851273891303,1.5781447425273,5.555796650090623,25.05227112954777
CMBN.S,2021-08-23,-36.85105032327787,1.5781447425273,-23.35086847880836,25.05227112954777
CMBN.S,2022-07-21,-7.890969066870035,1.5781447425273,-5.000155470044618,25.05227112954777
CMBN.S,2023-07-20,-8.407213980595252,1.5781447425273,-5.327276867603173,25.05227112954777
CMBN.S,2025-07-24,-10.688305727582392,1.5781447425273,-6.772703060471969,25.05227112954777
ACCP.PA,2016-06-24,-11.045824450645636,2.076810853683696,-5.318647305339992,32.968350233800855
ACCP.PA,2020-03-12,-15.364616966629008,2.076810853683696,-7.398178288300242,32.968350233800855
ACCP.PA,2020-03-20,13.2857716414152,2.076810853683696,6.397198675002043,32.968350233800855
ACCP.PA,2020-03-27,-10.40949880050932,2.076810853683696,-5.0122517330096334,32.968350233800855
ACCP.PA,2020-04-06,12.207826639274089,2.076810853683696,5.878160072989187,32.968350233800855
ACCP.PA,2020-05-26,11.314267544385936,2.076810853683696,5.447904668023818,32.968350233800855
ACCP.PA,2020-11-09,19.6808215278796,2.076810853683696,9.476463151649652,32.968350233800855
ACCP.PA,2022-03-09,14.118183528684325,2.076810853683696,6.79801124095751,32.968350233800855
ACCP.PA,2022-07-28,-12.707838434712926,2.076810853683696,-6.118919502068611,32.968350233800855
ACCP.PA,2025-07-31,-10.792481441191004,2.076810853683696,-5.196660746474859,32.968350233800855
ORNBV.HE,2017-07-19,-13.420605117542372,1.830150563504508,-7.333060670070555,29.05273951702591
ORNBV.HE,2018-02-07,-11.023542552976107,1.830150563504508,-6.0232981771004726,29.05273951702591
ORNBV.HE,2018-04-24,-10.974939065153455,1.830150563504508,-5.996741079126204,29.05273951702591
ORNBV.HE,2018-10-25,-10.538482335050281,1.830150563504508,-5.758259754798759,29.05273951702591
ORNBV.HE,2019-02-12,-10.976151451955651,1.830150563504508,-5.997403531072166,29.05273951702591
ORNBV.HE,2020-07-29,-12.472986983213152,1.830150563504508,-6.815279153497049,29.05273951702591
ORNBV.HE,2022-02-18,20.74293789248669,1.830150563504508,11.334006232124734,29.05273951702591
ORNBV.HE,2023-07-17,-9.477738889898424,1.830150563504508,-5.178666214078992,29.05273951702591
ORNBV.HE,2025-10-28,-11.243168644158352,1.830150563504508,-6.143302561199718,29.05273951702591
BBOXT.L,2016-06-24,-13.80514874141545,1.7258614332841185,-7.9989902289813735,27.397200898963618
BBOXT.L,2016-06-27,-13.00363566668581,1.7258614332841185,-7.534576887752435,27.397200898963618
BBOXT.L,2016-06-28,8.89078608522853,1.7258614332841185,5.151506322445814,27.397200898963618
BBOXT.L,2020-03-12,-12.206809102107396,1.7258614332841185,-7.072879007950959,27.397200898963618
BBOXT.L,2020-03-16,-12.867859644961701,1.7258614332841185,-7.4559054375968215,27.397200898963618
BBOXT.L,2020-03-17,-9.669904434373963,1.7258614332841185,-5.602943694021387,27.397200898963618
BBOXT.L,2020-03-20,17.70720377255417,1.7258614332841185,10.25992204881673,27.397200898963618
BBOXT.L,2020-03-24,10.74970034947807,1.7258614332841185,6.228599899252984,27.397200898963618
BBOXT.L,2022-05-03,-9.085193868637953,1.7258614332841185,-5.264150234442553,27.397200898963618
BBOXT.L,2022-12-16,-8.766838627427676,1.7258614332841185,-5.079688588176733,27.397200898963618
SUBC.OL,2020-03-09,-26.342417598593215,2.648661643338742,-9.945557849883597,42.046200092579824
SUBC.OL,2020-03-18,-21.646406189932232,2.648661643338742,-8.172582649192627,42.046200092579824
SUBC.OL,2020-03-20,13.908034258371437,2.648661643338742,5.250966764044581,42.046200092579824
SUBC.OL,2020-03-23,-16.463438894841254,2.648661643338742,-6.215757658682459,42.046200092579824
SUBC.OL,2020-03-24,20.190374082459115,2.648661643338742,7.622858938300763,42.046200092579824
SUBC.OL,2021-07-28,-13.488136133683426,2.648661643338742,-5.092434576385189,42.046200092579824
SUBC.OL,2022-06-13,-17.54657560309907,2.648661643338742,-6.624695021815214,42.046200092579824
SBMO.AS,2016-02-11,-14.639574959231672,2.0279573439131053,-7.2188771638477585,32.19282480864698
SBMO.AS,2016-07-18,13.578077465310923,2.0279573439131053,6.695445299214697,32.19282480864698
SBMO.AS,2016-09-02,-10.830551004856437,2.0279573439131053,-5.340620717375655,32.19282480864698
SBMO.AS,2017-11-06,-15.419811252725646,2.0279573439131053,-7.603617156449598,32.19282480864698
SBMO.AS,2018-07-17,-18.203345299127793,2.0279573439131053,-8.976197331647512,32.19282480864698
SBMO.AS,2020-03-09,-19.292875527086693,2.0279573439131053,-9.513452334189413,32.19282480864698
SBMO.AS,2020-03-24,13.78300635148566,2.0279573439131053,6.796497171331154,32.19282480864698
SBMO.AS,2020-04-21,-10.245132657706613,2.0279573439131053,-5.051946821493697,32.19282480864698
SBMO.AS,2024-08-08,15.296537166190038,2.0279573439131053,7.542829839149452,32.19282480864698
SBMO.AS,2025-02-20,12.631831670452343,2.0279573439131053,6.228844856311532,32.19282480864698
ADDTb.ST,2020-03-12,-14.183842555125882,2.3137748396715625,-6.130174082599696,36.73003689341579
ADDTb.ST,2020-03-18,-11.935466475586454,2.3137748396715625,-5.1584390455558236,36.73003689341579
ADDTb.ST,2020-03-25,13.704555833837983,2.3137748396715625,5.923029155154668,36.73003689341579
ADDTb.ST,2024-07-12,14.517146572972583,2.3137748396715625,6.274226136469387,36.73003689341579
AKE.PA,2016-06-24,-10.060942359195213,1.9244226702615936,-5.22803151026463,30.54926281732219
AKE.PA,2020-03-12,-14.956104009582294,1.9244226702615936,-7.7717355135653525,30.54926281732219
AKE.PA,2020-03-23,-12.765284669245958,1.9244226702615936,-6.633306116431649,30.54926281732219
AKE.PA,2020-03-24,11.597993595719114,1.9244226702615936,6.026739226753422,30.54926281732219
AKE.PA,2022-03-09,10.496721301719258,1.9244226702615936,5.454478095652656,30.54926281732219
WRT1V.HE,2016-06-27,-12.346284713599953,2.1887012857118826,-5.640918107097599,34.74455577720581
WRT1V.HE,2019-07-18,-13.25263364307534,2.1887012857118826,-6.055021637530073,34.74455577720581
WRT1V.HE,2019-09-18,-13.089422838507314,2.1887012857118826,-5.98045193465034,34.74455577720581
WRT1V.HE,2019-10-25,-13.853208968077979,2.1887012857118826,-6.329419669332435,34.74455577720581
WRT1V.HE,2020-03-12,-14.69978117942139,2.1887012857118826,-6.716211698409194,34.74455577720581
WRT1V.HE,2020-03-18,-13.313216712715592,2.1887012857118826,-6.082701554399382,34.74455577720581
WRT1V.HE,2020-11-09,12.115098618179587,2.1887012857118826,5.535291040978719,34.74455577720581
WRT1V.HE,2021-04-22,14.426108477941613,2.1887012857118826,6.59117284396782,34.74455577720581
WRT1V.HE,2022-01-28,-11.8165637796519,2.1887012857118826,-5.398892876242143,34.74455577720581
WRT1V.HE,2023-04-25,12.399299983926326,2.1887012857118826,5.665140357375635,34.74455577720581
WRT1V.HE,2023-10-31,14.455361421671054,2.1887012857118826,6.604538278493037,34.74455577720581
WRT1V.HE,2024-10-29,-14.932034794155769,2.1887012857118826,-6.822326505509898,34.74455577720581
EBP.WA,2020-03-12,-21.050150687281956,2.46863498332211,-8.527040582951711,39.18836546198632
EBP.WA,2020-03-23,-13.765128191102116,2.46863498332211,-5.57600790886387,39.18836546198632
EBP.WA,2020-04-06,12.878256278136924,2.46863498332211,5.216751915589521,39.18836546198632
EBP.WA,2022-02-24,-18.769169534527208,2.46863498332211,-7.603055802631873,39.18836546198632
HAGG.DE,2022-02-28,35.312164001892384,3.0067326440395474,11.744364458840101,47.73040100993002
HAGG.DE,2022-03-01,18.609600144830686,3.0067326440395474,6.189309908122949,47.73040100993002
HAGG.DE,2022-03-03,-20.75006241619657,3.0067326440395474,-6.901199698393817,47.73040100993002
HAGG.DE,2025-03-03,20.609792945303962,3.0067326440395474,6.854547904736449,47.73040100993002
GRLS.MC,2022-06-29,-13.579010600399055,2.5332638783636616,-5.360282723160404,40.21431736471936
GRLS.MC,2023-11-02,13.243699965863609,2.5332638783636616,5.227919633235467,40.21431736471936
GRLS.MC,2024-01-09,-30.047619379434565,2.5332638783636616,-11.861227579198559,40.21431736471936
GRLS.MC,2024-01-11,-17.269164270336823,2.5332638783636616,-6.816962266675385,40.21431736471936
GRLS.MC,2024-02-29,-42.8028687815464,2.5332638783636616,-16.896332493081818,40.21431736471936
GRLS.MC,2024-03-01,16.73126164177439,2.5332638783636616,6.604626460225608,40.21431736471936
GRLS.MC,2024-03-08,18.32018422170636,2.5332638783636616,7.2318499380096615,40.21431736471936
GRLS.MC,2024-06-27,-12.973745730344621,2.5332638783636616,-5.121355829194112,40.21431736471936
GRLS.MC,2025-02-27,13.2850417670074,2.5332638783636616,5.244239212690606,40.21431736471936
G24n.DE,2016-02-08,-10.698400643426886,1.7363014750300443,-6.161603153186151,27.562931423784736
G24n.DE,2016-06-20,9.210353246543734,1.7363014750300443,5.304581824642153,27.562931423784736
G24n.DE,2016-08-11,-11.767184000007402,1.7363014750300443,-6.777154871566176,27.562931423784736
G24n.DE,2016-11-09,13.808564436114512,1.7363014750300443,7.952861087027283,27.562931423784736
G24n.DE,2017-03-29,-10.37999544955448,1.7363014750300443,-5.978221869203255,27.562931423784736
G24n.DE,2018-12-14,11.968950499500863,1.7363014750300443,6.893359633466738,27.562931423784736
G24n.DE,2019-02-15,10.27203818246516,1.7363014750300443,5.916045300996716,27.562931423784736
G24n.DE,2020-03-18,-9.10648366895983,1.7363014750300443,-5.244759507448011,27.562931423784736
G24n.DE,2021-12-02,-8.990366234634006,1.7363014750300443,-5.177883198238049,27.562931423784736
G24n.DE,2022-04-08,12.31172289393312,1.7363014750300443,7.09077488615281,27.562931423784736
FRAG.DE,2020-03-12,-13.504262017193502,2.1726194751532377,-6.2156591025867645,34.48926494898685
FRAG.DE,2020-03-16,-16.713758205720097,2.1726194751532377,-7.692906372636309,34.48926494898685
FRAG.DE,2020-03-19,11.514178930785235,2.1726194751532377,5.299675834845917,34.48926494898685
FRAG.DE,2020-05-18,11.124594527490306,2.1726194751532377,5.120360309163514,34.48926494898685
FRAG.DE,2020-11-09,29.225771409980617,2.1726194751532377,13.451859262156011,34.48926494898685
FRAG.DE,2021-11-26,-11.561324339913703,2.1726194751532377,-5.32137563532531,34.48926494898685
FRAG.DE,2022-03-04,-11.558581163682824,2.1726194751532377,-5.320113022952435,34.48926494898685
FREG.DE,2018-10-17,-9.817702998398214,1.809798209229884,-5.4247500899981,28.729655908993884
FREG.DE,2018-12-07,-19.313404186681858,1.809798209229884,-10.671578791593683,28.729655908993884
FREG.DE,2020-03-12,-13.012481999040348,1.809798209229884,-7.1900181648303745,28.729655908993884
FREG.DE,2020-03-20,9.396355701016246,1.809798209229884,5.191935572206494,28.729655908993884
FREG.DE,2020-03-24,12.74617079846636,1.809798209229884,7.042868499626921,28.729655908993884
FREG.DE,2020-11-09,10.49103084606613,1.809798209229884,5.796795903854019,28.729655908993884
FREG.DE,2022-03-09,9.082113408575543,1.809798209229884,5.0183016881424685,28.729655908993884
EDP.LS,2016-06-24,-14.169408717398202,1.6608378646710882,-8.531482222802229,26.36498374751548
EDP.LS,2018-05-14,9.366198578709795,1.6608378646710882,5.639441861210621,26.36498374751548
EDP.LS,2020-03-12,-15.741577481098744,1.6608378646710882,-9.47809404876267,26.36498374751548
EDP.LS,2020-03-18,-9.481577622087233,1.6608378646710882,-5.708912244703044,26.36498374751548
EDP.LS,2020-03-19,-8.823035464949802,1.6608378646710882,-5.312400236429529,26.36498374751548
EDP.LS,2020-03-24,10.040410290199663,1.6608378646710882,6.0453885979942195,26.36498374751548
EDP.LS,2024-11-06,-9.241840721259686,1.6608378646710882,-5.564565282288971,26.36498374751548
EDP.LS,2025-04-07,-9.245958778719942,1.6608378646710882,-5.567044788294858,26.36498374751548
TRYG.CO,2016-01-21,7.349123169846727,1.3420189127008084,5.476169598129316,21.303889786509842
TRYG.CO,2016-06-24,-7.5382322093228815,1.3420189127008084,-5.6170834389749515,21.303889786509842
TRYG.CO,2020-03-12,-10.582703854147502,1.3420189127008084,-7.885659251142629,21.303889786509842
TRYG.CO,2020-03-20,-6.933802637401021,1.3420189127008084,-5.166695172310774,21.303889786509842
TRYG.CO,2020-06-15,-9.375685750739127,1.3420189127008084,-6.986254561696595,21.303889786509842
TRYG.CO,2025-01-23,-7.563384627525993,1.3420189127008084,-5.635825662325956,21.303889786509842
TRYG.CO,2025-04-07,-6.808940897891169,1.3420189127008084,-5.073654948862233,21.303889786509842
NOVOb.CO,2016-08-05,-10.433604398219565,1.9979931550665135,-5.222042113488737,31.717158057091837
NOVOb.CO,2016-10-28,-16.266229182984304,1.9979931550665135,-8.141283738503498,31.717158057091837
NOVOb.CO,2021-12-20,-12.976653056584597,1.9979931550665135,-6.494843600278802,31.717158057091837
NOVOb.CO,2022-08-03,-10.1579798647073,1.9979931550665135,-5.08409142391138,31.717158057091837
NOVOb.CO,2023-08-08,15.559354526221636,1.9979931550665135,7.78749140694812,31.717158057091837
NOVOb.CO,2024-12-20,-23.268699865522002,1.9979931550665135,-11.646035826758068,31.717158057091837
NOVOb.CO,2025-07-29,-27.297042749220644,1.9979931550665135,-13.662230363502884,31.717158057091837
DPLM.L,2016-06-24,-11.497663595025509,1.9427862662363695,-5.918130982724707,30.840775866078936
DPLM.L,2017-11-20,10.335688504181118,1.9427862662363695,5.32003374936542,30.840775866078936
DPLM.L,2020-03-12,-14.318872710968789,1.9427862662363695,-7.3702768852220615,30.840775866078936
DPLM.L,2020-03-24,9.790207858767364,1.9427862662363695,5.039261409714039,30.840775866078936
DPLM.L,2020-09-23,23.29302630740342,1.9427862662363695,11.989495042358646,30.840775866078936
DPLM.L,2022-04-12,10.781110629922397,1.9427862662363695,5.549303501515854,30.840775866078936
DPLM.L,2023-11-20,10.852997052515345,1.9427862662363695,5.5863052159310005,30.840775866078936
DPLM.L,2025-05-20,13.897865438826429,1.9427862662363695,7.153574060284994,30.840775866078936
BAVA.CO,2020-03-12,-19.20539735187452,3.4018876521625203,-5.645511937957735,54.00329229482058
BAVA.CO,2022-05-19,25.8374339243812,3.4018876521625203,7.595028574196681,54.00329229482058
BAVA.CO,2022-05-20,17.348556077620756,3.4018876521625203,5.099685189954049,54.00329229482058
BAVA.CO,2022-05-24,-25.051094381937755,3.4018876521625203,-7.363880569663496,54.00329229482058
BAVA.CO,2023-07-24,-30.29641122616691,3.4018876521625203,-8.905764776478732,54.00329229482058
BAVA.CO,2024-11-15,-18.677360153534828,3.4018876521625203,-5.49029305587501,54.00329229482058
BAVA.CO,2025-07-24,19.349047266771624,3.4018876521625203,5.687738469103109,54.00329229482058
BAVA.CO,2025-11-06,-22.939267857791144,3.4018876521625203,-6.743099773800306,54.00329229482058
AOO.BR,2020-03-12,-17.762600430656228,1.615215855355751,-10.997044371350615,25.64075680175875
AOO.BR,2020-03-16,-14.995584804185924,1.615215855355751,-9.28395096820242,25.64075680175875
AOO.BR,2020-03-17,-13.55836350288051,1.615215855355751,-8.394149585594729,25.64075680175875
AOO.BR,2020-03-20,8.485517576769652,1.615215855355751,5.25348828680283,25.64075680175875
AOO.BR,2020-03-24,11.347591439652849,1.615215855355751,7.025433413141889,25.64075680175875
IGG.L,2016-06-24,-12.416008921205268,2.0836355830253663,-5.958819777486069,33.07668945342117
IGG.L,2016-12-06,-48.13906808632058,2.0836355830253663,-23.103400843454754,33.07668945342117
IGG.L,2017-07-18,14.82980247772554,2.0836355830253663,7.11727261644917,33.07668945342117
IGG.L,2018-09-27,-13.77156035869258,2.0836355830253663,-6.609390082836248,33.07668945342117
IGG.L,2019-05-22,11.116013319296524,2.0836355830253663,5.33491240495925,33.07668945342117
IGG.L,2020-03-23,-13.61909939273982,2.0836355830253663,-6.536219434765729,33.07668945342117
IGG.L,2020-07-23,-11.575396524287251,2.0836355830253663,-5.555384357316542,33.07668945342117
IGG.L,2021-09-02,-11.474738441684629,2.0836355830253663,-5.507075486311147,33.07668945342117
IGG.L,2023-03-15,-11.27682246799413,2.0836355830253663,-5.412089599478128,33.07668945342117
AD.AS,2017-06-16,-10.010817807545802,1.3182936753607262,-7.593769123413666,20.927263319722798
AD.AS,2018-11-07,7.299114334218393,1.3182936753607262,5.536789313823514,20.927263319722798
AD.AS,2020-03-10,-6.68599430514023,1.3182936753607262,-5.071703240410931,20.927263319722798
AD.AS,2020-03-12,-9.12405950381765,1.3182936753607262,-6.92111300717651,20.927263319722798
AD.AS,2020-03-19,-6.7993171831397525,1.3182936753607262,-5.157665025798783,20.927263319722798
AD.AS,2022-02-16,-7.149666834957635,1.3182936753607262,-5.4234249686446105,20.927263319722798
AD.AS,2022-08-10,7.475200202578414,1.3182936753607262,5.6703603622561305,20.927263319722798
AD.AS,2023-02-15,7.167918321350086,1.3182936753607262,5.4372697490099995,20.927263319722798
AD.AS,2023-09-05,-6.917700080079747,1.3182936753607262,-5.247465120536855,20.927263319722798
AD.AS,2023-11-08,-7.6190402093928355,1.3182936753607262,-5.7794711085965185,20.927263319722798
TLIT.MI,2016-06-24,-21.048960847549214,2.4991386524319728,-8.422486214226632,39.67259619722452
TLIT.MI,2020-03-12,-21.269890538345916,2.4991386524319728,-8.5108885485996,39.67259619722452
TLIT.MI,2020-03-16,-12.646744624499973,2.4991386524319728,-5.060441369346641,39.67259619722452
TLIT.MI,2021-11-22,26.4869587325979,2.4991386524319728,10.59843506754729,39.67259619722452
TLIT.MI,2021-11-24,14.048952526984237,2.4991386524319728,5.6215178430828,39.67259619722452
TLIT.MI,2022-03-03,-15.346820629769354,2.4991386524319728,-6.140844012330003,39.67259619722452
TLIT.MI,2022-03-04,-18.251519119240566,2.4991386524319728,-7.303123858886168,39.67259619722452
TLIT.MI,2024-03-07,-26.96923409189398,2.4991386524319728,-10.791411699246682,39.67259619722452
AMBUb.CO,2018-05-07,15.89376411296799,3.1574693081794933,5.033703438318417,50.12327137057261
AMBUb.CO,2018-09-27,-18.497751736861012,3.1574693081794933,-5.858410623008174,50.12327137057261
AMBUb.CO,2018-10-04,-16.298112388584094,3.1574693081794933,-5.1617643111727105,50.12327137057261
AMBUb.CO,2019-05-10,-22.49544842066662,3.1574693081794933,-7.124518475093857,50.12327137057261
AMBUb.CO,2019-08-22,-17.006941932994657,3.1574693081794933,-5.3862572437166065,50.12327137057261
AMBUb.CO,2019-11-13,22.42750239428073,3.1574693081794933,7.102999334366226,50.12327137057261
AMBUb.CO,2020-02-04,21.441261234962326,3.1574693081794933,6.79064755417203,50.12327137057261
AMBUb.CO,2020-03-16,17.334713853220094,3.1574693081794933,5.490065670096663,50.12327137057261
AMBUb.CO,2021-01-27,20.977580949624475,3.1574693081794933,6.643795680066182,50.12327137057261
AMBUb.CO,2021-05-12,-26.24010103974106,3.1574693081794933,-8.310484910103641,50.12327137057261
AMBUb.CO,2024-08-30,-17.92291571913074,3.1574693081794933,-5.676354690986555,50.12327137057261
AMBUb.CO,2025-01-10,15.808475968325064,3.1574693081794933,5.006691886876893,50.12327137057261
AMBUb.CO,2025-11-05,-17.182205870211618,3.1574693081794933,-5.441764968451392,50.12327137057261
HIK.L,2016-08-04,-19.77790686008327,2.032571200809259,-9.730486613314598,32.26606751623935
HIK.L,2017-08-17,-11.051207941662922,2.032571200809259,-5.43705821339146,32.26606751623935
HIK.L,2018-03-15,17.291985260426213,2.032571200809259,8.50744380002112,32.26606751623935
HIK.L,2020-03-23,-11.592629571702595,2.032571200809259,-5.703430987847827,32.26606751623935
HIK.L,2022-02-24,-10.948412996694534,2.032571200809259,-5.3864843663707695,32.26606751623935
HIK.L,2022-05-05,-10.272000773909395,2.032571200809259,-5.053697882671783,32.26606751623935
HIK.L,2025-11-06,-14.761123619489425,2.032571200809259,-7.262291039847633,32.26606751623935
CAPP.PA,2016-06-24,-13.424496771210581,1.9075759371923906,-7.037463887791032,30.281829220692195
CAPP.PA,2020-03-12,-13.18367239531577,1.9075759371923906,-6.911217602545234,30.281829220692195
CAPP.PA,2020-03-16,-10.314690240399127,1.9075759371923906,-5.407223921885123,30.281829220692195
CAPP.PA,2020-03-20,10.184221562675866,1.9075759371923906,5.338828910614804,30.281829220692195
CAPP.PA,2020-03-24,11.686523580038166,1.9075759371923906,6.126373976618006,30.281829220692195
CAPP.PA,2020-03-26,10.196928525579452,1.9075759371923906,5.345490224933064,30.281829220692195
CAPP.PA,2025-02-18,-11.026901045478876,1.9075759371923906,-5.780583006152035,30.281829220692195
BGEO.L,2016-06-24,-15.24962964262948,2.556271236915154,-5.965575727023539,40.57954785902982
BGEO.L,2020-03-12,-17.347355482323756,2.556271236915154,-6.786195154806078,40.57954785902982
BGEO.L,2020-03-17,-15.463604016492027,2.556271236915154,-6.049281388133573,40.57954785902982
BGEO.L,2020-03-18,-18.558390251027703,2.556271236915154,-7.259945651707726,40.57954785902982
BGEO.L,2020-03-20,17.59834808480307,2.556271236915154,6.8843821542350625,40.57954785902982
BGEO.L,2020-03-23,-16.44931524676103,2.556271236915154,-6.434886489827921,40.57954785902982
BGEO.L,2020-03-24,21.343328454157586,2.556271236915154,8.349398978456682,40.57954785902982
BGEO.L,2020-05-14,-14.629530570306093,2.556271236915154,-5.722996198150184,40.57954785902982
BGEO.L,2022-02-24,-12.865894482005213,2.556271236915154,-5.033070941850233,40.57954785902982
BGEO.L,2024-05-15,-13.46184658450329,2.556271236915154,-5.26620430183642,40.57954785902982
BIRG.I,2016-06-24,-26.39361369839135,2.8284834180591525,-9.331365893777134,44.90078226992675
BIRG.I,2016-06-27,-24.100642345983992,2.8284834180591525,-8.520694232148392,44.90078226992675
BIRG.I,2020-03-09,-16.04281463112356,2.8284834180591525,-5.671878621841739,44.90078226992675
BIRG.I,2020-03-12,-17.674983603128403,2.8284834180591525,-6.248926011118924,44.90078226992675
BIRG.I,2020-04-15,-17.299480297656356,2.8284834180591525,-6.11616818652835,44.90078226992675
BIRG.I,2020-04-28,14.458657756149663,2.8284834180591525,5.111805734421062,44.90078226992675
BIRG.I,2020-05-11,-16.31296335767125,2.8284834180591525,-5.767388719169113,44.90078226992675
BIRG.I,2020-11-09,14.482941039807573,2.8284834180591525,5.120391000823145,44.90078226992675
BIRG.I,2022-04-27,-14.149038264982284,2.8284834180591525,-5.002340892170074,44.90078226992675
DCC.L,2016-06-24,-13.974725297081836,1.7101508343292624,-8.171633177937112,27.1478028722691
DCC.L,2020-03-12,-13.861380016343006,1.7101508343292624,-8.10535523422387,27.1478028722691
DCC.L,2020-03-16,-10.479008565312808,1.7101508343292624,-6.127534691653544,27.1478028722691
DCC.L,2020-03-23,-10.172720344336428,1.7101508343292624,-5.948434570875888,27.1478028722691
DCC.L,2020-03-24,14.079076388317313,1.7101508343292624,8.232651825614704,27.1478028722691
DCC.L,2021-12-15,8.60403286236151,1.7101508343292624,5.031154381032182,27.1478028722691
DCC.L,2022-11-08,-8.839427418973989,1.7101508343292624,-5.1687998751530575,27.1478028722691
DCC.L,2023-11-14,12.172834291966161,1.7101508343292624,7.117988687085876,27.1478028722691
DCC.L,2024-11-12,12.75117142480271,1.7101508343292624,7.456167706870044,27.1478028722691
KNEBV.HE,2020-03-26,7.71520713413647,1.5043095236568473,5.128736481958489,23.880173366772325
KNEBV.HE,2021-04-28,-8.552089818536146,1.5043095236568473,-5.685059945473688,23.880173366772325
KNEBV.HE,2022-11-04,7.752491773498482,1.5043095236568473,5.153521699877855,23.880173366772325
DLN.L,2016-06-24,-36.366183276743634,1.9824728772707252,-18.34384908549621,31.470781285134073
DLN.L,2016-06-27,-17.492067057356397,1.9824728772707252,-8.823357564133621,31.470781285134073
DLN.L,2020-03-12,-13.412133701340512,1.9824728772707252,-6.765355458383383,31.470781285134073
DLN.L,2020-03-19,-10.012079644998506,1.9824728772707252,-5.050298422635753,31.470781285134073
DLN.L,2020-03-20,11.759348201528175,1.9824728772707252,5.931656536818449,31.470781285134073
DLN.L,2020-11-09,15.80295195110395,1.9824728772707252,7.971333243590151,31.470781285134073
WTB.L,2016-06-24,-17.16750405436369,2.190100724598314,-7.838682422933941,34.766771180816995
WTB.L,2016-06-27,-15.343844402539464,2.190100724598314,-7.005999418293273,34.766771180816995
WTB.L,2018-08-31,13.06012916389312,2.190100724598314,5.9632550307878995,34.766771180816995
WTB.L,2020-03-12,-18.939003295376455,2.190100724598314,-8.647548983780212,34.766771180816995
WTB.L,2020-03-18,-11.192480776915437,2.190100724598314,-5.110486769492415,34.766771180816995
WTB.L,2020-03-20,11.879312973288814,2.190100724598314,5.42409435322551,34.766771180816995
WTB.L,2020-03-24,13.193883081704705,2.190100724598314,6.024327070219381,34.766771180816995
WTB.L,2020-03-25,11.70945278062785,2.190100724598314,5.34653618854698,34.766771180816995
WTB.L,2020-05-21,-14.698629234007843,2.190100724598314,-6.7113941696465655,34.766771180816995
WTB.L,2020-11-09,14.791077826677146,2.190100724598314,6.753606197445542,34.766771180816995
WTB.L,2025-11-28,-12.310770587998032,2.190100724598314,-5.621097901904009,34.766771180816995
GL9.I,2019-02-20,12.565802266793735,1.9519825259839272,6.437456329410401,30.986761963782882
GL9.I,2019-07-31,-16.97958653182452,1.9519825259839272,-8.698636543001681,30.986761963782882
GL9.I,2020-03-18,-11.209802720231021,1.9519825259839272,-5.742778211900512,30.986761963782882
GL9.I,2022-03-03,-11.726343792345295,1.9519825259839272,-6.007402031652127,30.986761963782882
GL9.I,2025-02-26,-27.016369236295247,1.9519825259839272,-13.840476990272863,30.986761963782882
GL9.I,2025-04-30,11.909969154113043,1.9519825259839272,6.101473243521807,30.986761963782882
GL9.I,2025-08-13,15.5976535858795,1.9519825259839272,7.9906727535981705,30.986761963782882
TE.PA,2022-03-01,-12.880296786147571,2.3934602472625643,-5.381454235924309,37.99500352305545
TE.PA,2022-03-03,12.51271599939332,2.3934602472625643,5.22787709288437,37.99500352305545
TE.PA,2023-10-19,-14.864319538761439,2.3934602472625643,-6.210389145072278,37.99500352305545
NN.AS,2016-06-24,-11.248132640944997,1.7379398143582443,-6.472107116723435,27.588939254338058
NN.AS,2016-08-18,8.802523113815486,1.7379398143582443,5.064918267647793,27.588939254338058
NN.AS,2020-02-13,9.834536811815386,1.7379398143582443,5.658732673344566,27.588939254338058
NN.AS,2020-03-09,-11.779590622611469,1.7379398143582443,-6.777904807342956,27.588939254338058
NN.AS,2020-03-12,-20.630171729024216,1.7379398143582443,-11.870475351669276,27.588939254338058
NN.AS,2020-03-16,-9.104399420222231,1.7379398143582443,-5.238616058510717,27.588939254338058
NN.AS,2020-03-24,10.252264340670392,1.7379398143582443,5.899090553061624,27.588939254338058
NN.AS,2022-02-24,-9.97533608427621,1.7379398143582443,-5.739747718455789,27.588939254338058
NN.AS,2022-03-09,9.734569753157185,1.7379398143582443,5.601212235736596,27.588939254338058
NN.AS,2023-08-29,9.623831966724294,1.7379398143582443,5.537494386868635,27.588939254338058
NN.AS,2023-09-27,-21.474530630485145,1.7379398143582443,-12.356314328649454,27.588939254338058
NN.AS,2023-11-30,8.9376445332221,1.7379398143582443,5.142666310641164,27.588939254338058
ROCKb.CO,2018-05-01,15.200245128896883,2.3599053606504943,6.4410401291291715,37.4623362115764
ROCKb.CO,2018-11-23,-15.498628291657335,2.3599053606504943,-6.567478743039605,37.4623362115764
ROCKb.CO,2019-08-23,-17.460673669665063,2.3599053606504943,-7.398887243873258,37.4623362115764
ROCKb.CO,2020-03-12,-11.8470010335197,2.3599053606504943,-5.0201170059862665,37.4623362115764
ROCKb.CO,2020-03-18,-13.082532247335221,2.3599053606504943,-5.54366817647683,37.4623362115764
ROCKb.CO,2022-02-09,18.322783510593688,2.3599053606504943,7.764202673594978,37.4623362115764
ROCKb.CO,2022-02-24,-14.014133059935174,2.3599053606504943,-5.9384301140246825,37.4623362115764
ROCKb.CO,2023-02-08,-18.10124654152121,2.3599053606504943,-7.670327311995133,37.4623362115764
ROCKb.CO,2025-02-06,14.198832691894703,2.3599053606504943,6.016695808505167,37.4623362115764
ROCKb.CO,2025-03-05,11.936720943329293,2.3599053606504943,5.058135441515759,37.4623362115764
ROCKb.CO,2025-08-20,-17.907856653110432,2.3599053606504943,-7.588379157787173,37.4623362115764
UPM.HE,2016-01-14,-8.951945267269767,1.75114201842108,-5.112061256654274,27.798517746587194
UPM.HE,2016-04-26,8.80903675621112,1.75114201842108,5.030452506732607,27.798517746587194
UPM.HE,2016-06-27,-13.016633338160144,1.75114201842108,-7.433225404468686,27.798517746587194
UPM.HE,2016-10-25,10.034753003134744,1.75114201842108,5.730405014313228,27.798517746587194
UPM.HE,2017-01-31,-11.934160204860245,1.75114201842108,-6.815072723582237,27.798517746587194
UPM.HE,2019-07-23,9.335551502473871,1.75114201842108,5.331121864628254,27.798517746587194
UPM.HE,2024-02-01,-11.720919770962634,1.75114201842108,-6.69330051341628,27.798517746587194
BKT.MC,2016-06-24,-12.402015910193143,2.018414698742106,-6.144434004529491,32.041340012813805
BKT.MC,2020-03-12,-17.984990361988864,2.018414698742106,-8.910453522359537,32.041340012813805
BKT.MC,2020-03-16,-13.642474680627249,2.018414698742106,-6.759004821521247,32.041340012813805
BKT.MC,2020-03-19,10.510842951059196,2.018414698742106,5.207474439028633,32.041340012813805
BKT.MC,2020-11-09,18.259611387836916,2.018414698742106,9.0465113037556,32.041340012813805
BKT.MC,2025-04-04,-10.13597925764671,2.018414698742106,-5.021752598196764,32.041340012813805
AKRBP.OL,2020-03-09,-35.82935312784063,2.7215626518434415,-13.164992951226658,43.20346772555526
AKRBP.OL,2020-03-12,-19.1645055667204,2.7215626518434415,-7.0417286016691145,43.20346772555526
AKRBP.OL,2020-03-24,18.700675488902885,2.7215626518434415,6.871300749308874,43.20346772555526
MONC.MI,2016-06-24,-12.408227861990362,2.0868070685312174,-5.946034997247635,33.12703522503194
MONC.MI,2018-10-10,-10.913720101979907,2.0868070685312174,-5.229865408526454,33.12703522503194
MONC.MI,2019-10-25,10.540771484256828,2.0868070685312174,5.051148064049767,33.12703522503194
MONC.MI,2020-03-12,-13.003640366134439,2.0868070685312174,-6.231357254931549,33.12703522503194
MONC.MI,2020-03-13,12.087335509415276,2.0868070685312174,5.792263066236809,33.12703522503194
MONC.MI,2020-03-24,13.185157791300384,2.0868070685312174,6.318340583626953,33.12703522503194
ADEN.S,2016-06-24,-14.091280599287792,1.9396501000437958,-7.2648569960992555,30.790990771184624
ADEN.S,2016-06-27,-10.820450560388517,1.9396501000437958,-5.578557988445544,30.790990771184624
ADEN.S,2020-03-12,-14.274018858077886,1.9396501000437958,-7.359068967003682,30.790990771184624
ADEN.S,2020-03-24,13.016514083814945,1.9396501000437958,6.710753699092966,30.790990771184624
ADEN.S,2023-11-02,13.64338893857826,1.9396501000437958,7.033943358273847,30.790990771184624
ADEN.S,2024-04-16,-11.786782074108348,1.9396501000437958,-6.076756871686399,30.790990771184624
ADEN.S,2025-02-26,11.442603136526985,1.9396501000437958,5.8993130442798005,30.790990771184624
ADEN.S,2025-05-08,10.854733943962414,1.9396501000437958,5.596233023532091,30.790990771184624
ADEN.S,2025-11-26,-11.855679863635915,1.9396501000437958,-6.11227760273269,30.790990771184624
SYENS.BR,2024-08-01,-11.110723009189183,2.0451557533283093,-5.432702615000089,32.46584109419799
SYENS.BR,2025-02-27,-11.405217212131546,2.0451557533283093,-5.576698593038975,32.46584109419799
EONGn.DE,2016-06-24,-12.230026361309942,1.6102472315789769,-7.595123358366167,25.561882344529234
EONGn.DE,2020-03-12,-12.416658915971546,1.6102472315789769,-7.711026401701068,25.561882344529234
EONGn.DE,2022-03-02,-9.002527114589798,1.6102472315789769,-5.590773229128359,25.561882344529234
LISP.S,2017-01-17,7.622281273258835,1.3192551797496703,5.777715630955619,20.942526728708657
LISP.S,2020-03-18,-7.118435964796355,1.3192551797496703,-5.395799140350605,20.942526728708657
LISP.S,2020-03-25,7.684371276965507,1.3192551797496703,5.824780069026238,20.942526728708657
LISP.S,2022-07-26,6.677411817106993,1.3192551797496703,5.061501307407439,20.942526728708657
LISP.S,2024-01-16,6.968272253737062,1.3192551797496703,5.2819745267623635,20.942526728708657
LISP.S,2025-03-04,9.384928541364523,1.3192551797496703,7.113808371133566,20.942526728708657
LISP.S,2025-07-22,-7.085281114317787,1.3192551797496703,-5.370667648742698,20.942526728708657
WEIR.L,2016-06-27,-12.065422357985245,2.3136567928664156,-5.214871278741933,36.72816295847889
WEIR.L,2020-03-09,-15.451122654539295,2.3136567928664156,-6.678225872644112,36.72816295847889
WEIR.L,2020-03-12,-19.69329874013006,2.3136567928664156,-8.511763197052147,36.72816295847889
WEIR.L,2020-04-07,12.909722064089513,2.3136567928664156,5.579791308673536,36.72816295847889
WEIR.L,2020-10-05,14.926613390731314,2.3136567928664156,6.451524459787557,36.72816295847889
ACKB.BR,2016-06-24,-8.544575075342209,1.3609596006867781,-6.278345860546029,21.604563886937907
ACKB.BR,2016-08-30,-6.817044819928508,1.3609596006867781,-5.008998662773266,21.604563886937907
ACKB.BR,2020-03-12,-8.582061486055625,1.3609596006867781,-6.3058899630267335,21.604563886937907
ACKB.BR,2020-03-18,9.633612337213204,1.3609596006867781,7.078543942341724,21.604563886937907
ACKB.BR,2020-03-24,7.015272921673077,1.3609596006867781,5.1546518486904205,21.604563886937907
ACKB.BR,2020-08-24,8.82954966734637,1.3609596006867781,6.4877382568084565,21.604563886937907
ACKB.BR,2022-05-19,-8.398673318026706,1.3609596006867781,-6.171140799321671,21.604563886937907
ACKB.BR,2022-09-23,-8.17014976045618,1.3609596006867781,-6.0032272496063035,21.604563886937907
ACKB.BR,2023-08-31,-7.531844148162037,1.3609596006867781,-5.534215816811358,21.604563886937907
ACKB.BR,2025-04-04,-6.920839444408333,1.3609596006867781,-5.085264427331925,21.604563886937907
VNAn.DE,2020-03-12,-9.341541035192247,1.8468904982070666,-5.057983158319821,29.318477742144488
VNAn.DE,2024-03-15,-11.454335415937544,1.8468904982070666,-6.201956979613702,29.318477742144488
VNAn.DE,2025-04-03,9.851101268327378,1.8468904982070666,5.333884861008641,29.318477742144488
MTO.L,2016-06-24,-13.552393970976773,2.668372836145337,-5.07889819121162,42.359105577844
MTO.L,2016-09-19,-34.98010572864999,2.668372836145337,-13.109152234955797,42.359105577844
MTO.L,2020-03-12,-13.36147952978703,2.668372836145337,-5.007351052594539,42.359105577844
MTO.L,2020-03-16,-16.05287135477504,2.668372836145337,-6.015977653994037,42.359105577844
MTO.L,2020-03-19,-21.749438035266415,2.668372836145337,-8.15082425538595,42.359105577844
MTO.L,2020-03-23,-22.764110460847988,2.668372836145337,-8.53108312020311,42.359105577844
MTO.L,2020-06-25,16.283532626790574,2.668372836145337,6.102420323808029,42.359105577844
MTO.L,2020-07-29,-13.65843767754179,2.668372836145337,-5.118639154366606,42.359105577844
MTO.L,2020-11-17,14.162551373124133,2.668372836145337,5.307560915506467,42.359105577844
MTO.L,2025-06-05,-13.742189090642576,2.668372836145337,-5.150025852644411,42.359105577844
EDEN.PA,2020-03-12,-18.98124310576663,1.9973884791506076,-9.503030233677142,31.707559124508172
EDEN.PA,2023-10-02,-12.22021948861105,1.9973884791506076,-6.118098515221093,31.707559124508172
EDEN.PA,2024-02-21,-12.109035100700982,1.9973884791506076,-6.06243363627008,31.707559124508172
EDEN.PA,2024-07-23,-14.751335053474968,1.9973884791506076,-7.385310973530794,31.707559124508172
EDEN.PA,2024-10-24,-15.522454500451754,1.9973884791506076,-7.771374803890278,31.707559124508172
EDEN.PA,2025-04-25,-18.537356792064365,1.9973884791506076,-9.280796893325128,31.707559124508172
EDEN.PA,2025-10-21,17.5147445545226,1.9973884791506076,8.768822258337432,31.707559124508172
HOTG.DE,2016-02-25,11.512807262547753,2.0740267031927653,5.550944568276237,32.92415321493138
HOTG.DE,2019-03-28,-11.717850625454673,2.0740267031927653,-5.649807019078474,32.92415321493138
HOTG.DE,2020-03-12,-18.407149294855163,2.0740267031927653,-8.875078255510944,32.92415321493138
HOTG.DE,2020-03-16,-11.08503516181143,2.0740267031927653,-5.344692594722662,32.92415321493138
HOTG.DE,2020-03-18,-13.588756779441535,2.0740267031927653,-6.551871660342147,32.92415321493138
HOTG.DE,2020-03-20,10.96979962205209,2.0740267031927653,5.289131333345484,32.92415321493138
HOTG.DE,2020-03-24,17.53269433115463,2.0740267031927653,8.453456411223986,32.92415321493138
HOTG.DE,2020-10-02,12.076554752757396,2.0740267031927653,5.822757601995527,32.92415321493138
HOTG.DE,2025-03-05,15.713881345422376,2.0740267031927653,7.576508692598972,32.92415321493138
BAES.L,2016-06-24,-12.872535964362775,1.6385452348181198,-7.856076042839086,26.01109921955207
BAES.L,2020-03-12,-8.742185492630572,1.6385452348181198,-5.335333628186935,26.01109921955207
BAES.L,2020-03-23,-8.25004325315939,1.6385452348181198,-5.034980467948541,26.01109921955207
BAES.L,2020-03-24,11.502890468651827,1.6385452348181198,7.020184871447055,26.01109921955207
BAES.L,2022-02-28,9.786871115734108,1.6385452348181198,5.972902613714208,26.01109921955207
BAES.L,2025-02-17,8.630551454386826,1.6385452348181198,5.267203657850084,26.01109921955207
BAES.L,2025-03-03,14.217954257410215,1.6385452348181198,8.677181413907332,26.01109921955207
ENAG.MC,2016-06-24,-9.204039898810112,1.44528010718627,-6.368343308017233,22.943110430661875
ENAG.MC,2019-07-05,-7.720381804240795,1.44528010718627,-5.34178929458259,22.943110430661875
ENAG.MC,2020-03-09,-8.069898118755159,1.44528010718627,-5.5836222187171485,22.943110430661875
ENAG.MC,2020-03-12,-16.870348947684732,1.44528010718627,-11.672719263069782,22.943110430661875
ENAG.MC,2020-07-07,-8.547366350185959,1.44528010718627,-5.913986020901041,22.943110430661875
ENAG.MC,2021-07-06,-8.179356692650375,1.44528010718627,-5.6593574158951645,22.943110430661875
ENAG.MC,2022-07-05,-7.732090226967703,1.44528010718627,-5.349890438899661,22.943110430661875
ENAG.MC,2024-07-02,-9.89928862389955,1.44528010718627,-6.8493910451531,22.943110430661875
VEND.OL,2017-11-03,17.31001756038748,2.349844297869451,7.366452992686397,37.302621791314515
VEND.OL,2018-09-18,12.816102066424584,2.349844297869451,5.454021816698513,37.302621791314515
VEND.OL,2020-03-16,-13.372108597890131,2.349844297869451,-5.690636017890339,37.302621791314515
VEND.OL,2020-07-21,14.492893981512012,2.349844297869451,6.167597570040016,37.302621791314515
VEND.OL,2022-02-11,-14.380093283735862,2.349844297869451,-6.119594092584754,37.302621791314515
VEND.OL,2023-09-22,12.199948114855896,2.349844297869451,5.191811272737222,37.302621791314515
VEND.OL,2023-12-11,12.138195053711254,2.349844297869451,5.165531633188068,37.302621791314515
VEND.OL,2024-05-30,-12.118477187022902,2.349844297869451,-5.157140495653454,37.302621791314515
BIOX.PA,2016-03-02,-15.605200476471381,1.865209479944023,-8.36645998439795,29.60928256183201
BIOX.PA,2018-02-28,-11.64054617492063,1.865209479944023,-6.240878732435981,29.60928256183201
BIOX.PA,2020-03-23,13.548025696381227,1.865209479944023,7.263541088579401,29.60928256183201
BIOX.PA,2020-05-27,-15.35648576295685,1.865209479944023,-8.233115866115861,29.60928256183201
BIOX.PA,2020-08-27,-13.370761134797782,1.865209479944023,-7.168503741037737,29.60928256183201
BIOX.PA,2020-11-09,-12.297412421630405,1.865209479944023,-6.593046279176891,29.60928256183201
BIOX.PA,2022-03-02,-9.579455245392587,1.865209479944023,-5.13586026041433,29.60928256183201
BIOX.PA,2022-03-09,11.823224044544922,1.865209479944023,6.338818332029789,29.60928256183201
NKT.CO,2016-09-21,13.185664091000904,2.5374353848364444,5.196453147062428,40.28053797703624
NKT.CO,2018-11-16,-25.41036303349764,2.5374353848364444,-10.014191173240661,40.28053797703624
NKT.CO,2019-04-23,-13.515182984817509,2.5374353848364444,-5.326316116494394,40.28053797703624
NKT.CO,2019-09-20,19.327910942744133,2.5374353848364444,7.617104679097061,40.28053797703624
NKT.CO,2020-05-13,-14.199718923082516,2.5374353848364444,-5.5960908435104,40.28053797703624
NKT.CO,2023-02-22,-14.985834469526393,2.5374353848364444,-5.905897962596725,40.28053797703624
NKT.CO,2025-11-19,15.685768881212603,2.5374353848364444,6.181741208051949,40.28053797703624
SDR.L,2016-06-24,-21.09775743766771,1.9401886811600808,-10.874075105444334,30.799540481351777
SDR.L,2016-06-27,-18.904686688143492,1.9401886811600808,-9.74373620035757,30.799540481351777
SDR.L,2020-03-09,-13.148694676496685,1.9401886811600808,-6.777018546791438,30.799540481351777
SDR.L,2020-03-12,-16.146108837230866,1.9401886811600808,-8.321927137301286,30.799540481351777
SDR.L,2020-03-24,10.33213900809622,1.9401886811600808,5.325326917131797,30.799540481351777
SDR.L,2024-08-01,-10.529566129239809,1.9401886811600808,-5.427083577739436,30.799540481351777
SDR.L,2024-11-05,-14.623431934208186,1.9401886811600808,-7.537118464923999,30.799540481351777
SDR.L,2025-03-06,12.49176410920998,1.9401886811600808,6.438427473837691,30.799540481351777
TRELb.ST,2020-03-12,-13.924734961592877,1.9490239757117327,-7.144465709565183,30.93979643421383
TRELb.ST,2020-03-24,10.464942116991782,1.9490239757117327,5.369324465683014,30.93979643421383
TRELb.ST,2020-04-06,10.26667403467112,1.9490239757117327,5.267597609168455,30.93979643421383
TRELb.ST,2022-03-25,21.117265838843036,1.9490239757117327,10.8347901831898,30.93979643421383
BWY.L,2016-06-24,-36.22359866820189,2.3384551557097217,-15.490396974154507,37.12182476450849
BWY.L,2016-06-27,-21.315761325973526,2.3384551557097217,-9.115317552242812,37.12182476450849
BWY.L,2019-10-11,13.070722722682593,2.3384551557097217,5.589469052151066,37.12182476450849
BWY.L,2019-12-13,12.72778326588071,2.3384551557097217,5.4428169104734545,37.12182476450849
BWY.L,2020-03-12,-13.67977181986495,2.3384551557097217,-5.849918390123301,37.12182476450849
BWY.L,2020-03-16,-11.872577189669675,2.3384551557097217,-5.077102787573596,37.12182476450849
BWY.L,2020-03-17,-13.413328166656191,2.3384551557097217,-5.735978359005666,37.12182476450849
BWY.L,2020-11-09,13.906842853341184,2.3384551557097217,5.94702139974134,37.12182476450849
INGA.AS,2016-02-04,10.975697009986352,2.1516098242496047,5.101155835172966,34.15574708044707
INGA.AS,2016-06-24,-19.062128078312803,2.1516098242496047,-8.859472504482037,34.15574708044707
INGA.AS,2020-03-09,-14.31793318745993,2.1516098242496047,-6.654521199006632,34.15574708044707
INGA.AS,2020-03-12,-22.382360692978807,2.1516098242496047,-10.40261131024761,34.15574708044707
INGA.AS,2020-03-24,19.200738222069692,2.1516098242496047,8.923894102763793,34.15574708044707
INGA.AS,2020-11-09,13.460341224392725,2.1516098242496047,6.2559396562930045,34.15574708044707
INGA.AS,2022-02-24,-11.017824884120131,2.1516098242496047,-5.1207355348280705,34.15574708044707
INGA.AS,2022-03-01,-11.644760120768582,2.1516098242496047,-5.41211514723856,34.15574708044707
INGA.AS,2022-03-04,-11.549822455883962,2.1516098242496047,-5.367991131901471,34.15574708044707
INGA.AS,2022-03-09,11.955341655221519,2.1516098242496047,5.5564635932033175,34.15574708044707
INGA.AS,2023-03-15,-11.837706587447228,2.1516098242496047,-5.5017905449356945,34.15574708044707
NEXII.MI,2020-03-12,-22.540162832724555,2.402058971873069,-9.383684204534022,38.13150404452582
NEXII.MI,2020-03-24,16.327981647411338,2.402058971873069,6.797494082619946,38.13150404452582
NEXII.MI,2023-10-18,12.333050486493136,2.402058971873069,5.134366237843075,38.13150404452582
NEXII.MI,2023-10-25,-14.874796141388934,2.402058971873069,-6.1925191327796245,38.13150404452582
NEXII.MI,2025-04-04,-12.547403581491645,2.402058971873069,-5.2236034703625425,38.13150404452582
BAKKA.OL,2020-03-12,-20.510330012137423,2.22731260030055,-9.208554744120692,35.35749139437518
BAKKA.OL,2021-11-09,-15.629563953364922,2.22731260030055,-7.0172296206899265,35.35749139437518
BAKKA.OL,2021-12-20,-12.29557442329181,2.22731260030055,-5.520363159456228,35.35749139437518
BAKKA.OL,2022-09-29,-12.207485260423256,2.22731260030055,-5.480813631088873,35.35749139437518
BAKKA.OL,2023-07-17,-15.381588290308112,2.22731260030055,-6.90589560182641,35.35749139437518
BAKKA.OL,2025-07-16,-18.6895894948222,2.22731260030055,-8.391094044141024,35.35749139437518
HRA.MI,2020-03-12,-20.05844393126084,1.6484352261257111,-12.168172345117773,26.16809796436293
HRA.MI,2020-03-13,12.948690909129134,1.6484352261257111,7.855140865657318,26.16809796436293
HRA.MI,2022-05-12,-8.907018660777988,1.6484352261257111,-5.403317351881639,26.16809796436293
HRA.MI,2022-06-10,-8.996891237619842,1.6484352261257111,-5.457837284128586,26.16809796436293
HRA.MI,2025-04-07,-8.60749497436668,1.6484352261257111,-5.221615528440707,26.16809796436293
BCVN.S,2020-03-02,6.563847694112646,1.2050091905770344,5.447134964148664,19.128927874884422
BCVN.S,2020-03-24,6.033049726053452,1.2050091905770344,5.006642084749949,19.128927874884422
BCVN.S,2020-03-26,8.224645818677434,1.2050091905770344,6.825380157257518,19.128927874884422
BCVN.S,2021-11-30,6.22665690175106,1.2050091905770344,5.167310714675415,19.128927874884422
BCVN.S,2022-05-09,-7.4541742337391526,1.2050091905770344,-6.185989527739306,19.128927874884422
BCVN.S,2023-02-09,-7.349014734112647,1.2050091905770344,-6.098720899044325,19.128927874884422
BCVN.S,2023-12-01,-6.065065865735786,1.2050091905770344,-5.0332112926304315,19.128927874884422
BCVN.S,2024-12-12,-11.240434500575702,1.2050091905770344,-9.328090265596291,19.128927874884422
BCVN.S,2025-05-12,-6.82001340582552,1.2050091905770344,-5.659718995636595,19.128927874884422
BMPS.MI,2016-01-20,-24.740558810315605,4.377210721100474,-5.652128806834226,69.48606602494537
BMPS.MI,2016-01-21,35.73476065746881,4.377210721100474,8.163820052164347,69.48606602494537
BMPS.MI,2016-10-24,24.95099987414644,4.377210721100474,5.700205327988759,69.48606602494537
BMPS.MI,2022-10-13,-39.921252846289605,4.377210721100474,-9.120249261441314,69.48606602494537
STB.OL,2016-06-24,-12.610451706616232,2.070502951901374,-6.0905258285364265,32.86821539733699
STB.OL,2020-03-09,-13.819265376007328,2.070502951901374,-6.674351931407241,32.86821539733699
STB.OL,2020-03-12,-23.11912351708134,2.070502951901374,-11.165945692495008,32.86821539733699
STB.OL,2020-03-24,15.24754582856891,2.070502951901374,7.364174880584865,32.86821539733699
STB.OL,2020-11-09,10.607796220425492,2.070502951901374,5.1232944201717725,32.86821539733699
BOUY.PA,2016-04-04,-14.895515890566102,1.730394168825999,-8.608163480273454,27.469155844979458
BOUY.PA,2016-06-24,-9.477845799694506,1.730394168825999,-5.477275623348196,27.469155844979458
BOUY.PA,2018-10-19,-12.926928026977391,1.730394168825999,-7.470510626921366,27.469155844979458
BOUY.PA,2020-03-12,-19.862836070748678,1.730394168825999,-11.478792767907207,27.469155844979458
BOUY.PA,2020-03-18,-9.82792701499755,1.730394168825999,-5.679588611689204,27.469155844979458
BOUY.PA,2020-03-20,12.790989236303796,1.730394168825999,7.391951190509359,27.469155844979458
BOUY.PA,2020-03-27,-9.211266524488071,1.730394168825999,-5.323218657594954,27.469155844979458
BOUY.PA,2020-04-01,-9.38874650118775,1.730394168825999,-5.425784870482791,27.469155844979458
BOUY.PA,2020-04-06,12.703825061805851,1.730394168825999,7.341578751634879,27.469155844979458
BOUY.PA,2020-11-09,9.193291957285554,1.730394168825999,5.3128311010911595,27.469155844979458
AXAF.PA,2016-06-24,-19.696795334588522,1.7433978172150386,-11.297935066852864,27.675582363623008
AXAF.PA,2016-06-27,-10.890275471870625,1.7433978172150386,-6.246580880356447,27.675582363623008
AXAF.PA,2018-03-05,-10.244556818916717,1.7433978172150386,-5.876201471493013,27.675582363623008
AXAF.PA,2020-03-09,-9.471975888669393,1.7433978172150386,-5.433054805471904,27.675582363623008
AXAF.PA,2020-03-12,-17.35910932628859,1.7433978172150386,-9.95705578777115,27.675582363623008
AXAF.PA,2020-03-16,-12.651496118057404,1.7433978172150386,-7.256803922278234,27.675582363623008
AXAF.PA,2020-03-24,16.737010770377793,1.7433978172150386,9.600224690606787,27.675582363623008
AXAF.PA,2020-06-03,10.047545211509679,1.7433978172150386,5.763197081180221,27.675582363623008
AXAF.PA,2020-11-09,9.967969208832939,1.7433978172150386,5.717552878869667,27.675582363623008
TEGG.DE,2020-03-16,-10.980274272525925,2.0692012426092865,-5.30652797147931,32.84755140294
TEGG.DE,2020-03-24,11.197240312727086,2.0692012426092865,5.411382944370958,32.84755140294
TEGG.DE,2022-05-24,-14.99614358964867,2.0692012426092865,-7.247310353795439,32.84755140294
TEGG.DE,2022-06-13,-14.502512380968113,2.0692012426092865,-7.008749116485296,32.84755140294
TEGG.DE,2022-10-10,-10.882981893017906,2.0692012426092865,-5.259508678476503,32.84755140294
TEGG.DE,2022-10-12,-14.245369097591777,2.0692012426092865,-6.884477354956641,32.84755140294
TEGG.DE,2022-11-22,-12.34785267874907,2.0692012426092865,-5.967448899836484,32.84755140294
HOLN.S,2016-02-08,-8.735298629320098,1.6678456169869393,-5.237474344358638,26.476228366779157
HOLN.S,2016-06-24,-11.244267418516118,1.6678456169869393,-6.741791508754596,26.476228366779157
HOLN.S,2020-03-12,-14.20545621643834,1.6678456169869393,-8.517248881884719,26.476228366779157
HOLN.S,2020-03-18,-8.467106793323254,1.6678456169869393,-5.07667298884628,26.476228366779157
HOLN.S,2020-03-24,13.62439304127574,1.6678456169869393,8.168857418523546,26.476228366779157
HOLN.S,2025-06-23,13.019600129069886,1.6678456169869393,7.80623817724242,26.476228366779157
GASI.MI,2016-02-11,-8.10185017406293,1.6014237942380816,-5.0591543620204495,25.42181461905261
GASI.MI,2016-03-11,9.125336931829153,1.6014237942380816,5.698264859471983,25.42181461905261
GASI.MI,2016-06-24,-21.231391201476278,1.6014237942380816,-13.257821744541804,25.42181461905261
GASI.MI,2016-06-27,-9.467783474683422,1.6014237942380816,-5.912103659723604,25.42181461905261
GASI.MI,2017-01-24,8.197766025840947,1.6014237942380816,5.119048471326882,25.42181461905261
GASI.MI,2020-03-09,-9.1628065920899,1.6014237942380816,-5.721662576176058,25.42181461905261
GASI.MI,2020-03-12,-14.72105724025834,1.6014237942380816,-9.192480649547399,25.42181461905261
GASI.MI,2020-03-24,11.045933679482367,1.6014237942380816,6.897570598879326,25.42181461905261
UU.L,2016-06-24,-8.64378935250274,1.5846996348695437,-5.454528519036554,25.15632681959804
UU.L,2018-03-28,8.549317341271134,1.5846996348695437,5.3949134291148715,25.15632681959804
UU.L,2019-10-11,9.522661163884605,1.5846996348695437,6.009126874487186,25.15632681959804
UU.L,2019-12-13,8.13035182643529,1.5846996348695437,5.13053177241667,25.15632681959804
UU.L,2020-03-12,-9.707134006555407,1.5846996348695437,-6.125535586025753,25.15632681959804
UU.L,2020-03-19,-8.729958183958786,1.5846996348695437,-5.508904016802817,25.15632681959804
UU.L,2020-03-26,8.613665842884055,1.5846996348695437,5.435519547900416,25.15632681959804
ACPP.WA,2020-08-18,10.316496875168912,1.9973567412093853,5.165074752205931,31.70705530031058
ACPP.WA,2022-02-24,-11.490284449044585,1.9973567412093853,-5.75274522171102,31.70705530031058
ACPP.WA,2022-03-09,10.164434246559217,1.9973567412093853,5.088942819701164,31.70705530031058
ACPP.WA,2025-04-04,-11.214600037212286,1.9973567412093853,-5.61472059839542,31.70705530031058
ACPP.WA,2025-09-04,10.353068822053935,1.9973567412093853,5.183384924910922,31.70705530031058
ACPP.WA,2025-10-03,12.80022003972352,1.9973567412093853,6.408579787290816,31.70705530031058
MWDP.PA,2016-06-27,-9.040972219603383,1.7149339845989275,-5.271906849357703,27.22373302885101
MWDP.PA,2018-03-22,-9.83796230672036,1.7149339845989275,-5.7366419903452845,27.22373302885101
MWDP.PA,2020-03-12,-15.063636241513478,1.7149339845989275,-8.783799479626278,27.22373302885101
MWDP.PA,2020-03-16,-13.06315042222952,1.7149339845989275,-7.61729054269375,27.22373302885101
MWDP.PA,2020-03-18,-8.97868439843812,1.7149339845989275,-5.235586022011202,27.22373302885101
MWDP.PA,2020-03-24,10.753427026229723,1.7149339845989275,6.270461208887077,27.22373302885101
MWDP.PA,2020-04-06,11.565225743748275,1.7149339845989275,6.743831452178633,27.22373302885101
MWDP.PA,2020-04-07,8.61283203542289,1.7149339845989275,5.022252817176037,27.22373302885101
MWDP.PA,2020-11-09,8.640188560737627,1.7149339845989275,5.0382047579273515,27.22373302885101
MWDP.PA,2022-03-09,9.172480414585937,1.7149339845989275,5.348590964410278,27.22373302885101
MWDP.PA,2022-06-16,-9.708835542331862,1.7149339845989275,-5.661346518013329,27.22373302885101
MWDP.PA,2025-07-31,-12.165988665164384,1.7149339845989275,-7.094144016283899,27.22373302885101
A2.MI,2016-06-24,-13.025771341685147,1.6961252766703592,-7.679722436102045,26.925154046882366
A2.MI,2020-03-09,-10.28121011849405,1.6961252766703592,-6.061586523064473,26.925154046882366
A2.MI,2020-03-12,-21.973779121722885,1.6961252766703592,-12.955280735429707,26.925154046882366
A2.MI,2025-04-07,-9.743778056704688,1.6961252766703592,-5.744727816233343,26.925154046882366
A2.MI,2025-11-12,-9.751959538200605,1.6961252766703592,-5.749551446662328,26.925154046882366
ZELA.CO,2019-10-15,16.33703998663445,3.148868592993073,5.188225390855613,49.98673924968922
ZELA.CO,2020-03-12,-22.990409620861165,3.148868592993073,-7.301165146116257,49.98673924968922
ZELA.CO,2022-09-30,25.47401700457175,3.148868592993073,8.089895228164506,49.98673924968922
ZELA.CO,2024-02-26,30.67385934783662,3.148868592993073,9.741231951086405,49.98673924968922
ZELA.CO,2024-06-21,16.7907505477066,3.148868592993073,5.332312242266864,49.98673924968922
ZELA.CO,2025-03-12,31.88364835394708,3.148868592993073,10.12542994804395,49.98673924968922
REDE.MC,2016-06-24,-9.89996230418515,1.3160625630869371,-7.522410090416935,20.89184551038174
REDE.MC,2020-03-12,-15.208337262697746,1.3160625630869371,-11.555937908472446,20.89184551038174
TEPRF.PA,2020-03-12,-15.213438263458468,2.3737285193220945,-6.409089388117233,37.68177205264705
TEPRF.PA,2020-03-24,12.897711762712127,2.3737285193220945,5.433524372195496,37.68177205264705
TEPRF.PA,2022-11-10,-42.2525041254417,2.3737285193220945,-17.800057496679724,37.68177205264705
TEPRF.PA,2023-04-26,-14.94613080217233,2.3737285193220945,-6.296478590753398,37.68177205264705
TEPRF.PA,2023-07-27,-17.903637019831997,2.3737285193220945,-7.542411389548895,37.68177205264705
TEPRF.PA,2024-02-28,-15.689445466066942,2.3737285193220945,-6.609620829996028,37.68177205264705
TEPRF.PA,2024-03-07,-26.111741420579104,2.3737285193220945,-11.000306567507675,37.68177205264705
TEPRF.PA,2024-05-02,12.785889251066962,2.3737285193220945,5.386415989440294,37.68177205264705
TEPRF.PA,2025-06-18,-15.154053596207717,2.3737285193220945,-6.384071924339316,37.68177205264705
TEPRF.PA,2025-08-01,-23.496321795206487,2.3737285193220945,-9.8984873813273,37.68177205264705
STMMI.MI,2019-01-03,-12.829286346851498,2.5503364127630266,-5.030429037772429,40.48533544634125
STMMI.MI,2020-03-12,-18.234666773949428,2.5503364127630266,-7.149906452613459,40.48533544634125
STMMI.MI,2020-03-18,-15.258085473816596,2.5503364127630266,-5.982773644080169,40.48533544634125
STMMI.MI,2020-03-24,14.041071145552042,2.5503364127630266,5.505576078231965,40.48533544634125
STMMI.MI,2024-07-25,-14.758716468967537,2.5503364127630266,-5.78696849368903,40.48533544634125
STMMI.MI,2025-07-24,-17.931718892665273,2.5503364127630266,-7.031119033131047,40.48533544634125
STMMI.MI,2025-10-23,-15.16702666783063,2.5503364127630266,-5.947069018788278,40.48533544634125
EQNR.OL,2016-02-04,10.902879896739437,2.145706368433117,5.081254386498917,34.06203262464937
EQNR.OL,2020-03-09,-22.108845576574776,2.145706368433117,-10.303760990707952,34.06203262464937
EQNR.OL,2020-03-12,-14.283061471748715,2.145706368433117,-6.6565778439567165,34.06203262464937
EQNR.OL,2020-03-24,12.307435438704983,2.145706368433117,5.735843272764473,34.06203262464937
VLOF.PA,2018-10-26,-24.22795897467975,2.8015886729212274,-8.647935797590574,44.47384142667026
VLOF.PA,2020-03-12,-23.691799409946057,2.8015886729212274,-8.456558822834804,44.47384142667026
VLOF.PA,2020-03-20,22.501422455149232,2.8015886729212274,8.031665273577406,44.47384142667026
VLOF.PA,2022-03-29,15.711832514680824,2.8015886729212274,5.608186764368245,44.47384142667026
VLOF.PA,2025-11-20,-14.574403708065109,2.8015886729212274,-5.202192544870736,44.47384142667026
ALKb.CO,2016-07-27,-19.34719380700727,2.276704364911988,-8.49789463453468,36.14156135023421
ALKb.CO,2017-12-04,-12.74858593086925,2.276704364911988,-5.599578991171337,36.14156135023421
ALKb.CO,2018-05-04,12.515020607936766,2.276704364911988,5.496989772064924,36.14156135023421
ALKb.CO,2020-02-05,11.755971001244392,2.276704364911988,5.163591365846417,36.14156135023421
ALKb.CO,2020-03-12,-11.769572472777057,2.276704364911988,-5.169565558957427,36.14156135023421
ALKb.CO,2020-05-06,11.940533060878344,2.276704364911988,5.244656813990839,36.14156135023421
ALKb.CO,2023-04-18,-27.61995063102298,2.276704364911988,-12.13154903056142,36.14156135023421
ALKb.CO,2023-06-19,-12.289767889600167,2.276704364911988,-5.3980517097463645,36.14156135023421
ALKb.CO,2023-11-15,16.787740463917,2.276704364911988,7.373702410662341,36.14156135023421
ALKb.CO,2024-05-03,13.177550573403396,2.276704364911988,5.78799372307296,36.14156135023421
ALKb.CO,2024-08-23,11.415816699390735,2.276704364911988,5.014184922438115,36.14156135023421
SECUb.ST,2019-07-31,-10.161610485812744,1.7662517864539566,-5.753206062547776,28.038377878084393
SECUb.ST,2020-03-12,-11.186651390613545,1.7662517864539566,-6.333554183162414,28.038377878084393
SECUb.ST,2020-03-24,9.388243610015978,1.7662517864539566,5.315348401636685,28.038377878084393
SECUb.ST,2020-04-07,10.192735201261627,1.7662517864539566,5.7708279642990385,28.038377878084393
SECUb.ST,2022-07-28,11.43241596911504,1.7662517864539566,6.472698885172827,28.038377878084393
SECUb.ST,2022-09-22,9.100568269677932,1.7662517864539566,5.15247505450445,28.038377878084393
EMG.L,2016-06-24,-16.98440485103856,2.0089611995461736,-8.454321992318892,31.891270365463093
EMG.L,2016-10-14,13.176064260493552,2.0089611995461736,6.558645464865144,31.891270365463093
EMG.L,2020-03-09,-11.31575177472236,2.0089611995461736,-5.63263828951928,31.891270365463093
EXHO.PA,2018-03-29,-17.688340969048166,1.8751949231006795,-9.432801225698752,29.76779655777172
EXHO.PA,2020-03-12,-15.863361484867111,1.8751949231006795,-8.459580009227343,29.76779655777172
EXHO.PA,2020-03-16,-10.002996103145234,1.8751949231006795,-5.334376698612773,29.76779655777172
EXHO.PA,2020-03-17,-9.691217602846658,1.8751949231006795,-5.168112116484402,29.76779655777172
EXHO.PA,2020-03-20,10.475578715971734,1.8751949231006795,5.586394559265399,29.76779655777172
EXHO.PA,2020-03-24,11.37714372355707,1.8751949231006795,6.067179248088349,29.76779655777172
EXHO.PA,2020-04-09,12.09462597109301,1.8751949231006795,6.449796670254556,29.76779655777172
EXHO.PA,2020-04-15,-10.36210130047146,1.8751949231006795,-5.525879562076394,29.76779655777172
EXHO.PA,2020-11-09,21.8838915586963,1.8751949231006795,11.67019560959069,29.76779655777172
EXHO.PA,2021-01-08,9.760715078728133,1.8751949231006795,5.2051735840818925,29.76779655777172
EXHO.PA,2022-04-01,-10.377581195455265,1.8751949231006795,-5.5341346478774,29.76779655777172
EXHO.PA,2023-04-05,11.064576984069419,1.8751949231006795,5.900494315425021,29.76779655777172
EXHO.PA,2025-03-20,-19.402313743698585,1.8751949231006795,-10.34682501785809,29.76779655777172
SSABb.ST,2016-02-12,15.5667680496474,2.534117196337469,6.142876135383902,40.2278633676071
SSABb.ST,2016-07-01,13.172147649100097,2.534117196337469,5.197923627264616,40.2278633676071
SSABb.ST,2020-03-12,-17.580071509510443,2.534117196337469,-6.937355357881128,40.2278633676071
SSABb.ST,2020-03-24,13.569292493974782,2.534117196337469,5.354642837192506,40.2278633676071
SSABb.ST,2023-04-19,-14.625520154864846,2.534117196337469,-5.7714458415747085,40.2278633676071
SSABb.ST,2023-07-21,-16.37601061985363,2.534117196337469,-6.4622151822818985,40.2278633676071
AZN.L,2017-05-12,8.66715124775208,1.5714659177024248,5.515328808673091,24.946248072327066
AZN.L,2017-07-27,-15.976738591383732,1.5714659177024248,-10.16677384562222,24.946248072327066
AZN.L,2020-03-12,-11.57828019581304,1.5714659177024248,-7.367821385996817,24.946248072327066
AZN.L,2023-07-03,-8.210708015762247,1.5714659177024248,-5.224871836715862,24.946248072327066
AZN.L,2024-11-05,-8.672137854175244,1.5714659177024248,-5.518502028255513,24.946248072327066
AZN.L,2025-04-07,-8.735286326352387,1.5714659177024248,-5.558686464625263,24.946248072327066
AZN.L,2025-10-01,10.828167282311085,1.5714659177024248,6.890488148888714,24.946248072327066
BKGH.L,2016-06-24,-31.81516201732446,2.0493503577820116,-15.52451092440711,32.53242837559468
BKGH.L,2016-06-27,-14.06955832530672,2.0493503577820116,-6.865374811037211,32.53242837559468
BKGH.L,2019-10-11,11.239825218731792,2.0493503577820116,5.484579625953526,32.53242837559468
BKGH.L,2019-12-13,14.676046025016642,2.0493503577820116,7.161316252873597,32.53242837559468
BKGH.L,2020-03-12,-13.19491128856809,2.0493503577820116,-6.438582470031522,32.53242837559468
BKGH.L,2020-03-24,10.4110363333338,2.0493503577820116,5.080164206086042,32.53242837559468
BKGH.L,2020-04-06,11.120480834043756,2.0493503577820116,5.426344398270349,32.53242837559468
ICGIN.L,2016-06-24,-23.88373697504338,2.577954082727029,-9.26460914686988,40.92375236543611
ICGIN.L,2016-06-27,-18.380491701249113,2.577954082727029,-7.129875518110756,40.92375236543611
ICGIN.L,2017-05-25,13.07389154312073,2.577954082727029,5.071421415423668,40.92375236543611
ICGIN.L,2020-03-09,-12.90949809560007,2.577954082727029,-5.007652456689243,40.92375236543611
ICGIN.L,2020-03-12,-19.841820143825693,2.577954082727029,-7.696731402925721,40.92375236543611
ICGIN.L,2020-03-16,-21.88897746568772,2.577954082727029,-8.490832948635367,40.92375236543611
ICGIN.L,2020-03-18,-41.309558146658865,2.577954082727029,-16.02416366662377,40.92375236543611
ICGIN.L,2020-03-19,16.387994216345426,2.577954082727029,6.356976769349502,40.92375236543611
ICGIN.L,2020-03-24,18.47980134437566,2.577954082727029,7.168398175978072,40.92375236543611
ICGIN.L,2020-04-06,14.883755319095604,2.577954082727029,5.773475725894687,40.92375236543611
AUTOA.L,2016-02-08,-11.469442093199422,1.9413269812746135,-5.908042387413249,30.817610435474236
AUTOA.L,2016-06-24,-17.928188479572448,1.9413269812746135,-9.235017414635308,30.817610435474236
AUTOA.L,2016-06-27,-18.32446793432345,1.9413269812746135,-9.439145548933848,30.817610435474236
AUTOA.L,2019-10-11,12.544957552670422,1.9413269812746135,6.462052850279659,30.817610435474236
AUTOA.L,2020-03-16,-9.890162509882327,1.9413269812746135,-5.094537193002264,30.817610435474236
AUTOA.L,2020-03-19,12.633578460699413,1.9413269812746135,6.507702505841961,30.817610435474236
AUTOA.L,2020-03-20,-11.264832925905367,1.9413269812746135,-5.802645836874547,30.817610435474236
AUTOA.L,2020-03-26,11.751085541810347,1.9413269812746135,6.053120187973155,30.817610435474236
AUTOA.L,2020-04-01,-11.680829692014072,1.9413269812746135,-6.016930586492344,30.817610435474236
AUTOA.L,2021-11-11,12.400681653731205,1.9413269812746135,6.387734664661855,30.817610435474236
AUTOA.L,2024-05-30,11.792724380231023,1.9413269812746135,6.074568835636486,30.817610435474236
AUTOA.L,2025-05-29,-12.022159933548915,1.9413269812746135,-6.192753744995368,30.817610435474236
RMV.L,2016-06-24,-23.338708732563497,1.9939062621915107,-11.705018021715738,31.65228064399852
RMV.L,2016-06-27,-11.45601713711466,1.9939062621915107,-5.745514397714617,31.65228064399852
RMV.L,2020-03-12,-10.059451606260605,1.9939062621915107,-5.045097553986425,31.65228064399852
RMV.L,2020-03-20,-10.838911989965716,1.9939062621915107,-5.436018831724127,31.65228064399852
RMV.L,2020-03-26,10.425081514250989,1.9939062621915107,5.2284712235131545,31.65228064399852
RMV.L,2023-10-19,-16.043744668626015,1.9939062621915107,-8.04638862560784,31.65228064399852
RMV.L,2024-09-02,23.888262174810592,1.9939062621915107,11.980634510147384,31.65228064399852
RMV.L,2025-11-07,-13.134721312435982,1.9939062621915107,-6.58743169701446,31.65228064399852
VZN.S,2016-08-16,-11.426947074223115,1.634872492803809,-6.989503538973784,25.952796247554677
VZN.S,2018-04-17,8.587936414877761,1.634872492803809,5.25297015680375,25.952796247554677
VZN.S,2018-12-28,9.393337121450829,1.634872492803809,5.745608396249447,25.952796247554677
VZN.S,2020-03-12,-11.55663038067516,1.634872492803809,-7.068826732080812,25.952796247554677
VZN.S,2020-03-25,8.211262335650726,1.634872492803809,5.022570489010063,25.952796247554677
VZN.S,2025-04-04,-9.646350493530509,1.634872492803809,-5.900368705199146,25.952796247554677
PUIGb.MC,2024-09-06,-14.617787201715826,2.0541749184119276,-7.116135568930404,32.60901590126613
IETB.BR,2016-02-26,16.46794746722935,2.114094060453646,7.789600176869913,33.56020279295458
IETB.BR,2020-03-12,-10.93916856734607,2.114094060453646,-5.174400123426261,33.56020279295458
IETB.BR,2020-03-17,-11.167432957357448,2.114094060453646,-5.282372798001771,33.56020279295458
IETB.BR,2020-03-18,-12.554615873088482,2.114094060453646,-5.938532304657482,33.56020279295458
IETB.BR,2020-03-19,11.74787661253367,2.114094060453646,5.556931847210617,33.56020279295458
IETB.BR,2020-03-24,11.837084439374435,2.114094060453646,5.599128563293165,33.56020279295458
IETB.BR,2020-03-26,13.677785425824629,2.114094060453646,6.4698093058781065,33.56020279295458
IETB.BR,2020-11-09,12.054691542196316,2.114094060453646,5.702060172104926,33.56020279295458
IETB.BR,2020-11-11,12.704872900125297,2.114094060453646,6.009606260091883,33.56020279295458
IETB.BR,2021-03-09,12.379508109371118,2.114094060453646,5.855703556877079,33.56020279295458
IETB.BR,2021-07-13,19.941509719783568,2.114094060453646,9.432650179956745,33.56020279295458
IETB.BR,2024-12-10,23.58456377234459,2.114094060453646,11.155872490973168,33.56020279295458
IMCD.AS,2016-06-24,-9.343392125765826,1.7459902746296607,-5.351342594246487,27.716736349244698
IMCD.AS,2019-08-16,-17.066640574405678,1.7459902746296607,-9.774762679033625,27.716736349244698
IMCD.AS,2021-08-04,9.746842972978609,1.7459902746296607,5.5824153860456045,27.716736349244698
IMCD.AS,2025-04-24,-10.072349869620378,1.7459902746296607,-5.768846491288051,27.716736349244698
IMCD.AS,2025-07-30,-13.39478399426044,1.7459902746296607,-7.671740323468632,27.716736349244698
SWEDa.ST,2016-06-27,-9.499296549602176,1.8372542079052752,-5.1703768094414615,29.16550637594591
SWEDa.ST,2019-02-20,-13.958220624291506,1.8372542079052752,-7.597326795732755,29.16550637594591
SWEDa.ST,2019-02-21,-10.155689424086356,1.8372542079052752,-5.527645211200932,29.16550637594591
SWEDa.ST,2019-03-27,-12.985504785125324,1.8372542079052752,-7.067886811336032,29.16550637594591
SWEDa.ST,2020-03-12,-17.49566804461944,1.8372542079052752,-9.522725798825046,29.16550637594591
SWEDa.ST,2022-03-31,-12.592278044217498,1.8372542079052752,-6.853857234364123,29.16550637594591
SWEDa.ST,2022-06-16,-10.484376205780599,1.8372542079052752,-5.7065463019046465,29.16550637594591
SWEDa.ST,2024-03-27,-10.813687394141658,1.8372542079052752,-5.8857872512213545,29.16550637594591
SWEDa.ST,2025-04-04,-11.419725203197606,1.8372542079052752,-6.215647869555121,29.16550637594591
SCHN.PA,2016-06-24,-14.236798885438073,1.8173419916568918,-7.833857881893885,28.849409742473735
SCHN.PA,2020-03-12,-15.953205946077631,1.8173419916568918,-8.778318015715307,28.849409742473735
SCHN.PA,2020-03-24,11.900248664649737,1.8173419916568918,6.548161391351631,28.849409742473735
SCHN.PA,2025-01-27,-9.404477916045906,1.8173419916568918,-5.174853142237546,28.849409742473735
KPN.AS,2020-03-12,-11.120665478828663,1.3823372701367762,-8.044827929531495,21.94392386878694
KPN.AS,2020-03-17,13.084826769774072,1.3823372701367762,9.465726673548623,21.94392386878694
KPN.AS,2020-03-19,9.699802373632327,1.3823372701367762,7.01695786056074,21.94392386878694
WBSV.VI,2016-02-08,-12.566305892357565,2.214171299287658,-5.675399142062942,35.148879708071455
WBSV.VI,2016-06-24,-15.775086582161402,2.214171299287658,-7.124600787317835,35.148879708071455
WBSV.VI,2016-06-27,-18.59758250405101,2.214171299287658,-8.399342232479581,35.148879708071455
WBSV.VI,2017-08-17,-11.14974848021908,2.214171299287658,-5.035630478909274,35.148879708071455
WBSV.VI,2020-03-12,-16.144341701373488,2.214171299287658,-7.291369780905135,35.148879708071455
WBSV.VI,2020-03-16,-13.572654110853666,2.214171299287658,-6.129902467446964,35.148879708071455
WBSV.VI,2020-03-20,14.528452900434008,2.214171299287658,6.561575838828772,35.148879708071455
WBSV.VI,2022-02-24,-14.46690905438568,2.214171299287658,-6.533780407613433,35.148879708071455
WBSV.VI,2023-08-10,-11.391094377198607,2.214171299287658,-5.14463103232498,35.148879708071455
WBSV.VI,2025-03-05,15.491892605306168,2.214171299287658,6.99670012446201,35.148879708071455
TEL2b.ST,2016-01-28,-12.272976641645483,1.6319414625284503,-7.520476024078912,25.90626758439188
TEL2b.ST,2018-07-18,11.661503626623038,1.6319414625284503,7.145785491935032,25.90626758439188
TEL2b.ST,2018-11-26,8.856395224317293,1.6319414625284503,5.4269074152914945,25.90626758439188
TEL2b.ST,2020-03-12,-14.292117728133258,1.6319414625284503,-8.757739205908617,25.90626758439188
TEL2b.ST,2020-04-21,-9.108837858229801,1.6319414625284503,-5.581595950210747,25.90626758439188
TEL2b.ST,2023-07-18,-11.154393463031242,1.6319414625284503,-6.835045079220655,25.90626758439188
WLSNc.AS,2020-03-12,-11.139733003846874,1.356284036779943,-8.213421895235575,21.530341610919056
WLSNc.AS,2020-03-20,-7.223483282571763,1.356284036779943,-5.3259369620847155,21.530341610919056
WLSNc.AS,2020-03-26,6.873856090263253,1.356284036779943,5.068153796591898,21.530341610919056
WLSNc.AS,2022-03-08,-9.187938568131848,1.356284036779943,-6.774346905936924,21.530341610919056
WLSNc.AS,2025-02-26,-11.58047785918761,1.356284036779943,-8.538386905062824,21.530341610919056
WLSNc.AS,2025-04-07,-6.889359277539597,1.356284036779943,-5.079584431219989,21.530341610919056
WLSNc.AS,2025-11-06,-7.725123029071224,1.356284036779943,-5.695800304051374,21.530341610919056
BP.L,2020-03-09,-20.86814612495602,2.0139417417038015,-10.36184200010746,31.970334021123232
BP.L,2020-03-12,-16.1695117131859,2.0139417417038015,-8.028788210877659,31.970334021123232
BP.L,2020-03-18,-12.461232833358515,2.0139417417038015,-6.187484262983829,31.970334021123232
BP.L,2020-03-24,21.038289595327676,2.0139417417038015,10.446324816491073,31.970334021123232
BP.L,2020-11-09,14.362388707450446,2.0139417417038015,7.13148171570237,31.970334021123232
LLOY.L,2016-02-25,13.160536207136017,2.178886973652869,6.04002702585008,34.58875840322182
LLOY.L,2016-06-24,-31.729649217858707,2.178886973652869,-14.562319937442401,34.58875840322182
LLOY.L,2016-06-27,-14.674704064200373,2.178886973652869,-6.734954241154817,34.58875840322182
LLOY.L,2019-10-11,14.655426859455067,2.178886973652869,6.726106969599016,34.58875840322182
LLOY.L,2020-03-12,-14.883128560678461,2.178886973652869,-6.830610646924534,34.58875840322182
LLOY.L,2020-03-24,11.079076686707412,2.178886973652869,5.084741347612685,34.58875840322182
LLOY.L,2020-04-01,-12.369986888927498,2.178886973652869,-5.677204480317497,34.58875840322182
LLOY.L,2020-11-09,12.09794183370667,2.178886973652869,5.552349424268055,34.58875840322182
LLOY.L,2022-02-24,-13.074760015867387,2.178886973652869,-6.0006600498178955,34.58875840322182
ARDS.AS,2016-01-25,-21.473146994774382,2.275994910063234,-9.43461995447863,36.130299103656824
ARDS.AS,2016-06-24,-14.531705086698832,2.275994910063234,-6.38477046782811,36.130299103656824
ARDS.AS,2016-06-27,-12.255885376528841,2.275994910063234,-5.384847445106253,36.130299103656824
ARDS.AS,2016-07-27,-13.040090009938998,2.275994910063234,-5.729402096763347,36.130299103656824
ARDS.AS,2017-07-27,15.838697350016595,2.275994910063234,6.959021428381203,36.130299103656824
ARDS.AS,2018-03-26,-13.910105976812659,2.275994910063234,-6.111659527580487,36.130299103656824
ARDS.AS,2018-10-24,-20.522133900036323,2.275994910063234,-9.016774953800821,36.130299103656824
ARDS.AS,2019-02-14,15.281467695801743,2.275994910063234,6.714192386035335,36.130299103656824
ARDS.AS,2020-03-12,-11.820735958734963,2.275994910063234,-5.193656587925562,36.130299103656824
ARDS.AS,2020-03-24,12.087682128993604,2.275994910063234,5.3109442712496095,36.130299103656824
ARDS.AS,2020-07-28,12.441603373342902,2.275994910063234,5.466446044467312,36.130299103656824
ARDS.AS,2025-10-30,-20.91196982275556,2.275994910063234,-9.188056497971061,36.130299103656824
SFSN.S,2018-12-14,-7.937276747318922,1.5694233332105294,-5.057447904181364,24.91382304874271
SFSN.S,2020-03-12,-9.75009143055745,1.5694233332105294,-6.212531204446883,24.91382304874271
SFSN.S,2020-03-24,10.003714871335134,1.5694233332105294,6.374134154658444,24.91382304874271
SFSN.S,2021-06-11,8.973064427353705,1.5694233332105294,5.717427693009849,24.91382304874271
SFSN.S,2022-03-04,-8.943789612630404,1.5694233332105294,-5.69877446280496,24.91382304874271
SFSN.S,2022-08-17,-11.06994730242361,1.5694233332105294,-7.05351262987667,24.91382304874271
CCH.L,2016-06-24,-11.330341803473587,1.7767516649609238,-6.376997994102218,28.205058282039353
CCH.L,2019-02-14,-9.73900615774852,1.7767516649609238,-5.481354738430882,28.205058282039353
CCH.L,2020-03-09,-9.634176259974803,1.7767516649609238,-5.422353866310679,28.205058282039353
CCH.L,2020-03-11,-9.587176459252067,1.7767516649609238,-5.395901210236332,28.205058282039353
CCH.L,2020-03-12,-16.294949930110647,1.7767516649609238,-9.171202848130733,28.205058282039353
CCH.L,2020-03-16,-17.815822147940665,1.7767516649609238,-10.027187535142952,28.205058282039353
CCH.L,2020-03-24,11.537984345130603,1.7767516649609238,6.49386437771221,28.205058282039353
CCH.L,2020-04-06,9.799375585238046,1.7767516649609238,5.515332152765178,28.205058282039353
CCH.L,2020-11-09,13.752912764280367,1.7767516649609238,7.740481146296174,28.205058282039353
CCH.L,2022-02-28,-11.422764637138094,1.7767516649609238,-6.429015862151628,28.205058282039353
CCH.L,2022-03-09,9.584439906195596,1.7767516649609238,5.394361010156356,28.205058282039353
ESSITYb.ST,2019-01-31,9.608733829892069,1.5000801904365872,6.405480114430095,23.81303478329773
ESSITYb.ST,2020-03-12,-9.910474254720425,1.5000801904365872,-6.606629644136594,23.81303478329773
ESSITYb.ST,2020-10-22,-8.305071782347984,1.5000801904365872,-5.536418543018592,23.81303478329773
ESSITYb.ST,2022-02-24,-7.967883998190173,1.5000801904365872,-5.3116387037090185,23.81303478329773
ESSITYb.ST,2022-04-22,12.428013382529812,1.5000801904365872,8.28489934188967,23.81303478329773
ESSITYb.ST,2023-07-20,-9.248330961890261,1.5000801904365872,-6.1652243799037185,23.81303478329773
MOWI.OL,2020-03-12,-11.128005341074054,1.856508138002727,-5.994051473992358,29.471153040736787
MOWI.OL,2020-03-20,-9.993677153527036,1.856508138002727,-5.383050550092636,29.471153040736787
MOWI.OL,2020-04-07,9.66992947431149,1.856508138002727,5.2086652766923045,29.471153040736787
MOWI.OL,2020-11-09,13.567622854386396,1.856508138002727,7.308140792198599,29.471153040736787
MOWI.OL,2022-06-22,-9.503774904108164,1.856508138002727,-5.119166843153479,29.471153040736787
MOWI.OL,2022-09-28,-22.838944131653037,1.856508138002727,-12.302097504524642,29.471153040736787
SAN.MC,2016-06-24,-25.049620352700842,2.244686372985437,-11.159519055388037,35.63329148553024
SAN.MC,2020-03-09,-11.699023794990438,2.244686372985437,-5.211874556636041,35.63329148553024
SAN.MC,2020-03-12,-19.312279169750703,2.244686372985437,-8.603553441662024,35.63329148553024
SAN.MC,2020-03-24,11.897096534757479,2.244686372985437,5.300115275763143,35.63329148553024
SAN.MC,2020-06-05,11.456335197112155,2.244686372985437,5.1037576273407,35.63329148553024
SAN.MC,2020-11-09,17.691109490921185,2.244686372985437,7.8813279680546104,35.63329148553024
HLMA.L,2016-06-24,-9.200639595437377,1.6522185413705919,-5.568657756258455,26.228156231978815
HLMA.L,2020-03-18,-8.937721720829161,1.6522185413705919,-5.409527551612456,26.228156231978815
HLMA.L,2020-03-23,-13.561441144493225,1.6522185413705919,-8.208018978677833,26.228156231978815
HLMA.L,2020-03-24,11.531452104856443,1.6522185413705919,6.979374590053062,26.228156231978815
HLMA.L,2020-03-26,8.997307628268691,1.6522185413705919,5.445591731953939,26.228156231978815
HLMA.L,2024-06-13,12.596225444325215,1.6522185413705919,7.6238252561165805,26.228156231978815
HLMA.L,2025-11-20,8.376078703215484,1.6522185413705919,5.069594907382615,26.228156231978815
SIEGn.DE,2016-06-24,-10.571677347352715,1.8260696495709279,-5.789306749518971,28.98795701668524
SIEGn.DE,2020-03-12,-14.427390751958402,1.8260696495709279,-7.900788863857636,28.98795701668524
SIEGn.DE,2020-03-18,-10.982582544621522,1.8260696495709279,-6.0143283949777615,28.98795701668524
SIEGn.DE,2020-03-24,11.494500234083471,1.8260696495709279,6.294666929481215,28.98795701668524
SIEGn.DE,2020-09-28,9.130640291219816,1.8260696495709279,5.000159930025257,28.98795701668524
SIEGn.DE,2022-03-09,10.980515065532881,1.8260696495709279,6.013196193317695,28.98795701668524
SIEGn.DE,2025-03-05,9.49952249758761,1.8260696495709279,5.2021687671221715,28.98795701668524
SIEGn.DE,2025-11-13,-9.439843988203478,1.8260696495709279,-5.169487368908169,28.98795701668524
THULE.ST,2020-03-12,-17.262139547554156,2.297013524520568,-7.5150360950343575,36.463959264200334
THULE.ST,2020-03-18,-11.533973334615766,2.297013524520568,-5.021290998721104,36.463959264200334
THULE.ST,2021-07-21,11.557532200085241,2.297013524520568,5.031547301184274,36.463959264200334
THULE.ST,2022-11-11,13.410633691741802,2.297013524520568,5.8382911326309515,36.463959264200334
THULE.ST,2023-02-10,-16.69498363312809,2.297013524520568,-7.2681259622155086,36.463959264200334
THULE.ST,2023-04-27,13.009464192669773,2.297013524520568,5.6636428361409425,36.463959264200334
THULE.ST,2024-10-23,13.61079019822271,2.297013524520568,5.925428846163869,36.463959264200334
THULE.ST,2025-04-29,-14.682733450252883,2.297013524520568,-6.392097083240926,36.463959264200334
KEMIRA.HE,2016-02-11,-11.34405335888844,1.7750436590566299,-6.390858783111501,28.177944528875802
KEMIRA.HE,2019-04-26,10.319237808008674,1.7750436590566299,5.813512110171402,28.177944528875802
KEMIRA.HE,2019-07-19,10.30963224140553,1.7750436590566299,5.808100656456371,28.177944528875802
KEMIRA.HE,2020-03-12,-10.845215035195954,1.7750436590566299,-6.109830020158369,28.177944528875802
KEMIRA.HE,2020-04-28,10.314307751032992,1.7750436590566299,5.810734681599136,28.177944528875802
KEMIRA.HE,2020-10-28,-9.59955397482899,1.7750436590566299,-5.408066402113623,28.177944528875802
KEMIRA.HE,2021-01-12,9.619646067084098,1.7750436590566299,5.4193856122933814,28.177944528875802
KEMIRA.HE,2021-04-27,-9.424911360116361,1.7750436590566299,-5.309678616651803,28.177944528875802
KEMIRA.HE,2022-10-25,13.075366990044746,1.7750436590566299,7.366222753638533,28.177944528875802
KEMIRA.HE,2023-02-10,9.90876835347052,1.7750436590566299,5.582267401094047,28.177944528875802
KEMIRA.HE,2023-03-01,-9.968634530900822,1.7750436590566299,-5.61599399543715,28.177944528875802
KEMIRA.HE,2024-04-26,11.468990893752329,1.7750436590566299,6.461244395446405,28.177944528875802
KEMIRA.HE,2024-07-17,-12.354852194750876,1.7750436590566299,-6.960308909425374,28.177944528875802
KEMIRA.HE,2025-04-25,-9.893688113627386,1.7750436590566299,-5.573771700289059,28.177944528875802
HUH1V.HE,2016-06-27,-8.475372381399415,1.6775501782749918,-5.052231814677851,26.630283501286183
HUH1V.HE,2016-10-26,-8.980625447743096,1.6775501782749918,-5.35341688376665,26.630283501286183
HUH1V.HE,2019-02-14,9.594115536311554,1.6775501782749918,5.719122837909437,26.630283501286183
HUH1V.HE,2019-04-25,10.90383211518935,1.6775501782749918,6.4998545238161824,26.630283501286183
HUH1V.HE,2020-03-12,-8.86142666320926,1.6775501782749918,-5.282361611574192,26.630283501286183
HUH1V.HE,2020-03-17,-10.550664766919926,1.6775501782749918,-6.289328869893519,26.630283501286183
HUH1V.HE,2020-07-23,8.875661107942845,1.6775501782749918,5.290846868777183,26.630283501286183
DNP.WA,2019-05-16,-12.869292524856046,2.3710411103807147,-5.427696916984135,37.639110758266916
DNP.WA,2020-03-12,-16.657867264191427,2.3710411103807147,-7.025549743216683,37.639110758266916
DNP.WA,2024-01-12,-13.252398075039595,2.3710411103807147,-5.5892738497949015,37.639110758266916
DNP.WA,2024-03-22,-12.633261025617992,2.3710411103807147,-5.328149297077977,37.639110758266916
DNP.WA,2024-11-08,13.156054144503626,2.3710411103807147,5.5486402521258595,37.639110758266916
ABBN.S,2020-03-12,-13.368196031560764,1.5075517449201539,-8.86748735266052,23.93164203372125
ABBN.S,2020-03-24,11.180158096802728,1.5075517449201539,7.416102388840308,23.93164203372125
ABBN.S,2024-08-02,-7.971049223920268,1.5075517449201539,-5.28741335133571,23.93164203372125
ABBN.S,2025-07-17,9.267856044818323,1.5075517449201539,6.147620521847618,23.93164203372125
AG1G.DE,2024-05-08,24.66928949761531,3.6553073703149366,6.748896056719257,58.02620560412882
AG1G.DE,2025-02-26,18.702150696892204,3.6553073703149366,5.116437224615902,58.02620560412882
UNPI.MI,2016-06-24,-23.426279545248697,2.1428630830125734,-10.93223348283855,34.01689686787456
UNPI.MI,2016-06-27,-11.398334600013504,2.1428630830125734,-5.319208068109046,34.01689686787456
UNPI.MI,2016-07-08,11.940283688408936,2.1428630830125734,5.5721169416118395,34.01689686787456
UNPI.MI,2020-03-12,-20.081780782230886,2.1428630830125734,-9.371471719975053,34.01689686787456
UNPI.MI,2020-03-19,15.099618706133434,2.1428630830125734,7.046469196205214,34.01689686787456
UNPI.MI,2024-02-16,19.31967374375805,2.1428630830125734,9.015822754572458,34.01689686787456
UNPI.MI,2025-04-04,-11.48772320789253,2.1428630830125734,-5.360922636150117,34.01689686787456
BAWG.VI,2020-03-09,-11.517800514752619,2.1331678842616304,-5.399387736769421,33.86299035903653
BAWG.VI,2020-03-12,-20.660632942457813,2.1331678842616304,-9.68542283750406,33.86299035903653
BAWG.VI,2020-03-16,-10.844756831542579,2.1331678842616304,-5.0838740408359175,33.86299035903653
BAWG.VI,2020-03-17,-10.775623935947598,2.1331678842616304,-5.051465482604266,33.86299035903653
BAWG.VI,2020-03-20,11.657627709286622,2.1331678842616304,5.464936817817209,33.86299035903653
BAWG.VI,2020-03-24,11.114255837275078,2.1331678842616304,5.210211497780045,33.86299035903653
BAWG.VI,2020-04-07,10.806569748486394,2.1331678842616304,5.065972457309404,33.86299035903653
BAWG.VI,2020-04-15,-11.74062481694813,2.1331678842616304,-5.503844729507543,33.86299035903653
BAWG.VI,2020-04-27,10.808506210762348,2.1331678842616304,5.066880244404007,33.86299035903653
BAWG.VI,2022-02-24,-11.395844600221983,2.1331678842616304,-5.342216467958177,33.86299035903653
BAWG.VI,2023-03-15,-11.168711272302723,2.1331678842616304,-5.235739462751491,33.86299035903653
RS1R.L,2016-06-24,-15.404343595459613,2.0698287490918488,-7.4423275849358905,32.85751275953364
RS1R.L,2016-09-15,14.996344320322041,2.0698287490918488,7.245210178330835,32.85751275953364
RS1R.L,2016-11-18,18.87153438250404,2.0698287490918488,9.117437561336441,32.85751275953364
RS1R.L,2018-05-24,15.702826433708816,2.0698287490918488,7.586534122979274,32.85751275953364
RS1R.L,2019-11-12,-11.714795518771703,2.0698287490918488,-5.65978974053368,32.85751275953364
RS1R.L,2020-03-12,-14.762655040549678,2.0698287490918488,-7.132307466029203,32.85751275953364
RS1R.L,2020-03-24,10.855774787304107,2.0698287490918488,5.24476954533903,32.85751275953364
RS1R.L,2022-03-09,11.572396949895758,2.0698287490918488,5.590992469774722,32.85751275953364
RS1R.L,2022-11-03,-10.438794023748565,2.0698287490918488,-5.0433128964551575,32.85751275953364
RS1R.L,2024-11-07,13.288232537769362,2.0698287490918488,6.419967131870047,32.85751275953364
BC8G.DE,2019-06-14,-13.633491456394253,2.0494830697033475,-6.652161053649316,32.53453511203388
BC8G.DE,2020-03-12,-12.431529422435439,2.0494830697033475,-6.065690225113614,32.53453511203388
BC8G.DE,2020-11-11,11.539291728640322,2.0494830697033475,5.630342547943359,32.53453511203388
BC8G.DE,2022-02-10,-11.067827978759714,2.0494830697033475,-5.40030222370255,32.53453511203388
BC8G.DE,2025-03-05,18.94003710319634,2.0494830697033475,9.241372804283674,32.53453511203388
BC8G.DE,2025-08-01,-10.43408218020101,2.0494830697033475,-5.091079957889718,32.53453511203388
BC8G.DE,2025-08-08,10.486906293675835,2.0494830697033475,5.116854317412714,32.53453511203388
BC8G.DE,2025-11-14,14.195229553337407,2.0494830697033475,6.926248751785052,32.53453511203388
ENR1n.DE,2022-01-21,-18.100097693998407,3.380259310386819,-5.354647685868552,53.65995301316529
ENR1n.DE,2023-06-23,-47.668015249952056,3.380259310386819,-14.101881208781341,53.65995301316529
ENR1n.DE,2023-10-26,-44.18060019156995,3.380259310386819,-13.070180756787607,53.65995301316529
ENR1n.DE,2024-11-13,17.46475866241015,3.380259310386819,5.16669197796295,53.65995301316529
ENR1n.DE,2025-01-27,-21.695759673528727,3.380259310386819,-6.418371397384296,53.65995301316529
RHMG.DE,2020-03-17,-12.651689537665689,2.3596414081547428,-5.361700084573191,37.458146095606246
RHMG.DE,2020-03-20,18.082481039247654,2.3596414081547428,7.6632326321940125,37.458146095606246
RHMG.DE,2022-02-28,22.003002637382618,2.3596414081547428,9.324723053825847,37.458146095606246
RHMG.DE,2022-03-01,15.553511222010474,2.3596414081547428,6.591472402653518,37.458146095606246
RHMG.DE,2022-07-05,-12.572346420173908,2.3596414081547428,-5.3280750103489565,37.458146095606246
RHMG.DE,2022-08-05,-12.035186890360183,2.3596414081547428,-5.100430450477553,37.458146095606246
RHMG.DE,2025-02-17,13.07825709626913,2.3596414081547428,5.542476518284372,37.458146095606246
RHMG.DE,2025-03-03,13.36556777226896,2.3596414081547428,5.664236831104322,37.458146095606246
AIRP.PA,2016-06-24,-8.56675872693069,1.3419445583534857,-6.383839536144304,21.30270944783837
AIRP.PA,2020-03-09,-6.83310026480104,1.3419445583534857,-5.0919393221319,21.30270944783837
AIRP.PA,2020-03-12,-12.6836514132866,1.3419445583534857,-9.451695552049447,21.30270944783837
AIRP.PA,2022-03-09,6.8208675021177,1.3419445583534857,5.0828236231209445,21.30270944783837
AIRP.PA,2024-02-20,8.177816031717544,1.3419445583534857,6.0940043914715885,21.30270944783837
AIRP.PA,2025-04-07,-8.371202340212491,1.3419445583534857,-6.238113406476072,21.30270944783837
GETP.PA,2016-06-24,-18.57758476252438,1.6851132244062126,-11.024532057227553,26.7503431365901
GETP.PA,2016-06-27,-19.249641057393198,1.6851132244062126,-11.423351724140815,26.7503431365901
GETP.PA,2018-03-02,12.07512535225792,1.6851132244062126,7.165764992742765,26.7503431365901
GETP.PA,2020-03-12,-15.691974305478551,1.6851132244062126,-9.312118662535552,26.7503431365901
GETP.PA,2020-03-16,-13.084765473756077,1.6851132244062126,-7.764917682826201,26.7503431365901
GETP.PA,2020-03-18,-10.985605327937487,1.6851132244062126,-6.519209017428791,26.7503431365901
GETP.PA,2020-03-20,8.799085838312548,1.6851132244062126,5.221658527671399,26.7503431365901
GETP.PA,2020-03-24,11.98645330836916,1.6851132244062126,7.1131441702339355,26.7503431365901
GETP.PA,2020-03-26,10.335109647924368,1.6851132244062126,6.133184107890539,26.7503431365901
GETP.PA,2020-11-09,13.974646649450495,1.6851132244062126,8.293001590071063,26.7503431365901
HEIO.AS,2020-03-12,-12.19398500640656,1.394660096022115,-8.74333828090913,22.13954266523987
HEIO.AS,2020-11-09,10.659488574581655,1.394660096022115,7.643072749399599,22.13954266523987
HEIO.AS,2022-03-09,7.348105100459712,1.394660096022115,5.268742628700831,22.13954266523987
HEIO.AS,2023-07-31,-7.6838827059172665,1.394660096022115,-5.509502084295258,22.13954266523987
HEIO.AS,2024-02-14,-8.030981988933839,1.394660096022115,-5.758379415773069,22.13954266523987
HEIO.AS,2024-07-29,-9.302534346872893,1.394660096022115,-6.670108633211647,22.13954266523987
HEIO.AS,2025-02-12,13.91461440500601,1.394660096022115,9.977064981419938,22.13954266523987
HEIO.AS,2025-07-28,-9.423095124150116,1.394660096022115,-6.756553192442308,22.13954266523987
ROR.L,2016-03-01,12.216654446107544,1.941803230361852,6.291396705438063,30.825170655355965
ROR.L,2016-06-24,-11.006681638021487,1.941803230361852,-5.668278570105381,30.825170655355965
ROR.L,2016-11-22,12.50808427247877,1.941803230361852,6.44147876412169,30.825170655355965
ROR.L,2018-04-23,9.767131542796804,1.941803230361852,5.02992856849698,30.825170655355965
ROR.L,2020-03-09,-14.999285359473769,1.941803230361852,-7.724410550433926,30.825170655355965
ROR.L,2020-03-12,-9.815217179238967,1.941803230361852,-5.054691961455804,30.825170655355965
ROR.L,2020-03-19,-11.04340184189807,1.941803230361852,-5.687188933062053,30.825170655355965
ROR.L,2020-03-24,12.801775404761994,1.941803230361852,6.592725361970071,30.825170655355965
FHZN.S,2016-03-11,9.269979493241198,1.5533141607667658,5.967871617590378,24.658097864063187
FHZN.S,2018-11-12,-16.88690276535425,1.5533141607667658,-10.871530815774147,24.658097864063187
FHZN.S,2020-03-10,-7.86163468766139,1.5533141607667658,-5.061200680601942,24.658097864063187
FHZN.S,2020-03-12,-9.272687178334493,1.5533141607667658,-5.969614784015873,24.658097864063187
FHZN.S,2020-03-16,-9.84394105119959,1.5533141607667658,-6.337379327270347,24.658097864063187
FHZN.S,2020-03-23,-11.716234957929927,1.5533141607667658,-7.54273362971623,24.658097864063187
FHZN.S,2020-05-18,10.320363680399769,1.5533141607667658,6.64409296011652,24.658097864063187
FHZN.S,2020-11-09,12.970793799613745,1.5533141607667658,8.350399505281626,24.658097864063187
DTEGn.DE,2016-06-24,-8.21088393408731,1.3115476195910014,-6.260454299515123,20.82017300433921
DTEGn.DE,2020-03-12,-12.117290044062479,1.3115476195910014,-9.238924963960658,20.82017300433921
DTEGn.DE,2022-02-24,-7.162351090905794,1.3115476195910014,-5.4609920249326,20.82017300433921
DTEGn.DE,2022-03-09,7.124580670133751,1.3115476195910014,5.432193664729849,20.82017300433921
DTEGn.DE,2023-06-02,-8.883886190806223,1.3115476195910014,-6.773590267028667,20.82017300433921
DTEGn.DE,2024-04-11,-7.560988154656778,1.3115476195910014,-5.764936050903458,20.82017300433921
STAN.L,2020-03-09,-12.187840814262142,2.220292371744157,-5.4892954501699025,35.246048720932876
STAN.L,2020-03-12,-13.989867845633274,2.220292371744157,-6.300912449040887,35.246048720932876
STAN.L,2020-11-09,15.604140740751603,2.220292371744157,7.027966649497484,35.246048720932876
STAN.L,2022-02-24,-12.667625691391283,2.220292371744157,-5.705386305246004,35.246048720932876
STAN.L,2022-04-28,12.148571178860657,2.220292371744157,5.471608754534122,35.246048720932876
STAN.L,2023-02-09,11.487942680972063,2.220292371744157,5.174067535955942,35.246048720932876
STAN.L,2023-10-26,-13.541438112832305,2.220292371744157,-6.098943672987891,35.246048720932876
STAN.L,2025-04-03,-12.452660493833312,2.220292371744157,-5.608567886062271,35.246048720932876
RR.L,2020-03-12,-19.429545574361494,3.0304484354525885,-6.411442394814994,48.10687752727394
RR.L,2020-04-06,16.93758256151846,3.0304484354525885,5.589134057972804,48.10687752727394
RR.L,2020-05-29,-15.403591929202761,3.0304484354525885,-5.082941438303101,48.10687752727394
RR.L,2020-10-06,19.476367681353302,3.0304484354525885,6.426892948747556,48.10687752727394
RR.L,2020-10-08,22.449388280625776,3.0304484354525885,7.407942672112495,48.10687752727394
RR.L,2020-10-29,-15.442331154577616,3.0304484354525885,-5.095724769285292,48.10687752727394
RR.L,2020-11-09,36.635961102422414,3.0304484354525885,12.08928707508298,48.10687752727394
RR.L,2020-12-03,15.297513913485911,3.0304484354525885,5.0479373727410985,48.10687752727394
RR.L,2022-02-24,-15.5532325075328,3.0304484354525885,-5.132320459763894,48.10687752727394
RR.L,2022-03-25,17.7789551427712,3.0304484354525885,5.86677368760969,48.10687752727394
RR.L,2023-02-23,20.764060480880424,3.0304484354525885,6.851811183442682,48.10687752727394
RR.L,2023-07-26,19.820385222431657,3.0304484354525885,6.540413290177479,48.10687752727394
ADSGn.DE,2018-03-14,10.52811515591987,2.079265538409595,5.063381738136582,33.007317145791646
ADSGn.DE,2020-03-12,-15.24437196334949,2.079265538409595,-7.3316138231241625,33.007317145791646
ADSGn.DE,2022-03-09,13.702542607222856,2.079265538409595,6.5900878719433615,33.007317145791646
ADSGn.DE,2022-10-21,-10.835482392595353,2.079265538409595,-5.211206646017556,33.007317145791646
ADSGn.DE,2022-11-04,20.58555656123593,2.079265538409595,9.900398088154517,33.007317145791646
ADSGn.DE,2023-02-10,-12.272207737877405,2.079265538409595,-5.902183973704613,33.007317145791646
ADSGn.DE,2025-07-30,-12.305519678092303,2.079265538409595,-5.918204986701528,33.007317145791646
ADSGn.DE,2025-10-29,-10.912434830138462,2.079265538409595,-5.248216078493395,33.007317145791646
MYCR.ST,2016-07-13,16.63263851005372,2.462499535322865,6.754372243109062,39.09096824445849
MYCR.ST,2017-09-05,15.916069014883494,2.462499535322865,6.46337949980433,39.09096824445849
MYCR.ST,2018-02-07,12.777879707050133,2.462499535322865,5.1889876622351485,39.09096824445849
MYCR.ST,2018-04-27,-13.69893011830088,2.462499535322865,-5.5630183566734255,39.09096824445849
MYCR.ST,2020-03-12,-13.473010515443251,2.462499535322865,-5.471274338200746,39.09096824445849
MYCR.ST,2020-03-24,12.461934678091602,2.462499535322865,5.060685088193401,39.09096824445849
MYCR.ST,2020-04-23,24.41497874909928,2.462499535322865,9.914714053295514,39.09096824445849
MYCR.ST,2022-07-15,-12.659489648894407,2.462499535322865,-5.140910472185972,39.09096824445849
MYCR.ST,2022-10-04,12.903355789203697,2.462499535322865,5.239942426024419,39.09096824445849
MYCR.ST,2023-04-27,-18.466548956316544,2.462499535322865,-7.499107590245837,39.09096824445849
MYCR.ST,2025-10-10,-13.870176140319135,2.462499535322865,-5.632559901580074,39.09096824445849
SASY.PA,2020-03-12,-8.94218978936303,1.4277014626358515,-6.263347081576689,22.664058099465827
SASY.PA,2022-08-10,-8.357524576392272,1.4277014626358515,-5.853832047606396,22.664058099465827
SASY.PA,2023-10-27,-20.97982213598213,1.4277014626358515,-14.694824292782299,22.664058099465827
SASY.PA,2025-07-31,-8.838242106231498,1.4277014626358515,-6.190539365221462,22.664058099465827
SASY.PA,2025-09-04,-8.731287684393063,1.4277014626358515,-6.115625649267868,22.664058099465827
SASY.PA,2025-10-01,7.958820498510644,1.4277014626358515,5.5745691286306505,22.664058099465827
SIGNC.S,2020-03-19,10.545576745420293,1.921275053807232,5.488842799745406,30.49929595515706
SIGNC.S,2021-02-23,-11.084276553640882,1.921275053807232,-5.769229414432924,30.49929595515706
SIGNC.S,2025-02-25,-14.320801073876321,1.921275053807232,-7.453800560985775,30.49929595515706
SIGNC.S,2025-09-18,-28.233318077468226,1.921275053807232,-14.695094292470303,30.49929595515706
FOUG.PA,2016-06-24,-10.182944224653134,1.7093567764910043,-5.957178960355398,27.135197594869304
FOUG.PA,2017-04-24,8.794657202138811,1.7093567764910043,5.145009703704237,27.135197594869304
FOUG.PA,2020-03-12,-17.273114829212677,1.7093567764910043,-10.105037793614516,27.135197594869304
FOUG.PA,2020-03-16,-12.17136172584592,1.7093567764910043,-7.12043377558165,27.135197594869304
FOUG.PA,2020-03-18,-11.972075900972179,1.7093567764910043,-7.003848503498874,27.135197594869304
FOUG.PA,2020-03-23,-8.88366504723912,1.7093567764910043,-5.197080661812248,27.135197594869304
FOUG.PA,2020-03-24,10.179592217329159,1.7093567764910043,5.955217984525146,27.135197594869304
FOUG.PA,2020-03-25,9.445794348281034,1.7093567764910043,5.525934947104206,27.135197594869304
FOUG.PA,2020-03-26,10.46972110136446,1.7093567764910043,6.124947843162897,27.135197594869304
FOUG.PA,2020-04-06,9.034618765107183,1.7093567764910043,5.285390908066365,27.135197594869304
FOUG.PA,2020-05-18,8.902771616623184,1.7093567764910043,5.208258298714526,27.135197594869304
FOUG.PA,2020-11-09,16.128259002977874,1.7093567764910043,9.435279530167032,27.135197594869304
FOUG.PA,2022-03-09,9.13518378507705,1.7093567764910043,5.344222991194329,27.135197594869304
UBSG.S,2016-06-24,-14.093626598340903,1.8388155841011045,-7.6645133531596095,29.19029245464899
UBSG.S,2020-03-09,-9.993750355007247,1.8388155841011045,-5.434884521001403,29.19029245464899
UBSG.S,2020-03-12,-14.612597262702032,1.8388155841011045,-7.946744300541331,29.19029245464899
UBSG.S,2020-03-24,12.528515092218218,1.8388155841011045,6.813361383568389,29.19029245464899
UBSG.S,2022-07-26,-9.955980383007024,1.8388155841011045,-5.414344140374443,29.19029245464899
UBSG.S,2023-03-15,-10.310908012959175,1.8388155841011045,-5.607363839044038,29.19029245464899
UBSG.S,2023-03-21,11.56849384596863,1.8388155841011045,6.291274636778668,29.19029245464899
STLAM.MI,2016-06-24,-12.710270853594551,2.5141684828563293,-5.055457078657872,39.91118735852643
STLAM.MI,2017-01-12,-15.942113668018433,2.5141684828563293,-6.340909042780899,39.91118735852643
STLAM.MI,2018-07-25,-16.977445456848052,2.5141684828563293,-6.752707932111254,39.91118735852643
STLAM.MI,2019-02-07,-13.448289345490538,2.5141684828563293,-5.349000847473846,39.91118735852643
STLAM.MI,2020-03-12,-20.529222506928456,2.5141684828563293,-8.165412400526694,39.91118735852643
STLAM.MI,2020-03-16,-15.143724244798861,2.5141684828563293,-6.023352988497487,39.91118735852643
STLAM.MI,2020-03-24,12.660298016946836,2.5141684828563293,5.035580591863741,39.91118735852643
STLAM.MI,2024-09-30,-15.58517775066175,2.5141684828563293,-6.19893927433039,39.91118735852643
RAND.AS,2016-06-24,-16.36452004905582,1.9466252974203857,-8.406610183655598,30.9017185968089
RAND.AS,2016-06-27,-15.273818724457744,1.9466252974203857,-7.846306500125211,30.9017185968089
RAND.AS,2020-03-12,-15.971458759821155,1.9466252974203857,-8.204690846762391,30.9017185968089
RAND.AS,2020-03-24,10.124966323343987,1.9466252974203857,5.201291864829515,30.9017185968089
RAND.AS,2020-04-17,9.771813924102224,1.9466252974203857,5.019874105741646,30.9017185968089
NOD.OL,2018-04-17,17.205115082314613,3.219167825173593,5.34458469290486,51.10270496393989
NOD.OL,2018-12-03,-23.880019241319552,3.219167825173593,-7.418072165911954,51.10270496393989
NOD.OL,2023-02-07,-22.30666127015679,3.219167825173593,-6.929325366549943,51.10270496393989
NOD.OL,2023-04-20,-19.914600531218607,3.219167825173593,-6.186257322618685,51.10270496393989
NOD.OL,2023-10-17,-22.63970431774269,3.219167825173593,-7.03278162160491,51.10270496393989
NOD.OL,2024-02-06,-25.207645364899236,3.219167825173593,-7.83048499919072,51.10270496393989
NOD.OL,2024-04-24,31.10356442529141,3.219167825173593,9.661989096083909,51.10270496393989
NOD.OL,2024-09-26,-28.910782137026516,3.219167825173593,-8.980824768111463,51.10270496393989
NOD.OL,2025-02-05,20.457618319375783,3.219167825173593,6.354939981506744,51.10270496393989
MKS.L,2016-06-24,-19.69295214880735,2.457541240322218,-8.01327433521536,39.01225775146685
MKS.L,2016-06-27,-17.339119975490025,2.457541240322218,-7.055474671593558,39.01225775146685
MKS.L,2019-02-27,-12.452287281295082,2.457541240322218,-5.0669698139683765,39.01225775146685
MKS.L,2019-10-11,13.99059842466226,2.457541240322218,5.6929251868131,39.01225775146685
MKS.L,2020-03-12,-19.222686177299437,2.457541240322218,-7.821918046339305,39.01225775146685
MKS.L,2020-03-13,-12.425391365078106,2.457541240322218,-5.056025575973229,39.01225775146685
MKS.L,2020-03-18,19.381222742645534,2.457541240322218,7.886428282320252,39.01225775146685
MKS.L,2020-03-23,-17.579461373415555,2.457541240322218,-7.153272175042174,39.01225775146685
MKS.L,2020-11-09,16.01109003171731,2.457541240322218,6.515084983728709,39.01225775146685
MKS.L,2021-08-20,12.698921636346917,2.457541240322218,5.167327989450916,39.01225775146685
MKS.L,2021-11-10,14.896959349223327,2.457541240322218,6.061733209111936,39.01225775146685
JMAT.L,2016-06-24,-10.834999589080585,2.051046772302604,-5.282668213810011,32.55935812124647
JMAT.L,2017-09-21,13.276194690185994,2.051046772302604,6.4728873419505195,32.55935812124647
JMAT.L,2018-11-21,11.987405993134281,2.051046772302604,5.844530780581197,32.55935812124647
JMAT.L,2020-03-12,-13.5709967410099,2.051046772302604,-6.616619827628038,32.55935812124647
JMAT.L,2021-11-11,-22.002376113848634,2.051046772302604,-10.72738877092876,32.55935812124647
JMAT.L,2022-04-29,18.350052843807063,2.051046772302604,8.946676931802198,32.55935812124647
JMAT.L,2022-07-13,11.584188795415518,2.051046772302604,5.647939848007732,32.55935812124647
JMAT.L,2024-11-27,-12.285543696722723,2.051046772302604,-5.989889583517581,32.55935812124647
JMAT.L,2025-05-22,26.869506560952992,2.051046772302604,13.10038704324036,32.55935812124647
ENT.L,2019-03-08,-15.502920842141776,2.63933626044477,-5.873795269849129,41.89816422847238
ENT.L,2020-03-12,-24.369707535968143,2.63933626044477,-9.233271220947596,41.89816422847238
ENT.L,2020-03-16,-25.98936213668892,2.63933626044477,-9.846931035725362,41.89816422847238
ENT.L,2020-03-17,-14.44412955104828,2.63933626044477,-5.472637104835674,41.89816422847238
ENT.L,2020-03-24,22.800717593982633,2.63933626044477,8.638807390968953,41.89816422847238
ENT.L,2020-04-02,-13.720189919596915,2.63933626044477,-5.198348586809036,41.89816422847238
ENT.L,2020-04-06,17.089989854481868,2.63933626044477,6.4751089547043685,41.89816422847238
ENT.L,2020-09-25,15.214516059818717,2.63933626044477,5.76452356141041,41.89816422847238
ENT.L,2021-01-04,22.4528070874197,2.63933626044477,8.506989967104854,41.89816422847238
ENT.L,2021-09-21,16.637523258809985,2.63933626044477,6.303676991883671,41.89816422847238
ENT.L,2023-02-09,-14.429836524512663,2.63933626044477,-5.467221718115224,41.89816422847238
ENT.L,2023-09-25,-14.331595145893239,2.63933626044477,-5.429999716473467,41.89816422847238
ENT.L,2025-06-16,14.520061850273125,2.63933626044477,5.5014065725093575,41.89816422847238
ASRNL.AS,2020-03-09,-8.61770222637741,1.7140635683906214,-5.027644473226156,27.209915599905226
ASRNL.AS,2020-03-12,-18.351989636422907,1.7140635683906214,-10.706714718669426,27.209915599905226
ASRNL.AS,2020-03-16,-10.86373955621971,1.7140635683906214,-6.338002718545588,27.209915599905226
ASRNL.AS,2020-03-24,13.065726271072808,1.7140635683906214,7.622661441512672,27.209915599905226
ASRNL.AS,2020-11-09,8.964002154178452,1.7140635683906214,5.229678945101776,27.209915599905226
ASRNL.AS,2023-09-27,-15.957516304405406,1.7140635683906214,-9.309757583488185,27.209915599905226
ASRNL.AS,2023-11-30,11.694120920499396,1.7140635683906214,6.822454625460191,27.209915599905226
PSPN.S,2020-03-12,-9.908656985725717,1.1632560786888408,-8.518035854060798,18.466117771769134
PSPN.S,2020-03-16,-6.846101784858583,1.1632560786888408,-5.885292078228499,18.466117771769134
PSPN.S,2020-03-17,-7.522270214269344,1.1632560786888408,-6.466564286298885,18.466117771769134
PSPN.S,2020-03-23,-5.817261918699135,1.1632560786888408,-5.000843774017529,18.466117771769134
PSPN.S,2020-03-24,8.010675707309378,1.1632560786888408,6.886424970448964,18.466117771769134
PSPN.S,2025-04-11,5.925093093743072,1.1632560786888408,5.093541484366465,18.466117771769134
BMEB.L,2016-06-24,-20.602977374962784,2.091449991176515,-9.851049492879758,33.20073933708775
BMEB.L,2016-06-27,-13.45091713438914,2.091449991176515,-6.431383581312657,33.20073933708775
BMEB.L,2019-10-11,11.942991343823284,2.091449991176515,5.710388196805474,33.20073933708775
BMEB.L,2022-05-31,-16.763522237702986,2.091449991176515,-8.015263242451669,33.20073933708775
BMEB.L,2022-11-11,10.844545768715829,2.091449991176515,5.185180527608689,33.20073933708775
BMEB.L,2025-06-04,-15.702113786704341,2.091449991176515,-7.50776439931578,33.20073933708775
BMEB.L,2025-10-20,-25.995314925382317,2.091449991176515,-12.429326560545217,33.20073933708775
UTG.L,2016-06-24,-14.938249248044144,1.8685918289491474,-7.994388617467662,29.66297568772073
UTG.L,2016-06-27,-11.740146754520865,1.8685918289491474,-6.28288456185921,29.66297568772073
UTG.L,2020-03-12,-12.676499454218204,1.8685918289491474,-6.783985275878666,29.66297568772073
UTG.L,2020-03-16,-14.32530181159195,1.8685918289491474,-7.666362225103042,29.66297568772073
UTG.L,2020-03-18,-19.206067459281286,1.8685918289491474,-10.278364253622113,29.66297568772073
UTG.L,2020-03-20,15.683882309066789,1.8685918289491474,8.39342336088831,29.66297568772073
UTG.L,2020-03-24,9.392511553989413,1.8685918289491474,5.026518583928274,29.66297568772073
UTG.L,2020-11-09,10.487310439132136,1.8685918289491474,5.612413731376506,29.66297568772073
UTG.L,2025-10-08,-11.347487440438453,1.8685918289491474,-6.072748079402667,29.66297568772073
SABE.MC,2016-06-24,-24.31094122779509,2.7454168804228836,-8.855100076477425,43.582141864786216
SABE.MC,2020-01-31,-14.798410646228541,2.7454168804228836,-5.390223521882442,43.582141864786216
SABE.MC,2020-03-09,-16.144629526814246,2.7454168804228836,-5.880574874416686,43.582141864786216
SABE.MC,2020-03-12,-20.304318409747562,2.7454168804228836,-7.395714127983375,43.582141864786216
SABE.MC,2020-11-09,17.58527207816548,2.7454168804228836,6.405319426555277,43.582141864786216
SABE.MC,2020-11-16,22.1132308526774,2.7454168804228836,8.054598560372822,43.582141864786216
SABE.MC,2020-11-27,-14.405088926285758,2.7454168804228836,-5.246958678299853,43.582141864786216
IFXGn.DE,2020-03-12,-16.33169733625199,2.370459729702162,-6.889675083534956,37.62988162611186
IFXGn.DE,2020-03-18,-17.464505102088346,2.370459729702162,-7.367560344204913,37.62988162611186
IFXGn.DE,2020-03-24,13.63168322037187,2.370459729702162,5.750649567915095,37.62988162611186
IFXGn.DE,2024-05-07,12.06429190788798,2.370459729702162,5.089431284877304,37.62988162611186
CAGR.PA,2016-02-17,12.752864760852312,1.9978570665120388,6.383271843924709,31.714997718263298
CAGR.PA,2016-06-24,-17.96498818284946,1.9978570665120388,-8.992128858454153,31.714997718263298
CAGR.PA,2017-04-24,11.702364914267394,1.9978570665120388,5.857458529151929,31.714997718263298
CAGR.PA,2020-03-09,-17.416080883665863,1.9978570665120388,-8.717380825482051,31.714997718263298
CAGR.PA,2020-03-12,-18.86958954181526,1.9978570665120388,-9.44491468289008,31.714997718263298
CAGR.PA,2020-03-16,-11.655942810136711,1.9978570665120388,-5.834222580540385,31.714997718263298
CAGR.PA,2020-11-09,12.919500618229884,1.9978570665120388,6.4666791407582584,31.714997718263298
CAGR.PA,2023-05-30,-10.3290098792022,1.9978570665120388,-5.170044470315944,31.714997718263298
TELIA.ST,2018-04-20,7.731949157871321,1.4875208835161957,5.197876038953195,23.613661966793597
TELIA.ST,2020-03-12,-16.111952847894774,1.4875208835161957,-10.831412873888134,23.613661966793597
TELIA.ST,2020-03-17,8.877282758844917,1.4875208835161957,5.967837397926699,23.613661966793597
TELIA.ST,2020-04-03,-7.94716303934111,1.4875208835161957,-5.342555608735817,23.613661966793597
TELIA.ST,2022-02-24,-7.822737932747614,1.4875208835161957,-5.258909652586698,23.613661966793597
TELIA.ST,2022-10-21,-14.897210218925528,1.4875208835161957,-10.014790638576828,23.613661966793597
PRTP.PA,2020-03-12,-13.991576080305101,2.1157475589751855,-6.61306497599471,33.586451268241824
PRTP.PA,2024-03-20,-12.778491536117986,2.1157475589751855,-6.039705201081534,33.586451268241824
PRTP.PA,2025-03-14,-10.779511574313805,2.1157475589751855,-5.094894959744218,33.586451268241824
PRTP.PA,2025-06-16,11.657478837175095,2.1157475589751855,5.509862832039226,33.586451268241824
RECI.MI,2016-02-23,-9.512407650154397,1.7206976878432292,-5.528227135632126,27.315228981342198
RECI.MI,2018-02-08,-9.097800932099265,1.7206976878432292,-5.287274456387923,27.315228981342198
RECI.MI,2018-07-02,-13.457515556139255,1.7206976878432292,-7.820964514113623,27.315228981342198
RECI.MI,2020-03-12,-18.84003434727477,1.7206976878432292,-10.949067044362335,27.315228981342198
RECI.MI,2020-03-13,15.941233346828998,1.7206976878432292,9.264400980749958,27.315228981342198
RECI.MI,2022-03-09,10.127327526871666,1.7206976878432292,5.885593732368841,27.315228981342198
RECI.MI,2025-04-07,-9.668404100959327,1.7206976878432292,-5.618885972397613,27.315228981342198
BATS.L,2018-11-12,-12.527392549790317,1.550360764134398,-8.080308041583244,24.611214145990104
BATS.L,2020-03-12,-12.81972774143969,1.550360764134398,-8.268867503620836,24.611214145990104
BATS.L,2020-03-23,-7.845977564021922,1.550360764134398,-5.060743115749909,24.611214145990104
BATS.L,2020-03-24,8.81834225783611,1.550360764134398,5.687929198053198,24.611214145990104
BATS.L,2023-12-06,-8.961602417841075,1.550360764134398,-5.780333600511713,24.611214145990104
BATS.L,2025-02-13,-8.999143869782023,1.550360764134398,-5.804548256099896,24.611214145990104
SDFGn.DE,2016-06-27,-13.868556669257526,2.5027138235204647,-5.5414073071084085,39.72935027879247
SDFGn.DE,2020-03-11,12.683877924204223,2.5027138235204647,5.068049652741492,39.72935027879247
SDFGn.DE,2020-03-12,-24.298556585465604,2.5027138235204647,-9.708883355782893,39.72935027879247
SDFGn.DE,2020-10-05,13.766331309986635,2.5027138235204647,5.500561502721915,39.72935027879247
SDFGn.DE,2021-02-18,-15.246509795784569,2.5027138235204647,-6.09199088305587,39.72935027879247
ANA.MC,2016-06-24,-9.95441147824856,1.8648809508972388,-5.33782677841138,29.6040673248945
ANA.MC,2020-03-12,-20.07469345304358,1.8648809508972388,-10.764597838476051,29.6040673248945
ANA.MC,2020-03-13,12.67170165503435,1.8648809508972388,6.794911840853805,29.6040673248945
ANA.MC,2021-02-18,11.024674990486716,1.8648809508972388,5.911731247607244,29.6040673248945
ANA.MC,2024-11-06,-10.264215207876148,1.8648809508972388,-5.50395198306776,29.6040673248945
ASSAb.ST,2016-02-08,-11.157021425704228,1.6931664308086007,-6.5894416654457295,26.878183824974457
ASSAb.ST,2020-03-12,-10.956847722636676,1.6931664308086007,-6.4712171959398255,26.878183824974457
ASSAb.ST,2020-11-09,8.92094895408495,1.6931664308086007,5.268796257568488,26.878183824974457
ITRK.L,2016-06-24,-8.784074465334157,1.6084552926898315,-5.461186583958132,25.53343619653741
ITRK.L,2017-08-01,9.46387626731271,1.6084552926898315,5.883829230644142,25.53343619653741
ITRK.L,2018-08-07,-10.006736633428748,1.6084552926898315,-6.221333399136267,25.53343619653741
ITRK.L,2020-03-12,-10.258238385053442,1.6084552926898315,-6.37769568832623,25.53343619653741
ITRK.L,2020-03-18,-9.526784139932465,1.6084552926898315,-5.922939968073813,25.53343619653741
ITRK.L,2021-07-30,-8.250981545007452,1.6084552926898315,-5.129754978274389,25.53343619653741
ITRK.L,2025-04-07,-9.165066866632143,1.6084552926898315,-5.6980550894301425,25.53343619653741
NIBEb.ST,2020-03-12,-17.3213601093654,2.3624332573044,-7.331999774304541,37.502465326894246
NIBEb.ST,2020-03-24,13.555607811504444,2.3624332573044,5.737985515396849,37.502465326894246
NIBEb.ST,2022-10-19,-12.80711495592124,2.3624332573044,-5.421154191900643,37.502465326894246
NIBEb.ST,2024-02-16,-14.166934624278248,2.3624332573044,-5.996755497949222,37.502465326894246
NIBEb.ST,2024-05-17,-13.28168716324669,2.3624332573044,-5.622036991809646,37.502465326894246
NIBEb.ST,2025-11-14,-14.061265018572566,2.3624332573044,-5.952026358880864,37.502465326894246
HBANC.S,2020-03-09,-7.46036308390714,1.4468931534847578,-5.1561257760735755,22.96871674681607
HBANC.S,2020-03-12,-15.016240202801079,1.4468931534847578,-10.37826474376172,22.96871674681607
HBANC.S,2020-03-16,-13.82717757614813,1.4468931534847578,-9.556460712282853,22.96871674681607
HBANC.S,2020-03-18,-12.991341829283254,1.4468931534847578,-8.978784506647477,22.96871674681607
HBANC.S,2020-03-24,12.583678659899267,1.4468931534847578,8.697033799346006,22.96871674681607
HBANC.S,2020-04-06,7.3387545601221404,1.4468931534847578,5.072077742884592,22.96871674681607
HBANC.S,2020-11-09,8.811213644500882,1.4468931534847578,6.089747279043782,22.96871674681607
FRO.OL,2016-02-08,-21.3997211059179,3.193030125743928,-6.702010398643542,50.68778184873439
FRO.OL,2020-03-30,18.467873643694777,3.193030125743928,5.783808143492552,50.68778184873439
FRO.OL,2020-04-03,-17.025823881875546,3.193030125743928,-5.332183916651518,50.68778184873439
FRO.OL,2023-01-10,18.71350541021286,3.193030125743928,5.860735625177634,50.68778184873439
SCOR.PA,2019-01-29,-12.083451568531434,2.2215121007813936,-5.4392913566760255,35.26541131912935
SCOR.PA,2020-03-12,-22.93284734022705,2.2215121007813936,-10.323080091330882,35.26541131912935
SCOR.PA,2020-03-19,11.129610117090394,2.2215121007813936,5.0099254976714604,35.26541131912935
SCOR.PA,2020-03-20,11.494896756164241,2.2215121007813936,5.174357030115223,35.26541131912935
SCOR.PA,2020-03-23,-12.230649291860463,2.2215121007813936,-5.505551505912779,35.26541131912935
SCOR.PA,2020-03-24,18.64099014033065,2.2215121007813936,8.391126986782506,35.26541131912935
SCOR.PA,2020-11-09,15.986390408581164,2.2215121007813936,7.196175255114802,35.26541131912935
SCOR.PA,2021-10-27,11.52298496907953,2.2215121007813936,5.187000766291772,35.26541131912935
SCOR.PA,2022-03-04,-11.204729128062585,2.2215121007813936,-5.043739858145018,35.26541131912935
SCOR.PA,2022-07-28,-20.84211154035298,2.2215121007813936,-9.381948238329194,35.26541131912935
SCOR.PA,2024-07-16,-28.227344728065205,2.2215121007813936,-12.706365505790645,35.26541131912935
SCOR.PA,2025-04-04,-11.371820374254948,2.2215121007813936,-5.118954954265174,35.26541131912935
SCOR.PA,2025-10-31,-13.86871703727981,2.2215121007813936,-6.242917620120833,35.26541131912935
BALF.L,2016-06-24,-17.1544090608317,1.891819570715423,-9.06767713283803,30.031704657107888
BALF.L,2016-06-27,-23.69825764991489,1.891819570715423,-12.52670075770122,30.031704657107888
BALF.L,2019-10-11,10.703612315272625,1.891819570715423,5.657839934082549,30.031704657107888
BALF.L,2020-03-11,17.273218600796337,1.891819570715423,9.13047886182094,30.031704657107888
BALF.L,2020-03-12,-12.925047726424843,1.891819570715423,-6.8320721100992845,30.031704657107888
BALF.L,2020-03-19,-15.118367759253715,1.891819570715423,-7.99144273231958,30.031704657107888
BALF.L,2022-08-17,10.332566793284181,1.891819570715423,5.461708374957105,30.031704657107888
BALF.L,2023-08-16,-10.947750884666085,1.891819570715423,-5.786889539643578,30.031704657107888
JMT.LS,2016-06-24,-8.529244905393218,1.667528028722693,-5.114903472972817,26.471186809380104
JMT.LS,2018-03-01,-10.590484554027668,1.667528028722693,-6.351008421813368,26.471186809380104
JMT.LS,2020-03-24,10.315671678054983,1.667528028722693,6.18620586902918,26.471186809380104
JMT.LS,2020-05-14,-12.32955643794491,1.667528028722693,-7.393912561331402,26.471186809380104
JMT.LS,2021-11-16,-12.412601089197306,1.667528028722693,-7.443713614040547,26.471186809380104
JMT.LS,2023-10-26,9.703085798664723,1.667528028722693,5.818844200236426,26.471186809380104
JMT.LS,2024-07-25,-18.101645135294042,1.667528028722693,-10.855376835350523,26.471186809380104
JMT.LS,2024-10-31,8.532982989728444,1.667528028722693,5.117145165028865,26.471186809380104
JMT.LS,2025-10-30,10.081960874549,1.667528028722693,6.046051820952997,26.471186809380104
SUN.S,2016-07-04,10.849810002218696,1.9298209081685749,5.622184916897448,30.6349571874412
SUN.S,2018-04-09,-16.789071155581592,1.9298209081685749,-8.699807886066816,30.6349571874412
SUN.S,2018-04-12,17.14910818981412,1.9298209081685749,8.886372884253207,30.6349571874412
SUN.S,2020-03-18,-21.47622322831473,1.9298209081685749,-11.128609467028701,30.6349571874412
SUN.S,2020-03-24,14.248766583637362,1.9298209081685749,7.383465752352961,30.6349571874412
SUN.S,2025-02-27,9.786743778568319,1.9298209081685749,5.071322285473664,30.6349571874412
KCRA.HE,2016-05-16,16.22420566103702,2.290437804015137,7.083451745599024,36.35957293730971
KCRA.HE,2018-10-25,12.29452725894955,2.290437804015137,5.367762982866091,36.35957293730971
KCRA.HE,2020-03-12,-16.009328041616257,2.290437804015137,-6.989636659660396,36.35957293730971
KCRA.HE,2020-03-18,-12.257071349274295,2.290437804015137,-5.3514098168427235,36.35957293730971
KCRA.HE,2020-03-27,-13.356621174887739,2.290437804015137,-5.831470800679933,36.35957293730971
KCRA.HE,2020-10-01,12.73327753450273,2.290437804015137,5.559320367565229,36.35957293730971
KCRA.HE,2022-10-26,17.49473094912719,2.290437804015137,7.638160232274777,36.35957293730971
KCRA.HE,2024-07-26,13.340448475726774,2.290437804015137,5.824409836556561,36.35957293730971
KCRA.HE,2025-03-28,-12.862172810525285,2.290437804015137,-5.6155957555266935,36.35957293730971
KCRA.HE,2025-10-23,15.192706892036512,2.290437804015137,6.6331017002093215,36.35957293730971
UNI.MC,2018-12-12,14.493801813622618,2.30758784511829,6.2809317722332025,36.631821399710574
UNI.MC,2020-03-12,-22.09743329011537,2.30758784511829,-9.575987903066212,36.631821399710574
UNI.MC,2020-03-16,-12.05474802368854,2.30758784511829,-5.2239606172265125,36.631821399710574
UNI.MC,2020-09-04,12.683402899081209,2.30758784511829,5.496390061991786,36.631821399710574
UNI.MC,2020-10-05,14.424794949724918,2.30758784511829,6.251027444194865,36.631821399710574
UNI.MC,2022-02-24,-11.765200990608928,2.30758784511829,-5.098484556286016,36.631821399710574
UNI.MC,2022-04-06,-12.740003938134919,2.30758784511829,-5.520918289237154,36.631821399710574
KOG.OL,2016-10-28,-11.586191312047045,2.190929046703793,-5.288254920659447,34.779920386596324
KOG.OL,2018-11-14,11.431566139449856,2.190929046703793,5.217679758570187,34.779920386596324
KOG.OL,2020-03-12,-14.101336563497235,2.190929046703793,-6.436236072871644,34.779920386596324
KOG.OL,2020-03-16,-12.174167544232528,2.190929046703793,-5.556623370596282,34.779920386596324
KOG.OL,2020-05-08,12.3896296777536,2.190929046703793,5.654966187240769,34.779920386596324
KOG.OL,2022-05-10,-22.654247374003855,2.190929046703793,-10.340018727711286,34.779920386596324
KOG.OL,2025-03-03,15.522816346282475,2.190929046703793,7.0850383628973415,34.779920386596324
KOG.OL,2025-04-04,-11.163848693482947,2.190929046703793,-5.095486186683555,34.779920386596324
KOG.OL,2025-07-09,-13.079485132698565,2.190929046703793,-5.969835103686437,34.779920386596324
KOG.OL,2025-10-30,-21.119931384417214,2.190929046703793,-9.639714903680568,34.779920386596324
ALLN.S,2017-06-20,-6.151311743654464,1.035537103795239,-5.94021375101861,16.438641900133696
ALLN.S,2020-03-23,-5.8225577142330565,1.035537103795239,-5.622741756807562,16.438641900133696
ALLN.S,2020-03-24,6.488441034750991,1.035537103795239,6.265773588383152,16.438641900133696
ELI.BR,2020-03-12,-14.783232463950391,1.6601341075037475,-8.90484232396088,26.353811948826504
ELI.BR,2020-03-19,14.654919229515073,1.6601341075037475,8.827551438932167,26.353811948826504
ELI.BR,2020-03-31,-8.376174464718922,1.6601341075037475,-5.0454806192216095,26.353811948826504
ELI.BR,2025-03-07,16.365675399949886,1.6601341075037475,9.858044194127217,26.353811948826504
ELI.BR,2025-04-03,9.99435793787704,1.6601341075037475,6.020211194205875,26.353811948826504
ELI.BR,2025-04-07,-8.357267475306163,1.6601341075037475,-5.034091786640374,26.353811948826504
HNRGn.DE,2016-06-24,-8.403940627379125,1.581531181031777,-5.313800150242039,25.106029174226123
HNRGn.DE,2020-03-12,-20.443669674846365,1.581531181031777,-12.926504339616685,25.106029174226123
HNRGn.DE,2020-03-24,16.31680784380123,1.581531181031777,10.317095255217344,25.106029174226123
HNRGn.DE,2020-06-03,9.07823265364378,1.581531181031777,5.740154075066179,25.106029174226123
HNRGn.DE,2020-11-09,8.546217445331905,1.581531181031777,5.403761587398124,25.106029174226123
HNRGn.DE,2022-03-04,-8.586805491026084,1.581531181031777,-5.429425353108832,25.106029174226123
HNRGn.DE,2022-07-05,-9.607015086786408,1.581531181031777,-6.074502483421716,25.106029174226123
HNRGn.DE,2025-04-07,-8.64690501157428,1.581531181031777,-5.4674261976505045,25.106029174226123
CNA.L,2016-06-24,-14.019068280754187,2.2191797959046187,-6.317229593846182,35.22838712701617
CNA.L,2017-11-23,-16.2138003479518,2.2191797959046187,-7.306213033244774,35.22838712701617
CNA.L,2019-02-21,-12.173247058167652,2.2191797959046187,-5.4854712901734,35.22838712701617
CNA.L,2019-07-30,-22.087871484369813,2.2191797959046187,-9.953168970415033,35.22838712701617
CNA.L,2020-02-13,-16.204606550789773,2.2191797959046187,-7.302070152537679,35.22838712701617
CNA.L,2020-03-09,-18.455003275685623,2.2191797959046187,-8.316137029430141,35.22838712701617
CNA.L,2020-03-12,-21.434086021896746,2.2191797959046187,-9.658562168532827,35.22838712701617
CNA.L,2020-03-23,-11.927199746565654,2.2191797959046187,-5.374598204515327,35.22838712701617
CNA.L,2020-04-29,13.653313011027112,2.2191797959046187,6.152414074886404,35.22838712701617
CNA.L,2020-07-24,16.070898936651567,2.2191797959046187,7.241819237138685,35.22838712701617
CNA.L,2020-11-09,12.110478605983877,2.2191797959046187,5.457186762574685,35.22838712701617
DSV.CO,2020-03-18,-16.36137473951207,1.854253940873042,-8.823696894400888,29.435368770669214
DSV.CO,2020-03-24,9.38552223008049,1.854253940873042,5.061616439472948,29.435368770669214
DSV.CO,2024-09-12,9.331582795018178,1.854253940873042,5.0325268774268155,29.435368770669214
DB1Gn.DE,2016-06-24,-12.593334780348808,1.4682598244122236,-8.577047856901073,23.307902132532636
DB1Gn.DE,2020-03-12,-13.448472710211679,1.4682598244122236,-9.159463799668696,23.307902132532636
DB1Gn.DE,2020-03-18,-10.209441373738937,1.4682598244122236,-6.953429634176634,23.307902132532636
DB1Gn.DE,2020-03-24,12.869938354457133,1.4682598244122236,8.76543656679379,23.307902132532636
DB1Gn.DE,2023-04-27,-8.013076147092146,1.4682598244122236,-5.457532797575494,23.307902132532636
DB1Gn.DE,2025-04-04,-7.837770104030017,1.4682598244122236,-5.338135644464458,23.307902132532636
BVI.PA,2020-03-12,-9.813625389867298,1.462720125132266,-6.709161391335821,23.219962132735528
BVI.PA,2020-03-16,-8.632717666482126,1.462720125132266,-5.901824633541236,23.219962132735528
BVI.PA,2020-03-18,-7.480316497559558,1.462720125132266,-5.113976603612501,23.219962132735528
BVI.PA,2020-03-19,7.624849795236921,1.462720125132266,5.212787917680046,23.219962132735528
BVI.PA,2020-03-26,9.22387644703484,1.462720125132266,6.3059749357046515,23.219962132735528
BVI.PA,2020-03-27,-8.905682184763508,1.462720125132266,-6.088438951339523,23.219962132735528
BVI.PA,2024-02-22,7.571345531487594,1.462720125132266,5.1762093112672245,23.219962132735528
BVI.PA,2024-07-26,7.786922453540734,1.462720125132266,5.32359015217392,23.219962132735528
BVI.PA,2025-04-07,-7.376645328475817,1.462720125132266,-5.04310100184667,23.219962132735528
EQTAB.ST,2020-03-12,-17.2030063328235,3.096191500214395,-5.556182920737391,49.15051632599566
EQTAB.ST,2020-03-18,-21.888182892876618,3.096191500214395,-7.069389245258563,49.15051632599566
EQTAB.ST,2020-08-20,-16.771803505344486,3.096191500214395,-5.416914136022635,49.15051632599566
EQTAB.ST,2025-04-04,-16.104795296115437,3.096191500214395,-5.201485533113913,49.15051632599566
IG.MI,2016-11-10,-8.418367893273482,1.5305545409051973,-5.5002077144501555,24.29680009953473
IG.MI,2020-03-09,-8.23768100226243,1.5305545409051973,-5.382154495056752,24.29680009953473
IG.MI,2020-03-12,-15.5887746889813,1.5305545409051973,-10.185050105932076,24.29680009953473
TTEF.PA,2016-06-24,-10.163078562668515,1.7563045728937896,-5.786626488094394,27.88047075817488
TTEF.PA,2020-03-09,-17.109228434264168,1.7563045728937896,-9.741606722616458,27.88047075817488
TTEF.PA,2020-03-12,-16.875112503736744,1.7563045728937896,-9.608306420299487,27.88047075817488
TTEF.PA,2020-03-18,-14.756049523824055,1.7563045728937896,-8.401760008807088,27.88047075817488
TTEF.PA,2020-03-20,9.661763139900836,1.7563045728937896,5.501188853583382,27.88047075817488
TTEF.PA,2020-03-24,14.531979496387004,1.7563045728937896,8.274179615921213,27.88047075817488
TTEF.PA,2020-04-03,-8.997500843093098,1.7563045728937896,-5.122972963777173,27.88047075817488
TTEF.PA,2020-11-09,14.149954247232266,1.7563045728937896,8.05666310138792,27.88047075817488
MBGn.DE,2016-06-24,-11.452648076611949,2.03470486294278,-5.628653219046256,32.299938352562144
MBGn.DE,2020-03-09,-13.379662127587544,2.03470486294278,-6.575726225098135,32.299938352562144
MBGn.DE,2020-03-12,-21.739603310816634,2.03470486294278,-10.684401313797814,32.299938352562144
MBGn.DE,2020-03-16,-10.776985792994997,2.03470486294278,-5.296584280733628,32.299938352562144
MBGn.DE,2020-03-18,-10.22428125025523,2.03470486294278,-5.024945600939844,32.299938352562144
MBGn.DE,2020-03-24,24.675095807439096,2.03470486294278,12.127113006331381,32.299938352562144
MBGn.DE,2020-04-06,10.959477426508224,2.03470486294278,5.386273766829065,32.299938352562144
MBGn.DE,2020-05-18,11.054095433796984,2.03470486294278,5.432775846325703,32.299938352562144
FBK.MI,2016-06-24,-13.12019027253244,2.086766124267743,-6.28733144550944,33.126385254999335
FBK.MI,2020-03-12,-13.819318819841353,2.086766124267743,-6.622361106561773,33.126385254999335
FBK.MI,2022-03-09,12.135876752214658,2.086766124267743,5.815638183446744,33.126385254999335
FBK.MI,2022-06-10,-11.495005368555633,2.086766124267743,-5.508525960277073,33.126385254999335
FBK.MI,2023-08-08,-10.801847408117737,2.086766124267743,-5.176357466464126,33.126385254999335
SAGAb.ST,2020-03-12,-13.840363146896806,2.2451417276802896,-6.164583276084247,35.64052001721568
SAGAb.ST,2020-03-16,-16.713752772838752,2.2451417276802896,-7.444408772406375,35.64052001721568
SAGAb.ST,2020-03-23,-12.020243883764392,2.2451417276802896,-5.353890908340949,35.64052001721568
MTXGn.DE,2020-03-12,-13.760729732412713,2.1456299985738236,-6.413374972180347,34.06082029071726
MTXGn.DE,2020-03-16,-12.49739044254703,2.1456299985738236,-5.824578539102225,34.06082029071726
MTXGn.DE,2020-03-18,-17.3819365349571,2.1456299985738236,-8.101087581041782,34.06082029071726
MTXGn.DE,2020-03-19,13.188188294441527,2.1456299985738236,6.1465342594984085,34.06082029071726
MTXGn.DE,2020-03-23,-15.791213198450205,2.1456299985738236,-7.359709366920881,34.06082029071726
MTXGn.DE,2020-03-25,12.781687270846742,2.1456299985738236,5.9570789368822155,34.06082029071726
MTXGn.DE,2020-03-26,12.794982964464552,2.1456299985738236,5.963275575457668,34.06082029071726
MTXGn.DE,2020-04-01,-10.856427372817734,2.1456299985738236,-5.059785415022105,34.06082029071726
MTXGn.DE,2020-05-18,14.861898936657525,2.1456299985738236,6.926589834471025,34.06082029071726
MTXGn.DE,2020-11-09,15.489524829065004,2.1456299985738236,7.219103405228637,34.06082029071726
MTXGn.DE,2021-11-26,-11.416723295991638,2.1456299985738236,-5.320918939230066,34.06082029071726
MTXGn.DE,2023-09-11,-12.707386324367054,2.1456299985738236,-5.922449971716238,34.06082029071726
ALSYDB.CO,2016-06-24,-10.056211312812557,1.9445656857350773,-5.171443364748642,30.869023274908773
ALSYDB.CO,2018-08-28,-11.217188530744293,1.9445656857350773,-5.768480135709077,30.869023274908773
ALSYDB.CO,2018-10-31,-14.0831607930477,1.9445656857350773,-7.242316830106995,30.869023274908773
ALSYDB.CO,2019-05-02,-10.029760902813667,1.9445656857350773,-5.157841144883854,30.869023274908773
ALSYDB.CO,2019-08-28,-14.445593477655905,1.9445656857350773,-7.428699160756422,30.869023274908773
ALSYDB.CO,2019-09-20,10.264861333091613,1.9445656857350773,5.278742399082975,30.869023274908773
ALSYDB.CO,2020-02-27,-11.831708041834021,1.9445656857350773,-6.084499036792087,30.869023274908773
ALSYDB.CO,2020-03-12,-12.555195354406878,1.9445656857350773,-6.456555027433188,30.869023274908773
ALSYDB.CO,2020-04-29,14.138731325718945,1.9445656857350773,7.270894179321218,30.869023274908773
ALSYDB.CO,2023-03-24,-12.80897066447535,1.9445656857350773,-6.587059906712975,30.869023274908773
ALSYDB.CO,2025-04-04,-13.155799485716635,1.9445656857350773,-6.765417893684332,30.869023274908773
SBNOR.OL,2016-06-24,-9.527564852496862,1.6919952950708779,-5.630964152354662,26.859592621493363
SBNOR.OL,2020-03-09,-10.117665071692494,1.6919952950708779,-5.97972411694482,26.859592621493363
SBNOR.OL,2020-03-12,-12.489794726273363,1.6919952950708779,-7.3816958963530475,26.859592621493363
SBNOR.OL,2020-04-07,12.826512985212446,1.6919952950708779,7.580702512931717,26.859592621493363
SBNOR.OL,2020-04-28,8.473217728359561,1.6919952950708779,5.007825821409638,26.859592621493363
SOGN.PA,2016-02-11,-12.640520963352175,2.4646896457130767,-5.128646109800594,39.125735169076165
SOGN.PA,2016-06-24,-25.911191700038394,2.4646896457130767,-10.512963262983908,39.125735169076165
SOGN.PA,2020-03-09,-18.37131487508641,2.4646896457130767,-7.453804541695665,39.125735169076165
SOGN.PA,2020-03-12,-19.65299148322428,2.4646896457130767,-7.973819956361417,39.125735169076165
SOGN.PA,2020-03-16,-16.159071749879097,2.4646896457130767,-6.556229819030218,39.125735169076165
SOGN.PA,2020-03-24,12.471049763718423,2.4646896457130767,5.0598864588934225,39.125735169076165
SOGN.PA,2020-11-09,17.007382119344562,2.4646896457130767,6.900415291201516,39.125735169076165
SOGN.PA,2022-02-24,-14.560874496245413,2.4646896457130767,-5.90779229408119,39.125735169076165
SOGN.PA,2023-03-15,-14.749826221690299,2.4646896457130767,-5.984455790344721,39.125735169076165
SOGN.PA,2023-09-18,-12.794833021421503,2.4646896457130767,-5.191255233159281,39.125735169076165
ACLN.S,2022-10-06,-9.199029647056367,1.7130928939701262,-5.3698370236872774,27.194506621181368
ACLN.S,2022-10-24,8.650127184809975,1.7130928939701262,5.049420971423877,27.194506621181368
ACLN.S,2024-07-17,9.825837427538886,1.7130928939701262,5.73572948794815,27.194506621181368
DBKGn.DE,2016-06-24,-18.11575531182683,2.5490318399736274,-7.1069160564170355,40.46462599533366
DBKGn.DE,2020-03-09,-13.57321172476551,2.5490318399736274,-5.324849816276105,40.46462599533366
DBKGn.DE,2020-03-12,-21.228236278905023,2.5490318399736274,-8.327960422465594,40.46462599533366
DBKGn.DE,2022-02-24,-15.00449606754728,2.5490318399736274,-5.886350979320258,40.46462599533366
DBKGn.DE,2022-06-23,-13.269897446672196,2.5490318399736274,-5.205857862807036,40.46462599533366
DBKGn.DE,2025-03-05,12.940700433421615,2.5490318399736274,5.076711961964156,40.46462599533366
NWG.L,2016-06-24,-28.058707129578575,2.3331991992197056,-12.025851517076758,37.03838904186234
NWG.L,2016-06-27,-20.21526367031974,2.3331991992197056,-8.664182499754137,37.03838904186234
NWG.L,2019-10-11,13.938309570440122,2.3331991992197056,5.973904660648574,37.03838904186234
NWG.L,2020-03-12,-13.819943238786303,2.3331991992197056,-5.923173316452415,37.03838904186234
NWG.L,2020-03-25,13.360945608936698,2.3331991992197056,5.726448737598149,37.03838904186234
NWG.L,2023-10-27,-12.11191317332082,2.3331991992197056,-5.191118348305374,37.03838904186234
SAND.ST,2016-06-27,-11.51092370147313,1.984744105714476,-5.799701668507732,31.506835918930758
SAND.ST,2020-03-12,-13.3572570944954,1.984744105714476,-6.729964359655828,31.506835918930758
SAND.ST,2020-03-24,10.709923117460018,1.984744105714476,5.3961228989792716,31.506835918930758
NDXG.DE,2017-02-23,-16.659568000736556,3.1116829524094625,-5.353877067660956,49.39643550572803
NDXG.DE,2017-02-24,-20.74664213782946,3.1116829524094625,-6.66733804668781,49.39643550572803
NDXG.DE,2018-04-05,15.969458385685531,3.1116829524094625,5.132096884523514,49.39643550572803
NDXG.DE,2018-11-13,-18.45932238211865,3.1116829524094625,-5.932263236466647,49.39643550572803
NDXG.DE,2020-03-24,29.301905270118155,3.1116829524094625,9.41673869679714,49.39643550572803
NDXG.DE,2020-08-03,18.797638375017243,3.1116829524094625,6.040987678536373,49.39643550572803
NDXG.DE,2022-05-25,-19.28571437498863,3.1116829524094625,-6.197840419460204,49.39643550572803
NDXG.DE,2025-10-28,20.53067084013098,3.1116829524094625,6.597931458355522,49.39643550572803
INWT.MI,2016-06-24,-9.59315989677949,1.616472305152009,-5.93462682051789,25.660702323933172
INWT.MI,2018-03-05,9.017659811149459,1.616472305152009,5.578604583826421,25.660702323933172
INWT.MI,2019-02-22,12.774050195216802,1.616472305152009,7.9024244056043775,25.660702323933172
INWT.MI,2020-03-12,-16.88665160061289,1.616472305152009,-10.446607434468177,25.660702323933172
INWT.MI,2020-03-20,9.479779467551364,1.616472305152009,5.864486163689584,25.660702323933172
INWT.MI,2020-04-23,-9.943567209789261,1.616472305152009,-6.151399673286821,25.660702323933172
INWT.MI,2025-11-11,-12.474533390017761,1.616472305152009,-7.717134002394609,25.660702323933172
SRENH.S,2020-02-20,-8.528173434191633,1.5386932320768376,-5.542478030322396,24.425997816561036
SRENH.S,2020-03-12,-17.428179129192767,1.5386932320768376,-11.326610636786409,24.425997816561036
SRENH.S,2020-03-16,-10.646368983748467,1.5386932320768376,-6.91909781742435,24.425997816561036
SRENH.S,2020-03-24,16.20103392690435,1.5386932320768376,10.529086363132402,24.425997816561036
SRENH.S,2020-04-21,-11.403991774523092,1.5386932320768376,-7.411478478481806,24.425997816561036
SRENH.S,2021-04-20,-7.932962222515894,1.5386932320768376,-5.155648999513989,24.425997816561036
SRENH.S,2022-04-19,-8.76085849175876,1.5386932320768376,-5.693700543502014,24.425997816561036
SRENH.S,2024-04-16,-9.367584087840264,1.5386932320768376,-6.088012797194441,24.425997816561036
RILBA.CO,2019-10-04,8.116761423087393,1.491014956089423,5.443782699789763,23.669128649343023
RILBA.CO,2020-03-12,-11.148283868162334,1.491014956089423,-7.47697655387819,23.669128649343023
RILBA.CO,2022-02-02,7.6730162363428,1.491014956089423,5.146169865704965,23.669128649343023
RILBA.CO,2022-02-03,-8.22293360836861,1.491014956089423,-5.514990694617448,23.669128649343023
RILBA.CO,2025-04-04,-12.546531618748524,1.491014956089423,-8.414759065633445,23.669128649343023
JYSK.CO,2016-06-24,-9.612822675417787,1.8778165507084263,-5.119148977460683,29.809413605853642
JYSK.CO,2018-10-30,-11.500718661808795,1.8778165507084263,-6.1245166134413,29.809413605853642
JYSK.CO,2022-04-20,12.814382349275277,1.8778165507084263,6.8240863807707495,29.809413605853642
JYSK.CO,2022-06-10,-12.175376739307442,1.8778165507084263,-6.483794561675448,29.809413605853642
JYSK.CO,2022-06-20,16.71269414251202,1.8778165507084263,8.900067547177054,29.809413605853642
JYSK.CO,2024-10-29,-10.317720834654942,1.8778165507084263,-5.494530778718758,29.809413605853642
JYSK.CO,2025-04-04,-11.266630566720615,1.8778165507084263,-5.999856888294098,29.809413605853642
LOTB.BR,2020-03-12,-12.886342018638697,1.6455898128662856,-7.8308348276617545,26.122928429193053
LOTB.BR,2021-08-17,9.814086317114779,1.6455898128662856,5.96387157989306,26.122928429193053
LOTB.BR,2021-09-28,-8.72604500239813,1.6455898128662856,-5.302685355835498,26.122928429193053
LOTB.BR,2024-02-05,16.325748227782455,1.6455898128662856,9.920909876894713,26.122928429193053
LOTB.BR,2025-02-06,-9.745085595268854,1.6455898128662856,-5.921940886529239,26.122928429193053
LOTB.BR,2025-08-08,10.395001812627847,1.6455898128662856,6.316885126143222,26.122928429193053
AALB.AS,2020-03-12,-17.67980848623378,2.0104562778395954,-8.79392836397926,31.915003997592876
AALB.AS,2020-03-18,-14.12167264031301,2.0104562778395954,-7.024113280139541,31.915003997592876
AALB.AS,2020-03-26,10.445375858345685,2.0104562778395954,5.195525002697458,31.915003997592876
AALB.AS,2022-03-04,-11.140526994315092,2.0104562778395954,-5.541292848351086,31.915003997592876
AALB.AS,2025-07-24,-14.540632158511668,2.0104562778395954,-7.232503545979525,31.915003997592876
NOKIA.HE,2016-02-01,-12.307695337894685,2.1839165917243784,-5.635606865451197,34.66860111486292
NOKIA.HE,2017-10-26,-19.544708668876567,2.1839165917243784,-8.949384213178416,34.66860111486292
NOKIA.HE,2018-02-01,11.089875796011261,2.1839165917243784,5.0779758888387345,34.66860111486292
NOKIA.HE,2019-10-24,-26.54221276591504,2.1839165917243784,-12.15349197240075,34.66860111486292
NOKIA.HE,2020-03-12,-16.991019377252137,2.1839165917243784,-7.780067902609941,34.66860111486292
NOKIA.HE,2020-07-31,12.707347554242144,2.1839165917243784,5.818604795803426,34.66860111486292
NOKIA.HE,2020-10-29,-20.62880089553336,2.1839165917243784,-9.445782395583732,34.66860111486292
NOKIA.HE,2021-01-25,12.099732238612404,2.1839165917243784,5.540382029452274,34.66860111486292
NOKIA.HE,2021-01-27,12.725354537284762,2.1839165917243784,5.826850066300868,34.66860111486292
NOKIA.HE,2021-01-28,-14.403986152723046,2.1839165917243784,-6.595483640403105,34.66860111486292
NOKIA.HE,2025-10-28,18.858323834290005,2.1839165917243784,8.635093439809362,34.66860111486292
KBCA.BR,2016-06-24,-12.454273507405844,1.9158568606297472,-6.500628394186031,30.413284804939465
KBCA.BR,2016-06-27,-12.360264935905407,1.9158568606297472,-6.451559711951839,30.413284804939465
KBCA.BR,2020-03-12,-20.616686440512666,1.9158568606297472,-10.761078692348606,30.413284804939465
KBCA.BR,2020-03-16,-18.52329897601046,1.9158568606297472,-9.668414878302444,30.413284804939465
KBCA.BR,2020-03-20,10.990259215822462,1.9158568606297472,5.7364719889407265,30.413284804939465
KBCA.BR,2020-03-27,-10.260879902309084,1.9158568606297472,-5.355765408766658,30.413284804939465
KBCA.BR,2020-11-09,12.404802457220221,1.9158568606297472,6.474806501537245,30.413284804939465
KBCA.BR,2022-03-09,11.45376872033701,1.9158568606297472,5.978405253392535,30.413284804939465
KBCA.BR,2022-06-07,-11.957877556566743,1.9158568606297472,-6.241529731316231,30.413284804939465
KBCA.BR,2023-03-15,-9.904216872237548,1.9158568606297472,-5.169601694033658,30.413284804939465
BNRGn.DE,2020-03-12,-10.463869507443047,1.7111302477701453,-6.115180022724167,27.163350578640838
BNRGn.DE,2020-03-24,8.891250698659503,1.7111302477701453,5.196127360992018,27.163350578640838
BNRGn.DE,2020-06-11,-10.43008643917438,1.7111302477701453,-6.095436891941054,27.163350578640838
BNRGn.DE,2022-10-11,-8.881922436432621,1.7111302477701453,-5.190675840139623,27.163350578640838
BNRGn.DE,2022-11-28,-9.298855957387087,1.7111302477701453,-5.434335562418387,27.163350578640838
BNRGn.DE,2024-05-14,-8.571113713331258,1.7111302477701453,-5.009036409998994,27.163350578640838
BNRGn.DE,2024-11-12,-8.832250646453854,1.7111302477701453,-5.161647196619648,27.163350578640838
AMA.MC,2020-03-12,-18.405268445685465,1.9220782900986222,-9.575712155169853,30.5120469359833
AMA.MC,2020-03-18,-11.02290191475066,1.9220782900986222,-5.734887060289866,30.5120469359833
AMA.MC,2020-03-25,11.863285905791665,1.9220782900986222,6.172113782723677,30.5120469359833
AMA.MC,2020-04-07,10.928017421445357,1.9220782900986222,5.685521488765496,30.5120469359833
AMA.MC,2020-04-15,-11.097972911257603,1.9220782900986222,-5.773944260453701,30.5120469359833
AMA.MC,2020-05-18,14.234107828128462,1.9220782900986222,7.405581708848138,30.5120469359833
AMA.MC,2020-11-09,14.088210237797849,1.9220782900986222,7.329675544628819,30.5120469359833
AMA.MC,2022-03-04,-10.336874261818974,1.9220782900986222,-5.37796733622572,30.5120469359833
BZU.MI,2016-06-24,-11.364168873673375,2.0612067737472852,-5.513357038417477,32.72064314410257
BZU.MI,2020-03-09,-13.233604607027116,2.0612067737472852,-6.420318803323332,32.72064314410257
BZU.MI,2020-03-12,-13.621898025202483,2.0612067737472852,-6.608700397601449,32.72064314410257
BZU.MI,2020-03-24,14.259769678550205,2.0612067737472852,6.918165542715477,32.72064314410257
BZU.MI,2025-03-05,16.387305313595313,2.0612067737472852,7.950345167847039,32.72064314410257
BEZG.L,2016-06-24,-13.743016744621684,2.045053599712863,-6.720125451260191,32.46421945582601
BEZG.L,2016-06-27,-13.228602784936715,2.045053599712863,-6.4685848756209054,32.46421945582601
BEZG.L,2020-03-12,-13.71760160101303,2.045053599712863,-6.7076978339047235,32.46421945582601
BEZG.L,2020-03-18,-12.332653191566113,2.045053599712863,-6.030479197854611,32.46421945582601
BEZG.L,2020-03-24,15.450467210424335,2.045053599712863,7.5550426710545215,32.46421945582601
BEZG.L,2020-04-03,-12.635568739386759,2.045053599712863,-6.178600277841551,32.46421945582601
BEZG.L,2020-09-22,-15.688561794284306,2.045053599712863,-7.6714672889195015,32.46421945582601
BEZG.L,2021-02-05,13.995873038887785,2.045053599712863,6.843768320230278,32.46421945582601
BEZG.L,2025-08-13,-12.317586263376512,2.045053599712863,-6.02311169991142,32.46421945582601
AAL.L,2016-02-04,18.989507626517476,2.9423469373475126,6.453864221612244,46.70830960256439
AAL.L,2016-02-12,17.501503799666708,2.9423469373475126,5.948144176173896,46.70830960256439
AAL.L,2016-02-17,15.627919128284006,2.9423469373475126,5.311378794226208,46.70830960256439
AAL.L,2016-03-08,-16.350401373615007,2.9423469373475126,-5.556925040374295,46.70830960256439
AAL.L,2016-05-09,-15.368979071120625,2.9423469373475126,-5.223374196985607,46.70830960256439
AAL.L,2020-03-12,-22.80058417240678,2.9423469373475126,-7.749114790984237,46.70830960256439
AAL.L,2020-03-18,-14.876655985312848,2.9423469373475126,-5.056050935558251,46.70830960256439
AAL.L,2020-03-24,20.474947236245235,2.9423469373475126,6.958712780044603,46.70830960256439
AAL.L,2023-12-08,-20.904522253286693,2.9423469373475126,-7.1047101849015295,46.70830960256439
AAL.L,2024-04-25,15.560347708135724,2.9423469373475126,5.28841365055447,46.70830960256439
BOLL.PA,2016-05-13,-8.823139797581048,1.6332846215594898,-5.40208343427403,25.927589572995924
BOLL.PA,2020-03-12,-11.913478032760771,1.6332846215594898,-7.294183680848943,25.927589572995924
BOLL.PA,2020-03-16,-11.921244138871712,1.6332846215594898,-7.298938581500321,25.927589572995924
BOLL.PA,2020-04-06,10.591070419218351,1.6332846215594898,6.484522219468279,25.927589572995924
BOLL.PA,2021-02-15,13.82262824404763,1.6332846215594898,8.46308601794679,25.927589572995924
BOLL.PA,2021-12-21,11.113550201472622,1.6332846215594898,6.804417340843632,25.927589572995924
BOLL.PA,2022-03-09,8.973308302308801,1.6332846215594898,5.494026077182387,25.927589572995924
AVANZ.ST,2018-01-18,13.99706168305106,2.382627854014058,5.874631936107835,37.82304461122023
AVANZ.ST,2019-10-17,15.797639571704725,2.382627854014058,6.630342856560728,37.82304461122023
AVANZ.ST,2020-03-12,-17.008795069462977,2.382627854014058,-7.138670456155351,37.82304461122023
AVANZ.ST,2020-07-14,12.169172721362509,2.382627854014058,5.1074584311859175,37.82304461122023
AVANZ.ST,2022-03-02,-14.4659232634746,2.382627854014058,-6.071415323674484,37.82304461122023
AVANZ.ST,2022-10-05,-14.346722279094815,2.382627854014058,-6.021386115722866,37.82304461122023
AVANZ.ST,2022-10-18,13.09924509703908,2.382627854014058,5.497814136173443,37.82304461122023
AVANZ.ST,2025-01-21,12.83443876787791,2.382627854014058,5.386673687313564,37.82304461122023
RTO.L,2018-03-01,-10.067988683380902,1.9072596765029912,-5.2787718460240365,30.276808737890498
RTO.L,2020-03-12,-10.329669503362403,1.9072596765029912,-5.41597435872084,30.276808737890498
RTO.L,2020-03-16,-10.01565941085525,1.9072596765029912,-5.251334956768558,30.276808737890498
RTO.L,2020-03-18,-12.201738122096796,1.9072596765029912,-6.3975232488892075,30.276808737890498
RTO.L,2020-03-26,17.68001886873265,1.9072596765029912,9.269854066830277,30.276808737890498
RTO.L,2021-12-14,-13.068970802013325,1.9072596765029912,-6.852224142847509,30.276808737890498
RTO.L,2023-10-19,-21.263370764572898,1.9072596765029912,-11.148650090248763,30.276808737890498
RTO.L,2023-10-26,-11.468303249023126,1.9072596765029912,-6.012974211278115,30.276808737890498
RTO.L,2024-03-07,16.522920522519293,1.9072596765029912,8.663172994258696,30.276808737890498
RTO.L,2024-06-12,12.991747787434239,1.9072596765029912,6.811735154625056,30.276808737890498
RTO.L,2024-09-11,-22.4155026361591,1.9072596765029912,-11.752727178324502,30.276808737890498
RTO.L,2025-03-06,-10.796400189031829,1.9072596765029912,-5.660687069538062,30.276808737890498
ABVX.PA,2016-06-20,-36.46635894740762,5.586422673359048,-6.527676310872632,88.68171067320395
ABVX.PA,2021-03-08,-29.907111476227577,5.586422673359048,-5.353535388371319,88.68171067320395
ABVX.PA,2021-05-25,35.243089229397825,5.586422673359048,6.3087043874191115,88.68171067320395
ABVX.PA,2023-10-20,-29.881191989692766,5.586422673359048,-5.3488956595054,88.68171067320395
BYG.L,2016-06-24,-19.046362100228542,1.880994756203263,-10.125685910296268,29.85986605398242
BYG.L,2016-06-27,-9.94078260983069,1.880994756203263,-5.284853972637271,29.85986605398242
BYG.L,2020-03-12,-10.833507914193019,1.880994756203263,-5.759456733446807,29.85986605398242
BYG.L,2020-03-16,-10.997573520733761,1.880994756203263,-5.8466795212827,29.85986605398242
BYG.L,2020-03-17,-11.381949822223447,1.880994756203263,-6.051026875373967,29.85986605398242
BYG.L,2020-03-18,-17.069787284719506,1.880994756203263,-9.074872339981644,29.85986605398242
BYG.L,2020-03-20,15.199245569463304,1.880994756203263,8.080429527694468,29.85986605398242
BYG.L,2020-03-24,10.361819657728644,1.880994756203263,5.508691411050872,29.85986605398242
BYG.L,2025-10-13,14.735045107582234,1.880994756203263,7.833644968433896,29.85986605398242
NSISb.CO,2016-01-19,-9.116975509944814,1.6891485588569652,-5.397379325897898,26.814402085072082
NSISb.CO,2016-08-10,-11.636150784779487,1.6891485588569652,-6.888766961180481,26.814402085072082
NSISb.CO,2016-10-26,-11.415782624809623,1.6891485588569652,-6.758305872477315,26.814402085072082
NSISb.CO,2020-03-09,-9.286918538298705,1.6891485588569652,-5.497988018640052,26.814402085072082
NSISb.CO,2022-12-12,-16.483148029063077,1.6891485588569652,-9.758258350122327,26.814402085072082
ANTO.L,2016-02-04,14.395776031515851,2.571945237095394,5.597232718599252,40.82836489818881
ANTO.L,2020-03-12,-14.252290750825214,2.571945237095394,-5.541444096578404,40.82836489818881
ANTO.L,2020-03-17,13.407872699854462,2.571945237095394,5.213125266615917,40.82836489818881
ANTO.L,2020-03-24,15.948936916383927,2.571945237095394,6.201118393327742,40.82836489818881
MBK.WA,2016-06-24,-14.231110522776902,2.7549017677411216,-5.1657415481807485,43.732709783131384
MBK.WA,2020-03-12,-19.648126219454156,2.7549017677411216,-7.132060550951917,43.732709783131384
MBK.WA,2020-11-09,23.01038504596269,2.7549017677411216,8.352524694493926,43.732709783131384
MBK.WA,2022-02-24,-19.677058082967758,2.7549017677411216,-7.14256250926215,43.732709783131384
RXL.PA,2016-06-27,-16.86116484407263,2.409637804244711,-6.997385588145551,38.251814278627464
RXL.PA,2020-03-12,-19.416242708716112,2.409637804244711,-8.057743231996662,38.251814278627464
RXL.PA,2020-03-18,-16.12723885821059,2.409637804244711,-6.692806209215993,38.251814278627464
RXL.PA,2020-03-20,24.910319198108112,2.409637804244711,10.337785684731209,38.251814278627464
RXL.PA,2020-03-24,13.123585491715396,2.409637804244711,5.446289674156619,38.251814278627464
RXL.PA,2020-04-06,18.801601972279293,2.409637804244711,7.802667246985927,38.251814278627464
RXL.PA,2020-04-15,-12.418974319707289,2.409637804244711,-5.15387594676286,38.251814278627464
RXL.PA,2022-03-04,-13.673060106349011,2.409637804244711,-5.674321710201905,38.251814278627464
ASML.AS,2020-03-18,-13.552468745409652,2.1607543320753333,-6.272100693831747,34.30091164186084
ASML.AS,2020-03-24,12.25599432620239,2.1607543320753333,5.67209059552407,34.30091164186084
ASML.AS,2024-07-17,-11.285196861851787,2.1607543320753333,-5.222804228286669,34.30091164186084
ASML.AS,2024-08-02,-11.432171697575644,2.1607543320753333,-5.290824379185865,34.30091164186084
ASML.AS,2024-10-15,-17.122533715983934,2.1607543320753333,-7.924331545612732,34.30091164186084
ASML.AS,2025-07-16,-12.613557673183173,2.1607543320753333,-5.8375713915928,34.30091164186084
BOL.ST,2016-02-11,-16.665848383357584,2.3629244533189673,-7.053060185630864,37.51026282189143
BOL.ST,2018-10-24,-16.90124529546577,2.3629244533189673,-7.152681192039913,37.51026282189143
BOL.ST,2020-03-12,-20.419093023588086,2.3629244533189673,-8.641449791129546,37.51026282189143
BOL.ST,2023-07-20,-13.853785329456825,2.3629244533189673,-5.8629827585040974,37.51026282189143
BOL.ST,2025-02-06,12.0030494937585,2.3629244533189673,5.079743229581038,37.51026282189143
CPG.L,2020-03-12,-11.359541992256595,1.7116252700780032,-6.636699160055582,27.17120881416097
CPG.L,2020-03-23,-11.595079526643293,1.7116252700780032,-6.774309616330258,27.17120881416097
CPG.L,2020-03-26,12.011366968383076,1.7116252700780032,7.017521403990305,27.17120881416097
CPG.L,2020-05-13,-8.906754796358118,1.7116252700780032,-5.203682693906601,27.17120881416097
CPG.L,2020-11-09,19.9360280090789,1.7116252700780032,11.647425612132007,27.17120881416097
DSFIR.AS,2024-02-15,11.062792634501584,1.6041712832465533,6.896266471066909,25.46542965493041
HSBA.L,2016-06-24,-9.6006752314449,1.6647911999480969,-5.766894510100858,26.427740999468824
HSBA.L,2020-03-12,-10.709565291980748,1.6647911999480969,-6.432978076959226,26.427740999468824
HSBA.L,2020-04-01,-9.981963057509313,1.6647911999480969,-5.995924929096526,26.427740999468824
HSBA.L,2020-09-28,9.747771891870439,1.6647911999480969,5.855251933199998,26.427740999468824
HSBA.L,2020-11-09,10.518090756304698,1.6647911999480969,6.317963932433462,26.427740999468824
HSBA.L,2021-01-06,9.66733023427322,1.6647911999480969,5.806932565822439,26.427740999468824
HSBA.L,2024-02-21,-8.648167190783006,1.6647911999480969,-5.194745858250951,26.427740999468824
BPTB.L,2022-09-02,15.47895796069978,2.919101578129088,5.302644511130908,46.3393009647945
BPTB.L,2022-09-09,-15.658251918619538,2.919101578129088,-5.364065449430242,46.3393009647945
BNZL.L,2016-06-24,-8.208485358693718,1.5737247682497582,-5.215959946937169,24.982106213109702
BNZL.L,2019-04-17,-10.019988347154252,1.5737247682497582,-6.3670525808004745,24.982106213109702
BNZL.L,2020-03-16,-11.308549944703827,1.5737247682497582,-7.185849884844097,24.982106213109702
BNZL.L,2020-03-17,-10.37718989916514,1.5737247682497582,-6.594030994826554,24.982106213109702
BNZL.L,2020-03-18,-10.877152894076136,1.5737247682497582,-6.9117250446361895,24.982106213109702
BNZL.L,2020-06-15,8.920216034789519,1.5737247682497582,5.668218620407348,24.982106213109702
BNZL.L,2024-08-27,7.89885660499956,1.5737247682497582,5.019210960112417,24.982106213109702
BNZL.L,2025-03-03,-8.587181184613346,1.5737247682497582,-5.456596577661867,24.982106213109702
BNZL.L,2025-04-16,-29.355554235388716,1.5737247682497582,-18.65355037147756,24.982106213109702
REY.MI,2020-03-12,-12.463124555442207,2.0923929299837725,-5.95639775725053,33.21570802660108
REY.MI,2020-03-17,-10.782085446057277,2.0923929299837725,-5.152992677212352,33.21570802660108
REY.MI,2021-09-28,-10.604927850628965,2.0923929299837725,-5.068325216866036,33.21570802660108
VOWG_p.DE,2016-06-24,-13.417637719195241,2.127356614518371,-6.30718781591443,33.77073931178345
VOWG_p.DE,2020-03-12,-17.350977192536643,2.127356614518371,-8.156120640104747,33.77073931178345
VOWG_p.DE,2020-03-16,-12.496117762819559,2.127356614518371,-5.874011755969111,33.77073931178345
VOWG_p.DE,2020-03-18,-13.210645808907273,2.127356614518371,-6.209887763410149,33.77073931178345
VOWG_p.DE,2020-03-24,17.989823151880202,2.127356614518371,8.456421001117887,33.77073931178345
VOWG_p.DE,2020-04-06,13.337361652753987,2.127356614518371,6.269452691538291,33.77073931178345
VOWG_p.DE,2022-03-09,11.052394531276732,2.127356614518371,5.1953652038630915,33.77073931178345
VOWG_p.DE,2022-12-19,-11.47336974644837,2.127356614518371,-5.393251732289331,33.77073931178345
LOIM.PA,2020-03-09,-12.42976981728754,2.3103445132837335,-5.380050354317455,36.67558215018793
LOIM.PA,2020-03-12,-22.09792222734417,2.3103445132837335,-9.56477360856282,36.67558215018793
LOIM.PA,2020-03-20,23.693271027132834,2.3103445132837335,10.255297809873891,36.67558215018793
LOIM.PA,2020-04-07,12.655677913473129,2.3103445132837335,5.477831483879168,36.67558215018793
LOIM.PA,2020-05-19,-12.779921093725521,2.3103445132837335,-5.531608390110267,36.67558215018793
LOIM.PA,2020-05-26,12.469309145279617,2.3103445132837335,5.397164394134781,36.67558215018793
LOIM.PA,2020-06-02,13.088857482214555,2.3103445132837335,5.665327143617699,36.67558215018793
LOIM.PA,2020-06-11,-11.785129560556573,2.3103445132837335,-5.101026921654277,36.67558215018793
LOIM.PA,2020-11-09,27.24640103157423,2.3103445132837335,11.79321996131583,36.67558215018793
LOIM.PA,2020-11-10,16.060040987263278,2.3103445132837335,6.951361970010637,36.67558215018793
LOIM.PA,2021-01-27,19.561005600120176,2.3103445132837335,8.466705068292075,36.67558215018793
DEMANT.CO,2018-08-15,-12.880708163496868,2.133295792276323,-6.03793820347462,33.86502083582194
DEMANT.CO,2018-10-08,-11.505079776233584,2.133295792276323,-5.3931010495066625,33.86502083582194
DEMANT.CO,2020-03-12,-13.399721811700704,2.133295792276323,-6.281230132368375,33.86502083582194
DEMANT.CO,2021-02-09,11.762507400576139,2.133295792276323,5.5137723719152,33.86502083582194
DEMANT.CO,2022-08-16,-12.09970158115703,2.133295792276323,-5.671834925547808,33.86502083582194
DEMANT.CO,2022-11-02,-16.693991010809484,2.133295792276323,-7.8254459935892156,33.86502083582194
DEMANT.CO,2024-07-17,-15.705057911632014,2.133295792276323,-7.361875445727105,33.86502083582194
PSN.L,2016-06-24,-40.38746499091776,2.4872851770753943,-16.237569122816165,39.484428109432486
PSN.L,2016-06-27,-18.71414628502137,2.4872851770753943,-7.523924661918294,39.484428109432486
PSN.L,2019-10-11,13.39415732086393,2.4872851770753943,5.385050915879731,39.484428109432486
PSN.L,2019-12-13,12.927953796050717,2.4872851770753943,5.197616226399779,39.484428109432486
PSN.L,2020-03-12,-14.683140676163742,2.4872851770753943,-5.903279934079978,39.484428109432486
PSN.L,2020-03-16,-12.758418767278457,2.4872851770753943,-5.129455554541635,39.484428109432486
PSN.L,2020-03-18,-13.953963655640766,2.4872851770753943,-5.610118125677952,39.484428109432486
PSN.L,2020-03-25,14.72415871091477,2.4872851770753943,5.919771020477742,39.484428109432486
PSN.L,2023-03-01,-13.217591656727556,2.4872851770753943,-5.314063613835024,39.484428109432486
EMSN.S,2018-12-17,-9.06011166796823,1.373493376203764,-6.596399971734643,21.80353140497784
EMSN.S,2020-03-24,7.696927447977053,1.373493376203764,5.603905764184172,21.80353140497784
EMSN.S,2023-04-27,-7.211389585089467,1.373493376203764,-5.2503999728205635,21.80353140497784
GFCP.PA,2016-06-24,-8.689304280890475,1.6950947874954727,-5.126146540589065,26.908795538369407
GFCP.PA,2020-03-12,-14.485915916583014,1.6950947874954727,-8.5457851817161,26.908795538369407
GFCP.PA,2020-03-16,-8.693552154333162,1.6950947874954727,-5.128652520475278,26.908795538369407
GFCP.PA,2020-03-17,-10.514344694531008,1.6950947874954727,-6.202806339854366,26.908795538369407
GFCP.PA,2020-03-18,-10.621749026411642,1.6950947874954727,-6.2661681840845205,26.908795538369407
GFCP.PA,2020-03-20,11.305236785709738,1.6950947874954727,6.669383251666646,26.908795538369407
GFCP.PA,2020-03-24,17.10722910662854,1.6950947874954727,10.092196160844033,26.908795538369407
GFCP.PA,2020-03-26,11.173050368863091,1.6950947874954727,6.591401525911973,26.908795538369407
GFCP.PA,2020-11-09,13.672545131047276,1.6950947874954727,8.065947244902251,26.908795538369407
UCB.BR,2017-05-22,-19.328287812129652,1.7942661427801412,-10.77225242749176,28.48309199795619
UCB.BR,2020-03-12,-9.487158066169599,1.7942661427801412,-5.287486532778042,28.48309199795619
UCB.BR,2020-03-24,10.313597439867728,1.7942661427801412,5.748086749208362,28.48309199795619
UCB.BR,2020-03-26,11.366071563720404,1.7942661427801412,6.3346631208841435,28.48309199795619
UCB.BR,2020-06-15,13.496166623415462,1.7942661427801412,7.52183096009587,28.48309199795619
UCB.BR,2022-05-13,-14.886957462887285,1.7942661427801412,-8.29696169812387,28.48309199795619
UCB.BR,2025-03-10,-10.79420316453028,1.7942661427801412,-6.015943179870245,28.48309199795619
UCB.BR,2025-04-09,-11.859724893534462,1.7942661427801412,-6.609791385328327,28.48309199795619
UCB.BR,2025-09-29,14.925688348615296,1.7942661427801412,8.31854761829734,28.48309199795619
NESTE.HE,2018-04-26,15.412918225250172,2.342622572225819,6.579343342792836,37.18798045077579
NESTE.HE,2022-03-02,12.823277680314282,2.342622572225819,5.473898284916795,37.18798045077579
NESTE.HE,2023-07-27,-14.03232071992262,2.342622572225819,-5.990004914274326,37.18798045077579
NESTE.HE,2024-02-08,-12.846350348493152,2.342622572225819,-5.483747361098515,37.18798045077579
NESTE.HE,2024-04-25,-13.607175287459006,2.342622572225819,-5.808522230079208,37.18798045077579
NESTE.HE,2024-05-15,-15.77571161911262,2.342622572225819,-6.734209687104435,37.18798045077579
NESTE.HE,2025-07-24,12.330002071313872,2.342622572225819,5.263332735498508,37.18798045077579
SDZ.S,2025-08-07,10.905089656444833,1.8372503868584906,5.935548978215983,29.16544571870867
KBX.DE,2021-06-29,-13.229578702977918,1.8875136563562396,-7.008997608270038,29.963350385741037
KBX.DE,2022-02-24,-10.882229400831633,1.8875136563562396,-5.765377836703597,29.963350385741037
KBX.DE,2022-03-04,-9.490156868782318,1.8875136563562396,-5.027861301466099,29.963350385741037
KBX.DE,2022-08-12,-12.488276351233374,1.8875136563562396,-6.6162574819942925,29.963350385741037
KBX.DE,2022-11-10,10.373499154592869,1.8875136563562396,5.495853828479548,29.963350385741037
KBX.DE,2025-03-05,10.005919296882038,1.8875136563562396,5.301110941998701,29.963350385741037
METSO.HE,2016-02-09,-19.731983372508388,2.85825153804242,-6.903515351914258,45.373336524768696
METSO.HE,2018-10-26,-46.43873865088168,2.85825153804242,-16.247253970756883,45.373336524768696
METSO.HE,2019-02-08,-21.218311541447576,2.85825153804242,-7.42352842604599,45.373336524768696
METSO.HE,2019-07-04,18.46969472888611,2.85825153804242,6.461885695873978,45.373336524768696
METSO.HE,2020-03-12,-16.683682907798293,2.85825153804242,-5.83702402876156,45.373336524768696
METSO.HE,2020-03-18,-14.827377070137949,2.85825153804242,-5.187568999015751,45.373336524768696
AIR.PA,2020-03-12,-19.16150752751884,2.229288319526007,-8.595347384941656,35.388854964761464
AIR.PA,2020-03-18,-25.5006680282198,2.229288319526007,-11.43892775324897,35.388854964761464
AIR.PA,2020-03-20,16.27252725849546,2.229288319526007,7.299426958804207,35.388854964761464
AIR.PA,2020-03-23,-14.103634763178441,2.229288319526007,-6.32651893415795,35.388854964761464
AIR.PA,2020-03-26,20.03057123056049,2.229288319526007,8.985186462924368,35.388854964761464
AIR.PA,2020-04-01,-13.002910396193457,2.229288319526007,-5.8327629864216695,35.388854964761464
AIR.PA,2020-05-18,11.85162304904921,2.229288319526007,5.316325818084002,35.388854964761464
AIR.PA,2020-06-05,12.490397435099965,2.229288319526007,5.602863176422009,35.388854964761464
AIR.PA,2020-06-11,-11.374145277803738,2.229288319526007,-5.10214187109818,35.388854964761464
AIR.PA,2020-11-09,17.14380024274913,2.229288319526007,7.690257062125665,35.388854964761464
AIR.PA,2021-11-26,-11.602302417072341,2.229288319526007,-5.204487151998012,35.388854964761464
MRCG.DE,2020-03-12,-10.524994881851324,1.654729752656199,-6.360552147537343,26.268020475286345
MRCG.DE,2022-03-09,10.560721210132762,1.654729752656199,6.382142578376028,26.268020475286345
MRCG.DE,2023-12-06,-14.391952672504527,1.654729752656199,-8.697464132377103,26.268020475286345
MRCG.DE,2025-10-01,9.432381028367764,1.654729752656199,5.700254687042856,26.268020475286345
CRDI.MI,2016-06-24,-30.043052179920295,2.678023970274859,-11.21836567311861,42.51231258250266
CRDI.MI,2016-12-13,14.908018635636555,2.678023970274859,5.566798057489556,42.51231258250266
CRDI.MI,2017-04-24,13.787318126109493,2.678023970274859,5.148317669723633,42.51231258250266
CRDI.MI,2020-03-12,-19.796619680003637,2.678023970274859,-7.392248874445962,42.51231258250266
CRDI.MI,2022-02-24,-16.102845421734635,2.678023970274859,-6.012957912427467,42.51231258250266
CRDI.MI,2022-03-04,-17.113083306450648,2.678023970274859,-6.3901904898536985,42.51231258250266
LEGD.PA,2016-06-24,-11.854982998812336,1.5920480876042424,-7.446372437563767,25.272979890340793
LEGD.PA,2020-03-12,-16.53854996066384,1.5920480876042424,-10.388222623068819,25.272979890340793
LEGD.PA,2020-03-24,15.97085324159706,1.5920480876042424,10.031639977427089,25.272979890340793
LEGD.PA,2025-02-13,8.825876636642693,1.5920480876042424,5.543724907156614,25.272979890340793
LEGD.PA,2025-07-17,8.387080247375156,1.5920480876042424,5.2681073597445565,25.272979890340793
LEGD.PA,2025-11-06,-12.648634277402326,1.5920480876042424,-7.944882052172393,25.272979890340793
G1AG.DE,2016-02-04,11.611645903960843,1.9421313215097509,5.978816043672228,30.83037894086418
G1AG.DE,2016-10-20,-22.611172713112815,1.9421313215097509,-11.642453042534534,30.83037894086418
G1AG.DE,2018-11-23,-11.091014084774864,1.9421313215097509,-5.710743636096175,30.83037894086418
G1AG.DE,2019-02-07,-19.97511474907725,1.9421313215097509,-10.285151435356717,30.83037894086418
G1AG.DE,2019-03-14,10.35723285656518,1.9421313215097509,5.33292097287932,30.83037894086418
G1AG.DE,2020-03-12,-15.674449064218177,1.9421313215097509,-8.070746241831557,30.83037894086418
G1AG.DE,2020-03-18,-19.07127625743419,1.9421313215097509,-9.819766586437002,30.83037894086418
G1AG.DE,2020-03-20,11.720166135264654,1.9421313215097509,6.034692919814388,30.83037894086418
G1AG.DE,2020-03-24,11.642802405750752,1.9421313215097509,5.994858471619731,30.83037894086418
WISEa.L,2022-06-28,-16.761942236549675,2.667784818967154,-6.28309379278916,42.34977109452336
WISEa.L,2022-07-19,14.344533365720036,2.667784818967154,5.3769454206856135,42.34977109452336
WISEa.L,2023-06-27,15.329658415164605,2.667784818967154,5.746212477923747,42.34977109452336
NHY.OL,2018-10-03,-12.61961741041404,2.4314834997124484,-5.190089676490283,38.59860394317678
NHY.OL,2020-02-07,-13.54402886090087,2.4314834997124484,-5.570273811236067,38.59860394317678
NHY.OL,2020-03-12,-13.289676872266876,2.4314834997124484,-5.465666073341043,38.59860394317678
SPSN.S,2020-03-12,-9.34550736200137,1.1159339028219282,-8.374606541094265,17.714901518715255
SPSN.S,2020-06-02,5.766613720773606,1.1159339028219282,5.1675226518266255,17.714901518715255
TPE.WA,2020-03-12,-16.49735358606861,2.699835905914989,-6.110502327169238,42.858566326403036
TPE.WA,2020-06-10,15.314923489430743,2.699835905914989,5.672538636840017,42.858566326403036
TPE.WA,2020-06-18,14.429000153461791,2.699835905914989,5.344398939894728,42.858566326403036
TPE.WA,2020-07-20,15.251725703015751,2.699835905914989,5.649130626643347,42.858566326403036
TPE.WA,2020-09-25,17.537698157742554,2.699835905914989,6.495838550528105,42.858566326403036
TPE.WA,2023-07-17,20.25603463584549,2.699835905914989,7.502691030764928,42.858566326403036
SHCS.L,2016-06-24,-27.25105315324823,2.1955234740176985,-12.41209828805891,34.85285465913247
SHCS.L,2016-06-27,-16.31095747830622,2.1955234740176985,-7.429188378686738,34.85285465913247
SHCS.L,2020-03-12,-11.001267555914463,2.1955234740176985,-5.010772003171841,34.85285465913247
SHCS.L,2020-03-18,-11.796508065790889,2.1955234740176985,-5.372981981469716,34.85285465913247
SHCS.L,2020-11-09,19.032419342309627,2.1955234740176985,8.66873871654911,34.85285465913247
SHCS.L,2020-11-10,13.198138389347475,2.1955234740176985,6.011385687986081,34.85285465913247
RUBF.PA,2016-11-10,-9.352107455789183,1.8446218416275029,-5.069932082956284,29.282463935426073
RUBF.PA,2018-09-13,-10.884923008906489,1.8446218416275029,-5.9008967384354305,29.282463935426073
RUBF.PA,2018-11-09,-12.59083943562298,1.8446218416275029,-6.825702239605994,29.282463935426073
RUBF.PA,2020-03-12,-13.316844330318922,1.8446218416275029,-7.219281497051732,29.282463935426073
RUBF.PA,2022-03-04,-10.860426466852102,1.8446218416275029,-5.887616757952941,29.282463935426073
RUBF.PA,2024-03-26,11.92312025925033,1.8446218416275029,6.4637206337807465,29.282463935426073
RUBF.PA,2024-06-14,-11.123983701707907,1.8446218416275029,-6.030495492720209,29.282463935426073
RUBF.PA,2024-09-06,-11.434747545301782,1.8446218416275029,-6.1989657106157585,29.282463935426073
RUBF.PA,2024-10-31,-10.247416578444746,1.8446218416275029,-5.555293961717101,29.282463935426073
NESN.S,2020-03-12,-6.897635674165059,1.093987645394381,-6.30503982673266,17.36651548254389
NESN.S,2020-03-23,-6.028431905192022,1.093987645394381,-5.510511869646188,17.36651548254389
NESN.S,2025-02-13,6.608122253312576,1.093987645394381,6.0403993419234245,17.36651548254389
NESN.S,2025-10-16,9.157652112825598,1.093987645394381,8.370891711052439,17.36651548254389
PNDORA.CO,2017-08-08,-14.578565244128239,2.6022246985288864,-5.6023468120834945,41.30903644690476
PNDORA.CO,2018-05-15,-17.748162722535987,2.6022246985288864,-6.820380550753185,41.30903644690476
PNDORA.CO,2018-08-07,-27.48508832530039,2.6022246985288864,-10.562150278889641,41.30903644690476
PNDORA.CO,2019-02-05,16.04947988006531,2.6022246985288864,6.167599550161271,41.30903644690476
PNDORA.CO,2019-08-21,15.761817231549946,2.6022246985288864,6.0570546580626035,41.30903644690476
PNDORA.CO,2019-10-23,14.858463582893933,2.6022246985288864,5.709907984231283,41.30903644690476
PNDORA.CO,2019-11-05,-19.766927648372736,2.6022246985288864,-7.596164796816953,41.30903644690476
PNDORA.CO,2020-03-12,-14.828150267473994,2.6022246985288864,-5.698258984267109,41.30903644690476
PNDORA.CO,2020-10-09,16.12787189875009,2.6022246985288864,6.197724550023542,41.30903644690476
PNDORA.CO,2025-08-15,-20.351282710026997,2.6022246985288864,-7.8207245982763025,41.30903644690476
IVG.MI,2023-02-10,14.079127884787512,2.7198727872728785,5.176392054315218,43.176641957136724
IVG.MI,2024-07-24,-15.809386390769875,2.7198727872728785,-5.812546257584861,43.176641957136724
IVG.MI,2025-02-07,19.673152751892786,2.7198727872728785,7.2331150353610365,43.176641957136724
GLEN.L,2016-01-21,14.06226866323738,2.6041803541208606,5.399882784994217,41.3400815169835
GLEN.L,2016-02-04,15.61991910102621,2.6041803541208606,5.998017409320064,41.3400815169835
GLEN.L,2016-02-17,14.727874202681768,2.6041803541208606,5.655473968758097,41.3400815169835
GLEN.L,2016-03-08,-19.572369027780766,2.6041803541208606,-7.515750204016941,41.3400815169835
GLEN.L,2016-06-24,-17.400543131284472,2.6041803541208606,-6.681773443129551,41.3400815169835
GLEN.L,2020-03-12,-20.77906961848714,2.6041803541208606,-7.979120795380511,41.3400815169835
GLEN.L,2020-03-24,14.402248840268332,2.6041803541208606,5.530434486796654,41.3400815169835
GBFG.DE,2019-08-14,-13.817880097766055,2.4146024401727955,-5.72263154707042,38.330625430721604
GBFG.DE,2020-03-12,-18.69108738214349,2.4146024401727955,-7.740855004191044,38.330625430721604
GBFG.DE,2020-03-16,-15.22173155800175,2.4146024401727955,-6.304032210334568,38.330625430721604
GBFG.DE,2020-04-01,-16.09824814929679,2.4146024401727955,-6.667038797552427,38.330625430721604
GBFG.DE,2020-05-18,12.637979679408318,2.4146024401727955,5.2339795028550995,38.330625430721604
GBFG.DE,2022-05-11,-13.661392800788663,2.4146024401727955,-5.657822825612243,38.330625430721604
GBFG.DE,2022-05-12,-15.346277097378458,2.4146024401727955,-6.355612353427522,38.330625430721604
GBFG.DE,2022-11-09,-15.68945370735908,2.4146024401727955,-6.49773786621217,38.330625430721604
GBFG.DE,2025-03-05,17.8271016006601,2.4146024401727955,7.383038012412654,38.330625430721604
CONG.DE,2016-06-24,-11.108278969545893,2.219549170446168,-5.004745611160727,35.234250766081644
CONG.DE,2018-08-22,-13.164418082909002,2.219549170446168,-5.931122526230281,35.234250766081644
CONG.DE,2020-03-05,-12.63926894463241,2.219549170446168,-5.694520812121362,35.234250766081644
CONG.DE,2020-03-12,-20.026792007682914,2.219549170446168,-9.022909820762015,35.234250766081644
CONG.DE,2020-03-24,13.274908527791407,2.219549170446168,5.980903106157778,35.234250766081644
CONG.DE,2024-09-10,-11.217820231636644,2.219549170446168,-5.05409854442723,35.234250766081644
CONG.DE,2025-03-04,-11.498732364515574,2.219549170446168,-5.180661243113676,35.234250766081644
BUCN.S,2017-10-26,8.304901023866407,1.6003248128491194,5.18950962778667,25.404368830348524
BUCN.S,2018-03-06,9.226959275309277,1.6003248128491194,5.765679067915074,25.404368830348524
BUCN.S,2018-09-12,-8.72446939069862,1.6003248128491194,-5.451686633019277,25.404368830348524
BUCN.S,2020-03-12,-8.572539435645421,1.6003248128491194,-5.356749684074074,25.404368830348524
BUCN.S,2022-01-27,-9.838445057984035,1.6003248128491194,-6.147780112506208,25.404368830348524
SOPR.PA,2016-03-01,11.658817306328917,2.2615936071372076,5.155133649801475,35.901685507071385
SOPR.PA,2016-05-03,12.393137849645708,2.2615936071372076,5.47982529245531,35.901685507071385
SOPR.PA,2016-06-24,-15.124440828074448,2.2615936071372076,-6.687514848089535,35.901685507071385
SOPR.PA,2018-10-19,-29.95807625509226,2.2615936071372076,-13.246445409356316,35.901685507071385
SOPR.PA,2018-12-17,-11.593492246504233,2.2615936071372076,-5.126249123590166,35.901685507071385
SOPR.PA,2019-02-22,16.123396150342728,2.2615936071372076,7.129219015945221,35.901685507071385
SOPR.PA,2019-07-26,15.907326755087503,2.2615936071372076,7.033680456509368,35.901685507071385
SOPR.PA,2020-02-21,11.63256256677192,2.2615936071372076,5.143524694295879,35.901685507071385
SOPR.PA,2020-03-12,-13.360805783192564,2.2615936071372076,-5.907695238007445,35.901685507071385
SOPR.PA,2020-07-29,11.694999371127679,2.2615936071372076,5.171132131882684,35.901685507071385
SOPR.PA,2020-10-28,-14.721394129817522,2.2615936071372076,-6.5093012658681415,35.901685507071385
SOPR.PA,2023-07-27,11.873355877247338,2.2615936071372076,5.249995330627496,35.901685507071385
SOPR.PA,2025-02-27,-11.880780352302889,2.2615936071372076,-5.253278181725112,35.901685507071385
SPMI.MI,2016-01-22,-23.809162989009813,3.8891846154466516,-6.121890664291713,61.73889177174129
SPMI.MI,2016-02-08,-30.059052317978985,3.8891846154466516,-7.728882861099888,61.73889177174129
SPMI.MI,2020-03-09,-23.14991927140091,3.8891846154466516,-5.952383741171996,61.73889177174129
SPMI.MI,2022-01-31,-35.764595681935106,3.8891846154466516,-9.19591102461145,61.73889177174129
SPMI.MI,2022-06-22,-24.55353500333719,3.8891846154466516,-6.313286056367203,61.73889177174129
SPMI.MI,2022-06-24,-24.304976593340044,3.8891846154466516,-6.249375896636049,61.73889177174129
SPMI.MI,2022-06-27,36.89088696547249,3.8891846154466516,9.485506761225263,61.73889177174129
SPMI.MI,2022-06-30,-25.73387947377205,3.8891846154466516,-6.616780127012986,61.73889177174129
SPMI.MI,2022-07-07,21.779319150639353,3.8891846154466516,5.599970509020981,61.73889177174129
SPMI.MI,2022-07-15,-35.006751640629716,3.8891846154466516,-9.001051660441526,61.73889177174129
ZALG.DE,2016-07-19,19.516928963564073,2.7279199644916825,7.154509376231218,43.30438693519885
ZALG.DE,2018-09-18,-13.932160370529978,2.7279199644916825,-5.1072467491274365,43.30438693519885
ZALG.DE,2019-02-28,21.579629796885236,2.7279199644916825,7.910653566739213,43.30438693519885
ZALG.DE,2022-11-11,15.176432841534782,2.7279199644916825,5.563371740769799,43.30438693519885
ZALG.DE,2024-03-13,17.5250166733238,2.7279199644916825,6.424314826476,43.30438693519885
HIAB.HE,2016-06-27,-13.298335313486609,2.4198361153173344,-5.495552045574244,38.4137074479737
HIAB.HE,2016-10-25,-15.129544552139551,2.4198361153173344,-6.252301325850524,38.4137074479737
HIAB.HE,2020-07-17,12.895997746023369,2.4198361153173344,5.329285592686595,38.4137074479737
HIAB.HE,2020-10-01,19.83493765609805,2.4198361153173344,8.19681032551947,38.4137074479737
HIAB.HE,2022-10-26,15.790133709062015,2.4198361153173344,6.52529053893855,38.4137074479737
HIAB.HE,2024-04-30,15.12694002798236,2.4198361153173344,6.251225003309215,38.4137074479737
HIAB.HE,2025-10-24,-14.17636691889017,2.4198361153173344,-5.858399595392062,38.4137074479737
SKAb.ST,2016-06-27,-11.323387393135054,1.880437395570418,-6.021677413887093,29.8510182282319
SKAb.ST,2018-10-19,-11.566146056562232,1.880437395570418,-6.150774327189829,29.8510182282319
SKAb.ST,2020-03-12,-15.725181932238552,1.880437395570418,-8.362512875611275,29.8510182282319
SKAb.ST,2020-04-07,10.62487591976371,1.880437395570418,5.650215181208267,29.8510182282319
SKAb.ST,2020-04-28,11.34544690881234,1.880437395570418,6.033408469507052,29.8510182282319
SKAb.ST,2020-11-09,9.942332159751599,1.880437395570418,5.287244437476027,29.8510182282319
SKAb.ST,2022-05-04,-10.54601737783365,1.880437395570418,-5.608278905044104,29.8510182282319
SKAb.ST,2022-10-26,9.794403301347021,1.880437395570418,5.208577177000863,29.8510182282319
SKAb.ST,2023-05-04,-11.59944317852104,1.880437395570418,-6.168481442586089,29.8510182282319
SKAb.ST,2023-11-01,-13.830560799579228,1.880437395570418,-7.354970089490175,29.8510182282319
AYV.PA,2020-03-12,-21.185140015192026,2.2895509441030124,-9.252967299005363,36.345494472658295
AYV.PA,2020-03-16,-13.975877485799293,2.2895509441030124,-6.104200267653221,36.345494472658295
AYV.PA,2020-03-17,12.20978581001635,2.2895509441030124,5.332829933950141,36.345494472658295
AYV.PA,2020-03-20,11.83533735442337,2.2895509441030124,5.169283253952732,36.345494472658295
AYV.PA,2020-04-27,11.958222724970845,2.2895509441030124,5.222955512639083,36.345494472658295
AYV.PA,2023-05-31,-14.0223495790468,2.2895509441030124,-6.124497738372185,36.345494472658295
AYV.PA,2023-09-18,-15.42728079332889,2.2895509441030124,-6.738125147668599,36.345494472658295
AYV.PA,2024-11-12,-11.825347795307085,2.2895509441030124,-5.164920145482919,36.345494472658295
ZURN.S,2016-01-20,-11.185529472059397,1.3262219145168703,-8.434131082907173,21.05312021457361
ZURN.S,2016-04-01,-9.65158527457426,1.3262219145168703,-7.277503990039432,21.05312021457361
ZURN.S,2016-06-24,-8.110117636344683,1.3262219145168703,-6.115204060173533,21.05312021457361
ZURN.S,2020-03-09,-8.886687767970969,1.3262219145168703,-6.700754730936792,21.05312021457361
ZURN.S,2020-03-12,-15.293597319197882,1.3262219145168703,-11.531703067030973,21.05312021457361
ZURN.S,2020-03-24,13.262558920203826,1.3262219145168703,10.000256197723324,21.05312021457361
ZURN.S,2020-03-25,6.637553977359634,1.3262219145168703,5.004859220545779,21.05312021457361
ZURN.S,2020-04-03,-10.512460537363655,1.3262219145168703,-7.926622552601418,21.05312021457361
MUVGn.DE,2016-06-24,-10.264091089832572,1.6394641036913655,-6.260637891810055,26.025685810708588
MUVGn.DE,2020-03-12,-20.3808490257277,1.6394641036913655,-12.431409129262924,26.025685810708588
MUVGn.DE,2020-03-19,9.624094684648998,1.6394641036913655,5.870268621911082,26.025685810708588
MUVGn.DE,2020-03-24,18.933560250464243,1.6394641036913655,11.548627510559115,26.025685810708588
MUVGn.DE,2020-04-30,-9.136754750254106,1.6394641036913655,-5.573012992283319,26.025685810708588
MUVGn.DE,2020-11-09,12.006274419397833,1.6394641036913655,7.323292039371211,26.025685810708588
MUVGn.DE,2022-03-09,9.721125620568749,1.6394641036913655,5.929453166239487,26.025685810708588
MUVGn.DE,2022-07-05,-8.215417587839635,1.6394641036913655,-5.0110384053801855,26.025685810708588
SRG.MI,2016-06-24,-10.025977409131315,1.4832765710890978,-6.759344551481541,23.546285595782226
SRG.MI,2020-03-09,-8.607139637133333,1.4832765710890978,-5.802788100949729,23.546285595782226
SRG.MI,2020-03-12,-22.146910435951163,1.4832765710890978,-14.9310727801018,23.546285595782226
SRG.MI,2020-03-13,8.310444792552474,1.4832765710890978,5.602761450246948,23.546285595782226
SRG.MI,2020-03-20,-9.637529662306331,1.4832765710890978,-6.497459644515226,23.546285595782226
SRG.MI,2020-04-01,-7.791405121496386,1.4832765710890978,-5.252833674690579,23.546285595782226
ABI.BR,2018-10-25,-10.720502687409184,1.7830985376367636,-6.012288418798011,28.30581176225893
ABI.BR,2019-10-25,-11.919033336594964,1.7830985376367636,-6.684450177605944,28.30581176225893
ABI.BR,2020-02-27,-10.80630601164616,1.7830985376367636,-6.060408767968785,28.30581176225893
ABI.BR,2020-03-09,-10.353888716780224,1.7830985376367636,-5.8066834211544975,28.30581176225893
ABI.BR,2020-03-12,-19.01215283335862,1.7830985376367636,-10.662424107282623,28.30581176225893
ABI.BR,2020-03-16,-11.395140501492484,1.7830985376367636,-6.390639810963603,28.30581176225893
ABI.BR,2020-03-18,-9.713630664152273,1.7830985376367636,-5.447612938444934,28.30581176225893
ABI.BR,2020-03-19,10.909207713270197,1.7830985376367636,6.118118254826656,28.30581176225893
ABI.BR,2020-03-20,12.57890086992881,1.7830985376367636,7.0545180787374235,28.30581176225893
ABI.BR,2020-03-27,-9.077806406244626,1.7830985376367636,-5.091029023149742,28.30581176225893
ABI.BR,2020-11-09,10.917709326557379,1.7830985376367636,6.12288614235936,28.30581176225893
ABI.BR,2021-10-28,9.626042280114877,1.7830985376367636,5.398491489355821,28.30581176225893
ABI.BR,2025-07-31,-12.992430287100731,1.7830985376367636,-7.286434267575755,28.30581176225893
LVMH.PA,2016-06-24,-9.635813581778585,1.8261166736984722,-5.276669185799049,28.98870350156785
LVMH.PA,2020-03-12,-9.927681840985247,1.8261166736984722,-5.436499202911556,28.98870350156785
LVMH.PA,2022-03-09,10.03888595853839,1.8261166736984722,5.497395704846408,28.98870350156785
LVMH.PA,2024-01-26,11.852765785707309,1.8261166736984722,6.490694683654389,28.98870350156785
LVMH.PA,2025-10-15,12.123331280792282,1.8261166736984722,6.6388590912094605,28.98870350156785
WDPP.BR,2020-03-12,-13.77853584942681,1.6722386276910786,-8.239575154684317,26.545965249759135
WDPP.BR,2020-03-16,-10.616237231829961,1.6722386276910786,-6.3485181217755935,26.545965249759135
WDPP.BR,2020-03-17,-9.681573145741984,1.6722386276910786,-5.789588271328052,26.545965249759135
WDPP.BR,2020-03-20,10.125564299029088,1.6722386276910786,6.055095326323031,26.545965249759135
WDPP.BR,2020-03-24,9.843434903073911,1.6722386276910786,5.886381728106056,26.545965249759135
WDPP.BR,2020-03-26,12.301400662050321,1.6722386276910786,7.356247163740811,26.545965249759135
WDPP.BR,2020-03-31,10.478597273103052,1.6722386276910786,6.26620931940272,26.545965249759135
WDPP.BR,2022-05-13,8.999174498833451,1.6722386276910786,5.381513349717883,26.545965249759135
PSHG_p.DE,2016-06-24,-11.064483948075887,2.110199645351254,-5.243335137720652,33.49838086977668
PSHG_p.DE,2020-03-12,-19.648842829124156,2.110199645351254,-9.311366757363617,33.49838086977668
PSHG_p.DE,2020-03-18,-16.6044226211286,2.110199645351254,-7.8686500861224,33.49838086977668
PSHG_p.DE,2020-03-24,15.918027038572413,2.110199645351254,7.543374899924587,33.49838086977668
PSHG_p.DE,2020-04-06,12.906053175011456,2.110199645351254,6.116034188254816,33.49838086977668
PSHG_p.DE,2022-02-22,10.745159101281487,2.110199645351254,5.092010665887918,33.49838086977668
PSHG_p.DE,2022-03-09,12.309295868236791,2.110199645351254,5.833237577948624,33.49838086977668
COLOb.CO,2017-11-02,-12.277019151165991,1.6043455035973393,-7.652353638064793,25.468195317259447
COLOb.CO,2021-02-02,8.131189269123773,1.6043455035973393,5.068228290534449,25.468195317259447
COLOb.CO,2024-02-09,9.424399820501339,1.6043455035973393,5.874295654751115,25.468195317259447
AGES.BR,2016-06-24,-9.988156797304448,1.7254059048413533,-5.788873661135891,27.38996960911558
AGES.BR,2020-03-12,-18.034999486317105,1.7254059048413533,-10.452612591455908,27.38996960911558
AGES.BR,2020-03-16,-12.697449158766183,1.7254059048413533,-7.359108441172097,27.38996960911558
AGES.BR,2020-03-24,12.535905240133216,1.7254059048413533,7.265481823702151,27.38996960911558
AGES.BR,2020-04-01,-13.600019687691933,1.7254059048413533,-7.882214642671239,27.38996960911558
AGES.BR,2020-04-02,11.760848744606545,1.7254059048413533,6.816279410894867,27.38996960911558
AGES.BR,2022-06-01,-8.785348457165654,1.7254059048413533,-5.091757500374061,27.38996960911558
HOLMb.ST,2018-01-30,-9.245121535897338,1.6763628485082276,-5.514988323753682,26.61143522556369
HOLMb.ST,2018-04-26,-8.787409387133494,1.6763628485082276,-5.241949494975559,26.61143522556369
HOLMb.ST,2020-03-12,-12.912438601712761,1.6763628485082276,-7.702651375985434,26.61143522556369
JD.L,2016-06-24,-25.702855306780048,2.767704311128006,-9.286705665571835,43.935943858836254
JD.L,2020-03-16,-22.1712340906441,2.767704311128006,-8.010694640139496,43.935943858836254
JD.L,2020-03-17,-21.264164979242832,2.767704311128006,-7.682961251946891,43.935943858836254
JD.L,2020-03-18,-17.414857511171256,2.767704311128006,-6.29216692012654,43.935943858836254
JD.L,2020-03-20,18.414994295841364,2.767704311128006,6.6535266147474195,43.935943858836254
JD.L,2020-03-24,18.699822298340095,2.767704311128006,6.756437898063898,43.935943858836254
JD.L,2020-03-25,18.866004622411097,2.767704311128006,6.816481278927539,43.935943858836254
JD.L,2024-01-04,-25.60051491465021,2.767704311128006,-9.249729030561236,43.935943858836254
JD.L,2024-03-28,14.794177477048587,2.767704311128006,5.34528830177638,43.935943858836254
JD.L,2024-11-21,-17.05859620324588,2.767704311128006,-6.163446049731184,43.935943858836254
CAMX.ST,2018-01-22,-21.576166454028556,2.767613645897414,-7.795945971726254,43.93450459292001
CAMX.ST,2018-12-27,-41.5753372847945,2.767613645897414,-15.022088558648317,43.93450459292001
CAMX.ST,2020-04-02,29.48425049728829,2.767613645897414,10.653311578006711,43.93450459292001
CAMX.ST,2020-06-23,15.180326889618634,2.767613645897414,5.48498773017732,43.93450459292001
CAMX.ST,2021-07-15,-14.16860268732929,2.767613645897414,-5.119429407472459,43.93450459292001
CAMX.ST,2021-12-16,-16.059078272699125,2.767613645897414,-5.802500033378712,43.93450459292001
CAMX.ST,2024-02-15,-18.822801221335126,2.767613645897414,-6.801094238437941,43.93450459292001
CAMX.ST,2025-05-15,-13.977252563381182,2.767613645897414,-5.050290377090904,43.93450459292001
CAMX.ST,2025-06-04,21.214687993317494,2.767613645897414,7.665335811869982,43.93450459292001
CAMX.ST,2025-11-10,14.23808432599376,2.767613645897414,5.14453465970572,43.93450459292001
GMAB.CO,2016-02-08,-13.16292116561204,2.160657570663441,-6.092090363754539,34.2993756020666
GMAB.CO,2018-02-22,16.061055760768017,2.160657570663441,7.433411003593868,34.2993756020666
GMAB.CO,2018-05-28,-22.648721436299102,2.160657570663441,-10.482328039303653,34.2993756020666
GMAB.CO,2020-03-12,-14.519164285287989,2.160657570663441,-6.719789605916038,34.2993756020666
GMAB.CO,2025-01-28,-10.941660949367016,2.160657570663441,-5.064042122143086,34.2993756020666
SPIE.PA,2016-06-24,-10.346778770675868,1.9879873649138107,-5.204650166941304,31.558321062603333
SPIE.PA,2020-03-12,-13.986114779271208,1.9879873649138107,-7.035313717840243,31.558321062603333
SPIE.PA,2020-03-16,-22.95312552024211,1.9879873649138107,-11.545911168925988,31.558321062603333
SPIE.PA,2020-03-24,11.56748401352723,1.9879873649138107,5.8186909120666055,31.558321062603333
SPIE.PA,2020-04-06,12.396515699612198,1.9879873649138107,6.235711513261881,31.558321062603333
SPIE.PA,2020-04-29,14.24429728720984,1.9879873649138107,7.165185020090609,31.558321062603333
SPIE.PA,2020-07-29,11.427699537122837,1.9879873649138107,5.748376342230065,31.558321062603333
SPIE.PA,2024-06-14,-10.443482043026053,1.9879873649138107,-5.253293973263673,31.558321062603333
SPIE.PA,2025-03-05,10.000700820628472,1.9879873649138107,5.030565584636929,31.558321062603333
SPIE.PA,2025-03-06,11.240102203696534,1.9879873649138107,5.6540108866254535,31.558321062603333
GTT.PA,2016-02-01,-27.192440693765008,2.1365642337529858,-12.727181455246997,33.91690573575404
GTT.PA,2016-07-22,-12.432624878928022,2.1365642337529858,-5.818980156327654,33.91690573575404
GTT.PA,2018-04-13,-13.278272652140899,2.1365642337529858,-6.214778120111524,33.91690573575404
GTT.PA,2018-07-27,12.287331940200108,2.1365642337529858,5.750977080907497,33.91690573575404
GTT.PA,2020-03-12,-11.600927809772088,2.1365642337529858,-5.42971169623787,33.91690573575404
GTT.PA,2021-02-19,-11.161616135897834,2.1365642337529858,-5.224095751285642,33.91690573575404
GTT.PA,2025-02-21,14.982516989662109,2.1365642337529858,7.012434614869754,33.91690573575404
ANDR.VI,2016-06-24,-9.319779770448333,1.8328857065618813,-5.084757733165116,29.096158567005876
ANDR.VI,2019-05-02,-11.720433449490475,1.8328857065618813,-6.394524987308462,29.096158567005876
ANDR.VI,2020-03-12,-11.479439658613488,1.8328857065618813,-6.263041725687615,29.096158567005876
ANDR.VI,2020-04-15,-9.214326625177005,1.8328857065618813,-5.027223788253114,29.096158567005876
ANDR.VI,2020-04-17,10.107314848800364,1.8328857065618813,5.5144272294859125,29.096158567005876
ANDR.VI,2022-11-04,11.341891497876322,1.8328857065618813,6.187997133302649,29.096158567005876
ANDR.VI,2024-10-31,-9.266244836491921,1.8328857065618813,-5.055549728669935,29.096158567005876
ANDR.VI,2025-04-30,9.824867217010969,1.8328857065618813,5.3603272598161125,29.096158567005876
ANDR.VI,2025-07-31,-9.229374012678626,1.8328857065618813,-5.035433458636678,29.096158567005876
VIE.PA,2016-06-24,-9.631936108800376,1.6942214152065136,-5.685169613811257,26.894931183098038
VIE.PA,2020-03-12,-18.377901210505332,1.6942214152065136,-10.847402261330286,26.894931183098038
VIE.PA,2021-04-12,9.354815229701918,1.6942214152065136,5.521601336010519,26.894931183098038
VIE.PA,2022-03-04,-10.011516335898696,1.6942214152065136,-5.909213663598015,26.894931183098038
VIE.PA,2022-03-09,12.489681406555198,1.6942214152065136,7.371929840134144,26.894931183098038
VIE.PA,2025-04-07,-9.29208464149025,1.6942214152065136,-5.484575131732479,26.894931183098038
CFR.S,2020-03-12,-14.955971637357512,1.9494908915251845,-7.671731990323231,30.94720849296741
CFR.S,2020-11-09,10.153147668347895,1.9494908915251845,5.208102131938959,30.94720849296741
CFR.S,2021-11-12,10.160708037364596,1.9494908915251845,5.211980256760967,30.94720849296741
CFR.S,2022-03-09,11.938812107165475,1.9494908915251845,6.1240666263514285,30.94720849296741
CFR.S,2022-05-20,-13.701027901956309,1.9494908915251845,-7.028003034801208,30.94720849296741
CFR.S,2022-11-11,13.3381891467784,1.9494908915251845,6.841883285919467,30.94720849296741
CFR.S,2023-07-17,-10.95989121723333,1.9494908915251845,-5.621924813743991,30.94720849296741
CFR.S,2025-01-16,15.072734060539439,1.9494908915251845,7.731625793207622,30.94720849296741
SPX.L,2016-06-24,-10.30451850721601,1.7263274338118977,-5.969040580246493,27.404598428007592
SPX.L,2020-03-24,10.926254818773096,1.7263274338118977,6.3291902826608455,27.404598428007592
SPX.L,2025-08-12,12.447066614673563,1.7263274338118977,7.210142392969588,27.404598428007592
EXPN.L,2020-03-12,-13.639558982087108,1.6561463270097827,-8.235720938205805,26.290507896005632
EXPN.L,2020-03-23,-9.269139204676646,1.6561463270097827,-5.596811739100572,26.290507896005632
EXPN.L,2020-03-24,13.119229241439356,1.6561463270097827,7.921539919196923,26.290507896005632
EXPN.L,2020-03-25,8.717887983658068,1.6561463270097827,5.2639599783422835,26.290507896005632
EXPN.L,2020-03-26,9.335183215852938,1.6561463270097827,5.636689864661817,26.290507896005632
EXPN.L,2023-10-24,-10.361818925415411,1.6561463270097827,-6.256584189709829,26.290507896005632
EXPN.L,2023-11-15,8.645656688428538,1.6561463270097827,5.220345900255388,26.290507896005632
EXPN.L,2024-05-15,8.311902803324989,1.6561463270097827,5.018821506148164,26.290507896005632
EXPN.L,2025-04-04,-8.810108909838332,1.6561463270097827,-5.319644023088964,26.290507896005632
ISS.CO,2019-11-06,-22.583125667575786,2.059659248781751,-10.964496035416186,32.69607694686377
ISS.CO,2020-02-26,-16.432089339542124,2.059659248781751,-7.9780620747152176,32.69607694686377
ISS.CO,2020-03-12,-11.134549969284047,2.059659248781751,-5.406015570716331,32.69607694686377
ISS.CO,2020-03-18,-16.07647513844981,2.059659248781751,-7.805405262039697,32.69607694686377
ISS.CO,2020-05-18,13.51181886570112,2.059659248781751,6.560220518851894,32.69607694686377
ISS.CO,2020-11-09,11.437451159106793,2.059659248781751,5.553079309537161,32.69607694686377
ISS.CO,2022-05-03,13.060648521770624,2.059659248781751,6.341169554864839,32.69607694686377
ISS.CO,2023-08-10,-11.004323613027633,2.059659248781751,-5.342788434318192,32.69607694686377
ISS.CO,2025-02-20,12.076305959954414,2.059659248781751,5.863254306311744,32.69607694686377
ELIS.PA,2018-07-26,12.161204526489833,2.25011605992707,5.404701003238027,35.71948509359723
ELIS.PA,2020-03-12,-18.854598089333095,2.25011605992707,-8.37938914579553,35.71948509359723
ELIS.PA,2020-03-16,-17.825903238259766,2.25011605992707,-7.922215016250109,35.71948509359723
ELIS.PA,2020-03-17,-20.74316541805974,2.25011605992707,-9.218709109045717,35.71948509359723
ELIS.PA,2020-03-18,-12.828468120676927,2.25011605992707,-5.701247304146933,35.71948509359723
ELIS.PA,2020-03-19,18.73844152857316,2.25011605992707,8.327766670480322,35.71948509359723
ELIS.PA,2020-03-20,15.01231966936789,2.25011605992707,6.67179792932746,35.71948509359723
ELIS.PA,2020-04-29,11.966206630475495,2.25011605992707,5.318039741853733,35.71948509359723
ELIS.PA,2020-11-09,20.980592317345792,2.25011605992707,9.32422673256499,35.71948509359723
ELIS.PA,2024-09-06,-16.97507776890714,2.25011605992707,-7.544089867727681,35.71948509359723
ESLX.PA,2017-01-16,10.569651020382231,1.606821488386444,6.577987098614284,25.50750035727115
ESLX.PA,2020-03-12,-8.289055551709446,1.606821488386444,-5.158666106733015,25.50750035727115
ESLX.PA,2020-03-23,-10.263141640590412,1.606821488386444,-6.387232007269562,25.50750035727115
ESLX.PA,2020-03-24,10.386196411594018,1.606821488386444,6.463814734033551,25.50750035727115
ESLX.PA,2022-03-09,9.291292593405753,1.606821488386444,5.782404990573027,25.50750035727115
ESLX.PA,2025-10-17,12.477332769726335,1.606821488386444,7.76522647967321,25.50750035727115
SCYR.MC,2016-02-04,13.03240899279379,2.234755524018679,5.831693378861455,35.475644145487536
SCYR.MC,2016-06-10,-12.37927750713897,2.234755524018679,-5.53943255720329,35.475644145487536
SCYR.MC,2016-06-17,13.233809004063989,2.234755524018679,5.921815098712058,35.475644145487536
SCYR.MC,2016-06-24,-15.288427002213128,2.234755524018679,-6.841207835889141,35.475644145487536
SCYR.MC,2018-12-13,-16.31680089163707,2.234755524018679,-7.301380717607608,35.475644145487536
SCYR.MC,2020-03-12,-23.88768500122753,2.234755524018679,-10.689171475129049,35.475644145487536
SCYR.MC,2020-03-16,-18.276608048008498,2.234755524018679,-8.178347855761128,35.475644145487536
SCYR.MC,2020-09-28,-22.030235955819734,2.234755524018679,-9.858007159639355,35.475644145487536
CRDA.L,2016-06-24,-10.087818021922912,1.6485005748739814,-6.119390054015644,26.169135343581406
CRDA.L,2023-06-09,-12.526471327892441,1.6485005748739814,-7.598706071940569,26.169135343581406
CRDA.L,2023-12-14,8.869482516626537,1.6485005748739814,5.380333286996008,26.169135343581406
CRDA.L,2025-07-29,-11.67154957243497,1.6485005748739814,-7.080100395674532,26.169135343581406
CRDA.L,2025-10-16,8.760583329336091,1.6485005748739814,5.314273748436993,26.169135343581406
KGX.DE,2017-10-19,-13.222060826977966,2.5921120557539012,-5.100883195858755,41.148503219623294
KGX.DE,2020-03-12,-14.81603797246036,2.5921120557539012,-5.7158169298939505,41.148503219623294
KGX.DE,2022-03-24,-14.03147703298897,2.5921120557539012,-5.413144467208611,41.148503219623294
KGX.DE,2022-09-14,-37.008975802229216,2.5921120557539012,-14.277537006966067,41.148503219623294
KGX.DE,2025-03-05,19.67464014799316,2.5921120557539012,7.590196613730459,41.148503219623294
HEIG.DE,2020-03-12,-16.213614673160805,1.948574603830523,-8.320756434620442,30.932662876750626
HEIG.DE,2020-03-16,-11.95376977621172,1.948574603830523,-6.134622586537312,30.932662876750626
HEIG.DE,2020-03-24,11.149049370817599,1.948574603830523,5.721643579312135,30.932662876750626
HEIG.DE,2025-03-05,17.437720818214153,1.948574603830523,8.948962376875357,30.932662876750626
FMEG.DE,2018-10-17,-18.519436300654135,1.8436420047733504,-10.045028401775234,29.266909507577054
FMEG.DE,2018-11-07,9.675869765138234,1.8436420047733504,5.248236772695871,29.266909507577054
FMEG.DE,2021-02-02,-11.212401135169614,1.8436420047733504,-6.081658535735098,29.266909507577054
FMEG.DE,2022-07-28,-15.85218351272375,1.8436420047733504,-8.598298081558708,29.266909507577054
FMEG.DE,2022-10-28,-10.160758061379127,1.8436420047733504,-5.511242440274216,29.266909507577054
FMEG.DE,2023-10-11,-18.96693232042481,1.8436420047733504,-10.2877523246475,29.266909507577054
FMEG.DE,2024-03-05,10.926128558601889,1.8436420047733504,5.92638295846655,29.266909507577054
FMEG.DE,2025-11-04,-10.573321838699101,1.8436420047733504,-5.735018952336651,29.266909507577054
CDR.WA,2020-03-12,-16.78703431425852,2.765976568659183,-6.069116602240811,43.90851679742383
CDR.WA,2021-01-28,14.396359720455276,2.765976568659183,5.20480176281246,43.90851679742383
CDR.WA,2021-01-29,-17.153714381759055,2.765976568659183,-6.201684633241264,43.90851679742383
KYGa.I,2020-03-12,-10.248878892737245,1.4553869079004524,-7.042030429916622,23.103550918103178
KYGa.I,2020-03-19,7.595622199744412,1.4553869079004524,5.218971091819075,23.103550918103178
INGP.WA,2016-06-24,-11.107932422793532,2.1935434138453074,-5.063921850227342,34.82142217834993
INGP.WA,2022-02-24,-15.573428406645107,2.1935434138453074,-7.099667281872804,34.82142217834993
INGP.WA,2022-07-29,14.284308761550957,2.1935434138453074,6.511979052427503,34.82142217834993
INGP.WA,2024-02-01,11.99386408713874,2.1935434138453074,5.467803377601427,34.82142217834993
INGP.WA,2024-04-16,-16.170768105580713,2.1935434138453074,-7.371984526731188,34.82142217834993
AXFO.ST,2018-02-06,-7.865347960935409,1.5126973222723308,-5.1995517180663136,24.013325541875492
AXFO.ST,2018-04-24,8.019094924296954,1.5126973222723308,5.301189343186579,24.013325541875492
AXFO.ST,2019-07-15,9.783577806508426,1.5126973222723308,6.467637419898261,24.013325541875492
AXFO.ST,2020-03-12,-10.140530841739759,1.5126973222723308,-6.703608641619688,24.013325541875492
AXFO.ST,2020-03-17,11.50544235131834,1.5126973222723308,7.60591175902605,24.013325541875492
AXFO.ST,2020-03-19,-7.9731900015191925,1.5126973222723308,-5.270842940041762,24.013325541875492
AXFO.ST,2022-04-21,-8.023161124916056,1.5126973222723308,-5.303877389604876,24.013325541875492
AXFO.ST,2022-09-22,-11.599101287802327,1.5126973222723308,-7.667826945299597,24.013325541875492
AXFO.ST,2023-07-14,8.276073216052682,1.5126973222723308,5.471070183174913,24.013325541875492
AXFO.ST,2024-07-12,-9.85718349440452,1.5126973222723308,-6.516295989469552,24.013325541875492
AXFO.ST,2024-10-24,-11.97095441134488,1.5126973222723308,-7.913648180035418,24.013325541875492
TBCG.L,2020-03-17,-18.242035559165792,2.4709894289257424,-7.382482233886561,39.225741127242166
TBCG.L,2020-03-19,-25.13860854695875,2.4709894289257424,-10.173499025403647,39.225741127242166
TBCG.L,2020-03-23,-14.520572801470276,2.4709894289257424,-5.876420445790036,39.225741127242166
TBCG.L,2020-03-24,21.418347659019087,2.4709894289257424,8.667923629414583,39.225741127242166
TBCG.L,2020-11-11,12.616307617197764,2.4709894289257424,5.105771586680837,39.225741127242166
TBCG.L,2022-02-24,-12.852750671996782,2.4709894289257424,-5.201459189400292,39.225741127242166
TBCG.L,2022-03-04,-15.927279411266548,2.4709894289257424,-6.44570924700026,39.225741127242166
TBCG.L,2024-05-15,-14.860127676426016,2.4709894289257424,-6.013837008961397,39.225741127242166
TSCO.L,2016-04-13,-8.409732407114179,1.6301245749930422,-5.158950755128683,25.877425388918702
TSCO.L,2016-06-24,-11.492679430830687,1.6301245749930422,-7.050184757124922,25.877425388918702
TSCO.L,2016-06-27,-9.322745114707665,1.6301245749930422,-5.719038445112366,25.877425388918702
TSCO.L,2016-07-06,-9.44263492508679,1.6301245749930422,-5.792584855134212,25.877425388918702
TSCO.L,2016-10-05,9.050936419468304,1.6301245749930422,5.552297387766782,25.877425388918702
TSCO.L,2017-01-27,8.669899616205413,1.6301245749930422,5.3185503422291625,25.877425388918702
TSCO.L,2018-10-03,-8.770889249930146,1.6301245749930422,-5.380502437960966,25.877425388918702
TSCO.L,2019-10-11,9.39151420580082,1.6301245749930422,5.761224847396038,25.877425388918702
TSCO.L,2020-03-12,-11.345412816397749,1.6301245749930422,-6.959844045321612,25.877425388918702
TSCO.L,2025-03-14,-9.035120291049047,1.6301245749930422,-5.542594983016934,25.877425388918702
HEXAb.ST,2016-10-31,-10.19457476595964,1.98363627240003,-5.1393367361774835,31.48924961026594
HEXAb.ST,2017-06-14,10.101200082330418,1.98363627240003,5.092264253722701,31.48924961026594
HEXAb.ST,2019-07-05,-12.160425131829754,1.98363627240003,-6.130370421749085,31.48924961026594
HEXAb.ST,2020-03-12,-15.01898059719693,1.98363627240003,-7.571438779461947,31.48924961026594
HEXAb.ST,2020-03-24,10.836408085982562,1.98363627240003,5.46290075290438,31.48924961026594
HEXAb.ST,2023-07-26,-11.332736944332034,1.98363627240003,-5.713112379529334,31.48924961026594
KESKOB.HE,2016-04-05,-9.11394026026251,1.6470043494874174,-5.5336467466518595,26.145383501912505
KESKOB.HE,2018-07-25,-10.076809440026757,1.6470043494874174,-6.1182652269029365,26.145383501912505
KESKOB.HE,2020-03-12,-9.19567019865588,1.6470043494874174,-5.58327013618256,26.145383501912505
KESKOB.HE,2020-03-19,-17.882407049820692,1.6470043494874174,-10.857534805773936,26.145383501912505
KESKOB.HE,2020-03-20,-8.902954112243311,1.6470043494874174,-5.405543777109089,26.145383501912505
KESKOB.HE,2020-03-24,9.105256594696343,1.6470043494874174,5.528374346752692,26.145383501912505
KESKOB.HE,2023-04-28,-10.346628814476766,1.6470043494874174,-6.282089551066976,26.145383501912505
KESKOB.HE,2024-10-30,10.294300045240723,1.6470043494874174,6.250317461787231,26.145383501912505
MRON.L,2016-07-06,36.67191015339786,2.8213205456637063,12.998136709336908,44.787075195739305
MRON.L,2020-03-12,-19.531335762641856,2.8213205456637063,-6.922763807416705,44.787075195739305
MRON.L,2020-03-23,-14.484651584119979,2.8213205456637063,-5.1339971299548,44.787075195739305
MRON.L,2020-03-24,18.371626941388598,2.8213205456637063,6.511712031312888,44.787075195739305
MRON.L,2020-03-30,-17.90723056050775,2.8213205456637063,-6.347109543447901,44.787075195739305
MRON.L,2020-04-01,-15.9395283388317,2.8213205456637063,-5.649669394472147,44.787075195739305
MRON.L,2020-04-06,16.56666402911654,2.8213205456637063,5.871953846073626,44.787075195739305
MRON.L,2020-05-26,14.15239003414397,2.8213205456637063,5.016229033562248,44.787075195739305
MRON.L,2020-06-05,15.043338454299281,2.8213205456637063,5.332020311346929,44.787075195739305
MRON.L,2020-07-22,-15.36608841295861,2.8213205456637063,-5.446417081737088,44.787075195739305
MRON.L,2020-11-09,14.619051875059386,2.8213205456637063,5.1816345000317225,44.787075195739305
MRON.L,2023-04-20,19.652832602133707,2.8213205456637063,6.965827627186703,44.787075195739305
MRON.L,2025-03-06,-19.45806431300181,2.8213205456637063,-6.896793185343059,44.787075195739305
PHP.L,2016-06-24,-10.763744857625241,1.438353315726796,-7.483380293239251,22.833151025149633
PHP.L,2020-03-12,-11.284633625604245,1.438353315726796,-7.845522725341062,22.833151025149633
PHP.L,2020-03-18,-7.480018296247993,1.438353315726796,-5.20040397200208,22.833151025149633
PHP.L,2020-03-20,10.481050143491528,1.438353315726796,7.286839769403584,22.833151025149633
PHP.L,2020-03-24,9.136167657389876,1.438353315726796,6.351824379654171,22.833151025149633
PHP.L,2023-11-02,7.3067853584300275,1.438353315726796,5.079965595753452,22.833151025149633
PHP.L,2023-11-14,7.57154828827393,1.438353315726796,5.264039235344653,22.833151025149633
BNPP.PA,2016-06-24,-21.99376804059865,2.096661445194383,-10.489899592997759,33.283468604889705
BNPP.PA,2020-03-09,-12.050120696838729,2.096661445194383,-5.747289684969409,33.283468604889705
BNPP.PA,2020-03-12,-14.854214588635939,2.096661445194383,-7.08469868737382,33.283468604889705
BNPP.PA,2020-03-16,-14.049698089712992,2.096661445194383,-6.700985570138357,33.283468604889705
BNPP.PA,2020-03-18,-10.518788350481412,2.096661445194383,-5.0169226770448905,33.283468604889705
BNPP.PA,2020-11-09,16.644384400465917,2.096661445194383,7.9385178940621985,33.283468604889705
BNPP.PA,2023-03-15,-12.421785020964471,2.096661445194383,-5.924554509949908,33.283468604889705
DNB.OL,2016-06-24,-10.24663969465518,1.8863047406339941,-5.432123173910513,29.944159443598455
DNB.OL,2018-04-25,-9.632961230999637,1.8863047406339941,-5.106789493495077,29.944159443598455
DNB.OL,2020-03-09,-16.050005034934944,1.8863047406339941,-8.508702061333143,29.944159443598455
DNB.OL,2020-03-12,-15.916247909800951,1.8863047406339941,-8.437792455768012,29.944159443598455
DNB.OL,2020-03-16,-10.721663570187978,1.8863047406339941,-5.683950922258927,29.944159443598455
DNB.OL,2020-07-13,10.402163077286986,1.8863047406339941,5.51457187866197,29.944159443598455
DNB.OL,2020-11-09,11.18862766148534,1.8863047406339941,5.9315058804998815,29.944159443598455
DNB.OL,2022-02-24,-9.443094797409213,1.8863047406339941,-5.0061342655775505,29.944159443598455
DNB.OL,2025-07-11,-9.691495739132527,1.8863047406339941,-5.137820804010268,29.944159443598455
HOCM.L,2017-08-16,-20.1753822496465,3.5959601773333425,-5.610568875823304,57.08409812229449
HOCM.L,2020-03-12,-18.397786169037744,3.5959601773333425,-5.116237461417327,57.08409812229449
HOCM.L,2020-03-16,-18.116900319727208,3.5959601773333425,-5.03812595977138,57.08409812229449
HOCM.L,2020-03-24,18.06614553087146,3.5959601773333425,5.024011568523202,57.08409812229449
HOCM.L,2021-11-22,-31.70094731998659,3.5959601773333425,-8.815711453038134,57.08409812229449
HOCM.L,2025-06-10,-26.324534055941882,3.5959601773333425,-7.320585534254548,57.08409812229449
ELISA.HE,2018-07-13,-9.805300712424003,1.3720091546351005,-7.146672949884085,21.779970118010628
ELISA.HE,2018-10-18,-7.986949392124387,1.3720091546351005,-5.821352842393093,21.779970118010628
ELISA.HE,2019-10-17,7.444350623632978,1.3720091546351005,5.425875329245072,21.779970118010628
ELISA.HE,2020-03-12,-9.632296419333963,1.3720091546351005,-7.020577367718635,21.779970118010628
ELISA.HE,2020-03-17,13.606963488138968,1.3720091546351005,9.917545697250013,21.779970118010628
ELISA.HE,2020-04-03,-9.099271705437317,1.3720091546351005,-6.632077981912125,21.779970118010628
ELISA.HE,2023-10-19,-7.077618925573015,1.3720091546351005,-5.158579956746264,21.779970118010628
ELISA.HE,2025-10-23,-9.179312216090718,1.3720091546351005,-6.690416157268315,21.779970118010628
IDR.MC,2016-03-01,14.389565234912993,2.1563054735200438,6.673249876522765,34.230288201728456
IDR.MC,2016-06-24,-12.2001323675331,2.1563054735200438,-5.657886842728777,34.230288201728456
IDR.MC,2016-11-15,-13.0011195861099,2.1563054735200438,-6.029349619414695,34.230288201728456
IDR.MC,2020-03-12,-14.245970811870201,2.1563054735200438,-6.606657074711442,34.230288201728456
IDR.MC,2020-03-19,12.85075295091258,2.1563054735200438,5.959616162330874,34.230288201728456
IDR.MC,2020-04-07,12.391038396749643,2.1563054735200438,5.746420694523393,34.230288201728456
IDR.MC,2021-07-28,12.113687389031513,2.1563054735200438,5.617797449290253,34.230288201728456
IDR.MC,2021-12-15,-12.639618242681117,2.1563054735200438,-5.861701135529593,34.230288201728456
IDR.MC,2022-06-24,-15.672472966672446,2.1563054735200438,-7.268206271854443,34.230288201728456
DANO.PA,2016-06-24,-7.769533382977745,1.291707963966148,-6.0149303091092206,20.505228235056055
DANO.PA,2019-10-18,-8.521355377018569,1.291707963966148,-6.596967437480234,20.505228235056055
DANO.PA,2020-03-12,-9.743113566045825,1.291707963966148,-7.542814504394558,20.505228235056055
DANO.PA,2021-07-29,6.812344494140632,1.291707963966148,5.273904538935834,20.505228235056055
DANO.PA,2022-03-09,8.271124023878684,1.291707963966148,6.4032461319526615,20.505228235056055
DANO.PA,2025-07-30,7.044114447030925,1.291707963966148,5.4533336044489475,20.505228235056055
AV.L,2016-06-24,-25.215797938256102,1.8871829272564742,-13.361607703241582,29.958100224045168
AV.L,2016-06-27,-11.783417282807873,1.8871829272564742,-6.243918971828675,29.958100224045168
AV.L,2020-03-09,-9.9600275470491,1.8871829272564742,-5.277722367660812,29.958100224045168
AV.L,2020-03-12,-15.308221260180899,1.8871829272564742,-8.111678544292205,29.958100224045168
AV.L,2020-03-23,-10.719294674684576,1.8871829272564742,-5.68005068288104,29.958100224045168
AV.L,2020-03-24,15.450130916631732,1.8871829272564742,8.186875100175179,29.958100224045168
AV.L,2020-04-01,-10.574657865433634,1.8871829272564742,-5.603409035077872,29.958100224045168
AV.L,2020-11-09,9.619732635322432,1.8871829272564742,5.097403381720547,29.958100224045168
AV.L,2022-08-10,11.594663306697072,1.8871829272564742,6.14390006354764,29.958100224045168
SGOB.PA,2016-06-24,-14.561783943661677,1.9426558707636266,-7.495812389014466,30.838705902121134
SGOB.PA,2020-03-12,-18.147955058066145,1.9426558707636266,-9.341826996323583,30.838705902121134
SGOB.PA,2020-03-16,-18.283819026535085,1.9426558707636266,-9.411764225306674,30.838705902121134
SGOB.PA,2020-03-24,11.811174472572583,1.9426558707636266,6.079910832549978,30.838705902121134
SGOB.PA,2020-04-06,10.674023555455836,1.9426558707636266,5.494551925586311,30.838705902121134
SGOB.PA,2022-02-24,-10.691992700193875,1.9426558707636266,-5.503801708323681,30.838705902121134
SGOB.PA,2025-03-05,9.764362874262211,1.9426558707636266,5.0262957125926775,30.838705902121134
SGOB.PA,2025-08-01,-10.120481975177054,1.9426558707636266,-5.209611299400576,30.838705902121134
CPRI.MI,2020-03-12,-18.421664748566148,1.8050043194405327,-10.205884024851533,28.653555267822234
CPRI.MI,2020-03-18,9.690400588734228,1.8050043194405327,5.368630138091747,28.653555267822234
CPRI.MI,2020-04-06,9.746545740902057,1.8050043194405327,5.399735411116929,28.653555267822234
CPRI.MI,2022-02-23,-10.259337636903876,1.8050043194405327,-5.683829964508779,28.653555267822234
CPRI.MI,2024-09-19,9.403279300331846,1.8050043194405327,5.209560552878026,28.653555267822234
CPRI.MI,2024-10-30,-20.077224891497124,1.8050043194405327,-11.12308966535888,28.653555267822234
CPRI.MI,2025-10-30,9.720548741188683,1.8050043194405327,5.385332675658971,28.653555267822234
ENGIE.PA,2016-06-24,-11.476254672851116,1.606719962040648,-7.142660167286065,25.505888676496163
ENGIE.PA,2016-11-10,-9.113549779908992,1.606719962040648,-5.672145734925792,25.505888676496163
ENGIE.PA,2020-03-12,-19.72836074084463,1.606719962040648,-12.278655401647102,25.505888676496163
ENGIE.PA,2022-03-01,-14.476187517611505,1.606719962040648,-9.009776351583833,25.505888676496163
NXT.L,2016-03-24,-16.45123954937011,2.1600274193246527,-7.6162179249158335,34.28937225968199
NXT.L,2016-06-24,-21.412579218691175,2.1600274193246527,-9.913105281499604,34.28937225968199
NXT.L,2016-06-27,-13.906296432618426,2.1600274193246527,-6.438018475231357,34.28937225968199
NXT.L,2017-01-04,-15.450866310290534,2.1600274193246527,-7.153088045114424,34.28937225968199
NXT.L,2017-09-14,12.737991863085485,2.1600274193246527,5.897143596014214,34.28937225968199
NXT.L,2019-10-11,11.245426706232209,2.1600274193246527,5.206149980146162,34.28937225968199
NXT.L,2020-03-12,-16.141689278221392,2.1600274193246527,-7.472909433375712,34.28937225968199
NXT.L,2020-03-18,-12.426084445129604,2.1600274193246527,-5.75274384665668,34.28937225968199
NXT.L,2020-03-23,-13.325946624216423,2.1600274193246527,-6.169341419000538,34.28937225968199
NXT.L,2020-03-24,13.316607751709642,2.1600274193246527,6.165017921797108,34.28937225968199
NXT.L,2020-04-06,10.92302047574849,2.1600274193246527,5.056889731132972,34.28937225968199
FLS.CO,2020-03-12,-17.837855785652003,2.276285063247816,-7.836389243885321,36.134905142667925
FLS.CO,2025-04-04,-12.447637808504508,2.276285063247816,-5.468400249810607,36.134905142667925
FLS.CO,2025-05-14,11.872436781766726,2.276285063247816,5.215707370511438,36.134905142667925
TEL.OL,2016-06-24,-8.154878419790723,1.522224342625222,-5.357211937451251,24.164562301410697
TEL.OL,2017-07-17,8.595572589892342,1.522224342625222,5.6467186532232505,24.164562301410697
TEL.OL,2020-03-12,-12.398062488149542,1.522224342625222,-8.14470123816828,24.164562301410697
TEL.OL,2020-03-16,-9.27631223709593,1.522224342625222,-6.093919258378196,24.164562301410697
TEL.OL,2020-04-21,-7.6628835502842385,1.522224342625222,-5.034004079233722,24.164562301410697
TEL.OL,2025-04-07,-7.7498482846539485,1.522224342625222,-5.091134117122704,24.164562301410697
SCMN.S,2019-04-04,-5.647330976023035,1.0903823804517638,-5.179220681907251,17.3092836758519
SCMN.S,2020-03-12,-8.245736694978145,1.0903823804517638,-7.562243156902258,17.3092836758519
SCMN.S,2020-03-17,7.553066044013423,1.0903823804517638,6.926988347779483,17.3092836758519
SCMN.S,2020-03-23,-6.330448214379558,1.0903823804517638,-5.805713965917852,17.3092836758519
SCMN.S,2020-03-24,7.229926105742912,1.0903823804517638,6.630633652340779,17.3092836758519
SCMN.S,2021-10-28,-7.776669216776266,1.0903823804517638,-7.1320569335999915,17.3092836758519
SCMN.S,2023-11-02,-5.967085971626052,1.0903823804517638,-5.472471014392022,17.3092836758519
SCMN.S,2024-04-02,-6.044476370318819,1.0903823804517638,-5.543446481421031,17.3092836758519
SCMN.S,2025-04-03,6.3714547673052735,1.0903823804517638,5.843321463673571,17.3092836758519
ALCC.S,2020-03-12,-9.497985788549324,1.7009919715749056,-5.583792250209963,27.002410433427897
ALCC.S,2020-03-23,-10.863601191774341,1.7009919715749056,-6.3866269643330575,27.002410433427897
ALCC.S,2020-03-24,12.292440092049883,1.7009919715749056,7.22663028248665,27.002410433427897
ALCC.S,2021-08-18,12.174029280795917,1.7009919715749056,7.1570174840533145,27.002410433427897
ALCC.S,2022-05-11,9.108095127899407,1.7009919715749056,5.354578551870795,27.002410433427897
ALCC.S,2025-08-20,-10.070962530422989,1.7009919715749056,-5.920640837063175,27.002410433427897
GIVN.S,2020-03-12,-8.717825831286241,1.355022133122098,-6.433714710769745,21.510309511375976
GIVN.S,2020-03-20,-7.097344236486247,1.355022133122098,-5.2378068689795505,21.510309511375976
GIVN.S,2022-01-28,-6.832506327080523,1.355022133122098,-5.042357729860684,21.510309511375976
GIVN.S,2024-01-25,7.829494500947476,1.355022133122098,5.778130341611164,21.510309511375976
GIVN.S,2025-04-07,-8.995519557971576,1.355022133122098,-6.638651382944614,21.510309511375976
GIVN.S,2025-12-11,-7.101303021477534,1.355022133122098,-5.240728433797216,21.510309511375976
UMI.BR,2019-04-23,-19.075526150656863,2.278289893366645,-8.372738783679903,36.16673083416005
UMI.BR,2020-03-12,-16.660437104852477,2.278289893366645,-7.312694119111081,36.16673083416005
UMI.BR,2020-03-18,13.520734411308055,2.278289893366645,5.934597897604843,36.16673083416005
UMI.BR,2023-10-17,12.492284912655327,2.278289893366645,5.483184975286612,36.16673083416005
UMI.BR,2025-06-10,16.026085821185276,2.278289893366645,7.034261034052789,36.16673083416005
UMI.BR,2025-07-01,11.89993313827995,2.278289893366645,5.223186554497389,36.16673083416005
UMI.BR,2025-11-18,-15.410864874855967,2.278289893366645,-6.764224745817233,36.16673083416005
TCFP.PA,2020-03-12,-8.93937834037608,1.7492359409662195,-5.110447442234846,27.76825970503607
TCFP.PA,2020-03-16,-9.82237804105921,1.7492359409662195,-5.615239094409217,27.76825970503607
TCFP.PA,2020-03-18,-12.385683751713916,1.7492359409662195,-7.080625009838569,27.76825970503607
TCFP.PA,2020-03-20,9.617094972099238,1.7492359409662195,5.497883245405463,27.76825970503607
TCFP.PA,2020-03-26,9.080023323855979,1.7492359409662195,5.190851108879273,27.76825970503607
TCFP.PA,2020-11-09,12.963372231121095,1.7492359409662195,7.410876902037904,27.76825970503607
TCFP.PA,2022-02-28,11.066226103519838,1.7492359409662195,6.3263198773558385,27.76825970503607
TCFP.PA,2025-03-03,15.39735539597773,1.7492359409662195,8.802331941266164,27.76825970503607
SBRY.L,2016-06-24,-16.313178142875117,1.782146235300184,-9.153669782955456,28.29069443132572
SBRY.L,2018-04-30,13.343322194974983,1.782146235300184,7.487220706513705,28.29069443132572
SBRY.L,2019-02-20,-19.816393790244092,1.782146235300184,-11.119398283781257,28.29069443132572
SBRY.L,2020-03-12,-10.947895652697381,1.782146235300184,-6.143096136470149,28.29069443132572
SBRY.L,2020-03-18,9.985496134235772,1.782146235300184,5.603073382220971,28.29069443132572
SBRY.L,2021-08-23,14.835098814835291,1.782146235300184,8.324288165014961,28.29069443132572
DKSH.S,2017-02-06,8.445153433836428,1.4806489299655567,5.703683880035547,23.50457308609653
DKSH.S,2019-02-07,-8.980016585995187,1.4806489299655567,-6.064919512152069,23.50457308609653
DKSH.S,2019-02-08,-7.825341913629735,1.4806489299655567,-5.285075857794171,23.50457308609653
DKSH.S,2019-06-14,-10.802500599209086,1.4806489299655567,-7.295787934997108,23.50457308609653
DKSH.S,2019-07-17,-10.84739153927785,1.4806489299655567,-7.326106357656427,23.50457308609653
DKSH.S,2020-02-10,13.594706076005147,1.4806489299655567,9.181586398283752,23.50457308609653
DKSH.S,2020-02-12,7.465022865609239,1.4806489299655567,5.041723743239319,23.50457308609653
DKSH.S,2020-03-09,-8.40905217560235,1.4806489299655567,-5.679301828690724,23.50457308609653
DKSH.S,2020-05-14,-8.587619652650114,1.4806489299655567,-5.799902650015681,23.50457308609653
DKSH.S,2022-07-15,-8.327355988762086,1.4806489299655567,-5.62412589522879,23.50457308609653
DKSH.S,2024-07-16,7.570726842623188,1.4806489299655567,5.11311404709508,23.50457308609653
OREP.PA,2020-03-12,-8.398168192213884,1.4969276528747715,-5.610269925928377,23.762989800973603
OREP.PA,2020-03-24,8.273712987400561,1.4969276528747715,5.5271294985508,23.762989800973603
OREP.PA,2022-03-09,9.023821911507923,1.4969276528747715,6.028228481301781,23.762989800973603
OREP.PA,2022-11-04,7.764521598189944,1.4969276528747715,5.1869718508296545,23.762989800973603
OREP.PA,2024-02-09,-7.752715040220881,1.4969276528747715,-5.179084657386212,23.762989800973603
ITX.MC,2016-06-24,-9.924023680955019,1.7130485323087399,-5.793194701600217,27.193802401638727
ITX.MC,2020-03-12,-11.977533058284084,1.7130485323087399,-6.991940293799799,27.193802401638727
ITX.MC,2020-03-24,12.101013181332831,1.7130485323087399,7.064022386466682,27.193802401638727
ITX.MC,2020-11-09,13.241539318993745,1.7130485323087399,7.729809791872986,27.193802401638727
ITX.MC,2025-12-03,8.958211265199534,1.7130485323087399,5.2293972390415675,27.193802401638727
BBVA.MC,2016-06-24,-20.526193041213926,2.245133558886478,-9.14252649245256,35.64039034163405
BBVA.MC,2020-03-09,-13.111277778920627,2.245133558886478,-5.839865395546199,35.64039034163405
BBVA.MC,2020-03-12,-17.19158712095603,2.245133558886478,-7.657267004410449,35.64039034163405
BBVA.MC,2020-03-16,-13.87413634240171,2.245133558886478,-6.179648550299558,35.64039034163405
BBVA.MC,2020-11-09,15.51283805921857,2.245133558886478,6.909539077449136,35.64039034163405
BBVA.MC,2020-11-16,14.318893521531706,2.245133558886478,6.377746867154517,35.64039034163405
BBVA.MC,2023-03-15,-11.855265901147893,2.245133558886478,-5.28042790782913,35.64039034163405
SGRO.L,2016-06-24,-20.48038807936694,1.7130503824503995,-11.95550830797584,27.193831771727055
SGRO.L,2016-06-27,-10.653303655464285,1.7130503824503995,-6.218908541513809,27.193831771727055
SGRO.L,2020-03-12,-11.786346887259835,1.7130503824503995,-6.880327051677421,27.193831771727055
SGRO.L,2020-03-16,-8.869800850380427,1.7130503824503995,-5.177781658524715,27.193831771727055
SGRO.L,2020-03-19,-10.205375295096752,1.7130503824503995,-5.957428572823803,27.193831771727055
SGRO.L,2020-03-24,13.094574789724334,1.7130503824503995,7.6440103127576755,27.193831771727055
SGRO.L,2022-05-03,-10.966243020659094,1.7130503824503995,-6.401588145336769,27.193831771727055
BFT.WA,2019-04-30,-26.38125877959787,2.580017294884697,-10.225225556395687,40.95650484306304
BFT.WA,2020-03-12,-18.5212752186807,2.580017294884697,-7.178740722165752,40.95650484306304
BFT.WA,2020-04-14,16.923043262187054,2.580017294884697,6.559275124139568,40.95650484306304
BFT.WA,2020-11-09,13.960837086890088,2.580017294884697,5.411140892183053,40.95650484306304
BFT.WA,2022-02-24,-14.493532473961235,2.580017294884697,-5.617610588385208,40.95650484306304
BFT.WA,2023-03-07,13.501349417565667,2.580017294884697,5.23304609016935,40.95650484306304
BFT.WA,2025-05-29,-15.248329239974634,2.580017294884697,-5.91016551331145,40.95650484306304
SHBa.ST,2016-06-27,-9.844820084984507,1.7797963593195103,-5.531430623191401,28.253391306585478
SHBa.ST,2018-03-22,-10.431086807520318,1.7797963593195103,-5.860831635540907,28.253391306585478
SHBa.ST,2020-03-12,-15.258242350610463,1.7797963593195103,-8.573027060491526,28.253391306585478
SHBa.ST,2020-03-25,9.71015042327652,1.7797963593195103,5.455764853339239,28.253391306585478
SHBa.ST,2023-03-23,-11.51247766325465,1.7797963593195103,-6.468424099741583,28.253391306585478
SHBa.ST,2024-03-21,-9.701630814249285,1.7797963593195103,-5.450978008494532,28.253391306585478
SHBa.ST,2024-04-24,-12.911773258789117,1.7797963593195103,-7.254635167208579,28.253391306585478
SHBa.ST,2025-03-27,-13.190356894374045,1.7797963593195103,-7.411160734937823,28.253391306585478
SHBa.ST,2025-04-04,-11.128980474976258,1.7797963593195103,-6.252951590052317,28.253391306585478
SHBa.ST,2025-07-16,-10.510534409756378,1.7797963593195103,-5.9054702268157175,28.253391306585478
WALLb.ST,2020-03-12,-15.730237168988381,1.980917702872425,-7.940883735946621,31.446093656914652
WALLb.ST,2022-07-04,-10.352101191271345,1.980917702872425,-5.225911796467014,31.446093656914652
WALLb.ST,2023-02-02,10.017186081139506,1.980917702872425,5.056841112891318,31.446093656914652
WALLb.ST,2023-11-14,12.483164368213773,1.980917702872425,6.301707713607986,31.446093656914652
WALLb.ST,2023-12-14,10.915041499664113,1.980917702872425,5.5100933692685885,31.446093656914652
NG.L,2016-06-24,-7.661039366144484,1.4080863543006044,-5.440745407940351,22.352677907897903
NG.L,2018-12-18,-9.106169939375341,1.4080863543006044,-6.467053609008498,22.352677907897903
NG.L,2020-03-12,-12.09512673933979,1.4080863543006044,-8.589762057134225,22.352677907897903
NG.L,2020-03-17,7.87770566465178,1.4080863543006044,5.594618285016072,22.352677907897903
NG.L,2020-03-23,-10.67656659159475,1.4080863543006044,-7.582323739581862,22.352677907897903
NG.L,2020-03-25,7.812504404847509,1.4080863543006044,5.548313412019375,22.352677907897903
NG.L,2024-05-23,-11.291482429784061,1.4080863543006044,-8.019026954772624,22.352677907897903
NG.L,2025-04-07,-7.727576699014449,1.4080863543006044,-5.487999138272121,22.352677907897903
PLUSP.L,2016-09-29,-15.502906979618093,2.5984597173615134,-5.96619100001281,41.249269223746495
PLUSP.L,2016-12-06,-32.98885565720913,2.5984597173615134,-12.695542454168251,41.249269223746495
PLUSP.L,2017-08-07,16.97732803626839,2.5984597173615134,6.5336121714086985,41.249269223746495
PLUSP.L,2018-01-03,22.148114788042996,2.5984597173615134,8.523555181579756,41.249269223746495
PLUSP.L,2018-08-13,-17.912437880776633,2.5984597173615134,-6.893482997290793,41.249269223746495
PLUSP.L,2019-02-12,-36.95642573637854,2.5984597173615134,-14.222435502638557,41.249269223746495
PLUSP.L,2019-02-15,-13.118309233093184,2.5984597173615134,-5.0484943620421285,41.249269223746495
PLUSP.L,2019-04-12,-37.02191151166987,2.5984597173615134,-14.24763726922889,41.249269223746495
PLUSP.L,2019-08-13,18.878342378694658,2.5984597173615134,7.265204941434998,41.249269223746495
PLUSP.L,2020-03-24,16.16873665953382,2.5984597173615134,6.222431139302642,41.249269223746495
TOM.OL,2020-02-20,17.03218897097294,2.5378740189601623,6.711203489112317,40.28750107788367
TOM.OL,2020-03-12,-17.387837923467096,2.5378740189601623,-6.851340056111761,40.28750107788367
TOM.OL,2022-09-16,-14.897597666561913,2.5378740189601623,-5.870109215533825,40.28750107788367
TOM.OL,2023-10-20,-25.151427066423302,2.5378740189601623,-9.910431675693873,40.28750107788367
TOM.OL,2024-02-15,27.014471881491353,2.5378740189601623,10.64452832554704,40.28750107788367
TOM.OL,2025-02-14,13.423739824518544,2.5378740189601623,5.289364138736336,40.28750107788367
TOM.OL,2025-07-17,-14.587729507733327,2.5378740189601623,-5.7480116817265525,40.28750107788367
TOM.OL,2025-10-17,-13.532496007490646,2.5378740189601623,-5.332217401805976,40.28750107788367
DLG.MI,2017-11-15,-13.169595602566142,2.1768942321112874,-6.049717716323521,34.5571246119443
DLG.MI,2020-03-12,-11.464734533115495,2.1768942321112874,-5.2665556112004035,34.5571246119443
DLG.MI,2022-11-11,15.415864204349328,2.1768942321112874,7.08158622359804,34.5571246119443
DLG.MI,2023-11-09,11.001767318215983,2.1768942321112874,5.053882341148832,34.5571246119443
DLG.MI,2025-11-12,13.30414817797978,2.1768942321112874,6.111527138861767,34.5571246119443
IHG.L,2016-06-27,-9.74746415808011,1.9446609626995686,-5.012423422409184,30.870535749831074
IHG.L,2020-03-12,-14.287633234297486,1.9446609626995686,-7.347107546429824,30.870535749831074
IHG.L,2020-03-16,-12.676215907495491,1.9446609626995686,-6.518470906053687,30.870535749831074
IHG.L,2020-03-18,-13.839885749304958,1.9446609626995686,-7.116863049532552,30.870535749831074
IHG.L,2020-03-19,-10.903770912745149,1.9446609626995686,-5.607029256970628,30.870535749831074
IHG.L,2020-03-20,15.617606269552853,1.9446609626995686,8.03101752393516,30.870535749831074
IHG.L,2020-03-24,17.765725827049984,1.9446609626995686,9.135641722548744,30.870535749831074
IHG.L,2020-03-25,12.244659431942528,1.9446609626995686,6.2965522869058645,30.870535749831074
IHG.L,2020-03-26,11.813533345057753,1.9446609626995686,6.074854985857415,30.870535749831074
IHG.L,2020-04-01,-10.89097284698467,1.9446609626995686,-5.60044812740308,30.870535749831074
IHG.L,2020-04-06,11.228161189721963,1.9446609626995686,5.773839967525798,30.870535749831074
IHG.L,2020-04-17,10.294821112004938,1.9446609626995686,5.293889942498624,30.870535749831074
IHG.L,2020-05-26,10.172212242525235,1.9446609626995686,5.230840973124808,30.870535749831074
IHG.L,2020-11-09,11.63404244702115,1.9446609626995686,5.982555658890191,30.870535749831074
IHG.L,2022-06-13,-10.365576994720548,1.9446609626995686,-5.33027463066421,30.870535749831074
AMUN.PA,2016-06-24,-13.98328602598764,1.8724313458825743,-7.467983302424682,29.723926129483548
AMUN.PA,2020-03-09,-11.441897940307744,1.8724313458825743,-6.110716937883018,29.723926129483548
AMUN.PA,2020-03-12,-14.250133772207096,1.8724313458825743,-7.610497337348444,29.723926129483548
AMUN.PA,2020-03-18,11.072962271765618,1.8724313458825743,5.913681319272272,29.723926129483548
AMUN.PA,2020-03-24,10.71488964684515,1.8724313458825743,5.722447271782167,29.723926129483548
AMUN.PA,2022-03-09,12.53205551498846,1.8724313458825743,6.692931915792859,29.723926129483548
AMUN.PA,2025-07-29,-9.67444359913916,1.8724313458825743,-5.166781479285207,29.723926129483548
ALSO.PA,2023-03-15,-12.800805585455377,2.38392430683042,-5.369635918715417,37.84362516165198
ALSO.PA,2023-10-05,-46.85552223322374,2.38392430683042,-19.654786059680372,37.84362516165198
ALSO.PA,2023-11-15,-14.954915063042762,2.38392430683042,-6.273234020138113,37.84362516165198
ALSO.PA,2025-03-05,15.361132499967578,2.38392430683042,6.44363265056481,37.84362516165198
ALSO.PA,2025-03-06,12.59265270011376,2.38392430683042,5.282320694509171,37.84362516165198
ALSO.PA,2025-05-14,-18.06141630306697,2.38392430683042,-7.576337995009907,37.84362516165198
LOOMIS.ST,2016-03-03,-18.91267836264494,2.182438800396793,-8.665845914765809,34.645141904808284
LOOMIS.ST,2018-07-25,-13.055689703861528,2.182438800396793,-5.9821561555301574,34.645141904808284
LOOMIS.ST,2020-03-12,-16.896558708270916,2.182438800396793,-7.742053845999678,34.645141904808284
LOOMIS.ST,2020-03-17,-16.708448336998583,2.182438800396793,-7.655861110039278,34.645141904808284
LOOMIS.ST,2020-03-18,-17.53075091679697,2.182438800396793,-8.032642616878727,34.645141904808284
LOOMIS.ST,2020-03-20,12.982012659766395,2.182438800396793,5.948397113085651,34.645141904808284
LOOMIS.ST,2020-03-23,-12.988098123181624,2.182438800396793,-5.951185490663122,34.645141904808284
LOOMIS.ST,2020-03-24,12.436153730069321,2.182438800396793,5.698282915336862,34.645141904808284
LOOMIS.ST,2020-04-07,12.867052386088229,2.182438800396793,5.895721971103542,34.645141904808284
LOOMIS.ST,2020-06-02,13.11605539919447,2.182438800396793,6.009815898072293,34.645141904808284
LOOMIS.ST,2023-04-20,-10.975922817107042,2.182438800396793,-5.029200734110615,34.645141904808284
LOOMIS.ST,2024-07-24,14.561561760386255,2.182438800396793,6.672151245541818,34.645141904808284
LOOMIS.ST,2025-02-05,13.178229369417593,2.182438800396793,6.0383041975892455,34.645141904808284
CVC.AS,2025-04-04,-11.723491310038048,1.993121835693131,-5.881974247681185,31.639828259379392
EMII.MI,2016-06-24,-31.12862011089176,2.8245053062137084,-11.020910473211373,44.83763170214288
EMII.MI,2016-07-08,14.915092164325017,2.8245053062137084,5.28060334371222,44.83763170214288
EMII.MI,2020-03-12,-20.39330911452201,2.8245053062137084,-7.220134821364362,44.83763170214288
EMII.MI,2020-03-13,18.998490193668015,2.8245053062137084,6.726307134871619,44.83763170214288
EMII.MI,2022-06-10,-15.378062199115872,2.8245053062137084,-5.44451524494758,44.83763170214288
EXOR.AS,2025-10-09,-9.212251247154768,1.4610408335978233,-6.305266105718301,23.193304206062063
GSK.L,2018-12-03,-8.258005377860167,1.383459602531077,-5.969097588937126,21.96174034320897
GSK.L,2020-03-12,-9.97582018657166,1.383459602531077,-7.21077808728251,21.96174034320897
GSK.L,2020-05-14,-6.984924601462517,1.383459602531077,-5.048882228786014,21.96174034320897
GSK.L,2022-08-11,-9.729357474861011,1.383459602531077,-7.032628532890217,21.96174034320897
GSK.L,2022-12-07,7.114149599347819,1.383459602531077,5.142289363803821,21.96174034320897
GSK.L,2024-06-03,-9.89370994174692,1.383459602531077,-7.151426701326232,21.96174034320897
GSK.L,2025-02-05,8.295603452008837,1.383459602531077,5.996274438972995,21.96174034320897
GSK.L,2025-04-07,-7.782436424149308,1.383459602531077,-5.625344180568142,21.96174034320897
LONN.S,2020-03-12,-10.348765590608888,1.8048973247864388,-5.733714294154315,28.651856780344158
LONN.S,2020-03-24,10.261173842024807,1.8048973247864388,5.68518424904804,28.651856780344158
LONN.S,2023-07-21,-12.413764919244041,1.8048973247864388,-6.877823324777146,28.651856780344158
LONN.S,2023-09-18,-15.952254712461134,1.8048973247864388,-8.838317001965004,28.651856780344158
LONN.S,2023-10-17,-17.44227792531161,1.8048973247864388,-9.663861586905192,28.651856780344158
LONN.S,2024-01-26,13.477209489135777,1.8048973247864388,7.467022807366864,28.651856780344158
PUBP.PA,2018-07-19,-9.39032252781562,1.862696541144793,-5.041251927189617,29.569390895095886
PUBP.PA,2019-02-07,-16.491604432954965,1.862696541144793,-8.853618433638903,29.569390895095886
PUBP.PA,2019-10-11,-15.55994446977973,1.862696541144793,-8.353451099563838,29.569390895095886
PUBP.PA,2020-03-12,-17.11977202432746,1.862696541144793,-9.190854036699847,29.569390895095886
PUBP.PA,2020-03-24,12.368913828861938,1.862696541144793,6.640326835663816,29.569390895095886
PUBP.PA,2020-03-31,10.586949691244563,1.862696541144793,5.6836685189407925,29.569390895095886
PUBP.PA,2020-04-15,-10.617125807333228,1.862696541144793,-5.6998687509281885,29.569390895095886
PUBP.PA,2020-11-09,12.434373317835457,1.862696541144793,6.675469161602365,29.569390895095886
VOLVb.ST,2016-06-27,-15.725917928226929,1.940647060746264,-8.103440469066859,30.806817031698436
VOLVb.ST,2020-03-12,-11.89829346236535,1.940647060746264,-6.131096015877268,30.806817031698436
VOLVb.ST,2020-03-18,-10.816848714283722,1.940647060746264,-5.573836135935077,30.806817031698436
VOLVb.ST,2023-04-05,-12.812742440910307,1.940647060746264,-6.60230430358792,30.806817031698436
VOLVb.ST,2025-04-03,-10.179786839661986,1.940647060746264,-5.245563217325778,30.806817031698436
REL.L,2019-03-01,-7.5444118782203695,1.3473821557724448,-5.599311112959791,21.38902863083988
REL.L,2020-03-12,-13.339381975201192,1.3473821557724448,-9.900221639460424,21.38902863083988
REL.L,2020-03-24,8.52640264468536,1.3473821557724448,6.3281249556086285,21.38902863083988
REL.L,2020-03-25,8.184923667942368,1.3473821557724448,6.074686111046208,21.38902863083988
REL.L,2020-11-09,9.483069873990857,1.3473821557724448,7.038144177109337,21.38902863083988
REL.L,2022-03-08,-7.3347222933951794,1.3473821557724448,-5.4436837106472105,21.38902863083988
REL.L,2025-04-07,-9.68301339877673,1.3473821557724448,-7.1865382492211545,21.38902863083988
CVO.PA,2020-03-12,-18.038810534546368,1.9622479023412716,-9.19293149098196,31.149719761518973
CVO.PA,2020-03-16,-23.96301635960434,1.9622479023412716,-12.212022920759747,31.149719761518973
CVO.PA,2020-03-17,-14.543287071981448,1.9622479023412716,-7.411544206330409,31.149719761518973
CVO.PA,2020-03-18,-11.278905822663488,1.9622479023412716,-5.7479515249862025,31.149719761518973
CVO.PA,2020-03-20,25.136191775241823,1.9622479023412716,12.809896112132611,31.149719761518973
CVO.PA,2020-03-24,15.111741428365333,1.9622479023412716,7.701239690629629,31.149719761518973
CVO.PA,2020-11-09,13.004897294278539,1.9622479023412716,6.627550616189547,31.149719761518973
CVO.PA,2020-11-10,12.173833619129493,1.9622479023412716,6.204024274712786,31.149719761518973
CVO.PA,2022-06-13,-10.41465235577661,1.9622479023412716,-5.307511014969253,31.149719761518973
INDUc.ST,2020-03-12,-14.277965097980783,1.594663323870955,-8.953592199839292,25.314495479029187
INDUc.ST,2020-03-18,-11.145437464813801,1.594663323870955,-6.989210385649858,25.314495479029187
INDUc.ST,2020-03-19,9.432039822817817,1.594663323870955,5.914753090277435,25.314495479029187
INDUc.ST,2025-04-04,-8.310342805991544,1.594663323870955,-5.211346295855514,25.314495479029187
ABDN.L,2016-06-24,-27.15831117775913,2.310307165540192,-11.755281541278958,36.67498927313929
ABDN.L,2020-03-12,-19.676118296620704,2.310307165540192,-8.516667649264752,36.67498927313929
ABDN.L,2020-03-18,-14.289841747458787,2.310307165540192,-6.185256212074968,36.67498927313929
ABDN.L,2020-03-24,16.118312719946857,2.310307165540192,6.976696848091237,36.67498927313929
ABDN.L,2020-03-25,11.627969140034267,2.310307165540192,5.033083614799521,36.67498927313929
ABDN.L,2020-03-26,15.224095250307812,2.310307165540192,6.589641185979761,36.67498927313929
ABDN.L,2023-08-08,-12.768430056380009,2.310307165540192,-5.526723998795422,36.67498927313929
ABDN.L,2024-10-24,-11.663038143001536,2.310307165540192,-5.0482629829330525,36.67498927313929
LTMC.MI,2025-04-04,-8.38754754013058,1.587080113225983,-5.2848923442696325,25.194115741993105
SOBIV.ST,2018-01-22,15.117288261540418,2.2663538063600104,6.670312560694257,35.977251327079344
SOBIV.ST,2018-07-18,12.069817761471935,2.2663538063600104,5.325654682689311,35.977251327079344
SOBIV.ST,2018-10-31,-13.937964625008892,2.2663538063600104,-6.149950897293768,35.977251327079344
SOBIV.ST,2019-04-25,-11.658598391162522,2.2663538063600104,-5.1442093279722245,35.977251327079344
SOBIV.ST,2020-10-09,-19.165562741371602,2.2663538063600104,-8.456562557702938,35.977251327079344
SOBIV.ST,2021-09-02,23.193772038745664,2.2663538063600104,10.233959046313764,35.977251327079344
SOBIV.ST,2021-12-03,-28.796980211200296,2.2663538063600104,-12.706303901177332,35.977251327079344
SOBIV.ST,2023-05-10,-15.800424765527987,2.2663538063600104,-6.971737917172359,35.977251327079344
CABK.MC,2016-06-24,-22.87810747281319,2.2167130671021447,-10.32073470055427,35.189229021237054
CABK.MC,2020-03-12,-17.71322856800761,2.2167130671021447,-7.990762914193349,35.189229021237054
CABK.MC,2020-03-16,-11.63470039087684,2.2167130671021447,-5.248627151409633,35.189229021237054
CABK.MC,2020-09-04,11.904900911240102,2.2167130671021447,5.370519571485673,35.189229021237054
CABK.MC,2020-11-09,14.06654077682642,2.2167130671021447,6.345675038229133,35.189229021237054
CABK.MC,2025-04-04,-11.235788776016209,2.2167130671021447,-5.068670791346253,35.189229021237054
LIGHT.AS,2018-04-26,-14.38613854019386,2.2060965865541426,-6.521082815628023,35.02069761726445
LIGHT.AS,2019-07-26,-13.769242363394785,2.2060965865541426,-6.2414503731688065,35.02069761726445
LIGHT.AS,2020-03-12,-15.554170178218474,2.2060965865541426,-7.050539071144489,35.02069761726445
LIGHT.AS,2020-03-24,11.166243719309543,2.2060965865541426,5.061538913285244,35.02069761726445
LIGHT.AS,2020-04-24,13.40590819907268,2.2060965865541426,6.076754880443521,35.02069761726445
LIGHT.AS,2020-04-28,15.610965880129468,2.2060965865541426,7.076283955687241,35.02069761726445
LIGHT.AS,2022-03-04,-12.651501669504528,2.2060965865541426,-5.7347904650293655,35.02069761726445
LIGHT.AS,2022-07-29,-11.793602873235365,2.2060965865541426,-5.345914111429102,35.02069761726445
LIGHT.AS,2024-04-26,-12.020375509741266,2.2060965865541426,-5.448707723407856,35.02069761726445
LIGHT.AS,2025-07-25,-13.451745043319585,2.2060965865541426,-6.097532231954907,35.02069761726445
URW.PA,2020-03-12,-25.202980946085063,2.5259545071169827,-9.97760683142733,40.09828469336561
URW.PA,2020-03-16,-21.257780685781213,2.5259545071169827,-8.415741703140942,40.09828469336561
URW.PA,2020-03-19,15.51235266494393,2.5259545071169827,6.141184499260468,40.09828469336561
URW.PA,2020-03-25,-13.104101369786125,2.5259545071169827,-5.1877820177935785,40.09828469336561
URW.PA,2020-04-07,16.418056065852316,2.5259545071169827,6.499743372097064,40.09828469336561
URW.PA,2020-06-03,13.879374732717054,2.5259545071169827,5.4947049495987885,40.09828469336561
URW.PA,2020-06-11,-14.15489961609433,2.5259545071169827,-5.603782481518296,40.09828469336561
URW.PA,2020-10-15,12.749658854590207,2.5259545071169827,5.047461788669395,40.09828469336561
URW.PA,2020-11-09,21.86391584657685,2.5259545071169827,8.655704520795744,40.09828469336561
URW.PA,2020-11-10,18.391600630346396,2.5259545071169827,7.281049828303434,40.09828469336561
URW.PA,2020-11-16,16.300206814269202,2.5259545071169827,6.45308803794474,40.09828469336561
URW.PA,2021-01-27,17.8875777894155,2.5259545071169827,7.081512251711778,40.09828469336561
URW.PA,2021-02-11,-13.708107798749936,2.5259545071169827,-5.426902091912885,40.09828469336561
INPST.AS,2021-11-18,-16.257083464320175,2.960072678062222,-5.492123076843738,46.989697012977594
INPST.AS,2022-01-07,-15.182353183236419,2.960072678062222,-5.1290474371647425,46.989697012977594
INPST.AS,2022-03-28,17.31860381535004,2.960072678062222,5.850736011889906,46.989697012977594
INPST.AS,2022-03-29,15.282307138120355,2.960072678062222,5.16281483606164,46.989697012977594
ABF.L,2016-06-24,-10.087301991418762,1.9163304594794939,-5.263863516608005,30.420802953605282
ABF.L,2016-06-27,-20.46936842475531,1.9163304594794939,-10.68154415826335,30.420802953605282
ABF.L,2016-06-28,9.862362442166894,1.9163304594794939,5.146483161805856,30.420802953605282
ABF.L,2016-09-12,-11.7084473319228,1.9163304594794939,-6.109826869371477,30.420802953605282
ABF.L,2020-03-12,-9.819934928917684,1.9163304594794939,-5.124343184309107,30.420802953605282
ABF.L,2020-03-18,-11.407506336851325,1.9163304594794939,-5.952786629478189,30.420802953605282
ABF.L,2020-03-25,14.661388286652777,1.9163304594794939,7.650762014519691,30.420802953605282
ABF.L,2020-11-09,17.268835478008437,1.9163304594794939,9.011407919017751,30.420802953605282
ABF.L,2025-09-10,-14.305571608988688,1.9163304594794939,-7.465085960630356,30.420802953605282
ADML.L,2016-03-03,9.029817000364115,1.6457173643505023,5.486857704711536,26.124953246232625
ADML.L,2016-06-24,-11.240321300816358,1.6457173643505023,-6.830043569025873,26.124953246232625
ADML.L,2016-06-27,-10.36123603844441,1.6457173643505023,-6.2958781762223,26.124953246232625
ADML.L,2020-03-12,-12.317921278077115,1.6457173643505023,-7.484833996959434,26.124953246232625
ADML.L,2022-03-03,-14.851624906958394,1.6457173643505023,-9.02440797470696,26.124953246232625
ADML.L,2022-07-14,-20.817755517851076,1.6457173643505023,-12.649654168331024,26.124953246232625
ADML.L,2022-08-10,11.965472102945363,1.6457173643505023,7.270672572424153,26.124953246232625
VID.MC,2016-03-23,9.928760394167613,1.656655118313946,5.9932573076963465,26.298584707565926
VID.MC,2016-03-24,-10.06450729764814,1.656655118313946,-6.075197659662109,26.298584707565926
VID.MC,2016-06-24,-9.512992267520515,1.656655118313946,-5.742288882191922,26.298584707565926
VID.MC,2020-03-12,-9.080522389419787,1.656655118313946,-5.481238846297383,26.298584707565926
VOPA.AS,2017-08-18,-9.152140301557754,1.659808256823754,-5.513974438873737,26.348639229643684
VOPA.AS,2018-02-16,12.630138378840261,1.659808256823754,7.60939604132924,26.348639229643684
VOPA.AS,2022-03-07,-14.56985555623036,1.659808256823754,-8.77803535217469,26.348639229643684
VOPA.AS,2022-11-11,17.740689212280756,1.659808256823754,10.688396770738889,26.348639229643684
VOPA.AS,2024-02-14,8.331030134289064,1.659808256823754,5.019272617809185,26.348639229643684
WPP.L,2016-06-24,-12.334008096602256,2.1462559265815697,-5.746755521484867,34.07075658980002
WPP.L,2017-08-23,-11.778203137858245,2.1462559265815697,-5.487790618063836,34.07075658980002
WPP.L,2018-10-25,-14.895222842399436,2.1462559265815697,-6.940096312802579,34.07075658980002
WPP.L,2020-02-27,-17.810966784466807,2.1462559265815697,-8.298622062670349,34.07075658980002
WPP.L,2020-03-12,-16.104046822209096,2.1462559265815697,-7.503320840147276,34.07075658980002
WPP.L,2020-03-16,-12.162112023069117,2.1462559265815697,-5.6666643863111945,34.07075658980002
WPP.L,2020-04-01,-11.110812814505122,2.1462559265815697,-5.176835006905151,34.07075658980002
WPP.L,2020-11-09,11.476793501139104,2.1462559265815697,5.347355531555207,34.07075658980002
WPP.L,2022-02-24,-14.51938449375767,2.1462559265815697,-6.764982830767667,34.07075658980002
WPP.L,2025-02-27,-17.568417993409334,2.1462559265815697,-8.18561187220169,34.07075658980002
WPP.L,2025-07-09,-20.73255128747413,2.1462559265815697,-9.659869091425513,34.07075658980002
WPP.L,2025-10-30,-18.241674514308627,2.1462559265815697,-8.499300707051693,34.07075658980002
LMPL.L,2016-06-24,-17.132676050644523,1.7265719906010835,-9.922943348965141,27.408480646681298
LMPL.L,2016-06-27,-14.589224132141299,1.7265719906010835,-8.44982092351808,27.408480646681298
LMPL.L,2020-03-12,-16.73131754235039,1.7265719906010835,-9.690483590276244,27.408480646681298
LMPL.L,2020-03-16,-14.25961602707414,1.7265719906010835,-8.258917731029472,27.408480646681298
LMPL.L,2020-03-19,-10.545815567186123,1.7265719906010835,-6.107950102627771,27.408480646681298
LMPL.L,2020-03-20,11.313510747975785,1.7265719906010835,6.552585591312144,27.408480646681298
LMPL.L,2020-03-24,14.362353119098604,1.7265719906010835,8.318421240054136,27.408480646681298
FTKn.DE,2021-08-02,-16.989138735316622,2.9694634285824626,-5.721282360910151,47.138770555982425
FTKn.DE,2022-02-23,15.469653312887832,2.9694634285824626,5.2095786612440635,47.138770555982425
FTKn.DE,2022-06-13,-15.851668561526866,2.9694634285824626,-5.338226566101877,47.138770555982425
FTKn.DE,2022-11-11,17.230772832964192,2.9694634285824626,5.802655344096854,47.138770555982425
FTKn.DE,2022-12-05,-45.27303027425107,2.9694634285824626,-15.246198972675385,47.138770555982425
FTKn.DE,2024-04-26,19.893862082142498,2.9694634285824626,6.699480414762766,47.138770555982425
CBKG.DE,2016-02-12,15.934808715124916,2.7103758207138946,5.8791878946617055,43.02588228678932
CBKG.DE,2016-06-24,-16.795191796757216,2.7103758207138946,-6.196628404223837,43.02588228678932
CBKG.DE,2020-03-09,-15.717996256453493,2.7103758207138946,-5.799194390803516,43.02588228678932
CBKG.DE,2020-03-12,-24.693503069320897,2.7103758207138946,-9.11073028345449,43.02588228678932
CBKG.DE,2020-11-09,14.407645576201622,2.7103758207138946,5.315737200019274,43.02588228678932
CBKG.DE,2022-02-24,-15.659256883701866,2.7103758207138946,-5.777522350969514,43.02588228678932
CBKG.DE,2024-09-11,15.42224117624107,2.7103758207138946,5.69007480747779,43.02588228678932
SVT.L,2016-06-24,-9.011879574791504,1.5316781806023685,-5.883663872033073,24.31463732674646
SVT.L,2018-11-15,-8.47425446092922,1.5316781806023685,-5.532659907446432,24.31463732674646
SVT.L,2019-12-13,10.164720508907177,1.5316781806023685,6.636329117719534,24.31463732674646
SVT.L,2020-03-12,-8.902532902947424,1.5316781806023685,-5.8122737633086174,24.31463732674646
SVT.L,2020-03-23,-11.095723171409944,1.5316781806023685,-7.244160889623882,24.31463732674646
DIOR.PA,2017-04-25,10.909656529652434,1.8446486527029686,5.91421922742116,29.28288954805446
DIOR.PA,2020-03-12,-13.65516647964089,1.8446486527029686,-7.402583933602715,29.28288954805446
DIOR.PA,2020-03-24,19.214380816912335,1.8446486527029686,10.416282140643668,29.28288954805446
DIOR.PA,2022-03-09,9.553486151804336,1.8446486527029686,5.1790275279824085,29.28288954805446
DIOR.PA,2024-01-26,11.16856603911689,1.8446486527029686,6.054576313354611,29.28288954805446
DIOR.PA,2025-10-15,11.903306076621334,1.8446486527029686,6.452885246835156,29.28288954805446
SECTb.ST,2018-12-07,-14.67402447397017,2.493328489178271,-5.885315367653905,39.580362714948635
SECTb.ST,2019-09-03,-20.64617380444409,2.493328489178271,-8.280567078928486,39.580362714948635
SECTb.ST,2019-11-29,12.660337286486234,2.493328489178271,5.0776852474255065,39.580362714948635
SECTb.ST,2020-03-04,14.995895664182868,2.493328489178271,6.0144083418086165,39.580362714948635
SECTb.ST,2020-03-12,-14.288643462925975,2.493328489178271,-5.730750490736622,39.580362714948635
SECTb.ST,2020-03-25,13.031290627647806,2.493328489178271,5.226463614484485,39.580362714948635
SECTb.ST,2021-09-03,13.458098554781106,2.493328489178271,5.397643596980078,39.580362714948635
SECTb.ST,2022-12-16,-16.31941713397498,2.493328489178271,-6.545233492019091,39.580362714948635
SECTb.ST,2023-09-05,-14.36400593147713,2.493328489178271,-5.760976138451412,39.580362714948635
ICAG.L,2016-06-24,-33.69816024567167,2.961383259886805,-11.379195898797558,47.010501854461474
ICAG.L,2016-06-27,-21.182250380967016,2.961383259886805,-7.152823029659687,47.010501854461474
ICAG.L,2020-03-12,-19.133537714483275,2.961383259886805,-6.461013666706088,47.010501854461474
ICAG.L,2020-03-16,-33.05672980093879,2.961383259886805,-11.162597644386745,47.010501854461474
ICAG.L,2020-05-26,21.63300120399787,2.961383259886805,7.305032582923686,47.010501854461474
ICAG.L,2020-09-18,-15.245071977877245,2.961383259886805,-5.147956424410925,47.010501854461474
ICAG.L,2020-11-09,23.037623515241478,2.961383259886805,7.779345492795844,47.010501854461474
ICAG.L,2021-11-26,-15.859638192664882,2.961383259886805,-5.355483164739405,47.010501854461474
GJFG.OL,2016-10-26,-8.632118785617804,1.6070946354219382,-5.371257295841489,25.51183643203478
GJFG.OL,2018-04-06,-8.06799219568255,1.6070946354219382,-5.020234663134397,25.51183643203478
GJFG.OL,2018-07-13,-11.421608155021756,1.6070946354219382,-7.106991650198027,25.51183643203478
GJFG.OL,2020-03-12,-15.335287479233983,1.6070946354219382,-9.542242965180296,25.51183643203478
GJFG.OL,2020-03-16,-9.700435477528524,1.6070946354219382,-6.0360076275045875,25.51183643203478
GJFG.OL,2020-03-24,9.439808064434141,1.6070946354219382,5.87383459341568,25.51183643203478
GJFG.OL,2025-01-24,9.103269703815231,1.6070946354219382,5.664426663601669,25.51183643203478
EVDG.DE,2020-03-12,-10.744371602623737,2.1179135447653903,-5.07309263363436,33.620835226706916
EVDG.DE,2020-03-24,22.54962729539729,2.1179135447653903,10.647095275031731,33.620835226706916
EVDG.DE,2020-11-09,21.611189003074305,2.1179135447653903,10.203999618628561,33.620835226706916
EVDG.DE,2025-08-21,-18.626955592377836,2.1179135447653903,-8.794955600721284,33.620835226706916
EVDG.DE,2025-11-21,11.160492721398718,2.1179135447653903,5.269569548286264,33.620835226706916
ENI.MI,2016-06-24,-12.518027488722883,1.7666581621491921,-7.085710046755356,28.044828892255115
ENI.MI,2020-03-09,-22.332179687210285,1.7666581621491921,-12.640917278554062,28.044828892255115
ENI.MI,2020-03-12,-20.831503675981367,1.7666581621491921,-11.791473937798598,28.044828892255115
ENI.MI,2020-03-24,14.47169916116966,1.7666581621491921,8.191567260281078,28.044828892255115
ENI.MI,2020-11-09,12.13523067465685,1.7666581621491921,6.869031561767434,28.044828892255115
ENI.MI,2022-03-04,-8.915239218483606,1.7666581621491921,-5.04638611446934,28.044828892255115
ENI.MI,2025-04-07,-8.855659689803774,1.7666581621491921,-5.012661690607198,28.044828892255115
BEIG.DE,2019-02-27,-10.108959517596183,1.3062571212779488,-7.738874187117386,20.736188947251545
BEIG.DE,2020-03-12,-8.083140551991264,1.3062571212779488,-6.188016448157844,20.736188947251545
BEIG.DE,2020-03-24,7.841674719401226,1.3062571212779488,6.0031632300151525,20.736188947251545
BEIG.DE,2020-10-28,-7.604447977420303,1.3062571212779488,-5.821555231010456,20.736188947251545
BEIG.DE,2021-02-17,-6.754082464938627,1.3062571212779488,-5.170561258514644,20.736188947251545
BEIG.DE,2022-03-09,7.382033580312708,1.3062571212779488,5.651286764347476,20.736188947251545
BEIG.DE,2025-04-07,-7.338502259721391,1.3062571212779488,-5.617961533133633,20.736188947251545
BEIG.DE,2025-08-06,-8.225553010827102,1.3062571212779488,-6.297039745727708,20.736188947251545
DANSKE.CO,2016-06-24,-9.529047333935603,1.8596939019482512,-5.123986976541026,29.521725475550458
DANSKE.CO,2018-07-18,-10.395862155792024,1.8596939019482512,-5.590093157213194,29.521725475550458
DANSKE.CO,2019-04-30,-9.449038591469927,1.8596939019482512,-5.080964443433907,29.521725475550458
DANSKE.CO,2020-03-09,-10.990224602364362,1.8596939019482512,-5.909695456252661,29.521725475550458
DANSKE.CO,2020-03-12,-10.364266686418722,1.8596939019482512,-5.573103549762096,29.521725475550458
DANSKE.CO,2022-10-27,11.510898768399702,1.8596939019482512,6.189673879309203,29.521725475550458
DANSKE.CO,2025-04-04,-12.802621151054483,1.8596939019482512,-6.884262586247236,29.521725475550458
HRMS.PA,2016-09-14,-9.46580670506183,1.6353895994787617,-5.7881049922775665,25.961005061533974
HRMS.PA,2022-03-09,8.924242375462033,1.6353895994787617,5.456951895931345,25.961005061533974
HRMS.PA,2024-09-26,8.3647974322405,1.6353895994787617,5.114865249789141,25.961005061533974
DGE.L,2020-03-12,-9.074623627480927,1.4370900198719165,-6.314582595382383,22.81309682516377
DGE.L,2020-03-18,-8.036833740760274,1.4370900198719165,-5.592435845791047,22.81309682516377
DGE.L,2020-03-23,-10.497188050204986,1.4370900198719165,-7.304474949412403,22.81309682516377
DGE.L,2020-03-24,9.281675117976729,1.4370900198719165,6.4586595061066365,22.81309682516377
DGE.L,2020-03-26,8.185606121838873,1.4370900198719165,5.695959201336901,22.81309682516377
DGE.L,2020-11-09,9.724306288407725,1.4370900198719165,6.766664686234773,22.81309682516377
DGE.L,2023-11-10,-13.317428264356668,1.4370900198719165,-9.266940887630414,22.81309682516377
ALFA.ST,2016-02-02,-12.171018639622577,1.934032167765564,-6.293079733872297,30.701808861041002
ALFA.ST,2019-07-17,-10.75604568925237,1.934032167765564,-5.561461628468724,30.701808861041002
ALFA.ST,2020-03-12,-15.09963003761241,1.934032167765564,-7.807331382216559,30.701808861041002
ALFA.ST,2022-04-26,-13.392732438785293,1.934032167765564,-6.924772329024006,30.701808861041002
ALFA.ST,2022-10-25,-10.120443470152374,1.934032167765564,-5.232820652535876,30.701808861041002
AEGN.AS,2016-05-12,-12.249499234079186,2.2493911922468652,-5.44569538473361,35.70797817590572
AEGN.AS,2016-06-24,-14.664146416511414,2.2493911922468652,-6.519162370269502,35.70797817590572
AEGN.AS,2016-11-10,11.343679456837119,2.2493911922468652,5.042999855221349,35.70797817590572
AEGN.AS,2020-03-09,-17.406638409609286,2.2493911922468652,-7.738377597283199,35.70797817590572
AEGN.AS,2020-03-12,-25.157163498695546,2.2493911922468652,-11.18398773206124,35.70797817590572
AEGN.AS,2020-03-20,15.509096982026605,2.2493911922468652,6.894797594781601,35.70797817590572
AEGN.AS,2020-03-24,12.490461022127775,2.2493911922468652,5.55281849825834,35.70797817590572
AEGN.AS,2020-08-13,-16.106702494928005,2.2493911922468652,-7.160471931447099,35.70797817590572
MANTA.HE,2023-10-03,-11.652685439291922,1.6775651439737693,-6.946189530195749,26.63052107438915
MANTA.HE,2025-02-13,8.62597101730207,1.6775651439737693,5.141958896969635,26.63052107438915
MANTA.HE,2025-05-16,-11.086951492109232,1.6775651439737693,-6.608954371719224,26.63052107438915
BASFn.DE,2016-06-24,-9.789418018428453,1.7977719868833415,-5.4453056838423715,28.53874554775077
BASFn.DE,2020-03-09,-10.113722916226298,1.7977719868833415,-5.625698358866788,28.53874554775077
BASFn.DE,2020-03-12,-13.399353782259027,1.7977719868833415,-7.453311031666731,28.53874554775077
BASFn.DE,2020-03-24,10.353657893244694,1.7977719868833415,5.759160766095834,28.53874554775077
BASFn.DE,2020-11-09,10.30099174814536,1.7977719868833415,5.729865535397175,28.53874554775077
BASFn.DE,2022-03-09,10.512971138147353,1.7977719868833415,5.847777813232522,28.53874554775077
BASFn.DE,2025-03-05,11.46218126666132,1.7977719868833415,6.3757703147507705,28.53874554775077
RIO.L,2016-02-04,10.57349443921134,2.013303853936192,5.251812546098889,31.960207866738443
RIO.L,2020-03-12,-14.448240505955168,2.013303853936192,-7.176383474212074,31.960207866738443
RIO.L,2020-03-24,15.203903498001647,2.013303853936192,7.55171827058128,31.960207866738443
LPPP.WA,2016-06-24,-15.512596754393204,2.88867864619371,-5.370135849078782,45.85635189246777
LPPP.WA,2016-10-03,14.475997534392704,2.88867864619371,5.011286926452382,45.85635189246777
LPPP.WA,2020-03-12,-19.294114714442934,2.88867864619371,-6.679218105435845,45.85635189246777
LPPP.WA,2020-11-03,15.835551572522188,2.88867864619371,5.481936037914092,45.85635189246777
LPPP.WA,2020-11-09,16.289507392662106,2.88867864619371,5.639086027837019,45.85635189246777
LPPP.WA,2021-10-06,-15.35765052853062,2.88867864619371,-5.316496713390653,45.85635189246777
LPPP.WA,2022-02-24,-32.9664687999033,2.88867864619371,-11.412300514403645,45.85635189246777
LPPP.WA,2022-03-09,17.466136425226875,2.88867864619371,6.046410336518832,45.85635189246777
LPPP.WA,2023-04-27,17.481896231010907,2.88867864619371,6.051866050952419,45.85635189246777
LPPP.WA,2024-03-15,-44.63219298495389,2.88867864619371,-15.450729711234528,45.85635189246777
LPPP.WA,2024-03-18,18.295813954407514,2.88867864619371,6.333627306905576,45.85635189246777
LPPP.WA,2025-12-12,14.489970520832784,2.88867864619371,5.016124081481202,45.85635189246777
SN.L,2020-03-12,-15.167462236104878,1.6950608657504689,-8.948033986608296,26.9082570473615
SN.L,2020-03-20,8.54181241069516,1.6950608657504689,5.039236397516245,26.9082570473615
SN.L,2020-03-23,-9.427102452592884,1.6950608657504689,-5.561512653068739,26.9082570473615
SN.L,2020-03-24,15.531255378667685,1.6950608657504689,9.16265350258759,26.9082570473615
SN.L,2020-11-09,12.908989108090951,1.6950608657504689,7.615649307304162,26.9082570473615
SN.L,2022-07-28,-11.713084092128723,1.6950608657504689,-6.91012595995654,26.9082570473615
SN.L,2024-10-31,-13.102596060342808,1.6950608657504689,-7.729867596548979,26.9082570473615
SN.L,2025-08-05,14.232440681881897,1.6950608657504689,8.396418659326812,26.9082570473615
SN.L,2025-11-06,-11.11877212622705,1.6950608657504689,-6.559512021595957,26.9082570473615
ITPG.MI,2020-03-12,-12.769928159329869,2.0379858360131458,-6.265955304336815,32.35202218537708
ITPG.MI,2025-02-14,-16.94864177420441,2.0379858360131458,-8.316368776811796,32.35202218537708
FDJU.PA,2020-02-13,10.260611701372824,1.798936703067736,5.703709132108623,28.557234843982048
FDJU.PA,2020-03-12,-10.182052036414468,1.798936703067736,-5.660039077000855,28.557234843982048
FDJU.PA,2020-03-16,-18.756757759989597,1.798936703067736,-10.426580172611743,28.557234843982048
FDJU.PA,2020-03-24,12.38990797192594,1.798936703067736,6.887350706001699,28.557234843982048
FDJU.PA,2020-03-25,9.605543996664956,1.798936703067736,5.33956752357355,28.557234843982048
FDJU.PA,2020-07-30,17.41317345364073,1.798936703067736,9.679703251340614,28.557234843982048
FDJU.PA,2025-03-06,-10.796399474862106,1.798936703067736,-6.001544943994389,28.557234843982048
FDJU.PA,2025-07-31,-9.30895921053021,1.798936703067736,-5.1747008077914,28.557234843982048
SDLF.L,2016-06-24,-18.40545626768666,1.7860061865341292,-10.30537094801656,28.351969257552856
SDLF.L,2016-06-27,-13.57894132341908,1.7860061865341292,-7.602964326663376,28.351969257552856
SDLF.L,2020-03-12,-14.494117282882168,1.7860061865341292,-8.115379102358556,28.351969257552856
SDLF.L,2020-03-18,-10.691915093168847,1.7860061865341292,-5.986493873191594,28.351969257552856
SDLF.L,2020-03-23,-9.2888277620218,1.7860061865341292,-5.200893385508046,28.351969257552856
SDLF.L,2020-03-24,19.111555832648474,1.7860061865341292,10.700722078536467,28.351969257552856
SDLF.L,2020-03-25,11.48270049013811,1.7860061865341292,6.42926131875338,28.351969257552856
SDLF.L,2020-04-03,-9.491577570387634,1.7860061865341292,-5.314414721489127,28.351969257552856
SDLF.L,2020-11-30,-9.205439691737771,1.7860061865341292,-5.154203698253462,28.351969257552856
SDLF.L,2022-02-24,-9.254255666364974,1.7860061865341292,-5.181536176155979,28.351969257552856
SDLF.L,2025-03-17,10.468455917153129,1.7860061865341292,5.861377186754266,28.351969257552856
REP.MC,2016-06-24,-14.46339043020406,1.9974449923113706,-7.2409455508797524,31.708456243123262
REP.MC,2020-03-09,-15.346094817739075,1.9974449923113706,-7.682862294986724,31.708456243123262
REP.MC,2020-03-12,-15.173005904169878,1.9974449923113706,-7.596207135903267,31.708456243123262
REP.MC,2020-03-16,-10.263182261682214,1.9974449923113706,-5.138155143789984,31.708456243123262
REP.MC,2020-03-18,-10.143838459961518,1.9974449923113706,-5.078406914336819,31.708456243123262
REP.MC,2020-03-24,15.120963603973724,1.9974449923113706,7.57015270116465,31.708456243123262
REP.MC,2020-05-05,11.49118823227484,1.9974449923113706,5.7529435236049515,31.708456243123262
REP.MC,2020-11-09,16.85198059660302,1.9974449923113706,8.436768302241218,31.708456243123262
REP.MC,2020-11-10,10.741136364149506,1.9974449923113706,5.377437879638555,31.708456243123262
CAST.ST,2020-03-12,-14.603376157402792,2.038031187708718,-7.16543311283711,32.3527421212252
CAST.ST,2020-03-17,-15.152936561661878,2.038031187708718,-7.435085710684219,32.3527421212252
CAST.ST,2022-10-06,10.49937092420894,2.038031187708718,5.1517224012714875,32.3527421212252
CAST.ST,2023-02-02,11.954876710411844,2.038031187708718,5.865894880564738,32.3527421212252
CAST.ST,2023-11-14,11.54356594585697,2.038031187708718,5.66407718168188,32.3527421212252
CAST.ST,2023-12-14,10.589107401353903,2.038031187708718,5.195753364922172,32.3527421212252
CAST.ST,2025-04-07,-10.653413473762008,2.038031187708718,-5.227306401399696,32.3527421212252
SWECb.ST,2020-03-12,-16.025313667497308,2.1306667437690545,-7.521267093674745,33.82328598461219
SWECb.ST,2021-02-11,-12.487997529107009,2.1306667437690545,-5.861074973656508,33.82328598461219
SWECb.ST,2022-10-27,-13.246785724079269,2.1306667437690545,-6.217202086069216,33.82328598461219
SWECb.ST,2023-02-09,16.62031239547357,2.1306667437690545,7.800521805710909,33.82328598461219
SWECb.ST,2024-02-09,-14.719806061091223,2.1306667437690545,-6.908544522102289,33.82328598461219
SWECb.ST,2024-05-16,14.840309399714169,2.1306667437690545,6.965101155829899,33.82328598461219
MOBN.S,2020-03-12,-6.681918350982663,1.1010075057805646,-6.068912624029284,17.4779523114653
MOBN.S,2020-03-24,6.724271738657617,1.1010075057805646,6.107380470481363,17.4779523114653
SGSN.S,2020-03-12,-9.61987329008993,1.2764085538763166,-7.536672533943307,20.262357629233936
SGSN.S,2020-03-24,8.637238227370236,1.2764085538763166,6.766828850480409,20.262357629233936
SGSN.S,2024-01-26,8.725474607619788,1.2764085538763166,6.835957484867563,20.262357629233936
SGSN.S,2024-07-24,10.510536311224339,1.2764085538763166,8.23446088582293,20.262357629233936
SGSN.S,2025-04-07,-7.280126111426899,1.2764085538763166,-5.703601789033717,20.262357629233936
BCP.LS,2016-03-11,14.413035730665369,2.7305468662093157,5.2784429042502685,43.34608770717964
BCP.LS,2016-06-07,14.301005198755535,2.7305468662093157,5.237414298114179,43.34608770717964
BCP.LS,2016-06-24,-15.882522895195784,2.7305468662093157,-5.816608786958749,43.34608770717964
BCP.LS,2017-01-17,15.40711588500745,2.7305468662093157,5.642501901604931,43.34608770717964
BCP.LS,2020-03-09,-15.415180034127761,2.7305468662093157,-5.645455210782703,43.34608770717964
BCP.LS,2020-11-09,17.43942225265167,2.7305468662093157,6.386787375256431,43.34608770717964
TEF.MC,2016-06-24,-20.456263177632273,1.7321063984282212,-11.81005000396919,27.496336647268997
TEF.MC,2020-03-09,-9.269513538793994,1.7321063984282212,-5.351584375651231,27.496336647268997
TEF.MC,2020-03-12,-15.928052718996488,1.7321063984282212,-9.195770383072428,27.496336647268997
TEF.MC,2020-03-17,14.80354817832874,1.7321063984282212,8.546558220535436,27.496336647268997
TEF.MC,2020-05-19,-8.819649779138828,1.7321063984282212,-5.09186374875245,27.496336647268997
TEF.MC,2020-11-09,12.924091903001166,1.7321063984282212,7.461488459790331,27.496336647268997
TEF.MC,2021-01-13,9.271332746159878,1.7321063984282212,5.3526346618042835,27.496336647268997
TEF.MC,2025-11-04,-14.261415054366534,1.7321063984282212,-8.233567561038907,27.496336647268997
BKWB.S,2019-09-03,15.79944712868837,1.4370248645777115,10.9945537604398,22.812062516933377
BKWB.S,2020-01-14,8.28307979452303,1.4370248645777115,5.7640476506000615,22.812062516933377
BKWB.S,2020-03-23,-9.51839277194706,1.4370248645777115,-6.623679942200696,22.812062516933377
BKWB.S,2020-12-03,8.031215944380232,1.4370248645777115,5.588780084706683,22.812062516933377
BKWB.S,2023-06-06,-12.77252495175425,1.4370248645777115,-8.888172547736412,22.812062516933377
BKWB.S,2024-03-12,9.102227544580987,1.4370248645777115,6.334077975230996,22.812062516933377
BKWB.S,2025-03-11,-9.364690517192198,1.4370248645777115,-6.516721281607145,22.812062516933377
KBC.BR,2016-06-24,-17.81811860702547,2.0596274713060767,-8.65113660371136,32.695572495076206
KBC.BR,2016-06-27,-12.461233907994318,2.0596274713060767,-6.0502367935946415,32.695572495076206
KBC.BR,2020-03-12,-22.096186213867284,2.0596274713060767,-10.728244074087522,32.695572495076206
KBC.BR,2020-03-16,-17.143080112616225,2.0596274713060767,-8.323388744540896,32.695572495076206
KBC.BR,2020-05-26,12.544204364380551,2.0596274713060767,6.09052099913285,32.695572495076206
KBC.BR,2020-11-09,13.268150456325367,2.0596274713060767,6.442014704684241,32.695572495076206
KBC.BR,2022-03-09,11.452229631323796,2.0596274713060767,5.560340299822067,32.695572495076206
KBC.BR,2022-05-10,-13.58116979898858,2.0596274713060767,-6.59399332558733,32.695572495076206
VOES.VI,2016-02-12,10.6222211256648,2.044672834708212,5.195071282482538,32.458174998764434
VOES.VI,2020-03-09,-10.358365493501687,2.044672834708212,-5.0660258784041075,32.458174998764434
VOES.VI,2020-03-12,-17.97040000086647,2.044672834708212,-8.7888877358861,32.458174998764434
VOES.VI,2022-06-22,-14.333170872117584,2.044672834708212,-7.010006994181551,32.458174998764434
VOES.VI,2023-03-15,-10.877736724113607,2.044672834708212,-5.320037777909799,32.458174998764434
SHEL.AS,2020-03-09,-18.162943828680955,1.8721646327344397,-9.701574055564006,29.719692189515413
SHEL.AS,2020-03-12,-18.16067806574555,1.8721646327344397,-9.700363818549702,29.719692189515413
SHEL.AS,2020-03-18,-12.41209296387309,1.8721646327344397,-6.629808483105611,29.719692189515413
SHEL.AS,2020-03-24,20.81148226248675,1.8721646327344397,11.11626718003426,29.719692189515413
SHEL.AS,2020-04-30,-10.700272458506666,1.8721646327344397,-5.715454865140839,29.719692189515413
SHEL.AS,2020-11-09,12.192910983155025,1.8721646327344397,6.512734387758595,29.719692189515413
SHEL.AS,2022-07-05,-10.626052695877064,1.8721646327344397,-5.67581104251334,29.719692189515413
SHEL.AS,2023-03-15,-9.955310779447313,1.8721646327344397,-5.317540244795042,29.719692189515413
SOF.BR,2020-03-12,-9.842444546449869,1.652596197239969,-5.955746819996267,26.23415133304803
SOF.BR,2020-03-16,-9.22092143022999,1.652596197239969,-5.579657901688275,26.23415133304803
SOF.BR,2020-03-17,-13.087591054042846,1.652596197239969,-7.919412543669573,26.23415133304803
SOF.BR,2020-03-24,11.223486655169523,1.652596197239969,6.791427133811679,26.23415133304803
SOF.BR,2022-03-24,-8.749604075582074,1.652596197239969,-5.294459765909511,26.23415133304803
SOF.BR,2022-05-18,-9.169625456186647,1.652596197239969,-5.548618271965654,26.23415133304803
SOF.BR,2023-01-18,-8.522513111486418,1.652596197239969,-5.1570450940889385,26.23415133304803
SOF.BR,2024-09-09,10.690884744107976,1.652596197239969,6.4691451922514505,26.23415133304803
SOF.BR,2025-04-04,-8.552823442615765,1.652596197239969,-5.1753861329827515,26.23415133304803
BALDb.ST,2020-03-12,-20.3948764087311,2.3383863046541022,-8.721773801077722,37.120731787884445
BALDb.ST,2020-03-16,-12.62414426407581,2.3383863046541022,-5.398656431980426,37.120731787884445
BALDb.ST,2023-11-14,14.340091156208668,2.3383863046541022,6.132473119461704,37.120731787884445
BESI.AS,2018-04-26,-18.704964300405003,2.785954200029631,-6.714024336870311,44.22565186376579
BESI.AS,2020-03-12,-21.590421082919107,2.785954200029631,-7.749740136679016,44.22565186376579
BESI.AS,2020-03-18,-18.216248260355172,2.785954200029631,-6.5386029175071965,44.22565186376579
BESI.AS,2022-10-20,14.938600946099223,2.785954200029631,5.3621128968811975,44.22565186376579
BESI.AS,2024-03-08,-17.21078309526236,2.785954200029631,-6.177697786661141,44.22565186376579
BESI.AS,2024-07-25,-15.185616198617158,2.785954200029631,-5.4507774027497105,44.22565186376579
ASMI.AS,2020-03-12,-16.86845340819616,2.5697853724074418,-6.564148737601909,40.79407810920958
ASMI.AS,2020-03-18,-19.824096140472847,2.5697853724074418,-7.714300327696674,40.79407810920958
ASMI.AS,2020-03-19,15.166708364173953,2.5697853724074418,5.901935829748064,40.79407810920958
ASMI.AS,2020-03-24,13.113855219997994,2.5697853724074418,5.103093573807914,40.79407810920958
ASMI.AS,2020-04-06,15.148543150764127,2.5697853724074418,5.894867062992337,40.79407810920958
ASMI.AS,2022-07-21,13.139369270464218,2.5697853724074418,5.113022049057317,40.79407810920958
ASMI.AS,2024-08-02,-13.073774211364775,2.5697853724074418,-5.087496548054876,40.79407810920958
ASMI.AS,2024-10-15,-15.101698833724786,2.5697853724074418,-5.876638179933728,40.79407810920958
ELE.MC,2016-06-24,-11.552568404796126,1.4673818739497022,-7.872912027801235,23.293965101009046
ELE.MC,2020-03-12,-18.200018594364575,1.4673818739497022,-12.403055344670573,23.293965101009046
ELE.MC,2020-03-16,-9.259703980176415,1.4673818739497022,-6.310357340896124,23.293965101009046
ELE.MC,2022-03-01,-8.100298505370196,1.4673818739497022,-5.52023890247935,23.293965101009046
ELE.MC,2023-06-29,-8.73928865002025,1.4673818739497022,-5.955701651470589,23.293965101009046
ORAN.PA,2016-03-11,6.5048456757537565,1.284662118811987,5.063468113910934,20.39337891073098
ORAN.PA,2016-04-04,-6.8245431377643495,1.284662118811987,-5.312325348298945,20.39337891073098
ORAN.PA,2016-06-24,-10.687084272770964,1.284662118811987,-8.318984514507227,20.39337891073098
ORAN.PA,2020-03-12,-11.78066705969667,1.284662118811987,-9.170245535527302,20.39337891073098
ORAN.PA,2020-03-17,9.082944527919734,1.284662118811987,7.070298403691813,20.39337891073098
PIRC.MI,2019-10-30,-11.188896562854378,2.0995877298203425,-5.329092185069967,33.329921933203785
PIRC.MI,2020-03-12,-20.364908960339733,2.0995877298203425,-9.699479888883861,33.329921933203785
PIRC.MI,2020-11-09,13.408202387947664,2.0995877298203425,6.386111995946451,33.329921933203785
PIRC.MI,2022-02-24,-12.594458973699885,2.0995877298203425,-5.998539044032977,33.329921933203785
PIRC.MI,2022-03-09,10.801452108647535,2.0995877298203425,5.144558598450085,33.329921933203785
PIRC.MI,2022-11-04,11.638961523908176,2.0995877298203425,5.543450915911048,33.329921933203785
GALD.S,2025-03-06,-9.761861247176817,1.8972933309324618,-5.145151299498407,30.118597906731992
GALD.S,2025-04-24,10.581935924483865,1.8972933309324618,5.577385295126277,30.118597906731992
SCAb.ST,2017-06-12,14.616911828159296,1.7850612203409357,8.188465281525502,28.336968384285534
SCAb.ST,2019-06-25,9.2751374421427,1.7850612203409357,5.19597722277066,28.336968384285534
SCAb.ST,2020-03-12,-12.276993367655509,1.7850612203409357,-6.877631549976016,28.336968384285534
SCAb.ST,2020-03-24,9.923538883463845,1.7850612203409357,5.559214871951848,28.336968384285534
BMED.MI,2016-06-24,-19.18703306840048,1.951539692921571,-9.831741131371176,30.979732206851008
BMED.MI,2020-03-10,-13.286907906331669,1.951539692921571,-6.8084230899963805,30.979732206851008
BMED.MI,2020-03-12,-10.729747368181464,1.951539692921571,-5.498093329640861,30.979732206851008
BMED.MI,2020-03-13,9.767041923886843,1.951539692921571,5.0047877372481215,30.979732206851008
BMED.MI,2020-03-16,-10.42664227064989,1.951539692921571,-5.342777453345356,30.979732206851008
BMED.MI,2020-03-17,-10.415575058693062,1.951539692921571,-5.337106437789296,30.979732206851008
BMED.MI,2020-03-24,11.964792704463289,1.951539692921571,6.130950217339051,30.979732206851008
BMED.MI,2022-02-24,-10.49030072500754,1.951539692921571,-5.375397058567093,30.979732206851008
BMED.MI,2022-03-09,11.320260652937698,1.951539692921571,5.800681735553425,30.979732206851008
BMED.MI,2025-04-04,-10.503925919837576,1.951539692921571,-5.382378825261081,30.979732206851008
AIBG.I,2016-03-04,17.85235571440513,3.2021096682458534,5.575185600743283,50.83191511760441
AIBG.I,2017-05-29,-36.07078303398372,3.2021096682458534,-11.26469320888177,50.83191511760441
AIBG.I,2020-03-18,-20.3071718641008,3.2021096682458534,-6.341810233884108,50.83191511760441
AIBG.I,2020-03-19,-28.615236672565004,3.2021096682458534,-8.936369967690927,50.83191511760441
AIBG.I,2020-03-24,22.569689488262274,3.2021096682458534,7.048381169476362,50.83191511760441
AIBG.I,2020-04-29,18.287701336003988,3.2021096682458534,5.711141475682864,50.83191511760441
AIBG.I,2020-05-11,-16.237822695894426,3.2021096682458534,-5.070976443099047,50.83191511760441
HEIN.AS,2020-03-12,-10.571909601063734,1.4063277946101422,-7.517386516558499,22.32476163825815
HEIN.AS,2020-11-09,10.660085192542823,1.4063277946101422,7.580085690831403,22.32476163825815
HEIN.AS,2022-03-09,7.401054831334353,1.4063277946101422,5.262681189762057,22.32476163825815
HEIN.AS,2023-07-31,-8.186868821401116,1.4063277946101422,-5.821451337858721,22.32476163825815
HEIN.AS,2024-02-14,-7.381393785152568,1.4063277946101422,-5.24870077477123,22.32476163825815
HEIN.AS,2024-07-29,-11.092121973164826,1.4063277946101422,-7.887294850941739,22.32476163825815
HEIN.AS,2025-02-12,13.632382381872787,1.4063277946101422,9.693602326655226,22.32476163825815
HEIN.AS,2025-07-28,-9.42615071294961,1.4063277946101422,-6.702669711198233,22.32476163825815
KGF.L,2016-06-24,-15.172529667332736,2.14045211498145,-7.088469562639212,33.978623936898884
KGF.L,2016-06-27,-11.989327149506778,2.14045211498145,-5.601305941670497,33.978623936898884
KGF.L,2018-03-21,-10.868016219139198,2.14045211498145,-5.0774395479682966,33.978623936898884
KGF.L,2019-10-11,11.726796852351562,2.14045211498145,5.478654145202959,33.978623936898884
KGF.L,2020-03-12,-14.908340841141744,2.14045211498145,-6.965042916305065,33.978623936898884
KGF.L,2020-03-17,-11.442458481293489,2.14045211498145,-5.345813812514396,33.978623936898884
KGF.L,2020-03-23,11.412691855677554,2.14045211498145,5.33190711242632,33.978623936898884
KGF.L,2020-03-25,12.19333814871425,2.14045211498145,5.696618047827677,33.978623936898884
KGF.L,2020-03-27,-14.354284683039376,2.14045211498145,-6.706192856439479,33.978623936898884
KGF.L,2020-07-22,13.635130581827148,2.14045211498145,6.370210520661574,33.978623936898884
KGF.L,2023-09-19,-12.712244342691182,2.14045211498145,-5.939046360213179,33.978623936898884
KGF.L,2024-09-17,10.76034305109701,2.14045211498145,5.027135611109087,33.978623936898884
KGF.L,2024-11-25,-13.741104466963838,2.14045211498145,-6.41972056781234,33.978623936898884
KGF.L,2025-03-25,-15.056076676518826,2.14045211498145,-7.034063771451999,33.978623936898884
KGF.L,2025-09-23,13.757647598665002,2.14045211498145,6.427449370332786,33.978623936898884
HLN.L,2022-08-10,-8.331075535728004,1.3911240495094246,-5.988736618180049,22.083409667058255
HLN.L,2025-04-07,-8.796064927184343,1.3911240495094246,-6.322991059126789,22.083409667058255
PUMG.DE,2020-03-12,-15.973799631673469,2.492616793926596,-6.408445803059078,39.56906490307745
PUMG.DE,2020-03-18,-14.288558972939125,2.492616793926596,-5.732352846114982,39.56906490307745
PUMG.DE,2025-01-23,-26.269596109196456,2.492616793926596,-10.538962977864804,39.56906490307745
PUMG.DE,2025-03-12,-22.456293356068446,2.492616793926596,-9.009123829537094,39.56906490307745
PUMG.DE,2025-07-25,-17.65551895683375,2.492616793926596,-7.083126054455075,39.56906490307745
PUMG.DE,2025-08-25,15.566585252893361,2.492616793926596,6.245077579041528,39.56906490307745
PUMG.DE,2025-09-17,15.765936006189252,2.492616793926596,6.325054073535837,39.56906490307745
PUMG.DE,2025-11-27,17.39407565824984,2.492616793926596,6.978238973849292,39.56906490307745
HUBN.S,2017-08-22,-10.05500938497308,1.7199510144849415,-5.846102185639377,27.30337590924244
HUBN.S,2018-08-21,10.495371795840036,1.7199510144849415,6.102134134897436,27.30337590924244
HUBN.S,2019-03-26,-13.9778109927855,1.7199510144849415,-8.126865750866347,27.30337590924244
HUBN.S,2019-08-20,-9.58240577940943,1.7199510144849415,-5.571324821875226,27.30337590924244
HUBN.S,2020-03-12,-12.100297822861261,1.7199510144849415,-7.035257237535239,27.30337590924244
HUBN.S,2021-09-08,-11.348318166455407,1.7199510144849415,-6.598047311163561,27.30337590924244
HUBN.S,2024-08-20,12.603216969861109,1.7199510144849415,7.327660418070268,27.30337590924244
HUBN.S,2025-04-04,-9.591718080335898,1.7199510144849415,-5.576739104519349,27.30337590924244
HUBN.S,2025-07-30,16.947254857570204,1.7199510144849415,9.853335772266309,27.30337590924244
HUBN.S,2025-08-28,8.910393096794245,1.7199510144849415,5.180608646265755,27.30337590924244
ISP.MI,2016-02-10,13.679527620846809,2.1146546970054345,6.46891789955987,33.56910262230614
ISP.MI,2016-06-24,-28.936645131661177,2.1146546970054345,-13.683862983700555,33.56910262230614
ISP.MI,2016-06-27,-12.179701467772098,2.1146546970054345,-5.7596644430978685,33.56910262230614
ISP.MI,2020-03-09,-11.153626268284055,2.1146546970054345,-5.2744432857424535,33.56910262230614
ISP.MI,2020-03-12,-20.431115571754876,2.1146546970054345,-9.661679327924038,33.56910262230614
ISP.MI,2022-03-04,-10.780487900303026,2.1146546970054345,-5.097989716982773,33.56910262230614
ISP.MI,2022-03-09,11.440820362387205,2.1146546970054345,5.410254628610793,33.56910262230614
PGHN.S,2020-03-12,-15.738196898606294,1.704487174273927,-9.233391213583294,27.057895056168128
PGHN.S,2020-03-17,-9.197452098313352,1.704487174273927,-5.396023060268118,27.057895056168128
PGHN.S,2020-03-24,15.121198246541212,1.704487174273927,8.871406294378543,27.057895056168128
PGHN.S,2022-09-22,-9.772224462412815,1.704487174273927,-5.73323437682983,27.057895056168128
PGHN.S,2022-11-11,10.189262320110704,1.704487174273927,5.977904952233565,27.057895056168128
PGHN.S,2023-02-02,9.522844984202727,1.704487174273927,5.586926747195528,27.057895056168128
PGHN.S,2023-07-14,11.634107291728668,1.704487174273927,6.8255763183929705,27.057895056168128
PGHN.S,2024-09-03,-9.821026871354466,1.704487174273927,-5.761866102358911,27.057895056168128
PGHN.S,2025-04-07,-10.750389011384254,1.704487174273927,-6.307110533679244,27.057895056168128
UHR.S,2020-03-12,-13.51421495240297,1.8519290014562726,-7.297372060039022,29.39846150160883
UHR.S,2024-07-15,-10.215935759503303,1.8519290014562726,-5.516375493590713,29.39846150160883
UHR.S,2024-09-26,11.514122971821728,1.8519290014562726,6.217367384369242,29.39846150160883
BARC.L,2016-06-24,-27.613863537154614,2.3770316420600093,-11.616952441248777,37.73420750053372
BARC.L,2016-06-27,-22.900065514390068,2.3770316420600093,-9.633891745144865,37.73420750053372
BARC.L,2020-03-12,-20.92099021178662,2.3770316420600093,-8.801309095597835,37.73420750053372
BARC.L,2020-03-16,-15.51633312389687,2.3770316420600093,-6.52760899322734,37.73420750053372
BARC.L,2020-03-24,14.038634757432103,2.3770316420600093,5.905951990300721,37.73420750053372
BARC.L,2020-04-01,-12.7077012016488,2.3770316420600093,-5.34603788052056,37.73420750053372
BARC.L,2020-11-09,15.06297398382666,2.3770316420600093,6.33688408572156,37.73420750053372
AVOL.S,2020-03-17,-27.029535603473278,2.7513457656535256,-9.824114417350582,43.67626000001895
AVOL.S,2020-03-19,19.32659968392736,2.7513457656535256,7.02441689633899,43.67626000001895
AVOL.S,2020-03-24,19.894546395491197,2.7513457656535256,7.230841955178853,43.67626000001895
AVOL.S,2020-04-01,-21.569071669719754,2.7513457656535256,-7.839462396539776,43.67626000001895
AVOL.S,2020-10-05,18.185231483545692,2.7513457656535256,6.609576924340575,43.67626000001895
AVOL.S,2020-11-09,19.962982964169875,2.7513457656535256,7.255715807652433,43.67626000001895
TUI1n.DE,2016-06-24,-17.074236007911736,3.1600268169942707,-5.403193389400497,50.16387056437114
TUI1n.DE,2019-02-07,-21.576036440404025,3.1600268169942707,-6.827801689647225,50.16387056437114
TUI1n.DE,2020-03-12,-21.28699076145444,3.1600268169942707,-6.736332314325747,50.16387056437114
TUI1n.DE,2020-03-16,-16.290057719195516,3.1600268169942707,-5.155037809043078,50.16387056437114
TUI1n.DE,2020-03-19,16.910033012596415,3.1600268169942707,5.35123085717379,50.16387056437114
TUI1n.DE,2020-05-26,28.64202915783869,3.1600268169942707,9.063856358371726,50.16387056437114
TUI1n.DE,2020-05-29,-17.045798698410984,3.1600268169942707,-5.394194317193952,50.16387056437114
TUI1n.DE,2020-11-09,18.09643665798104,3.1600268169942707,5.7266718626121875,50.16387056437114
TUI1n.DE,2021-01-08,20.65452259730045,3.1600268169942707,6.5361858596334494,50.16387056437114
TUI1n.DE,2021-01-22,-18.860693259639216,3.1600268169942707,-5.968523165122687,50.16387056437114
STMN.S,2017-08-17,11.453036233846081,2.024848380944793,5.656243865776311,32.1434715515502
STMN.S,2020-03-12,-13.155122171620803,2.024848380944793,-6.4968430700389685,32.1434715515502
STMN.S,2020-03-19,-10.601356627572667,2.024848380944793,-5.235629851271176,32.1434715515502
STMN.S,2022-11-10,10.677481570018088,2.024848380944793,5.27322523034341,32.1434715515502
STMN.S,2023-02-02,12.060980511777597,2.024848380944793,5.956485742478136,32.1434715515502
STMN.S,2023-10-26,-10.74802193223805,2.024848380944793,-5.308062585517158,32.1434715515502
STMN.S,2023-12-14,10.7116481389812,2.024848380944793,5.290098873468813,32.1434715515502
STMN.S,2024-04-30,-12.216470373862531,2.024848380944793,-6.033276609166329,32.1434715515502
STMN.S,2024-08-14,12.954949778952862,2.024848380944793,6.397985103905948,32.1434715515502
INDT.ST,2016-10-25,-10.761884690727275,2.0469738387751697,-5.2574607876604675,32.49470230592594
INDT.ST,2019-07-18,-11.7392199214426,2.0469738387751697,-5.734914486482591,32.49470230592594
INDT.ST,2020-03-12,-13.392739712663415,2.0469738387751697,-6.5427019432144355,32.49470230592594
INDT.ST,2024-04-25,-13.335353227331614,2.0469738387751697,-6.514667151442921,32.49470230592594
SLHN.S,2016-06-24,-7.789069725660713,1.4245566482772107,-5.467714980011805,22.614135719191257
SLHN.S,2020-03-09,-7.259433584250452,1.4245566482772107,-5.095924821964544,22.614135719191257
SLHN.S,2020-03-12,-16.505739816069465,1.4245566482772107,-11.586580172877435,22.614135719191257
SLHN.S,2020-03-16,-12.390808479239457,1.4245566482772107,-8.698010355870576,22.614135719191257
SLHN.S,2020-03-24,15.480627895642485,1.4245566482772107,10.866979501562117,22.614135719191257
SLHN.S,2023-03-15,-7.133485109517146,1.4245566482772107,-5.007512420193352,22.614135719191257
SLHN.S,2025-04-07,-8.00011590709735,1.4245566482772107,-5.615863656087175,22.614135719191257
FORTUM.HE,2016-02-03,-14.054496768838431,1.9325886033927016,-7.2723686480223755,30.678892987048357
FORTUM.HE,2016-04-06,-13.067611336251916,1.9325886033927016,-6.76171395883813,30.678892987048357
FORTUM.HE,2017-04-05,-10.579277435658074,1.9325886033927016,-5.474148723161216,30.678892987048357
FORTUM.HE,2020-03-12,-14.860995241068053,1.9325886033927016,-7.6896837821454875,30.678892987048357
FORTUM.HE,2022-02-24,-11.271162038375637,1.9325886033927016,-5.832157976399564,30.678892987048357
FORTUM.HE,2022-03-01,-9.962859147816738,1.9325886033927016,-5.155188812728546,30.678892987048357
FORTUM.HE,2022-05-13,10.281932278044081,1.9325886033927016,5.320290236625594,30.678892987048357
FORTUM.HE,2022-07-04,-9.962197186635935,1.9325886033927016,-5.154846287071693,30.678892987048357
FORTUM.HE,2022-07-25,-10.472922737281065,1.9325886033927016,-5.419116473571054,30.678892987048357
FORTUM.HE,2022-09-05,-10.069955575570466,1.9325886033927016,-5.210604863286703,30.678892987048357
KLAC.OQ,2020-03-12,-14.499226797911113,2.466861864763166,-5.877599797953473,39.160218077474326
KLAC.OQ,2020-03-13,14.809261839046828,2.466861864763166,6.00327973389325,39.160218077474326
KLAC.OQ,2020-03-17,14.44846990557358,2.466861864763166,5.857024307666583,39.160218077474326
KLAC.OQ,2020-03-18,-12.521215393470309,2.466861864763166,-5.075766735188645,39.160218077474326
KLAC.OQ,2020-03-24,15.860961364270132,2.466861864763166,6.429610668853921,39.160218077474326
KLAC.OQ,2020-04-06,14.902355422076274,2.466861864763166,6.041017389316605,39.160218077474326
KLAC.OQ,2024-10-15,-15.895538986399504,2.466861864763166,-6.443627514557072,39.160218077474326
KLAC.OQ,2025-04-09,15.968510700064975,2.466861864763166,6.473208300862054,39.160218077474326
AME.N,2016-04-28,-8.447871999028411,1.5135099091894968,-5.581643005926767,24.026224959284164
AME.N,2020-03-09,-14.9079960753431,1.5135099091894968,-9.8499494353007,24.026224959284164
AME.N,2020-03-10,7.573640837286,1.5135099091894968,5.004024612790132,24.026224959284164
AME.N,2020-03-12,-13.462306549015324,1.5135099091894968,-8.894759437831864,24.026224959284164
AME.N,2020-03-13,9.97166569220136,1.5135099091894968,6.588437665096827,24.026224959284164
AME.N,2020-03-16,-17.63341551800206,1.5135099091894968,-11.650677283933325,24.026224959284164
AME.N,2020-03-20,-8.526085829708485,1.5135099091894968,-5.633320124262886,24.026224959284164
AME.N,2020-03-23,-8.493340205178157,1.5135099091894968,-5.611684570817541,24.026224959284164
AME.N,2020-03-24,15.456780144879367,1.5135099091894968,10.212539773298651,24.026224959284164
AME.N,2024-08-01,-8.634084074507253,1.5135099091894968,-5.704676277363068,24.026224959284164
AME.N,2024-10-31,8.197632384137599,1.5135099091894968,5.416305723777872,24.026224959284164
DUK.N,2020-03-12,-12.219124204543519,1.2673561167924128,-9.641429147372756,20.11865464553553
DUK.N,2020-03-13,6.366058865090096,1.2673561167924128,5.023101858065067,20.11865464553553
DUK.N,2020-03-16,-11.333334895318181,1.2673561167924128,-8.942502225816401,20.11865464553553
DUK.N,2020-03-17,11.601135020435915,1.2673561167924128,9.153808362717777,20.11865464553553
DUK.N,2020-03-18,-8.136140623177468,1.2673561167924128,-6.419774612181977,20.11865464553553
DUK.N,2020-03-20,-9.278173345096619,1.2673561167924128,-7.3208889136693545,20.11865464553553
DUK.N,2020-03-23,-6.414873356686002,1.2673561167924128,-5.061618649793228,20.11865464553553
DUK.N,2020-03-24,10.847335863831642,1.2673561167924128,8.559027506243051,20.11865464553553
DUK.N,2020-03-26,8.317813488664516,1.2673561167924128,6.5631225339538375,20.11865464553553
DUK.N,2020-04-06,6.653435764874427,1.2673561167924128,5.249854935575484,20.11865464553553
DUK.N,2020-04-08,6.511568571568915,1.2673561167924128,5.137915448776329,20.11865464553553
DUK.N,2020-09-30,7.197349962508959,1.2673561167924128,5.679027281396593,20.11865464553553
CME.OQ,2020-03-12,-12.206200481148244,1.4865084964993855,-8.211322377162942,23.597590821131416
CME.OQ,2020-03-16,-20.32073483843524,1.4865084964993855,-13.670110117963688,23.597590821131416
CME.OQ,2020-03-17,11.125398078726167,1.4865084964993855,7.484247890224398,23.597590821131416
CME.OQ,2020-03-18,-14.947344498713289,1.4865084964993855,-10.055337412408438,23.597590821131416
CME.OQ,2020-03-19,8.22086473867465,1.4865084964993855,5.530318029149622,23.597590821131416
CME.OQ,2020-03-23,-12.683531018724814,1.4865084964993855,-8.53243089332726,23.597590821131416
CME.OQ,2020-03-24,8.72382873611972,1.4865084964993855,5.868670617533418,23.597590821131416
CME.OQ,2020-03-26,11.190211240192571,1.4865084964993855,7.527848825986982,23.597590821131416
CME.OQ,2020-06-11,-8.006920510803983,1.4865084964993855,-5.386394043262903,23.597590821131416
CME.OQ,2020-11-09,7.556309008738271,1.4865084964993855,5.083259884846138,23.597590821131416
CME.OQ,2021-01-06,7.660119276490196,1.4865084964993855,5.153094849124102,23.597590821131416
FDX.N,2016-03-17,11.182739555114729,2.0469749518413902,5.463056372553612,32.494719975304406
FDX.N,2018-12-19,-12.967033933359406,2.0469749518413902,-6.334730144936408,32.494719975304406
FDX.N,2019-09-18,-13.83405640911013,2.0469749518413902,-6.758292961360116,32.494719975304406
FDX.N,2019-12-18,-10.568049714247962,2.0469749518413902,-5.162764549092943,32.494719975304406
FDX.N,2020-03-12,-13.490930884117258,2.0469749518413902,-6.590667302490081,32.494719975304406
FDX.N,2020-03-16,-16.41255506670465,2.0469749518413902,-8.017955985216362,32.494719975304406
FDX.N,2020-03-19,11.36725839749193,2.0469749518413902,5.553198580796666,32.494719975304406
FDX.N,2020-05-18,10.304198171977763,2.0469749518413902,5.033866273111184,32.494719975304406
FDX.N,2020-07-01,11.086523416027028,2.0469749518413902,5.4160523098018185,32.494719975304406
FDX.N,2022-06-14,13.465649336512087,2.0469749518413902,6.578316615158793,32.494719975304406
FDX.N,2022-09-16,-24.084705076927282,2.0469749518413902,-11.76599892209794,32.494719975304406
FDX.N,2023-12-20,-12.844232311705106,2.0469749518413902,-6.274738389031515,32.494719975304406
FDX.N,2024-06-26,14.434042140748016,2.0469749518413902,7.051401448641878,32.494719975304406
FDX.N,2024-09-20,-16.523084741398364,2.0469749518413902,-8.07195257886998,32.494719975304406
FDX.N,2025-04-03,-12.732179807682087,2.0469749518413902,-6.21999785401802,32.494719975304406
PG.N,2018-10-19,8.432831919187667,1.164905658619223,7.239068551854411,18.49230404135022
PG.N,2020-03-11,-7.723316442957007,1.164905658619223,-6.629993069234078,18.49230404135022
PG.N,2020-03-12,-9.142848594845887,1.164905658619223,-7.848574283417095,18.49230404135022
PG.N,2020-03-13,11.340934079065512,1.164905658619223,9.735495741782266,18.49230404135022
PG.N,2020-03-17,8.596628421937691,1.164905658619223,7.3796777947901635,18.49230404135022
PG.N,2020-03-20,-7.881785733911872,1.164905658619223,-6.766029227855456,18.49230404135022
PG.N,2020-03-26,6.204582122156577,1.164905658619223,5.326252882581877,18.49230404135022
PG.N,2022-05-18,-6.434890029250084,1.164905658619223,-5.523958083333064,18.49230404135022
PG.N,2022-07-29,-6.379135560565441,1.164905658619223,-5.476096294464488,18.49230404135022
IR.N,2019-04-29,14.878873668587245,2.116036939236618,7.03148106382063,33.59104503747831
IR.N,2020-03-05,-14.285233469307235,2.116036939236618,-6.75093766296007,33.59104503747831
IR.N,2020-03-09,-17.493615772107376,2.116036939236618,-8.267159919438068,33.59104503747831
IR.N,2020-03-18,-11.396026818609606,2.116036939236618,-5.385551928370797,33.59104503747831
IR.N,2020-03-24,13.909282224313468,2.116036939236618,6.573270043826071,33.59104503747831
IR.N,2025-08-01,-12.106740237424862,2.116036939236618,-5.721421971864297,33.59104503747831
ACN.N,2020-03-09,-8.54512468825801,1.5867782368639454,-5.385204113428165,25.189323603309255
ACN.N,2020-03-13,8.769406966518378,1.5867782368639454,5.526548551516522,25.189323603309255
ACN.N,2020-03-16,-8.762851094093271,1.5867782368639454,-5.522416989668243,25.189323603309255
ACN.N,2020-03-24,8.763173339557184,1.5867782368639454,5.5226200712687,25.189323603309255
ACN.N,2020-03-26,12.095427794727609,1.5867782368639454,7.622632774843574,25.189323603309255
ACN.N,2020-04-06,8.742207147977599,1.5867782368639454,5.509407014086229,25.189323603309255
ACN.N,2024-03-21,-9.769710784158558,1.5867782368639454,-6.156947806057061,25.189323603309255
FDS.N,2017-12-19,-8.81265485461471,1.6109780418333157,-5.470375527021948,25.573483597660573
FDS.N,2019-09-26,-9.792994109025255,1.6109780418333157,-6.078912222714526,25.573483597660573
FDS.N,2020-03-12,-8.814959168558456,1.6109780418333157,-5.471805908991104,25.573483597660573
FDS.N,2020-03-13,8.082672431640159,1.6109780418333157,5.017245562479526,25.573483597660573
FDS.N,2020-03-16,-11.260029849351838,1.6109780418333157,-6.989561345316517,25.573483597660573
FDS.N,2020-03-17,8.75124602241426,1.6109780418333157,5.43225655171266,25.573483597660573
FDS.N,2020-03-18,-11.768174419010347,1.6109780418333157,-7.304987475569809,25.573483597660573
FDS.N,2020-03-24,12.316249459499229,1.6109780418333157,7.645200083225941,25.573483597660573
FDS.N,2020-03-26,10.137371931340855,1.6109780418333157,6.292681630721908,25.573483597660573
FDS.N,2020-06-25,14.083950426560499,1.6109780418333157,8.742484416815989,25.573483597660573
FDS.N,2022-09-22,-8.657851996821275,1.6109780418333157,-5.374283057867454,25.573483597660573
FDS.N,2025-09-18,-10.935610793719164,1.6109780418333157,-6.788181160603707,25.573483597660573
DASH.OQ,2021-05-14,20.007227495941482,3.57232705208465,5.6006147265453095,56.7089338896268
DASH.OQ,2025-11-06,-19.181182542475117,3.57232705208465,-5.369380312276235,56.7089338896268
BAX.N,2018-10-31,-9.384024408582459,1.7600205479992057,-5.331769801920911,27.939460034217106
BAX.N,2019-10-24,-10.630847288115142,1.7600205479992057,-6.040183621833453,27.939460034217106
BAX.N,2020-03-16,-12.36496985103921,1.7600205479992057,-7.025469029379076,27.939460034217106
BAX.N,2020-03-17,11.77054085613829,1.7600205479992057,6.68772922538834,27.939460034217106
BAX.N,2022-07-28,-11.572676799101611,1.7600205479992057,-6.575307778228754,27.939460034217106
BAX.N,2023-02-09,-12.928722197956288,1.7600205479992057,-7.345779123234488,27.939460034217106
BAX.N,2023-10-11,-13.093180403615401,1.7600205479992057,-7.439220194616335,27.939460034217106
BAX.N,2024-05-02,-8.886101548415892,1.7600205479992057,-5.0488623888611,27.939460034217106
BAX.N,2025-04-09,9.475748703865827,1.7600205479992057,5.383885270338391,27.939460034217106
BAX.N,2025-04-10,-8.86979425662835,1.7600205479992057,-5.039596990337156,27.939460034217106
BAX.N,2025-07-31,-25.39152099809634,1.7600205479992057,-14.426832133841542,27.939460034217106
BAX.N,2025-10-30,-15.712864510129965,1.7600205479992057,-8.927659695787288,27.939460034217106
ODFL.OQ,2020-04-06,12.036452375456985,2.009531596732211,5.9896805778172375,31.900325140079804
ODFL.OQ,2022-05-18,-13.895077433153435,2.009531596732211,-6.914585197739036,31.900325140079804
ODFL.OQ,2023-04-26,-10.50757146973993,2.009531596732211,-5.2288660137649785,31.900325140079804
ODFL.OQ,2024-04-24,-11.704224845066147,2.009531596732211,-5.824354722313851,31.900325140079804
ODFL.OQ,2024-11-06,10.609451026308214,2.009531596732211,5.279564174835925,31.900325140079804
ODFL.OQ,2025-04-09,10.94038337224399,2.009531596732211,5.44424550976687,31.900325140079804
ODFL.OQ,2025-05-12,10.651602672112936,2.009531596732211,5.300540031037075,31.900325140079804
ODFL.OQ,2025-07-30,-10.158444812718415,2.009531596732211,-5.05513067285805,31.900325140079804
XYL.N,2018-07-31,8.915102547727205,1.66602058184538,5.351135901245786,26.447256832068035
XYL.N,2019-10-31,-9.175950780020337,1.66602058184538,-5.507705534979963,26.447256832068035
XYL.N,2020-03-12,-12.212752209290834,1.66602058184538,-7.33049299772953,26.447256832068035
XYL.N,2020-03-13,10.671720062171541,1.66602058184538,6.405515140965985,26.447256832068035
XYL.N,2020-03-16,-10.317519337660208,1.66602058184538,-6.192912290574426,26.447256832068035
XYL.N,2020-03-17,9.900678383942196,1.66602058184538,5.942710727484314,26.447256832068035
XYL.N,2020-03-18,-9.226552956797462,1.66602058184538,-5.538078615197901,26.447256832068035
XYL.N,2020-03-24,9.041893565962766,1.66602058184538,5.427240014014381,26.447256832068035
XYL.N,2020-04-01,-8.588140972214742,1.66602058184538,-5.1548828782787455,26.447256832068035
XYL.N,2020-07-14,8.521538837277998,1.66602058184538,5.114906100283019,26.447256832068035
XYL.N,2022-02-03,-12.814319803133145,1.66602058184538,-7.691573527224538,26.447256832068035
XYL.N,2022-05-04,9.191616746978237,1.66602058184538,5.517108760323403,26.447256832068035
XYL.N,2025-07-31,10.19703959044751,1.66602058184538,6.120596408930726,26.447256832068035
ADSK.OQ,2017-05-19,13.708606072513785,2.2464260913081646,6.102406896694665,35.660908657729685
ADSK.OQ,2017-11-29,-17.268746762064602,2.2464260913081646,-7.687208953315025,35.660908657729685
ADSK.OQ,2018-03-07,13.866958351560132,2.2464260913081646,6.172897655175009,35.660908657729685
ADSK.OQ,2018-08-24,14.258717641235474,2.2464260913081646,6.347289900346632,35.660908657729685
ADSK.OQ,2020-03-12,-12.689175185462354,2.2464260913081646,-5.64860568284846,35.660908657729685
ADSK.OQ,2020-03-13,15.013000268495968,2.2464260913081646,6.683059962036599,35.660908657729685
ADSK.OQ,2020-03-27,-12.786445105799071,2.2464260913081646,-5.691905536208013,35.660908657729685
ADSK.OQ,2020-04-01,-11.444141178086564,2.2464260913081646,-5.094376895979818,35.660908657729685
ADSK.OQ,2021-11-24,-16.834079729038365,2.2464260913081646,-7.493716260763046,35.660908657729685
ADSK.OQ,2022-11-10,13.59948272806184,2.2464260913081646,6.05383047351557,35.660908657729685
ADSK.OQ,2023-02-24,-13.863443572848766,2.2464260913081646,-6.171333046072148,35.660908657729685
SW.N,2025-10-29,-12.99242074440694,2.386184250681649,-5.444852274377162,37.87950065809591
OMC.N,2018-07-17,-9.968593666277759,1.7256153371511291,-5.77683418295019,27.393294243964593
OMC.N,2020-03-09,-8.643145070685865,1.7256153371511291,-5.00873218069277,27.393294243964593
OMC.N,2020-03-12,-9.555128890736153,1.7256153371511291,-5.537229928954506,27.393294243964593
OMC.N,2020-03-13,10.657993101980878,1.7256153371511291,6.176343517887645,27.393294243964593
OMC.N,2020-03-16,-9.462689716092765,1.7256153371511291,-5.483661110543331,27.393294243964593
OMC.N,2020-03-20,-10.224518532078264,1.7256153371511291,-5.925143519504314,27.393294243964593
OMC.N,2020-11-09,13.752979859121828,1.7256153371511291,7.969898947367402,27.393294243964593
OMC.N,2022-02-09,13.270743440962907,1.7256153371511291,7.69044129085685,27.393294243964593
OMC.N,2022-05-24,-8.799453155596293,1.7256153371511291,-5.099313251424607,27.393294243964593
OMC.N,2023-07-19,-10.931713450392788,1.7256153371511291,-6.33496539758408,27.393294243964593
OMC.N,2024-12-09,-10.81362331550455,1.7256153371511291,-6.266531759828404,27.393294243964593
UHS.N,2016-12-07,-12.644591518447967,2.111321837538146,-5.988945547587324,33.5161951184751
UHS.N,2020-03-16,-25.17631240115481,2.111321837538146,-11.924431393420823,33.5161951184751
UHS.N,2020-03-18,-17.6543334924121,2.111321837538146,-8.361744371951124,33.5161951184751
UHS.N,2020-03-19,22.582867117596628,2.111321837538146,10.696079923053707,33.5161951184751
UHS.N,2020-03-20,-11.76946378662711,2.111321837538146,-5.574452732583204,33.5161951184751
UHS.N,2020-03-25,11.801046344903998,2.111321837538146,5.5894113986261384,33.5161951184751
UHS.N,2020-03-30,11.794533785094075,2.111321837538146,5.586326809770885,33.5161951184751
UHS.N,2020-04-01,-11.950029452579347,2.111321837538146,-5.65997530083494,33.5161951184751
UHS.N,2020-04-06,12.243112701512437,2.111321837538146,5.798790352013889,33.5161951184751
UHS.N,2022-04-22,-15.030669544445008,2.111321837538146,-7.11908022604983,33.5161951184751
UHS.N,2022-10-26,12.333007351185188,2.111321837538146,5.841367778190454,33.5161951184751
UHS.N,2025-04-21,-10.707823723677912,2.111321837538146,-5.071620789070936,33.5161951184751
ERIE.OQ,2019-07-26,-13.213941169622778,1.7710779364075346,-7.4609597341752325,28.114990633486826
ERIE.OQ,2020-03-13,13.453813046360352,1.7710779364075346,7.596398086043661,28.114990633486826
ERIE.OQ,2020-03-17,16.567913745576757,1.7710779364075346,9.35470619615036,28.114990633486826
ERIE.OQ,2020-03-20,9.544546881568117,1.7710779364075346,5.389117376126505,28.114990633486826
ERIE.OQ,2020-03-23,-13.490929721919187,1.7710779364075346,-7.6173551962847394,28.114990633486826
ERIE.OQ,2020-03-26,13.657110606260758,1.7710779364075346,7.711185558532182,28.114990633486826
ERIE.OQ,2020-03-31,-16.217483360632556,1.7710779364075346,-9.156843426963016,28.114990633486826
ERIE.OQ,2020-05-08,-9.021649213423633,1.7710779364075346,-5.093874768562247,28.114990633486826
ERIE.OQ,2021-11-30,-9.43262866902801,1.7710779364075346,-5.325925231817416,28.114990633486826
ERIE.OQ,2022-12-28,-10.066724522607728,1.7710779364075346,-5.683953436305087,28.114990633486826
ERIE.OQ,2023-08-02,15.69537151532936,1.7710779364075346,8.862044516892322,28.114990633486826
ERIE.OQ,2024-02-27,9.408321413120913,1.7710779364075346,5.312200677179012,28.114990633486826
ERIE.OQ,2025-04-25,-12.182503003862255,1.7710779364075346,-6.878580977962675,28.114990633486826
CLX.N,2019-05-01,-7.519211890399635,1.4743714005510824,-5.099944211878463,23.404920396024977
CLX.N,2020-03-02,7.601038565852214,1.4743714005510824,5.155443576164825,23.404920396024977
CLX.N,2020-03-17,12.464781184236973,1.4743714005510824,8.454302070413164,23.404920396024977
CLX.N,2020-03-20,-7.794181185005655,1.4743714005510824,-5.286443552887955,23.404920396024977
CLX.N,2020-11-09,-11.232405438767312,1.4743714005510824,-7.618436870498794,23.404920396024977
CLX.N,2021-08-03,-9.936917903427567,1.4743714005510824,-6.739765773883976,23.404920396024977
CLX.N,2022-02-04,-15.634048750484375,1.4743714005510824,-10.603874128758036,23.404920396024977
CLX.N,2023-02-03,9.318025354649961,1.4743714005510824,6.319998713463325,23.404920396024977
CLX.N,2023-08-03,8.580275901457224,1.4743714005510824,5.819616345142164,23.404920396024977
CLX.N,2025-02-04,-7.516768208507241,1.4743714005510824,-5.098286772042421,23.404920396024977
DLTR.OQ,2016-05-26,12.021895245357328,2.2637430069866173,5.310627225905948,35.93580617188884
DLTR.OQ,2018-03-07,-15.640503960877883,2.2637430069866173,-6.9091340813009285,35.93580617188884
DLTR.OQ,2018-05-31,-15.409878703774904,2.2637430069866173,-6.807256237220926,35.93580617188884
DLTR.OQ,2018-08-30,-16.89036179907104,2.2637430069866173,-7.461254103024113,35.93580617188884
DLTR.OQ,2019-11-26,-16.536497015746132,2.2637430069866173,-7.304935659529082,35.93580617188884
DLTR.OQ,2020-03-12,-17.33977067471093,2.2637430069866173,-7.659778791671576,35.93580617188884
DLTR.OQ,2020-03-17,13.164585006590723,2.2637430069866173,5.815406150769194,35.93580617188884
DLTR.OQ,2020-03-18,-15.35186580995438,2.2637430069866173,-6.781629258521719,35.93580617188884
DLTR.OQ,2020-11-24,13.169844651650298,2.2637430069866173,5.817729579287069,35.93580617188884
DLTR.OQ,2021-08-26,-12.870590473433285,2.2637430069866173,-5.685535166187428,35.93580617188884
DLTR.OQ,2021-09-29,15.265940351569274,2.2637430069866173,6.743672008904641,35.93580617188884
DLTR.OQ,2021-11-15,13.349822971171044,2.2637430069866173,5.89723432826488,35.93580617188884
DLTR.OQ,2022-05-18,-15.575093620972158,2.2637430069866173,-6.880239308482703,35.93580617188884
DLTR.OQ,2022-05-26,19.774704556671985,2.2637430069866173,8.735401719913028,35.93580617188884
DLTR.OQ,2023-05-25,-12.818454648642419,2.2637430069866173,-5.6625043607338235,35.93580617188884
DLTR.OQ,2023-08-24,-13.806179935037033,2.2637430069866173,-6.09882830887908,35.93580617188884
DLTR.OQ,2024-03-13,-15.326034656124232,2.2637430069866173,-6.7702184430049295,35.93580617188884
DLTR.OQ,2024-09-04,-25.045747774795846,2.2637430069866173,-11.06386533166391,35.93580617188884
DLTR.OQ,2025-04-03,-14.320993220582068,2.2637430069866173,-6.326245150789208,35.93580617188884
CFG.N,2020-03-09,-20.64853599792049,2.3926017818320027,-8.630159918258531,37.98137580682498
CFG.N,2020-03-16,-24.547473196483427,2.3926017818320027,-10.259740414339888,37.98137580682498
CFG.N,2020-03-18,-22.105259393973675,2.3926017818320027,-9.239004819702087,37.98137580682498
CFG.N,2020-03-19,12.558541594056871,2.3926017818320027,5.248905893750886,37.98137580682498
CFG.N,2020-03-26,15.696996559653975,2.3926017818320027,6.560638999288409,37.98137580682498
CFG.N,2020-04-17,14.488323716896723,2.3926017818320027,6.055468079524328,37.98137580682498
CFG.N,2020-11-09,15.420223286245438,2.3926017818320027,6.444960211656389,37.98137580682498
CFG.N,2024-11-06,13.47445361461408,2.3926017818320027,5.631715949110746,37.98137580682498
CFG.N,2025-04-03,-13.99299833775589,2.3926017818320027,-5.848444335371816,37.98137580682498
TTD.OQ,2017-05-12,26.31931242545278,4.212135124953037,6.248449217484737,66.86557217535427
TTD.OQ,2018-02-23,21.384424816593107,4.212135124953037,5.076861065047511,66.86557217535427
TTD.OQ,2018-05-11,36.04039960278003,4.212135124953037,8.55632560059,66.86557217535427
TTD.OQ,2018-08-10,31.57703183560736,4.212135124953037,7.496680637936426,66.86557217535427
TTD.OQ,2019-02-22,27.30058269341109,4.212135124953037,6.4814118929091755,66.86557217535427
TTD.OQ,2020-03-16,-22.00857312149718,4.212135124953037,-5.225039669576735,66.86557217535427
TTD.OQ,2020-11-06,23.568927256980388,4.212135124953037,5.595482233548519,66.86557217535427
TTD.OQ,2021-05-10,-30.081542665173178,4.212135124953037,-7.141637619118065,66.86557217535427
TTD.OQ,2021-11-08,25.826002234720224,4.212135124953037,6.131332796453953,66.86557217535427
TTD.OQ,2022-08-10,30.910238680874656,4.212135124953037,7.3383777499823895,66.86557217535427
TTD.OQ,2023-02-15,28.37681731306443,4.212135124953037,6.736919987432933,66.86557217535427
TTD.OQ,2025-02-13,-40.01613544979739,4.212135124953037,-9.50020221638629,66.86557217535427
TTD.OQ,2025-08-08,-48.78455399040713,4.212135124953037,-11.581906216969013,66.86557217535427
DHI.N,2020-03-11,-11.128331821082238,2.2046762678267537,-5.047603579482408,34.99815075645373
DHI.N,2020-03-12,-15.115939608804174,2.2046762678267537,-6.85630803460529,34.99815075645373
DHI.N,2020-03-16,-22.601025179628564,2.2046762678267537,-10.251403124100115,34.99815075645373
DHI.N,2020-03-25,11.855973472455572,2.2046762678267537,5.377648249528502,34.99815075645373
DHI.N,2020-04-06,13.67542583259791,2.2046762678267537,6.202917876046436,34.99815075645373
DHI.N,2025-07-22,15.682526311051959,2.2046762678267537,7.113301186169575,34.99815075645373
EXPE.OQ,2017-10-27,-17.42241276399845,2.6863203584766935,-6.485605005755165,42.64401366227528
EXPE.OQ,2018-02-09,-16.80373289307049,2.6863203584766935,-6.255297451789862,42.64401366227528
EXPE.OQ,2019-11-07,-32.001560327937554,2.6863203584766935,-11.91278628662308,42.64401366227528
EXPE.OQ,2020-03-12,-16.450803233124756,2.6863203584766935,-6.123917120016675,42.64401366227528
EXPE.OQ,2020-03-16,-24.13317995265203,2.6863203584766935,-8.983731175806971,42.64401366227528
EXPE.OQ,2020-03-18,-17.020019626160952,2.6863203584766935,-6.335811576774237,42.64401366227528
EXPE.OQ,2020-03-24,15.675999909738492,2.6863203584766935,5.8354916085391,42.64401366227528
EXPE.OQ,2020-05-18,17.074592942868616,2.6863203584766935,6.356126844287084,42.64401366227528
EXPE.OQ,2020-11-09,21.96708877473439,2.6863203584766935,8.177389828215075,42.64401366227528
EXPE.OQ,2021-11-05,14.519744883945407,2.6863203584766935,5.4050682518666475,42.64401366227528
EXPE.OQ,2022-05-03,-15.099984167795721,2.6863203584766935,-5.621066050498284,42.64401366227528
EXPE.OQ,2023-08-03,-17.890367559658937,2.6863203584766935,-6.659804182775825,42.64401366227528
EXPE.OQ,2023-11-03,17.262688705678197,2.6863203584766935,6.426146699594381,42.64401366227528
EXPE.OQ,2024-02-09,-19.58191512485703,2.6863203584766935,-7.289493623895686,42.64401366227528
EXPE.OQ,2024-05-03,-16.551884733437827,2.6863203584766935,-6.16154535746576,42.64401366227528
EXPE.OQ,2025-02-07,15.929475382408054,2.6863203584766935,5.929849480588768,42.64401366227528
EXPE.OQ,2025-04-09,16.834253074496885,2.6863203584766935,6.2666587852697235,42.64401366227528
EXPE.OQ,2025-11-07,16.166512860918303,2.6863203584766935,6.018088203778381,42.64401366227528
CIEN.N,2016-03-03,-19.799173972365214,2.6073897192515805,-7.5934847123844325,41.391028608997225
CIEN.N,2016-12-08,14.096894312519392,2.6073897192515805,5.406516029589062,41.391028608997225
CIEN.N,2017-06-01,14.670026368448363,2.6073897192515805,5.626326689920069,41.391028608997225
CIEN.N,2019-06-06,23.731248439131747,2.6073897192515805,9.101534866043544,41.391028608997225
CIEN.N,2019-12-12,18.532936054665903,2.6073897192515805,7.107850398361454,41.391028608997225
CIEN.N,2020-09-03,-27.867773043767308,2.6073897192515805,-10.687996826100248,41.391028608997225
CIEN.N,2021-12-09,14.533842413413112,2.6073897192515805,5.574096693755806,41.391028608997225
CIEN.N,2022-12-08,18.19745955923011,2.6073897192515805,6.979186665065732,41.391028608997225
CIEN.N,2023-08-31,14.670878501687223,2.6073897192515805,5.626653504600886,41.391028608997225
CIEN.N,2024-03-07,-15.922053589454288,2.6073897192515805,-6.106510841817893,41.391028608997225
CIEN.N,2024-12-12,14.365616908930523,2.6073897192515805,5.509577951796941,41.391028608997225
CIEN.N,2025-01-27,-23.624389102412202,2.6073897192515805,-9.060551603767655,41.391028608997225
CIEN.N,2025-04-03,-14.610989675695407,2.6073897192515805,-5.603684622906818,41.391028608997225
CIEN.N,2025-04-09,13.74336338578539,2.6073897192515805,5.270927964589143,41.391028608997225
CIEN.N,2025-06-05,-13.836227866149464,2.6073897192515805,-5.306543844976495,41.391028608997225
CIEN.N,2025-09-04,20.950958276907272,2.6073897192515805,8.035223166761964,41.391028608997225
ELV.N,2020-03-04,14.511664864478035,1.883021564605821,7.706584532671461,29.892040639912487
ELV.N,2020-03-12,-9.480975478753795,1.883021564605821,-5.034979767073712,29.892040639912487
ELV.N,2020-03-16,-18.78558187140502,1.883021564605821,-9.976296726765032,29.892040639912487
ELV.N,2020-03-18,-14.108877052725255,1.883021564605821,-7.492679488075173,29.892040639912487
ELV.N,2020-03-24,11.94354873804171,1.883021564605821,6.342757280393594,29.892040639912487
ELV.N,2020-03-25,9.459868920156111,1.883021564605821,5.023770889281544,29.892040639912487
ELV.N,2020-04-06,10.461257246663802,1.883021564605821,5.555569539562703,29.892040639912487
ELV.N,2020-04-08,9.760006377771635,1.883021564605821,5.183162296824109,29.892040639912487
ELV.N,2020-11-04,11.084534421898873,1.883021564605821,5.886567966214042,29.892040639912487
ELV.N,2024-10-17,-11.189699977583789,1.883021564605821,-5.942417329631679,29.892040639912487
ELV.N,2025-05-13,-10.435041590788785,1.883021564605821,-5.541647417603094,29.892040639912487
ELV.N,2025-07-02,-12.216078170233668,1.883021564605821,-6.487487132305306,29.892040639912487
ELV.N,2025-07-17,-13.032324325029432,1.883021564605821,-6.920963928396396,29.892040639912487
WY.N,2020-03-09,-10.494289191015005,2.0024759675913857,-5.240656747375463,31.78832049978146
WY.N,2020-03-12,-18.53537538820507,2.0024759675913857,-9.256228633045595,31.78832049978146
WY.N,2020-03-13,16.101726664355766,2.0024759675913857,8.040908817359348,31.78832049978146
WY.N,2020-03-16,-25.71316282468814,2.0024759675913857,-12.84068485257099,31.78832049978146
WY.N,2020-03-17,11.153609770045803,2.0024759675913857,5.569909427408294,31.78832049978146
WY.N,2020-03-18,-15.371102274054982,2.0024759675913857,-7.676048313600298,31.78832049978146
WY.N,2020-03-24,22.566449878628127,2.0024759675913857,11.269273761008709,31.78832049978146
WY.N,2020-04-06,10.861466753241222,2.0024759675913857,5.424018529573462,31.78832049978146
WY.N,2020-04-08,11.823277703470847,2.0024759675913857,5.904329387629106,31.78832049978146
WY.N,2020-05-01,-19.641213386128342,2.0024759675913857,-9.808463973604212,31.78832049978146
WY.N,2020-05-18,10.09074532873142,2.0024759675913857,5.0391342977607625,31.78832049978146
CMS.N,2020-03-12,-7.142383065114988,1.279345016656648,-5.582843542690617,20.308972530739663
CMS.N,2020-03-16,-9.123131622950353,1.279345016656648,-7.131095602961049,20.308972530739663
CMS.N,2020-03-17,12.944050782020966,1.279345016656648,10.117716967271312,20.308972530739663
CMS.N,2020-03-18,-6.665945637928505,1.279345016656648,-5.2104362397477635,20.308972530739663
CMS.N,2020-03-19,-7.089110999694537,1.279345016656648,-5.541203434098434,20.308972530739663
CMS.N,2020-03-20,-13.108137056117375,1.279345016656648,-10.245974999279925,20.308972530739663
CMS.N,2020-03-26,6.568658653938364,1.279345016656648,5.134391871165796,20.308972530739663
CMS.N,2020-04-06,7.587412142720629,1.279345016656648,5.930700509975837,20.308972530739663
CMS.N,2020-04-20,-6.507689620797574,1.279345016656648,-5.086735427949155,20.308972530739663
CVS.N,2016-11-08,-12.583491189076312,1.7720640028165386,-7.101036513961104,28.130643952453344
CVS.N,2020-03-12,-11.590907902373715,1.7720640028165386,-6.5409081635601165,28.130643952453344
CVS.N,2020-03-16,-13.13301188256606,1.7720640028165386,-7.411138571570948,28.130643952453344
CVS.N,2020-03-17,10.344663947554178,1.7720640028165386,5.8376356221402,28.130643952453344
CVS.N,2020-11-17,-9.009716808029733,1.7720640028165386,-5.084306658060649,28.130643952453344
CVS.N,2022-10-07,-11.069470546382565,1.7720640028165386,-6.2466539181364915,28.130643952453344
CVS.N,2024-05-01,-18.436174023102758,1.7720640028165386,-10.403785638554869,28.130643952453344
CVS.N,2024-11-06,10.73282206676991,1.7720640028165386,6.056678567879625,28.130643952453344
CVS.N,2025-02-12,13.928752155500046,1.7720640028165386,7.860185711893887,28.130643952453344
SPG.N,2020-03-09,-14.451030536920051,2.314362977040718,-6.244063995267499,36.739373284708975
SPG.N,2020-03-12,-19.533193427593254,2.314362977040718,-8.439986994853138,36.739373284708975
SPG.N,2020-03-16,-31.07829926706911,2.314362977040718,-13.428446434451551,36.739373284708975
SPG.N,2020-03-18,-27.027861293508472,2.314362977040718,-11.678315614980974,36.739373284708975
SPG.N,2020-03-19,21.58148921835594,2.314362977040718,9.325023530211892,36.739373284708975
SPG.N,2020-03-20,-14.658458969887578,2.314362977040718,-6.333690572872348,36.739373284708975
SPG.N,2020-03-25,13.019126918336443,2.314362977040718,5.625360864951042,36.739373284708975
SPG.N,2020-04-01,-15.378618191908577,2.314362977040718,-6.644860095183769,36.739373284708975
SPG.N,2020-04-06,14.59222023283302,2.314362977040718,6.305069851874099,36.739373284708975
SPG.N,2020-04-07,11.881017270512872,2.314362977040718,5.133601508655589,36.739373284708975
SPG.N,2020-04-16,-14.229700526937306,2.314362977040718,-6.148430763929799,36.739373284708975
SPG.N,2020-06-03,13.856205879130545,2.314362977040718,5.987049575450741,36.739373284708975
SPG.N,2020-06-05,14.383909142146134,2.314362977040718,6.215061891690929,36.739373284708975
SPG.N,2020-06-11,-14.340669230357861,2.314362977040718,-6.196378602934053,36.739373284708975
SPG.N,2020-11-09,24.58391075166846,2.314362977040718,10.62232285754195,36.739373284708975
MCHP.OQ,2020-03-12,-16.36415340579771,2.534112479609529,-6.457548170205608,40.22778849187231
MCHP.OQ,2020-03-16,-22.683048835634303,2.534112479609529,-8.951082092113543,40.22778849187231
MCHP.OQ,2020-03-24,14.48395235973372,2.534112479609529,5.715591741202227,40.22778849187231
MCHP.OQ,2020-04-06,14.428689827579433,2.534112479609529,5.69378429082307,40.22778849187231
MCHP.OQ,2025-04-03,-18.391694278614466,2.534112479609529,-7.257647174938489,40.22778849187231
MCHP.OQ,2025-04-09,23.94223278566581,2.534112479609529,9.447975564744848,40.22778849187231
MCHP.OQ,2025-04-10,-14.575984936739372,2.534112479609529,-5.751909220298432,40.22778849187231
GEHC.OQ,2024-02-06,11.017115724800952,1.9929725328439303,5.527981717379595,31.63745815012528
GEHC.OQ,2024-04-30,-15.407572573660389,1.9929725328439303,-7.7309507882048445,31.63745815012528
GEHC.OQ,2025-04-04,-17.385747838182564,1.9929725328439303,-8.723526065546656,31.63745815012528
GEHC.OQ,2025-04-09,10.078837721668599,1.9929725328439303,5.057188473785089,31.63745815012528
UAL.OQ,2020-03-12,-28.565737040355632,3.169254932451055,-9.013391995658523,50.3103623557818
UAL.OQ,2020-03-16,-16.037397496123784,3.169254932451055,-5.0603052887641,50.3103623557818
UAL.OQ,2020-03-18,-36.08290725292611,3.169254932451055,-11.385296551394848,50.3103623557818
UAL.OQ,2020-03-24,22.88415724288475,3.169254932451055,7.2206741744143885,50.3103623557818
UAL.OQ,2020-04-01,-20.70300173704438,3.169254932451055,-6.532450742620753,50.3103623557818
UAL.OQ,2020-05-18,19.17316274804883,3.169254932451055,6.049738237125845,50.3103623557818
UAL.OQ,2020-06-11,-17.56970218783298,3.169254932451055,-5.5437958013194075,50.3103623557818
UAL.OQ,2020-06-12,17.418530579300786,3.169254932451055,5.49609638560365,50.3103623557818
UAL.OQ,2020-11-09,17.518349233909714,3.169254932451055,5.527592322893785,50.3103623557818
UAL.OQ,2022-03-07,-16.26311026933065,3.169254932451055,-5.131524795562281,50.3103623557818
UAL.OQ,2024-04-17,16.080662096040797,3.169254932451055,5.073956636112025,50.3103623557818
UAL.OQ,2025-04-03,-16.97070459273462,3.169254932451055,-5.3547931467948295,50.3103623557818
UAL.OQ,2025-04-09,23.225595858107884,3.169254932451055,7.32840883839709,50.3103623557818
BG.N,2016-02-11,-20.10130439762783,1.95679068721058,-10.27258793135529,31.06308915699824
BG.N,2017-05-03,-11.95052325449204,1.95679068721058,-6.107205708101362,31.06308915699824
BG.N,2017-05-23,15.355925948351512,1.95679068721058,7.847505637019103,31.06308915699824
BG.N,2018-01-19,10.771271547446304,1.95679068721058,5.504559898943935,31.06308915699824
BG.N,2020-03-12,-9.869937529104433,1.95679068721058,-5.0439413850513075,31.06308915699824
BG.N,2020-03-16,-13.649963463759773,1.95679068721058,-6.975689097957584,31.06308915699824
BG.N,2020-03-18,-15.410345321032803,1.95679068721058,-7.875316160156285,31.06308915699824
BG.N,2020-05-06,-10.378032043830832,1.95679068721058,-5.303598443952529,31.06308915699824
BG.N,2023-03-14,13.519867465835489,1.95679068721058,6.9092047270054024,31.06308915699824
BG.N,2025-10-15,12.185997835310669,1.95679068721058,6.2275428409166755,31.06308915699824
CCI.N,2020-02-27,-9.193521878779887,1.5714281304653628,-5.850424655473946,24.945648218535073
CCI.N,2020-03-02,8.652273783991227,1.5714281304653628,5.505993953047628,24.945648218535073
CCI.N,2020-03-13,8.459342088624044,1.5714281304653628,5.383219203361781,24.945648218535073
CCI.N,2020-03-16,-13.267511388571585,1.5714281304653628,-8.44296416193246,24.945648218535073
CCI.N,2020-03-23,-9.049592407577656,1.5714281304653628,-5.758833148098035,24.945648218535073
CCI.N,2020-03-26,10.74137361478229,1.5714281304653628,6.835421491151071,24.945648218535073
CCI.N,2020-06-11,-7.9908686363947545,1.5714281304653628,-5.085099650105117,24.945648218535073
CCI.N,2022-11-10,8.27327498268513,1.5714281304653628,5.264812829992475,24.945648218535073
CCI.N,2025-03-14,8.203882116922845,1.5714281304653628,5.220653721206675,24.945648218535073
WEC.N,2020-03-13,8.148544308123107,1.3481886319739274,6.044068400274638,21.40183104364437
WEC.N,2020-03-16,-7.020060110235082,1.3481886319739274,-5.20703108136788,21.40183104364437
WEC.N,2020-03-17,10.031977894688104,1.3481886319739274,7.441078834791802,21.40183104364437
WEC.N,2020-03-19,-14.511923079534128,1.3481886319739274,-10.764015313114415,21.40183104364437
WEC.N,2020-03-20,-19.90743103207091,1.3481886319739274,-14.766057627205909,21.40183104364437
WEC.N,2020-03-24,12.351881551190758,1.3481886319739274,9.161834819142452,21.40183104364437
WEC.N,2020-03-26,7.202682438060304,1.3481886319739274,5.342488630477932,21.40183104364437
WEC.N,2020-04-06,6.834358939019403,1.3481886319739274,5.06928984337525,21.40183104364437
STLD.OQ,2020-03-09,-16.334444991731978,2.4262185556758356,-6.7324705573286385,38.515025547651476
STLD.OQ,2020-03-13,15.3540644731323,2.4262185556758356,6.328392978947994,38.515025547651476
STLD.OQ,2020-03-16,-20.05181517962309,2.4262185556758356,-8.264636808054398,38.515025547651476
STLD.OQ,2020-03-19,17.747110266020538,2.4262185556758356,7.314720359591425,38.515025547651476
STLD.OQ,2020-03-24,15.407082356848134,2.4262185556758356,6.350245043178483,38.515025547651476
STLD.OQ,2023-03-15,-13.356824698224745,2.4262185556758356,-5.50520259890772,38.515025547651476
STLD.OQ,2024-11-06,12.895032949253249,2.4262185556758356,5.314868653974692,38.515025547651476
FCX.N,2016-01-11,-22.731118874273392,3.2292288215945195,-7.039178742077895,51.26241833076758
FCX.N,2016-02-04,16.499010044231465,3.2292288215945195,5.109272509244059,51.26241833076758
FCX.N,2020-03-16,-18.79148594304658,3.2292288215945195,-5.819186865106628,51.26241833076758
FCX.N,2020-03-18,-19.912867511033582,3.2292288215945195,-6.166446731142782,51.26241833076758
FCX.N,2020-03-24,25.993517132481326,3.2292288215945195,8.049450369901727,51.26241833076758
FCX.N,2025-09-24,-18.57666377155467,3.2292288215945195,-5.752662569876958,51.26241833076758
FSLR.OQ,2016-11-03,-16.20261972877568,3.0768784258283453,-5.265927828920856,48.8439307747302
FSLR.OQ,2017-10-27,18.520415382012743,3.0768784258283453,6.019222347736001,48.8439307747302
FSLR.OQ,2020-02-21,-15.919258896588673,3.0768784258283453,-5.17383422203396,48.8439307747302
FSLR.OQ,2023-05-12,23.48764056519146,3.0768784258283453,7.633593959393506,48.8439307747302
FSLR.OQ,2024-05-22,17.1331523567547,3.0768784258283453,5.568355321722592,48.8439307747302
FSLR.OQ,2025-05-13,20.420860969384247,3.0768784258283453,6.636876126779894,48.8439307747302
FSLR.OQ,2025-06-17,-19.70949120213774,3.0768784258283453,-6.405677597362862,48.8439307747302
EW.N,2016-04-04,15.58015786719582,2.0717996977582978,7.52010818615992,32.88880059964343
EW.N,2016-10-26,-18.743665746072537,2.0717996977582978,-9.047045313479542,32.88880059964343
EW.N,2020-03-16,-11.269492391203784,2.0717996977582978,-5.439470043072918,32.88880059964343
EW.N,2020-03-24,16.205135216007704,2.0717996977582978,7.821767342442312,32.88880059964343
EW.N,2022-10-28,-19.698238526721745,2.0717996977582978,-9.507791003172452,32.88880059964343
EW.N,2024-07-25,-37.60012204017356,2.0717996977582978,-18.14853148248702,32.88880059964343
MDT.N,2016-11-22,-9.06054540283705,1.4297765372273306,-6.337036010121944,22.6969988873916
MDT.N,2020-03-12,-9.099238380426833,1.4297765372273306,-6.364098265364163,22.6969988873916
MDT.N,2020-03-16,-13.723754746532357,1.4297765372273306,-9.598531231422998,22.6969988873916
MDT.N,2020-03-18,-7.33123013277206,1.4297765372273306,-5.127535626643462,22.6969988873916
MDT.N,2020-03-24,9.702914237305915,1.4297765372273306,6.786315193087533,22.6969988873916
MDT.N,2020-03-25,7.7444917687926385,1.4297765372273306,5.416574945208579,22.6969988873916
MDT.N,2020-04-06,8.676985793018765,1.4297765372273306,6.0687705855388145,22.6969988873916
MDT.N,2020-04-17,7.670945176735522,1.4297765372273306,5.365135723664392,22.6969988873916
MDT.N,2020-11-09,8.918167372517694,1.4297765372273306,6.237455392723184,22.6969988873916
MDT.N,2025-02-18,-7.5393473945919,1.4297765372273306,-5.273094919582643,22.6969988873916
ALGN.OQ,2018-10-25,-22.569985373007206,3.0677190788332704,-7.357252992536439,48.69853064880591
ALGN.OQ,2019-07-25,-31.45454748369243,3.0677190788332704,-10.253398918018064,48.69853064880591
ALGN.OQ,2020-03-16,-19.163578206154686,3.0677190788332704,-6.246849112873487,48.69853064880591
ALGN.OQ,2020-03-24,18.241836690100577,3.0677190788332704,5.94638434006754,48.69853064880591
ALGN.OQ,2020-10-22,29.98541990722101,3.0677190788332704,9.774499925405559,48.69853064880591
ALGN.OQ,2022-04-28,-16.810136240480755,3.0677190788332704,-5.479685658464551,48.69853064880591
ALGN.OQ,2022-10-27,-19.963351469680912,3.0677190788332704,-6.50755527369653,48.69853064880591
ALGN.OQ,2023-02-02,24.198590291041366,3.0677190788332704,7.888137625771356,48.69853064880591
ALGN.OQ,2023-10-26,-28.614594358757106,3.0677190788332704,-9.327644945129704,48.69853064880591
ALGN.OQ,2025-07-31,-45.61200053419103,3.0677190788332704,-14.86837593732292,48.69853064880591
WST.N,2020-03-16,-11.32164474063364,2.1753397472684384,-5.204540925090053,34.53244793007831
WST.N,2022-10-27,-13.970494714407167,2.1753397472684384,-6.422212774786025,34.53244793007831
WST.N,2023-02-16,13.574525228454348,2.1753397472684384,6.240186272282204,34.53244793007831
WST.N,2024-02-15,-15.18015951343381,2.1753397472684384,-6.978293635509328,34.53244793007831
WST.N,2024-07-25,-15.543843040828076,2.1753397472684384,-7.145478337508608,34.53244793007831
WST.N,2024-10-24,14.353132398193225,2.1753397472684384,6.598110670398209,34.53244793007831
WST.N,2025-02-13,-48.15632970830519,2.1753397472684384,-22.13738326106293,34.53244793007831
WST.N,2025-07-24,20.52554159308846,2.1753397472684384,9.435556730327878,34.53244793007831
V.N,2020-03-12,-7.732884510769988,1.512273315711159,-5.11341728405327,24.00659464638477
V.N,2020-03-13,9.384392888097004,1.512273315711159,6.205487322034718,24.00659464638477
V.N,2020-03-16,-14.55713110005199,1.512273315711159,-9.625992172722018,24.00659464638477
V.N,2020-03-23,-7.853416369923405,1.512273315711159,-5.1931197147588835,24.00659464638477
V.N,2020-03-24,12.964696096999084,1.512273315711159,8.572984765589366,24.00659464638477
V.N,2020-04-06,10.960569036133894,1.512273315711159,7.24774346162393,24.00659464638477
V.N,2022-01-28,10.074156980153237,1.512273315711159,6.661598056047019,24.00659464638477
V.N,2025-04-04,-8.053144883097119,1.512273315711159,-5.325191418397845,24.00659464638477
HPE.N,2016-03-04,12.689175177398626,2.2315774467154075,5.686190813621748,35.425193732336766
HPE.N,2020-03-12,-14.754999579590633,2.2315774467154075,-6.611914635231718,35.425193732336766
HPE.N,2020-03-16,-16.622462975177974,2.2315774467154075,-7.44875021014578,35.425193732336766
HPE.N,2020-03-24,13.257307918271088,2.2315774467154075,5.940778769647509,35.425193732336766
HPE.N,2020-03-26,11.458303292571248,2.2315774467154075,5.1346204943218,35.425193732336766
HPE.N,2020-05-22,-12.201495056296352,2.2315774467154075,-5.467654763340331,35.425193732336766
HPE.N,2025-03-07,-12.75044116526729,2.2315774467154075,-5.713644930420983,35.425193732336766
HPE.N,2025-04-03,-16.41258248840782,2.2315774467154075,-7.354699928772364,35.425193732336766
HPE.N,2025-04-09,14.762032494770905,2.2315774467154075,6.615066179530852,35.425193732336766
INTC.OQ,2020-03-12,-12.609272703210106,2.4994095456611802,-5.044900594662056,39.67689649392252
INTC.OQ,2020-03-13,17.832441181051493,2.4994095456611802,7.134661549167685,39.67689649392252
INTC.OQ,2020-03-16,-19.895742330593524,2.4994095456611802,-7.96017698065181,39.67689649392252
INTC.OQ,2020-07-24,-17.723517663692423,2.4994095456611802,-7.0910818494949535,39.67689649392252
INTC.OQ,2024-01-26,-12.677897849038589,2.4994095456611802,-5.072357137727441,39.67689649392252
INTC.OQ,2024-08-02,-30.18962136572565,2.4994095456611802,-12.078701314929743,39.67689649392252
INTC.OQ,2025-02-18,14.89312712434221,2.4994095456611802,5.958658175966301,39.67689649392252
INTC.OQ,2025-03-13,13.630799850085706,2.4994095456611802,5.4536079826325095,39.67689649392252
INTC.OQ,2025-04-09,17.187928660951222,2.4994095456611802,6.8767956379091215,39.67689649392252
INTC.OQ,2025-09-18,20.515133243208126,2.4994095456611802,8.2079918750495,39.67689649392252
SYF.N,2016-06-14,-14.050137468917656,2.4583940739557257,-5.7151689461689985,39.02579606569069
SYF.N,2017-04-28,-17.298554560110357,2.4583940739557257,-7.0365263012027155,39.02579606569069
SYF.N,2020-03-16,-30.145237141129222,2.4583940739557257,-12.262166371326893,39.02579606569069
SYF.N,2020-03-18,-22.586776261974162,2.4583940739557257,-9.18761418328286,39.02579606569069
SYF.N,2020-03-24,14.1119715835619,2.4583940739557257,5.7403211849005,39.02579606569069
SYF.N,2020-03-26,13.30060445693615,2.4583940739557257,5.410281694803534,39.02579606569069
SYF.N,2020-04-06,15.619710199654602,2.4583940739557257,6.3536234345543345,39.02579606569069
SYF.N,2024-11-06,17.23873586277378,2.4583940739557257,7.012193872984515,39.02579606569069
SYF.N,2025-04-03,-16.750005974550675,2.4583940739557257,-6.813393406696087,39.02579606569069
SYF.N,2025-04-09,14.12587038022397,2.4583940739557257,5.74597479300561,39.02579606569069
MRNA.OQ,2020-02-25,24.537969276109138,4.4120831186059135,5.561538306617941,70.03964817346528
MRNA.OQ,2024-08-01,-23.586886626980874,4.4120831186059135,-5.345975130775329,70.03964817346528
LNT.OQ,2020-03-12,-6.838385806983327,1.3105351904415041,-5.218010059447205,20.804101189841354
LNT.OQ,2020-03-16,-6.787085173389595,1.3105351904415041,-5.178865262750484,20.804101189841354
LNT.OQ,2020-03-17,9.634183646881533,1.3105351904415041,7.351335330137826,20.804101189841354
LNT.OQ,2020-03-18,-6.712604257717025,1.3105351904415041,-5.122032820389681,20.804101189841354
LNT.OQ,2020-03-19,-8.387893140074576,1.3105351904415041,-6.4003570459247205,20.804101189841354
LNT.OQ,2020-03-20,-10.110084186493085,1.3105351904415041,-7.71446982899186,20.804101189841354
LNT.OQ,2020-03-24,9.237332013101529,1.3105351904415041,7.048518865021533,20.804101189841354
LNT.OQ,2020-03-26,8.084330642489856,1.3105351904415041,6.168724580197148,20.804101189841354
LNT.OQ,2020-04-01,-7.1228899102834475,1.3105351904415041,-5.4351000737979644,20.804101189841354
NOW.N,2016-01-28,-17.026765690706114,2.4642057160804978,-6.9096364721482955,39.118053024317014
NOW.N,2016-04-21,13.162895443243405,2.4642057160804978,5.34163822336228,39.118053024317014
NOW.N,2019-01-31,12.58602922479617,2.4642057160804978,5.107539984451941,39.118053024317014
NOW.N,2022-07-12,-13.623838578319702,2.4642057160804978,-5.528693683898044,39.118053024317014
NOW.N,2022-10-27,12.613875122200469,2.4642057160804978,5.118840135743121,39.118053024317014
NOW.N,2024-05-30,-12.798197151469726,2.4642057160804978,-5.193639909181856,39.118053024317014
NOW.N,2024-07-25,12.573120043803065,2.4642057160804978,5.102301306159434,39.118053024317014
NOW.N,2025-04-09,12.678279235718204,2.4642057160804978,5.1449759867792,39.118053024317014
NOW.N,2025-04-24,14.399540259300991,2.4642057160804978,5.843481396595626,39.118053024317014
TKO.N,2017-10-26,12.42073157493997,2.273690342097385,5.462807025640246,36.09371522135432
TKO.N,2018-05-17,14.337609825292574,2.273690342097385,6.3058762047899295,36.09371522135432
TKO.N,2018-05-21,11.799909771024586,2.273690342097385,5.18976113525629,36.09371522135432
TKO.N,2019-04-25,-14.294466684822726,2.273690342097385,-6.286901263624436,36.09371522135432
TKO.N,2019-10-31,-17.02335632762879,2.273690342097385,-7.487104119871245,36.09371522135432
TKO.N,2020-01-31,-24.259311093006765,2.273690342097385,-10.669575642665816,36.09371522135432
TKO.N,2020-03-12,-17.88153141588871,2.273690342097385,-7.864541219537282,36.09371522135432
TKO.N,2020-03-16,-16.386493518350154,2.273690342097385,-7.20700317670976,36.09371522135432
TKO.N,2020-03-25,-12.711176159018844,2.273690342097385,-5.590548512113269,36.09371522135432
TKO.N,2020-04-24,13.662999115222974,2.273690342097385,6.00917322040407,36.09371522135432
TKO.N,2021-02-05,-12.88484969650403,2.273690342097385,-5.666932500851585,36.09371522135432
TKO.N,2023-01-06,15.680440947650709,2.273690342097385,6.896471633505798,36.09371522135432
TKO.N,2023-08-31,-13.087379909794716,2.273690342097385,-5.756008048889433,36.09371522135432
TKO.N,2023-09-21,-15.983382767918553,2.273690342097385,-7.029709574776373,36.09371522135432
TKO.N,2024-01-23,14.657411415264843,2.273690342097385,6.44652930255401,36.09371522135432
DE.N,2016-08-19,12.655363435759437,1.8498245330375227,6.841385877274842,29.36505410114082
DE.N,2016-11-23,10.474082580906163,1.8498245330375227,5.662203302984144,29.36505410114082
DE.N,2020-03-12,-11.2254406505099,1.8498245330375227,-6.068381324836823,29.36505410114082
DE.N,2020-03-16,-14.62777992655866,1.8498245330375227,-7.907658086109913,29.36505410114082
DE.N,2020-03-18,-10.386215174830138,1.8498245330375227,-5.614702902537113,29.36505410114082
DE.N,2020-03-24,12.54012665412727,1.8498245330375227,6.779089816446337,29.36505410114082
DE.N,2021-02-19,9.447719350043293,1.8498245330375227,5.107359742131634,29.36505410114082
DE.N,2022-05-20,-15.166259963737083,1.8498245330375227,-8.198755986241125,29.36505410114082
CRWD.OQ,2020-03-16,-18.075514834856143,3.458358638550034,-5.226616647958339,54.89974141245183
LHX.N,2016-02-02,-10.29035119647741,1.567815547625072,-6.56349607711522,24.888300243818897
LHX.N,2018-07-31,9.241047773106903,1.567815547625072,5.89421873453497,24.888300243818897
LHX.N,2018-10-15,11.214958274192899,1.567815547625072,7.153238332902952,24.888300243818897
LHX.N,2018-10-29,-9.208856552940148,1.567815547625072,-5.873686204279407,24.888300243818897
LHX.N,2019-01-29,8.416902048350927,1.567815547625072,5.368553756914107,24.888300243818897
LHX.N,2020-03-12,-12.624676234846444,1.567815547625072,-8.052398927903422,24.888300243818897
LHX.N,2020-03-16,-15.43102001406318,1.567815547625072,-9.842369555167442,24.888300243818897
LHX.N,2020-03-17,10.421027808913674,1.567815547625072,6.646845558267014,24.888300243818897
LHX.N,2020-03-26,9.370516931044648,1.567815547625072,5.9767980648228125,24.888300243818897
LHX.N,2023-10-09,9.492736645444388,1.567815547625072,6.054753481571217,24.888300243818897
TROW.OQ,2020-03-09,-11.91115408550969,1.846782681652653,-6.449678245222989,29.316766207403322
TROW.OQ,2020-03-12,-14.005102888749565,1.846782681652653,-7.583514307279862,29.316766207403322
TROW.OQ,2020-03-13,15.705872097186901,1.846782681652653,8.504450606571638,29.316766207403322
TROW.OQ,2020-03-16,-9.554313342431264,1.846782681652653,-5.1734908700146995,29.316766207403322
TROW.OQ,2020-03-17,10.27841602355597,1.846782681652653,5.5655796026622895,29.316766207403322
TROW.OQ,2020-03-20,-12.735506364766014,1.846782681652653,-6.8960503535636555,29.316766207403322
TROW.OQ,2022-11-10,15.156010858664981,1.846782681652653,8.206710518371407,29.316766207403322
TROW.OQ,2025-04-09,11.61899175880352,1.846782681652653,6.291477537793397,29.316766207403322
GPC.N,2017-10-19,-8.879331308872018,1.7070937527150658,-5.2014315527485175,27.099273206136342
GPC.N,2020-03-16,-11.08843432430131,1.7070937527150658,-6.4955040147417735,27.099273206136342
GPC.N,2020-03-18,-14.691170920638807,1.7070937527150658,-8.605954357968375,27.099273206136342
GPC.N,2020-03-20,-15.003848099212647,1.7070937527150658,-8.789117806417845,27.099273206136342
GPC.N,2020-03-23,-9.587040897077248,1.7070937527150658,-5.61600139525403,27.099273206136342
GPC.N,2020-03-24,18.994799894814474,1.7070937527150658,11.12698108384732,27.099273206136342
GPC.N,2020-04-06,14.126829244634731,1.7070937527150658,8.275368134975928,27.099273206136342
GPC.N,2023-10-19,-13.367547999935603,1.7070937527150658,-7.830588084968995,27.099273206136342
GPC.N,2024-04-18,10.631099044640724,1.7070937527150658,6.227601165860034,27.099273206136342
GPC.N,2024-10-22,-23.532264265717462,1.7070937527150658,-13.784986459173854,27.099273206136342
NVR.N,2017-01-25,10.096794123640862,1.956531574358213,5.16055772161655,31.058975867985055
NVR.N,2020-03-12,-14.64137537975212,1.956531574358213,-7.483332020621658,31.058975867985055
NVR.N,2020-03-16,-23.0030000636833,1.956531574358213,-11.757029820093145,31.058975867985055
NVR.N,2020-03-19,16.981292121100644,1.956531574358213,8.67928345427847,31.058975867985055
NVR.N,2020-03-20,-15.220197780713285,1.956531574358213,-7.779173093951146,31.058975867985055
NVR.N,2020-03-24,19.12812981654266,1.956531574358213,9.776550538325518,31.058975867985055
NVR.N,2020-03-25,10.155985709638138,1.956531574358213,5.190811046823782,31.058975867985055
NVR.N,2020-04-06,13.0154897894446,1.956531574358213,6.65232800738929,31.058975867985055
NVR.N,2020-05-18,10.375174336814474,1.956531574358213,5.302840226443966,31.058975867985055
NVR.N,2020-06-11,-9.877988301286678,1.956531574358213,-5.04872419681082,31.058975867985055
NVR.N,2020-07-22,10.148755792772768,1.956531574358213,5.187115774557225,31.058975867985055
NVR.N,2022-11-10,10.65427907040295,1.956531574358213,5.445493039844142,31.058975867985055
LVS.N,2016-12-08,-13.672730458091209,2.4120653612675698,-5.668474278369481,38.29035055168295
LVS.N,2020-03-16,-19.34421293461348,2.4120653612675698,-8.01977145612997,38.29035055168295
LVS.N,2020-03-27,-13.862528505825633,2.4120653612675698,-5.747161220598394,38.29035055168295
LVS.N,2022-01-14,13.23690072791841,2.4120653612675698,5.487786915095144,38.29035055168295
LVS.N,2022-03-07,-12.238921607128095,2.4120653612675698,-5.074042272509727,38.29035055168295
LVS.N,2022-03-14,-12.657361917769627,2.4120653612675698,-5.247520287393054,38.29035055168295
LVS.N,2022-05-13,14.030995871399154,2.4120653612675698,5.817004836065344,38.29035055168295
DECK.N,2017-02-03,-17.507384827104254,2.602797341202519,-6.726372641450319,41.31812686753197
DECK.N,2017-05-26,17.234323662681028,2.602797341202519,6.6214619900904745,41.31812686753197
DECK.N,2020-03-12,-15.689291189303445,2.602797341202519,-6.027857390562275,41.31812686753197
DECK.N,2020-03-16,-15.209565585659002,2.602797341202519,-5.843545843885035,41.31812686753197
DECK.N,2020-03-18,-19.447860133253325,2.602797341202519,-7.471907176710198,41.31812686753197
DECK.N,2020-03-24,16.010154961331402,2.602797341202519,6.151133900396005,41.31812686753197
DECK.N,2023-10-27,17.346727920213034,2.602797341202519,6.664647933057542,41.31812686753197
DECK.N,2024-02-02,13.217510030560309,2.602797341202519,5.078194072710127,41.31812686753197
DECK.N,2024-05-24,13.257753044748188,2.602797341202519,5.093655520111669,41.31812686753197
DECK.N,2025-01-31,-22.948335807526288,2.602797341202519,-8.81679700691715,41.31812686753197
DECK.N,2025-04-03,-15.658342691826466,2.602797341202519,-6.0159669152697655,41.31812686753197
DECK.N,2025-04-09,13.031164865120637,2.602797341202519,5.006599883454662,41.31812686753197
DECK.N,2025-05-23,-22.138049383550484,2.602797341202519,-8.505483324845597,41.31812686753197
DECK.N,2025-10-24,-16.503474079490843,2.602797341202519,-6.340668102828962,41.31812686753197
PLD.N,2020-03-09,-9.919522030372807,1.6805579659565564,-5.902517039765848,26.678030650497604
PLD.N,2020-03-11,-9.28521594337166,1.6805579659565564,-5.525079248359405,26.678030650497604
PLD.N,2020-03-13,10.333509740133806,1.6805579659565564,6.148856480682045,26.678030650497604
PLD.N,2020-03-16,-18.95954416857455,1.6805579659565564,-11.281696051336718,26.678030650497604
PLD.N,2020-03-17,9.350109431220055,1.6805579659565564,5.5636934997943195,26.678030650497604
PLD.N,2020-03-24,10.733111496339731,1.6805579659565564,6.386635697049911,26.678030650497604
PLD.N,2020-04-01,-9.262621487395872,1.6805579659565564,-5.511634632682059,26.678030650497604
PLD.N,2020-04-06,8.638836282705675,1.6805579659565564,5.140457192018687,26.678030650497604
PLD.N,2022-11-10,8.41424188155564,1.6805579659565564,5.006814434256268,26.678030650497604
PLD.N,2025-04-03,-10.058488200083282,1.6805579659565564,-5.985207534545286,26.678030650497604
PLD.N,2025-04-09,9.007041883671185,1.6805579659565564,5.359554425452067,26.678030650497604
APP.OQ,2022-05-12,29.771224681171837,4.61889346073262,6.445531799828462,73.32266057640597
APP.OQ,2023-02-09,23.94142481798034,4.61889346073262,5.183368055902918,73.32266057640597
APP.OQ,2023-08-10,23.49740087131975,4.61889346073262,5.087235951875093,73.32266057640597
APP.OQ,2024-11-07,38.02512482513176,4.61889346073262,8.23251827486414,73.32266057640597
URI.N,2016-01-28,-20.302143463657885,2.6214789507395975,-7.744538043278983,41.614688225085104
URI.N,2016-11-09,15.804074815777902,2.6214789507395975,6.02868652114071,41.614688225085104
URI.N,2018-10-18,-16.29759485566531,2.6214789507395975,-6.2169466785408565,41.614688225085104
URI.N,2020-03-09,-15.60255812230773,2.6214789507395975,-5.951815145380352,41.614688225085104
URI.N,2020-03-12,-18.075839889735335,2.6214789507395975,-6.895283246365797,41.614688225085104
URI.N,2020-03-18,-15.712287662228164,2.6214789507395975,-5.993673021023212,41.614688225085104
URI.N,2020-03-24,20.02859024760273,2.6214789507395975,7.640187323248225,41.614688225085104
NI.N,2018-09-14,-12.46172331105111,1.4477399184152397,-8.607708575648218,22.982158723365984
NI.N,2020-03-12,-12.064691123381754,1.4477399184152397,-8.333465817940766,22.982158723365984
NI.N,2020-03-16,-18.438882317381022,1.4477399184152397,-12.736322375889891,22.982158723365984
NI.N,2020-03-17,15.986498109069691,1.4477399184152397,11.04238261701675,22.982158723365984
NI.N,2020-03-20,-10.650272023660312,1.4477399184152397,-7.356481567019698,22.982158723365984
NI.N,2020-03-26,7.263639369882524,1.4477399184152397,5.017226697619574,22.982158723365984
NI.N,2020-04-01,-7.957558945076881,1.4477399184152397,-5.496539014954826,22.982158723365984
NI.N,2020-04-06,8.764108826930528,1.4477399184152397,6.053648666760608,22.982158723365984
NTRS.OQ,2020-03-12,-12.550833568226416,1.8895452747898274,-6.642250776246912,29.995601328546527
NTRS.OQ,2020-03-13,18.76215731556785,1.8895452747898274,9.929456343751673,29.995601328546527
NTRS.OQ,2020-03-16,-20.071452723581107,1.8895452747898274,-10.622371949152495,29.995601328546527
NTRS.OQ,2020-03-17,9.68869145388318,1.8895452747898274,5.127525433314026,29.995601328546527
NTRS.OQ,2020-03-24,10.161400378253749,1.8895452747898274,5.3776961652236634,29.995601328546527
NTRS.OQ,2020-11-09,10.609499971581826,1.8895452747898274,5.614842953557655,29.995601328546527
NTRS.OQ,2022-10-19,-9.600668986051453,1.8895452747898274,-5.080941491131684,29.995601328546527
NTRS.OQ,2023-04-25,-9.709977506655498,1.8895452747898274,-5.138790605446346,29.995601328546527
NTRS.OQ,2023-07-19,12.540923622459665,1.8895452747898274,6.6370061568673355,29.995601328546527
NTRS.OQ,2025-04-09,9.933886948496262,1.8895452747898274,5.257289719930738,29.995601328546527
NOC.N,2020-03-12,-8.99759970904519,1.538263865886521,-5.849191356945616,24.419181839595293
NOC.N,2020-03-13,7.938049984852924,1.538263865886521,5.160395534792157,24.419181839595293
NOC.N,2020-03-16,-10.698699222033259,1.538263865886521,-6.955048128799061,24.419181839595293
NOC.N,2020-03-17,12.222796691474613,1.538263865886521,7.945838787827509,24.419181839595293
NOC.N,2020-03-19,-8.42232606459472,1.538263865886521,-5.475215436943795,24.419181839595293
NOC.N,2020-03-26,10.782314880126798,1.538263865886521,7.009405290757975,24.419181839595293
NOC.N,2021-10-28,-7.907276300450583,1.538263865886521,-5.140390069484938,24.419181839595293
NOC.N,2022-10-14,-7.719000799796483,1.538263865886521,-5.017995267897633,24.419181839595293
NOC.N,2023-10-09,10.821297881296221,1.538263865886521,7.034747497666643,24.419181839595293
NOC.N,2025-04-22,-13.532634597884208,1.538263865886521,-8.797342834342128,24.419181839595293
NOC.N,2025-07-22,8.99519927619048,1.538263865886521,5.847630875088151,24.419181839595293
VRT.N,2020-03-12,-20.223686649489636,3.398031532476208,-5.9515888702634445,53.94207829252649
VRT.N,2020-03-18,-26.360641492739067,3.398031532476208,-7.757621211222128,53.94207829252649
VRT.N,2020-03-19,19.362783611568002,3.398031532476208,5.698235412623727,53.94207829252649
VRT.N,2022-02-23,-45.79155141515345,3.398031532476208,-13.475905381544328,53.94207829252649
VRT.N,2023-08-02,25.657759832518057,3.398031532476208,7.550771553264774,53.94207829252649
VRT.N,2025-01-27,-35.495807134594145,3.398031532476208,-10.445991096712307,53.94207829252649
MS.N,2016-06-24,-10.703122365223638,1.9597223253659166,-5.461550458800415,31.109627469956536
MS.N,2020-03-09,-10.951188678030244,1.9597223253659166,-5.588132837128062,31.109627469956536
MS.N,2020-03-12,-16.346067690773893,1.9597223253659166,-8.341012131768094,31.109627469956536
MS.N,2020-03-13,18.0403397638051,1.9597223253659166,9.205559139832035,31.109627469956536
MS.N,2020-03-16,-16.960278438617983,1.9597223253659166,-8.654429364349452,31.109627469956536
MS.N,2020-03-24,17.775643593927537,1.9597223253659166,9.070490938357041,31.109627469956536
MS.N,2024-11-06,10.985764584080027,1.9597223253659166,5.605776105055485,31.109627469956536
MS.N,2025-04-03,-9.990696175332214,1.9597223253659166,-5.098016206692326,31.109627469956536
MS.N,2025-04-09,10.755131517976135,1.9597223253659166,5.4880895006224675,31.109627469956536
YUM.N,2018-05-02,-7.723808782026609,1.402351395041015,-5.507755623404724,22.261638252018138
YUM.N,2020-03-16,-11.65252239234622,1.402351395041015,-8.309274289990217,22.261638252018138
YUM.N,2020-03-18,-7.6118519382197825,1.402351395041015,-5.427920537703145,22.261638252018138
YUM.N,2020-03-20,-7.494390758951219,1.402351395041015,-5.344160376245805,22.261638252018138
YUM.N,2020-03-24,20.903170712152797,1.402351395041015,14.905800918422045,22.261638252018138
YUM.N,2020-03-27,-10.016683879174693,1.402351395041015,-7.142777419836155,22.261638252018138
YUM.N,2020-04-06,10.772738066809229,1.402351395041015,7.6819106144891425,22.261638252018138
YUM.N,2025-02-06,9.277884013755866,1.402351395041015,6.615948075898989,22.261638252018138
YUM.N,2025-04-04,-8.81325322912856,1.402351395041015,-6.284625422910351,22.261638252018138
YUM.N,2025-11-04,7.042676906558398,1.402351395041015,5.022048633076319,22.261638252018138
RMD.N,2018-01-23,13.691100269460676,1.9503537816791225,7.01980348287046,30.960906449503927
RMD.N,2019-01-25,-21.550020200164166,1.9503537816791225,-11.049287776708416,30.960906449503927
RMD.N,2019-10-25,12.169856602084117,1.9503537816791225,6.2398200349101245,30.960906449503927
RMD.N,2020-03-12,-12.088007312834925,1.9503537816791225,-6.1978536542370115,30.960906449503927
RMD.N,2020-03-17,15.732530208200934,1.9503537816791225,8.066500732321646,30.960906449503927
RMD.N,2020-03-19,-10.88445202821875,1.9503537816791225,-5.580757773519414,30.960906449503927
RMD.N,2020-03-20,-17.421344382159454,1.9503537816791225,-8.932402185597761,30.960906449503927
RMD.N,2020-03-24,10.695778910641884,1.9503537816791225,5.484019879425948,30.960906449503927
RMD.N,2020-08-06,-14.525591876410626,1.9503537816791225,-7.447670270316329,30.960906449503927
RMD.N,2021-04-30,-10.082291812679234,1.9503537816791225,-5.16946817925467,30.960906449503927
RMD.N,2023-08-04,-20.461876831499914,1.9503537816791225,-10.49136675802665,30.960906449503927
RMD.N,2024-04-26,17.29916491474377,1.9503537816791225,8.86975741388332,30.960906449503927
RMD.N,2024-06-24,-12.194560054505121,1.9503537816791225,-6.252486174075777,30.960906449503927
SYK.N,2019-01-30,10.772315360841134,1.6052511690832543,6.710672802059452,25.482572311139922
SYK.N,2020-03-12,-12.974790714635187,1.6052511690832543,-8.082716876041887,25.482572311139922
SYK.N,2020-03-16,-13.306197842742495,1.6052511690832543,-8.289168760015018,25.482572311139922
SYK.N,2020-03-23,-9.6961707842798,1.6052511690832543,-6.040282649236259,25.482572311139922
SYK.N,2020-03-24,12.567452112930244,1.6052511690832543,7.828963065080596,25.482572311139922
SYK.N,2020-04-01,-14.047996091526205,1.6052511690832543,-8.751276038346635,25.482572311139922
SYK.N,2020-04-06,11.225236024949048,1.6052511690832543,6.9928222082278175,25.482572311139922
SYK.N,2020-04-17,8.074212375562606,1.6052511690832543,5.029874782881312,25.482572311139922
SYK.N,2020-06-11,-9.161827100493003,1.6052511690832543,-5.707410327397704,25.482572311139922
SYK.N,2020-11-09,9.345996164145642,1.6052511690832543,5.822139453405952,25.482572311139922
SYK.N,2022-04-22,-8.385509837168925,1.6052511690832543,-5.223799240063983,25.482572311139922
SYK.N,2023-02-01,9.444659868422267,1.6052511690832543,5.883602547890393,25.482572311139922
CL.N,2018-10-26,-6.874667356496111,1.1977143724612873,-5.739822043187776,19.01312622732213
CL.N,2020-01-31,6.019268746373996,1.1977143724612873,5.025629553066544,19.01312622732213
CL.N,2020-03-02,6.9594535451130035,1.1977143724612873,5.810612033327627,19.01312622732213
CL.N,2020-03-12,-7.549332340536097,1.1977143724612873,-6.3031157629195995,19.01312622732213
CL.N,2020-03-13,7.839187615937249,1.1977143724612873,6.545122773994788,19.01312622732213
CL.N,2020-03-16,-10.295145643443337,1.1977143724612873,-8.595660100735827,19.01312622732213
CL.N,2020-03-17,11.874503669257486,1.1977143724612873,9.914303395103738,19.01312622732213
CL.N,2020-03-20,-7.10311707497544,1.1977143724612873,-5.930560105393599,19.01312622732213
CL.N,2020-03-26,6.355707457372617,1.1977143724612873,5.306530174061217,19.01312622732213
SO.N,2020-03-09,-7.303873000649563,1.3501671086161062,-5.409606673159061,21.433238386664105
SO.N,2020-03-12,-10.865074741173375,1.3501671086161062,-8.047207395171887,21.433238386664105
SO.N,2020-03-16,-12.517549557183472,1.3501671086161062,-9.271111314519953,21.433238386664105
SO.N,2020-03-17,17.204918052960096,1.3501671086161062,12.742806385347947,21.433238386664105
SO.N,2020-03-19,-9.405917436907751,1.3501671086161062,-6.966483909201895,21.433238386664105
SO.N,2020-03-20,-9.342590508492599,1.3501671086161062,-6.919580879190994,21.433238386664105
SO.N,2020-03-23,-6.990231979201056,1.3501671086161062,-5.177308745408486,21.433238386664105
SO.N,2020-03-24,12.61015929484155,1.3501671086161062,9.339702629674267,21.433238386664105
SO.N,2020-03-26,9.505631286550331,1.3501671086161062,7.040336878220511,21.433238386664105
SO.N,2020-03-31,-6.869729770219379,1.3501671086161062,-5.088058897583953,21.433238386664105
SO.N,2020-04-01,-7.675419145600815,1.3501671086161062,-5.684791976208014,21.433238386664105
SO.N,2020-04-06,9.717111604875406,1.3501671086161062,7.196969577221628,21.433238386664105
GS.N,2020-03-09,-10.971995958833691,1.8323109964411828,-5.988064242447988,29.087035326673956
GS.N,2020-03-12,-13.169635451622508,1.8323109964411828,-7.187445513999158,29.087035326673956
GS.N,2020-03-13,16.195134078850515,1.8323109964411828,8.838638260811408,29.087035326673956
GS.N,2020-03-16,-13.588056443145646,1.8323109964411828,-7.415802486333996,29.087035326673956
GS.N,2020-03-18,-12.504130419694626,1.8323109964411828,-6.824240232133546,29.087035326673956
GS.N,2020-03-24,12.929928919238076,1.8323109964411828,7.056623544993895,29.087035326673956
GS.N,2020-06-11,-9.520246735898485,1.8323109964411828,-5.195759210302859,29.087035326673956
GS.N,2024-11-06,12.308246512288168,1.8323109964411828,6.717334849921183,29.087035326673956
GS.N,2025-04-03,-9.663764547316145,1.8323109964411828,-5.27408533053922,29.087035326673956
GS.N,2025-04-09,11.175042399719981,1.8323109964411828,6.098878640921097,29.087035326673956
SLB.N,2020-03-09,-32.04998481462322,2.500942681479651,-12.815161679619644,39.70123427053308
SLB.N,2020-03-12,-18.670398798044285,2.500942681479651,-7.465344542401979,39.70123427053308
SLB.N,2020-03-18,-14.999266967859448,2.500942681479651,-5.9974453148943505,39.70123427053308
SLB.N,2020-03-19,14.066357439007637,2.500942681479651,5.624422160161405,39.70123427053308
SLB.N,2020-03-24,13.265415683553128,2.500942681479651,5.304166217717877,39.70123427053308
SLB.N,2020-11-09,18.155472759496092,2.500942681479651,7.259451763506486,39.70123427053308
BA.N,2020-03-09,-14.390461731313131,2.5689383960672676,-5.60171538303261,40.78063277663484
BA.N,2020-03-11,-20.029079370306047,2.5689383960672676,-7.7966366966869005,40.78063277663484
BA.N,2020-03-12,-19.97778802155885,2.5689383960672676,-7.776670725986429,40.78063277663484
BA.N,2020-03-16,-27.244427470399035,2.5689383960672676,-10.605325340657036,40.78063277663484
BA.N,2020-03-18,-19.75161609993128,2.5689383960672676,-7.688629719641624,40.78063277663484
BA.N,2020-03-24,18.967938642271154,2.5689383960672676,7.383570844403573,40.78063277663484
BA.N,2020-03-25,21.767751188265105,2.5689383960672676,8.473442267665463,40.78063277663484
BA.N,2020-03-26,12.8803102139317,2.5689383960672676,5.013864962137625,40.78063277663484
BA.N,2020-04-01,-13.198084148547284,2.5689383960672676,-5.137563504345588,40.78063277663484
BA.N,2020-04-06,17.79351435957448,2.5689383960672676,6.92640757240975,40.78063277663484
BA.N,2020-04-17,13.732335969473297,2.5689383960672676,5.345529495956709,40.78063277663484
BA.N,2020-06-11,-17.942520956413333,2.5689383960672676,-6.98441075265999,40.78063277663484
BA.N,2020-06-29,13.452348900537636,2.5689383960672676,5.236540090307945,40.78063277663484
BA.N,2025-04-09,14.300996737820793,2.5689383960672676,5.566889715889599,40.78063277663484
HST.OQ,2020-03-09,-10.899928910970136,2.1092742751157014,-5.167620465276967,33.483691072693084
HST.OQ,2020-03-16,-17.064589922971507,2.1092742751157014,-8.090265985932746,33.483691072693084
HST.OQ,2020-03-19,10.589742835171956,2.1092742751157014,5.020562266417946,33.483691072693084
HST.OQ,2020-04-06,13.985791625270982,2.1092742751157014,6.6306178339485085,33.483691072693084
HST.OQ,2020-05-18,15.783601347937104,2.1092742751157014,7.482953513511806,33.483691072693084
HST.OQ,2020-11-09,26.306098806503186,2.1092742751157014,12.471634967937113,33.483691072693084
HST.OQ,2025-04-09,11.304743091054892,2.1092742751157014,5.35954153730661,33.483691072693084
CBRE.N,2020-03-09,-10.438383385634431,2.0399895133710166,-5.116880904150013,32.3838295773563
CBRE.N,2020-03-12,-10.964058628061801,2.0399895133710166,-5.37456617114862,32.3838295773563
CBRE.N,2020-03-16,-18.88108722337045,2.0399895133710166,-9.255482491265392,32.3838295773563
CBRE.N,2020-03-19,10.468461161046516,2.0399895133710166,5.1316249874969815,32.3838295773563
CBRE.N,2020-03-20,-14.080203683846104,2.0399895133710166,-6.9020961095917714,32.3838295773563
CBRE.N,2020-03-23,-13.846389436931661,2.0399895133710166,-6.787480693491875,32.3838295773563
CBRE.N,2020-03-24,12.671977817833202,2.0399895133710166,6.211785763983252,32.3838295773563
CBRE.N,2020-03-26,12.705094258716532,2.0399895133710166,6.228019396884926,32.3838295773563
CBRE.N,2020-04-06,11.3831576944456,2.0399895133710166,5.580007946038556,32.3838295773563
CBRE.N,2020-06-11,-10.291745607955116,2.0399895133710166,-5.04499927107387,32.3838295773563
CBRE.N,2020-10-29,15.532095497544862,2.0399895133710166,7.613811441549314,32.3838295773563
CBRE.N,2020-11-09,10.660328623984272,2.0399895133710166,5.225678148888337,32.3838295773563
IBKR.OQ,2020-03-18,-10.937962486000385,2.0375178731855548,-5.368278055347531,32.344593505789305
IBKR.OQ,2020-03-24,14.389417966006901,2.0375178731855548,7.062229075571143,32.344593505789305
IBKR.OQ,2024-11-06,10.28462219708488,2.0375178731855548,5.047623057659564,32.344593505789305
IBKR.OQ,2025-03-10,-13.942895936462119,2.0375178731855548,-6.843079081639228,32.344593505789305
IBKR.OQ,2025-04-09,14.945615560750136,2.0375178731855548,7.3352070955743,32.344593505789305
IFF.N,2016-02-11,-13.773936417698085,1.8629243191653946,-7.393717649179072,29.573006759075714
IFF.N,2018-05-07,-11.356226868818542,1.8629243191653946,-6.095914231183704,29.573006759075714
IFF.N,2019-08-06,-17.372077602135505,1.8629243191653946,-9.325165506411091,29.573006759075714
IFF.N,2019-12-16,-11.019879229807561,1.8629243191653946,-5.915366027721705,29.573006759075714
IFF.N,2020-03-12,-10.747954169912877,1.8629243191653946,-5.769399250060812,29.573006759075714
IFF.N,2020-04-06,9.723864360047685,1.8629243191653946,5.219677611167831,29.573006759075714
IFF.N,2021-02-01,14.6801645756522,1.8629243191653946,7.88017227786743,29.573006759075714
IFF.N,2023-02-09,-20.761200013063075,1.8629243191653946,-11.144414080312325,29.573006759075714
IFF.N,2023-08-08,-21.52707151879527,1.8629243191653946,-11.55552659725843,29.573006759075714
IFF.N,2024-11-06,-12.369096780180922,1.8629243191653946,-6.639613135611638,29.573006759075714
CHD.N,2016-11-03,-6.8539459554449955,1.3391373590923965,-5.118179930466785,21.258146541085686
CHD.N,2018-11-01,8.859621894238057,1.3391373590923965,6.615917205269135,21.258146541085686
CHD.N,2019-02-05,-7.808144827332608,1.3391373590923965,-5.830727351691985,21.258146541085686
CHD.N,2019-10-31,-7.530216057932559,1.3391373590923965,-5.623184213930213,21.258146541085686
CHD.N,2020-03-02,7.534015697302987,1.3391373590923965,5.626021592295196,21.258146541085686
CHD.N,2020-03-12,-7.5897435060966245,1.3391373590923965,-5.667636299267008,21.258146541085686
CHD.N,2020-03-17,12.811795785232327,1.3391373590923965,9.567200629751344,21.258146541085686
CHD.N,2020-03-23,-7.711922855204101,1.3391373590923965,-5.758873653133593,21.258146541085686
CHD.N,2020-07-31,6.730368189610658,1.3391373590923965,5.025898309768746,21.258146541085686
CHD.N,2022-05-18,-7.134808079746602,1.3391373590923965,-5.327913549198743,21.258146541085686
CHD.N,2022-07-29,-8.95374551085899,1.3391373590923965,-6.686203958141689,21.258146541085686
CHD.N,2025-05-01,-7.263780467674508,1.3391373590923965,-5.42422360063015,21.258146541085686
CHD.N,2025-10-31,6.953062418256284,1.3391373590923965,5.192195088163875,21.258146541085686
SHW.N,2016-10-25,-11.53344381076682,1.6366746087107045,-7.046876483195597,25.981403950694837
SHW.N,2020-03-16,-20.674164128606343,1.6366746087107045,-12.631810879556859,25.981403950694837
SHW.N,2020-03-19,9.975480168480022,1.6366746087107045,6.094968490003176,25.981403950694837
SHW.N,2020-03-24,13.496092241420143,1.6366746087107045,8.246044858025709,25.981403950694837
SHW.N,2020-04-06,8.78958431648984,1.6366746087107045,5.370392055763523,25.981403950694837
SHW.N,2022-04-26,8.997381526500892,1.6366746087107045,5.497355111770571,25.981403950694837
SHW.N,2022-07-27,-9.18672950611974,1.6366746087107045,-5.613045780282872,25.981403950694837
SHW.N,2023-01-26,-9.33856094082346,1.6366746087107045,-5.705814027493186,25.981403950694837
BLK.N,2020-03-10,9.115542407475541,1.7124593012551284,5.323070977975595,27.184448648643052
BLK.N,2020-03-12,-10.963132682014276,1.7124593012551284,-6.401981450875339,27.184448648643052
BLK.N,2020-03-16,-14.681464352374984,1.7124593012551284,-8.573321620907642,27.184448648643052
BLK.N,2020-03-20,-11.351392493109369,1.7124593012551284,-6.628707896759643,27.184448648643052
BLK.N,2020-03-24,12.684332687701083,1.7124593012551284,7.407085633161757,27.184448648643052
BLK.N,2020-03-26,11.855230690669671,1.7124593012551284,6.922926975245782,27.184448648643052
BLK.N,2022-11-10,12.635801471770325,1.7124593012551284,7.378745563476488,27.184448648643052
BLK.N,2025-04-09,9.507388543394146,1.7124593012551284,5.551891677907796,27.184448648643052
HON.OQ,2016-10-07,-7.795452817532045,1.437358043416544,-5.423459278804714,22.817351567031338
HON.OQ,2020-03-12,-12.882064817427796,1.437358043416544,-8.962321445537418,22.817351567031338
HON.OQ,2020-03-13,10.25311552772541,1.437358043416544,7.133306537426231,22.817351567031338
HON.OQ,2020-03-16,-9.94214237618909,1.437358043416544,-6.916956023397625,22.817351567031338
HON.OQ,2020-03-18,-9.704917200703278,1.437358043416544,-6.751913516019341,22.817351567031338
HON.OQ,2020-03-23,-7.990938322830132,1.437358043416544,-5.559462626191581,22.817351567031338
HON.OQ,2020-03-24,14.035621146261601,1.437358043416544,9.764874667483321,22.817351567031338
HON.OQ,2020-03-25,8.143846210588457,1.437358043416544,5.6658438361195325,22.817351567031338
HON.OQ,2020-05-18,8.136059030303677,1.437358043416544,5.660426132214478,22.817351567031338
HON.OQ,2022-02-03,-7.923198685019717,1.437358043416544,-5.51233474589712,22.817351567031338
HON.OQ,2025-04-04,-7.8950632763920225,1.437358043416544,-5.492760354703108,22.817351567031338
HON.OQ,2025-04-09,8.508637833387045,1.437358043416544,5.919636984228609,22.817351567031338
GPN.N,2020-03-16,-21.280639030612658,2.107756485171673,-10.096346129320242,33.45959690428708
GPN.N,2020-03-24,19.61963097004409,2.107756485171673,9.308300606863561,33.45959690428708
GPN.N,2020-04-06,12.934608268385173,2.107756485171673,6.136671081019909,33.45959690428708
GPN.N,2020-11-09,10.773863806279405,2.107756485171673,5.111531565470142,33.45959690428708
GPN.N,2021-08-02,-11.853948735228403,2.107756485171673,-5.62396501617829,33.45959690428708
GPN.N,2022-11-03,-13.132947898898095,2.107756485171673,-6.230770960160723,33.45959690428708
GPN.N,2024-05-01,-11.841449669483328,2.107756485171673,-5.6180349830682,33.45959690428708
GPN.N,2025-04-09,12.731480244676696,2.107756485171673,6.040299405668649,33.45959690428708
GPN.N,2025-04-17,-19.149330351857152,2.107756485171673,-9.085172071145342,33.45959690428708
ADP.OQ,2017-07-27,8.714504107625398,1.4908316123001015,5.845397988429014,23.66621815691719
ADP.OQ,2020-03-12,-12.759385864106498,1.4908316123001015,-8.558569431205527,23.66621815691719
ADP.OQ,2020-03-13,10.359352714445436,1.4908316123001015,6.948707438838584,23.66621815691719
ADP.OQ,2020-03-16,-16.549506150267845,1.4908316123001015,-11.100855397568845,23.66621815691719
ADP.OQ,2020-03-18,-9.554206386333508,1.4908316123001015,-6.4086422017795694,23.66621815691719
ADP.OQ,2020-03-24,10.34700344905719,1.4908316123001015,6.940423964510325,23.66621815691719
ADP.OQ,2020-03-26,11.157333205077435,1.4908316123001015,7.483966071703802,23.66621815691719
ADP.OQ,2020-04-06,8.266578929502888,1.4908316123001015,5.544944755195359,23.66621815691719
ADP.OQ,2020-06-11,-8.733768689369992,1.4908316123001015,-5.858320025757477,23.66621815691719
ADP.OQ,2022-01-26,-9.380817300710653,1.4908316123001015,-6.2923386003585176,23.66621815691719
ADP.OQ,2023-10-25,-9.65044880486463,1.4908316123001015,-6.473198398292358,23.66621815691719
AMT.N,2020-03-13,9.270676799170285,1.6037848213340964,5.780499151662093,25.459294762261052
AMT.N,2020-03-16,-16.44480170564453,1.6037848213340964,-10.253745693867488,25.459294762261052
AMT.N,2020-03-17,11.530840483351312,1.6037848213340964,7.189767810471899,25.459294762261052
AMT.N,2020-03-23,-8.710908844777165,1.6037848213340964,-5.431469813719188,25.459294762261052
AMT.N,2020-03-26,10.896737258882006,1.6037848213340964,6.794388570043727,25.459294762261052
AMT.N,2020-04-08,9.012006097017622,1.6037848213340964,5.6192114909287225,25.459294762261052
AMT.N,2022-11-10,9.42062171907354,1.6037848213340964,5.873993564321844,25.459294762261052
GLW.N,2018-07-25,10.733643686199823,1.88170535642821,5.704210624438071,29.871146482843198
GLW.N,2019-01-29,10.49651806062255,1.88170535642821,5.57819428252396,29.871146482843198
GLW.N,2020-03-12,-12.303438085904528,1.88170535642821,-6.538450902461425,29.871146482843198
GLW.N,2020-03-13,10.78001362871972,1.88170535642821,5.728853134149536,29.871146482843198
GLW.N,2020-03-16,-17.91686377343393,1.88170535642821,-9.5216095932485,29.871146482843198
GLW.N,2020-03-17,12.32478478147403,1.88170535642821,6.549795237267392,29.871146482843198
GLW.N,2020-03-20,-12.025435200683443,1.88170535642821,-6.3907110428328275,29.871146482843198
GLW.N,2020-03-24,12.03462579656498,1.88170535642821,6.395595227197898,29.871146482843198
GLW.N,2020-04-06,9.576690509200825,1.88170535642821,5.089367725125137,29.871146482843198
GLW.N,2022-01-26,10.581367075791137,1.88170535642821,5.6232858346517824,29.871146482843198
GLW.N,2024-07-08,11.326364677164813,1.88170535642821,6.0192020171872915,29.871146482843198
GLW.N,2025-04-03,-9.576150638974834,1.88170535642821,-5.0890808203639075,29.871146482843198
GLW.N,2025-04-09,9.906200800851783,1.88170535642821,5.264480311442276,29.871146482843198
GLW.N,2025-07-29,11.205166948034417,1.88170535642821,5.954793565185832,29.871146482843198
AWK.N,2020-03-12,-9.456240670704208,1.4634735935233985,-6.461504131371276,23.231923072637635
AWK.N,2020-03-13,8.386297140749743,1.4634735935233985,5.730405507733994,23.231923072637635
AWK.N,2020-03-16,-7.676774779105244,1.4634735935233985,-5.245584760175248,23.231923072637635
AWK.N,2020-03-17,15.334474715719715,1.4634735935233985,10.478135569772098,23.231923072637635
AWK.N,2020-03-19,-12.217458322038866,1.4634735935233985,-8.348260177776504,23.231923072637635
AWK.N,2020-03-20,-13.392857265158842,1.4634735935233985,-9.151417097260191,23.231923072637635
AWK.N,2020-03-26,7.724602978042139,1.4634735935233985,5.278266046088816,23.231923072637635
PNW.N,2020-03-11,-7.15282736578029,1.4088475232216193,-5.077077006476812,22.364761089922204
PNW.N,2020-03-12,-11.152127443240722,1.4088475232216193,-7.9157802809910125,22.364761089922204
PNW.N,2020-03-16,-18.033750205926236,1.4088475232216193,-12.800356254797794,22.364761089922204
PNW.N,2020-03-17,9.409482883904019,1.4088475232216193,6.678851138118413,22.364761089922204
PNW.N,2020-03-18,-13.210059981673883,1.4088475232216193,-9.376500837696309,22.364761089922204
PNW.N,2020-03-24,12.153796510197612,1.4088475232216193,8.626765004636882,22.364761089922204
PNW.N,2020-03-26,8.795138829312865,1.4088475232216193,6.24278971595235,22.364761089922204
PNW.N,2020-04-06,8.621671220464133,1.4088475232216193,6.119662403741826,22.364761089922204
PNW.N,2021-10-07,-8.419664552888406,1.4088475232216193,-5.976278067079334,22.364761089922204
PGR.N,2018-11-14,-9.964979604986546,1.5080085256494196,-6.60803930183031,23.938893203001193
PGR.N,2020-03-12,-7.590182331462714,1.5080085256494196,-5.033248952086676,23.938893203001193
PGR.N,2020-03-13,11.455397774890663,1.5080085256494196,7.596374675638805,23.938893203001193
PGR.N,2020-03-26,8.05814089766983,1.5080085256494196,5.343564549278403,23.938893203001193
PGR.N,2020-11-09,-7.991504755565959,1.5080085256494196,-5.299376375955461,23.938893203001193
PGR.N,2023-07-13,-14.061765621004607,1.5080085256494196,-9.324725544869812,23.938893203001193
PGR.N,2023-08-16,8.497011069617688,1.5080085256494196,5.634590869410685,23.938893203001193
PGR.N,2023-10-13,7.816214939963118,1.5080085256494196,5.183137102356293,23.938893203001193
PGR.N,2025-04-04,-10.791895408093133,1.5080085256494196,-7.156388856253736,23.938893203001193
BRKb.N,2018-02-05,-6.072026525775875,1.2039743093144926,-5.0433190133708985,19.112499644141423
BRKb.N,2020-03-09,-6.441553941314826,1.2039743093144926,-5.35024202051492,19.112499644141423
BRKb.N,2020-03-12,-10.083817251159743,1.2039743093144926,-8.375442210973066,19.112499644141423
BRKb.N,2020-03-13,10.983986995669515,1.2039743093144926,9.123107453948474,19.112499644141423
BRKb.N,2020-03-16,-9.966281598577087,1.2039743093144926,-8.277819154008023,19.112499644141423
BRKb.N,2020-03-18,-8.426268669319015,1.2039743093144926,-6.998711354660618,19.112499644141423
BRKb.N,2020-03-24,9.45080324747316,1.2039743093144926,7.849671852926969,19.112499644141423
BRKb.N,2020-06-11,-7.30441230476826,1.2039743093144926,-6.066917083078938,19.112499644141423
BRKb.N,2025-04-04,-7.1574938493033535,1.2039743093144926,-5.944889184038004,19.112499644141423
LUV.N,2016-07-21,-11.885427303788232,2.265389233084011,-5.246527674013831,35.96193920102178
LUV.N,2020-03-12,-16.380725921127272,2.265389233084011,-7.230865973008621,35.96193920102178
LUV.N,2020-03-13,13.491662625785938,2.265389233084011,5.955560496515172,35.96193920102178
LUV.N,2020-03-19,-13.016377132165902,2.265389233084011,-5.745757480468786,35.96193920102178
LUV.N,2020-03-27,-12.51469736288322,2.265389233084011,-5.524303364789197,35.96193920102178
LUV.N,2020-05-18,12.6542215746265,2.265389233084011,5.5858928743117335,35.96193920102178
LUV.N,2020-05-26,11.905229100476644,2.265389233084011,5.255268686992626,35.96193920102178
LUV.N,2020-06-11,-12.335182441105852,2.265389233084011,-5.445060946243319,35.96193920102178
LUV.N,2024-03-12,-16.088337852680823,2.265389233084011,-7.101798497902631,35.96193920102178
LUV.N,2025-04-09,14.283144708731976,2.265389233084011,6.304940669858958,35.96193920102178
LUV.N,2025-07-24,-11.838417784460953,2.265389233084011,-5.225776485370066,35.96193920102178
IVZ.N,2016-06-24,-14.703001953655725,2.4450310993072386,-6.013421243525937,38.81366541951495
IVZ.N,2020-03-09,-12.399512616428288,2.4450310993072386,-5.071310798435855,38.81366541951495
IVZ.N,2020-03-12,-16.632121544751357,2.4450310993072386,-6.802417175578587,38.81366541951495
IVZ.N,2020-03-13,13.353139262452274,2.4450310993072386,5.4613371855415975,38.81366541951495
IVZ.N,2020-03-16,-21.049243376065085,2.4450310993072386,-8.60898799284355,38.81366541951495
IVZ.N,2020-03-17,15.137131075285337,2.4450310993072386,6.190976908054137,38.81366541951495
IVZ.N,2020-03-20,-14.052442811549293,2.4450310993072386,-5.747347269133236,38.81366541951495
IVZ.N,2020-04-01,-12.538343153293408,2.4450310993072386,-5.128091481881744,38.81366541951495
IVZ.N,2020-04-06,13.736526313524422,2.4450310993072386,5.618139710949465,38.81366541951495
IVZ.N,2020-04-23,-23.740599823477382,2.4450310993072386,-9.709733275050738,38.81366541951495
IVZ.N,2022-11-10,16.42459100667244,2.4450310993072386,6.7175386895185465,38.81366541951495
IVZ.N,2025-04-03,-12.618342106827418,2.4450310993072386,-5.160810474109154,38.81366541951495
IVZ.N,2025-07-18,14.21744887805425,2.4450310993072386,5.814833554502657,38.81366541951495
CTAS.OQ,2016-07-20,9.239445338676022,1.6456035160999236,5.614624208250044,26.12314596128324
CTAS.OQ,2017-07-21,8.79114818436233,1.6456035160999236,5.342203087410344,26.12314596128324
CTAS.OQ,2019-07-17,8.380083277982031,1.6456035160999236,5.092407251196697,26.12314596128324
CTAS.OQ,2020-03-12,-10.393719829051484,1.6456035160999236,-6.316053488804263,26.12314596128324
CTAS.OQ,2020-03-16,-18.465616261560758,1.6456035160999236,-11.221181822292301,26.12314596128324
CTAS.OQ,2020-03-18,-16.123706544719553,1.6456035160999236,-9.798050616063763,26.12314596128324
CTAS.OQ,2020-03-23,-10.86722294914968,1.6456035160999236,-6.603791765652623,26.12314596128324
CTAS.OQ,2020-03-24,10.127731488456337,1.6456035160999236,6.15441774970136,26.12314596128324
CTAS.OQ,2020-03-25,10.130743383598384,1.6456035160999236,6.156248017510452,26.12314596128324
CTAS.OQ,2020-04-06,8.885161172058087,1.6456035160999236,5.399332880082742,26.12314596128324
CTAS.OQ,2020-05-14,13.679097639479432,1.6456035160999236,8.312511188538817,26.12314596128324
CTAS.OQ,2024-12-19,-11.169198052517437,1.6456035160999236,-6.787295933219935,26.12314596128324
PODD.OQ,2016-08-04,16.5729566778531,2.5981559876810483,6.378738134443224,41.2444476645447
PODD.OQ,2016-11-02,-13.349241462759709,2.5981559876810483,-5.13796766862886,41.2444476645447
PODD.OQ,2016-11-04,13.665861621075281,2.5981559876810483,5.259831082456514,41.2444476645447
PODD.OQ,2017-11-03,17.758119023567964,2.5981559876810483,6.834893327331648,41.2444476645447
PODD.OQ,2019-08-06,19.366208009424657,2.5981559876810483,7.45382806161293,41.2444476645447
PODD.OQ,2020-03-16,-18.434699061979742,2.5981559876810483,-7.095301109473955,41.2444476645447
PODD.OQ,2022-01-28,16.8667850551798,2.5981559876810483,6.491829257039351,41.2444476645447
PODD.OQ,2022-11-04,20.356803744649987,2.5981559876810483,7.835096830663812,41.2444476645447
PODD.OQ,2023-11-03,14.63898370181953,2.5981559876810483,5.6343744452716145,41.2444476645447
PODD.OQ,2025-05-09,18.96551706784333,2.5981559876810483,7.299606781797102,41.2444476645447
ABBV.N,2018-01-26,12.898506262963227,1.62845456295812,7.920703811061719,25.850914769733368
ABBV.N,2018-03-22,-13.652131183400673,1.62845456295812,-8.383489164475861,25.850914769733368
ABBV.N,2019-06-25,-17.736255368847686,1.62845456295812,-10.891464688231416,25.850914769733368
ABBV.N,2020-03-13,8.249583321654974,1.62845456295812,5.065897145247604,25.850914769733368
ABBV.N,2020-03-16,-13.928764934100979,1.62845456295812,-8.553364184014505,25.850914769733368
ABBV.N,2020-03-26,8.358185394537454,1.62845456295812,5.132587414262664,25.850914769733368
ABBV.N,2023-04-27,-8.32875627354257,1.62845456295812,-5.114515604545465,25.850914769733368
ABBV.N,2024-11-11,-13.429072129987496,1.62845456295812,-8.246513249711628,25.850914769733368
REG.OQ,2020-03-16,-20.65400736406793,1.8310543795039873,-11.279843785777064,29.06708715121941
REG.OQ,2020-03-18,-23.24675053956966,1.8310543795039873,-12.695827496869292,29.06708715121941
REG.OQ,2020-03-24,12.312044825110435,1.8310543795039873,6.724019211513332,29.06708715121941
REG.OQ,2020-04-08,10.620323906337026,1.8310543795039873,5.800113871666638,29.06708715121941
REG.OQ,2020-04-16,-10.829658424603217,1.8310543795039873,-5.914438449139262,29.06708715121941
REG.OQ,2020-05-18,11.545608276221753,1.8310543795039873,6.305442593872789,29.06708715121941
REG.OQ,2020-11-09,29.99414203850339,1.8310543795039873,16.38080352732532,29.06708715121941
HUM.N,2020-03-04,13.484441903145772,2.061163045988323,6.542151980354379,32.71994898744895
HUM.N,2020-03-12,-11.334087232904366,2.061163045988323,-5.4988795063855305,32.71994898744895
HUM.N,2020-03-16,-14.990688615610281,2.061163045988323,-7.272927119854451,32.71994898744895
HUM.N,2020-03-20,-10.519138466546973,2.061163045988323,-5.103496536589161,32.71994898744895
HUM.N,2020-03-25,13.917106088544529,2.061163045988323,6.752064624694117,32.71994898744895
HUM.N,2020-03-26,12.385684991577417,2.061163045988323,6.009075805858196,32.71994898744895
HUM.N,2020-04-06,11.591057232496915,2.061163045988323,5.623551836453108,32.71994898744895
HUM.N,2022-01-06,-21.53149850128404,2.061163045988323,-10.446285917647886,32.71994898744895
HUM.N,2023-06-14,-11.925691843231068,2.061163045988323,-5.785904160489509,32.71994898744895
HUM.N,2024-01-25,-12.431525863941228,2.061163045988323,-6.031316099974196,32.71994898744895
HUM.N,2024-04-02,-14.395481465755822,2.061163045988323,-6.9841546469475055,32.71994898744895
HUM.N,2024-07-31,-11.213489603108062,2.061163045988323,-5.4403700012636405,32.71994898744895
HUM.N,2024-10-01,-12.525786234787262,2.061163045988323,-6.077047742131033,32.71994898744895
HUM.N,2024-10-02,-12.550196100718303,2.061163045988323,-6.088890505360536,32.71994898744895
HUM.N,2024-12-17,-10.759837917675519,2.061163045988323,-5.220274998922369,32.71994898744895
HUM.N,2025-07-30,11.69133332595802,2.061163045988323,5.672202084504213,32.71994898744895
HUM.N,2025-09-09,-12.825230066864712,2.061163045988323,-6.222326803222422,32.71994898744895
GE.N,2019-08-15,-11.98616063523752,2.2056071333055867,-5.43440418478953,35.01292778782002
GE.N,2020-03-09,-13.535676581185552,2.2056071333055867,-6.136939066251281,35.01292778782002
GE.N,2020-03-12,-12.711388729718287,2.2056071333055867,-5.763215278809639,35.01292778782002
GE.N,2020-03-16,-16.439404724340267,2.2056071333055867,-7.453460081851571,35.01292778782002
GE.N,2020-03-24,13.741092783584286,2.2056071333055867,6.230072697937932,35.01292778782002
GE.N,2020-04-01,-12.030510509261472,2.2056071333055867,-5.454511969786346,35.01292778782002
GE.N,2020-05-18,13.28480990901304,2.2056071333055867,6.023198650569666,35.01292778782002
GE.N,2025-04-04,-11.761649833331855,2.2056071333055867,-5.332613254521189,35.01292778782002
GD.N,2018-10-24,-8.043337429781872,1.3897697176061616,-5.787532515556814,22.06191031460621
GD.N,2020-03-09,-8.31656144100723,1.3897697176061616,-5.984129122724208,22.06191031460621
GD.N,2020-03-12,-11.570537064103714,1.3897697176061616,-8.32550667749016,22.06191031460621
GD.N,2020-03-16,-9.724559490974194,1.3897697176061616,-6.9972452038489275,22.06191031460621
GD.N,2020-03-18,-8.29918046290894,1.3897697176061616,-5.971622749993458,22.06191031460621
GD.N,2020-03-26,8.753036797356728,1.3897697176061616,6.298192201535072,22.06191031460621
GD.N,2023-10-09,8.093066748702782,1.3897697176061616,5.823314932090229,22.06191031460621
GD.N,2024-11-14,-7.129739775644595,1.3897697176061616,-5.130159108607839,22.06191031460621
GD.N,2025-04-04,-7.551264320065076,1.3897697176061616,-5.4334644253667514,22.06191031460621
MSI.N,2019-02-08,13.208666378711431,1.5404472991786278,8.57456557309967,24.453842768566574
MSI.N,2020-03-12,-13.132729600896553,1.5404472991786278,-8.525270295127248,24.453842768566574
MSI.N,2020-03-13,9.172191735481583,1.5404472991786278,5.954239226731242,24.453842768566574
MSI.N,2020-03-20,-9.163673213683232,1.5404472991786278,-5.948709325252046,24.453842768566574
MSI.N,2020-03-23,-9.234262337365351,1.5404472991786278,-5.9945331088503275,24.453842768566574
MSI.N,2020-03-26,10.857992751632395,1.5404472991786278,7.048597350537027,24.453842768566574
MSI.N,2020-03-27,-9.80860270265751,1.5404472991786278,-6.367373105128292,24.453842768566574
MSI.N,2020-04-06,10.685994378865438,1.5404472991786278,6.9369425260852795,24.453842768566574
MSI.N,2020-06-11,-8.55221734381626,1.5404472991786278,-5.551775350170261,24.453842768566574
MSI.N,2025-04-04,-7.971937686599873,1.5404472991786278,-5.175079790688418,24.453842768566574
MSI.N,2025-05-02,-7.747670371473436,1.5404472991786278,-5.02949394997448,24.453842768566574
PWR.N,2020-03-09,-14.072998399805181,2.0400065431642362,-6.898506500854981,32.38409991694273
PWR.N,2020-03-16,-10.724553035359774,2.0400065431642362,-5.25711697900979,32.38409991694273
PWR.N,2020-03-24,14.813019204567546,2.0400065431642362,7.261260633797381,32.38409991694273
PWR.N,2021-09-02,11.383389884063178,2.0400065431642362,5.580075182703337,32.38409991694273
PWR.N,2025-01-27,-20.239145998055807,2.0400065431642362,-9.921118177720668,32.38409991694273
TGT.N,2017-02-28,-12.971691217016623,2.0682169590805946,-6.271919955043334,32.83192638632102
TGT.N,2017-11-15,-10.390080974181704,2.0682169590805946,-5.023690057546241,32.83192638632102
TGT.N,2018-11-20,-11.94716955032984,2.0682169590805946,-5.776555258323012,32.83192638632102
TGT.N,2019-08-21,18.58617966369458,2.0682169590805946,8.98657154032664,32.83192638632102
TGT.N,2019-11-20,13.151085926148642,2.0682169590805946,6.3586587801672545,32.83192638632102
TGT.N,2020-03-12,-13.096385834286384,2.0682169590805946,-6.332210833484439,32.83192638632102
TGT.N,2020-08-19,11.912942211041067,2.0682169590805946,5.760006056780836,32.83192638632102
TGT.N,2022-05-18,-28.675348105809828,2.0682169590805946,-13.86476790063513,32.83192638632102
TGT.N,2022-11-16,-14.082128079306333,2.0682169590805946,-6.808825359195587,32.83192638632102
TGT.N,2023-11-15,16.34301488353689,2.0682169590805946,7.901982822344719,32.83192638632102
TGT.N,2024-03-05,11.351377777070937,2.0682169590805946,5.488485009869119,32.83192638632102
TGT.N,2024-11-20,-24.8132682220767,2.0682169590805946,-11.997420344675636,32.83192638632102
TGT.N,2025-04-03,-11.4997847272031,2.0682169590805946,-5.560240997305822,32.83192638632102
ARES.N,2020-03-13,13.478061202495484,2.2114395847304853,6.094700165249187,35.10551508384489
ARES.N,2020-03-16,-15.607721188546408,2.2114395847304853,-7.05771991073795,35.10551508384489
ARES.N,2020-03-18,-12.132899244986417,2.2114395847304853,-5.486425823595398,35.10551508384489
ARES.N,2020-03-20,-11.101885502011255,2.2114395847304853,-5.020207460636676,35.10551508384489
ARES.N,2020-03-24,16.894911416330636,2.2114395847304853,7.639779776479704,35.10551508384489
ARES.N,2025-04-03,-16.81314521054844,2.2114395847304853,-7.602805578158043,35.10551508384489
ARES.N,2025-04-09,14.453908598907717,2.2114395847304853,6.5359726300952765,35.10551508384489
HUBB.N,2018-10-23,-12.428438414419585,1.753809440672411,-7.086538666170322,27.84086176209893
HUBB.N,2020-03-09,-9.710307491669568,1.753809440672411,-5.536694732323161,27.84086176209893
HUBB.N,2020-03-12,-13.259567626542879,1.753809440672411,-7.560438049335142,27.84086176209893
HUBB.N,2020-03-13,10.821838092982361,1.753809440672411,6.170475447340086,27.84086176209893
HUBB.N,2020-03-16,-9.345693756842532,1.753809440672411,-5.328796584228325,27.84086176209893
HUBB.N,2020-03-18,-11.71966770985815,1.753809440672411,-6.6824065591554955,27.84086176209893
HUBB.N,2020-03-23,-10.780246305632701,1.753809440672411,-6.146760335318729,27.84086176209893
HUBB.N,2020-03-24,12.870486340691123,1.753809440672411,7.338588812565963,27.84086176209893
HUBB.N,2023-04-25,10.999282684837386,1.753809440672411,6.271652113253682,27.84086176209893
HUBB.N,2024-04-30,-9.437248259215725,1.753809440672411,-5.380999805541862,27.84086176209893
HUBB.N,2025-01-27,-9.37233360058789,1.753809440672411,-5.343986286785259,27.84086176209893
HUBB.N,2025-04-09,10.301130172139406,1.753809440672411,5.873574365177296,27.84086176209893
KVUE.N,2024-08-06,13.696145704259521,1.8314065079728385,7.478484784582107,29.072677017368164
KVUE.N,2025-09-05,-9.813793265149107,1.8314065079728385,-5.358610020454647,29.072677017368164
KVUE.N,2025-10-16,-14.1824338254942,1.8314065079728385,-7.744011918573208,29.072677017368164
KVUE.N,2025-11-03,11.61579627508691,1.8314065079728385,6.342554874911028,29.072677017368164
AMAT.OQ,2020-03-12,-15.151872384390375,2.59833051030195,-5.831387625367793,41.24721812526306
AMAT.OQ,2020-03-16,-22.76239999605241,2.59833051030195,-8.76039437854548,41.24721812526306
AMAT.OQ,2020-03-18,-13.53801165756674,2.59833051030195,-5.210273136496981,41.24721812526306
AMAT.OQ,2025-04-09,14.933139339130896,2.59833051030195,5.747205476718022,41.24721812526306
AMAT.OQ,2025-08-15,-15.163489961477783,2.59833051030195,-5.835858795236811,41.24721812526306
INCY.OQ,2016-01-13,-11.62800222575191,2.2025446843467877,-5.279349067644657,34.96431291773315
INCY.OQ,2016-11-09,12.211392159422285,2.2025446843467877,5.544219940783556,34.96431291773315
INCY.OQ,2017-04-17,-11.078718604367399,2.2025446843467877,-5.0299631526672215,34.96431291773315
INCY.OQ,2018-04-06,-26.048809130926287,2.2025446843467877,-11.826688155773612,34.96431291773315
INCY.OQ,2024-10-29,11.369831883044945,2.2025446843467877,5.162134491004396,34.96431291773315
PYPL.OQ,2020-03-13,12.754455092734851,2.378388381397284,5.362646064240236,37.75574506981593
PYPL.OQ,2020-03-16,-17.22588742168565,2.378388381397284,-7.242672204598299,37.75574506981593
PYPL.OQ,2020-03-24,13.19907976502721,2.378388381397284,5.549589742476313,37.75574506981593
PYPL.OQ,2020-05-07,13.11417420830674,2.378388381397284,5.513890965361286,37.75574506981593
PYPL.OQ,2022-02-02,-28.22361774403177,2.378388381397284,-11.866698460514097,37.75574506981593
PYPL.OQ,2023-05-09,-13.618321067281602,2.378388381397284,-5.725860912287566,37.75574506981593
PYPL.OQ,2023-08-03,-13.150378528555517,2.378388381397284,-5.5291131723531945,37.75574506981593
PYPL.OQ,2024-02-08,-11.926658338716312,2.378388381397284,-5.014596620132115,37.75574506981593
PYPL.OQ,2025-02-04,-14.117339493803094,2.378388381397284,-5.935674595546615,37.75574506981593
PSX.N,2020-03-09,-10.985996081905558,2.1757248617650737,-5.049349885625283,34.53856143318461
PSX.N,2020-03-11,-13.877600180665883,2.1757248617650737,-6.378380108874416,34.53856143318461
PSX.N,2020-03-12,-17.275728646730215,2.1757248617650737,-7.94021751110347,34.53856143318461
PSX.N,2020-03-13,15.832913005073346,2.1757248617650737,7.27707500305382,34.53856143318461
PSX.N,2020-03-16,-11.881833961054111,2.1757248617650737,-5.461092149038956,34.53856143318461
PSX.N,2020-03-23,-13.865603911682411,2.1757248617650737,-6.372866420450715,34.53856143318461
PSX.N,2020-06-11,-11.724956005024012,2.1757248617650737,-5.388988383169024,34.53856143318461
PSX.N,2020-11-09,20.026163775009252,2.1757248617650737,9.204364084327683,34.53856143318461
PSX.N,2025-04-03,-14.625565547826724,2.1757248617650737,-6.722157661038823,34.53856143318461
NSC.N,2016-04-22,10.010650999049453,1.7207822227752196,5.817500242944521,27.316570931785066
NSC.N,2020-03-09,-12.230354706770097,1.7207822227752196,-7.107439015173804,27.316570931785066
NSC.N,2020-03-12,-12.555962746326355,1.7207822227752196,-7.296659960884836,27.316570931785066
NSC.N,2020-03-13,9.537827418315992,1.7207822227752196,5.54272777349693,27.316570931785066
NSC.N,2020-03-16,-14.971186467604713,1.7207822227752196,-8.700221486167894,27.316570931785066
NSC.N,2020-03-17,9.89416671772494,1.7207822227752196,5.749807608872179,27.316570931785066
NSC.N,2020-03-20,-9.713830032329795,1.7207822227752196,-5.645008359432989,27.316570931785066
NSC.N,2020-03-24,16.516935076911032,1.7207822227752196,9.59850401654724,27.316570931785066
NSC.N,2024-07-26,10.355538806785347,1.7207822227752196,6.0179252608062646,27.316570931785066
NSC.N,2024-11-06,9.415200598128148,1.7207822227752196,5.4714655192936785,27.316570931785066
BXP.N,2020-03-16,-18.86975553585577,1.9614043484855805,-9.620533140158118,31.13632875920109
BXP.N,2020-03-18,-18.220818453602483,1.9614043484855805,-9.289679849884577,31.13632875920109
BXP.N,2020-03-24,11.685584831952855,1.9614043484855805,5.9577643136028575,31.13632875920109
BXP.N,2020-11-09,18.998858895753834,1.9614043484855805,9.686355039654643,31.13632875920109
BXP.N,2023-11-14,10.16630028617529,1.9614043484855805,5.1831741344026225,31.13632875920109
BXP.N,2023-12-01,10.574688049640812,1.9614043484855805,5.391386053470123,31.13632875920109
CAH.N,2016-04-28,-9.738072958657451,1.8205286091204156,-5.349035939271714,28.89999572646561
CAH.N,2016-10-28,-10.26902871019475,1.8205286091204156,-5.640685160754606,28.89999572646561
CAH.N,2017-04-18,-12.257575623424088,1.8205286091204156,-6.732976104861274,28.89999572646561
CAH.N,2018-05-03,-24.10917506334309,1.8205286091204156,-13.24295314150069,28.89999572646561
CAH.N,2020-02-06,10.067987465620831,1.8205286091204156,5.53025501229841,28.89999572646561
CAH.N,2020-03-12,-13.773932326746818,1.8205286091204156,-7.565897211251002,28.89999572646561
CAH.N,2020-03-13,11.634035569417067,1.8205286091204156,6.390471158285189,28.89999572646561
CAH.N,2021-08-05,-15.383988829523831,1.8205286091204156,-8.450286775200183,28.89999572646561
CAH.N,2025-10-30,14.345342937432992,1.8205286091204156,7.879767923209903,28.89999572646561
LDOS.N,2016-01-26,-9.43229669239094,1.6911797928862307,-5.577347087557988,26.846646925648127
LDOS.N,2019-04-30,9.426282428103772,1.6911797928862307,5.573790833922232,26.846646925648127
LDOS.N,2020-02-18,8.826638796959596,1.6911797928862307,5.2192196442317496,26.846646925648127
LDOS.N,2020-03-12,-13.264230286263423,1.6911797928862307,-7.843181630988029,26.846646925648127
LDOS.N,2020-03-16,-14.653936957311586,1.6911797928862307,-8.664919613486292,26.846646925648127
LDOS.N,2020-03-24,10.23063010158749,1.6911797928862307,6.049404176079656,26.846646925648127
LDOS.N,2020-03-25,9.315273171475624,1.6911797928862307,5.508150706778391,26.846646925648127
LDOS.N,2021-02-23,-10.439758828443235,1.6911797928862307,-6.173062658599032,26.846646925648127
LDOS.N,2021-08-03,-11.588259261942202,1.6911797928862307,-6.852174624298962,26.846646925648127
LDOS.N,2023-05-02,-15.707054493360584,1.6911797928862307,-9.287631368013415,26.846646925648127
LDOS.N,2024-10-29,9.078476295575388,1.6911797928862307,5.368131959572271,26.846646925648127
LDOS.N,2024-11-14,-14.619203621034593,1.6911797928862307,-8.64438168107775,26.846646925648127
COF.N,2020-03-09,-11.883170781449515,2.2929902124818553,-5.182390538242887,36.400091165592855
COF.N,2020-03-12,-11.549288492160148,2.2929902124818553,-5.036780545024476,36.400091165592855
COF.N,2020-03-13,13.518019761470601,2.2929902124818553,5.895367406230291,36.400091165592855
COF.N,2020-03-16,-27.278354106303127,2.2929902124818553,-11.896411052177129,36.400091165592855
COF.N,2020-03-18,-19.65167895529616,2.2929902124818553,-8.570328319904098,36.400091165592855
COF.N,2020-03-24,17.188708730435877,2.2929902124818553,7.496198037335448,36.400091165592855
COF.N,2020-04-01,-12.086194755877377,2.2929902124818553,-5.270931681298233,36.400091165592855
COF.N,2020-04-06,15.627758598176555,2.2929902124818553,6.815449325996728,36.400091165592855
COF.N,2024-11-06,13.982739982456671,2.2929902124818553,6.098037360273869,36.400091165592855
COF.N,2025-04-09,13.809105048725367,2.2929902124818553,6.022313123516937,36.400091165592855
BALL.N,2016-08-04,11.330321116961972,1.7372779665062392,6.521881549990452,27.578432745405053
BALL.N,2020-03-12,-9.907298422678501,1.7372779665062392,-5.702771009409979,27.578432745405053
BALL.N,2020-03-16,-8.85504965752082,1.7372779665062392,-5.097082808992742,27.578432745405053
BALL.N,2020-03-17,10.084924270845885,1.7372779665062392,5.805014779026536,27.578432745405053
BALL.N,2020-03-20,-9.084503448927261,1.7372779665062392,-5.229159423000508,27.578432745405053
BALL.N,2020-03-24,11.413973208287453,1.7372779665062392,6.570032791725078,27.578432745405053
BALL.N,2020-03-26,11.041732640509316,1.7372779665062392,6.355766235103323,27.578432745405053
BALL.N,2022-08-04,-20.558132741878765,1.7372779665062392,-11.833531040068557,27.578432745405053
BALL.N,2022-09-22,-9.062728414484189,1.7372779665062392,-5.2166254273689034,27.578432745405053
BALL.N,2023-05-04,12.570328205295223,1.7372779665062392,7.235645905631808,27.578432745405053
OKE.N,2020-03-09,-47.409629273032294,2.5987860567739496,-18.242990472207282,41.25444970131633
OKE.N,2020-03-12,-23.335128869370656,2.5987860567739496,-8.979241984366404,41.25444970131633
OKE.N,2020-03-16,-20.563816338994336,2.5987860567739496,-7.912854652037653,41.25444970131633
OKE.N,2020-03-17,-15.168803423510901,2.5987860567739496,-5.836880409594382,41.25444970131633
OKE.N,2020-03-18,-33.517015310391464,2.5987860567739496,-12.897181444785193,41.25444970131633
OKE.N,2020-03-19,28.7519404700304,2.5987860567739496,11.063604252872645,41.25444970131633
OKE.N,2020-03-27,-15.12812373993051,2.5987860567739496,-5.8212270688838785,41.25444970131633
OKE.N,2020-06-11,-17.24608530214331,2.5987860567739496,-6.636208185429489,41.25444970131633
OKE.N,2020-11-09,15.345979679815613,2.5987860567739496,5.905056955271503,41.25444970131633
OKE.N,2025-04-04,-13.664920835918437,2.5987860567739496,-5.258193840273884,41.25444970131633
TSCO.OQ,2016-09-08,-18.560720722621138,1.7848157900756352,-10.399236058884592,28.333072299608368
TSCO.OQ,2020-03-09,-12.364847661916034,1.7848157900756352,-6.927800465835216,28.333072299608368
TSCO.OQ,2020-03-16,-12.344131774395484,1.7848157900756352,-6.916193728806252,28.333072299608368
TSCO.OQ,2020-04-06,10.11251440262737,1.7848157900756352,5.665858885189957,28.333072299608368
TSCO.OQ,2022-05-18,-13.373783500374703,1.7848157900756352,-7.49308896455245,28.333072299608368
LOW.N,2017-03-01,9.093670033284518,1.8089556521442993,5.027027623648522,28.71628072991089
LOW.N,2018-05-23,9.917231194935905,1.8089556521442993,5.482296474863947,28.71628072991089
LOW.N,2019-05-22,-12.607565037141288,1.8089556521442993,-6.969526877121911,28.71628072991089
LOW.N,2019-08-21,9.84911596864917,1.8089556521442993,5.444642027002833,28.71628072991089
LOW.N,2020-03-09,-11.127590812061072,1.8089556521442993,-6.151389504143262,28.71628072991089
LOW.N,2020-03-10,9.895071507303133,1.8089556521442993,5.47004648542584,28.71628072991089
LOW.N,2020-03-12,-9.771346882042486,1.8089556521442993,-5.401650875442817,28.71628072991089
LOW.N,2020-03-16,-28.461220473554327,1.8089556521442993,-15.73350924320172,28.71628072991089
LOW.N,2020-03-18,-12.652830619451638,1.8089556521442993,-6.994549924125133,28.71628072991089
LOW.N,2020-03-24,13.113176064702703,1.8089556521442993,7.249031256879411,28.71628072991089
LOW.N,2020-11-09,-9.367965604507145,1.8089556521442993,-5.1786596279475114,28.71628072991089
LOW.N,2021-08-18,9.15322154090994,1.8089556521442993,5.059948003733478,28.71628072991089
LOW.N,2022-11-10,9.055934508919083,1.8089556521442993,5.006167231454437,28.71628072991089
MPWR.OQ,2020-03-13,15.554901476559113,2.855061045832748,5.448185249580941,45.3226890310886
MPWR.OQ,2020-03-16,-22.66528678098849,2.855061045832748,-7.938634732196282,45.3226890310886
MPWR.OQ,2020-03-17,15.709866217614632,2.855061045832748,5.502462457166995,45.3226890310886
MPWR.OQ,2020-03-24,15.004604176671599,2.855061045832748,5.255440754435828,45.3226890310886
MPWR.OQ,2023-05-25,16.093491757295553,2.855061045832748,5.636829300300126,45.3226890310886
MPWR.OQ,2024-10-31,-19.177017075621627,2.855061045832748,-6.716850101545967,45.3226890310886
MPWR.OQ,2024-11-11,-16.2202184092763,2.855061045832748,-5.6812159701283305,45.3226890310886
MPWR.OQ,2025-04-03,-16.925901791775466,2.855061045832748,-5.928385249933813,45.3226890310886
MPWR.OQ,2025-04-09,21.050219764550526,2.855061045832748,7.372949098680557,45.3226890310886
MPWR.OQ,2025-04-10,-14.766633789391559,2.855061045832748,-5.172090386979629,45.3226890310886
LH.N,2016-10-26,-9.029424227814342,1.657650871535178,-5.447120610778578,26.31439179990935
LH.N,2018-11-30,-10.52849841044834,1.657650871535178,-6.351457107911825,26.31439179990935
LH.N,2020-03-12,-14.966362355319607,1.657650871535178,-9.02865773023665,26.31439179990935
LH.N,2020-03-13,9.823459476785779,1.657650871535178,5.926132966520331,26.31439179990935
LH.N,2020-03-16,-21.4129210798224,1.657650871535178,-12.917630272767592,26.31439179990935
LH.N,2020-03-18,-14.383677668543093,1.657650871535178,-8.677145420387665,26.31439179990935
LH.N,2020-03-24,12.127047167511495,1.657650871535178,7.3158029689813,26.31439179990935
LH.N,2020-03-26,10.96259538475417,1.657650871535178,6.613331898170769,26.31439179990935
LH.N,2020-04-01,-8.431772913365165,1.657650871535178,-5.08657948314313,26.31439179990935
LH.N,2020-04-06,10.940316711499154,1.657650871535178,6.59989199134987,26.31439179990935
LH.N,2020-04-27,8.637492561721416,1.657650871535178,5.2106826051508,26.31439179990935
JKHY.OQ,2018-08-22,7.478683357562144,1.4381650407210922,5.2001565507477165,22.830162252090542
JKHY.OQ,2020-03-10,7.494142129211845,1.4381650407210922,5.2109055059872,22.830162252090542
JKHY.OQ,2020-03-16,-8.384108703408444,1.4381650407210922,-5.8297263985812595,22.830162252090542
JKHY.OQ,2020-03-20,-10.07567685743398,1.4381650407210922,-7.005925309088352,22.830162252090542
JKHY.OQ,2020-03-24,9.291552414685267,1.4381650407210922,6.460699677435148,22.830162252090542
JKHY.OQ,2020-05-05,8.383821022917015,1.4381650407210922,5.829526365564685,22.830162252090542
JKHY.OQ,2020-08-19,-13.78262443258187,1.4381650407210922,-9.583478976565372,22.830162252090542
JKHY.OQ,2023-02-08,-9.788154200069865,1.4381650407210922,-6.8060020393501635,22.830162252090542
JKHY.OQ,2023-03-13,-11.242828107598513,1.4381650407210922,-7.817481157768505,22.830162252090542
JKHY.OQ,2023-08-16,-7.294321882410859,1.4381650407210922,-5.0719643962097045,22.830162252090542
JKHY.OQ,2025-03-11,-7.341644974570993,1.4381650407210922,-5.104869584988599,22.830162252090542
TSLA.OQ,2020-02-05,-18.845037113856698,3.656750342274485,-5.153492951376921,58.04911207385165
TSLA.OQ,2020-03-16,-20.5522289486455,3.656750342274485,-5.620353326025012,58.04911207385165
TSLA.OQ,2020-09-08,-23.651787417646464,3.656750342274485,-6.467979819189718,58.04911207385165
TSLA.OQ,2024-10-24,19.818692072414112,3.656750342274485,5.419755306589227,58.04911207385165
TSLA.OQ,2025-04-09,20.449053790685223,3.656750342274485,5.592138340504261,58.04911207385165
RL.N,2016-02-04,-25.053591520149254,2.4065977992780296,-10.410377474651245,38.20355569587003
RL.N,2017-02-02,-13.142435778127304,2.4065977992780296,-5.461002159176737,38.20355569587003
RL.N,2017-08-08,12.471142075547181,2.4065977992780296,5.182063275919424,38.20355569587003
RL.N,2018-05-23,13.399222459512572,2.4065977992780296,5.567703279514462,38.20355569587003
RL.N,2019-11-07,13.68096176506457,2.4065977992780296,5.68477282293236,38.20355569587003
RL.N,2020-03-12,-12.933343826569033,2.4065977992780296,-5.374119360721176,38.20355569587003
RL.N,2020-03-16,-15.578541634090737,2.4065977992780296,-6.473263475419217,38.20355569587003
RL.N,2020-11-09,18.06591273087994,2.4065977992780296,7.506826747826183,38.20355569587003
RL.N,2022-03-07,-13.042181126398766,2.4065977992780296,-5.419343909610228,38.20355569587003
RL.N,2024-02-08,15.523748879172405,2.4065977992780296,6.4504957512341585,38.20355569587003
RL.N,2025-04-03,-17.76024364784332,2.4065977992780296,-7.379813799036685,38.20355569587003
RL.N,2025-04-09,13.344226942535187,2.4065977992780296,5.544851302755452,38.20355569587003
AEP.OQ,2020-03-12,-8.341068532757223,1.2963603732442892,-6.434220533818657,20.579082942739564
AEP.OQ,2020-03-17,11.04906111888564,1.2963603732442892,8.52314012903226,20.579082942739564
AEP.OQ,2020-03-19,-8.841286114317981,1.2963603732442892,-6.820083594650196,20.579082942739564
AEP.OQ,2020-03-20,-12.31028158694798,1.2963603732442892,-9.49603354207758,20.579082942739564
AEP.OQ,2020-03-26,10.9853069670943,1.2963603732442892,8.47396078576694,20.579082942739564
AEP.OQ,2020-04-01,-7.003832186296943,1.2963603732442892,-5.4026891988136425,20.579082942739564
AEP.OQ,2020-04-06,8.065790301745501,1.2963603732442892,6.221873537803338,20.579082942739564
FE.N,2016-04-28,-10.459027761620332,1.5812960470722535,-6.6142122981873435,25.102296538336017
FE.N,2018-01-22,9.870576880546311,1.5812960470722535,6.242080285232825,25.102296538336017
FE.N,2020-03-09,-7.945123030718637,1.5812960470722535,-5.0244374198170645,25.102296538336017
FE.N,2020-03-12,-11.304122372982706,1.5812960470722535,-7.148643920227413,25.102296538336017
FE.N,2020-03-16,-18.426330497686514,1.5812960470722535,-11.65267600067843,25.102296538336017
FE.N,2020-03-17,15.648032561006753,1.5812960470722535,9.895700801869996,25.102296538336017
FE.N,2020-03-26,8.553140913783563,1.5812960470722535,5.408943461042338,25.102296538336017
FE.N,2020-04-06,8.604472635853444,1.5812960470722535,5.441405264867701,25.102296538336017
FE.N,2020-07-21,-18.62069429348714,1.5812960470722535,-11.775590236858609,25.102296538336017
FE.N,2020-07-22,-23.452190861123068,1.5812960470722535,-14.830993161934767,25.102296538336017
FE.N,2025-02-27,-11.066556788751925,1.5812960470722535,-6.9984091905127395,25.102296538336017
UNP.N,2019-01-08,8.36700635455081,1.5679308123073092,5.336336456222983,24.890130013923795
UNP.N,2020-03-09,-13.895504140728399,1.5679308123073092,-8.86231970929909,24.890130013923795
UNP.N,2020-03-13,8.559045125441589,1.5679308123073092,5.458815566514962,24.890130013923795
UNP.N,2020-03-16,-13.965767252469163,1.5679308123073092,-8.907132344645778,24.890130013923795
UNP.N,2020-03-18,-11.131252740727682,1.5679308123073092,-7.099326483894617,24.890130013923795
UNP.N,2020-03-24,12.22548802558281,1.5679308123073092,7.797211413679811,24.890130013923795
UNP.N,2023-02-27,8.94265935918872,1.5679308123073092,5.703478296997705,24.890130013923795
UNP.N,2023-07-26,9.907777247833138,1.5679308123073092,6.319014314957697,24.890130013923795
VTR.N,2020-03-11,-14.629209321473713,2.207257734987358,-6.6277757642822355,35.03913027720157
VTR.N,2020-03-12,-32.70854506891392,2.207257734987358,-14.818634249389664,35.03913027720157
VTR.N,2020-03-13,19.701036926706017,2.207257734987358,8.925571587959054,35.03913027720157
VTR.N,2020-03-16,-33.6772311642219,2.207257734987358,-15.257498311321937,35.03913027720157
VTR.N,2020-03-17,-12.42112152286241,2.207257734987358,-5.627399703249223,35.03913027720157
VTR.N,2020-03-18,-21.40272862026702,2.207257734987358,-9.696524461557546,35.03913027720157
VTR.N,2020-03-19,16.32846939742727,2.207257734987358,7.397626991449093,35.03913027720157
VTR.N,2020-03-24,11.09967759720245,2.207257734987358,5.028718405313924,35.03913027720157
VTR.N,2020-04-01,-15.508395101025707,2.207257734987358,-7.02609163180236,35.03913027720157
VTR.N,2020-04-06,14.906290492458618,2.207257734987358,6.753307625194025,35.03913027720157
VTR.N,2020-04-09,11.427587931577854,2.207257734987358,5.177278462065647,35.03913027720157
VTR.N,2020-04-29,11.335318040186149,2.207257734987358,5.13547550904882,35.03913027720157
VTR.N,2020-05-18,14.269556548319429,2.207257734987358,6.464834768560073,35.03913027720157
VTR.N,2020-11-09,16.711229922264394,2.207257734987358,7.571036973785984,35.03913027720157
JBL.N,2020-03-11,-13.636516206049398,2.260257028389077,-6.033170579616943,35.880467977220135
JBL.N,2020-03-12,-15.15299256226812,2.260257028389077,-6.704101512325751,35.880467977220135
JBL.N,2020-03-16,-13.65853579472307,2.260257028389077,-6.0429126524861365,35.880467977220135
JBL.N,2020-03-18,-15.185129964653665,2.260257028389077,-6.718319984818877,35.880467977220135
JBL.N,2020-03-24,13.613217432458002,2.260257028389077,6.02286256008697,35.880467977220135
JBL.N,2023-09-28,17.224048911976375,2.260257028389077,7.620393917877668,35.880467977220135
JBL.N,2023-11-29,-12.573467651654191,2.260257028389077,-5.562848602495227,35.880467977220135
JBL.N,2023-12-14,12.325907793348811,2.260257028389077,5.453321298654999,35.880467977220135
JBL.N,2024-03-15,-18.015382799495683,2.260257028389077,-7.9705018381628685,35.880467977220135
JBL.N,2024-06-20,-12.14835284825364,2.260257028389077,-5.3747660976911,35.880467977220135
JBL.N,2025-04-03,-11.651357149681285,2.260257028389077,-5.154881503890468,35.880467977220135
JBL.N,2025-04-09,13.234664455665524,2.260257028389077,5.855380290576107,35.880467977220135
CSGP.OQ,2019-02-27,11.116607924162336,1.965901359500139,5.654712974504941,31.20771659592692
CSGP.OQ,2020-02-12,10.209012414826013,1.965901359500139,5.193044078987674,31.20771659592692
CSGP.OQ,2020-03-16,-12.21643152716716,1.965901359500139,-6.214163018979436,31.20771659592692
CSGP.OQ,2020-04-06,10.633773142986636,1.965901359500139,5.4091081892788555,31.20771659592692
CSGP.OQ,2020-07-29,14.567586624335949,1.965901359500139,7.410131008831484,31.20771659592692
CSGP.OQ,2021-10-27,-10.47591324583852,1.965901359500139,-5.328809197477835,31.20771659592692
CSGP.OQ,2022-02-23,-16.250023773429987,1.965901359500139,-8.265940554393742,31.20771659592692
CSGP.OQ,2022-02-24,12.461323917330835,1.965901359500139,6.338733048386173,31.20771659592692
CSGP.OQ,2022-07-27,13.796963447879484,1.965901359500139,7.018136175147454,31.20771659592692
CSGP.OQ,2025-04-30,-10.885984628117829,1.965901359500139,-5.537401241172019,31.20771659592692
CSGP.OQ,2025-10-29,-10.389866196603936,1.965901359500139,-5.285039428044204,31.20771659592692
RVTY.N,2020-03-16,-10.127483088042766,1.867028927664964,-5.424384666984726,29.638165398990573
RVTY.N,2020-11-09,-9.81521478474372,1.867028927664964,-5.25713053467217,29.638165398990573
RVTY.N,2023-10-30,-17.594568601526905,1.867028927664964,-9.423832882724476,29.638165398990573
RVTY.N,2023-12-13,9.809069365645406,1.867028927664964,5.253838984655321,29.638165398990573
RVTY.N,2025-04-09,9.897784081676342,1.867028927664964,5.301355503931692,29.638165398990573
ALL.N,2020-03-09,-11.385897335545891,1.534657200090389,-7.419179563276593,24.361927795043165
ALL.N,2020-03-12,-10.169030417714353,1.534657200090389,-6.626255307775191,24.361927795043165
ALL.N,2020-03-13,10.169030417714353,1.534657200090389,6.626255307775191,24.361927795043165
ALL.N,2020-03-16,-8.770737697851505,1.534657200090389,-5.715111946390973,24.361927795043165
ALL.N,2020-03-18,-15.186007503391519,1.534657200090389,-9.8953743562387,24.361927795043165
ALL.N,2020-04-06,8.4293245389504,1.534657200090389,5.492643268121327,24.361927795043165
ALL.N,2022-10-20,-13.81613002980675,1.534657200090389,-9.002746690917686,24.361927795043165
ALL.N,2025-04-04,-9.576323390819486,1.534657200090389,-6.24004070111257,24.361927795043165
IP.N,2016-01-25,-11.224285528076772,1.9345543315613625,-5.802000670106662,30.71009795432495
IP.N,2018-10-25,9.762089131875173,1.9345543315613625,5.046169535076471,30.71009795432495
IP.N,2020-03-09,-10.098291820460936,1.9345543315613625,-5.219957721379006,30.71009795432495
IP.N,2020-03-12,-11.87919216990414,1.9345543315613625,-6.140531685308908,30.71009795432495
IP.N,2020-03-13,15.564701408819603,1.9345543315613625,8.045626403398794,30.71009795432495
IP.N,2020-03-16,-11.793256836694255,1.9345543315613625,-6.096110429308034,30.71009795432495
IP.N,2020-03-17,11.942666695655468,1.9345543315613625,6.173342614790582,30.71009795432495
IP.N,2020-03-23,-10.871717271583803,1.9345543315613625,-5.619752877557763,30.71009795432495
IP.N,2022-09-16,-11.894929006352628,1.9345543315613625,-6.148666290882785,30.71009795432495
IP.N,2023-01-31,10.133017663908994,1.9345543315613625,5.2379080280111445,30.71009795432495
IP.N,2024-03-19,10.40144469769273,1.9345543315613625,5.376661967047372,30.71009795432495
IP.N,2024-10-31,12.467112621551113,1.9345543315613625,6.444436539287584,30.71009795432495
IP.N,2025-04-03,-10.197945045756684,1.9345543315613625,-5.271469960487493,30.71009795432495
IP.N,2025-07-31,-13.750828388412195,1.9345543315613625,-7.108008373853226,30.71009795432495
IP.N,2025-10-30,-13.537411520204534,1.9345543315613625,-6.997690010225044,30.71009795432495
SNA.N,2018-07-19,9.079043062786774,1.6881910542822862,5.377971314180797,26.799202171169235
SNA.N,2018-10-18,-10.101358887369827,1.6881910542822862,-5.983540110431574,26.799202171169235
SNA.N,2019-02-07,-8.747813683369543,1.6881910542822862,-5.1817675855939,26.799202171169235
SNA.N,2020-03-12,-8.576221018976948,1.6881910542822862,-5.0801246678937195,26.799202171169235
SNA.N,2020-03-18,-12.211719134008181,1.6881910542822862,-7.233612038774749,26.799202171169235
SNA.N,2020-03-24,10.91307354229567,1.6881910542822862,6.4643593002186766,26.799202171169235
SNA.N,2020-04-06,10.46693220646917,1.6881910542822862,6.200087472279053,26.799202171169235
SNA.N,2020-05-18,8.896825189677138,1.6881910542822862,5.2700345539145825,26.799202171169235
SNA.N,2020-06-11,-8.769241206426504,1.6881910542822862,-5.194460179244723,26.799202171169235
SNA.N,2020-10-22,8.739236105998227,1.6881910542822862,5.1766866574906745,26.799202171169235
SNA.N,2024-02-08,-10.166991871446118,1.6881910542822862,-6.022417809676459,26.799202171169235
SNA.N,2024-10-17,9.501125258477572,1.6881910542822862,5.627991710047805,26.799202171169235
EBAY.OQ,2016-01-28,-13.299082285083141,1.9201164016866552,-6.926185450736765,30.480902922954556
EBAY.OQ,2016-07-21,10.33948948346941,1.9201164016866552,5.38482431293596,30.480902922954556
EBAY.OQ,2016-10-20,-11.387003722356814,1.9201164016866552,-5.930371571408026,30.480902922954556
EBAY.OQ,2018-02-01,12.948799004484535,1.9201164016866552,6.743757301958434,30.480902922954556
EBAY.OQ,2018-07-19,-10.667890741108454,1.9201164016866552,-5.555856265660582,30.480902922954556
EBAY.OQ,2021-04-29,-10.56814914269113,1.9201164016866552,-5.50391066573252,30.480902922954556
EBAY.OQ,2022-05-05,-12.469773614331725,1.9201164016866552,-6.49428003603225,30.480902922954556
EBAY.OQ,2022-11-10,9.604936919365592,1.9201164016866552,5.00226804527501,30.480902922954556
EBAY.OQ,2023-07-27,-11.1297961737304,1.9201164016866552,-5.7964174275860785,30.480902922954556
EBAY.OQ,2025-07-31,16.801565656022888,1.9201164016866552,8.7502849521332,30.480902922954556
EBAY.OQ,2025-10-30,-17.2962237214068,1.9201164016866552,-9.007903742821826,30.480902922954556
TPL.N,2016-09-08,17.616952581457035,2.860985863394776,6.157651041502592,45.41674259408393
TPL.N,2020-03-09,-28.616125736174514,2.860985863394776,-10.002190539389565,45.41674259408393
TPL.N,2020-03-18,-16.91892429270414,2.860985863394776,-5.91366930860279,45.41674259408393
TPL.N,2020-03-24,23.222201983864643,2.860985863394776,8.11685310332493,45.41674259408393
TPL.N,2020-11-09,14.457890989557143,2.860985863394776,5.053464672629232,45.41674259408393
TPL.N,2024-06-10,21.720570701556863,2.860985863394776,7.591988125304388,45.41674259408393
SJM.N,2016-06-09,7.628543334261639,1.4940615988551353,5.105909515449172,23.7174926038934
SJM.N,2016-08-23,-8.408873198008049,1.4940615988551353,-5.628197126846425,23.7174926038934
SJM.N,2017-08-24,-10.027832730906638,1.4940615988551353,-6.711793368219043,23.7174926038934
SJM.N,2017-11-16,9.093912101236423,1.4940615988551353,6.086704931178792,23.7174926038934
SJM.N,2018-11-28,-7.5108937957745425,1.4940615988551353,-5.027164744432201,23.7174926038934
SJM.N,2019-08-27,-8.536247916539264,1.4940615988551353,-5.713451120810809,23.7174926038934
SJM.N,2020-03-17,8.246501689004937,1.4940615988551353,5.519519205449119,23.7174926038934
SJM.N,2020-03-19,-8.641497830237999,1.4940615988551353,-5.783896619028142,23.7174926038934
SJM.N,2020-03-23,-8.386588460155675,1.4940615988551353,-5.61328158529884,23.7174926038934
SJM.N,2020-03-24,9.873037934963502,1.4940615988551353,6.608186665482187,23.7174926038934
SJM.N,2021-01-28,-8.063449870403794,1.4940615988551353,-5.396999612721877,23.7174926038934
SJM.N,2022-05-18,-11.08688444994641,1.4940615988551353,-7.420634101326232,23.7174926038934
SJM.N,2025-06-10,-16.951168819171336,1.4940615988551353,-11.345696075824867,23.7174926038934
KO.N,2019-02-14,-8.812576642874115,1.1266073466765778,-7.822225435392972,17.884337187147334
KO.N,2019-07-23,5.8946479792052475,1.1266073466765778,5.232211556754086,17.884337187147334
KO.N,2020-03-09,-6.3501539384752,1.1266073466765778,-5.636528074495309,17.884337187147334
KO.N,2020-03-12,-10.172797175329062,1.1266073466765778,-9.029585334533976,17.884337187147334
KO.N,2020-03-16,-6.852140965189335,1.1266073466765778,-6.08210214978868,17.884337187147334
KO.N,2020-03-19,-6.970980305069796,1.1266073466765778,-6.187586407663466,17.884337187147334
KO.N,2020-03-20,-8.816388926750696,1.1266073466765778,-7.825609297470408,17.884337187147334
KO.N,2020-03-26,6.241839494025703,1.1266073466765778,5.540385931654666,17.884337187147334
KO.N,2020-04-06,6.278304553100655,1.1266073466765778,5.572753072861868,17.884337187147334
KO.N,2020-06-11,-6.5443908252383665,1.1266073466765778,-5.808936755599824,17.884337187147334
KO.N,2020-11-09,6.118355676263532,1.1266073466765778,5.430779139078316,17.884337187147334
KO.N,2022-05-18,-7.216865124263094,1.1266073466765778,-6.40583886262805,17.884337187147334
FRT.N,2020-03-16,-21.630793247618563,1.8171721757546135,-11.903546365184678,28.846713998597185
FRT.N,2020-03-18,-24.02155352128572,1.8171721757546135,-13.219195099831603,28.846713998597185
FRT.N,2020-03-24,13.203034160716598,1.8171721757546135,7.26570345775507,28.846713998597185
FRT.N,2020-04-06,9.901922432502808,1.8171721757546135,5.4490832319677445,28.846713998597185
FRT.N,2020-09-21,-10.925575777025642,1.8171721757546135,-6.012405386126166,28.846713998597185
FRT.N,2020-11-09,28.44489391295566,1.8171721757546135,15.653384028480078,28.846713998597185
VRSN.OQ,2018-11-02,15.872623495225469,1.6018008389561953,9.909236597459131,25.42780001839629
VRSN.OQ,2020-03-09,-8.247174431482751,1.6018008389561953,-5.148689044798464,25.42780001839629
VRSN.OQ,2020-03-13,9.740963323774832,1.6018008389561953,6.081257474008115,25.42780001839629
VRSN.OQ,2020-03-16,-13.048520542024988,1.6018008389561953,-8.146156641126487,25.42780001839629
VRSN.OQ,2020-03-17,9.46406724345934,1.6018008389561953,5.9083919881241584,25.42780001839629
VRSN.OQ,2020-03-24,12.050620296420611,1.6018008389561953,7.523170174060673,25.42780001839629
VRSN.OQ,2020-03-30,8.082529968461483,1.6018008389561953,5.045901944793848,25.42780001839629
VRSN.OQ,2022-04-29,-15.390281367371106,1.6018008389561953,-9.608111690964089,25.42780001839629
VRSN.OQ,2022-10-28,9.04099764929045,1.6018008389561953,5.644270766634113,25.42780001839629
VRSN.OQ,2025-07-29,-9.780692110495437,1.6018008389561953,-6.10606004980555,25.42780001839629
QCOM.OQ,2017-01-23,-13.607916470332082,2.3101127850818743,-5.890585324754953,36.67190357902466
QCOM.OQ,2017-11-03,11.964530897706815,2.3101127850818743,5.179197732236598,36.67190357902466
QCOM.OQ,2019-04-16,20.869905145052403,2.3101127850818743,9.034149882129126,36.67190357902466
QCOM.OQ,2019-04-17,11.555675995772674,2.3101127850818743,5.002212909428628,36.67190357902466
QCOM.OQ,2020-03-13,12.323912775904766,2.3101127850818743,5.33476670727485,36.67190357902466
QCOM.OQ,2020-03-16,-16.187511186983894,2.3101127850818743,-7.00723847403415,36.67190357902466
QCOM.OQ,2020-03-18,-11.809168043592866,2.3101127850818743,-5.111944369060027,36.67190357902466
QCOM.OQ,2020-07-30,14.168093892296074,2.3101127850818743,6.13307453375872,36.67190357902466
QCOM.OQ,2020-11-05,11.997751934909395,2.3101127850818743,5.193578431489515,36.67190357902466
QCOM.OQ,2021-11-04,11.983497610062166,2.3101127850818743,5.187408029360545,36.67190357902466
QCOM.OQ,2025-04-09,14.137198492558145,2.3101127850818743,6.119700554818191,36.67190357902466
CNP.N,2020-03-09,-17.833877933453124,1.6330152729511778,-10.920827397544066,25.923313796394474
CNP.N,2020-03-12,-17.19564347037501,1.6330152729511778,-10.52999549679601,25.923313796394474
CNP.N,2020-03-16,-21.99332756839616,1.6330152729511778,-13.467925213369204,25.923313796394474
CNP.N,2020-03-17,16.03129725217949,1.6330152729511778,9.816991621399719,25.923313796394474
CNP.N,2020-03-18,-16.11145757711312,1.6330152729511778,-9.866078930172261,25.923313796394474
CNP.N,2020-03-24,11.906779310574578,1.6330152729511778,7.291284722069194,25.923313796394474
CNP.N,2020-03-25,10.440628209182323,1.6330152729511778,6.393466357674701,25.923313796394474
CNP.N,2020-04-01,-9.00167712786586,1.6330152729511778,-5.512304310294703,25.923313796394474
CNP.N,2020-04-06,12.961749330338623,1.6330152729511778,7.937310535322924,25.923313796394474
CNP.N,2020-04-08,8.366598995982688,1.6330152729511778,5.123405233597484,25.923313796394474
CNP.N,2020-05-07,10.842215696344137,1.6330152729511778,6.639384135550756,25.923313796394474
CDNS.OQ,2017-02-02,11.372973356954708,2.034389725325827,5.5903611856539515,32.294935697982844
CDNS.OQ,2018-10-23,14.293666698622465,2.034389725325827,7.026021868220552,32.294935697982844
CDNS.OQ,2020-03-16,-13.465255875461946,2.034389725325827,-6.618818266645224,32.294935697982844
CDNS.OQ,2020-03-24,12.566848059346292,2.034389725325827,6.177207790082399,32.294935697982844
CDNS.OQ,2024-10-29,11.807750685197682,2.034389725325827,5.804075068903799,32.294935697982844
CDNS.OQ,2025-04-09,13.322375594640778,2.034389725325827,6.548585764464118,32.294935697982844
CDNS.OQ,2025-05-28,-11.28236747999738,2.034389725325827,-5.545824056986131,32.294935697982844
MDLZ.OQ,2016-02-03,-6.703667269175417,1.3144583482235763,-5.099946512748071,20.866379388913938
MDLZ.OQ,2020-01-30,7.484084136937419,1.3144583482235763,5.693663969688943,20.866379388913938
MDLZ.OQ,2020-03-12,-9.682068190316961,1.3144583482235763,-7.36582349939181,20.866379388913938
MDLZ.OQ,2020-03-13,6.931555849037574,1.3144583482235763,5.273317224851757,20.866379388913938
MDLZ.OQ,2020-03-16,-12.137352718057315,1.3144583482235763,-9.233729417489972,20.866379388913938
MDLZ.OQ,2020-03-17,7.925781845618118,1.3144583482235763,6.029694175041309,20.866379388913938
MDLZ.OQ,2020-03-24,10.68857054106127,1.3144583482235763,8.1315399270782,20.866379388913938
MDLZ.OQ,2022-05-18,-7.551351961150488,1.3144583482235763,-5.744839287875311,20.866379388913938
MDLZ.OQ,2025-07-30,-6.8419230283783605,1.3144583482235763,-5.205127296444861,20.866379388913938
COHR.N,2017-05-02,-17.764044818745184,3.368094921690396,-5.274211455367676,53.46684932911413
COHR.N,2018-11-01,17.972170773440332,3.368094921690396,5.3360048310100385,53.46684932911413
COHR.N,2018-11-09,-20.97418622676002,3.368094921690396,-6.227314465422901,53.46684932911413
COHR.N,2020-03-17,17.817585941424817,3.368094921690396,5.29010801527008,53.46684932911413
COHR.N,2020-05-12,19.061123764341346,3.368094921690396,5.6593190535066205,53.46684932911413
COHR.N,2020-11-05,16.983973712449306,3.368094921690396,5.042605421561369,53.46684932911413
COHR.N,2023-08-16,-35.476228795239926,3.368094921690396,-10.53302523238714,53.46684932911413
COHR.N,2024-06-03,20.581944825519027,3.368094921690396,6.110856523957246,53.46684932911413
COHR.N,2025-01-27,-21.007276417737586,3.368094921690396,-6.23713906708851,53.46684932911413
COHR.N,2025-04-03,-22.540402549384453,3.368094921690396,-6.692329959059397,53.46684932911413
COHR.N,2025-04-09,20.43258445454854,3.368094921690396,6.066510870273731,53.46684932911413
COHR.N,2025-08-14,-21.830918955991407,3.368094921690396,-6.481681622272925,53.46684932911413
UPS.N,2019-04-25,-8.476560274188394,1.6716947508502822,-5.070638805246544,26.537331472571573
UPS.N,2020-03-13,8.941651296698971,1.6716947508502822,5.348854084844698,26.537331472571573
UPS.N,2020-03-17,10.594614703684613,1.6716947508502822,6.337649082343425,26.537331472571573
UPS.N,2020-07-30,13.43194067687321,1.6716947508502822,8.03492424082881,26.537331472571573
UPS.N,2020-10-28,-9.22826904814631,1.6716947508502822,-5.520307486431054,26.537331472571573
UPS.N,2021-04-27,9.91241712825861,1.6716947508502822,5.9295616757884835,26.537331472571573
UPS.N,2022-02-01,13.176805655535517,1.6716947508502822,7.882303661498808,26.537331472571573
UPS.N,2023-04-25,-10.521869381418814,1.6716947508502822,-6.294133169986341,26.537331472571573
UPS.N,2024-01-30,-8.55741573593205,1.6716947508502822,-5.119006165198192,26.537331472571573
UPS.N,2024-03-26,-8.514929248378156,1.6716947508502822,-5.093590946581107,26.537331472571573
UPS.N,2024-07-23,-12.844721815519566,1.6716947508502822,-7.683652657870878,26.537331472571573
UPS.N,2025-01-30,-15.213447483555242,1.6716947508502822,-9.100613300255416,26.537331472571573
UPS.N,2025-04-03,-9.592743015524086,1.6716947508502822,-5.738334113117769,26.537331472571573
UPS.N,2025-07-29,-11.17469481357416,1.6716947508502822,-6.684650297484227,26.537331472571573
IBM.N,2017-10-18,8.493356358108795,1.5432928143686226,5.503399146961956,24.499013921834074
IBM.N,2018-04-18,-7.830928663145276,1.5432928143686226,-5.074169069042799,24.499013921834074
IBM.N,2018-10-17,-7.934812168485816,1.5432928143686226,-5.141481962858767,24.499013921834074
IBM.N,2019-01-23,8.124743637884269,1.5432928143686226,5.264550940845394,24.499013921834074
IBM.N,2020-03-09,-8.08455037966569,1.5432928143686226,-5.238507109211912,24.499013921834074
IBM.N,2020-03-12,-13.754773029912393,1.5432928143686226,-8.912613926437295,24.499013921834074
IBM.N,2020-03-16,-8.574055233965794,1.5432928143686226,-5.555689208255356,24.499013921834074
IBM.N,2020-03-24,10.706845800298215,1.5432928143686226,6.9376632228269,24.499013921834074
IBM.N,2020-06-11,-9.57645834843417,1.5432928143686226,-6.20521151869161,24.499013921834074
IBM.N,2021-01-22,-10.430608590113355,1.5432928143686226,-6.758671130326378,24.499013921834074
IBM.N,2021-10-21,-10.051751290962763,1.5432928143686226,-6.513184793823484,24.499013921834074
IBM.N,2024-01-25,9.063175355066377,1.5432928143686226,5.872622013583481,24.499013921834074
IBM.N,2024-04-25,-8.611305954677828,1.5432928143686226,-5.57982637805568,24.499013921834074
IBM.N,2025-01-30,12.19005729918372,1.5432928143686226,7.898732622668759,24.499013921834074
IBM.N,2025-07-24,-7.930128312973217,1.5432928143686226,-5.138446987597435,24.499013921834074
MSCI.N,2020-03-09,-10.305419321818654,1.9062823817306433,-5.406029778475288,30.261294664339083
MSCI.N,2020-03-13,9.899019611803261,1.9062823817306433,5.192840109457607,30.261294664339083
MSCI.N,2020-03-16,-13.990309559721581,1.9062823817306433,-7.339054115907159,30.261294664339083
MSCI.N,2020-03-18,-13.686435871403013,1.9062823817306433,-7.179647675795861,30.261294664339083
MSCI.N,2020-03-24,16.581084916589717,1.9062823817306433,8.698126298338005,30.261294664339083
MSCI.N,2020-03-26,10.119672394033952,1.9062823817306433,5.308590422394123,30.261294664339083
MSCI.N,2020-04-06,11.136954910435826,1.9062823817306433,5.84223775930038,30.261294664339083
MSCI.N,2020-06-11,-9.935129818274913,1.9062823817306433,-5.211782846807394,30.261294664339083
MSCI.N,2023-04-25,-14.48934275189373,1.9062823817306433,-7.600837573045915,30.261294664339083
MSCI.N,2024-04-23,-14.417799126099329,1.9062823817306433,-7.56330712819679,30.261294664339083
SATS.OQ,2023-08-07,19.275881468749347,3.109622678254812,6.198784696144354,49.36372966745312
SATS.OQ,2023-11-06,-37.51645919707385,3.109622678254812,-12.064633905400028,49.36372966745312
SATS.OQ,2024-01-10,27.396279971042237,3.109622678254812,8.810162134017373,49.36372966745312
SATS.OQ,2024-08-09,-18.10275736342546,3.109622678254812,-5.821528602172763,49.36372966745312
SATS.OQ,2024-09-05,19.106704822809874,3.109622678254812,6.1443804601827035,49.36372966745312
SATS.OQ,2025-05-12,-18.124730969647285,3.109622678254812,-5.828594927735502,49.36372966745312
SATS.OQ,2025-06-05,16.100543906972,3.109622678254812,5.177651944578682,49.36372966745312
SATS.OQ,2025-06-16,39.950916435531305,3.109622678254812,12.847512566364683,49.36372966745312
SATS.OQ,2025-08-01,-19.076458602596304,3.109622678254812,-6.134653807355954,49.36372966745312
SATS.OQ,2025-09-08,18.160248015651614,3.109622678254812,5.8400165854989,49.36372966745312
MRK.N,2016-08-05,9.901260943612744,1.4007169692888426,7.068709211568779,22.23569254755825
MRK.N,2020-03-16,-9.320165512002632,1.4007169692888426,-6.653853502420669,22.23569254755825
MRK.N,2020-03-23,-7.204043178936548,1.4007169692888426,-5.143111232952442,22.23569254755825
MRK.N,2020-03-26,7.495570921763139,1.4007169692888426,5.351238748516563,22.23569254755825
MRK.N,2020-03-30,7.024679014654467,1.4007169692888426,5.015059550696358,22.23569254755825
MRK.N,2021-10-01,8.042156731057482,1.4007169692888426,5.741457344620135,22.23569254755825
MRK.N,2021-11-05,-10.383993852666151,1.4007169692888426,-7.413341938691729,22.23569254755825
MRK.N,2024-07-30,-10.320635329743943,1.4007169692888426,-7.3681090156163584,22.23569254755825
MRK.N,2025-02-04,-9.506970366040335,1.4007169692888426,-6.787217242657604,22.23569254755825
MRK.N,2025-10-01,7.126995447358198,1.4007169692888426,5.088105308652497,22.23569254755825
TRMB.OQ,2016-02-10,12.753577143966544,2.078362219271053,6.136359209050492,32.99297739902101
TRMB.OQ,2018-08-02,14.281703492584086,2.078362219271053,6.871614274047538,32.99297739902101
TRMB.OQ,2020-03-12,-20.576607707401216,2.078362219271053,-9.900395376999338,32.99297739902101
TRMB.OQ,2020-03-16,-15.744829204881494,2.078362219271053,-7.575594407409745,32.99297739902101
TRMB.OQ,2020-03-19,17.234386471594032,2.078362219271053,8.292292032540253,32.99297739902101
TRMB.OQ,2020-05-07,13.459015397276497,2.078362219271053,6.475779473126199,32.99297739902101
TRMB.OQ,2022-11-02,-11.002807719966379,2.078362219271053,-5.293979854880835,32.99297739902101
TRMB.OQ,2023-11-01,-14.03137602043869,2.078362219271053,-6.751169690411297,32.99297739902101
TRMB.OQ,2024-11-06,16.452924112451672,2.078362219271053,7.9162929155930435,32.99297739902101
TRMB.OQ,2025-04-09,10.93619332599749,2.078362219271053,5.261928466844993,32.99297739902101
BIIB.OQ,2016-06-07,-13.649307070306982,2.4758345663902057,-5.5130125637626195,39.302655300035525
BIIB.OQ,2018-07-06,17.927149661240094,2.4758345663902057,7.240851187960461,39.302655300035525
BIIB.OQ,2019-03-21,-34.57418048293164,2.4758345663902057,-13.964656989720106,39.302655300035525
BIIB.OQ,2019-10-22,23.19898159584106,2.4758345663902057,9.37016629090264,39.302655300035525
BIIB.OQ,2020-02-05,16.12809154247996,2.4758345663902057,6.51420404312187,39.302655300035525
BIIB.OQ,2020-03-13,12.673488085641527,2.4758345663902057,5.1188751694825925,39.302655300035525
BIIB.OQ,2020-11-04,36.44620428973049,2.4758345663902057,14.720775283006674,39.302655300035525
BIIB.OQ,2020-11-09,-33.08208596746374,2.4758345663902057,-13.361993735994155,39.302655300035525
BIIB.OQ,2021-06-07,32.45541500792548,2.4758345663902057,13.108878698323464,39.302655300035525
BIIB.OQ,2022-09-28,33.54027100737751,2.4758345663902057,13.547056601717777,39.302655300035525
DXCM.OQ,2016-11-02,-21.36596617954374,3.0975500061629515,-6.897698547895452,49.172081939362556
DXCM.OQ,2017-01-13,23.042359879337894,3.0975500061629515,7.438898430531331,49.172081939362556
DXCM.OQ,2017-09-28,-39.52902802264382,3.0975500061629515,-12.761384947457191,49.172081939362556
DXCM.OQ,2018-08-02,26.73328792188343,3.0975500061629515,8.630462097042603,49.172081939362556
DXCM.OQ,2019-11-07,24.023798467350986,3.0975500061629515,7.755741931382134,49.172081939362556
DXCM.OQ,2020-03-16,-18.74984449734889,3.0975500061629515,-6.053120840678536,49.172081939362556
DXCM.OQ,2022-10-28,17.712288188471703,3.0975500061629515,5.718160531139436,49.172081939362556
DXCM.OQ,2025-10-31,-15.821562653193944,3.0975500061629515,-5.1077666613016826,49.172081939362556
O.N,2020-02-27,-9.007067025946114,1.6345359130072123,-5.510473617783625,25.947453208925943
O.N,2020-03-12,-8.242455234649526,1.6345359130072123,-5.042688367418671,25.947453208925943
O.N,2020-03-16,-28.675554593316875,1.6345359130072123,-17.543545152556305,25.947453208925943
O.N,2020-03-18,-26.000855077503182,1.6345359130072123,-15.907178833205883,25.947453208925943
O.N,2020-03-19,12.336221429658067,1.6345359130072123,7.5472318053642145,25.947453208925943
O.N,2020-03-23,-8.99680845290467,1.6345359130072123,-5.504197479731344,25.947453208925943
O.N,2020-03-24,15.62580233796056,1.6345359130072123,9.559779148083859,25.947453208925943
O.N,2020-04-15,-8.929033159683675,1.6345359130072123,-5.462732931487615,25.947453208925943
VEEV.N,2017-08-25,-14.610653524403983,2.3419498318864194,-6.23867058357746,37.17730102896595
VEEV.N,2019-05-30,13.740891253365728,2.3419498318864194,5.867286765189827,37.17730102896595
VEEV.N,2020-03-16,-13.49361773863853,2.3419498318864194,-5.761702302465439,37.17730102896595
VEEV.N,2022-03-03,-17.725247333762884,2.3419498318864194,-7.568585412218399,37.17730102896595
VEEV.N,2022-06-02,13.734471561293127,2.3419498318864194,5.864545591153904,37.17730102896595
VEEV.N,2022-09-01,-15.079488794246743,2.3419498318864194,-6.4388607257655694,37.17730102896595
VEEV.N,2023-06-01,17.960211109323243,2.3419498318864194,7.668913682432068,37.17730102896595
VEEV.N,2023-11-09,-15.293230800454172,2.3419498318864194,-6.530127414444063,37.17730102896595
VEEV.N,2025-05-29,17.394219766679964,2.3419498318864194,7.427238418966933,37.17730102896595
BSX.N,2016-04-27,10.591901888373734,1.6176736908342446,6.547613371217913,25.679773730396388
BSX.N,2020-03-09,-9.799996424603696,1.6176736908342446,-6.058079871194403,25.679773730396388
BSX.N,2020-03-12,-8.82471722198428,1.6176736908342446,-5.455189926117495,25.679773730396388
BSX.N,2020-03-16,-15.999305613841797,1.6176736908342446,-9.890317005520966,25.679773730396388
BSX.N,2020-03-24,8.849433931691886,1.6176736908342446,5.470469095116566,25.679773730396388
BSX.N,2020-11-17,-8.217048473077293,1.6176736908342446,-5.079546338445863,25.679773730396388
BSX.N,2025-04-04,-9.358577911329302,1.6176736908342446,-5.785207464493673,25.679773730396388
VTRS.OQ,2016-02-11,-19.900124599260984,2.3394799705578126,-8.506217129320456,37.138093195876095
VTRS.OQ,2017-10-04,15.01463621402821,2.3394799705578126,6.417937491658971,37.138093195876095
VTRS.OQ,2018-11-06,14.954058881788557,2.3394799705578126,6.392043988400975,37.138093195876095
VTRS.OQ,2019-02-27,-16.317231076897755,2.3394799705578126,-6.974725700689442,37.138093195876095
VTRS.OQ,2019-05-07,-27.20000658801096,2.3394799705578126,-11.626518256330934,37.138093195876095
VTRS.OQ,2019-07-29,11.838475659637515,2.3394799705578126,5.060302207594799,37.138093195876095
VTRS.OQ,2020-03-13,12.662600643716848,2.3394799705578126,5.412570658041432,37.138093195876095
VTRS.OQ,2021-02-22,-16.113086981431568,2.3394799705578126,-6.887465241939923,37.138093195876095
VTRS.OQ,2022-02-28,-27.809952137078486,2.3394799705578126,-11.887236688095106,37.138093195876095
VTRS.OQ,2022-11-07,12.303838877780215,2.3394799705578126,5.259219584105504,37.138093195876095
VTRS.OQ,2024-11-07,12.683373336456105,2.3394799705578126,5.421449850426355,37.138093195876095
VTRS.OQ,2025-02-27,-16.503412679943395,2.3394799705578126,-7.054308174311241,37.138093195876095
ORLY.OQ,2016-10-27,-9.120546803166008,1.6495716192108947,-5.529039598492245,26.186137645332984
ORLY.OQ,2017-07-05,-20.93893848732984,1.6495716192108947,-12.69356131220686,26.186137645332984
ORLY.OQ,2018-04-26,12.273408307809541,1.6495716192108947,7.44036097910121,26.186137645332984
ORLY.OQ,2019-10-24,8.783078834876168,1.6495716192108947,5.324460443298441,26.186137645332984
ORLY.OQ,2020-03-12,-12.522013224537742,1.6495716192108947,-7.591069753326561,26.186137645332984
ORLY.OQ,2020-03-16,-16.752888496723184,1.6495716192108947,-10.155902478934053,26.186137645332984
ORLY.OQ,2020-03-17,8.899505811752695,1.6495716192108947,5.395040571812183,26.186137645332984
ORLY.OQ,2020-03-18,-10.898325243831186,1.6495716192108947,-6.606760880770134,26.186137645332984
ORLY.OQ,2020-03-20,-9.662932988445538,1.6495716192108947,-5.857843864377343,26.186137645332984
ORLY.OQ,2020-03-26,8.898876853627291,1.6495716192108947,5.394659286078312,26.186137645332984
ORLY.OQ,2020-04-06,12.117028527399087,1.6495716192108947,7.345560742124982,26.186137645332984
ORLY.OQ,2022-04-28,-13.489221381641903,1.6495716192108947,-8.177408743304362,26.186137645332984
KMI.N,2016-01-21,14.470931898676609,1.8812870808884077,7.692038097578889,29.864506564496292
KMI.N,2016-01-22,10.001484086045176,1.8812870808884077,5.31629871254,29.864506564496292
KMI.N,2016-02-17,9.51937721445697,1.8812870808884077,5.060034330306248,29.864506564496292
KMI.N,2020-03-09,-18.283902122982234,1.8812870808884077,-9.718826174231713,29.864506564496292
KMI.N,2020-03-12,-11.18330301634436,1.8812870808884077,-5.944495728458,29.864506564496292
KMI.N,2020-03-16,-14.931350295074042,1.8812870808884077,-7.936773949472374,29.864506564496292
KMI.N,2020-03-18,-23.628329839533848,1.8812870808884077,-12.559661988629479,29.864506564496292
KMI.N,2020-03-19,11.533068797767587,1.8812870808884077,6.13041407392288,29.864506564496292
KMI.N,2020-03-20,9.774228477293745,1.8812870808884077,5.1955007699718125,29.864506564496292
KMI.N,2020-03-23,-11.303722980857511,1.8812870808884077,-6.008505079150126,29.864506564496292
KMI.N,2020-03-24,15.505688741079648,1.8812870808884077,8.242064115890987,29.864506564496292
KMI.N,2025-01-27,-9.742672269380215,1.8812870808884077,-5.1787270365878415,29.864506564496292
CMI.N,2020-03-12,-8.874638556779235,1.7017152524948793,-5.215113717625881,27.013892162081625
CMI.N,2020-03-18,-10.252179360879854,1.7017152524948793,-6.0246150734379125,27.013892162081625
CMI.N,2020-03-23,-12.532341220669263,1.7017152524948793,-7.364534814091628,27.013892162081625
CMI.N,2020-03-24,19.182921915201145,1.7017152524948793,11.272697877672028,27.013892162081625
CMI.N,2025-04-09,10.45178426493365,1.7017152524948793,6.141911374191612,27.013892162081625
GWW.N,2017-04-18,-12.094428133696589,1.7479367908866592,-6.919259435898459,27.74763633687847
GWW.N,2017-10-17,11.90739083924175,1.7479367908866592,6.812254825989217,27.74763633687847
GWW.N,2018-01-24,17.00066252546648,1.7479367908866592,9.726131181690338,27.74763633687847
GWW.N,2018-07-18,10.57899879544495,1.7479367908866592,6.052277662785873,27.74763633687847
GWW.N,2018-10-16,-12.725751200940127,1.7479367908866592,-7.2804412993017085,27.74763633687847
GWW.N,2020-03-09,-10.667692981129573,1.7479367908866592,-6.103019878492445,27.74763633687847
GWW.N,2020-03-10,8.891837716727924,1.7479367908866592,5.087047634152404,27.74763633687847
GWW.N,2020-03-12,-10.924831373556998,1.7479367908866592,-6.250129541592441,27.74763633687847
GWW.N,2020-03-16,-14.753775401327918,1.7479367908866592,-8.440680165467489,27.74763633687847
GWW.N,2020-03-20,-9.455295529362662,1.7479367908866592,-5.409403577211945,27.74763633687847
GWW.N,2020-03-24,13.048963335088892,1.7479367908866592,7.465351952726889,27.74763633687847
GWW.N,2023-02-02,12.188241647888454,1.7479367908866592,6.972930435147967,27.74763633687847
GWW.N,2025-08-01,-10.872878031188904,1.7479367908866592,-6.220406875052686,27.74763633687847
ICE.N,2016-05-04,7.014306598554443,1.3748781791210085,5.1017658910252335,21.825514469781034
ICE.N,2020-02-04,-7.738896154946229,1.3748781791210085,-5.628786806329186,21.825514469781034
ICE.N,2020-03-12,-13.108162809946933,1.3748781791210085,-9.534054004935394,21.825514469781034
ICE.N,2020-03-13,9.469679722079327,1.3748781791210085,6.887650023024959,21.825514469781034
ICE.N,2020-03-16,-11.446503812234354,1.3748781791210085,-8.3254676567435,21.825514469781034
ICE.N,2020-03-18,-9.143697671431639,1.3748781791210085,-6.6505511617599575,21.825514469781034
ICE.N,2020-03-23,-8.787114191558842,1.3748781791210085,-6.391194743651142,21.825514469781034
ICE.N,2020-03-24,9.700860746896733,1.3748781791210085,7.055796574718146,21.825514469781034
ICE.N,2022-05-05,-7.786806076479902,1.3748781791210085,-5.663633472936626,21.825514469781034
APO.N,2020-03-09,-17.31782988779509,2.3261623786861545,-7.4448069689685274,36.926682978948115
APO.N,2020-03-12,-11.947963916887261,2.3261623786861545,-5.136341308913964,36.926682978948115
APO.N,2020-03-13,17.76039124122257,2.3261623786861545,7.635060821185606,36.926682978948115
APO.N,2020-03-16,-14.331483893359342,2.3261623786861545,-6.160998915928622,36.926682978948115
APO.N,2020-03-23,-12.02077314260519,2.3261623786861545,-5.16764145648107,36.926682978948115
APO.N,2020-03-24,14.37728866767194,2.3261623786861545,6.180690049588203,36.926682978948115
APO.N,2020-03-25,23.299299362750993,2.3261623786861545,10.016196451389058,36.926682978948115
APO.N,2020-04-06,11.806147085239083,2.3261623786861545,5.075375302005934,36.926682978948115
APO.N,2025-04-03,-13.660483406034185,2.3261623786861545,-5.87254076981066,36.926682978948115
APO.N,2025-04-04,-12.742843123304137,2.3261623786861545,-5.478054000039952,36.926682978948115
APO.N,2025-04-09,15.133901410484718,2.3261623786861545,6.505952271067394,36.926682978948115
HAS.OQ,2017-02-06,13.221441784270027,2.0705375333186455,6.385511767603061,32.868764360317506
HAS.OQ,2018-07-23,12.126655741440029,2.0705375333186455,5.856766924675592,32.868764360317506
HAS.OQ,2019-04-23,13.306311820716221,2.0705375333186455,6.4265011411741675,32.868764360317506
HAS.OQ,2019-10-22,-18.345402202506644,2.0705375333186455,-8.86021233969265,32.868764360317506
HAS.OQ,2020-03-12,-15.772963938772744,2.0705375333186455,-7.617811164954797,32.868764360317506
HAS.OQ,2020-03-16,-20.705233805167154,2.0705375333186455,-9.99993164672602,32.868764360317506
HAS.OQ,2020-03-23,11.771074214469435,2.0705375333186455,5.685033004739994,32.868764360317506
HAS.OQ,2020-03-24,19.613864723283967,2.0705375333186455,9.472837081029379,32.868764360317506
HAS.OQ,2021-07-26,11.545976277051473,2.0705375333186455,5.576318270621083,32.868764360317506
HAS.OQ,2022-11-14,-10.376722465027388,2.0705375333186455,-5.011607999395035,32.868764360317506
HAS.OQ,2023-04-27,13.65175927824085,2.0705375333186455,6.593340646358576,32.868764360317506
HAS.OQ,2023-10-26,-12.389758186171829,2.0705375333186455,-5.983836557801295,32.868764360317506
HAS.OQ,2024-04-24,11.199480675033069,2.0705375333186455,5.408972546893466,32.868764360317506
HAS.OQ,2025-02-20,12.180937549915782,2.0705375333186455,5.8829832127661295,32.868764360317506
HAS.OQ,2025-04-03,-13.105059476615377,2.0705375333186455,-6.3293030267414006,32.868764360317506
HAS.OQ,2025-04-24,13.60666085871407,2.0705375333186455,6.571559626308919,32.868764360317506
DGX.N,2017-09-25,-7.671036254002583,1.4585838749290154,-5.2592356091801085,23.154301196346683
DGX.N,2018-07-24,-8.602277743821318,1.4585838749290154,-5.89769151550504,23.154301196346683
DGX.N,2018-11-29,-9.733430475185312,1.4585838749290154,-6.673205869397814,23.154301196346683
DGX.N,2019-04-23,8.86926739390237,1.4585838749290154,6.08073868520863,23.154301196346683
DGX.N,2020-03-12,-9.811165366450236,1.4585838749290154,-6.7265006387978294,23.154301196346683
DGX.N,2020-03-16,-11.346510052205794,1.4585838749290154,-7.779127582058311,23.154301196346683
DGX.N,2020-03-18,-10.702450613522707,1.4585838749290154,-7.337562684932028,23.154301196346683
DGX.N,2020-03-26,11.859824927343166,1.4585838749290154,8.131054463988466,23.154301196346683
DGX.N,2020-04-27,8.449147864330353,1.4585838749290154,5.792706206039433,23.154301196346683
CPRT.OQ,2016-05-26,9.153588611374275,1.6907660869200078,5.4138704828465976,26.840079547032953
CPRT.OQ,2017-11-22,11.103918434344306,1.6907660869200078,6.567388901543331,26.840079547032953
CPRT.OQ,2018-09-19,-14.371238744806636,1.6907660869200078,-8.499838538272359,26.840079547032953
CPRT.OQ,2020-03-12,-9.524415795106744,1.6907660869200078,-5.633195430632834,26.840079547032953
CPRT.OQ,2020-03-16,-10.364656458198462,1.6907660869200078,-6.130153980719645,26.840079547032953
CPRT.OQ,2020-03-20,-15.151093228076018,1.6907660869200078,-8.961081810953566,26.840079547032953
CPRT.OQ,2020-03-24,16.00149465179235,1.6907660869200078,9.464049921264714,26.840079547032953
CPRT.OQ,2024-11-22,9.706610650659009,1.6907660869200078,5.7409541897904415,26.840079547032953
CPRT.OQ,2025-05-23,-12.243031607169774,1.6907660869200078,-7.241114960776361,26.840079547032953
ADI.OQ,2020-03-13,10.314720262722687,1.990382571348979,5.182280236573766,31.59634378600003
ADI.OQ,2020-03-16,-18.170044498388283,1.990382571348979,-9.12892062055867,31.59634378600003
ADI.OQ,2020-03-17,13.713024487732195,1.990382571348979,6.889642566774594,31.59634378600003
ADI.OQ,2020-03-18,-14.897757880685614,1.990382571348979,-7.48487154938695,31.59634378600003
ADI.OQ,2020-04-06,10.142486987864263,1.990382571348979,5.095747487876267,31.59634378600003
ADI.OQ,2024-05-22,10.306837816124137,1.990382571348979,5.178319969481391,31.59634378600003
ADI.OQ,2025-04-09,16.8793980060558,1.990382571348979,8.480479204867542,31.59634378600003
SNPS.OQ,2020-03-16,-14.143796885185722,2.1629939995829934,-6.538990347598063,34.33646526132929
SNPS.OQ,2024-12-05,-13.199709892391276,2.1629939995829934,-6.102518035156855,34.33646526132929
SNPS.OQ,2025-04-09,11.641063982390243,2.1629939995829934,5.38192153313164,34.33646526132929
SNPS.OQ,2025-09-10,-44.37484246611714,2.1629939995829934,-20.515471829636247,34.33646526132929
SNPS.OQ,2025-09-11,12.200902631699417,2.1629939995829934,5.640747331731686,34.33646526132929
SNPS.OQ,2025-09-18,12.098534154779728,2.1629939995829934,5.593420119109078,34.33646526132929
CTVA.N,2019-06-04,11.198904248873376,2.054009157976724,5.452217291915444,32.606384535933564
CTVA.N,2020-03-10,11.609592238835642,2.054009157976724,5.6521618678037076,32.606384535933564
CTVA.N,2020-03-12,-11.249703122714605,2.054009157976724,-5.476948863166697,32.606384535933564
CTVA.N,2020-03-13,10.527098613540664,2.054009157976724,5.125146873205887,32.606384535933564
CTVA.N,2020-03-16,-17.958557697508006,2.054009157976724,-8.743173139109981,32.606384535933564
CTVA.N,2020-08-06,-11.612067034071094,2.054009157976724,-5.653366728661236,32.606384535933564
CTVA.N,2024-02-01,17.282187196596645,2.054009157976724,8.413880303055826,32.606384535933564
NDSN.OQ,2016-05-24,13.979618562781404,1.7924577131989132,7.799134372789554,28.454384068343174
NDSN.OQ,2016-08-23,10.007829658727818,1.7924577131989132,5.583300283758062,28.454384068343174
NDSN.OQ,2017-08-22,-11.524868589682757,1.7924577131989132,-6.429646013302527,28.454384068343174
NDSN.OQ,2017-12-14,12.536243061713659,1.7924577131989132,6.99388497112204,28.454384068343174
NDSN.OQ,2020-03-12,-13.725387943378031,1.7924577131989132,-7.6573008346640385,28.454384068343174
NDSN.OQ,2020-03-16,-20.222726742737684,1.7924577131989132,-11.282122079548062,28.454384068343174
NDSN.OQ,2020-03-19,9.524908898407425,1.7924577131989132,5.31388206721417,28.454384068343174
NDSN.OQ,2020-03-24,17.978801964627955,1.7924577131989132,10.030251666323581,28.454384068343174
NDSN.OQ,2020-03-26,10.529367408902957,1.7924577131989132,5.874262657003886,28.454384068343174
NDSN.OQ,2020-04-06,9.185848751527192,1.7924577131989132,5.124722711105775,28.454384068343174
NDSN.OQ,2023-02-21,-15.006378898699424,1.7924577131989132,-8.371956999709779,28.454384068343174
NDSN.OQ,2024-05-21,-9.887825309996678,1.7924577131989132,-5.516350671587309,28.454384068343174
NDSN.OQ,2025-04-09,11.161516676616667,1.7924577131989132,6.226934445609456,28.454384068343174
PFG.OQ,2016-06-24,-10.805957262699106,2.005848176406258,-5.387225907625474,31.84185265514025
PFG.OQ,2020-03-09,-17.731989487822464,2.005848176406258,-8.840145379094277,31.84185265514025
PFG.OQ,2020-03-12,-14.795240844527635,2.005848176406258,-7.376052195054594,31.84185265514025
PFG.OQ,2020-03-13,13.759832126052718,2.005848176406258,6.85985723540915,31.84185265514025
PFG.OQ,2020-03-16,-19.30114015264488,2.005848176406258,-9.622433232820951,31.84185265514025
PFG.OQ,2020-03-24,20.3413769046886,2.005848176406258,10.141035171033167,31.84185265514025
PFG.OQ,2020-04-01,-13.435222353385035,2.005848176406258,-6.69802555917069,31.84185265514025
PFG.OQ,2020-06-11,-10.175853067379714,2.005848176406258,-5.07309236415445,31.84185265514025
PFG.OQ,2020-11-09,14.111676401377915,2.005848176406258,7.035266461024407,31.84185265514025
PFG.OQ,2025-04-09,10.511609245941056,2.005848176406258,5.240480994316326,31.84185265514025
EA.OQ,2016-05-11,12.836623230332034,1.7776622142265668,7.221069969086928,28.21951280351953
EA.OQ,2017-05-10,11.915925958512119,1.7776622142265668,6.703144086176436,28.21951280351953
EA.OQ,2018-08-30,-10.301171833607103,1.7776622142265668,-5.794785843546201,28.21951280351953
EA.OQ,2019-02-06,-14.277664198440476,1.7776622142265668,-8.031708208779397,28.21951280351953
EA.OQ,2019-02-08,14.887092644014466,1.7776622142265668,8.374533994632726,28.21951280351953
EA.OQ,2020-03-16,-9.040773058515406,1.7776622142265668,-5.08576544304223,28.21951280351953
EA.OQ,2020-03-23,9.359383644929586,1.7776622142265668,5.264995548663169,28.21951280351953
EA.OQ,2020-03-26,10.133636535810098,1.7776622142265668,5.700541112203977,28.21951280351953
EA.OQ,2023-02-01,-9.720815638491143,1.7776622142265668,-5.468314261672328,28.21951280351953
EA.OQ,2025-01-23,-18.2700975444825,1.7776622142265668,-10.277597958862808,28.21951280351953
EA.OQ,2025-09-26,13.863508850396045,1.7776622142265668,7.798730680917265,28.21951280351953
PKG.N,2016-01-25,-13.874788854341391,1.7090474300568066,-8.118434052986002,27.130286872466193
PKG.N,2020-03-12,-9.77496058727132,1.7090474300568066,-5.719537337209192,27.130286872466193
PKG.N,2020-03-13,8.584821046107205,1.7090474300568066,5.023161379331559,27.130286872466193
PKG.N,2020-03-17,14.644627679653688,1.7090474300568066,8.568883122902516,27.130286872466193
PKG.N,2020-03-23,-11.932707756486582,1.7090474300568066,-6.982081097708304,27.130286872466193
PKG.N,2020-03-26,8.910738751751257,1.7090474300568066,5.21386276064619,27.130286872466193
PKG.N,2020-04-28,8.633642284701715,1.7090474300568066,5.051727724381964,27.130286872466193
PKG.N,2022-09-16,-11.666254515983354,1.7090474300568066,-6.826173639660535,27.130286872466193
PKG.N,2023-07-25,9.605070941511418,1.7090474300568066,5.620131292197173,27.130286872466193
PKG.N,2025-01-29,-10.279586865958912,1.7090474300568066,-6.014804905453813,27.130286872466193
TMO.N,2020-03-23,-8.651183978575894,1.5983432904375428,-5.4125944221955296,25.372913137238523
TMO.N,2020-03-24,9.957412401113075,1.5983432904375428,6.229833391040329,25.372913137238523
TMO.N,2020-11-09,-8.432386472608577,1.5983432904375428,-5.2757042389186815,25.372913137238523
TMO.N,2025-07-23,8.747312902530524,1.5983432904375428,5.472737274190933,25.372913137238523
TMO.N,2025-10-01,9.006329014797299,1.5983432904375428,5.634790140941398,25.372913137238523
FICO.N,2016-01-29,14.900194693632951,2.266241353153835,6.574848999598812,35.97546618777331
FICO.N,2020-03-09,-12.503835911391015,2.266241353153835,-5.517433478120033,35.97546618777331
FICO.N,2020-03-12,-11.943363094133463,2.266241353153835,-5.2701196531924435,35.97546618777331
FICO.N,2020-03-16,-23.207809122429257,2.266241353153835,-10.240660859061592,35.97546618777331
FICO.N,2020-03-18,-14.74843039861522,2.266241353153835,-6.5078815979112,35.97546618777331
FICO.N,2020-03-19,14.377357328218032,2.266241353153835,6.344142166592121,35.97546618777331
FICO.N,2020-03-24,15.28395448894111,2.266241353153835,6.744186565862042,35.97546618777331
FICO.N,2020-03-26,12.586065391779222,2.266241353153835,5.553717998422238,35.97546618777331
FICO.N,2020-04-06,13.372087628212448,2.266241353153835,5.900557594892999,35.97546618777331
FICO.N,2022-01-28,15.340401402685622,2.266241353153835,6.76909428968676,35.97546618777331
FICO.N,2022-11-10,27.078595919945858,2.266241353153835,11.948681406886204,35.97546618777331
FICO.N,2025-05-21,-17.126890152613594,2.266241353153835,-7.557399007294084,35.97546618777331
FICO.N,2025-05-27,-11.942955438039693,2.266241353153835,-5.26993977116302,35.97546618777331
FICO.N,2025-10-02,16.53363831915531,2.266241353153835,7.295621137680734,35.97546618777331
IDXX.OQ,2016-08-02,12.423799491154508,2.0060606975274617,6.1931323944820145,31.845226323350573
IDXX.OQ,2017-02-02,12.442038777747744,2.0060606975274617,6.202224485571639,31.845226323350573
IDXX.OQ,2020-03-16,-12.711649933002533,2.0060606975274617,-6.336622789464983,31.845226323350573
IDXX.OQ,2020-03-24,11.380296723257821,2.0060606975274617,5.672957322420217,31.845226323350573
IDXX.OQ,2024-10-31,-10.302810143853858,2.0060606975274617,-5.13584168043989,31.845226323350573
IDXX.OQ,2025-02-03,10.556426222623028,2.0060606975274617,5.26226660820093,31.845226323350573
IDXX.OQ,2025-08-04,24.289711569378003,2.0060606975274617,12.10816382540962,31.845226323350573
IDXX.OQ,2025-11-03,13.838449218150295,2.0060606975274617,6.898320292704332,31.845226323350573
TDY.N,2020-03-09,-10.52552088529346,1.716776009502653,-6.130980877547727,27.252974267675278
TDY.N,2020-03-12,-8.917554821795992,1.716776009502653,-5.194361275108564,27.252974267675278
TDY.N,2020-03-16,-13.716389721849165,1.716776009502653,-7.989621037296986,27.252974267675278
TDY.N,2020-03-18,-25.989883284028803,1.716776009502653,-15.13877357335511,27.252974267675278
TDY.N,2020-03-19,11.739635300201634,1.716776009502653,6.838186947639481,27.252974267675278
TDY.N,2020-03-24,12.503765826924695,1.716776009502653,7.283283175972977,27.252974267675278
TDY.N,2024-04-24,-11.593612043000334,1.716776009502653,-6.753130273738496,27.252974267675278
AES.N,2020-03-09,-14.29179279642896,2.2266091685081797,-6.418635564140972,35.346324760853726
AES.N,2020-03-12,-15.06258259838229,2.2266091685081797,-6.764807587886728,35.346324760853726
AES.N,2020-03-16,-16.796358904600694,2.2266091685081797,-7.5434697486017255,35.346324760853726
AES.N,2020-03-18,-18.99631361809213,2.2266091685081797,-8.531498875853275,35.346324760853726
AES.N,2020-03-19,13.939804135221978,2.2266091685081797,6.260552741980129,35.346324760853726
AES.N,2024-11-01,-11.422660195816148,2.2266091685081797,-5.130069685049079,35.346324760853726
AES.N,2025-07-09,18.05132380371708,2.2266091685081797,8.107091293355,35.346324760853726
AES.N,2025-10-01,15.523563165333298,2.2266091685081797,6.971840134716607,35.346324760853726
TMUS.OQ,2016-02-05,-8.180998760074187,1.617181395677847,-5.058800937197954,25.67195878706357
TMUS.OQ,2016-10-24,9.072994473479579,1.617181395677847,5.610375247778932,25.67195878706357
TMUS.OQ,2020-02-11,11.138750785369833,1.617181395677847,6.887755953129172,25.67195878706357
TMUS.OQ,2020-03-09,-9.684789688267958,1.617181395677847,-5.988684827906115,25.67195878706357
TMUS.OQ,2020-03-12,-11.888254098980067,1.617181395677847,-7.35121868873409,25.67195878706357
TMUS.OQ,2020-03-13,10.654532678001605,1.617181395677847,6.5883349304397125,25.67195878706357
TMUS.OQ,2020-03-16,-10.954617709768488,1.617181395677847,-6.773895457272945,25.67195878706357
TMUS.OQ,2020-05-07,9.574053790038661,1.617181395677847,5.920210197586193,25.67195878706357
TMUS.OQ,2022-02-03,9.731583276948541,1.617181395677847,6.017620103074162,25.67195878706357
TMUS.OQ,2025-04-25,-11.89804491956954,1.617181395677847,-7.357272938811193,25.67195878706357
PH.N,2020-03-09,-11.899596563709824,1.9502888830153355,-6.101453311527826,30.95987621515512
PH.N,2020-03-12,-12.430568413846643,1.9502888830153355,-6.373706235061844,30.95987621515512
PH.N,2020-03-16,-17.527687364330635,1.9502888830153355,-8.987226208884056,30.95987621515512
PH.N,2020-03-18,-18.258171093675024,1.9502888830153355,-9.361777761582747,30.95987621515512
PH.N,2020-03-24,16.906266314720764,1.9502888830153355,8.66859595106856,30.95987621515512
PH.N,2020-04-01,-11.108961523297722,1.9502888830153355,-5.696059501770933,30.95987621515512
PH.N,2020-04-06,12.148913772212477,1.9502888830153355,6.229289351959531,30.95987621515512
PH.N,2024-08-08,10.296154286127468,1.9502888830153355,5.27929701891579,30.95987621515512
PH.N,2025-04-03,-12.207296450307403,1.9502888830153355,-6.259224752096079,30.95987621515512
PH.N,2025-04-09,12.609630762457424,1.9502888830153355,6.465519478817781,30.95987621515512
AIZ.N,2016-02-10,-14.402648083688696,1.6936986938793648,-8.503666050954951,26.886633239278286
AIZ.N,2016-10-19,-8.750936016808986,1.6936986938793648,-5.166760798973774,26.886633239278286
AIZ.N,2020-03-09,-9.30985742376409,1.6936986938793648,-5.496761293734099,26.886633239278286
AIZ.N,2020-03-12,-11.496131460854908,1.6936986938793648,-6.787589494164025,26.886633239278286
AIZ.N,2020-03-16,-21.9848498071455,1.6936986938793648,-12.980378320296085,26.886633239278286
AIZ.N,2020-03-17,9.758303104521904,1.6936986938793648,5.7615342916577506,26.886633239278286
AIZ.N,2020-03-18,-14.007009795832204,1.6936986938793648,-8.270071794027059,26.886633239278286
AIZ.N,2020-03-20,8.728099548110002,1.6936986938793648,5.153277604600708,26.886633239278286
AIZ.N,2020-06-11,-8.790148099982353,1.6936986938793648,-5.1899125456894515,26.886633239278286
AIZ.N,2020-08-05,13.232908357968576,1.6936986938793648,7.813023890134204,26.886633239278286
AIZ.N,2022-08-03,-10.738960426926436,1.6936986938793648,-6.340537703509222,26.886633239278286
AIZ.N,2022-10-26,-11.05826881581482,1.6936986938793648,-6.529064972286301,26.886633239278286
AIZ.N,2023-05-03,8.872733478051487,1.6936986938793648,5.238672917512124,26.886633239278286
AIZ.N,2023-11-01,11.160024239541588,1.6936986938793648,6.5891437950984635,26.886633239278286
AIZ.N,2025-08-06,10.645084937617177,1.6936986938793648,6.285111381431687,26.886633239278286
EIX.N,2017-12-05,-13.677612278941176,1.738340119466328,-7.86820261798952,27.595293900925284
EIX.N,2018-11-09,-12.915708517818114,1.738340119466328,-7.429908780902583,27.595293900925284
EIX.N,2018-11-12,-13.007134335033976,1.738340119466328,-7.482502526046042,27.595293900925284
EIX.N,2018-11-15,-13.239173095414625,1.738340119466328,-7.615985472094532,27.595293900925284
EIX.N,2018-11-16,14.310084364067333,1.738340119466328,8.232039405764013,27.595293900925284
EIX.N,2019-10-25,-8.88895011827353,1.738340119466328,-5.113470038879646,27.595293900925284
EIX.N,2020-03-09,-9.020413739574185,1.738340119466328,-5.189095987926379,27.595293900925284
EIX.N,2020-03-12,-13.052286620352271,1.738340119466328,-7.508476893669886,27.595293900925284
EIX.N,2020-03-16,-14.310084364067333,1.738340119466328,-8.232039405764013,27.595293900925284
EIX.N,2020-03-17,10.696269843284423,1.738340119466328,6.153151344495338,27.595293900925284
EIX.N,2020-03-24,12.47794664018591,1.738340119466328,7.178081262955982,27.595293900925284
EIX.N,2025-01-08,-10.740159670162086,1.738340119466328,-6.178399468487977,27.595293900925284
EIX.N,2025-01-13,-12.661034348987066,1.738340119466328,-7.283404557719128,27.595293900925284
EIX.N,2025-04-30,-9.308211721121529,1.738340119466328,-5.354655062542743,27.595293900925284
TT.N,2020-03-04,10.515306438455774,1.6790311431030942,6.262722690790568,26.653793089099743
TT.N,2020-03-12,-10.504903769237384,1.6790311431030942,-6.256527052751857,26.653793089099743
TT.N,2020-03-16,-11.514006965309864,1.6790311431030942,-6.857530315983479,26.653793089099743
TT.N,2020-03-18,-11.589392960612166,1.6790311431030942,-6.9024288252291015,26.653793089099743
TT.N,2020-03-25,10.272718558274363,1.6790311431030942,6.11824182086872,26.653793089099743
TT.N,2020-04-06,8.396621872867804,1.6790311431030942,5.000873216294025,26.653793089099743
TT.N,2023-11-01,11.498251113974334,1.6790311431030942,6.848146421348618,26.653793089099743
TT.N,2025-01-27,-8.656244319982243,1.6790311431030942,-5.15549956029061,26.653793089099743
TT.N,2025-07-30,-8.768717924086289,1.6790311431030942,-5.222486765719199,26.653793089099743
DRI.N,2018-06-21,13.789091222646377,2.2047243502513814,6.254337972488104,34.99891404128172
DRI.N,2020-03-09,-12.966560644524705,2.2047243502513814,-5.881261593108574,34.99891404128172
DRI.N,2020-03-11,-16.251892949777513,2.2047243502513814,-7.3713945001444205,34.99891404128172
DRI.N,2020-03-12,-17.107609434055515,2.2047243502513814,-7.75952305879187,34.99891404128172
DRI.N,2020-03-16,-28.320141322437742,2.2047243502513814,-12.84520730186007,34.99891404128172
DRI.N,2020-03-17,-16.009529369521537,2.2047243502513814,-7.261465301862403,34.99891404128172
DRI.N,2020-03-18,-20.494619226230213,2.2047243502513814,-9.295773970062712,34.99891404128172
DRI.N,2020-03-19,21.656458021616707,2.2047243502513814,9.822750866405341,34.99891404128172
DRI.N,2020-03-24,27.264142549131076,2.2047243502513814,12.366236416821193,34.99891404128172
DRI.N,2020-04-01,-16.839040263839333,2.2047243502513814,-7.637707753315899,34.99891404128172
DRI.N,2020-04-06,14.163392244466122,2.2047243502513814,6.424110226229062,34.99891404128172
DRI.N,2020-04-07,11.795265655408427,2.2047243502513814,5.349995637351916,34.99891404128172
DRI.N,2020-11-09,16.591601225389674,2.2047243502513814,7.525476472148507,34.99891404128172
DRI.N,2022-03-07,-11.420152901429947,2.2047243502513814,-5.179855205086218,34.99891404128172
DRI.N,2024-12-19,13.752665357284766,2.2047243502513814,6.237816240255475,34.99891404128172
EFX.N,2017-09-08,-14.683214088166796,1.8996989007158547,-7.729232291829926,30.156785143181608
EFX.N,2017-09-13,-15.822646912173877,1.8996989007158547,-8.329028829890623,30.156785143181608
EFX.N,2018-10-25,-15.993192215780638,1.8996989007158547,-8.418803742926839,30.156785143181608
EFX.N,2021-04-22,13.924493589880438,1.8996989007158547,7.329842421150707,30.156785143181608
EFX.N,2022-11-10,12.875833119964852,1.8996989007158547,6.777828378546154,30.156785143181608
EFX.N,2025-04-04,-9.843412239806248,1.8996989007158547,-5.181564423760524,30.156785143181608
EFX.N,2025-04-22,12.959873138421685,1.8996989007158547,6.822066977844792,30.156785143181608
CINF.OQ,2020-03-12,-11.080742191995796,1.7793132996554506,-6.227538564535819,28.245722972148428
CINF.OQ,2020-03-13,11.723118971776092,1.7793132996554506,6.588563674562641,28.245722972148428
CINF.OQ,2020-03-16,-14.288006871980752,1.7793132996554506,-8.030068046334227,28.245722972148428
CINF.OQ,2020-03-23,-11.648439904212893,1.7793132996554506,-6.546592950476185,28.245722972148428
CINF.OQ,2020-03-24,15.556156956300171,1.7793132996554506,8.742786871380376,28.245722972148428
CINF.OQ,2020-04-28,-13.306129189243165,1.7793132996554506,-7.478238482126666,28.245722972148428
CINF.OQ,2020-05-06,-10.49839387375413,1.7793132996554506,-5.900250324542091,28.245722972148428
CINF.OQ,2020-06-11,-10.616142225869929,1.7793132996554506,-5.966426614090761,28.245722972148428
CINF.OQ,2020-10-22,-9.384014919058448,1.7793132996554506,-5.273953114876163,28.245722972148428
CINF.OQ,2020-11-09,14.376504500785536,1.7793132996554506,8.07980500318265,28.245722972148428
CINF.OQ,2022-04-29,-10.323858553821452,1.7793132996554506,-5.802158931662334,28.245722972148428
CINF.OQ,2022-07-28,-14.975352209597226,1.7793132996554506,-8.416366141082113,28.245722972148428
CINF.OQ,2023-02-07,10.169314674893482,1.7793132996554506,5.715303019913742,28.245722972148428
CINF.OQ,2025-04-04,-9.421195791530934,1.7793132996554506,-5.294849306951885,28.245722972148428
HLT.N,2020-03-11,-10.779927088494023,1.8011120244862824,-5.985150807911963,28.591767000952682
HLT.N,2020-03-16,-12.285117942370949,1.8011120244862824,-6.820851660170855,28.591767000952682
HLT.N,2020-03-18,-13.434704436442502,1.8011120244862824,-7.459116509021354,28.591767000952682
HLT.N,2020-03-24,9.138361438311815,1.8011120244862824,5.07373295723695,28.591767000952682
HLT.N,2020-04-06,13.147350257693002,1.8011120244862824,7.299573862676822,28.591767000952682
HLT.N,2020-07-15,9.60395609135487,1.8011120244862824,5.332236951832097,28.591767000952682
HLT.N,2020-11-09,11.533857401785585,1.8011120244862824,6.40374237969751,28.591767000952682
CB.N,2020-03-12,-11.745937717037336,1.4738723064405557,-7.969440544957463,23.396997522641357
CB.N,2020-03-16,-18.360253445347574,1.4738723064405557,-12.457153421715425,23.396997522641357
CB.N,2020-03-17,8.193706381816046,1.4738723064405557,5.559305474436984,23.396997522641357
CB.N,2020-03-18,-9.793899548653862,1.4738723064405557,-6.645012261819622,23.396997522641357
CB.N,2020-03-23,-7.5229575254160075,1.4738723064405557,-5.1042125512108765,23.396997522641357
CB.N,2020-03-24,8.502781159004247,1.4738723064405557,5.7690080218270126,23.396997522641357
CB.N,2020-04-06,7.4385811675401925,1.4738723064405557,5.046964472454592,23.396997522641357
CB.N,2020-05-21,7.785638346972057,1.4738723064405557,5.2824375035409945,23.396997522641357
CB.N,2020-06-11,-7.562432614258707,1.4738723064405557,-5.130995800119347,23.396997522641357
CB.N,2025-04-04,-7.47338069385064,1.4738723064405557,-5.070575423117265,23.396997522641357
WMT.OQ,2016-05-19,9.148801382712346,1.332698098843631,6.864871639458832,21.155926453612945
WMT.OQ,2017-11-16,10.344395240402227,1.332698098843631,7.761994445237039,21.155926453612945
WMT.OQ,2018-02-20,-10.739860310937743,1.332698098843631,-8.058734622835145,21.155926453612945
WMT.OQ,2018-08-16,8.922572687583896,1.332698098843631,6.6951192436801135,21.155926453612945
WMT.OQ,2020-03-02,7.339130700473184,1.332698098843631,5.506971689117944,21.155926453612945
WMT.OQ,2020-03-12,-9.509172948998001,1.332698098843631,-7.13527914330261,21.155926453612945
WMT.OQ,2020-03-13,9.220370402838629,1.332698098843631,6.918573989742353,21.155926453612945
WMT.OQ,2020-03-17,11.072265915863655,1.332698098843631,8.30815765811548,21.155926453612945
WMT.OQ,2021-02-18,-6.700532932455738,1.332698098843631,-5.027795070968979,21.155926453612945
WMT.OQ,2022-05-17,-12.076467083727493,1.332698098843631,-9.061667525605479,21.155926453612945
WMT.OQ,2022-05-18,-7.032607804572466,1.332698098843631,-5.276969938408849,21.155926453612945
WMT.OQ,2022-07-26,-7.909632939231415,1.332698098843631,-5.935052316870959,21.155926453612945
WMT.OQ,2023-11-16,-8.439109667136568,1.332698098843631,-6.332349145285868,21.155926453612945
WMT.OQ,2024-05-16,6.753211375197221,1.332698098843631,5.067322735026722,21.155926453612945
WMT.OQ,2025-02-20,-6.751731230839475,1.332698098843631,-5.0662120976220235,21.155926453612945
WMT.OQ,2025-04-09,9.12003332340019,1.332698098843631,6.84328531068931,21.155926453612945
COIN.OQ,2022-05-11,-30.65370738085038,5.280711634028836,-5.804844025816198,83.82869837451499
COIN.OQ,2024-11-06,27.09020430512723,5.280711634028836,5.1300290912607895,83.82869837451499
CBOE.Z,2018-02-06,-10.994210265317417,1.528212258176684,-7.194164427417074,24.25961751393564
CBOE.Z,2020-03-12,-12.909501245175381,1.528212258176684,-8.447453013220663,24.25961751393564
CBOE.Z,2020-03-16,-13.654980723133114,1.528212258176684,-8.935264489649446,24.25961751393564
CBOE.Z,2020-03-18,-15.469672150945346,1.528212258176684,-10.122724816644432,24.25961751393564
CBOE.Z,2020-03-19,8.899797633358553,1.528212258176684,5.823665911420536,24.25961751393564
CBOE.Z,2020-03-26,12.685289099592367,1.528212258176684,8.300737696429184,24.25961751393564
CBOE.Z,2021-02-16,8.005131297009704,1.528212258176684,5.238232617346401,24.25961751393564
KEYS.N,2016-05-20,14.14835303380837,1.936182431048291,7.307345014048157,30.735943232437457
KEYS.N,2018-05-31,10.301770926580334,1.936182431048291,5.320661297914335,30.735943232437457
KEYS.N,2019-05-30,10.70532854187185,1.936182431048291,5.529090838860548,30.735943232437457
KEYS.N,2019-08-22,11.845590772393688,1.936182431048291,6.118013768971259,30.735943232437457
KEYS.N,2020-03-12,-10.851241546685575,1.936182431048291,-5.604452025117529,30.735943232437457
KEYS.N,2020-03-13,11.101472869117668,1.936182431048291,5.73369156289012,30.735943232437457
KEYS.N,2020-03-17,11.711970331583732,1.936182431048291,6.049001449332756,30.735943232437457
KEYS.N,2023-02-22,-13.595457505636777,1.936182431048291,-7.021785389445922,30.735943232437457
KEYS.N,2023-08-18,-14.829205595656614,1.936182431048291,-7.65899192031598,30.735943232437457
KEYS.N,2024-08-21,13.001616464941801,1.936182431048291,6.715078216003874,30.735943232437457
KEYS.N,2025-04-03,-11.130318545012763,1.936182431048291,-5.748589784995914,30.735943232437457
KEYS.N,2025-04-09,10.762428462738782,1.936182431048291,5.558581820676769,30.735943232437457
CHRW.OQ,2018-05-02,-8.937087505961117,1.707999775140133,-5.232487519050096,27.1136558662502
CHRW.OQ,2019-10-30,-16.072697721917084,1.707999775140133,-9.41024580673519,27.1136558662502
CHRW.OQ,2020-07-29,8.918915308101383,1.707999775140133,5.22184805754417,27.1136558662502
CHRW.OQ,2020-10-28,-12.156404250203678,1.707999775140133,-7.117333636186402,27.1136558662502
CHRW.OQ,2022-02-02,-12.221572013164383,1.707999775140133,-7.155488069172412,27.1136558662502
CHRW.OQ,2022-11-02,-10.406672227998115,1.707999775140133,-6.092900233048508,27.1136558662502
CHRW.OQ,2024-02-01,-13.46022476260158,1.707999775140133,-7.880694692420106,27.1136558662502
CHRW.OQ,2024-05-02,11.566924509112386,1.707999775140133,6.772204936715156,27.1136558662502
CHRW.OQ,2024-08-01,13.783151060531385,1.707999775140133,8.069761636473602,27.1136558662502
CHRW.OQ,2025-07-31,16.63212154475131,1.707999775140133,9.737777362053064,27.1136558662502
CHRW.OQ,2025-10-30,17.989681291242743,1.707999775140133,10.532601674240137,27.1136558662502
TYL.N,2016-02-05,-9.90499735538739,1.7706077219006744,-5.594122985499456,28.107526209598788
TYL.N,2016-02-18,-16.684966232590703,1.7706077219006744,-9.42329914538048,28.107526209598788
TYL.N,2017-02-09,9.575220453377842,1.7706077219006744,5.407872299968983,28.107526209598788
TYL.N,2020-03-26,9.782475422338077,1.7706077219006744,5.524925313121866,28.107526209598788
TYL.N,2021-03-04,-14.594220308976258,1.7706077219006744,-8.242492184158083,28.107526209598788
TYL.N,2022-02-17,-9.160860464134846,1.7706077219006744,-5.173850961352998,28.107526209598788
TYL.N,2023-11-02,9.034409623801398,1.7706077219006744,5.10243432921626,28.107526209598788
TYL.N,2024-04-25,8.91510909413924,1.7706077219006744,5.035056034076954,28.107526209598788
TYL.N,2024-07-25,8.993781329708916,1.7706077219006744,5.0794883691428065,28.107526209598788
SMCI.OQ,2020-03-16,-27.66897720092928,4.789399212670296,-5.777129024394405,76.02935547680491
SMCI.OQ,2022-05-04,27.159218354433158,4.789399212670296,5.670694203687131,76.02935547680491
SMCI.OQ,2023-05-03,24.89496054991602,4.789399212670296,5.197929728650875,76.02935547680491
SMCI.OQ,2023-08-09,-26.64919426063994,4.789399212670296,-5.564204000814931,76.02935547680491
SMCI.OQ,2024-01-19,30.70161776243907,4.789399212670296,6.410327558667134,76.02935547680491
SMCI.OQ,2024-02-22,28.423005273246904,4.789399212670296,5.934565905062622,76.02935547680491
SMCI.OQ,2024-04-19,-26.31561943665206,4.789399212670296,-5.494555427126312,76.02935547680491
SMCI.OQ,2024-10-30,-39.56397568451857,4.789399212670296,-8.26073875400751,76.02935547680491
SMCI.OQ,2024-11-19,27.18894999772563,4.789399212670296,5.676902005954652,76.02935547680491
SMCI.OQ,2024-12-02,25.21310881874621,4.789399212670296,5.26435732315762,76.02935547680491
PM.N,2018-04-19,-16.931502696743372,1.4996065298427128,-11.290630148509186,23.80551565447427
PM.N,2018-12-18,-7.962305781911727,1.4996065298427128,-5.3095966331560716,23.80551565447427
PM.N,2019-07-18,7.896966978160513,1.4996065298427128,5.266026001493066,23.80551565447427
PM.N,2019-08-27,-8.075053563655299,1.4996065298427128,-5.384781542997319,23.80551565447427
PM.N,2020-03-12,-9.989230501066704,1.4996065298427128,-6.661234331991359,23.80551565447427
PM.N,2020-03-13,9.56246946677446,1.4996065298427128,6.37665232611212,23.80551565447427
PM.N,2020-03-16,-13.299245431991213,1.4996065298427128,-8.868489945416623,23.80551565447427
PM.N,2020-03-18,-13.09282538920824,1.4996065298427128,-8.730840476255787,23.80551565447427
PM.N,2020-03-20,-8.380057501547444,1.4996065298427128,-5.588170853341371,23.80551565447427
PM.N,2024-10-22,9.953490450364733,1.4996065298427128,6.637401379819752,23.80551565447427
PM.N,2025-02-06,10.389356756309365,1.4996065298427128,6.928055159508447,23.80551565447427
PM.N,2025-07-22,-8.803946815695962,1.4996065298427128,-5.870837876799169,23.80551565447427
ES.N,2020-03-02,7.956215663243871,1.4990396744388128,5.307541754171647,23.796517103905956
ES.N,2020-03-16,-13.720112151348474,1.4990396744388128,-9.152601085414766,23.796517103905956
ES.N,2020-03-17,12.217864712942106,1.4990396744388128,8.15046120611587,23.796517103905956
ES.N,2020-03-19,-11.27954941453444,1.4990396744388128,-7.524516933654277,23.796517103905956
ES.N,2020-03-20,-11.99593150789795,1.4990396744388128,-8.00241095179072,23.796517103905956
ES.N,2020-03-23,-9.365804810601919,1.4990396744388128,-6.247869866491788,23.796517103905956
ES.N,2020-03-24,13.802073798711767,1.4990396744388128,9.207277188229707,23.796517103905956
ES.N,2020-03-26,9.087502078859,1.4990396744388128,6.062215853133466,23.796517103905956
ES.N,2020-04-06,8.952841265329958,1.4990396744388128,5.972384465862509,23.796517103905956
ES.N,2020-04-09,7.787155541748891,1.4990396744388128,5.194762803502266,23.796517103905956
ES.N,2023-10-12,-7.772782647720611,1.4990396744388128,-5.185174735705687,23.796517103905956
ES.N,2024-01-09,-8.062609184855063,1.4990396744388128,-5.378516207633676,23.796517103905956
ES.N,2025-11-19,-13.295660288593858,1.4990396744388128,-8.869451899978085,23.796517103905956
LII.N,2020-03-12,-9.551097688209254,1.7619120658268543,-5.420870810443644,27.969486948851525
LII.N,2020-03-26,9.059820455977441,1.7619120658268543,5.142038942633453,27.969486948851525
LII.N,2022-11-10,10.800629937644146,1.7619120658268543,6.130061849922957,27.969486948851525
LII.N,2025-01-29,-9.203599133860596,1.7619120658268543,-5.223642718821728,27.969486948851525
LII.N,2025-04-09,9.459407580682733,1.7619120658268543,5.368830694875508,27.969486948851525
LII.N,2025-04-23,-9.404784911708841,1.7619120658268543,-5.3378287680294845,27.969486948851525
LII.N,2025-10-22,-10.742907461440243,1.7619120658268543,-6.097300580320769,27.969486948851525
NWSA.OQ,2016-02-05,-9.531017980432477,1.8382915893127398,-5.184715001604139,29.18197429525915
NWSA.OQ,2018-08-10,-14.501819626398582,1.8382915893127398,-7.888748287109449,29.18197429525915
NWSA.OQ,2020-03-13,12.713898731394302,1.8382915893127398,6.916149105674522,29.18197429525915
NWSA.OQ,2020-03-18,-9.641372966802031,1.8382915893127398,-5.244746275756251,29.18197429525915
NWSA.OQ,2020-05-08,12.455338683755235,1.8382915893127398,6.775496747179137,29.18197429525915
NWSA.OQ,2022-05-06,-14.247723213042196,1.8382915893127398,-7.750524071302977,29.18197429525915
NWSA.OQ,2023-02-10,-9.842332562050027,1.8382915893127398,-5.354064947732074,29.18197429525915
FIX.N,2017-02-24,16.25950301028114,2.569054483231137,6.328983334690251,40.782475603230864
FIX.N,2019-07-26,-22.927266454462814,2.569054483231137,-8.924398686020416,40.782475603230864
FIX.N,2020-03-12,-18.35993866233072,2.569054483231137,-7.146574267759071,40.782475603230864
FIX.N,2020-03-16,-18.51782481510451,2.569054483231137,-7.208031178776083,40.782475603230864
FIX.N,2020-03-17,13.563502712987008,2.569054483231137,5.279569896831458,40.782475603230864
FIX.N,2020-10-27,-13.834176267741993,2.569054483231137,-5.384929108370855,40.782475603230864
FIX.N,2023-10-27,13.580774234410775,2.569054483231137,5.286292806577633,40.782475603230864
FIX.N,2025-01-27,-29.7234560275232,2.569054483231137,-11.569803685182878,40.782475603230864
FIX.N,2025-04-09,13.341527813550602,2.569054483231137,5.193166552377188,40.782475603230864
FIX.N,2025-07-25,20.188621258183126,2.569054483231137,7.858385795225178,40.782475603230864
FIX.N,2025-10-24,17.386162988835974,2.569054483231137,6.767533776461271,40.782475603230864
GEV.N,2025-01-27,-24.232804345685732,3.355847633380731,-7.221068115441595,53.27242965450044
NDAQ.OQ,2020-03-12,-11.387655988965939,1.4828188151621013,-7.679735293702112,23.539018945718233
NDAQ.OQ,2020-03-13,8.039848846425901,1.4828188151621013,5.422003527482207,23.539018945718233
NDAQ.OQ,2020-03-16,-11.857720829396223,1.4828188151621013,-7.996742898153704,23.539018945718233
NDAQ.OQ,2020-03-17,10.790095030262048,1.4828188151621013,7.276745425625367,23.539018945718233
NDAQ.OQ,2020-03-20,-8.907963005368869,1.4828188151621013,-6.0074521002048735,23.539018945718233
NDAQ.OQ,2020-03-23,-9.971739284409997,1.4828188151621013,-6.724853490154756,23.539018945718233
NDAQ.OQ,2020-03-24,13.018032702993887,1.4828188151621013,8.779247046154293,23.539018945718233
NDAQ.OQ,2020-03-26,7.5929810087358,1.4828188151621013,5.12063977816854,23.539018945718233
NDAQ.OQ,2023-06-12,-12.568203944580114,1.4828188151621013,-8.47588647788109,23.539018945718233
NDAQ.OQ,2025-04-04,-7.804578700520626,1.4828188151621013,-5.263339405136582,23.539018945718233
NDAQ.OQ,2025-04-09,8.083016399882315,1.4828188151621013,5.451115346819147,23.539018945718233
BAC.N,2020-03-09,-15.902445884800143,1.9292307556174706,-8.24289465554907,30.62558880612632
BAC.N,2020-03-12,-10.012989243514836,1.9292307556174706,-5.190145976244337,30.62558880612632
BAC.N,2020-03-13,16.378580098232476,1.9292307556174706,8.489694688176552,30.62558880612632
BAC.N,2020-03-16,-16.72046077311102,1.9292307556174706,-8.66690556556023,30.62558880612632
BAC.N,2020-03-24,15.114363475057813,1.9292307556174706,7.834398985734759,30.62558880612632
BAC.N,2020-06-11,-10.577831386737158,1.9292307556174706,-5.482926993537179,30.62558880612632
BAC.N,2020-11-09,13.27083473105719,1.9292307556174706,6.878821878832074,30.62558880612632
BAC.N,2025-04-03,-11.724554572137968,1.9292307556174706,-6.077320993353852,30.62558880612632
HOOD.OQ,2021-08-04,40.816800469643866,4.48612171620249,9.09846032982702,71.21497447342841
HOOD.OQ,2021-08-05,-32.28139832680896,4.48612171620249,-7.195836486160974,71.21497447342841
RJF.N,2016-06-24,-9.904073099930422,1.93360792405224,-5.12206894517404,30.695074200876572
RJF.N,2020-03-09,-12.318141222793777,1.93360792405224,-6.370547549773581,30.695074200876572
RJF.N,2020-03-10,10.20354918130546,1.93360792405224,5.276948369099563,30.695074200876572
RJF.N,2020-03-12,-10.378058050148553,1.93360792405224,-5.367198758887674,30.695074200876572
RJF.N,2020-03-13,17.34847317291708,1.93360792405224,8.972073892084639,30.695074200876572
RJF.N,2020-03-17,13.884756702570877,1.93360792405224,7.18075082846824,30.695074200876572
RJF.N,2020-03-23,-10.858579885380726,1.93360792405224,-5.6157092398672654,30.695074200876572
RJF.N,2020-04-06,10.985241093075482,1.93360792405224,5.681214353969877,30.695074200876572
RJF.N,2020-11-09,9.916149360009863,1.93360792405224,5.128314399554539,30.695074200876572
CAG.N,2016-11-10,-8.191034098585659,1.5953635852833885,-5.134274201909069,25.325611784329382
CAG.N,2018-09-27,-8.928290064371858,1.5953635852833885,-5.596398304895434,25.325611784329382
CAG.N,2018-12-20,-18.07415063158131,1.5953635852833885,-11.329173361049703,25.325611784329382
CAG.N,2018-12-21,-9.181546970015297,1.5953635852833885,-5.755143877365332,25.325611784329382
CAG.N,2019-03-21,12.001247485830246,1.5953635852833885,7.522578299101916,25.325611784329382
CAG.N,2019-06-27,-12.894953955401522,1.5953635852833885,-8.082768137841732,25.325611784329382
CAG.N,2019-12-19,14.729170546473958,1.5953635852833885,9.232485110193597,25.325611784329382
CAG.N,2020-03-12,-10.49047365784821,1.5953635852833885,-6.575600543110529,25.325611784329382
CAG.N,2020-03-16,9.314420674805568,1.5953635852833885,5.8384312897244826,25.325611784329382
CAG.N,2020-03-17,9.092384071620385,1.5953635852833885,5.699255113689512,25.325611784329382
CAG.N,2020-03-18,-8.908796724297208,1.5953635852833885,-5.584179560369441,25.325611784329382
CAG.N,2022-03-08,-8.577125066133773,1.5953635852833885,-5.376282337928753,25.325611784329382
CAG.N,2022-05-18,-8.817061820295358,1.5953635852833885,-5.5266786214937715,25.325611784329382
CAG.N,2024-10-02,-8.412601265290709,1.5953635852833885,-5.273156127476959,25.325611784329382
FIS.N,2020-03-12,-11.547298025831942,1.8581438635798535,-6.214426262768055,29.497119379278125
FIS.N,2020-03-16,-18.13981956941859,1.8581438635798535,-9.762333221320587,29.497119379278125
FIS.N,2020-03-18,-10.170121540509935,1.8581438635798535,-5.473269179985039,29.497119379278125
FIS.N,2020-03-24,15.109225316017305,1.8581438635798535,8.131353880699125,29.497119379278125
FIS.N,2022-11-03,-32.91754050579225,1.8581438635798535,-17.715280905308454,29.497119379278125
FIS.N,2023-02-13,-13.355033183911402,1.8581438635798535,-7.187297736022404,29.497119379278125
FIS.N,2023-03-13,-13.848697778793007,1.8581438635798535,-7.452973932875387,29.497119379278125
FIS.N,2025-02-11,-12.208698556092124,1.8581438635798535,-6.570373153223535,29.497119379278125
PHM.N,2020-03-11,-11.457094031079329,2.249922104011694,-5.092218086417707,35.71640613889285
PHM.N,2020-03-12,-14.761670589138731,2.249922104011694,-6.560969627712057,35.71640613889285
PHM.N,2020-03-16,-23.732818630616627,2.249922104011694,-10.548284577630548,35.71640613889285
PHM.N,2020-03-18,-17.103854660854488,2.249922104011694,-7.601976366362945,35.71640613889285
PHM.N,2020-03-24,21.885024452746116,2.249922104011694,9.727014288061044,35.71640613889285
PHM.N,2020-04-06,13.709269692268133,2.249922104011694,6.093219702061685,35.71640613889285
PHM.N,2020-05-18,11.601781013181434,2.249922104011694,5.156525638152107,35.71640613889285
PHM.N,2022-11-10,12.644308461713383,2.249922104011694,5.619887212614212,35.71640613889285
FFIV.OQ,2016-06-07,11.89536414775878,1.815417161076463,6.552413628559813,28.818854004283256
FFIV.OQ,2016-10-27,9.14699410134494,1.815417161076463,5.038508116735645,28.818854004283256
FFIV.OQ,2020-03-12,-9.194848968283242,1.815417161076463,-5.064868375944568,28.818854004283256
FFIV.OQ,2020-03-16,-9.980465462404098,1.815417161076463,-5.497615466235936,28.818854004283256
FFIV.OQ,2020-07-28,-9.183170880279068,1.815417161076463,-5.058435646181646,28.818854004283256
FFIV.OQ,2021-04-28,-9.51640913231424,1.815417161076463,-5.241995799285838,28.818854004283256
FFIV.OQ,2022-04-27,-13.743624912439056,1.815417161076463,-7.570505119765249,28.818854004283256
FFIV.OQ,2024-04-30,-9.68982187455314,1.815417161076463,-5.33751805497283,28.818854004283256
FFIV.OQ,2024-07-30,12.21344108309621,1.815417161076463,6.727622358628676,28.818854004283256
FFIV.OQ,2024-10-29,9.586790198157757,1.815417161076463,5.280764335439691,28.818854004283256
FFIV.OQ,2025-01-29,10.793024976789667,1.815417161076463,5.945203784671659,28.818854004283256
FFIV.OQ,2025-10-16,-11.320170924182094,1.815417161076463,-6.23557558388934,28.818854004283256
DG.N,2016-03-10,10.132365891969286,1.9875712090539621,5.09786308325127,31.551714793132525
DG.N,2016-08-25,-19.391480966082142,1.9875712090539621,-9.756370427257314,31.551714793132525
DG.N,2019-08-29,10.14601302661724,1.9875712090539621,5.104729320086352,31.551714793132525
DG.N,2020-03-12,-10.46347469629687,1.9875712090539621,-5.264452739420211,31.551714793132525
DG.N,2020-03-17,12.69983425881831,1.9875712090539621,6.389624784745768,31.551714793132525
DG.N,2022-05-18,-11.781599598862602,1.9875712090539621,-5.927636476717919,31.551714793132525
DG.N,2022-05-26,12.852116605020036,1.9875712090539621,6.466242088069563,31.551714793132525
DG.N,2023-06-01,-21.702080497041987,1.9875712090539621,-10.918894577554116,31.551714793132525
DG.N,2023-08-31,-12.957049000436882,1.9875712090539621,-6.519036370326645,31.551714793132525
DG.N,2024-08-29,-38.781653190129006,1.9875712090539621,-19.51208239154771,31.551714793132525
DG.N,2025-06-03,14.71132285153649,1.9875712090539621,7.4016582573354635,31.551714793132525
DG.N,2025-12-04,13.115118479862886,1.9875712090539621,6.59856533447442,31.551714793132525
WDC.OQ,2018-10-26,-20.06706954621511,2.925563477251949,-6.859215225459604,46.441880433252166
WDC.OQ,2019-10-31,-18.522151049374447,2.925563477251949,-6.331139691001591,46.441880433252166
WDC.OQ,2020-03-16,-22.871860397010167,2.925563477251949,-7.817933391243401,46.441880433252166
WDC.OQ,2020-03-18,-15.40038477294976,2.925563477251949,-5.264074730456953,46.441880433252166
WDC.OQ,2020-03-24,16.337686802603145,2.925563477251949,5.584458149562874,46.441880433252166
WDC.OQ,2020-08-06,-17.58214778728351,2.925563477251949,-6.009832951496522,46.441880433252166
WDC.OQ,2025-04-03,-20.165517011162095,2.925563477251949,-6.892865995888094,46.441880433252166
EL.N,2019-02-05,11.010798600141047,2.1857975122319497,5.037428461933676,34.69845980225641
EL.N,2019-08-19,11.791941986330379,2.1857975122319497,5.394800717057023,34.69845980225641
EL.N,2020-03-16,-14.496066051988965,2.1857975122319497,-6.631934555176074,34.69845980225641
EL.N,2023-05-03,-19.042871334628675,2.1857975122319497,-8.712093058969456,34.69845980225641
EL.N,2023-11-01,-20.952138369388784,2.1857975122319497,-9.585580664328898,34.69845980225641
EL.N,2024-02-05,11.376529910774025,2.1857975122319497,5.204750141360205,34.69845980225641
EL.N,2024-05-01,-14.136161254988444,2.1857975122319497,-6.467278499440602,34.69845980225641
EL.N,2024-10-31,-23.439421087731116,2.1857975122319497,-10.723509820356956,34.69845980225641
EL.N,2025-02-04,-17.51706721925146,2.1857975122319497,-8.014039324879882,34.69845980225641
EL.N,2025-04-03,-16.690866184607067,2.1857975122319497,-7.636053244275029,34.69845980225641
EL.N,2025-04-09,11.498247371392711,2.1857975122319497,5.26043574807242,34.69845980225641
VLTO.N,2023-10-03,-9.96074638272093,1.4526381983093555,-6.857004307276021,23.059916506076895
PEP.OQ,2020-03-12,-11.772523385873068,1.2023146805909706,-9.79154923076091,19.08615385491459
PEP.OQ,2020-03-13,9.983984263485723,1.2023146805909706,8.303969355658472,19.08615385491459
PEP.OQ,2020-03-16,-11.954016893888841,1.2023146805909706,-9.942502646655795,19.08615385491459
PEP.OQ,2020-03-17,12.165640596334537,1.2023146805909706,10.118516219360137,19.08615385491459
PEP.OQ,2020-03-20,-12.135810789738333,1.2023146805909706,-10.093705903826484,19.08615385491459
PEP.OQ,2020-03-24,7.912078562039859,1.2023146805909706,6.58070527605207,19.08615385491459
PEP.OQ,2020-03-26,6.670284396694814,1.2023146805909706,5.547869043249299,19.08615385491459
PEP.OQ,2022-05-18,-6.396548805788349,1.2023146805909706,-5.320195210994405,19.08615385491459
PEP.OQ,2025-07-17,7.189961436885817,1.2023146805909706,5.980099513840881,19.08615385491459
TRGP.N,2016-01-13,-24.24013679186241,3.3773776168748473,-7.1772065613119915,53.61420754684097
TRGP.N,2016-02-17,17.699337756232936,3.3773776168748473,5.240556361775878,53.61420754684097
TRGP.N,2020-03-12,-26.19491257360047,3.3773776168748473,-7.755991643551878,53.61420754684097
TRGP.N,2020-03-16,-23.86884287822064,3.3773776168748473,-7.06727099716701,53.61420754684097
TRGP.N,2020-03-17,-30.996998286221732,3.3773776168748473,-9.177830199189824,53.61420754684097
TRGP.N,2020-03-18,-42.154374879301606,3.3773776168748473,-12.481392269753911,53.61420754684097
TRGP.N,2020-03-19,30.080906588560175,3.3773776168748473,8.906586707468803,53.61420754684097
USB.N,2020-03-09,-15.59583590242637,1.8751691915742008,-8.31702865666948,29.76738808245222
USB.N,2020-03-12,-13.586179755002359,1.8751691915742008,-7.245308751898163,29.76738808245222
USB.N,2020-03-13,16.014344338586326,1.8751691915742008,8.54021301680107,29.76738808245222
USB.N,2020-03-16,-13.022535032524729,1.8751691915742008,-6.9447253565382745,29.76738808245222
USB.N,2020-03-23,-11.851250030009863,1.8751691915742008,-6.320096385575087,29.76738808245222
USB.N,2020-03-26,12.183351634608197,1.8751691915742008,6.497201260212844,29.76738808245222
USB.N,2020-04-06,9.708656024203055,1.8751691915742008,5.1774826868036685,29.76738808245222
USB.N,2020-04-17,9.822371838451849,1.8751691915742008,5.238125648921304,29.76738808245222
USB.N,2020-11-09,11.990825429109986,1.8751691915742008,6.394529881884265,29.76738808245222
USB.N,2023-03-13,-10.585300520237784,1.8751691915742008,-5.6449842327835205,29.76738808245222
USB.N,2023-03-17,-9.847800836076193,1.8751691915742008,-5.251686557312188,29.76738808245222
USB.N,2025-04-03,-10.32701653437691,1.8751691915742008,-5.507245202608837,29.76738808245222
AOS.N,2020-03-16,-8.812946714524239,1.6682617640302089,-5.282712164566911,26.48283449629111
AOS.N,2020-07-30,-9.519761578341912,1.6682617640302089,-5.7063955930656505,26.48283449629111
AOS.N,2021-10-28,9.552239640753335,1.6682617640302089,5.725863798302796,26.48283449629111
AOS.N,2023-01-31,12.81019721024208,1.6682617640302089,7.678769295350291,26.48283449629111
AOS.N,2024-07-23,-9.861481211237155,1.6682617640302089,-5.911231333033527,26.48283449629111
MSFT.OQ,2020-03-12,-9.964161947169625,1.6546321389277943,-6.02198018081918,26.266470905386917
MSFT.OQ,2020-03-13,13.292895317619191,1.6546321389277943,8.03374659834241,26.266470905386917
MSFT.OQ,2020-03-16,-15.945338778956497,1.6546321389277943,-9.636787781294467,26.266470905386917
MSFT.OQ,2020-03-24,8.699912021009926,1.6546321389277943,5.2579131133325445,26.266470905386917
MSFT.OQ,2025-04-09,9.652477663835857,1.6546321389277943,5.833609439068847,26.266470905386917
TRV.N,2019-10-22,-8.650542240587189,1.5302716049618252,-5.652945668297224,24.292308630675986
TRV.N,2020-03-12,-9.710575180293812,1.5302716049618252,-6.345654685617758,24.292308630675986
TRV.N,2020-03-16,-23.31985875091913,1.5302716049618252,-15.239032519002324,24.292308630675986
TRV.N,2020-03-17,12.478289509696072,1.5302716049618252,8.15429723013606,24.292308630675986
TRV.N,2020-03-18,-16.567833532251175,1.5302716049618252,-10.826727411350276,24.292308630675986
TRV.N,2020-06-11,-9.01573353753129,1.5302716049618252,-5.891590426364998,24.292308630675986
TRV.N,2024-04-17,-7.702199674074617,1.5302716049618252,-5.033223938221581,24.292308630675986
TRV.N,2024-07-19,-8.078338686483821,1.5302716049618252,-5.279022795881616,24.292308630675986
TRV.N,2024-10-17,8.619468905969807,1.5302716049618252,5.632639903937074,24.292308630675986
TRV.N,2025-04-04,-8.252265845759066,1.5302716049618252,-5.3926805012924035,24.292308630675986
PAYX.OQ,2020-03-12,-11.661205574707445,1.5409422238959538,-7.567581310884258,24.461699454885036
PAYX.OQ,2020-03-16,-21.666652898413652,1.5409422238959538,-14.060652347908281,24.461699454885036
PAYX.OQ,2020-03-19,-8.692521094761396,1.5409422238959538,-5.641042837274037,24.461699454885036
PAYX.OQ,2020-03-20,-11.02934891821663,1.5409422238959538,-7.157535660442351,24.461699454885036
PAYX.OQ,2020-03-24,16.719146512330152,1.5409422238959538,10.84995027916053,24.461699454885036
PAYX.OQ,2020-03-26,8.881290461756652,1.5409422238959538,5.763545397115633,24.461699454885036
PAYX.OQ,2020-03-27,-8.731602284118622,1.5409422238959538,-5.6664047157086594,24.461699454885036
PAYX.OQ,2020-04-06,9.20225893972324,1.5409422238959538,5.971839045630945,24.461699454885036
PAYX.OQ,2025-06-25,-9.870509858686116,1.5409422238959538,-6.405502883638669,24.461699454885036
HBAN.OQ,2020-03-09,-16.273054731678506,2.1451307639392776,-7.586043240457273,34.05289518658399
HBAN.OQ,2020-03-13,12.54438841125034,2.1451307639392776,5.8478432280809125,34.05289518658399
HBAN.OQ,2020-03-16,-11.949502659273126,2.1451307639392776,-5.570524119158724,34.05289518658399
HBAN.OQ,2020-04-17,11.631079487285234,2.1451307639392776,5.422084137158212,34.05289518658399
HBAN.OQ,2020-06-26,-11.677242415045974,2.1451307639392776,-5.443604003702835,34.05289518658399
HBAN.OQ,2020-11-09,16.32575728897234,2.1451307639392776,7.610611699490072,34.05289518658399
HBAN.OQ,2023-03-13,-18.426810229141523,2.1451307639392776,-8.590063850141645,34.05289518658399
HBAN.OQ,2024-11-06,11.992574056874394,2.1451307639392776,5.590602800759548,34.05289518658399
HBAN.OQ,2025-04-03,-12.223078205461979,2.1451307639392776,-5.698057391622946,34.05289518658399
COST.OQ,2017-06-16,-7.4637850462355715,1.3574565463443753,-5.498360198958496,21.54895462322305
COST.OQ,2018-12-14,-8.978048771656244,1.3574565463443753,-6.613875630740513,21.54895462322305
COST.OQ,2020-03-02,9.494148282229986,1.3574565463443753,6.994071602363764,21.54895462322305
COST.OQ,2020-03-13,7.70669123550789,1.3574565463443753,5.677302346260716,21.54895462322305
COST.OQ,2020-03-17,8.073243591055412,1.3574565463443753,5.947331141314706,21.54895462322305
COST.OQ,2022-05-18,-13.297522961075003,1.3574565463443753,-9.795910592412831,21.54895462322305
COST.OQ,2022-12-01,-6.788083356306718,1.3574565463443753,-5.0005897975791544,21.54895462322305
COST.OQ,2023-01-06,7.007775041032094,1.3574565463443753,5.162430473302444,21.54895462322305
COST.OQ,2024-03-08,-7.949125734523488,1.3574565463443753,-5.855897012637679,21.54895462322305
WSM.N,2017-11-17,-14.398875572293779,2.716337940423173,-5.300841017613076,43.1205280030146
WSM.N,2018-08-23,15.271217562331518,2.716337940423173,5.621987358447913,43.1205280030146
WSM.N,2020-03-12,-17.910977227749836,2.716337940423173,-6.593795625061114,43.1205280030146
WSM.N,2020-03-16,-24.416885443972358,2.716337940423173,-8.988898281253068,43.1205280030146
WSM.N,2020-03-19,22.144609056843876,2.716337940423173,8.152376303146585,43.1205280030146
WSM.N,2020-04-06,19.364759077443907,2.716337940423173,7.128994809249363,43.1205280030146
WSM.N,2021-03-18,16.94200563499555,2.716337940423173,6.237075800795312,43.1205280030146
WSM.N,2022-05-18,-15.141834923785602,2.716337940423173,-5.574356083774571,43.1205280030146
WSM.N,2024-03-13,16.35120060328008,2.716337940423173,6.019575237657197,43.1205280030146
WSM.N,2024-11-20,24.328330124336706,2.716337940423173,8.956297286245114,43.1205280030146
WSM.N,2025-04-03,-17.253984679958645,2.716337940423173,-6.351928610646539,43.1205280030146
PANW.OQ,2016-02-05,-13.053695218779726,2.4397650406729388,-5.350390304461139,38.73006933029989
PANW.OQ,2016-05-27,-13.197080390817018,2.4397650406729388,-5.409160378483407,38.73006933029989
PANW.OQ,2016-11-22,-14.206497727504264,2.4397650406729388,-5.822895848850187,38.73006933029989
PANW.OQ,2017-03-01,-27.646585955176484,2.4397650406729388,-11.331659194342325,38.73006933029989
PANW.OQ,2017-06-01,15.87298221199629,2.4397650406729388,6.505947067598848,38.73006933029989
PANW.OQ,2019-11-26,-12.727233926849735,2.4397650406729388,-5.216581807951185,38.73006933029989
PANW.OQ,2020-02-25,-18.645091526527136,2.4397650406729388,-7.642166854470719,38.73006933029989
PANW.OQ,2021-08-24,17.05907815415104,2.4397650406729388,6.992098775809079,38.73006933029989
PANW.OQ,2022-02-24,12.266352239126643,2.4397650406729388,5.027677679873356,38.73006933029989
PANW.OQ,2023-08-21,13.837799121294037,2.4397650406729388,5.671775310575513,38.73006933029989
PANW.OQ,2024-02-21,-33.4649211423617,2.4397650406729388,-13.716452438850986,38.73006933029989
PANW.OQ,2025-04-09,12.604589674038635,2.4397650406729388,5.166312929281921,38.73006933029989
MLM.N,2016-11-09,10.95150339228086,1.9066818154958878,5.743749850277249,30.267635478787557
MLM.N,2020-03-09,-11.309248283851048,1.9066818154958878,-5.9313767991801765,30.267635478787557
MLM.N,2020-03-12,-10.61086742269799,1.9066818154958878,-5.565096040913531,30.267635478787557
MLM.N,2020-03-16,-14.558719911047735,1.9066818154958878,-7.635631594494081,30.267635478787557
MLM.N,2020-03-18,-14.188976928763974,1.9066818154958878,-7.4417119906677875,30.267635478787557
MLM.N,2020-03-19,11.595695787470728,1.9066818154958878,6.0816103102420005,30.267635478787557
MLM.N,2020-03-24,10.714909005888629,1.9066818154958878,5.6196628712808625,30.267635478787557
MLM.N,2020-03-25,12.659585257709427,1.9066818154958878,6.639589864875768,30.267635478787557
EVRG.OQ,2017-04-20,-8.005782906047054,1.420492527520344,-5.635920464870166,22.549619802266427
EVRG.OQ,2019-02-22,-7.597272059945048,1.420492527520344,-5.3483365190291305,22.549619802266427
EVRG.OQ,2020-03-09,-7.9076679583598875,1.420492527520344,-5.566849388615763,22.549619802266427
EVRG.OQ,2020-03-12,-10.812652232876463,1.420492527520344,-7.611903634404445,22.549619802266427
EVRG.OQ,2020-03-16,-17.507087162670132,1.420492527520344,-12.324659808827752,22.549619802266427
EVRG.OQ,2020-03-17,14.883704828828481,1.420492527520344,10.477848028394728,22.549619802266427
EVRG.OQ,2020-03-20,-15.517964217933988,1.420492527520344,-10.924354699016002,22.549619802266427
EVRG.OQ,2020-03-24,12.123999993668555,1.420492527520344,8.53506777317061,22.549619802266427
EVRG.OQ,2020-03-26,11.387904305342067,1.420492527520344,8.016870264865911,22.549619802266427
EVRG.OQ,2020-03-31,-7.11582516675886,1.420492527520344,-5.009406968990161,22.549619802266427
EVRG.OQ,2020-04-06,11.098175249784559,1.420492527520344,7.812906463617854,22.549619802266427
EVRG.OQ,2020-08-04,-12.346282373458184,1.420492527520344,-8.691550384295395,22.549619802266427
TXN.OQ,2020-03-16,-12.5854945126183,1.8435440432314054,-6.826793511565996,29.265354416308842
TXN.OQ,2020-03-17,12.689175185462354,1.8435440432314054,6.883033379132338,29.265354416308842
TXN.OQ,2025-04-09,14.917781430703236,1.8435440432314054,8.091904007107427,29.265354416308842
TXN.OQ,2025-07-23,-14.317600860095148,1.8435440432314054,-7.7663459751137465,29.265354416308842
MKC.N,2018-06-28,8.067427517969294,1.4497520384984686,5.564694722778151,23.014100139455316
MKC.N,2019-01-24,-11.137376288127765,1.4497520384984686,-7.682262892117003,23.014100139455316
MKC.N,2020-03-12,-11.120557408458343,1.4497520384984686,-7.6706616808596335,23.014100139455316
MKC.N,2020-03-16,-11.470444604678587,1.4497520384984686,-7.912004467025072,23.014100139455316
MKC.N,2020-03-17,14.174299492914244,1.4497520384984686,9.777050913889243,23.014100139455316
MKC.N,2020-03-19,-11.563155468782238,1.4497520384984686,-7.9759539298585045,23.014100139455316
MKC.N,2020-03-23,-8.992084210718065,1.4497520384984686,-6.202498063069676,23.014100139455316
MKC.N,2020-03-24,9.304747310661288,1.4497520384984686,6.418164667868558,23.014100139455316
MKC.N,2020-03-30,7.889654906983523,1.4497520384984686,5.4420719526319585,23.014100139455316
MKC.N,2022-05-18,-9.724254755537842,1.4497520384984686,-6.707529630797698,23.014100139455316
MKC.N,2023-03-28,9.179333592528494,1.4497520384984686,6.331657655081263,23.014100139455316
MKC.N,2023-10-03,-8.83749692920821,1.4497520384984686,-6.095867910185074,23.014100139455316
MKC.N,2024-03-26,10.005622395814662,1.4497520384984686,6.901609468456169,23.014100139455316
ISRG.OQ,2020-03-12,-10.768552693850086,1.9808066182405735,-5.436448260363305,31.444330243052494
ISRG.OQ,2020-03-16,-15.268318803733827,1.9808066182405735,-7.708131961562062,31.444330243052494
ISRG.OQ,2020-03-24,16.079072048510845,1.9808066182405735,8.117436553595967,31.444330243052494
ISRG.OQ,2022-04-22,-15.473928134971349,1.9808066182405735,-7.81193277146654,31.444330243052494
ISRG.OQ,2023-04-19,10.325268076060556,1.9808066182405735,5.212658308478313,31.444330243052494
ISRG.OQ,2025-04-09,13.342485984305608,1.9808066182405735,6.735885200220555,31.444330243052494
ISRG.OQ,2025-10-22,13.009213163780853,1.9808066182405735,6.567634136509561,31.444330243052494
CMG.N,2017-10-25,-15.76154066945299,2.201576410263976,-7.159206737486405,34.94894204318874
CMG.N,2018-02-07,-11.153881172892998,2.201576410263976,-5.0663157185426115,34.94894204318874
CMG.N,2018-02-14,14.280371333358378,2.201576410263976,6.4864300265854125,34.94894204318874
CMG.N,2018-04-26,21.865659137160986,2.201576410263976,9.931819325107696,34.94894204318874
CMG.N,2020-02-27,-11.459706007979431,2.201576410263976,-5.205227469986098,34.94894204318874
CMG.N,2020-03-18,-11.97849045762207,2.201576410263976,-5.440869733967495,34.94894204318874
CMG.N,2020-03-19,14.192505612198714,2.201576410263976,6.446519660199751,34.94894204318874
CMG.N,2020-03-24,12.042374537571288,2.201576410263976,5.469887159686349,34.94894204318874
CMG.N,2020-04-06,12.156377908288585,2.201576410263976,5.5216697688139735,34.94894204318874
CMG.N,2020-04-22,11.46525272182366,2.201576410263976,5.207746898255029,34.94894204318874
CMG.N,2022-07-27,13.718612357375326,2.201576410263976,6.2312678739732785,34.94894204318874
CMG.N,2023-04-26,12.144672811659563,2.201576410263976,5.516353080020229,34.94894204318874
CMG.N,2025-07-24,-14.315914248054273,2.201576410263976,-6.502574328700112,34.94894204318874
CMG.N,2025-10-30,-20.06986413031133,2.201576410263976,-9.11613334733401,34.94894204318874
CPT.N,2020-03-09,-10.716605476001373,1.5130595055272782,-7.082738938457545,24.019075022805225
CPT.N,2020-03-12,-8.602040995347071,1.5130595055272782,-5.685196757908996,24.019075022805225
CPT.N,2020-03-13,9.23968492659677,1.5130595055272782,6.106623627718383,24.019075022805225
CPT.N,2020-03-16,-19.712264576570337,1.5130595055272782,-13.028082837826602,24.019075022805225
CPT.N,2020-03-17,8.97571808058144,1.5130595055272782,5.932164629211685,24.019075022805225
CPT.N,2020-03-18,-11.10482248895659,1.5130595055272782,-7.339316430312322,24.019075022805225
CPT.N,2020-03-20,-8.896845091078198,1.5130595055272782,-5.880036481432224,24.019075022805225
CPT.N,2020-03-26,9.512650820862056,1.5130595055272782,6.287030210055779,24.019075022805225
CPT.N,2020-04-06,10.530491994980107,1.5130595055272782,6.959734205106752,24.019075022805225
CPT.N,2020-05-18,8.154699149630584,1.5130595055272782,5.389542922694766,24.019075022805225
LLY.N,2016-11-23,-11.10940475055866,1.8109468282706236,-6.1345836206398525,28.74788967099159
LLY.N,2020-03-12,-10.53446450351423,1.8109468282706236,-5.817103152373717,28.74788967099159
LLY.N,2020-03-13,10.069164261750885,1.8109468282706236,5.560165602082588,28.74788967099159
LLY.N,2020-03-17,10.148844391070622,1.8109468282706236,5.6041647565999115,28.74788967099159
LLY.N,2020-03-26,9.691921458183028,1.8109468282706236,5.351853133887093,28.74788967099159
LLY.N,2020-06-16,14.565552001471982,1.8109468282706236,8.043058898300982,28.74788967099159
LLY.N,2020-11-04,12.614619547834849,1.8109468282706236,6.96575920999363,28.74788967099159
LLY.N,2021-01-11,11.096941829245921,1.8109468282706236,6.127701628789964,28.74788967099159
LLY.N,2021-03-15,-9.532940336472073,1.8109468282706236,-5.264064183251377,28.74788967099159
LLY.N,2021-06-07,9.665028280605448,1.8109468282706236,5.337002793083181,28.74788967099159
LLY.N,2021-12-15,9.881092392078461,1.8109468282706236,5.456312818148548,28.74788967099159
LLY.N,2023-08-08,13.862761664076562,1.8109468282706236,7.654979951738783,28.74788967099159
LLY.N,2025-04-17,13.361983612109185,1.8109468282706236,7.378451649444233,28.74788967099159
LLY.N,2025-05-01,-12.401801767113785,1.8109468282706236,-6.848241800095794,28.74788967099159
LLY.N,2025-08-07,-15.241043146967215,1.8109468282706236,-8.416063304035136,28.74788967099159
MET.N,2016-06-24,-11.326529587400014,1.9103556563536188,-5.929016175458902,30.325955894383462
MET.N,2016-08-04,-10.003528435907372,1.9103556563536188,-5.236474372003355,30.325955894383462
MET.N,2020-03-09,-18.20153249740759,1.9103556563536188,-9.527824013749184,30.325955894383462
MET.N,2020-03-12,-16.26955923372062,1.9103556563536188,-8.51650800185294,30.325955894383462
MET.N,2020-03-13,12.068420207749897,1.9103556563536188,6.317368269940599,30.325955894383462
MET.N,2020-03-16,-17.51441192098797,1.9103556563536188,-9.168141996353974,30.325955894383462
MET.N,2020-03-24,15.990182320279223,1.9103556563536188,8.370264598164091,30.325955894383462
MET.N,2020-04-06,9.98257465229817,1.9103556563536188,5.225505847090461,30.325955894383462
MET.N,2020-11-09,10.452024177797314,1.9103556563536188,5.471245180464228,30.325955894383462
T.N,2018-10-24,-8.398748596455263,1.4576727731032637,-5.76175171233735,23.139837903246704
T.N,2020-03-12,-9.696276125112657,1.4576727731032637,-6.651888067079756,23.139837903246704
T.N,2020-03-13,9.551327556467326,1.4576727731032637,6.552449721711785,23.139837903246704
T.N,2020-03-16,-8.030867476772086,1.4576727731032637,-5.509376058163616,23.139837903246704
T.N,2020-03-20,-9.066608466112225,1.4576727731032637,-6.219920295835788,23.139837903246704
T.N,2020-03-26,7.4610863791174875,1.4576727731032637,5.118491966639026,23.139837903246704
T.N,2022-01-26,-8.797311368531568,1.4576727731032637,-6.035175747848282,23.139837903246704
T.N,2022-04-11,7.399191274208317,1.4576727731032637,5.076030375772236,23.139837903246704
T.N,2022-07-21,-7.922923654757463,1.4576727731032637,-5.43532389501261,23.139837903246704
T.N,2022-10-20,7.438372012182759,1.4576727731032637,5.102909342504275,23.139837903246704
T.N,2023-04-20,-10.98828523646369,1.4576727731032637,-7.538238649453916,23.139837903246704
T.N,2023-07-19,8.13572564868461,1.4576727731032637,5.581311388127481,23.139837903246704
FAST.OQ,2016-02-04,9.386394833349376,1.645451496965229,5.7044494174766465,26.120732732333686
FAST.OQ,2017-04-12,-8.387403466513987,1.645451496965229,-5.097326467527731,26.120732732333686
FAST.OQ,2018-07-11,9.580562445173957,1.645451496965229,5.822452052122938,26.120732732333686
FAST.OQ,2019-10-11,15.828690516898325,1.645451496965229,9.619663992583071,26.120732732333686
FAST.OQ,2020-03-09,-9.095783831223558,1.645451496965229,-5.5278346690858235,26.120732732333686
FAST.OQ,2020-03-13,9.92192476271061,1.645451496965229,6.029910198513908,26.120732732333686
FAST.OQ,2020-03-17,8.430174033601734,1.645451496965229,5.123319678003172,26.120732732333686
FAST.OQ,2020-03-20,-11.67773496203961,1.645451496965229,-7.096979147411709,26.120732732333686
FAST.OQ,2020-03-24,10.72395157394892,1.645451496965229,6.517330710584619,26.120732732333686
FAST.OQ,2024-10-11,9.311264821631049,1.645451496965229,5.658790209741327,26.120732732333686
COR.N,2016-10-28,-13.96235871668079,1.6524188027125228,-8.449648898790624,26.23133528222663
COR.N,2016-11-02,8.471615291502399,1.6524188027125228,5.126796716181059,26.23133528222663
COR.N,2016-11-09,9.104735685479426,1.6524188027125228,5.509944373988953,26.23133528222663
COR.N,2017-08-03,-11.064575313216984,1.6524188027125228,-6.695987297562801,26.23133528222663
COR.N,2018-02-13,8.89379715628511,1.6524188027125228,5.382289974966108,26.23133528222663
COR.N,2020-03-13,11.167671722462291,1.6524188027125228,6.7583785079969045,26.23133528222663
COR.N,2020-03-16,-11.155248590574729,1.6524188027125228,-6.750860358320098,26.23133528222663
COR.N,2020-03-17,10.59814408562918,1.6524188027125228,6.413715498898845,26.23133528222663
COR.N,2020-03-23,-8.650401172650124,1.6524188027125228,-5.234993186019238,26.23133528222663
COR.N,2020-03-26,11.057582391689547,1.6524188027125228,6.691755367064335,26.23133528222663
XYZ.N,2016-05-06,-24.444154899314398,3.5739914283831093,-6.839455378988709,56.73535504426933
XYZ.N,2020-03-16,-33.63337660286834,3.5739914283831093,-9.410592408187233,56.73535504426933
XYZ.N,2022-02-25,23.221899375368782,3.5739914283831093,6.497469241518153,56.73535504426933
XYZ.N,2025-02-21,-19.468085624761944,3.5739914283831093,-5.447155096723161,56.73535504426933
XYZ.N,2025-05-02,-22.858754958496608,3.5739914283831093,-6.395861718347214,56.73535504426933
ROST.OQ,2017-08-18,10.1377344902283,1.9640734227535217,5.161586309749949,31.17869899966349
ROST.OQ,2018-11-20,-9.845141713419103,1.9640734227535217,-5.012613886713442,31.17869899966349
ROST.OQ,2020-03-16,-22.765116384283246,1.9640734227535217,-11.590766475709355,31.17869899966349
ROST.OQ,2020-03-18,-14.834525230566342,1.9640734227535217,-7.552938224564519,31.17869899966349
ROST.OQ,2020-03-24,12.895162714780195,1.9640734227535217,6.565519682406727,31.17869899966349
ROST.OQ,2020-03-25,12.720730242060174,1.9640734227535217,6.476708097921522,31.17869899966349
ROST.OQ,2020-04-06,15.382573453945092,1.9640734227535217,7.831974749894829,31.17869899966349
ROST.OQ,2020-11-09,14.464306217022482,1.9640734227535217,7.364442718615035,31.17869899966349
ROST.OQ,2022-05-20,-25.45095410914575,1.9640734227535217,-12.958249836436833,31.17869899966349
ROST.OQ,2025-05-23,-10.364696910951743,1.9640734227535217,-5.277143303747278,31.17869899966349
CPB.OQ,2017-08-31,-8.403074885149175,1.5567671657701008,-5.397772428603571,24.712912619151307
CPB.OQ,2017-11-21,-8.546495210603355,1.5567671657701008,-5.489899452225137,24.712912619151307
CPB.OQ,2018-05-18,-13.20027299064579,1.5567671657701008,-8.479285329810951,24.712912619151307
CPB.OQ,2018-06-25,8.987859247506691,1.5567671657701008,5.773412649707692,24.712912619151307
CPB.OQ,2019-02-27,9.55587608223012,1.5567671657701008,6.138282135147052,24.712912619151307
CPB.OQ,2019-06-05,9.55248462969025,1.5567671657701008,6.136103612491616,24.712912619151307
CPB.OQ,2020-03-04,9.629700950447928,1.5567671657701008,6.185704042443825,24.712912619151307
CPB.OQ,2020-03-17,8.809260428782784,1.5567671657701008,5.658688481154485,24.712912619151307
CPB.OQ,2021-01-28,-7.809999342325957,1.5567671657701008,-5.016806311213862,24.712912619151307
CPB.OQ,2022-05-18,-8.41947788758124,1.5567671657701008,-5.408309009020174,24.712912619151307
CPB.OQ,2023-06-07,-9.337491191620906,1.5567671657701008,-5.998001112132809,24.712912619151307
UBER.N,2020-03-18,-24.37132628024252,3.148122381371041,-7.741543475075626,49.97489350742527
UBER.N,2020-03-19,32.39593423828673,3.148122381371041,10.290557454179387,49.97489350742527
UBER.N,2020-03-24,16.392419165423846,3.148122381371041,5.207046353224925,49.97489350742527
UBER.N,2022-08-02,17.313313073954852,3.148122381371041,5.499567988972118,49.97489350742527
MTD.N,2020-03-17,9.179543305995708,1.7960541269756776,5.110950259306978,28.511475367133208
MTD.N,2020-03-20,-11.179900740725657,1.7960541269756776,-6.224701456827006,28.511475367133208
MTD.N,2020-03-23,-9.031430943671293,1.7960541269756776,-5.028484836856811,28.511475367133208
MTD.N,2020-03-24,9.094964824086826,1.7960541269756776,5.063858982580647,28.511475367133208
MTD.N,2020-04-06,10.814770904992077,1.7960541269756776,6.021405893375134,28.511475367133208
MTD.N,2022-05-09,-9.547965993014618,1.7960541269756776,-5.316079203632997,28.511475367133208
MTD.N,2024-05-10,15.73074532579044,1.7960541269756776,8.758502925676844,28.511475367133208
RTX.N,2020-03-05,-9.499377417551713,1.6952935289260933,-5.603382101959195,26.91195046077317
RTX.N,2020-03-09,-9.202651935790307,1.6952935289260933,-5.428353131047372,26.91195046077317
RTX.N,2020-03-11,-10.464404660215898,1.6952935289260933,-6.172621131188247,26.91195046077317
RTX.N,2020-03-16,-14.767265636626137,1.6952935289260933,-8.710742644066283,26.91195046077317
RTX.N,2020-03-18,-15.637921315291559,1.6952935289260933,-9.224314874367279,26.91195046077317
RTX.N,2020-03-23,-9.634063905707402,1.6952935289260933,-5.682829398759181,26.91195046077317
RTX.N,2020-03-24,14.632446142536892,1.6952935289260933,8.631216891275468,26.91195046077317
RTX.N,2020-03-25,10.317971619553656,1.6952935289260933,6.086244914819981,26.91195046077317
RTX.N,2020-04-06,14.220585750664894,1.6952935289260933,8.388273480683381,26.91195046077317
RTX.N,2020-05-18,9.353283103657128,1.6952935289260933,5.5172056897911315,26.91195046077317
RTX.N,2020-11-09,10.418154225320109,1.6952935289260933,6.145339463378728,26.91195046077317
RTX.N,2023-07-25,-10.775718211473517,1.6952935289260933,-6.356255142612112,26.91195046077317
RTX.N,2025-04-04,-10.328940687469057,1.6952935289260933,-6.092715220833801,26.91195046077317
RTX.N,2025-04-22,-10.323077684580095,1.6952935289260933,-6.089256820982139,26.91195046077317
INTU.OQ,2020-03-16,-15.637963738762561,1.9575588492210867,-7.988502488691419,31.075283350876692
INTU.OQ,2020-03-24,18.29889593394549,1.9575588492210867,9.347813957790658,31.075283350876692
INTU.OQ,2025-02-26,11.84647118865838,1.9575588492210867,6.051655199725973,31.075283350876692
AMP.N,2016-06-24,-10.775580497590997,2.113621441258861,-5.098160099650163,33.552700195829175
AMP.N,2016-11-09,11.7084750102733,2.113621441258861,5.539532662622781,33.552700195829175
AMP.N,2020-03-09,-14.84926775850779,2.113621441258861,-7.025509615224024,33.552700195829175
AMP.N,2020-03-12,-18.120284716283752,2.113621441258861,-8.573098456784868,33.552700195829175
AMP.N,2020-03-13,20.404874529935224,2.113621441258861,9.653987290071298,33.552700195829175
AMP.N,2020-03-16,-27.20991606141414,2.113621441258861,-12.873599562468511,33.552700195829175
AMP.N,2020-03-17,12.606205614684018,2.113621441258861,5.964268420354324,33.552700195829175
AMP.N,2020-03-24,18.837622754888628,2.113621441258861,8.912486591576704,33.552700195829175
AMP.N,2020-04-06,12.728406211971599,2.113621441258861,6.02208416488746,33.552700195829175
AMP.N,2020-05-07,12.636323844808217,2.113621441258861,5.978518006177158,33.552700195829175
MTB.N,2020-03-09,-14.168178937712916,2.0346959967996288,-6.96329031953571,32.29979760690295
MTB.N,2020-03-16,-12.471387212481577,2.0346959967996288,-6.129361453552673,32.29979760690295
MTB.N,2020-03-23,-11.422013153484478,2.0346959967996288,-5.613621480285089,32.29979760690295
MTB.N,2020-03-24,11.43213819779021,2.0346959967996288,5.6185976754128415,32.29979760690295
MTB.N,2020-04-06,11.449290005114587,2.0346959967996288,5.627027341245652,32.29979760690295
MTB.N,2020-11-04,-11.12256351102241,2.0346959967996288,-5.466449793245319,32.29979760690295
MTB.N,2020-11-09,22.391046894852096,2.0346959967996288,11.00461539712613,32.29979760690295
MTB.N,2022-10-19,-14.953173397096364,2.0346959967996288,-7.349094616894217,32.29979760690295
MTB.N,2024-11-06,11.445233076727401,2.0346959967996288,5.625033466783046,32.29979760690295
VLO.N,2020-03-12,-21.345160381967965,2.4974146267111594,-8.546902926598682,39.64522813735761
VLO.N,2020-03-13,12.67408732220523,2.4974146267111594,5.074883115782705,39.64522813735761
VLO.N,2020-03-16,-18.119994155058894,2.4974146267111594,-7.255500933347651,39.64522813735761
VLO.N,2020-03-23,-16.98798765873173,2.4974146267111594,-6.802229584561686,39.64522813735761
VLO.N,2020-03-25,13.428868156643148,2.4974146267111594,5.3771079952100695,39.64522813735761
VLO.N,2020-03-26,14.032130931799669,2.4974146267111594,5.618662909121564,39.64522813735761
VLO.N,2020-04-06,13.346941747653673,2.4974146267111594,5.3443035068751215,39.64522813735761
VLO.N,2020-04-17,13.995516042232525,2.4974146267111594,5.604001791509964,39.64522813735761
VLO.N,2020-04-29,13.568907697261512,2.4974146267111594,5.433181800144408,39.64522813735761
VLO.N,2020-06-11,-12.921672537496942,2.4974146267111594,-5.174019723954875,39.64522813735761
VLO.N,2020-11-09,27.157186003470457,2.4974146267111594,10.874119865003635,39.64522813735761
VLO.N,2025-04-03,-15.626087258782473,2.4974146267111594,-6.256905478030469,39.64522813735761
ECL.N,2020-03-12,-12.255105736827687,1.5521728330962454,-7.8954517663998995,24.639979848979387
ECL.N,2020-03-13,8.703662001687551,1.5521728330962454,5.607405191035104,24.639979848979387
ECL.N,2020-03-16,-8.063524541886125,1.5521728330962454,-5.19499141458439,24.639979848979387
ECL.N,2020-03-18,-7.960524192037255,1.5521728330962454,-5.1286325996040985,24.639979848979387
ECL.N,2020-03-20,-11.756373397471354,1.5521728330962454,-7.574139391436171,24.639979848979387
ECL.N,2020-03-23,-12.490943958825707,1.5521728330962454,-8.04739246331802,24.639979848979387
ECL.N,2020-03-24,20.01696334180103,1.5521728330962454,12.896091797890552,24.639979848979387
ECL.N,2020-06-11,-10.9199291964992,1.5521728330962454,-7.035253396824586,24.639979848979387
ECL.N,2020-07-28,-9.03611185845774,1.5521728330962454,-5.82158872116881,24.639979848979387
ECL.N,2020-11-09,8.41737120140209,1.5521728330962454,5.422960009299529,24.639979848979387
ECL.N,2022-01-21,-8.862897889593313,1.5521728330962454,-5.709994209803151,24.639979848979387
ECL.N,2022-11-01,-9.398680551623517,1.5521728330962454,-6.05517655715904,24.639979848979387
ECL.N,2024-02-13,8.586939762654211,1.5521728330962454,5.532205937096028,24.639979848979387
ECL.N,2024-07-30,-7.999565058992442,1.5521728330962454,-5.153784996375087,24.639979848979387
PSA.N,2020-02-27,-7.702764283695007,1.4535347525917441,-5.299332726624178,23.074148864085313
PSA.N,2020-03-12,-8.978654106815132,1.4535347525917441,-6.177116915027746,23.074148864085313
PSA.N,2020-03-16,-12.252003483570117,1.4535347525917441,-8.429109425642574,23.074148864085313
PSA.N,2020-03-20,-9.136275725778464,1.4535347525917441,-6.285557128570823,23.074148864085313
PSA.N,2022-11-02,-8.341270166462778,1.4535347525917441,-5.7386107567017355,23.074148864085313
KKR.N,2020-03-09,-12.219908002065605,2.2599864708270596,-5.407071307640897,35.87617300907358
KKR.N,2020-03-13,14.082759874265838,2.2599864708270596,6.231346981963189,35.87617300907358
KKR.N,2020-03-16,-14.720575248341161,2.2599864708270596,-6.513567863507631,35.87617300907358
KKR.N,2020-03-24,16.597241879242517,2.2599864708270596,7.343956299512107,35.87617300907358
KKR.N,2025-04-03,-16.461327310235685,2.2599864708270596,-7.283816749669096,35.87617300907358
KKR.N,2025-04-09,15.594781546607717,2.2599864708270596,6.900387125282518,35.87617300907358
INVH.N,2020-03-16,-26.85199556522622,1.6091121714150254,-16.687460353750875,25.543863823027763
INVH.N,2020-03-18,-13.54725126128673,1.6091121714150254,-8.419084450385776,25.543863823027763
INVH.N,2020-03-24,11.743855254987334,1.6091121714150254,7.298344679513543,25.543863823027763
INVH.N,2020-04-06,10.199916795512154,1.6091121714150254,6.338847581112089,25.543863823027763
MU.OQ,2020-03-16,-22.087814997941635,2.987190020526088,-7.3941780891634235,47.42017147923575
MU.OQ,2024-12-19,-17.6486831400533,2.987190020526088,-5.90812202062228,47.42017147923575
MU.OQ,2025-04-03,-17.54826927419293,2.987190020526088,-5.874507196935006,47.42017147923575
MU.OQ,2025-04-09,17.238012631822563,2.987190020526088,5.7706448245253235,47.42017147923575
WELL.N,2020-03-09,-13.098499671176622,1.9916767253987409,-6.57661933994547,31.616887844643298
WELL.N,2020-03-11,-13.430556623290357,1.9916767253987409,-6.743341653802532,31.616887844643298
WELL.N,2020-03-12,-20.65097825354747,1.9916767253987409,-10.368639644274133,31.616887844643298
WELL.N,2020-03-13,10.974696381071869,1.9916767253987409,5.51027997722607,31.616887844643298
WELL.N,2020-03-16,-27.96540609295768,1.9916767253987409,-14.041137166654845,31.616887844643298
WELL.N,2020-03-18,-15.087707249304083,1.9916767253987409,-7.575379606990923,31.616887844643298
WELL.N,2020-03-19,20.846683689827692,1.9916767253987409,10.466901291751608,31.616887844643298
WELL.N,2020-04-01,-12.007924791673341,1.9916767253987409,-6.029053128222559,31.616887844643298
WELL.N,2020-04-06,13.181897719725644,1.9916767253987409,6.618492625647659,31.616887844643298
WELL.N,2020-04-08,15.008838581837924,1.9916767253987409,7.535780476037395,31.616887844643298
WELL.N,2020-05-18,10.454837784509019,1.9916767253987409,5.2492644268943405,31.616887844643298
WELL.N,2020-11-09,18.322205212720544,1.9916767253987409,9.199387118937372,31.616887844643298
AKAM.OQ,2016-02-10,19.22960747619804,2.0182051420330485,9.528073769957302,32.03801340318742
AKAM.OQ,2016-07-27,-13.982219552448027,2.0182051420330485,-6.928046738778483,32.03801340318742
AKAM.OQ,2016-10-26,13.63629985990853,2.0182051420330485,6.756647070164502,32.03801340318742
AKAM.OQ,2017-02-08,-11.254159357018612,2.0182051420330485,-5.5763208222141785,32.03801340318742
AKAM.OQ,2017-05-03,-16.86553660301402,2.0182051420330485,-8.356700838659266,32.03801340318742
AKAM.OQ,2017-07-26,-15.806850465022082,2.0182051420330485,-7.8321326885031,32.03801340318742
AKAM.OQ,2017-12-18,12.834570561831082,2.0182051420330485,6.359398405308847,32.03801340318742
AKAM.OQ,2018-10-30,15.633546767958073,2.0182051420330485,7.746262479645427,32.03801340318742
AKAM.OQ,2021-02-10,-11.551807697084548,2.0182051420330485,-5.723802529532642,32.03801340318742
AKAM.OQ,2022-05-04,-10.199769356925792,2.0182051420330485,-5.053881364434046,32.03801340318742
AKAM.OQ,2023-02-15,-10.987639866364862,2.0182051420330485,-5.444263141306047,32.03801340318742
AKAM.OQ,2024-05-10,-11.652723656548236,2.0182051420330485,-5.773805354994691,32.03801340318742
AKAM.OQ,2024-08-09,10.305360867669933,2.0182051420330485,5.106200877720873,32.03801340318742
AKAM.OQ,2024-11-08,-15.544462005523751,2.0182051420330485,-7.702121891268677,32.03801340318742
AKAM.OQ,2025-02-21,-24.49807880840611,2.0182051420330485,-12.138547414326698,32.03801340318742
AKAM.OQ,2025-04-09,11.273684999801326,2.0182051420330485,5.5859955784498325,32.03801340318742
AKAM.OQ,2025-05-09,-11.379695972436377,2.0182051420330485,-5.6385229308121705,32.03801340318742
AKAM.OQ,2025-11-07,13.725731944260655,2.0182051420330485,6.800959752998139,32.03801340318742
VST.N,2020-03-12,-20.1045508060242,2.6576717263217677,-7.564723139772048,42.18923072577066
VST.N,2021-02-26,-27.719246578076138,2.6576717263217677,-10.429898585119739,42.18923072577066
VST.N,2024-07-31,13.812228759651113,2.6576717263217677,5.197116191158535,42.18923072577066
VST.N,2024-09-20,15.121961930821382,2.6576717263217677,5.68992843662835,42.18923072577066
VST.N,2025-01-27,-33.22844814944821,2.6576717263217677,-12.502841423322272,42.18923072577066
VST.N,2025-04-03,-16.160824787983596,2.6576717263217677,-6.080820527202683,42.18923072577066
VST.N,2025-04-09,14.402027600490452,2.6576717263217677,5.419039325982874,42.18923072577066
DHR.N,2019-02-25,8.177651462589619,1.546107038689609,5.289188431300671,24.54368834795535
DHR.N,2020-03-12,-7.8172939714729495,1.546107038689609,-5.056114341280301,24.54368834795535
DHR.N,2020-03-13,9.256270218706053,1.546107038689609,5.986823672021527,24.54368834795535
DHR.N,2020-03-16,-10.230822819370644,1.546107038689609,-6.617150406379172,24.54368834795535
DHR.N,2022-07-21,8.685837049306588,1.546107038689609,5.617875626947667,24.54368834795535
DHR.N,2022-11-10,8.13159012106004,1.546107038689609,5.259396611991305,24.54368834795535
DHR.N,2023-04-25,-9.20170039797199,1.546107038689609,-5.951528689611827,24.54368834795535
DHR.N,2025-01-29,-10.234340898357353,1.546107038689609,-6.619425849733786,24.54368834795535
DHR.N,2025-04-04,-8.501970098351297,1.546107038689609,-5.4989531032450865,24.54368834795535
DHR.N,2025-04-09,9.419557893996267,1.546107038689609,6.0924358134865875,24.54368834795535
PCAR.OQ,2020-03-13,9.529482601448258,1.6199430936293249,5.882603308057186,25.715799382918892
PCAR.OQ,2020-03-24,13.282988432731724,1.6199430936293249,8.199663608536076,25.715799382918892
PCAR.OQ,2021-01-21,9.948131372200208,1.6199430936293249,6.1410375533083625,25.715799382918892
PCAR.OQ,2023-01-24,8.282986752466215,1.6199430936293249,5.113134396535491,25.715799382918892
PCAR.OQ,2024-07-23,-11.615681420063595,1.6199430936293249,-7.1704255944199815,25.715799382918892
PCAR.OQ,2025-04-09,8.356214819641394,1.6199430936293249,5.158338495039421,25.715799382918892
PFE.N,2020-03-13,8.581701534497688,1.4803720822127824,5.796989579586107,23.500178264267323
PFE.N,2020-03-16,-8.050138821058983,1.4803720822127824,-5.437915857630913,23.500178264267323
PFE.N,2020-06-01,-7.416840059136343,1.4803720822127824,-5.010118839886551,23.500178264267323
PFE.N,2020-06-11,-7.5736846447600925,1.4803720822127824,-5.1160682748348965,23.500178264267323
PFE.N,2020-11-09,7.410797215372167,1.4803720822127824,5.0060368635802,23.500178264267323
PFE.N,2021-11-05,10.305455223917193,1.4803720822127824,6.961395278755284,23.500178264267323
GM.N,2018-05-31,12.109648158964115,2.2613138363900984,5.355138222784519,35.897244284145614
GM.N,2020-03-09,-15.015032663618566,2.2613138363900984,-6.639959665036219,35.897244284145614
GM.N,2020-03-12,-12.086470219379164,2.2613138363900984,-5.344888455940147,35.897244284145614
GM.N,2020-03-16,-16.268558227709562,2.2613138363900984,-7.194294735170532,35.897244284145614
GM.N,2020-03-18,-19.022673630106766,2.2613138363900984,-8.412221834928522,35.897244284145614
GM.N,2020-03-24,18.18479598161229,2.2613138363900984,8.04169491601485,35.897244284145614
GM.N,2025-10-21,13.856182221911428,2.2613138363900984,6.127491902685684,35.897244284145614
AMGN.OQ,2016-10-28,-10.075563270489862,1.5249176649945344,-6.607283463088464,24.20731746854906
AMGN.OQ,2020-03-12,-8.621998256173669,1.5249176649945344,-5.654074612746106,24.20731746854906
AMGN.OQ,2020-03-13,10.343812471070368,1.5249176649945344,6.783194075666664,24.20731746854906
AMGN.OQ,2020-03-17,9.65236202490658,1.5249176649945344,6.3297594660241385,24.20731746854906
AMGN.OQ,2020-03-24,8.45791919857728,1.5249176649945344,5.546475978824466,24.20731746854906
AMGN.OQ,2020-07-01,7.849561403997818,1.5249176649945344,5.147531295747664,24.20731746854906
AMGN.OQ,2024-05-03,11.17019453030057,1.5249176649945344,7.325113208876497,24.20731746854906
AXON.OQ,2016-10-03,-16.36915640479377,2.926919544432351,-5.592622604174936,46.4634073323748
AXON.OQ,2018-02-28,24.54255632686566,2.926919544432351,8.385114778283208,46.4634073323748
AXON.OQ,2018-05-09,20.154580872305104,2.926919544432351,6.885936072497647,46.4634073323748
AXON.OQ,2018-11-07,-16.975109685874212,2.926919544432351,-5.799650256244532,46.4634073323748
AXON.OQ,2019-08-09,-16.352548076846496,2.926919544432351,-5.586948267147507,46.4634073323748
AXON.OQ,2019-11-08,21.966488804592686,2.926919544432351,7.504985521852766,46.4634073323748
AXON.OQ,2020-03-16,-14.654446246960129,2.926919544432351,-5.006781370139173,46.4634073323748
AXON.OQ,2020-03-19,16.438944661907094,2.926919544432351,5.616466189915472,46.4634073323748
AXON.OQ,2020-05-08,20.337051948218576,2.926919544432351,6.948278433858611,46.4634073323748
AXON.OQ,2020-06-01,16.682114142430393,2.926919544432351,5.699546533201935,46.4634073323748
AXON.OQ,2022-05-05,-14.935864872604832,2.926919544432351,-5.102929768266488,46.4634073323748
AXON.OQ,2023-05-10,-16.31309976328028,2.926919544432351,-5.5734705090583745,46.4634073323748
AXON.OQ,2024-08-07,16.878400860278653,2.926919544432351,5.766609093299167,46.4634073323748
AXON.OQ,2024-11-08,25.21460823607633,2.926919544432351,8.614725431739352,46.4634073323748
AXON.OQ,2025-02-19,-17.937664307627177,2.926919544432351,-6.128512941788436,46.4634073323748
AXON.OQ,2025-08-05,15.195424392722057,2.926919544432351,5.191609869026676,46.4634073323748
NEM.N,2020-03-13,-11.783929286435324,2.2046932478150323,-5.344929186005274,34.99842030541123
NEM.N,2020-03-17,11.73191694598179,2.2046932478150323,5.3213375409974795,34.99842030541123
NEM.N,2020-03-24,13.118827520776932,2.2046932478150323,5.950409443027226,34.99842030541123
NEM.N,2020-04-09,12.590790925982853,2.2046932478150323,5.710903745208542,34.99842030541123
NEM.N,2022-07-25,-14.193398236475296,2.2046932478150323,-6.437810906592881,34.99842030541123
NEM.N,2024-04-25,11.7437552840717,2.2046932478150323,5.326707148811011,34.99842030541123
NEM.N,2024-10-24,-15.904080661669173,2.2046932478150323,-7.213738545002103,34.99842030541123
CSCO.OQ,2016-02-11,9.203354411854603,1.5604067612079198,5.898048278597712,24.77068940555943
CSCO.OQ,2019-08-15,-9.008772126755238,1.5604067612079198,-5.773348559308661,24.77068940555943
CSCO.OQ,2020-03-11,-7.860910503451368,1.5604067612079198,-5.037731634388839,24.77068940555943
CSCO.OQ,2020-03-12,-10.971847581965255,1.5604067612079198,-7.031402230961807,24.77068940555943
CSCO.OQ,2020-03-13,12.551743879473554,1.5604067612079198,8.043892266755611,24.77068940555943
CSCO.OQ,2020-03-16,-11.027278547120911,1.5604067612079198,-7.066925638405099,24.77068940555943
CSCO.OQ,2020-03-24,10.93985944071063,1.5604067612079198,7.010902357435329,24.77068940555943
CSCO.OQ,2020-06-11,-8.238271313978984,1.5604067612079198,-5.279566532768476,24.77068940555943
CSCO.OQ,2020-08-13,-11.86149824597762,1.5604067612079198,-7.601542457298485,24.77068940555943
CSCO.OQ,2022-05-19,-14.769239561402037,1.5604067612079198,-9.464993313646684,24.77068940555943
CSCO.OQ,2023-11-16,-10.352702902035071,1.5604067612079198,-6.634618074854396,24.77068940555943
CSCO.OQ,2025-04-09,8.881147295903302,1.5604067612079198,5.691559096442491,24.77068940555943
PLTR.OQ,2021-01-22,22.637159193144598,4.2928484884911144,5.2732257506486775,68.14685709976207
PLTR.OQ,2022-05-09,-23.962890205126097,4.2928484884911144,-5.582048905142882,68.14685709976207
PLTR.OQ,2024-02-06,26.851022703212113,4.2928484884911144,6.254826550528908,68.14685709976207
PLTR.OQ,2025-02-04,21.50381857243646,4.2928484884911144,5.009219083805775,68.14685709976207
AVB.N,2020-03-16,-16.688937374222412,1.5276803734380213,-10.924364588558674,24.25117410546773
AVB.N,2020-03-17,10.512191130858817,1.5276803734380213,6.881145633363929,24.25117410546773
AVB.N,2020-03-18,-16.55783206876107,1.5276803734380213,-10.838544735308684,24.25117410546773
AVB.N,2020-03-20,-10.75841470112362,1.5276803734380213,-7.042320427873254,24.25117410546773
AVB.N,2020-03-23,-8.346749887445526,1.5276803734380213,-5.463675538791726,24.25117410546773
AVB.N,2020-03-25,9.93957982938376,1.5276803734380213,6.506321611643728,24.25117410546773
AVB.N,2020-04-06,9.274918264537924,1.5276803734380213,6.071242666857637,24.25117410546773
AVB.N,2020-04-08,8.691522939734586,1.5276803734380213,5.689359561630321,24.25117410546773
AVB.N,2020-06-05,8.341182186464646,1.5276803734380213,5.4600309930623405,24.25117410546773
AVB.N,2020-11-09,10.719054003989825,1.5276803734380213,7.01655541981387,24.25117410546773
AVB.N,2022-11-10,7.766900906494367,1.5276803734380213,5.084113824814726,24.25117410546773
HPQ.N,2019-02-28,-18.96438972998262,2.1542623591337193,-8.803194118662809,34.19785476633081
HPQ.N,2020-03-09,-12.152660577471552,2.1542623591337193,-5.641216598315551,34.19785476633081
HPQ.N,2020-03-16,-17.235969982549058,2.1542623591337193,-8.00086856156186,34.19785476633081
HPQ.N,2020-03-24,12.150683175089583,2.1542623591337193,5.6402986960119685,34.19785476633081
HPQ.N,2020-03-26,15.396489255315204,2.1542623591337193,7.14698894033803,34.19785476633081
HPQ.N,2020-04-01,-15.68424714929697,2.1542623591337193,-7.280565007691999,34.19785476633081
HPQ.N,2020-05-28,-13.15307250682256,2.1542623591337193,-6.105603828176123,34.19785476633081
HPQ.N,2022-04-07,13.760500912072748,2.1542623591337193,6.387569672621574,34.19785476633081
HPQ.N,2024-05-30,15.658673462513972,2.1542623591337193,7.26869380422666,34.19785476633081
HPQ.N,2024-11-27,-12.053618270386002,2.1542623591337193,-5.595241554159194,34.19785476633081
HPQ.N,2025-04-03,-15.906469462968742,2.1542623591337193,-7.383719719897588,34.19785476633081
FTV.N,2020-03-16,-14.167235469112072,1.6382326205772118,-8.647877774598589,26.006136622325627
FTV.N,2020-03-18,-15.586121906229877,1.6382326205772118,-9.513985810353534,26.006136622325627
FTV.N,2020-03-24,17.25140388857178,1.6382326205772118,10.530497117371192,26.006136622325627
FTV.N,2023-10-25,-8.384589742529869,1.6382326205772118,-5.118070313833488,26.006136622325627
FTV.N,2024-07-24,-8.544765501344731,1.6382326205772118,-5.215843827071447,26.006136622325627
FTV.N,2025-04-03,-9.4072555883975,1.6382326205772118,-5.742319784282507,26.006136622325627
ETN.N,2020-03-09,-10.971766412218376,1.8225555936113378,-6.019989980375939,28.932173107711805
ETN.N,2020-03-12,-10.553173387586323,1.8225555936113378,-5.790316314398693,28.932173107711805
ETN.N,2020-03-13,11.953772991253242,1.8225555936113378,6.558797456250543,28.932173107711805
ETN.N,2020-03-16,-12.747218042525343,1.8225555936113378,-6.994144972701284,28.932173107711805
ETN.N,2020-03-20,-10.958690224629652,1.8225555936113378,-6.01281533635709,28.932173107711805
ETN.N,2020-03-23,-11.684015672722126,1.8225555936113378,-6.410786981576023,28.932173107711805
ETN.N,2020-03-24,20.916364820085942,1.8225555936113378,11.476393309155968,28.932173107711805
ETN.N,2025-01-27,-16.918260303938837,1.8225555936113378,-9.282712891306556,28.932173107711805
ETN.N,2025-04-09,12.00865435656091,1.8225555936113378,6.588909769696589,28.932173107711805
GNRC.N,2016-02-16,15.991791453302984,2.7662272906011993,5.781083683050282,43.912496884864645
GNRC.N,2022-10-19,-29.225004584113456,2.7662272906011993,-10.564932492500219,43.912496884864645
GNRC.N,2023-08-02,-27.975943863517205,2.7662272906011993,-10.113393052903126,43.912496884864645
GNRC.N,2025-07-30,17.910023150099796,2.7662272906011993,6.4745305676625415,43.912496884864645
DPZ.OQ,2016-02-25,12.222289985625423,1.844988599989306,6.624588350137375,29.28828604392558
DPZ.OQ,2016-04-28,-10.367402751420851,1.844988599989306,-5.619223203591037,29.28828604392558
DPZ.OQ,2017-07-25,-10.625928004725349,1.844988599989306,-5.759346157904141,29.28828604392558
DPZ.OQ,2019-02-21,-9.59531384418506,1.844988599989306,-5.200744245379444,29.28828604392558
DPZ.OQ,2020-02-20,22.793849962419888,1.844988599989306,12.35446656014677,29.28828604392558
DPZ.OQ,2020-03-16,-10.062383329090352,1.844988599989306,-5.453900001955934,29.28828604392558
DPZ.OQ,2020-03-19,10.820474286816495,1.844988599989306,5.864791948784514,29.28828604392558
DPZ.OQ,2021-07-22,13.586194433169752,1.844988599989306,7.363836520858991,29.28828604392558
DPZ.OQ,2022-10-13,9.929096666538495,1.844988599989306,5.381657462054804,29.28828604392558
DPZ.OQ,2023-02-23,-12.387831181283104,1.844988599989306,-6.7143131298236245,29.28828604392558
DPZ.OQ,2023-07-12,10.51918287988478,1.844988599989306,5.701489364186723,29.28828604392558
DPZ.OQ,2024-07-18,-14.585309938615598,1.844988599989306,-7.905365886109073,29.28828604392558
MGM.N,2020-03-10,15.078933212455325,2.835695262737948,5.317543605830257,45.01526675501145
MGM.N,2020-03-12,-16.95713291077192,2.835695262737948,-5.97988547415328,45.01526675501145
MGM.N,2020-03-16,-40.96838390122129,2.835695262737948,-14.44738595136104,45.01526675501145
MGM.N,2020-03-18,-29.082837814114605,2.835695262737948,-10.255981380042318,45.01526675501145
MGM.N,2020-03-20,16.815238241222865,2.835695262737948,5.929846715964554,45.01526675501145
MGM.N,2020-03-24,28.60413829943207,2.835695262737948,10.087169335612574,45.01526675501145
MGM.N,2020-04-06,19.903677842839773,2.835695262737948,7.018976299880045,45.01526675501145
MGM.N,2025-02-13,16.090284400310708,2.835695262737948,5.6741937724207565,45.01526675501145
MGM.N,2025-04-09,14.887450197135399,2.835695262737948,5.250017656255886,45.01526675501145
AJG.N,2018-01-26,7.113325503697876,1.3929826432650478,5.106542811635305,22.112913928252315
AJG.N,2020-03-12,-9.734425386930035,1.3929826432650478,-6.988188570758689,22.112913928252315
AJG.N,2020-03-16,-12.032624021240412,1.3929826432650478,-8.638028678546085,22.112913928252315
AJG.N,2020-03-18,-16.528979720066594,1.3929826432650478,-11.865890648374409,22.112913928252315
AJG.N,2020-03-24,12.42748787620691,1.3929826432650478,8.921495135845916,22.112913928252315
AJG.N,2020-04-06,7.512839473462396,1.3929826432650478,5.393347512107444,22.112913928252315
AJG.N,2023-12-14,-7.698877285297634,1.3929826432650478,-5.526901087045879,22.112913928252315
AJG.N,2025-04-04,-7.582927764092684,1.3929826432650478,-5.443662776959564,22.112913928252315
MPC.N,2020-03-09,-14.634807896637758,2.5467782120739453,-5.746400619911083,40.428850761512244
MPC.N,2020-03-12,-31.48330615177315,2.5467782120739453,-12.362013308624551,40.428850761512244
MPC.N,2020-03-16,-20.554254008152917,2.5467782120739453,-8.0706886491756,40.428850761512244
MPC.N,2020-03-18,-19.222262777666632,2.5467782120739453,-7.547678351627314,40.428850761512244
MPC.N,2020-03-23,-13.119714210113331,2.5467782120739453,-5.151494601263066,40.428850761512244
MPC.N,2020-03-25,18.75459809307607,2.5467782120739453,7.364048429566012,40.428850761512244
MPC.N,2020-04-06,14.067184083261441,2.5467782120739453,5.523521450187828,40.428850761512244
MPC.N,2020-04-17,14.794860347535144,2.5467782120739453,5.8092456882953645,40.428850761512244
MPC.N,2020-04-29,15.02740229898687,2.5467782120739453,5.900553973543477,40.428850761512244
MPC.N,2020-05-18,14.277075616449597,2.5467782120739453,5.605935981690056,40.428850761512244
MPC.N,2020-11-09,14.396599599309301,2.5467782120739453,5.6528674271897295,40.428850761512244
MPC.N,2025-04-03,-13.99073214344062,2.5467782120739453,-5.4935023698225365,40.428850761512244
ARE.N,2020-03-12,-10.434085968500373,1.7454582054824843,-5.977849217888409,27.70829001338238
ARE.N,2020-03-16,-18.88951666013199,1.7454582054824843,-10.822096227111034,27.70829001338238
ARE.N,2020-03-17,10.004841817293642,1.7454582054824843,5.731928605261606,27.70829001338238
ARE.N,2020-03-24,11.952186412440735,1.7454582054824843,6.847592440139167,27.70829001338238
ARE.N,2023-03-10,-9.071114899046062,1.7454582054824843,-5.196982013406961,27.70829001338238
ARE.N,2023-11-14,11.041610607231522,1.7454582054824843,6.325909478983698,27.70829001338238
ARE.N,2025-10-28,-21.285887795263392,1.7454582054824843,-12.195014311087151,27.70829001338238
ARE.N,2025-12-03,-10.591798106295336,1.7454582054824843,-6.06820494070067,27.70829001338238
AFL.N,2020-03-09,-8.145370757022263,1.59155901070435,-5.117856581024602,25.26521603524618
AFL.N,2020-03-12,-16.185034194361858,1.59155901070435,-10.169295694037205,25.26521603524618
AFL.N,2020-03-13,9.900682815418316,1.59155901070435,6.2207450360491094,25.26521603524618
AFL.N,2020-03-16,-17.95005180480942,1.59155901070435,-11.278282290560853,25.26521603524618
AFL.N,2020-03-18,-17.656700177309183,1.59155901070435,-11.09396513642001,25.26521603524618
AFL.N,2020-03-24,12.497994663573975,1.59155901070435,7.852674377460214,25.26521603524618
AFL.N,2020-03-25,23.25121020740437,1.59155901070435,14.609078300599403,25.26521603524618
AFL.N,2020-04-06,8.314708591460418,1.59155901070435,5.224254039930769,25.26521603524618
AFL.N,2020-06-11,-9.183706736986919,1.59155901070435,-5.770258391438868,25.26521603524618
AFL.N,2020-11-09,11.724088329829518,1.59155901070435,7.3664176137842245,25.26521603524618
AFL.N,2024-02-01,-10.149478562581304,1.59155901070435,-6.377067073428599,25.26521603524618
AFL.N,2025-04-04,-9.148751786666853,1.59155901070435,-5.748295680609443,25.26521603524618
CTSH.OQ,2016-09-30,-14.219216570445559,1.7530201110457948,-8.111268365291506,27.82833154273203
CTSH.OQ,2019-05-03,-11.70889364098473,1.7530201110457948,-6.6792694317691454,27.82833154273203
CTSH.OQ,2020-02-06,9.465231727386314,1.7530201110457948,5.399385704559696,27.82833154273203
CTSH.OQ,2020-03-16,-18.849794609567283,1.7530201110457948,-10.7527543413761,27.82833154273203
CTSH.OQ,2020-03-17,13.942267857434532,1.7530201110457948,7.953284602717438,27.82833154273203
CTSH.OQ,2020-03-24,10.91744302582347,1.7530201110457948,6.227791088666107,27.82833154273203
CTSH.OQ,2020-04-01,-8.906760072618791,1.7530201110457948,-5.0808088375582345,27.82833154273203
CTSH.OQ,2020-04-06,11.007289723041591,1.7530201110457948,6.279043608047942,27.82833154273203
CTSH.OQ,2022-05-05,-13.644832987574329,1.7530201110457948,-7.783614632597835,27.82833154273203
CTSH.OQ,2022-11-03,-14.819434189975667,1.7530201110457948,-8.453658972078122,27.82833154273203
CTSH.OQ,2025-04-09,9.220073734063128,1.7530201110457948,5.259536770837576,27.82833154273203
DDOG.OQ,2020-03-16,-19.683360945220805,3.577857586395742,-5.501437793405692,56.79672840005355
DDOG.OQ,2020-05-12,21.227486030880094,3.577857586395742,5.933015923158701,56.79672840005355
DDOG.OQ,2023-08-08,-18.847402868964114,3.577857586395742,-5.267790126870474,56.79672840005355
DDOG.OQ,2023-11-07,25.054592298580847,3.577857586395742,7.002680149664736,56.79672840005355
DDOG.OQ,2025-11-06,20.803449898789594,3.577857586395742,5.814499151081793,56.79672840005355
CF.N,2016-08-04,-13.46973015825248,2.501898348848014,-5.38380392810705,39.7164050196898
CF.N,2020-03-09,-16.712811760786074,2.501898348848014,-6.680052276496925,39.7164050196898
CF.N,2020-03-12,-14.887176557997561,2.501898348848014,-5.95035228543649,39.7164050196898
CF.N,2020-03-13,12.530766206691002,2.501898348848014,5.008503328067157,39.7164050196898
CF.N,2020-03-16,-14.265630040152288,2.501898348848014,-5.7019223209931065,39.7164050196898
CF.N,2020-03-18,-13.311739965649005,2.501898348848014,-5.32065580193469,39.7164050196898
CF.N,2020-03-24,15.051431218387457,2.501898348848014,6.016004297423918,39.7164050196898
ANET.N,2017-02-17,17.275882510157103,2.7584332350773058,6.262932990536181,43.788770089139526
ANET.N,2017-08-04,17.762467071295205,2.7584332350773058,6.439331880656307,43.788770089139526
ANET.N,2018-02-16,-21.055107018182674,2.7584332350773058,-7.63299497353707,43.788770089139526
ANET.N,2019-11-01,-27.752543321650514,2.7584332350773058,-10.060980620715565,43.788770089139526
ANET.N,2020-03-24,14.189758315446266,2.7584332350773058,5.144136945206359,43.788770089139526
ANET.N,2020-11-03,14.358502525215666,2.7584332350773058,5.205310878156261,43.788770089139526
ANET.N,2021-11-02,18.555119568678258,2.7584332350773058,6.7266879374581805,43.788770089139526
ANET.N,2023-05-02,-17.104669625165016,2.7584332350773058,-6.200864102003779,43.788770089139526
ANET.N,2023-08-01,17.96421046396457,2.7584332350773058,6.51246883032176,43.788770089139526
ANET.N,2025-01-27,-25.296367127603414,2.7584332350773058,-9.17055624400294,43.788770089139526
ANET.N,2025-08-06,16.11888885956807,2.7584332350773058,5.843494290379783,43.788770089139526
GOOGL.OQ,2019-07-26,9.185171913047796,1.7839958068073005,5.148651066330639,28.320055468764888
GOOGL.OQ,2020-03-16,-12.368460953218774,1.7839958068073005,-6.9330101035124025,28.320055468764888
GOOGL.OQ,2022-10-26,-9.585588763441333,1.7839958068073005,-5.373100501057807,28.320055468764888
GOOGL.OQ,2023-10-25,-9.99242228878563,1.7839958068073005,-5.601146735130733,28.320055468764888
GOOGL.OQ,2024-04-26,9.734772962873794,1.7839958068073005,5.456724127785633,28.320055468764888
GOOGL.OQ,2025-04-09,9.241600388202897,1.7839958068073005,5.180281451861695,28.320055468764888
GIS.N,2018-03-21,-9.268994248396734,1.3455949492580643,-6.888398513614726,21.360657606968488
GIS.N,2018-09-18,-7.925800412041495,1.3455949492580643,-5.890182938343839,21.360657606968488
GIS.N,2020-03-13,6.728474680559637,1.3455949492580643,5.00037153399661,21.360657606968488
GIS.N,2020-03-17,11.139323755761232,1.3455949492580643,8.278363233975607,21.360657606968488
GIS.N,2020-03-19,-7.308285673847692,1.3455949492580643,-5.431267171355944,21.360657606968488
GIS.N,2020-03-23,-12.116141724801066,1.3455949492580643,-9.004300834721235,21.360657606968488
GIS.N,2022-05-18,-7.606170625425612,1.3455949492580643,-5.652645047173751,21.360657606968488
IQV.N,2020-03-12,-10.419179474281481,1.8870761426059237,-5.5213349578429325,29.956405070269998
IQV.N,2020-03-16,-14.818753277385444,1.8870761426059237,-7.852758530941817,29.956405070269998
IQV.N,2020-03-18,-18.078128202366095,1.8870761426059237,-9.579967545666404,29.956405070269998
IQV.N,2020-03-24,14.29659139031454,1.8870761426059237,7.57605433481445,29.956405070269998
IQV.N,2020-04-06,13.136296071998554,1.8870761426059237,6.961190264351615,29.956405070269998
IQV.N,2022-10-25,9.59883758289628,1.8870761426059237,5.086619117361602,29.956405070269998
IQV.N,2024-02-14,12.31006774407195,1.8870761426059237,6.523355081513873,29.956405070269998
IQV.N,2025-07-22,16.44860422794805,1.8870761426059237,8.716449673956266,29.956405070269998
TAP.N,2018-05-02,-16.725702733255865,1.7488345112818104,-9.563913924020598,27.761887206353116
TAP.N,2018-10-31,9.482592207602725,1.7488345112818104,5.422235292379064,27.761887206353116
TAP.N,2019-02-12,-9.915784184911391,1.7488345112818104,-5.669938533888838,27.761887206353116
TAP.N,2020-03-09,-11.060135041613828,1.7488345112818104,-6.324289102407573,27.761887206353116
TAP.N,2020-03-13,10.28573854397079,1.7488345112818104,5.881481911305516,27.761887206353116
TAP.N,2020-04-30,-11.851429711492978,1.7488345112818104,-6.776758827115356,27.761887206353116
TAP.N,2021-02-11,-9.592286235182712,1.7488345112818104,-5.484959367683128,27.761887206353116
TAP.N,2022-08-02,-11.043742666711553,1.7488345112818104,-6.314915788468189,27.761887206353116
TAP.N,2024-04-30,-10.438204199854617,1.7488345112818104,-5.9686632054189745,27.761887206353116
TAP.N,2025-02-13,9.096364379268573,1.7488345112818104,5.201386592377675,27.761887206353116
NCLH.N,2020-03-09,-31.334686717519578,3.823044925179267,-8.196264320919603,60.68895673831125
NCLH.N,2020-03-11,-31.037668237947933,3.823044925179267,-8.118572720275461,60.68895673831125
NCLH.N,2020-03-12,-44.30902884139884,3.823044925179267,-11.58998382403815,60.68895673831125
NCLH.N,2020-03-18,-25.531043759428805,3.823044925179267,-6.678196113071213,60.68895673831125
NCLH.N,2020-03-24,35.20105146473775,3.823044925179267,9.207595556331878,60.68895673831125
NCLH.N,2020-03-25,20.981880625117675,3.823044925179267,5.488264207131652,60.68895673831125
NCLH.N,2020-03-27,-26.772552316046827,3.823044925179267,-7.002939499799739,60.68895673831125
NCLH.N,2020-04-29,22.604232518019085,3.823044925179267,5.912625396877633,60.68895673831125
NCLH.N,2020-05-05,-25.58756657377268,3.823044925179267,-6.692980876381632,60.68895673831125
NCLH.N,2020-11-09,23.707086403350395,3.823044925179267,6.201100658590546,60.68895673831125
NCLH.N,2022-09-30,-19.890858046875202,3.823044925179267,-5.202883679412294,60.68895673831125
STX.OQ,2016-04-14,-22.439691528556473,2.5782726172700468,-8.703382015636615,40.92880894454496
STX.OQ,2016-04-29,-21.159341136133712,2.5782726172700468,-8.20678969105209,40.92880894454496
STX.OQ,2016-07-12,19.749572964732565,2.5782726172700468,7.660001829303843,40.92880894454496
STX.OQ,2017-01-25,13.075644559051769,2.5782726172700468,5.071474781784968,40.92880894454496
STX.OQ,2017-04-26,-18.42636512986706,2.5782726172700468,-7.146786963659978,40.92880894454496
STX.OQ,2017-07-25,-18.031150586593014,2.5782726172700468,-6.993500402484568,40.92880894454496
STX.OQ,2020-03-16,-17.755061374225267,2.5782726172700468,-6.886417384762386,40.92880894454496
STX.OQ,2025-04-03,-17.863332459649683,2.5782726172700468,-6.928411037683021,40.92880894454496
STX.OQ,2025-10-29,17.489494451198606,2.5782726172700468,6.783415506199268,40.92880894454496
TECH.OQ,2020-03-16,-10.838379970817691,2.010425150439301,-5.3910885309256,31.914509865432045
TECH.OQ,2020-11-05,13.115171060362574,2.010425150439301,6.523580874173185,31.914509865432045
TECH.OQ,2021-02-02,10.245690118233153,2.010425150439301,5.096280314636111,31.914509865432045
TECH.OQ,2024-05-01,15.027852390731411,2.010425150439301,7.474962391635248,31.914509865432045
TECH.OQ,2025-04-09,10.23442934948573,2.010425150439301,5.0906791268749245,31.914509865432045
BFb.N,2020-03-12,-10.909577622533106,1.6593683393526668,-6.574536444867342,26.341655756288347
BFb.N,2020-03-17,13.738381997019111,1.6593683393526668,8.2792841536187,26.341655756288347
BFb.N,2020-03-20,-14.566323515296054,1.6593683393526668,-8.77823396400253,26.341655756288347
BFb.N,2020-09-02,9.568576666320006,1.6593683393526668,5.766397031567317,26.341655756288347
BFb.N,2023-12-06,-10.955695946577126,1.6593683393526668,-6.6023291434203415,26.341655756288347
BFb.N,2024-12-05,10.149941264738782,1.6593683393526668,6.11674998493605,26.341655756288347
BFb.N,2025-03-05,9.617190135482012,1.6593683393526668,5.795693401763804,26.341655756288347
BFb.N,2025-06-05,-19.749635481319004,1.6593683393526668,-11.901899664437073,26.341655756288347
JCI.N,2016-01-25,11.008942786860798,1.7187929084693303,6.405043174552543,27.28499154618751
JCI.N,2020-03-12,-14.2947926750705,1.7187929084693303,-8.316762656299716,27.28499154618751
JCI.N,2020-03-18,-11.507758929871503,1.7187929084693303,-6.6952562307926495,27.28499154618751
JCI.N,2022-05-04,-9.108715971481374,1.7187929084693303,-5.299484263984504,27.28499154618751
JCI.N,2023-08-02,-9.709672403196379,1.7187929084693303,-5.64912291373329,27.28499154618751
JCI.N,2025-02-05,10.689898744460802,1.7187929084693303,6.2194221838980495,27.28499154618751
JCI.N,2025-04-09,10.264386855150764,1.7187929084693303,5.971857810544324,27.28499154618751
FOXA.OQ,2020-03-18,-11.808140952104695,1.9873325118513738,-5.941703706695957,31.54792559251235
FOXA.OQ,2020-03-27,-10.371544937304078,1.9873325118513738,-5.218827184406136,31.54792559251235
FOXA.OQ,2020-04-06,11.668627100184903,1.9873325118513738,5.871502141991607,31.54792559251235
KR.N,2017-06-15,-20.936832529030625,1.7938140755124847,-11.671684827787443,28.475915652559635
KR.N,2017-06-16,-9.698095588116429,1.7938140755124847,-5.4064106868744055,28.475915652559635
KR.N,2018-03-08,-13.227952145817268,1.7938140755124847,-7.37420467728134,28.475915652559635
KR.N,2018-06-21,9.29461125094444,1.7938140755124847,5.181479718453548,28.475915652559635
KR.N,2018-09-13,-10.455543309338289,1.7938140755124847,-5.828666109864918,28.475915652559635
KR.N,2019-03-07,-10.481370472360618,1.7938140755124847,-5.843064013959271,28.475915652559635
KR.N,2019-11-05,10.763883069093838,1.7938140755124847,6.000556699845632,28.475915652559635
KR.N,2021-01-28,-9.098406706771689,1.7938140755124847,-5.072101301341565,28.475915652559635
KR.N,2021-12-02,10.473858641332523,1.7938140755124847,5.8388763831837975,28.475915652559635
KR.N,2022-03-03,10.980676388809751,1.7938140755124847,6.121412769978751,28.475915652559635
KR.N,2024-03-07,9.424729857580694,1.7938140755124847,5.2540171170683285,28.475915652559635
KR.N,2025-06-20,9.389392597489898,1.7938140755124847,5.2343176060804355,28.475915652559635
AZO.N,2017-05-23,-12.602782091535936,1.6223621509348731,-7.768168213412576,25.75420072714506
AZO.N,2017-07-05,-10.091786948920767,1.6223621509348731,-6.220427999448494,25.75420072714506
AZO.N,2018-02-27,-11.726849214954882,1.6223621509348731,-7.228256162286195,25.75420072714506
AZO.N,2018-05-22,-9.966492453549058,1.6223621509348731,-6.143198328317723,25.75420072714506
AZO.N,2020-03-12,-10.733874556818979,1.6223621509348731,-6.61620129058957,25.75420072714506
AZO.N,2020-03-16,-17.360510118755546,1.6223621509348731,-10.700761299659076,25.75420072714506
AZO.N,2020-03-18,-12.256236125394881,1.6223621509348731,-7.554562412795642,25.75420072714506
AZO.N,2020-03-20,-12.767569492620634,1.6223621509348731,-7.869740726670321,25.75420072714506
AZO.N,2020-03-24,11.138063161947453,1.6223621509348731,6.865337160096613,25.75420072714506
AZO.N,2020-04-01,-8.52592056531547,1.6223621509348731,-5.255251153635752,25.75420072714506
AZO.N,2020-04-06,10.159661044434642,1.6223621509348731,6.262264586596908,25.75420072714506
AZO.N,2022-05-18,-9.9397522738494,1.6223621509348731,-6.12671607761664,25.75420072714506
KDP.OQ,2018-01-29,20.207635060531935,1.4430027077525336,14.00387882293387,22.90695783543612
KDP.OQ,2018-07-10,10.841952042540903,1.4430027077525336,7.5134661801343166,22.90695783543612
KDP.OQ,2018-07-11,7.841209340344335,1.4430027077525336,5.433953310147951,22.90695783543612
KDP.OQ,2020-03-09,-8.540818390495986,1.4430027077525336,-5.918781956964065,22.90695783543612
KDP.OQ,2020-03-16,-18.019344362646052,1.4430027077525336,-12.487394698455592,22.90695783543612
KDP.OQ,2020-03-19,20.00769390218613,1.4430027077525336,13.86531972164347,22.90695783543612
KDP.OQ,2025-08-25,-12.198996545897245,1.4430027077525336,-8.453897196698332,22.90695783543612
KDP.OQ,2025-10-27,7.345027643265922,1.4430027077525336,5.09009969545085,22.90695783543612
BDX.N,2017-11-02,7.390883393938541,1.4516598123382842,5.091332921887227,23.044385110282757
BDX.N,2020-02-06,-12.553618593686,1.4516598123382842,-8.647768910448143,23.044385110282757
BDX.N,2020-03-17,10.772394803330343,1.4516598123382842,7.420743284184836,23.044385110282757
BDX.N,2020-03-23,-9.295968253076747,1.4516598123382842,-6.403682304949338,23.044385110282757
BDX.N,2020-03-26,7.451134293734096,1.4516598123382842,5.132837756066322,23.044385110282757
BDX.N,2020-05-20,-7.989390922350825,1.4516598123382842,-5.503624784846655,23.044385110282757
BDX.N,2020-08-06,-8.778467421237757,1.4516598123382842,-6.04719325190776,23.044385110282757
BDX.N,2023-11-09,-9.709357592488743,1.4516598123382842,-6.688452425261564,23.044385110282757
BDX.N,2025-02-06,-7.562837855838822,1.4516598123382842,-5.209786612234487,23.044385110282757
BDX.N,2025-05-01,-20.00645942032344,1.4516598123382842,-13.781782240081247,23.044385110282757
BDX.N,2025-08-07,8.486302371740528,1.4516598123382842,5.845930499426777,23.044385110282757
L.N,2020-03-09,-11.476022100915628,1.5974603593451084,-7.18391666734085,25.358897040666196
L.N,2020-03-10,9.186544810384678,1.5974603593451084,5.750718480520403,25.358897040666196
L.N,2020-03-11,-8.327085526015399,1.5974603593451084,-5.212702448171643,25.358897040666196
L.N,2020-03-12,-17.985794409462443,1.5974603593451084,-11.258992628046094,25.358897040666196
L.N,2020-03-13,10.893952066618162,1.5974603593451084,6.81954453698258,25.358897040666196
L.N,2020-03-16,-10.203362323081677,1.5974603593451084,-6.38723976053129,25.358897040666196
L.N,2020-03-17,9.416704258504183,1.5974603593451084,5.894796827612446,25.358897040666196
L.N,2020-03-20,-17.692206223973585,1.5974603593451084,-11.075208295764313,25.358897040666196
L.N,2020-03-24,12.619113608581323,1.5974603593451084,7.899484663115289,25.358897040666196
L.N,2020-04-06,8.777561088238528,1.5974603593451084,5.494697278020069,25.358897040666196
L.N,2020-05-01,-9.179645250613389,1.5974603593451084,-5.7463994000931935,25.358897040666196
L.N,2020-06-11,-11.657420065328994,1.5974603593451084,-7.297470636522115,25.358897040666196
L.N,2020-11-09,12.12850477403391,1.5974603593451084,7.59236666067012,25.358897040666196
L.N,2025-04-04,-9.178222093479516,1.5974603593451084,-5.745508512801032,25.358897040666196
WDAY.OQ,2016-02-05,-17.8504053235335,2.3913034866821556,-7.464717641632461,37.96076601025584
WDAY.OQ,2016-03-01,17.123189504333425,2.3913034866821556,7.160609098634826,37.96076601025584
WDAY.OQ,2016-12-02,-13.353139262452185,2.3913034866821556,-5.584042066103106,37.96076601025584
WDAY.OQ,2018-11-30,12.106585724796126,2.3913034866821556,5.062755853542272,37.96076601025584
WDAY.OQ,2019-10-16,-12.02313220423008,2.3913034866821556,-5.027857096010732,37.96076601025584
WDAY.OQ,2020-03-16,-13.643921671472281,2.3913034866821556,-5.705642026392357,37.96076601025584
WDAY.OQ,2022-11-10,12.638289436310313,2.3913034866821556,5.285104758428412,37.96076601025584
WDAY.OQ,2022-11-30,15.84282292493695,2.3913034866821556,6.625182881708702,37.96076601025584
WDAY.OQ,2024-05-24,-16.63818133885888,2.3913034866821556,-6.957787429124581,37.96076601025584
WDAY.OQ,2025-05-23,-13.374669653206972,2.3913034866821556,-5.593045687297445,37.96076601025584
EQR.N,2020-03-16,-18.528750500975377,1.554248087581208,-11.921359690916956,24.67292349262568
EQR.N,2020-03-17,8.310688186558668,1.554248087581208,5.347079564043178,24.67292349262568
EQR.N,2020-03-18,-8.785982042061491,1.554248087581208,-5.652882646125458,24.67292349262568
EQR.N,2020-03-20,-9.186783561335243,1.554248087581208,-5.910757513385226,24.67292349262568
EQR.N,2020-03-26,8.194388909073291,1.554248087581208,5.2722528498174155,24.67292349262568
EQR.N,2020-04-06,10.238890982028481,1.554248087581208,6.587681248469614,24.67292349262568
EQR.N,2020-11-09,14.030189919173353,1.554248087581208,9.026995131136225,24.67292349262568
EQR.N,2025-04-09,7.837394428798206,1.554248087581208,5.042563340705227,24.67292349262568
BRO.N,2020-03-12,-10.136210969113124,1.4284427562901827,-7.095986818147295,22.67582577141281
BRO.N,2020-03-16,-7.368328631833299,1.4284427562901827,-5.158294652961543,22.67582577141281
BRO.N,2020-03-17,7.568930504519855,1.4284427562901827,5.2987286128127185,22.67582577141281
BRO.N,2020-03-18,-8.165138232658009,1.4284427562901827,-5.716111616445687,22.67582577141281
BRO.N,2020-03-24,11.560476827363875,1.4284427562901827,8.09306272614498,22.67582577141281
BRO.N,2020-04-06,7.38300013388673,1.4284427562901827,5.168565629511934,22.67582577141281
BRO.N,2022-03-08,-8.013078845625365,1.4284427562901827,-5.609660457403404,22.67582577141281
BRO.N,2022-10-25,-13.525404593596857,1.4284427562901827,-9.4686360612194,22.67582577141281
BRO.N,2025-04-04,-7.872422768304954,1.4284427562901827,-5.511192334196486,22.67582577141281
BRO.N,2025-07-29,-10.98331445911036,1.4284427562901827,-7.689012675338278,22.67582577141281
BRO.N,2025-10-16,-7.225149295980504,1.4284427562901827,-5.058060089677645,22.67582577141281
OXY.N,2020-03-06,-15.871423245411087,3.162622323756561,-5.018437745851051,50.205072956886376
OXY.N,2020-03-11,-19.495330369985496,3.162622323756561,-6.164292910836396,50.205072956886376
OXY.N,2020-03-13,18.17607042834597,3.162622323756561,5.747151751827403,50.205072956886376
OXY.N,2020-03-16,-17.08864858790884,3.162622323756561,-5.403316247894865,50.205072956886376
OXY.N,2020-04-02,17.312358096372947,3.162622323756561,5.474051696381293,50.205072956886376
OXY.N,2020-06-05,29.04114632446784,3.162622323756561,9.182615991267898,50.205072956886376
OXY.N,2020-06-08,16.01110304292348,3.162622323756561,5.062603562446717,50.205072956886376
OXY.N,2020-06-11,-17.598330451759026,3.162622323756561,-5.564474240115949,50.205072956886376
OXY.N,2020-11-09,20.030735637195196,3.162622323756561,6.33358447094078,50.205072956886376
OXY.N,2022-03-04,16.20476142577134,3.162622323756561,5.12383704625323,50.205072956886376
DTE.N,2020-03-09,-12.446870047442982,1.3851490659353942,-8.985942635017107,21.988559743310777
DTE.N,2020-03-12,-13.261245770136654,1.3851490659353942,-9.573876268097763,21.988559743310777
DTE.N,2020-03-16,-14.971906503903032,1.3851490659353942,-10.808877450162717,21.988559743310777
DTE.N,2020-03-18,-13.784027784891073,1.3851490659353942,-9.951295585347479,21.988559743310777
DTE.N,2020-03-19,10.365776810437222,1.3851490659353942,7.483509945146005,21.988559743310777
DTE.N,2020-03-23,-7.750576778600671,1.3851490659353942,-5.5954820814658595,21.988559743310777
DTE.N,2020-03-24,11.904076107426675,1.3851490659353942,8.594075829223353,21.988559743310777
DTE.N,2020-04-01,-7.531555984043692,1.3851490659353942,-5.43736134201384,21.988559743310777
DTE.N,2020-04-06,9.736351510985664,1.3851490659353942,7.0291001527771915,21.988559743310777
DTE.N,2020-06-11,-7.289635408716766,1.3851490659353942,-5.262708244180246,21.988559743310777
MCK.N,2016-01-11,-10.902849759151323,1.7924731277076718,-6.082573618882966,28.454628766083722
MCK.N,2016-10-28,-25.712567342864023,1.7924731277076718,-14.344743553141509,28.454628766083722
MCK.N,2020-03-17,13.974760247654139,1.7924731277076718,7.796356905794146,28.454628766083722
MCK.N,2020-03-30,9.350048659625454,1.7924731277076718,5.216283867855184,28.454628766083722
MCK.N,2024-08-08,-12.031453633895062,1.7924731277076718,-6.7122086506711796,28.454628766083722
MCK.N,2024-09-05,-10.419811133295553,1.7924731277076718,-5.813091963404253,28.454628766083722
MCK.N,2024-11-07,10.070569081354108,1.7924731277076718,5.618253867065215,28.454628766083722
APD.N,2020-03-09,-11.307622490494662,1.6038120753655765,-7.050465989238282,25.459727406598176
APD.N,2020-03-12,-10.157131832885646,1.6038120753655765,-6.3331184425521965,25.459727406598176
APD.N,2020-03-13,9.461745604017846,1.6038120753655765,5.899535082288936,25.459727406598176
APD.N,2020-03-16,-13.47228090269006,1.6038120753655765,-8.400161783056259,25.459727406598176
APD.N,2020-03-17,12.859825772878697,1.6038120753655765,8.018287161198359,25.459727406598176
APD.N,2020-03-24,9.539762319121792,1.6038120753655765,5.948179631299556,25.459727406598176
APD.N,2020-11-11,-9.869040645367111,1.6038120753655765,-6.153489424948705,25.459727406598176
APD.N,2023-11-07,-13.521001125083476,1.6038120753655765,-8.43053954560198,25.459727406598176
APD.N,2024-02-05,-16.903148096109,1.6038120753655765,-10.53935704546685,25.459727406598176
APD.N,2024-08-01,8.573774711502846,1.6038120753655765,5.345872401882572,25.459727406598176
APD.N,2024-10-07,9.097025532327585,1.6038120753655765,5.672126848311694,25.459727406598176
APD.N,2025-04-09,8.32770219970378,1.6038120753655765,5.192442635653272,25.459727406598176
APD.N,2025-11-06,8.559669885619492,1.6038120753655765,5.337077839165403,25.459727406598176
APD.N,2025-12-08,-9.928831494525703,1.6038120753655765,-6.1907698832249425,25.459727406598176
CI.N,2018-03-08,-12.165151243430383,1.9070876185940766,-6.378915748191291,30.274077403261956
CI.N,2020-03-04,10.184575960726061,1.9070876185940766,5.340381774506107,30.274077403261956
CI.N,2020-03-12,-13.082639206095248,1.9070876185940766,-6.860009513217801,30.274077403261956
CI.N,2020-03-16,-17.7009621309816,1.9070876185940766,-9.28167219922015,30.274077403261956
CI.N,2020-03-24,12.379632385377004,1.9070876185940766,6.491381027633848,30.274077403261956
CI.N,2020-03-30,10.003917177347965,1.9070876185940766,5.245651578779033,30.274077403261956
CI.N,2020-11-04,13.577219101442406,1.9070876185940766,7.119347306890735,30.274077403261956
CI.N,2021-08-05,-11.559840969346347,1.9070876185940766,-6.061515400046681,30.274077403261956
CI.N,2023-12-11,15.427211206545888,1.9070876185940766,8.089408717318912,30.274077403261956
CI.N,2025-07-31,-10.795270990274464,1.9070876185940766,-5.660605671716772,30.274077403261956
CI.N,2025-10-30,-19.105171767429407,1.9070876185940766,-10.017983222770814,30.274077403261956
ZBRA.OQ,2016-02-25,-15.839535056185916,2.4710353073863414,-6.410080426143193,39.226469425225844
ZBRA.OQ,2016-05-10,-19.56409313871381,2.4710353073863414,-7.9173668948531155,39.226469425225844
ZBRA.OQ,2018-08-07,15.883293244975416,2.4710353073863414,6.427788869506467,39.226469425225844
ZBRA.OQ,2019-07-30,14.144530160101532,2.4710353073863414,5.724131143663203,39.226469425225844
ZBRA.OQ,2020-03-12,-16.927581619578547,2.4710353073863414,-6.85040054627271,39.226469425225844
ZBRA.OQ,2020-03-13,13.047738710379342,2.4710353073863414,5.280272067087609,39.226469425225844
ZBRA.OQ,2022-11-01,-17.26935966902161,2.4710353073863414,-6.9887142516339535,39.226469425225844
ZBRA.OQ,2023-08-01,-18.960872704712184,2.4710353073863414,-7.67325041776414,39.226469425225844
ZBRA.OQ,2025-04-03,-18.709699853385686,2.4710353073863414,-7.571603609814574,39.226469425225844
ZBRA.OQ,2025-04-09,13.240098904382958,2.4710353073863414,5.3581180587772534,39.226469425225844
ZBRA.OQ,2025-10-28,-12.415046508565641,2.4710353073863414,-5.0242286993856276,39.226469425225844
ADM.N,2016-02-02,-9.148220845577093,1.7096653727452487,-5.350883857984201,27.14009640853484
ADM.N,2017-05-02,-9.297309223560157,1.7096653727452487,-5.438087108608427,27.14009640853484
ADM.N,2020-03-12,-10.608948261719453,1.7096653727452487,-6.205277612123841,27.14009640853484
ADM.N,2020-03-13,9.375250215934239,1.7096653727452487,5.483675557445599,27.14009640853484
ADM.N,2020-03-20,-8.902394260135704,1.7096653727452487,-5.207097483550788,27.14009640853484
ADM.N,2020-03-24,9.775747893009346,1.7096653727452487,5.71793056632609,27.14009640853484
ADM.N,2024-01-22,-27.703358732461325,1.7096653727452487,-16.203965509330875,27.14009640853484
ADM.N,2025-04-04,-9.35878883114003,1.7096653727452487,-5.474047132458681,27.14009640853484
PNC.N,2020-03-09,-14.562255596462492,1.8438732666602584,-7.897644518073947,29.27058067621997
PNC.N,2020-03-13,12.171672996740845,1.8438732666602584,6.601144024820622,29.27058067621997
PNC.N,2020-03-16,-17.31656196740765,1.8438732666602584,-9.391405732983221,29.27058067621997
PNC.N,2020-03-18,-9.23665997234897,1.8438732666602584,-5.009378973794116,29.27058067621997
PNC.N,2020-03-23,-10.41320828717085,1.8438732666602584,-5.647464213216736,29.27058067621997
PNC.N,2020-03-24,11.18128686698796,1.8438732666602584,6.064021356109915,29.27058067621997
PNC.N,2020-03-26,11.162007973445665,1.8438732666602584,6.053565706098126,29.27058067621997
PNC.N,2020-04-06,11.22506808947854,1.8438732666602584,6.08776551645011,29.27058067621997
PNC.N,2020-04-17,11.42670564740289,1.8438732666602584,6.197120948610353,29.27058067621997
PNC.N,2020-06-11,-10.095121824201758,1.8438732666602584,-5.474954275185458,29.27058067621997
PNC.N,2020-11-09,10.972836069614544,1.8438732666602584,5.950970854677691,29.27058067621997
PNC.N,2025-04-03,-9.30022412239735,1.8438732666602584,-5.04385214025176,29.27058067621997
LIN.OQ,2020-03-09,-8.876189922679245,1.416694714295403,-6.265421782909554,22.489331386352028
LIN.OQ,2020-03-12,-9.587381607831258,1.416694714295403,-6.767429504104255,22.489331386352028
LIN.OQ,2020-03-13,11.059926907876427,1.416694714295403,7.806852666473816,22.489331386352028
LIN.OQ,2020-03-16,-10.851310338870235,1.416694714295403,-7.659596827300343,22.489331386352028
LIN.OQ,2020-03-24,9.41580011498333,1.416694714295403,6.646315554065087,22.489331386352028
LIN.OQ,2020-04-01,-7.269500909556292,1.416694714295403,-5.131310815380432,22.489331386352028
LIN.OQ,2020-04-06,8.163086368452799,1.416694714295403,5.762064533792471,22.489331386352028
LIN.OQ,2022-03-09,7.564619734550515,1.416694714295403,5.339625861675358,22.489331386352028
LIN.OQ,2025-04-09,7.600537980138444,1.416694714295403,5.364979415426557,22.489331386352028
LYB.N,2020-03-09,-18.870387524937637,2.2099909520717373,-8.538671847161977,35.082518753308086
LYB.N,2020-03-12,-15.882206761644913,2.2099909520717373,-7.186548319012923,35.082518753308086
LYB.N,2020-03-16,-29.425070952113508,2.2099909520717373,-13.314566254006255,35.082518753308086
LYB.N,2020-03-17,17.84938009241901,2.2099909520717373,8.076675642353313,35.082518753308086
LYB.N,2020-03-24,11.203122752405292,2.2099909520717373,5.069307067480534,35.082518753308086
LYB.N,2020-03-25,14.007869119119842,2.2099909520717373,6.3384282664090925,35.082518753308086
LYB.N,2020-05-26,11.406138130640908,2.2099909520717373,5.161169605671155,35.082518753308086
LYB.N,2020-06-11,-14.091797256068439,2.2099909520717373,-6.376404954444815,35.082518753308086
LYB.N,2025-04-03,-11.285887353438806,2.2099909520717373,-5.106757266521361,35.082518753308086
LYB.N,2025-04-09,11.688506021727418,2.2099909520717373,5.2889384052772375,35.082518753308086
FITB.N,2020-03-09,-19.31912290308584,2.267116494979826,-8.521451343971519,35.989358633574206
FITB.N,2020-03-16,-24.565830460456837,2.267116494979826,-10.835715992033942,35.989358633574206
FITB.N,2020-03-18,-17.845806196891,2.267116494979826,-7.87158764730782,35.989358633574206
FITB.N,2020-03-24,16.97705334734101,2.267116494979826,7.488390378233333,35.989358633574206
FITB.N,2020-03-26,15.588428326634807,2.267116494979826,6.875883246914279,35.989358633574206
FITB.N,2020-04-06,14.06673294899714,2.267116494979826,6.20468025359337,35.989358633574206
FITB.N,2020-04-17,11.861019666154782,2.267116494979826,5.231764531032767,35.989358633574206
FITB.N,2020-06-11,-12.59074675138634,2.267116494979826,-5.553639073804356,35.989358633574206
FITB.N,2020-11-09,13.482310432188749,2.267116494979826,5.946897948139503,35.989358633574206
FITB.N,2023-03-13,-14.578929002002461,2.267116494979826,-6.430604265058815,35.989358633574206
CCL.N,2020-03-09,-22.222316468688106,3.5584182860904074,-6.24499839031108,56.48813907443946
CCL.N,2020-03-12,-37.35655591031559,3.5584182860904074,-10.498078895429352,56.48813907443946
CCL.N,2020-03-16,-18.779727204991747,3.5584182860904074,-5.277549094888677,56.48813907443946
CCL.N,2020-03-18,-31.23746850421525,3.5584182860904074,-8.77847009338958,56.48813907443946
CCL.N,2020-03-20,18.232155679395447,3.5584182860904074,5.123668499193472,56.48813907443946
CCL.N,2020-03-27,-21.239901203123246,3.5584182860904074,-5.968916382356857,56.48813907443946
CCL.N,2020-04-01,-40.318979427102875,3.5584182860904074,-11.330590218892132,56.48813907443946
CCL.N,2020-04-06,18.447863185331848,3.5584182860904074,5.184287428333867,56.48813907443946
CCL.N,2020-11-09,33.13942423942695,3.5584182860904074,9.312964799266712,56.48813907443946
CCL.N,2022-09-30,-26.465947286346548,3.5584182860904074,-7.437559375692275,56.48813907443946
MCO.N,2018-10-26,-9.065860464975284,1.70893063091841,-5.304990326086629,27.12843274362493
MCO.N,2020-03-09,-12.309653606056248,1.70893063091841,-7.203132405345686,27.12843274362493
MCO.N,2020-03-12,-8.86393053585568,1.70893063091841,-5.186828754477906,27.12843274362493
MCO.N,2020-03-13,9.717045318081574,1.70893063091841,5.686038474750411,27.12843274362493
MCO.N,2020-03-16,-13.910509708552077,1.70893063091841,-8.139891378198493,27.12843274362493
MCO.N,2020-03-17,8.619748959840301,1.70893063091841,5.043943155965255,27.12843274362493
MCO.N,2020-03-18,-14.764836960849692,1.70893063091841,-8.639810588984998,27.12843274362493
MCO.N,2020-03-24,17.03475551311362,1.70893063091841,9.968078987477002,27.12843274362493
MCO.N,2020-04-06,9.30914873990929,1.70893063091841,5.447353199413592,27.12843274362493
MCO.N,2022-11-10,11.428884161695496,1.70893063091841,6.6877402481535535,27.12843274362493
MCO.N,2025-04-04,-9.467067728383771,1.70893063091841,-5.5397612735725845,27.12843274362493
MCO.N,2025-04-09,10.03847083859819,1.70893063091841,5.874124237098691,27.12843274362493
PTC.OQ,2019-04-25,-11.49041724720714,2.0350957915620325,-5.646130906883602,32.306144152003675
PTC.OQ,2019-07-25,-22.83426326654725,2.0350957915620325,-11.220240030579037,32.306144152003675
PTC.OQ,2020-06-11,-11.17980263081293,2.0350957915620325,-5.493501916306308,32.306144152003675
PTC.OQ,2021-01-28,13.525753584750788,2.0350957915620325,6.646249105733313,32.306144152003675
PTC.OQ,2021-04-29,-10.56677687056089,2.0350957915620325,-5.192274935839943,32.306144152003675
PTC.OQ,2022-04-28,15.853127207858098,2.0350957915620325,7.789867815357266,32.306144152003675
PTC.OQ,2025-07-09,16.2516134636407,2.0350957915620325,7.9856749402281535,32.306144152003675
CMCSA.OQ,2020-03-12,-8.158262482233303,1.6006782637175836,-5.096753462051577,25.409979688940336
CMCSA.OQ,2020-03-13,11.835528173780796,1.6006782637175836,7.39407065245749,25.409979688940336
CMCSA.OQ,2020-03-16,-8.735815370358102,1.6006782637175836,-5.4575710612007216,25.409979688940336
CMCSA.OQ,2020-03-26,9.023326879503601,1.6006782637175836,5.637189611450634,25.409979688940336
CMCSA.OQ,2022-07-28,-9.574836664036246,1.6006782637175836,-5.981737167966933,25.409979688940336
CMCSA.OQ,2023-04-27,9.774671913659505,1.6006782637175836,6.1065812757135705,25.409979688940336
CMCSA.OQ,2023-10-26,-8.796877294595706,1.6006782637175836,-5.495718592545208,25.409979688940336
CMCSA.OQ,2024-12-09,-9.983954124374206,1.6006782637175836,-6.237327232261166,25.409979688940336
CMCSA.OQ,2025-01-30,-11.654584625877895,1.6006782637175836,-7.281028855111746,25.409979688940336
DOC.N,2016-02-09,-18.214504986559945,1.8561846340247625,-9.812873489349741,29.46601757429378
DOC.N,2020-03-11,-10.018184017937504,1.8561846340247625,-5.397191547812294,29.46601757429378
DOC.N,2020-03-12,-14.500984835659736,1.8561846340247625,-7.812253463286823,29.46601757429378
DOC.N,2020-03-13,13.879221174572676,1.8561846340247625,7.477284813245318,29.46601757429378
DOC.N,2020-03-16,-25.921607207644826,1.8561846340247625,-13.964993962609766,29.46601757429378
DOC.N,2020-03-18,-11.195741323748098,1.8561846340247625,-6.031588193612178,29.46601757429378
DOC.N,2020-03-26,10.481242027551119,1.8561846340247625,5.6466591929622085,29.46601757429378
DOC.N,2020-04-01,-11.354673842896235,1.8561846340247625,-6.11721142108364,29.46601757429378
DOC.N,2020-04-06,13.056988996645336,1.8561846340247625,7.034315852692889,29.46601757429378
DOC.N,2020-04-08,11.003576210995769,1.8561846340247625,5.928061254950015,29.46601757429378
EQIX.OQ,2020-03-13,9.442020579301147,1.6835230275194222,5.608489117736299,26.725099543601637
EQIX.OQ,2020-03-16,-13.541695413755761,1.6835230275194222,-8.043665095397417,26.725099543601637
EQIX.OQ,2020-03-24,10.976874317883567,1.6835230275194222,6.520180679712699,26.725099543601637
EQIX.OQ,2022-05-09,-8.670051173701943,1.6835230275194222,-5.149945104390275,26.725099543601637
EQIX.OQ,2022-07-28,8.674174444858807,1.6835230275194222,5.152394296405747,26.725099543601637
EQIX.OQ,2024-05-09,10.89299485911397,1.6835230275194222,6.4703569128865395,26.725099543601637
EQIX.OQ,2025-06-25,-9.50443574437898,1.6835230275194222,-5.645563255753763,26.725099543601637
EQIX.OQ,2025-06-26,-10.045129790729579,1.6835230275194222,-5.966731447404388,26.725099543601637
ALB.N,2020-03-20,-14.74195370740028,2.924387447186198,-5.041039866856481,46.42321153472229
ALB.N,2020-09-23,-16.913712014953486,2.924387447186198,-5.783676862389628,46.42321153472229
ALB.N,2022-02-17,-22.20262895048295,2.924387447186198,-7.592232339748957,46.42321153472229
ALB.N,2024-03-05,-19.684086811840817,2.924387447186198,-6.731011935774977,46.42321153472229
ALB.N,2025-04-09,17.503873143893458,2.924387447186198,5.985483613238533,46.42321153472229
BEN.N,2016-11-09,11.671190258742037,2.036940528478112,5.729764858408555,32.33542844268939
BEN.N,2020-03-09,-10.407829981347883,2.036940528478112,-5.109540428813615,32.33542844268939
BEN.N,2020-03-12,-11.48617747819669,2.036940528478112,-5.638936099316813,32.33542844268939
BEN.N,2020-03-17,12.675170563914362,2.036940528478112,6.222651268755765,32.33542844268939
BEN.N,2020-03-20,-13.950464146032093,2.036940528478112,-6.848734143679247,32.33542844268939
BEN.N,2020-10-27,-14.637306475328549,2.036940528478112,-7.1859272623264685,32.33542844268939
BEN.N,2021-11-01,10.995458314374051,2.036940528478112,5.398026187141184,32.33542844268939
BEN.N,2022-11-10,12.061797572407684,2.036940528478112,5.921526624746175,32.33542844268939
BEN.N,2024-08-21,-13.416314449340838,2.036940528478112,-6.5865027779503995,32.33542844268939
BEN.N,2025-04-09,10.907509664699555,2.036940528478112,5.3548493498968455,32.33542844268939
RCL.N,2020-03-05,-18.767862221570653,3.2903761000207505,-5.703865348843342,52.23310128315297
RCL.N,2020-03-09,-29.773085454397563,3.2903761000207505,-9.048535653480403,52.23310128315297
RCL.N,2020-03-12,-38.24064423571909,3.2903761000207505,-11.621967542092811,52.23310128315297
RCL.N,2020-03-18,-21.40562603845457,3.2903761000207505,-6.50552562617981,52.23310128315297
RCL.N,2020-03-23,16.886164462724995,3.2903761000207505,5.131986116304001,52.23310128315297
RCL.N,2020-03-24,20.11220754027527,3.2903761000207505,6.112434241225019,52.23310128315297
RCL.N,2020-03-25,20.72948029577253,3.2903761000207505,6.3000336939117085,52.23310128315297
RCL.N,2020-04-01,-22.182331658666143,3.2903761000207505,-6.741579377058523,52.23310128315297
RCL.N,2020-04-06,19.39389298856713,3.2903761000207505,5.894126506828451,52.23310128315297
RCL.N,2020-04-13,-18.67070915812232,3.2903761000207505,-5.674338917671016,52.23310128315297
RCL.N,2020-06-05,18.537922208329682,3.2903761000207505,5.633982756017701,52.23310128315297
RCL.N,2020-07-15,19.230958541045062,3.2903761000207505,5.844608019406591,52.23310128315297
RCL.N,2020-11-09,25.29824537638481,3.2903761000207505,7.688557358602644,52.23310128315297
HII.N,2016-11-09,10.808913899852524,1.8693625956391735,5.7821387488267,29.6752112296047
HII.N,2018-05-03,-11.139062668968247,1.8693625956391735,-5.958749091777763,29.6752112296047
HII.N,2020-03-12,-11.363592732719141,1.8693625956391735,-6.078859585201926,29.6752112296047
HII.N,2020-03-16,-13.11189618503441,1.8693625956391735,-7.014100001584328,29.6752112296047
HII.N,2020-03-26,9.585310969263361,1.8693625956391735,5.127582520172308,29.6752112296047
HII.N,2024-05-02,-12.220066903358529,1.8693625956391735,-6.537023331838004,29.6752112296047
HII.N,2024-10-31,-30.327941408439507,1.8693625956391735,-16.223680456209063,29.6752112296047
HII.N,2025-02-06,-20.235940962648513,1.8693625956391735,-10.82504860739948,29.6752112296047
HII.N,2025-03-05,11.650537708197461,1.8693625956391735,6.232358417449721,29.6752112296047
AVY.N,2017-02-01,8.690866012856713,1.6619779644040897,5.229230590895869,26.38308226969548
AVY.N,2018-07-24,10.50982435052541,1.6619779644040897,6.323684534706667,26.38308226969548
AVY.N,2020-03-16,-8.937946046436007,1.6619779644040897,-5.3778968421165265,26.38308226969548
AVY.N,2020-03-17,9.530080865528134,1.6619779644040897,5.734180037065167,26.38308226969548
AVY.N,2020-03-20,-12.655502172921995,1.6619779644040897,-7.614723205707294,26.38308226969548
AVY.N,2020-03-23,-14.238100790150554,1.6619779644040897,-8.566961232398585,26.38308226969548
AVY.N,2020-03-24,20.595540803608436,1.6619779644040897,12.392186445740913,26.38308226969548
AVY.N,2025-10-22,9.061278481931545,1.6619779644040897,5.452105067578625,26.38308226969548
OTIS.N,2020-03-23,-11.778303565638337,1.5749623530973436,-7.478466734442862,25.00175226350802
OTIS.N,2020-03-26,9.284655036635181,1.5749623530973436,5.895159981682004,25.00175226350802
OTIS.N,2020-03-30,10.0151881950441,1.5749623530973436,6.359001645561932,25.00175226350802
OTIS.N,2020-04-09,10.844036772318644,1.5749623530973436,6.8852672897181355,25.00175226350802
OTIS.N,2025-04-04,-9.371030975186567,1.5749623530973436,-5.950003158334142,25.00175226350802
OTIS.N,2025-07-23,-13.21319507592067,1.5749623530973436,-8.389530740170018,25.00175226350802
EMR.N,2020-03-09,-21.01926947887547,1.7715477899707226,-11.86491812293861,28.1224493275717
EMR.N,2020-03-12,-12.138560457900649,1.7715477899707226,-6.851952019934645,28.1224493275717
EMR.N,2020-03-18,-14.206319641244836,1.7715477899707226,-8.019156876078187,28.1224493275717
EMR.N,2020-03-19,11.209520038240894,1.7715477899707226,6.3275290125964645,28.1224493275717
EMR.N,2020-03-23,-14.654378944668212,1.7715477899707226,-8.272076557929266,28.1224493275717
EMR.N,2020-03-24,15.129546712792541,1.7715477899707226,8.540298375491512,28.1224493275717
EMR.N,2024-02-07,9.919898803179183,1.7715477899707226,5.59956601754623,28.1224493275717
EMR.N,2025-04-03,-9.04894709752142,1.7715477899707226,-5.107932819396855,28.1224493275717
EMR.N,2025-04-09,10.36277353882964,1.7715477899707226,5.8495591242282545,28.1224493275717
FANG.OQ,2020-03-06,-18.125701453695164,3.1311419687674724,-5.788846891803529,49.70533781397542
FANG.OQ,2020-03-18,-26.246313238552244,3.1311419687674724,-8.382345323321037,49.70533781397542
FANG.OQ,2020-03-19,18.32851027055731,3.1311419687674724,5.85361840931539,49.70533781397542
FANG.OQ,2020-03-24,16.897814163615266,3.1311419687674724,5.3966937086109965,49.70533781397542
FANG.OQ,2020-11-09,26.973705583254535,3.1311419687674724,8.614654286618737,49.70533781397542
ROK.N,2019-11-12,9.981503392887348,1.9209166347479778,5.196218936485451,30.493606228981463
ROK.N,2020-03-09,-15.846525800504985,1.9209166347479778,-8.24946044708704,30.493606228981463
ROK.N,2020-03-10,10.418057451797758,1.9209166347479778,5.4234823434514094,30.493606228981463
ROK.N,2020-03-13,10.517331985046585,1.9209166347479778,5.475163156378438,30.493606228981463
ROK.N,2020-03-18,-18.80611211425096,1.9209166347479778,-9.79017609304961,30.493606228981463
ROK.N,2020-03-24,16.198016987513597,1.9209166347479778,8.43244141599032,30.493606228981463
ROK.N,2022-05-03,-15.686058196686048,1.9209166347479778,-8.165923451823323,30.493606228981463
ROK.N,2024-01-31,-19.306850718829782,1.9209166347479778,-10.050852998814715,30.493606228981463
ROK.N,2025-02-10,11.907380682303437,1.9209166347479778,6.198801377898252,30.493606228981463
ROK.N,2025-04-09,10.177827478181545,1.9209166347479778,5.298422270947154,30.493606228981463
ROK.N,2025-05-07,11.246032634487602,1.9209166347479778,5.854513637424494,30.493606228981463
DIS.N,2019-04-12,10.924660852461443,1.7595797028922149,6.20867633020807,27.932461835098323
DIS.N,2020-03-09,-9.952656908971225,1.7595797028922149,-5.6562694446930015,27.932461835098323
DIS.N,2020-03-12,-13.908451099839247,1.7595797028922149,-7.904416649599888,27.932461835098323
DIS.N,2020-03-13,11.033667734026231,1.7595797028922149,6.270626852475186,27.932461835098323
DIS.N,2020-03-20,-9.902506682557188,1.7595797028922149,-5.62776819162012,27.932461835098323
DIS.N,2020-03-24,13.46385220677968,1.7595797028922149,7.651743302476833,27.932461835098323
DIS.N,2020-03-27,-8.887685581852622,1.7595797028922149,-5.05102756484629,27.932461835098323
DIS.N,2020-11-09,11.217078940788028,1.7595797028922149,6.374862657457662,27.932461835098323
DIS.N,2020-12-11,12.74687048590053,1.7595797028922149,7.244270017975625,27.932461835098323
DIS.N,2022-11-09,-14.113926682753952,1.7595797028922149,-8.021192026456625,27.932461835098323
DIS.N,2023-05-11,-9.135321764977622,1.7595797028922149,-5.1917635501034285,27.932461835098323
DIS.N,2024-02-08,10.884445381268915,1.7595797028922149,6.185821172736984,27.932461835098323
DIS.N,2024-05-07,-9.996597416871467,1.7595797028922149,-5.681241605844904,27.932461835098323
DIS.N,2025-04-03,-9.690523954824481,1.7595797028922149,-5.507294690258249,27.932461835098323
DIS.N,2025-04-09,11.238424953713455,1.7595797028922149,6.386993970912995,27.932461835098323
DIS.N,2025-05-07,10.222007917535159,1.7595797028922149,5.809346346024156,27.932461835098323
KHC.OQ,2017-02-17,10.197486412952461,1.7009837486034771,5.995052228643977,27.002279897803273
KHC.OQ,2018-11-02,-10.239930532104724,1.7009837486034771,-6.0200049180433375,27.002279897803273
KHC.OQ,2019-02-22,-32.10255285069059,1.7009837486034771,-18.872933311118977,27.002279897803273
KHC.OQ,2019-08-08,-8.97538920894001,1.7009837486034771,-5.276587278572699,27.002279897803273
KHC.OQ,2019-10-31,12.609150446273665,1.7009837486034771,7.412857681107118,27.002279897803273
KHC.OQ,2020-03-12,-16.505807601645106,1.7009837486034771,-9.703683303968377,27.002279897803273
KHC.OQ,2020-03-13,17.807526591250333,1.7009837486034771,10.468957511128764,27.002279897803273
KHC.OQ,2020-03-24,10.154970088706916,1.7009837486034771,5.970057090224547,27.002279897803273
KHC.OQ,2022-05-18,-10.032737884504206,1.7009837486034771,-5.898197377100853,27.002279897803273
NEE.N,2020-03-12,-14.406739251467249,1.5626800341446336,-9.21925086177548,24.80677649467574
NEE.N,2020-03-16,-9.55494212745891,1.5626800341446336,-6.1144584423445405,24.80677649467574
NEE.N,2020-03-17,9.645170411122406,1.5626800341446336,6.1721978910429325,24.80677649467574
NEE.N,2020-03-24,12.830887222549103,1.5626800341446336,8.210821756337575,24.80677649467574
NEE.N,2020-03-26,9.445809809999162,1.5626800341446336,6.0446218058769325,24.80677649467574
NEE.N,2020-04-01,-9.766937311447021,1.5626800341446336,-6.250119728952168,24.80677649467574
NEE.N,2022-01-25,-8.692260252110806,1.5626800341446336,-5.562405650667126,24.80677649467574
NEE.N,2023-01-25,-9.115909355165908,1.5626800341446336,-5.833509839495515,24.80677649467574
NEE.N,2023-09-27,-8.592673293852737,1.5626800341446336,-5.498677340275945,24.80677649467574
NEE.N,2023-10-02,-9.400190697370547,1.5626800341446336,-6.015428937451001,24.80677649467574
ADBE.OQ,2017-10-19,11.548555460333532,2.100266464066517,5.498614417702657,33.34069650533388
ADBE.OQ,2020-03-13,16.313277614308586,2.100266464066517,7.767241868311777,33.34069650533388
ADBE.OQ,2020-03-16,-15.952525598809597,2.100266464066517,-7.59547698910664,33.34069650533388
ADBE.OQ,2021-12-16,-10.74904156060228,2.100266464066517,-5.117941815720888,33.34069650533388
ADBE.OQ,2022-09-15,-18.384079811213905,2.100266464066517,-8.753213044986119,33.34069650533388
ADBE.OQ,2024-03-15,-14.701228400272903,2.100266464066517,-6.999696777431049,33.34069650533388
ADBE.OQ,2024-06-14,13.55049637535597,2.100266464066517,6.451798668022161,33.34069650533388
ADBE.OQ,2024-12-12,-14.72554442703009,2.100266464066517,-7.011274368738252,33.34069650533388
ADBE.OQ,2025-03-13,-14.911701039592629,2.100266464066517,-7.09990912806403,33.34069650533388
VRSK.OQ,2020-03-09,-9.934597995954775,1.4316666691716462,-6.939183687012057,22.727003801810152
VRSK.OQ,2020-03-12,-8.378012440256821,1.4316666691716462,-5.851929517297688,22.727003801810152
VRSK.OQ,2020-03-16,-11.293593228180754,1.4316666691716462,-7.8884236612948175,22.727003801810152
VRSK.OQ,2020-03-17,10.673585730889545,1.4316666691716462,7.455356725644258,22.727003801810152
VRSK.OQ,2020-03-20,-9.388241876663095,1.4316666691716462,-6.557561252784543,22.727003801810152
VRSK.OQ,2020-03-24,12.474559222280934,1.4316666691716462,8.713312596359208,22.727003801810152
VRSK.OQ,2021-02-24,-10.113744041867978,1.4316666691716462,-7.064314801517122,22.727003801810152
VRSK.OQ,2021-05-05,-8.805352622707296,1.4316666691716462,-6.150420913131979,22.727003801810152
VRSK.OQ,2023-05-03,7.633173485199762,1.4316666691716462,5.331669479751366,22.727003801810152
VRSK.OQ,2024-07-31,-8.856699542295043,1.4316666691716462,-6.186286048986163,22.727003801810152
VRSK.OQ,2025-10-29,-10.975947985803725,1.4316666691716462,-7.666552712409197,22.727003801810152
ALLE.N,2019-10-24,8.526925803701513,1.649790679986589,5.168489498177325,26.18961512733996
ALLE.N,2020-03-12,-10.450900708161459,1.649790679986589,-6.3346828388231735,26.18961512733996
ALLE.N,2020-03-16,-13.479709420302477,1.649790679986589,-8.170557382717215,26.18961512733996
ALLE.N,2020-03-20,-12.808442642463724,1.649790679986589,-7.763677415469364,26.18961512733996
ALLE.N,2020-04-01,-8.418988841139896,1.649790679986589,-5.103064857420781,26.18961512733996
ALLE.N,2020-04-06,11.720113281773514,1.649790679986589,7.104000176476198,26.18961512733996
ALLE.N,2020-06-05,8.368319414858227,1.649790679986589,5.072352217995469,26.18961512733996
ALLE.N,2020-07-23,-8.447305677485062,1.649790679986589,-5.120228753840293,26.18961512733996
ALLE.N,2020-11-09,8.426034361773915,1.649790679986589,5.107335411691385,26.18961512733996
ALLE.N,2022-11-10,8.808071657489336,1.649790679986589,5.3389025434189845,26.18961512733996
ALLE.N,2025-04-24,9.821023064954915,1.649790679986589,5.952890378211344,26.18961512733996
BLDR.N,2018-12-04,-15.374226650730716,2.968500575483472,-5.179122004457335,47.123485736888334
BLDR.N,2020-03-09,-15.181343746197173,2.968500575483472,-5.114145461711634,47.123485736888334
BLDR.N,2020-03-12,-25.829093907985534,2.968500575483472,-8.701057402954627,47.123485736888334
BLDR.N,2020-03-16,-26.488315748697524,2.968500575483472,-8.923129733395264,47.123485736888334
BLDR.N,2020-03-24,21.010933347530305,2.968500575483472,7.077961689162989,47.123485736888334
BLDR.N,2020-04-06,16.054631606366378,2.968500575483472,5.40833029946494,47.123485736888334
BLDR.N,2020-05-18,16.021600002636482,2.968500575483472,5.3972029296396835,47.123485736888334
BLDR.N,2024-05-07,-21.129152406963847,2.968500575483472,-7.117786191947292,47.123485736888334
CRH.N,2025-04-09,10.258129940205851,1.8396196710443151,5.576223227914559,29.203056939154248
LITE.OQ,2018-02-06,19.26359422903228,3.320862447656419,5.800780529957474,52.717057048512814
LITE.OQ,2018-11-12,-40.011750178156944,3.320862447656419,-12.048602075160874,52.717057048512814
LITE.OQ,2021-05-12,-18.539420534498863,3.320862447656419,-5.582712571423246,52.717057048512814
LITE.OQ,2022-11-08,-17.637168798771974,3.320862447656419,-5.311020578771271,52.717057048512814
LITE.OQ,2024-02-08,-25.405280558769316,3.320862447656419,-7.650205619536633,52.717057048512814
LITE.OQ,2025-01-27,-25.433594013779537,3.320862447656419,-7.65873155382524,52.717057048512814
LITE.OQ,2025-04-03,-22.32557994575557,3.320862447656419,-6.72282586155023,52.717057048512814
LITE.OQ,2025-04-09,17.874994560699253,3.320862447656419,5.382636240568741,52.717057048512814
LITE.OQ,2025-11-05,21.16098907818227,3.320862447656419,6.37213657949485,52.717057048512814
NRG.N,2017-07-12,25.76338866779664,2.4391196773892103,10.56257669790656,38.71982450577567
NRG.N,2020-03-09,-13.020692147755142,2.4391196773892103,-5.338275226286664,38.71982450577567
NRG.N,2020-03-16,-14.764387657460798,2.4391196773892103,-6.053162456245006,38.71982450577567
NRG.N,2020-03-24,15.053403935707,2.4391196773892103,6.171654501110782,38.71982450577567
NRG.N,2021-03-17,-18.287419565853114,2.4391196773892103,-7.497549109778671,38.71982450577567
NRG.N,2022-12-06,-16.349884138412385,2.4391196773892103,-6.703190618310703,38.71982450577567
NRG.N,2025-01-27,-14.20471892786308,2.4391196773892103,-5.823707241404224,38.71982450577567
NRG.N,2025-04-09,12.553970698289785,2.4391196773892103,5.146926907550239,38.71982450577567
NRG.N,2025-05-12,23.280094984219346,2.4391196773892103,9.544466062910836,38.71982450577567
NRG.N,2025-08-06,-14.627297458363042,2.4391196773892103,-5.9969576704083,38.71982450577567
ACGL.OQ,2020-03-09,-10.481466411588869,1.6994333235461716,-6.1676243877090835,26.977667663034833
ACGL.OQ,2020-03-12,-15.656906069153997,1.6994333235461716,-9.213015804870215,26.977667663034833
ACGL.OQ,2020-03-16,-18.482698142941167,1.6994333235461716,-10.875800707716918,26.977667663034833
ACGL.OQ,2020-03-17,10.381747556328191,1.6994333235461716,6.108946677981351,26.977667663034833
ACGL.OQ,2020-03-18,-9.468165466743939,1.6994333235461716,-5.571366252243964,26.977667663034833
ACGL.OQ,2020-03-23,-11.020687858413902,1.6994333235461716,-6.484919240854514,26.977667663034833
ACGL.OQ,2020-03-24,9.585720439499879,1.6994333235461716,5.64053929429697,26.977667663034833
ACGL.OQ,2020-03-26,14.286753493331172,1.6994333235461716,8.406774949851698,26.977667663034833
ACGL.OQ,2020-04-01,-8.96341195773469,1.6994333235461716,-5.274353417426774,26.977667663034833
ACGL.OQ,2020-04-06,9.37944958853918,1.6994333235461716,5.519163040164047,26.977667663034833
ACGL.OQ,2020-05-20,8.920601472667311,1.6994333235461716,5.2491623819950055,26.977667663034833
ACGL.OQ,2020-11-09,8.764509057230807,1.6994333235461716,5.157312697000722,26.977667663034833
ACGL.OQ,2022-10-28,9.21570756145318,1.6994333235461716,5.422812083161319,26.977667663034833
ACGL.OQ,2025-04-04,-9.185748498584534,1.6994333235461716,-5.405183228616952,26.977667663034833
GOOG.OQ,2019-07-26,9.937951630419217,1.7787280890930341,5.587111201176643,28.23643304247186
GOOG.OQ,2020-03-13,8.985583861129598,1.7787280890930341,5.05169054012708,28.23643304247186
GOOG.OQ,2020-03-16,-11.76672380438366,1.7787280890930341,-6.615245959478529,28.23643304247186
GOOG.OQ,2022-10-26,-10.131310369584678,1.7787280890930341,-5.695817383055209,28.23643304247186
GOOG.OQ,2023-10-25,-10.091391883374534,1.7787280890930341,-5.673375231016951,28.23643304247186
GOOG.OQ,2024-04-26,9.49935738178267,1.7787280890930341,5.340533744326459,28.23643304247186
GOOG.OQ,2025-04-09,9.4205611869695,1.7787280890930341,5.296234564875514,28.23643304247186
KIM.N,2020-03-09,-10.709311788160791,2.100594704367852,-5.098228499716048,33.34590715857949
KIM.N,2020-03-12,-15.482430733673258,2.100594704367852,-7.370498793260788,33.34590715857949
KIM.N,2020-03-16,-22.08768333055189,2.100594704367852,-10.514966682827518,33.34590715857949
KIM.N,2020-03-18,-10.679391408078809,2.100594704367852,-5.083984733405599,33.34590715857949
KIM.N,2020-03-23,-12.190723875656806,2.100594704367852,-5.80346310990318,33.34590715857949
KIM.N,2020-03-24,10.864946881091742,2.100594704367852,5.172319466720455,33.34590715857949
KIM.N,2020-04-01,-15.277279466265092,2.100594704367852,-7.272835371096776,33.34590715857949
KIM.N,2020-04-06,10.844455819478771,2.100594704367852,5.162564580844392,33.34590715857949
KIM.N,2020-04-09,11.651304760830117,2.100594704367852,5.546669586761826,33.34590715857949
KIM.N,2020-04-16,-13.544583249942166,2.100594704367852,-6.447975528919673,33.34590715857949
KIM.N,2020-05-18,12.901300333944743,2.100594704367852,6.141737055281793,33.34590715857949
KIM.N,2020-06-03,10.776147719536455,2.100594704367852,5.130046123190338,33.34590715857949
KIM.N,2020-06-11,-11.361322080472602,2.100594704367852,-5.408621690252071,33.34590715857949
KIM.N,2020-11-09,27.960863410415413,2.100594704367852,13.3109273065743,33.34590715857949
CPAY.N,2016-11-02,-12.742807954938229,1.9936261793644388,-6.391773987940203,31.647834466956926
CPAY.N,2017-02-09,10.419620174373012,1.9936261793644388,5.226466366776319,31.647834466956926
CPAY.N,2017-11-02,10.395364735163426,1.9936261793644388,5.214299873649048,31.647834466956926
CPAY.N,2020-03-09,-11.276374618342544,1.9936261793644388,-5.6562131532288635,31.647834466956926
CPAY.N,2020-03-16,-11.010954545252716,1.9936261793644388,-5.523078829534116,31.647834466956926
CPAY.N,2020-03-18,-11.229863740246504,1.9936261793644388,-5.63288336423559,31.647834466956926
CPAY.N,2020-03-24,10.341942961436601,1.9936261793644388,5.187503589430983,31.647834466956926
CPAY.N,2020-03-25,10.88569952229772,1.9936261793644388,5.460251091690642,31.647834466956926
CPAY.N,2020-04-06,10.914703834081774,1.9936261793644388,5.474799612413469,31.647834466956926
CPAY.N,2020-11-09,14.79459795551108,1.9936261793644388,7.420948876297134,31.647834466956926
CPAY.N,2025-04-03,-12.109726313881097,1.9936261793644388,-6.074221155011938,31.647834466956926
CPAY.N,2025-04-09,12.845352043612923,1.9936261793644388,6.443209954088775,31.647834466956926
BKR.OQ,2020-03-09,-25.18476194425645,2.4481494436244935,-10.287264942033246,38.863167600909314
BKR.OQ,2020-03-12,-17.214534373350254,2.4481494436244935,-7.031651771986631,38.863167600909314
BKR.OQ,2020-03-13,17.371767110145477,2.4481494436244935,7.095876910368068,38.863167600909314
BKR.OQ,2020-03-18,-14.824224314109236,2.4481494436244935,-6.055277529202597,38.863167600909314
BKR.OQ,2020-03-24,18.71331137911767,2.4481494436244935,7.643859907266343,38.863167600909314
BKR.OQ,2020-11-09,12.652230048569812,2.4481494436244935,5.1680791307568805,38.863167600909314
BKR.OQ,2025-04-04,-14.3157323265664,2.4481494436244935,-5.8475728938229805,38.863167600909314
GRMN.N,2016-02-17,15.313641923764143,1.7380721222047781,8.810705682534332,27.591039576288644
GRMN.N,2016-07-27,11.011316167214735,1.7380721222047781,6.335362052321895,27.591039576288644
GRMN.N,2019-02-20,15.73059856657153,1.7380721222047781,9.05060173602978,27.591039576288644
GRMN.N,2019-10-30,9.167383099728799,1.7380721222047781,5.274454944999518,27.591039576288644
GRMN.N,2020-03-12,-9.956714736018668,1.7380721222047781,-5.728596994806167,27.591039576288644
GRMN.N,2020-03-16,-8.764632004246131,1.7380721222047781,-5.042732054828672,27.591039576288644
GRMN.N,2020-03-24,10.068197873375695,1.7380721222047781,5.792738831000863,27.591039576288644
GRMN.N,2021-10-27,-9.200311518616111,1.7380721222047781,-5.293400314680462,27.591039576288644
GRMN.N,2022-07-27,-9.125985686248494,1.7380721222047781,-5.250636938283093,27.591039576288644
GRMN.N,2023-11-01,10.191168049444155,1.7380721222047781,5.863489736269667,27.591039576288644
GRMN.N,2024-05-01,12.325170041527134,1.7380721222047781,7.091288033486445,27.591039576288644
GRMN.N,2024-10-30,20.90066860187134,1.7380721222047781,12.02520213911402,27.591039576288644
GRMN.N,2025-02-19,11.903417968562557,1.7380721222047781,6.84863292868586,27.591039576288644
GRMN.N,2025-04-03,-16.26241360061078,1.7380721222047781,-9.356581578433923,27.591039576288644
GRMN.N,2025-04-09,10.425986985378266,1.7380721222047781,5.9985928386865215,27.591039576288644
GRMN.N,2025-04-30,-8.819688188163521,1.7380721222047781,-5.07440863672307,27.591039576288644
GRMN.N,2025-10-29,-12.1938337618138,1.7380721222047781,-7.0157236895012645,27.591039576288644
CNC.N,2016-11-09,-21.179353645738264,2.4191815366272045,-8.75475995706642,38.403316333408064
CNC.N,2020-03-04,14.498690399895864,2.4191815366272045,5.993221335555401,38.403316333408064
CNC.N,2020-03-16,-16.260221309234346,2.4191815366272045,-6.721372936693359,38.403316333408064
AIG.N,2020-03-09,-14.263339721066703,2.0211664110030516,-7.05698434498928,32.08502209074622
AIG.N,2020-03-12,-23.376092543617766,2.0211664110030516,-11.565644677430013,32.08502209074622
AIG.N,2020-03-13,10.458109239155577,2.0211664110030516,5.174294002820625,32.08502209074622
AIG.N,2020-03-16,-20.35989552412394,2.0211664110030516,-10.073339539627446,32.08502209074622
AIG.N,2020-03-18,-16.95495348321323,2.0211664110030516,-8.388697432785326,32.08502209074622
AIG.N,2020-03-24,17.23410009589732,2.0211664110030516,8.526809075233192,32.08502209074622
AIG.N,2020-03-25,11.482280249960564,2.0211664110030516,5.681016757181419,32.08502209074622
AIG.N,2020-04-01,-11.526044686469739,2.0211664110030516,-5.7026698166578305,32.08502209074622
AIG.N,2020-06-11,-10.643554658944998,2.0211664110030516,-5.266045685799262,32.08502209074622
AIG.N,2020-11-09,12.352979387092988,2.0211664110030516,6.111807182152077,32.08502209074622
SBUX.OQ,2017-07-28,-9.69922659873097,1.8016722663927454,-5.383457790661602,28.60066056550391
SBUX.OQ,2018-06-20,-9.510125160522254,1.8016722663927454,-5.2784989467386,28.60066056550391
SBUX.OQ,2018-11-02,9.262411389458691,1.8016722663927454,5.141007919272474,28.60066056550391
SBUX.OQ,2020-03-11,-9.184350966584987,1.8016722663927454,-5.097681269731493,28.60066056550391
SBUX.OQ,2020-03-12,-9.516377763731132,1.8016722663927454,-5.281969391017236,28.60066056550391
SBUX.OQ,2020-03-13,11.860574240784683,1.8016722663927454,6.583091976284662,28.60066056550391
SBUX.OQ,2020-03-16,-17.678769779058268,1.8016722663927454,-9.812422663559214,28.60066056550391
SBUX.OQ,2020-03-24,13.741420724502795,1.8016722663927454,7.6270368261900705,28.60066056550391
SBUX.OQ,2022-05-04,9.380469920444146,1.8016722663927454,5.206535114860508,28.60066056550391
SBUX.OQ,2023-05-03,-9.621920720766663,1.8016722663927454,-5.340549943653952,28.60066056550391
SBUX.OQ,2023-11-02,9.057189816440925,1.8016722663927454,5.0271017572885,28.60066056550391
SBUX.OQ,2024-05-01,-17.2896119505209,1.8016722663927454,-9.59642454015105,28.60066056550391
SBUX.OQ,2024-08-13,21.911102552451833,1.8016722663927454,12.161536235622693,28.60066056550391
SBUX.OQ,2025-04-03,-11.89657083826523,1.8016722663927454,-6.603071524259065,28.60066056550391
SBUX.OQ,2025-04-09,10.689027733845347,1.8016722663927454,5.93283691669773,28.60066056550391
REGN.OQ,2016-04-01,11.717865324894916,2.0271923292681286,5.780342178546711,32.180680577647394
REGN.OQ,2016-11-09,12.902796998049038,2.0271923292681286,6.364860803664987,32.180680577647394
REGN.OQ,2020-03-17,10.918912300776729,2.0271923292681286,5.3862241599536596,32.180680577647394
REGN.OQ,2020-03-20,-11.081261190661618,2.0271923292681286,-5.4663097480554566,32.180680577647394
REGN.OQ,2022-09-08,17.266528884093457,2.0271923292681286,8.517459658268903,32.180680577647394
REGN.OQ,2025-05-30,-21.08962219736048,2.0271923292681286,-10.40336523223448,32.180680577647394
REGN.OQ,2025-10-28,11.169940579879523,2.0271923292681286,5.510054679376265,32.180680577647394
JPM.N,2020-03-09,-14.555217457202652,1.7071661026805847,-8.525952708613481,27.100421726233108
JPM.N,2020-03-12,-8.602660302927845,1.7071661026805847,-5.0391466239986755,27.100421726233108
JPM.N,2020-03-13,16.562030492233948,1.7071661026805847,9.701475718284424,27.100421726233108
JPM.N,2020-03-16,-16.21057613126382,1.7071661026805847,-9.495605674111058,27.100421726233108
JPM.N,2020-03-18,-11.123190897049984,1.7071661026805847,-6.515587955726392,27.100421726233108
JPM.N,2020-03-24,11.238375137075973,1.7071661026805847,6.58305897676244,27.100421726233108
JPM.N,2020-04-09,8.591498260227137,1.7071661026805847,5.032608277974126,27.100421726233108
JPM.N,2020-04-17,8.607578926732273,1.7071661026805847,5.0420277869954715,27.100421726233108
JPM.N,2020-06-11,-8.713138487600602,1.7071661026805847,-5.103860997426829,27.100421726233108
JPM.N,2020-11-09,12.697830519015163,1.7071661026805847,7.437958438301396,27.100421726233108
JPM.N,2024-11-06,10.925378036948441,1.7071661026805847,6.399715891613277,27.100421726233108
MAR.OQ,2020-03-17,-13.853612607095744,2.02667057405499,-6.835650936292645,32.1723979704121
MAR.OQ,2020-03-18,-16.477308655257428,2.02667057405499,-8.130235306219207,32.1723979704121
MAR.OQ,2020-03-20,11.016929420807475,2.02667057405499,5.435974431091015,32.1723979704121
MAR.OQ,2020-03-24,12.086777340845867,2.02667057405499,5.963858900197322,32.1723979704121
MAR.OQ,2020-04-06,17.799603374420148,2.02667057405499,8.782682100528287,32.1723979704121
MAR.OQ,2020-04-08,11.153216600274085,2.02667057405499,5.503221264992553,32.1723979704121
MAR.OQ,2020-05-18,16.022191021834153,2.02667057405499,7.905671117421288,32.1723979704121
MAR.OQ,2020-06-11,-11.534982602726362,2.02667057405499,-5.691592284604504,32.1723979704121
MAR.OQ,2020-11-09,12.989112390190094,2.02667057405499,6.409089151672688,32.1723979704121
EQT.N,2020-03-13,31.714294314739778,3.0253483611418512,10.482857023040452,48.02591635750898
EQT.N,2020-03-23,-20.65042323102453,3.0253483611418512,-6.825800128098464,48.02591635750898
EQT.N,2020-03-24,17.92916687853603,3.0253483611418512,5.926314836605811,48.02591635750898
EQT.N,2020-04-20,15.169012763639422,3.0253483611418512,5.0139722613346285,48.02591635750898
AEE.N,2020-03-12,-11.063662771605998,1.3548720392763147,-8.165835924634989,21.50792684544039
AEE.N,2020-03-16,-14.380820017784757,1.3548720392763147,-10.61415366241233,21.50792684544039
AEE.N,2020-03-17,16.382966979900626,1.3548720392763147,12.091892448124733,21.50792684544039
AEE.N,2020-03-20,-13.297506437651574,1.3548720392763147,-9.814584737282086,21.50792684544039
AEE.N,2020-03-26,7.485856817274428,1.3548720392763147,5.525139349154249,21.50792684544039
AEE.N,2020-03-31,-7.075798400241506,1.3548720392763147,-5.222484629634059,21.50792684544039
AEE.N,2020-04-01,-7.2598745003011445,1.3548720392763147,-5.358346980264573,21.50792684544039
AEE.N,2020-04-06,7.749961661703431,1.3548720392763147,5.72006908183223,21.50792684544039
AEE.N,2023-12-14,-8.063724410640472,1.3548720392763147,-5.951650175722567,21.50792684544039
WFC.N,2020-03-09,-13.272287620802237,1.9897346577560389,-6.6703806806935315,31.586058476572166
WFC.N,2020-03-12,-17.27786184353901,1.9897346577560389,-8.683500473889543,31.586058476572166
WFC.N,2020-03-13,12.721553362853877,1.9897346577560389,6.3935928910244,31.586058476572166
WFC.N,2020-03-16,-15.328777393831361,1.9897346577560389,-7.703930438201585,31.586058476572166
WFC.N,2020-03-17,11.164262859329721,1.9897346577560389,5.610930490561205,31.586058476572166
WFC.N,2020-03-24,13.57072415691949,1.9897346577560389,6.820368788381126,31.586058476572166
WFC.N,2020-06-11,-10.345500591799883,1.9897346577560389,-5.199437297567716,31.586058476572166
WFC.N,2020-11-09,10.02355845175713,1.9897346577560389,5.037635753433269,31.586058476572166
WFC.N,2024-11-06,12.319644747026004,1.9897346577560389,6.191601829421677,31.586058476572166
CSX.OQ,2017-01-19,21.026268334015754,1.722027885462209,12.210178773250293,27.336345213908547
CSX.OQ,2019-07-17,-10.836803672178164,1.722027885462209,-6.2930477280102,27.336345213908547
CSX.OQ,2020-03-09,-12.235390574525962,1.722027885462209,-7.105222091825687,27.336345213908547
CSX.OQ,2020-03-12,-8.777561088238572,1.722027885462209,-5.0972235480859185,27.336345213908547
CSX.OQ,2020-03-16,-16.901728704017227,1.722027885462209,-9.815014522532334,27.336345213908547
CSX.OQ,2020-03-17,10.33966019297532,1.722027885462209,6.004351195625414,27.336345213908547
CSX.OQ,2020-03-20,-9.809536732933521,1.722027885462209,-5.696502835841446,27.336345213908547
CSX.OQ,2020-03-24,15.229054908179274,1.722027885462209,8.843674969927473,27.336345213908547
NFLX.OQ,2016-04-19,-13.892281114943028,2.6392136515888938,-5.263795565235659,41.89621787322529
NFLX.OQ,2016-07-19,-14.07137158844285,2.6392136515888938,-5.331653077791342,41.89621787322529
NFLX.OQ,2016-10-18,17.418904498402952,2.6392136515888938,6.600035767440123,41.89621787322529
NFLX.OQ,2021-01-20,15.575797873112496,2.6392136515888938,5.901681307133036,41.89621787322529
NFLX.OQ,2022-01-21,-24.57785184140695,2.6392136515888938,-9.312566198121274,41.89621787322529
NFLX.OQ,2022-04-20,-43.257846480785474,2.6392136515888938,-16.390429950505457,41.89621787322529
NFLX.OQ,2023-10-19,14.889202829401427,2.6392136515888938,5.641529938448763,41.89621787322529
SWK.N,2019-01-22,-16.819042954314067,2.2351528996498513,-7.524784079401844,35.48195228807049
SWK.N,2020-03-12,-15.401427837027892,2.2351528996498513,-6.8905477739087155,35.48195228807049
SWK.N,2020-03-16,-23.041162691693007,2.2351528996498513,-10.308539829781905,35.48195228807049
SWK.N,2020-03-18,-14.893933475461907,2.2351528996498513,-6.663496478381914,35.48195228807049
SWK.N,2020-03-24,22.572248040879206,2.2351528996498513,10.098748968992355,35.48195228807049
SWK.N,2020-04-06,11.321246748468194,2.2351528996498513,5.065088276619345,35.48195228807049
SWK.N,2020-05-18,11.2328025848619,2.2351528996498513,5.025518650926109,35.48195228807049
SWK.N,2022-07-28,-17.514430982769014,2.2351528996498513,-7.835898378814597,35.48195228807049
SWK.N,2025-04-03,-17.44028755583127,2.2351528996498513,-7.802726855314186,35.48195228807049
SWK.N,2025-04-09,13.946612814433745,2.2351528996498513,6.239668354061397,35.48195228807049
SWK.N,2025-05-12,14.611740513873706,2.2351528996498513,6.537244282555665,35.48195228807049
VZ.N,2017-07-27,7.399535319983297,1.246039452245074,5.9384438483477,19.78026308649365
VZ.N,2020-03-12,-6.849795737049513,1.246039452245074,-5.4972543001810825,19.78026308649365
VZ.N,2020-03-17,6.307883697968952,1.246039452245074,5.062346691032624,19.78026308649365
VZ.N,2020-03-26,6.960675324057908,1.246039452245074,5.586239915210057,19.78026308649365
VZ.N,2022-07-22,-6.972750971068198,1.246039452245074,-5.59593113886155,19.78026308649365
VZ.N,2023-07-17,-7.793770138897216,1.246039452245074,-6.254834166650704,19.78026308649365
VZ.N,2023-10-24,8.86559833180316,1.246039452245074,7.115022173518992,19.78026308649365
VZ.N,2024-01-23,6.480692877143257,1.246039452245074,5.201033454812809,19.78026308649365
VZ.N,2024-07-22,-6.2714141160625125,1.246039452245074,-5.033078290388703,19.78026308649365
VZ.N,2025-03-11,-6.808678915576261,1.246039452245074,-5.464256290849059,19.78026308649365
CASY.OQ,2016-02-17,-10.656907851934427,1.707704984729921,-6.2404852988233515,27.10897621356435
CASY.OQ,2016-09-07,-9.515266464316507,1.707704984729921,-5.57196152110628,27.10897621356435
CASY.OQ,2017-06-06,-8.824506783329955,1.707704984729921,-5.167465611588397,27.10897621356435
CASY.OQ,2017-12-12,-12.334486575088821,1.707704984729921,-7.222843925257711,27.10897621356435
CASY.OQ,2019-06-11,9.562445829864785,1.707704984729921,5.599588872417045,27.10897621356435
CASY.OQ,2019-12-10,-9.947123201404562,1.707704984729921,-5.824848724077321,27.10897621356435
CASY.OQ,2020-03-11,-9.330521527629632,1.707704984729921,-5.46377835226925,27.10897621356435
CASY.OQ,2020-03-12,-8.971416627757112,1.707704984729921,-5.253493260240129,27.10897621356435
CASY.OQ,2020-03-13,10.732233625232812,1.707704984729921,6.2845946584445604,27.10897621356435
CASY.OQ,2020-03-16,-10.5196062259437,1.707704984729921,-6.160084042623679,27.10897621356435
CASY.OQ,2020-03-17,11.091545917306256,1.707704984729921,6.4950011954555595,27.10897621356435
CASY.OQ,2020-03-23,-15.615779240625294,1.707704984729921,-9.144307348318117,27.10897621356435
CASY.OQ,2020-03-24,10.888247471402579,1.707704984729921,6.3759534397122986,27.10897621356435
CASY.OQ,2020-04-06,12.027731896909355,1.707704984729921,7.043214140884866,27.10897621356435
CASY.OQ,2023-09-12,10.5811541749814,1.707704984729921,6.196125366850084,27.10897621356435
CASY.OQ,2024-06-12,15.46186961682583,1.707704984729921,9.05418076019212,27.10897621356435
CASY.OQ,2025-06-10,10.965368385873742,1.707704984729921,6.421114000324798,27.10897621356435
TFC.N,2020-03-09,-16.424158280922143,2.0952798689135186,-7.838646533381091,33.26153676135112
TFC.N,2020-03-12,-10.78062319180666,2.0952798689135186,-5.145194850460152,33.26153676135112
TFC.N,2020-03-13,11.284402594802367,2.0952798689135186,5.38563022640682,33.26153676135112
TFC.N,2020-03-16,-21.190045974002913,2.0952798689135186,-10.11322940118293,33.26153676135112
TFC.N,2020-03-23,-15.642801577414156,2.0952798689135186,-7.465733723450288,33.26153676135112
TFC.N,2020-03-24,15.908759180990062,2.0952798689135186,7.592665503553637,33.26153676135112
TFC.N,2020-03-26,11.127711560341869,2.0952798689135186,5.310847360029285,33.26153676135112
TFC.N,2020-04-17,11.94310995547685,2.0952798689135186,5.700007017043408,33.26153676135112
TFC.N,2020-11-09,12.100855356765905,2.0952798689135186,5.775293093920027,33.26153676135112
TFC.N,2023-03-13,-18.62427257846968,2.0952798689135186,-8.888680149505308,33.26153676135112
TFC.N,2024-11-06,10.48878141600147,2.0952798689135186,5.0059095071821105,33.26153676135112
TFC.N,2025-04-03,-11.51397564530483,2.0952798689135186,-5.495196997847957,33.26153676135112
ABT.N,2016-01-28,-9.751176137903128,1.4644136040732245,-6.658758229765492,23.246845277505336
ABT.N,2016-04-28,-8.099380245524301,1.4644136040732245,-5.530801013454196,23.246845277505336
ABT.N,2020-03-13,8.842639535913577,1.4644136040732245,6.038348395096869,23.246845277505336
ABT.N,2020-03-16,-10.298190839955446,1.4644136040732245,-7.032296621194534,23.246845277505336
ABT.N,2020-03-17,7.617131656810194,1.4644136040732245,5.201489275723308,23.246845277505336
ABT.N,2020-03-20,-9.129142020940684,1.4644136040732245,-6.233991541425344,23.246845277505336
ABT.N,2020-03-23,-7.923421106560635,1.4644136040732245,-5.410644291013049,23.246845277505336
ABT.N,2020-03-24,10.378334133992695,1.4644136040732245,7.0870238470372415,23.246845277505336
ABT.N,2020-08-27,7.556745785771124,1.4644136040732245,5.160253745767078,23.246845277505336
ABT.N,2021-06-01,-9.772200146875587,1.4644136040732245,-6.673114835654689,23.246845277505336
ABT.N,2023-04-19,7.52526428774658,1.4644136040732245,5.138756063734504,23.246845277505336
ABT.N,2025-07-17,-8.909754617324683,1.4644136040732245,-6.084179082017851,23.246845277505336
MA.N,2020-03-09,-9.113438738653468,1.6576651726134233,-5.497756054249185,26.314618822488455
MA.N,2020-03-12,-11.066320172086286,1.6576651726134233,-6.675847665086351,26.314618822488455
MA.N,2020-03-13,11.158952225692964,1.6576651726134233,6.731728704959221,26.314618822488455
MA.N,2020-03-16,-13.611134197981745,1.6576651726134233,-8.211027427524977,26.314618822488455
MA.N,2020-03-24,15.367273554084004,1.6576651726134233,9.270432779773275,26.314618822488455
MA.N,2020-04-06,11.508400402580854,1.6576651726134233,6.94253616032547,26.314618822488455
MA.N,2020-10-28,-8.462045961433429,1.6576651726134233,-5.104798062501627,26.314618822488455
MA.N,2020-11-09,9.402240938313433,1.6576651726134233,5.671978330515415,26.314618822488455
MA.N,2022-01-28,8.730850189242734,1.6576651726134233,5.2669563995713,26.314618822488455
RSG.N,2020-02-27,-5.90907111398673,1.1756015157165118,-5.026423524458659,18.662095508978886
RSG.N,2020-03-12,-13.704324873606222,1.1756015157165118,-11.657287516555844,18.662095508978886
RSG.N,2020-03-13,6.552747786890745,1.1756015157165118,5.573953162944794,18.662095508978886
RSG.N,2020-03-16,-11.010489225871645,1.1756015157165118,-9.365834492958198,18.662095508978886
RSG.N,2020-03-17,7.000829551369492,1.1756015157165118,5.95510422347711,18.662095508978886
RSG.N,2020-03-18,-7.303441452582238,1.1756015157165118,-6.212514491469414,18.662095508978886
RSG.N,2020-03-23,-7.667033695912195,1.1756015157165118,-6.521796368422724,18.662095508978886
RSG.N,2020-03-24,7.597118290701044,1.1756015157165118,6.462324341314508,18.662095508978886
RSG.N,2020-03-26,7.593830849154504,1.1756015157165118,6.459527950273334,18.662095508978886
RSG.N,2020-06-11,-5.931273027018591,1.1756015157165118,-5.0453091015313705,18.662095508978886
RSG.N,2025-07-30,-5.997191426337967,1.1756015157165118,-5.101381162036668,18.662095508978886
STE.N,2020-03-12,-10.280116212067014,1.541934848799966,-6.667023720274348,24.47745688673215
STE.N,2020-03-16,-12.313521550871176,1.541934848799966,-7.985759943394728,24.47745688673215
STE.N,2020-03-17,8.071914656776258,1.541934848799966,5.234925887470762,24.47745688673215
STE.N,2020-03-24,9.170986152164673,1.541934848799966,5.947713134119856,24.47745688673215
STE.N,2020-03-26,9.537190534174211,1.541934848799966,6.185209797675092,24.47745688673215
STE.N,2022-08-03,-10.040243184098419,1.541934848799966,-6.511457466515131,24.47745688673215
STE.N,2023-02-09,-11.531908271715086,1.541934848799966,-7.4788557251235135,24.47745688673215
STE.N,2023-05-11,9.37296986536742,1.541934848799966,6.078706809604877,24.47745688673215
STE.N,2025-05-15,8.175215022384563,1.541934848799966,5.301919876022678,24.47745688673215
AMZN.OQ,2017-10-27,12.413062896328375,2.0282004418735773,6.120234785503568,32.1966838691328
AMZN.OQ,2022-02-04,12.694897638487923,2.0282004418735773,6.259192817629425,32.1966838691328
AMZN.OQ,2022-04-29,-15.139795075664964,2.0282004418735773,-7.464644402542075,32.1966838691328
AMZN.OQ,2022-11-10,11.491537238525318,2.0282004418735773,5.665878480881236,32.1966838691328
AMZN.OQ,2025-04-09,11.312357813778817,2.0282004418735773,5.577534439016725,32.1966838691328
MMM.N,2019-04-25,-13.863057603853512,1.6125130252493558,-8.597175580463764,25.597850703973275
MMM.N,2020-03-12,-9.736335921333072,1.6125130252493558,-6.037989007764737,25.597850703973275
MMM.N,2020-03-20,-9.626329185985938,1.6125130252493558,-5.969768327606124,25.597850703973275
MMM.N,2020-03-24,11.865932364371101,1.6125130252493558,7.358658304503417,25.597850703973275
MMM.N,2022-08-26,-10.026781142363905,1.6125130252493558,-6.218108620123167,25.597850703973275
MMM.N,2023-06-02,8.388636061406896,1.6125130252493558,5.202212900022741,25.597850703973275
MMM.N,2024-01-23,-11.692707918849798,1.6125130252493558,-7.2512331595223305,25.597850703973275
MMM.N,2024-07-26,20.693789044400024,1.6125130252493558,12.833253884073264,25.597850703973275
MMM.N,2025-04-04,-9.630537930223149,1.6125130252493558,-5.972378380468524,25.597850703973275
MMM.N,2025-04-09,8.41237053324333,1.6125130252493558,5.21693183342966,25.597850703973275
CDW.OQ,2018-10-31,11.464941043022314,1.8345453647694645,6.249472628583943,29.122504824277673
CDW.OQ,2020-03-09,-12.763377924769959,1.8345453647694645,-6.957243015014703,29.122504824277673
CDW.OQ,2020-03-12,-11.74550054746657,1.8345453647694645,-6.402403981404161,29.122504824277673
CDW.OQ,2020-03-13,10.207536158636454,1.8345453647694645,5.564068545080198,29.122504824277673
CDW.OQ,2020-03-16,-15.252317965296314,1.8345453647694645,-8.31394974373554,29.122504824277673
CDW.OQ,2020-03-20,-10.38888450463702,1.8345453647694645,-5.662920472911022,29.122504824277673
CDW.OQ,2020-03-24,9.179935115426208,1.8345453647694645,5.003929197782357,29.122504824277673
CDW.OQ,2020-03-26,9.490456249374368,1.8345453647694645,5.1731924604475354,29.122504824277673
CDW.OQ,2020-04-06,9.80371835160243,1.8345453647694645,5.343949808967738,29.122504824277673
CDW.OQ,2020-06-11,-9.62637194813487,1.8345453647694645,-5.247279316717553,29.122504824277673
CDW.OQ,2023-04-19,-14.187674202071765,1.8345453647694645,-7.733618625372417,29.122504824277673
CDW.OQ,2024-05-01,-11.953661892373901,1.8345453647694645,-6.515871518868677,29.122504824277673
CDW.OQ,2024-10-30,-11.986569401684655,1.8345453647694645,-6.533809210649271,29.122504824277673
COO.OQ,2018-12-07,-13.102320881487017,1.7222266788284215,-7.607779534805562,27.339500960764273
COO.OQ,2020-03-12,-14.543579331838075,1.7222266788284215,-8.444637114628621,27.339500960764273
COO.OQ,2020-03-16,-11.497379807111852,1.7222266788284215,-6.675880677294565,27.339500960764273
COO.OQ,2020-03-18,-9.14979983475206,1.7222266788284215,-5.312773252924168,27.339500960764273
COO.OQ,2020-03-26,9.343638247977548,1.7222266788284215,5.425324298386633,27.339500960764273
COO.OQ,2022-11-10,9.896881957586245,1.7222266788284215,5.746561750116886,27.339500960764273
COO.OQ,2024-03-01,8.780344214057134,1.7222266788284215,5.098251189576354,27.339500960764273
COO.OQ,2024-08-29,11.186564937934484,1.7222266788284215,6.495407994460035,27.339500960764273
COO.OQ,2025-05-30,-15.790961170595974,1.7222266788284215,-9.168921469349252,27.339500960764273
COO.OQ,2025-08-28,-13.757824107874939,1.7222266788284215,-7.988393326500997,27.339500960764273
WAB.N,2017-07-25,-10.248942554318408,1.9552505462482037,-5.241754093348498,31.03864017717565
WAB.N,2018-02-02,-10.172995493911063,1.9552505462482037,-5.202911470057547,31.03864017717565
WAB.N,2018-09-14,-13.246168312690454,1.9552505462482037,-6.774665445360759,31.03864017717565
WAB.N,2020-03-09,-11.65849565007786,1.9552505462482037,-5.962660730333792,31.03864017717565
WAB.N,2020-03-16,-13.35573906226788,1.9552505462482037,-6.830704682781085,31.03864017717565
WAB.N,2020-03-18,-20.11581436804306,1.9552505462482037,-10.288100625590884,31.03864017717565
WAB.N,2020-03-24,11.081606655936316,1.9552505462482037,5.667614657978258,31.03864017717565
WAB.N,2020-04-06,10.810300669576423,1.9552505462482037,5.528857000101377,31.03864017717565
WAB.N,2020-11-09,11.543555266216554,1.9552505462482037,5.903875228863479,31.03864017717565
NTAP.OQ,2016-08-18,16.071487682974528,2.156452839355984,7.4527424804588875,34.23262756185033
NTAP.OQ,2017-11-16,14.764455740895821,2.156452839355984,6.846639755546505,34.23262756185033
NTAP.OQ,2018-11-15,-12.472750800919474,2.156452839355984,-5.783920043734604,34.23262756185033
NTAP.OQ,2019-08-02,-22.591988486919323,2.156452839355984,-10.476458411057266,34.23262756185033
NTAP.OQ,2020-03-12,-11.90508352665094,2.156452839355984,-5.520678824678746,34.23262756185033
NTAP.OQ,2020-03-13,12.766627317212453,2.156452839355984,5.920197782310488,34.23262756185033
NTAP.OQ,2020-03-26,11.893210547831234,2.156452839355984,5.515173033593025,34.23262756185033
NTAP.OQ,2020-06-11,-11.643172062142337,2.156452839355984,-5.39922406354109,34.23262756185033
NTAP.OQ,2021-02-25,-15.636541688752814,2.156452839355984,-7.251047369727132,34.23262756185033
NTAP.OQ,2023-11-29,13.656736319061391,2.156452839355984,6.332963128069112,34.23262756185033
NTAP.OQ,2024-03-01,16.69246052135316,2.156452839355984,7.74070279521545,34.23262756185033
NTAP.OQ,2025-02-28,-16.927891669772865,2.156452839355984,-7.849877985195499,34.23262756185033
NTAP.OQ,2025-04-09,12.293566047933346,2.156452839355984,5.700827684970273,34.23262756185033
TTWO.OQ,2017-08-03,11.527467899553034,2.096884073461895,5.497427371138128,33.287002719073605
TTWO.OQ,2018-02-08,-12.412832287485198,2.096884073461895,-5.919655952649768,33.287002719073605
TTWO.OQ,2019-02-06,-14.80025323877161,2.096884073461895,-7.058212433430724,33.287002719073605
TTWO.OQ,2020-02-07,-12.615523242785276,2.096884073461895,-6.0163188811660975,33.287002719073605
TTWO.OQ,2022-01-10,-14.07435904982135,2.096884073461895,-6.712034884496496,33.287002719073605
TTWO.OQ,2022-05-17,11.135468432834106,2.096884073461895,5.310483575970784,33.287002719073605
TTWO.OQ,2022-11-08,-14.711826971772446,2.096884073461895,-7.016042115997212,33.287002719073605
TTWO.OQ,2023-05-18,11.052234245043646,2.096884073461895,5.270789351171297,33.287002719073605
TTWO.OQ,2025-02-07,13.130995173942672,2.096884073461895,6.262146458227316,33.287002719073605
TSN.N,2016-02-05,9.45223991167281,1.7366949014989506,5.44266002250282,27.56917687536023
TSN.N,2016-10-07,-9.336262873711387,1.7366949014989506,-5.375879704404734,27.56917687536023
TSN.N,2016-11-21,-15.652880223222532,1.7366949014989506,-9.013028258280972,27.56917687536023
TSN.N,2020-03-12,-12.24909407782886,1.7366949014989506,-7.053106488224616,27.56917687536023
TSN.N,2020-03-16,-15.323064359542116,1.7366949014989506,-8.823118180583531,27.56917687536023
TSN.N,2020-03-19,20.4593195280276,1.7366949014989506,11.780606662902649,27.56917687536023
TSN.N,2022-02-07,11.54016771573172,1.7366949014989506,6.644902167773591,27.56917687536023
TSN.N,2022-08-08,-8.779134739029715,1.7366949014989506,-5.055081771387938,27.56917687536023
TSN.N,2023-05-08,-17.926148826916545,1.7366949014989506,-10.321990817986734,27.56917687536023
DVN.N,2020-03-06,-17.644543811700153,3.2214792702101924,-5.477155782085444,51.13939801635611
DVN.N,2020-03-09,-46.8359506612468,3.2214792702101924,-14.538647227796963,51.13939801635611
DVN.N,2020-03-13,17.956673411511016,3.2214792702101924,5.574045929011796,51.13939801635611
DVN.N,2020-03-18,-17.73802249361203,3.2214792702101924,-5.506173098067047,51.13939801635611
DVN.N,2020-03-19,19.121595678877036,3.2214792702101924,5.935656906347066,51.13939801635611
DVN.N,2020-03-24,18.15121678383962,3.2214792702101924,5.634435382430787,51.13939801635611
ORCL.N,2020-03-12,-11.655391655645175,2.001541669313613,-5.823207097977705,31.773488974421404
ORCL.N,2020-03-13,18.587470088114834,2.001541669313613,9.286576628948733,31.773488974421404
ORCL.N,2020-03-16,-11.507441851960065,2.001541669313613,-5.749289174632223,31.773488974421404
ORCL.N,2021-12-10,14.508153257739487,2.001541669313613,7.248489242152403,31.773488974421404
ORCL.N,2023-09-12,-14.49723995831853,2.001541669313613,-7.243036795376864,31.773488974421404
ORCL.N,2023-12-12,-13.28243676197225,2.001541669313613,-6.636103042774615,31.773488974421404
ORCL.N,2024-03-12,11.109189132161656,2.001541669313613,5.550316190005338,31.773488974421404
ORCL.N,2024-06-12,12.50396761972734,2.001541669313613,6.24716827604959,31.773488974421404
ORCL.N,2024-09-10,10.829423083625045,2.001541669313613,5.410540909367513,31.773488974421404
ORCL.N,2025-01-27,-14.839386166916668,2.001541669313613,-7.413978132169253,31.773488974421404
ORCL.N,2025-04-09,11.511996583469752,2.001541669313613,5.751564786266754,31.773488974421404
ORCL.N,2025-06-12,12.49763629736087,2.001541669313613,6.244005053188163,31.773488974421404
ORCL.N,2025-09-10,30.710832006533995,2.001541669313613,15.343588633388599,31.773488974421404
ORCL.N,2025-12-11,-11.46658418503268,2.001541669313613,-5.728876076292185,31.773488974421404
EG.N,2020-03-12,-12.67173222081599,1.6869323172845299,-7.511701620141934,26.779220340796638
EG.N,2020-03-16,-15.436188050388555,1.6869323172845299,-9.150448949390173,26.779220340796638
EG.N,2020-03-23,-12.394118242838381,1.6869323172845299,-7.3471342719838955,26.779220340796638
EG.N,2020-03-26,11.087636270732215,1.6869323172845299,6.572662197011011,26.779220340796638
EG.N,2020-11-09,9.505987663409332,1.6869323172845299,5.635073539115787,26.779220340796638
EG.N,2024-10-07,-8.854020371196647,1.6869323172845299,-5.248592537161801,26.779220340796638
EG.N,2025-10-28,-12.056686505339798,1.6869323172845299,-7.147107433893705,26.779220340796638
WBD.OQ,2021-03-26,-32.083752247381135,2.9562849249131915,-10.852726669545644,46.92956829581737
WBD.OQ,2022-01-07,15.592648495541006,2.9562849249131915,5.274406524262498,46.92956829581737
WBD.OQ,2022-08-05,-18.072100769269504,2.9562849249131915,-6.113111972723731,46.92956829581737
WBD.OQ,2023-11-08,-21.115710643384176,2.9562849249131915,-7.142650718622536,46.92956829581737
WBD.OQ,2025-04-09,18.578326514053558,2.9562849249131915,6.284349102310932,46.92956829581737
WBD.OQ,2025-09-11,25.423413838424125,2.9562849249131915,8.59978469063521,46.92956829581737
WBD.OQ,2025-09-12,15.441568579144294,2.9562849249131915,5.223301870876915,46.92956829581737
BX.N,2020-03-09,-14.037256161753486,2.21855537131497,-6.327205686749841,35.218474693955834
BX.N,2020-03-12,-16.71884893944151,2.21855537131497,-7.535916910440691,35.218474693955834
BX.N,2020-03-13,15.379400828229928,2.21855537131497,6.932169026331009,35.218474693955834
BX.N,2020-03-16,-14.212989787975427,2.21855537131497,-6.406416522996755,35.218474693955834
BX.N,2020-03-26,11.419572774635434,2.21855537131497,5.1473012223566394,35.218474693955834
BX.N,2022-11-10,14.006627770673319,2.21855537131497,6.313400130451279,35.218474693955834
BX.N,2025-04-09,13.453031054659359,2.21855537131497,6.063869862614946,35.218474693955834
TXT.N,2016-01-27,-14.33863132401001,2.0532073568238296,-6.983528125571732,32.59365633722466
TXT.N,2018-10-18,-11.93858941079835,2.0532073568238296,-5.814604828450706,32.59365633722466
TXT.N,2020-03-09,-14.773077924724332,2.0532073568238296,-7.195122244047122,32.59365633722466
TXT.N,2020-03-11,-11.98385348384794,2.0532073568238296,-5.836650372413499,32.59365633722466
TXT.N,2020-03-12,-18.78926018434104,2.0532073568238296,-9.151175170834538,32.59365633722466
TXT.N,2020-03-13,15.01522738605634,2.0532073568238296,7.313059412218289,32.59365633722466
TXT.N,2020-03-20,-13.257759559875426,2.0532073568238296,-6.457097241451671,32.59365633722466
TXT.N,2020-03-25,12.462544658586427,2.0532073568238296,6.06979349512225,32.59365633722466
TXT.N,2020-03-26,11.594586011668051,2.0532073568238296,5.647060426280606,32.59365633722466
TXT.N,2020-04-17,11.521875865911868,2.0532073568238296,5.6116474683469955,32.59365633722466
TXT.N,2020-04-30,-13.00161165710092,2.0532073568238296,-6.332342232210545,32.59365633722466
TXT.N,2020-05-18,11.649662548173856,2.0532073568238296,5.673885060588855,32.59365633722466
TXT.N,2020-05-26,10.936586146650118,2.0532073568238296,5.326586284771678,32.59365633722466
TXT.N,2020-06-11,-11.14752004518853,2.0532073568238296,-5.429320135708542,32.59365633722466
TXT.N,2023-07-27,11.217931994354657,2.0532073568238296,5.46361377338333,32.59365633722466
HCA.N,2016-11-09,-11.408069895784756,2.0099454615264976,-5.675810669569434,31.90689504001233
HCA.N,2019-04-16,-10.536925840680933,2.0099454615264976,-5.242393906886623,31.90689504001233
HCA.N,2020-03-12,-10.359558601869878,2.0099454615264976,-5.15414910512153,31.90689504001233
HCA.N,2020-03-16,-21.091994581149187,2.0099454615264976,-10.493814376998271,31.90689504001233
HCA.N,2020-03-18,-12.83440293010294,2.0099454615264976,-6.385448349606246,31.90689504001233
HCA.N,2020-03-19,20.342898707123336,2.0099454615264976,10.121119750022206,31.90689504001233
HCA.N,2020-04-06,13.417276089877994,2.0099454615264976,6.675442864846664,31.90689504001233
HCA.N,2020-07-22,11.308692397652997,2.0099454615264976,5.62636778664848,31.90689504001233
HCA.N,2021-07-20,13.425483624757106,2.0099454615264976,6.679526326331673,31.90689504001233
HCA.N,2022-04-22,-24.619521586590754,2.0099454615264976,-12.248850557314581,31.90689504001233
HCA.N,2022-07-22,10.820792778773303,2.0099454615264976,5.38362507137642,31.90689504001233
IEX.N,2020-03-09,-7.487623554797906,1.490476742140174,-5.023643337128787,23.66058476777187
IEX.N,2020-03-12,-9.098943204570187,1.490476742140174,-6.10472001831107,23.66058476777187
IEX.N,2020-03-16,-12.305099477652348,1.490476742140174,-8.255814485225358,23.66058476777187
IEX.N,2020-03-17,8.496376203319311,1.490476742140174,5.700441988191895,23.66058476777187
IEX.N,2020-03-18,-9.976594783832837,1.490476742140174,-6.693559518082419,23.66058476777187
IEX.N,2020-03-19,7.890846142052332,1.490476742140174,5.294175963270567,23.66058476777187
IEX.N,2020-10-28,-7.494372245371395,1.490476742140174,-5.028171210917544,23.66058476777187
IEX.N,2025-02-05,-10.132871224260143,1.490476742140174,-6.798409487229143,23.66058476777187
IEX.N,2025-04-03,-8.312072596730058,1.490476742140174,-5.5767878570146365,23.66058476777187
IEX.N,2025-07-30,-11.975603593154371,1.490476742140174,-8.03474704070767,23.66058476777187
FOX.OQ,2020-03-18,-10.540722171327488,1.9362257825816236,-5.4439530070058515,30.736631416694358
FOX.OQ,2020-03-27,-10.988745865360317,1.9362257825816236,-5.675343218861964,30.736631416694358
FOX.OQ,2020-04-06,12.439997139416503,1.9362257825816236,6.424869068125882,30.736631416694358
FOX.OQ,2025-04-03,-10.11764091352525,1.9362257825816236,-5.225444782599227,30.736631416694358
MNST.OQ,2016-04-29,12.05604294706486,1.630503437894792,7.394061654129903,25.883439651032813
MNST.OQ,2017-03-02,12.008143175436992,1.630503437894792,7.3646843645672915,25.883439651032813
MNST.OQ,2018-03-01,-15.594071926490649,1.630503437894792,-9.563961390124252,25.883439651032813
MNST.OQ,2019-02-28,8.310237349749183,1.630503437894792,5.096730958432606,25.883439651032813
MNST.OQ,2019-05-03,8.46086537077988,1.630503437894792,5.189112254619984,25.883439651032813
MNST.OQ,2020-03-13,8.353493400242362,1.630503437894792,5.123260218959054,25.883439651032813
MNST.OQ,2020-03-16,-8.266408138272618,1.630503437894792,-5.0698501739718544,25.883439651032813
MNST.OQ,2024-08-08,-11.579362459476883,1.630503437894792,-7.1017099322571555,25.883439651032813
PEG.N,2020-03-09,-7.530336230963952,1.358254677776464,-5.544126852035966,21.561624566920155
PEG.N,2020-03-11,-8.245399935509923,1.358254677776464,-6.0705846042128755,21.561624566920155
PEG.N,2020-03-12,-8.919557880447071,1.358254677776464,-6.56692594282014,21.561624566920155
PEG.N,2020-03-16,-9.151133297822867,1.358254677776464,-6.737420785330012,21.561624566920155
PEG.N,2020-03-18,-11.865388827608081,1.358254677776464,-8.735761431009655,21.561624566920155
PEG.N,2020-03-24,10.10648129046321,1.358254677776464,7.44078518986444,21.561624566920155
PEG.N,2020-03-26,7.353134644644932,1.358254677776464,5.413664141898932,21.561624566920155
PEG.N,2020-05-18,8.210494745509322,1.358254677776464,6.044886043720714,21.561624566920155
PEG.N,2025-01-27,-7.008862858204079,1.358254677776464,-5.160197842777148,21.561624566920155
VICI.N,2020-03-09,-11.124992257667854,1.8786428019731138,-5.921824120042097,29.822529938054533
VICI.N,2020-03-11,-11.010192470492264,1.8786428019731138,-5.860716288870031,29.822529938054533
VICI.N,2020-03-12,-23.9400097062314,1.8786428019731138,-12.743247242683667,29.822529938054533
VICI.N,2020-03-16,-33.73817410040538,1.8786428019731138,-17.958801995233273,29.822529938054533
VICI.N,2020-03-18,-15.057285847937463,1.8786428019731138,-8.014980725512585,29.822529938054533
VICI.N,2020-03-24,11.037348337565822,1.8786428019731138,5.875171334312963,29.822529938054533
VICI.N,2020-03-25,16.293836859946076,1.8786428019731138,8.673195800091893,29.822529938054533
VICI.N,2020-04-01,-10.10961168713691,1.8786428019731138,-5.381337887393451,29.822529938054533
MO.N,2017-07-28,-9.972771073574282,1.4263369979255778,-6.991875754522518,22.642397893689182
MO.N,2019-01-22,-7.164297778369955,1.4263369979255778,-5.022864714853149,22.642397893689182
MO.N,2020-03-12,-10.568995067974818,1.4263369979255778,-7.409886361600415,22.642397893689182
MO.N,2020-03-13,9.550985034859139,1.4263369979255778,6.696163002677353,22.642397893689182
MO.N,2020-03-20,-7.905487588381055,1.4263369979255778,-5.542510360369647,22.642397893689182
MO.N,2020-03-23,-8.83913464246926,1.4263369979255778,-6.197087122695852,22.642397893689182
MO.N,2022-06-08,-8.739858564100489,1.4263369979255778,-6.127485003061324,22.642397893689182
MO.N,2022-06-22,-9.640487066350678,1.4263369979255778,-6.758912571413008,22.642397893689182
MO.N,2023-10-26,-8.679909431322175,1.4263369979255778,-6.085454870725486,22.642397893689182
MO.N,2024-10-31,7.549315096429909,1.4263369979255778,5.292799042168442,22.642397893689182
MO.N,2025-10-30,-8.132102423764476,1.4263369979255778,-5.7013892478366355,22.642397893689182
ETR.N,2020-03-12,-9.366308690832392,1.4847728056541116,-6.308243695712151,23.570037583154498
ETR.N,2020-03-16,-17.113400713124793,1.4847728056541116,-11.525938950360517,23.570037583154498
ETR.N,2020-03-17,13.844780923791733,1.4847728056541116,9.324511380508792,23.570037583154498
ETR.N,2020-03-18,-14.225953779182943,1.4847728056541116,-9.581232714533552,23.570037583154498
ETR.N,2020-03-24,9.916330188262279,1.4847728056541116,6.678685217361368,23.570037583154498
ETR.N,2020-03-26,8.352997922659977,1.4847728056541116,5.625775129266388,23.570037583154498
ETR.N,2020-04-01,-9.352397140630275,1.4847728056541116,-6.298874214974666,23.570037583154498
ETR.N,2020-04-06,10.919102070060482,1.4847728056541116,7.354055804685963,23.570037583154498
ETR.N,2024-10-31,14.118432575326434,1.4847728056541116,9.508816784333955,23.570037583154498
HWM.N,2016-11-01,-12.922800043741312,2.518528274322655,-5.131091906131898,39.98039690245444
HWM.N,2018-04-30,-23.108498335292538,2.518528274322655,-9.175397620464455,39.98039690245444
HWM.N,2019-01-22,-17.409589349291466,2.518528274322655,-6.912604288301542,39.98039690245444
HWM.N,2020-03-16,-16.263360182173557,2.518528274322655,-6.457485646670973,39.98039690245444
HWM.N,2020-03-20,-17.917194789105828,2.518528274322655,-7.114152726327666,39.98039690245444
HWM.N,2020-03-24,23.392756291595518,2.518528274322655,9.288264312969398,39.98039690245444
HWM.N,2020-04-29,14.709618772682953,2.518528274322655,5.840561300285195,39.98039690245444
HWM.N,2020-05-18,13.60815273089444,2.518528274322655,5.403216183687388,39.98039690245444
HWM.N,2020-06-11,-14.263848715559302,2.518528274322655,-5.663565051456684,39.98039690245444
HWM.N,2020-11-09,17.388643463809707,2.518528274322655,6.904287571870238,39.98039690245444
HWM.N,2024-05-02,14.369964605377472,2.518528274322655,5.70569913861388,39.98039690245444
EXR.N,2020-03-16,-16.80523425037519,1.6792986467719047,-10.007293391607078,26.658039578194558
EXR.N,2022-04-29,-9.070629674438546,1.6792986467719047,-5.401439280544236,26.658039578194558
EXR.N,2022-11-02,-11.566318620008165,1.6792986467719047,-6.887588840878278,26.658039578194558
EXR.N,2023-08-04,-10.380799847729616,1.6792986467719047,-6.1816281860790525,26.658039578194558
EXR.N,2023-11-08,10.046984445470741,1.6792986467719047,5.982845555663334,26.658039578194558
EXR.N,2023-11-14,9.694795403401102,1.6792986467719047,5.773121667213446,26.658039578194558
EXR.N,2025-07-31,-10.570282086346339,1.6792986467719047,-6.294462337991794,26.658039578194558
LMT.N,2020-03-09,-8.293381957895374,1.4425491961940402,-5.749115510081928,22.89975856263332
LMT.N,2020-03-12,-13.652565286084961,1.4425491961940402,-9.464193888226,22.89975856263332
LMT.N,2020-03-16,-13.205864790555566,1.4425491961940402,-9.15453339504632,22.89975856263332
LMT.N,2020-03-17,10.190592027627332,1.4425491961940402,7.064294274686612,22.89975856263332
LMT.N,2020-03-20,-7.595073053876256,1.4425491961940402,-5.265035725585491,22.89975856263332
LMT.N,2020-03-25,10.117399276319539,1.4425491961940402,7.01355579623409,22.89975856263332
LMT.N,2020-03-26,9.158635372607815,1.4425491961940402,6.348924110714259,22.89975856263332
LMT.N,2021-10-26,-12.560257021726073,1.4425491961940402,-8.706986947041056,22.89975856263332
LMT.N,2022-10-18,8.333831686909488,1.4425491961940402,5.777155960363162,22.89975856263332
LMT.N,2023-10-09,8.556921762145464,1.4425491961940402,5.9318058508657305,22.89975856263332
LMT.N,2025-01-28,-9.629341034183092,1.4425491961940402,-6.675225399306126,22.89975856263332
LMT.N,2025-07-22,-11.441758924127221,1.4425491961940402,-7.931624761439449,22.89975856263332
C.N,2020-03-09,-17.63991809531591,2.0755519228403627,-8.498904749718783,32.94836532622513
C.N,2020-03-12,-16.047106428824122,2.0755519228403627,-7.731488792081813,32.94836532622513
C.N,2020-03-13,16.538121851162213,2.0755519228403627,7.968059805764836,32.94836532622513
C.N,2020-03-16,-21.441413058854543,2.0755519228403627,-10.33046334466655,32.94836532622513
C.N,2020-03-24,13.881551384282842,2.0755519228403627,6.688125327785653,32.94836532622513
C.N,2020-04-17,11.481714124300524,2.0755519228403627,5.531884795533308,32.94836532622513
C.N,2020-06-11,-14.355537971180343,2.0755519228403627,-6.916491856072191,32.94836532622513
C.N,2020-11-09,10.923965963372417,2.0755519228403627,5.263161977862317,32.94836532622513
C.N,2022-07-15,12.42565245782159,2.0755519228403627,5.9866738678439155,32.94836532622513
C.N,2025-04-03,-12.939915533961166,2.0755519228403627,-6.234445590863889,32.94836532622513
EXC.OQ,2020-03-09,-7.490868772953263,1.4863205701730378,-5.03987425275368,23.59460758318551
EXC.OQ,2020-03-11,-7.986878958851573,1.4863205701730378,-5.37359108063864,23.59460758318551
EXC.OQ,2020-03-12,-12.1085392764265,1.4863205701730378,-8.146653904558974,23.59460758318551
EXC.OQ,2020-03-16,-17.541477058070008,1.4863205701730378,-11.801947312098243,23.59460758318551
EXC.OQ,2020-03-17,16.546443972753178,1.4863205701730378,11.132486695536237,23.59460758318551
EXC.OQ,2020-03-18,-8.579998980333237,1.4863205701730378,-5.772643635911162,23.59460758318551
EXC.OQ,2020-03-24,14.071864443546023,1.4863205701730378,9.467583727181932,23.59460758318551
EXC.OQ,2020-04-01,-9.482130176965553,1.4863205701730378,-6.379599641725769,23.59460758318551
EXC.OQ,2020-04-06,10.346559165183189,1.4863205701730378,6.961189512420352,23.59460758318551
EXC.OQ,2023-12-14,-7.862095461592711,1.4863205701730378,-5.2896364481300315,23.59460758318551
CVX.N,2020-03-09,-16.6872893281659,1.829356796850248,-9.12194349232351,29.04013886202878
CVX.N,2020-03-16,-17.968777100232103,1.829356796850248,-9.82245624865002,29.04013886202878
CVX.N,2020-03-18,-25.00622570141733,1.829356796850248,-13.669408692974807,29.04013886202878
CVX.N,2020-03-24,20.49037007706014,1.829356796850248,11.200860385650339,29.04013886202878
CVX.N,2020-03-26,9.770896976285659,1.829356796850248,5.341165262626189,29.04013886202878
CVX.N,2020-03-27,-10.480787679325054,1.829356796850248,-5.729220071978674,29.04013886202878
CVX.N,2020-04-02,10.460176813842459,1.829356796850248,5.717953343958158,29.04013886202878
CVX.N,2020-11-09,10.970804371722842,1.829356796850248,5.9970829040087565,29.04013886202878
F.N,2020-03-16,-11.667352696602041,2.275226969828677,-5.127995075357507,36.118108430362426
F.N,2020-03-24,21.059633516707365,2.275226969828677,9.256058316807461,36.118108430362426
F.N,2022-09-20,-13.152403164183468,2.275226969828677,-5.78069939333298,36.118108430362426
F.N,2023-10-27,-13.064067233090437,2.275226969828677,-5.741874286095577,36.118108430362426
F.N,2024-07-25,-20.28676937826934,2.275226969828677,-8.916371705894873,36.118108430362426
F.N,2025-10-24,11.471693171228203,2.275226969828677,5.0419994679001245,36.118108430362426
XOM.N,2020-03-09,-13.039101529227937,1.7313378803795594,-7.531228697179195,27.484136801460053
XOM.N,2020-03-12,-12.142233209918896,1.7313378803795594,-7.013208309897873,27.484136801460053
XOM.N,2020-03-16,-10.00696518372517,1.7313378803795594,-5.779903101023443,27.484136801460053
XOM.N,2020-03-18,-10.56322178738709,1.7313378803795594,-6.1011902454715115,27.484136801460053
XOM.N,2020-03-24,11.94421425904304,1.7313378803795594,6.89883493822969,27.484136801460053
XOM.N,2020-04-17,9.890292864192807,1.7313378803795594,5.712514568227761,27.484136801460053
XOM.N,2020-06-11,-9.239242676834314,1.7313378803795594,-5.336475786464514,27.484136801460053
XOM.N,2020-11-09,11.920565554878815,1.7313378803795594,6.885175730265592,27.484136801460053
UDR.N,2020-03-16,-19.303707060708007,1.5835788418782237,-12.189924839998874,25.13853478244074
UDR.N,2020-03-18,-8.907323339018847,1.5835788418782237,-5.624805727041795,25.13853478244074
UDR.N,2020-03-26,8.422041787960755,1.5835788418782237,5.318359632774384,25.13853478244074
UDR.N,2020-04-01,-10.250623381840818,1.5835788418782237,-6.473074223246716,25.13853478244074
UDR.N,2020-04-06,11.122563511022454,1.5835788418782237,7.023687875136293,25.13853478244074
UDR.N,2020-11-09,12.93834821165838,1.5835788418782237,8.170321470267112,25.13853478244074
UDR.N,2022-11-10,8.004270767353594,1.5835788418782237,5.054545157890609,25.13853478244074
STZ.N,2019-01-09,-13.258686295489852,1.654881327755617,-8.011865306058862,26.270426655394402
STZ.N,2020-02-27,-8.356603915835148,1.654881327755617,-5.049669590005309,26.270426655394402
STZ.N,2020-03-09,-8.644801813798964,1.654881327755617,-5.223819780191258,26.270426655394402
STZ.N,2020-03-12,-16.540223738214088,1.654881327755617,-9.99480957383589,26.270426655394402
STZ.N,2020-03-23,-12.495152513499619,1.654881327755617,-7.550482505259634,26.270426655394402
STZ.N,2020-03-24,15.87918106621542,1.654881327755617,9.595359377068496,26.270426655394402
STZ.N,2020-03-26,10.544739285696014,1.654881327755617,6.3719005760956895,26.270426655394402
STZ.N,2023-01-05,-10.230813329538524,1.654881327755617,-6.182203616626552,26.270426655394402
STZ.N,2025-01-10,-18.738726626334845,1.654881327755617,-11.323305370632637,26.270426655394402
ROL.N,2019-04-24,-10.599563795418687,1.5476459729001963,-6.848829758885836,24.568118171187173
ROL.N,2019-07-24,-11.047038880807136,1.5476459729001963,-7.137962476073028,24.568118171187173
ROL.N,2020-03-12,-11.165431373265422,1.5476459729001963,-7.214460909520585,24.568118171187173
ROL.N,2020-03-13,9.565397239253537,1.5476459729001963,6.180610686647252,24.568118171187173
ROL.N,2020-03-23,-10.314075891655472,1.5476459729001963,-6.6643638611532765,24.568118171187173
ROL.N,2020-11-09,-10.161298694001974,1.5476459729001963,-6.565648004730892,24.568118171187173
ROL.N,2021-10-27,-11.435641893973614,1.5476459729001963,-7.389055439173793,24.568118171187173
ROL.N,2022-07-28,8.689353445069381,1.5476459729001963,5.614561467688925,24.568118171187173
ROL.N,2022-10-26,9.571481285825012,1.5476459729001963,6.1845418483457335,24.568118171187173
ROL.N,2023-07-27,-9.303598203924057,1.5476459729001963,-6.011451176065588,24.568118171187173
ROL.N,2023-10-19,-8.721386762512973,1.5476459729001963,-5.6352595588573875,24.568118171187173
TJX.N,2020-03-12,-11.922266160233974,1.6183689513663975,-7.366840639254691,25.690810649183238
TJX.N,2020-03-16,-22.81492721644307,1.6183689513663975,-14.097482034106196,25.690810649183238
TJX.N,2020-03-20,-10.84331251154591,1.6183689513663975,-6.7001486295142065,25.690810649183238
TJX.N,2020-03-24,11.01369033750279,1.6183689513663975,6.805426122519141,25.690810649183238
TJX.N,2020-03-26,8.436116531465476,1.6183689513663975,5.212727619584409,25.690810649183238
TJX.N,2020-04-06,11.843386548736179,1.6183689513663975,7.318100448440231,25.690810649183238
TJX.N,2020-11-09,12.136085700426724,1.6183689513663975,7.498961031216129,25.690810649183238
BR.N,2018-08-07,10.58165218261129,1.439926737326251,7.348743452225899,22.858128318707323
BR.N,2018-11-06,-10.204925435417067,1.439926737326251,-7.087114344696614,22.858128318707323
BR.N,2020-01-31,-8.298874957261315,1.439926737326251,-5.763400832927933,22.858128318707323
BR.N,2020-03-09,-9.220619386673423,1.439926737326251,-6.40353369907893,22.858128318707323
BR.N,2020-03-10,8.349960896978104,1.439926737326251,5.79887898497034,22.858128318707323
BR.N,2020-03-13,7.998644639614927,1.439926737326251,5.554896948762357,22.858128318707323
BR.N,2020-03-19,-7.681040827964658,1.439926737326251,-5.334327524348434,22.858128318707323
BR.N,2020-03-23,-7.442157798766491,1.439926737326251,-5.1684280914080185,22.858128318707323
BR.N,2020-03-24,11.817855834476543,1.439926737326251,8.20726188918521,22.858128318707323
BR.N,2022-08-12,7.64786774136228,1.439926737326251,5.311289486549389,22.858128318707323
BR.N,2022-11-02,-8.26698186111372,1.439926737326251,-5.741251722614989,22.858128318707323
HIG.N,2016-07-29,-9.747505275146429,1.8123104243563999,-5.378496500459091,28.769536087781823
HIG.N,2020-03-12,-11.617785445212148,1.8123104243563999,-6.410483154031371,28.769536087781823
HIG.N,2020-03-16,-23.842911464272643,1.8123104243563999,-13.156085813907902,28.769536087781823
HIG.N,2020-03-18,-23.81916631679557,1.8123104243563999,-13.142983672487784,28.769536087781823
HIG.N,2020-03-19,24.447628657624954,1.8123104243563999,13.489757786007859,28.769536087781823
HIG.N,2020-03-24,12.013202396159972,1.8123104243563999,6.628667051024761,28.769536087781823
HIG.N,2020-06-11,-9.30051461291077,1.8123104243563999,-5.13185516560367,28.769536087781823
HIG.N,2020-11-09,13.000360368400399,1.8123104243563999,7.173362903883961,28.769536087781823
HIG.N,2021-03-18,17.14926539629964,1.8123104243563999,9.462653398569842,28.769536087781823
NXPI.OQ,2016-09-29,15.595560916141338,2.4568038220912682,6.347906485616813,39.000551599958825
NXPI.OQ,2020-03-16,-17.35263520183974,2.4568038220912682,-7.063093538770595,39.000551599958825
NXPI.OQ,2020-03-18,-21.543111104527135,2.4568038220912682,-8.768755124366956,39.000551599958825
NXPI.OQ,2020-03-19,16.47160184662555,2.4568038220912682,6.704483971619954,39.000551599958825
NXPI.OQ,2020-04-06,13.777978117116696,2.4568038220912682,5.60809047642586,39.000551599958825
NXPI.OQ,2025-04-09,19.134693759301058,2.4568038220912682,7.788450012672692,39.000551599958825
FISV.OQ,2020-03-16,-18.236023478038277,2.0633254271676216,-8.838171253999095,32.75427572448985
FISV.OQ,2020-03-18,-11.581830400703463,2.0633254271676216,-5.613186484403545,32.75427572448985
FISV.OQ,2020-03-24,11.807159430793135,2.0633254271676216,5.722393217923513,32.75427572448985
FISV.OQ,2020-04-06,10.63346320721772,2.0633254271676216,5.153556034936544,32.75427572448985
FISV.OQ,2021-10-27,-10.562355907162324,2.0633254271676216,-5.119093560370423,32.75427572448985
FISV.OQ,2025-04-24,-20.47734757185058,2.0633254271676216,-9.92443911281622,32.75427572448985
FISV.OQ,2025-05-15,-17.656548023156038,2.0633254271676216,-8.55732585401888,32.75427572448985
FISV.OQ,2025-07-23,-14.902266891039506,2.0633254271676216,-7.222451046656378,32.75427572448985
EXPD.N,2017-11-07,7.616831867313856,1.503516478684524,5.066011563756237,23.86758416812078
EXPD.N,2018-05-08,8.406294626175015,1.503516478684524,5.591089120306788,23.86758416812078
EXPD.N,2020-03-12,-8.25944562617682,1.503516478684524,-5.493418757473999,23.86758416812078
EXPD.N,2020-03-16,-10.357137780037995,1.503516478684524,-6.888609421228156,23.86758416812078
EXPD.N,2020-03-24,12.171371786568752,1.503516478684524,8.095269961535696,23.86758416812078
EXPD.N,2022-05-04,7.649187948329139,1.503516478684524,5.087531834051905,23.86758416812078
EXPD.N,2022-05-18,-9.369170447213193,1.503516478684524,-6.2315049951501615,23.86758416812078
EXPD.N,2022-11-08,8.66979464902764,1.503516478684524,5.766344946623484,23.86758416812078
EXPD.N,2025-04-03,-9.665656119778188,1.503516478684524,-6.428699822588568,23.86758416812078
EXPD.N,2025-11-04,10.288317226006516,1.503516478684524,6.842836358540016,23.86758416812078
RF.N,2020-03-09,-21.489568639349834,2.2572448626721946,-9.520264723920926,35.83265132885263
RF.N,2020-03-12,-12.223634197316668,2.2572448626721946,-5.415289408542926,35.83265132885263
RF.N,2020-03-16,-18.31234814560161,2.2572448626721946,-8.112699002412569,35.83265132885263
RF.N,2020-03-18,-18.77416242632939,2.2572448626721946,-8.317291020037572,35.83265132885263
RF.N,2020-03-19,11.778303565638337,2.2572448626721946,5.2179999433888735,35.83265132885263
RF.N,2020-03-24,13.660309498315337,2.2572448626721946,6.051762360483944,35.83265132885263
RF.N,2020-03-26,12.070608533248661,2.2572448626721946,5.347496291988061,35.83265132885263
RF.N,2020-11-09,15.382221866483725,2.2572448626721946,6.814600454234188,35.83265132885263
RF.N,2023-10-20,-13.214539101664569,2.2572448626721946,-5.854278071551705,35.83265132885263
RF.N,2025-04-03,-11.591149108627885,2.2572448626721946,-5.135087158823316,35.83265132885263
AMD.OQ,2016-04-22,42.06169131287666,3.5899310867344227,11.716573465241092,56.988389276154784
AMD.OQ,2017-05-02,-27.74555406679493,3.5899310867344227,-7.728714952028131,56.988389276154784
AMD.OQ,2019-01-30,18.188856263261055,3.5899310867344227,5.066631036588095,56.988389276154784
AMD.OQ,2025-04-09,21.36626154563377,3.5899310867344227,5.95171913594296,56.988389276154784
AMD.OQ,2025-10-06,21.27539425995586,3.5899310867344227,5.926407428424762,56.988389276154784
BMY.N,2016-08-05,-17.417638032955285,1.5724881949596703,-11.076482538173837,24.96247622068884
BMY.N,2016-10-10,-10.690519634652151,1.5724881949596703,-6.79847369851087,24.96247622068884
BMY.N,2017-01-20,-11.969963056770094,1.5724881949596703,-7.612116323122597,24.96247622068884
BMY.N,2018-04-16,-8.112314336477588,1.5724881949596703,-5.158903171725016,24.96247622068884
BMY.N,2019-01-03,-15.01533393946377,1.5724881949596703,-9.54877371263755,24.96247622068884
BMY.N,2024-04-25,-8.89855642100712,1.5724881949596703,-5.6589018916198235,24.96247622068884
BMY.N,2024-07-26,10.833818535175066,1.5724881949596703,6.88960245927501,24.96247622068884
BMY.N,2024-11-11,9.976676901564652,1.5724881949596703,6.344516247271748,24.96247622068884
PRU.N,2019-08-01,-10.633709430886729,2.0039302482453043,-5.306426927882291,31.81140648946203
PRU.N,2020-03-09,-18.120486209387998,2.0039302482453043,-9.042473521847771,31.81140648946203
PRU.N,2020-03-12,-22.456771485898088,2.0039302482453043,-11.206363847026035,31.81140648946203
PRU.N,2020-03-13,13.342341875409458,2.0039302482453043,6.658086970388502,31.81140648946203
PRU.N,2020-03-16,-19.9474636020204,2.0039302482453043,-9.954170620203442,31.81140648946203
PRU.N,2020-03-24,19.09111117950264,2.0039302482453043,9.526834178095436,31.81140648946203
PRU.N,2020-04-01,-10.378480679529734,2.0039302482453043,-5.1790628384483,31.81140648946203
PRU.N,2020-06-11,-11.758049282248528,2.0039302482453043,-5.867494286562216,31.81140648946203
PRU.N,2020-11-09,14.477790498442378,2.0039302482453043,7.22469782125377,31.81140648946203
PRU.N,2024-08-02,-10.518818083805659,2.0039302482453043,-5.249093920816965,31.81140648946203
PPL.N,2020-03-09,-7.922319801165134,1.4207094393874267,-5.576312496791064,22.55306317140674
PPL.N,2020-03-12,-9.384117385202462,1.4207094393874267,-6.605233360910625,22.55306317140674
PPL.N,2020-03-16,-14.748681558392773,1.4207094393874267,-10.3812089576543,22.55306317140674
PPL.N,2020-03-17,7.6851458099473025,1.4207094393874267,5.409371963672558,22.55306317140674
PPL.N,2020-03-18,-11.343828035341685,1.4207094393874267,-7.984622133736827,22.55306317140674
PPL.N,2020-03-20,-9.313561212574806,1.4207094393874267,-6.555570727108404,22.55306317140674
PPL.N,2020-03-24,13.326239464038503,1.4207094393874267,9.379989387403826,22.55306317140674
PPL.N,2020-03-26,10.414520256516013,1.4207094393874267,7.330506835378307,22.55306317140674
PPL.N,2020-04-01,-7.485628847699299,1.4207094393874267,-5.268937222608241,22.55306317140674
PPL.N,2020-04-06,9.418205383597522,1.4207094393874267,6.629227006233174,22.55306317140674
PPL.N,2020-05-08,7.225363969695664,1.4207094393874267,5.085743621729616,22.55306317140674
PPL.N,2020-06-09,-7.7300413561460335,1.4207094393874267,-5.440972757581612,22.55306317140674
PPL.N,2022-02-18,-7.525673735759542,1.4207094393874267,-5.297123765859132,22.55306317140674
BKNG.OQ,2016-02-17,10.65518682356994,1.9921030319699065,5.348712718454866,31.62365525166076
BKNG.OQ,2016-06-24,-12.06951266654066,1.9921030319699065,-6.0586789301784405,31.62365525166076
BKNG.OQ,2017-11-07,-14.525360988538694,1.9921030319699065,-7.291470749971792,31.62365525166076
BKNG.OQ,2019-02-28,-11.612124825005221,1.9921030319699065,-5.829078435527745,31.62365525166076
BKNG.OQ,2020-03-12,-11.920519028654653,1.9921030319699065,-5.983886795687949,31.62365525166076
BKNG.OQ,2020-03-13,10.442052386335288,1.9921030319699065,5.2417230528531364,31.62365525166076
BKNG.OQ,2020-03-18,-10.348154785551156,1.9921030319699065,-5.194588141015127,31.62365525166076
BKNG.OQ,2020-03-27,-11.349370603455,1.9921030319699065,-5.697180527973037,31.62365525166076
BKNG.OQ,2020-05-18,11.783520629612365,1.9921030319699065,5.915116056000446,31.62365525166076
BKNG.OQ,2020-11-09,17.186766539830067,1.9921030319699065,8.627448612853524,31.62365525166076
BKNG.OQ,2024-02-23,-10.702230198848195,1.9921030319699065,-5.372327649270837,31.62365525166076
BKNG.OQ,2025-04-09,10.308567773445354,1.9921030319699065,5.174716170805507,31.62365525166076
TEL.N,2016-06-24,-9.448512343156157,1.7093474440812173,-5.527555194160529,27.135049447456726
TEL.N,2020-03-16,-14.160097747159472,1.7093474440812173,-8.283920156893904,27.135049447456726
TEL.N,2020-03-18,-17.22864446529084,1.7093474440812173,-10.079076974635385,27.135049447456726
TEL.N,2020-03-24,10.231949622228598,1.7093474440812173,5.985880552053782,27.135049447456726
TEL.N,2020-04-06,11.16111729627125,1.7093474440812173,6.529460897442302,27.135049447456726
TEL.N,2025-04-03,-9.048663609139673,1.7093474440812173,-5.293636258954583,27.135049447456726
TEL.N,2025-04-09,9.015391605168954,1.7093474440812173,5.274171518719398,27.135049447456726
TEL.N,2025-07-23,11.29011386266452,1.7093474440812173,6.60492628444711,27.135049447456726
META.OQ,2016-01-28,14.428595371948827,2.402308150480039,6.006138458576035,38.13545963228229
META.OQ,2018-07-26,-21.023867285722453,2.402308150480039,-8.751528100806459,38.13545963228229
META.OQ,2020-03-16,-15.376902844647944,2.402308150480039,-6.400886931002281,38.13545963228229
META.OQ,2022-02-03,-30.639056169326206,2.402308150480039,-12.754007500329957,38.13545963228229
META.OQ,2022-04-28,16.20644106724418,2.402308150480039,6.746195763439317,38.13545963228229
META.OQ,2022-10-27,-28.179382933115082,2.402308150480039,-11.730128346558772,38.13545963228229
META.OQ,2023-02-02,20.930741507599837,2.402308150480039,8.712762974815437,38.13545963228229
META.OQ,2023-04-27,13.03745525799922,2.402308150480039,5.427053667279954,38.13545963228229
META.OQ,2024-02-02,18.496510346661132,2.402308150480039,7.6994745003737695,38.13545963228229
META.OQ,2025-04-09,13.76345314494758,2.402308150480039,5.729262144074776,38.13545963228229
META.OQ,2025-10-30,-12.030227049572328,2.402308150480039,-5.007778476365906,38.13545963228229
APA.OQ,2020-01-07,23.739410226334456,3.798132615900534,6.250284712795859,60.29348608869613
APA.OQ,2020-03-11,-26.840657892345376,3.798132615900534,-7.066803770879253,60.29348608869613
APA.OQ,2020-03-16,-39.07046925250437,3.798132615900534,-10.28675752103532,60.29348608869613
APA.OQ,2020-03-17,-20.23000237248409,3.798132615900534,-5.326302269645099,60.29348608869613
APA.OQ,2020-03-24,25.825087227756338,3.798132615900534,6.799416934427718,60.29348608869613
APA.OQ,2020-04-29,20.13520684550403,3.798132615900534,5.301343813328116,60.29348608869613
APA.OQ,2020-06-05,21.20048222878843,3.798132615900534,5.581817269895884,60.29348608869613
COP.N,2020-03-09,-28.555183327988274,2.395880192016965,-11.918452109222196,38.033418955095414
COP.N,2020-03-12,-14.376256319027148,2.395880192016965,-6.000407018234303,38.033418955095414
COP.N,2020-03-16,-18.500201024643424,2.395880192016965,-7.721672012768336,38.033418955095414
COP.N,2020-03-18,-14.662352451819505,2.395880192016965,-6.119818720766686,38.033418955095414
COP.N,2020-03-19,12.11591856522598,2.395880192016965,5.056980146835401,38.033418955095414
COP.N,2020-03-24,22.485288386992018,2.395880192016965,9.384980293218604,38.033418955095414
COP.N,2020-04-02,13.378456786533643,2.395880192016965,5.583942315275384,38.033418955095414
COP.N,2020-04-17,12.650645356476797,2.395880192016965,5.280166094543687,38.033418955095414
COP.N,2020-11-09,13.413073336766557,2.395880192016965,5.598390679742128,38.033418955095414
DAL.N,2020-03-12,-23.570156795393913,2.5862123722640677,-9.11377466451439,41.05484864765474
DAL.N,2020-03-18,-30.100291642744146,2.5862123722640677,-11.638754792744734,41.05484864765474
DAL.N,2020-03-24,19.076168606928956,2.5862123722640677,7.376102910770998,41.05484864765474
DAL.N,2020-03-25,14.545334890441497,2.5862123722640677,5.6241842496902,41.05484864765474
DAL.N,2020-04-01,-17.833372487466992,2.5862123722640677,-6.895556095362341,41.05484864765474
DAL.N,2020-05-18,13.026917272878391,2.5862123722640677,5.037064013994387,41.05484864765474
DAL.N,2020-06-11,-15.120516959750185,2.5862123722640677,-5.84658751226726,41.05484864765474
DAL.N,2020-11-09,15.723766248570525,2.5862123722640677,6.0798434100774745,41.05484864765474
DAL.N,2022-03-07,-13.66815237215846,2.5862123722640677,-5.285007727417545,41.05484864765474
DAL.N,2025-04-09,21.012720955345408,2.5862123722640677,8.12490156674569,41.05484864765474
ESS.N,2020-03-16,-20.925037471594887,1.6115500493294503,-12.984416760932485,25.582563935157594
ESS.N,2020-03-18,-13.50393460002115,1.6115500493294503,-8.379469570703064,25.582563935157594
ESS.N,2020-03-26,8.554095341723489,1.6115500493294503,5.307992355113489,25.582563935157594
ESS.N,2020-04-01,-9.480177292261871,1.6115500493294503,-5.882645280676499,25.582563935157594
ESS.N,2020-04-06,10.791932650116642,1.6115500493294503,6.696616499504348,25.582563935157594
ESS.N,2020-04-08,8.691818902944615,1.6115500493294503,5.393452661654035,25.582563935157594
ESS.N,2020-11-09,11.344973802560965,1.6115500493294503,7.039789926028976,25.582563935157594
ESS.N,2025-04-04,-8.254001961447432,1.6115500493294503,-5.121778231387749,25.582563935157594
DELL.N,2018-12-24,-24.384700280693217,2.524976017221603,-9.657398769088234,40.082751647824225
DELL.N,2020-03-24,13.51138170075763,2.524976017221603,5.3510930831038515,40.082751647824225
DELL.N,2022-08-26,-14.511024832755881,2.524976017221603,-5.746995113531144,40.082751647824225
DELL.N,2023-09-01,19.266967903015164,2.524976017221603,7.630554813829826,40.082751647824225
DELL.N,2024-03-01,27.473682183267023,2.524976017221603,10.880769558159258,40.082751647824225
DELL.N,2024-05-31,-19.683312173500056,2.524976017221603,-7.795445199974176,40.082751647824225
DELL.N,2024-11-27,-13.065299770636685,2.524976017221603,-5.174425294151226,40.082751647824225
DELL.N,2025-04-03,-21.05565739243138,2.524976017221603,-8.338953419288435,40.082751647824225
DELL.N,2025-04-09,14.824897805282333,2.524976017221603,5.871302421951374,40.082751647824225
WM.N,2018-07-25,7.503666442909207,1.1970137310315128,6.268655278033452,19.002003889433652
WM.N,2020-02-27,-6.235231866820357,1.1970137310315128,-5.208989425248462,19.002003889433652
WM.N,2020-03-04,6.508734575199426,1.1970137310315128,5.437476953243134,19.002003889433652
WM.N,2020-03-12,-11.789670948083408,1.1970137310315128,-9.849236180376808,19.002003889433652
WM.N,2020-03-13,7.469244278609999,1.1970137310315128,6.239898578417697,19.002003889433652
WM.N,2020-03-17,8.663589355029622,1.1970137310315128,7.237669151517481,19.002003889433652
WM.N,2020-03-18,-6.123299558329798,1.1970137310315128,-5.115479797423139,19.002003889433652
WM.N,2020-03-23,-11.226730187108114,1.1970137310315128,-9.378948541746142,19.002003889433652
WM.N,2020-03-26,7.1496881405584745,1.1970137310315128,5.97293744859327,19.002003889433652
WM.N,2024-07-25,-8.372968760834443,1.1970137310315128,-6.9948811310787,19.002003889433652
ED.N,2020-03-02,6.993972917397873,1.3053948761167533,5.357745035895436,20.722501229657393
ED.N,2020-03-16,-10.174619803357299,1.3053948761167533,-7.794285077649784,20.722501229657393
ED.N,2020-03-17,16.563161619902722,1.3053948761167533,12.688238572817355,20.722501229657393
ED.N,2020-03-19,-14.080912822695701,1.3053948761167533,-10.786707593477882,20.722501229657393
ED.N,2020-03-20,-9.83238310388419,1.3053948761167533,-7.532114062783246,20.722501229657393
ED.N,2020-03-23,-10.506973122651786,1.3053948761167533,-8.048884912056337,20.722501229657393
ED.N,2020-03-24,7.599710366071832,1.3053948761167533,5.821771254901204,20.722501229657393
ED.N,2020-03-26,6.798667908767708,1.3053948761167533,5.208131296632761,20.722501229657393
GILD.OQ,2016-04-29,-9.499064323270723,1.5885910808332688,-5.979552848986253,25.21810160916082
GILD.OQ,2016-07-26,-8.85011160471576,1.5885910808332688,-5.5710445006864715,25.21810160916082
GILD.OQ,2017-02-08,-9.008659775988104,1.5885910808332688,-5.670848769503831,25.21810160916082
GILD.OQ,2018-05-02,-8.151383703043535,1.5885910808332688,-5.13120324128212,25.21810160916082
GILD.OQ,2020-03-02,8.349694254162365,1.5885910808332688,5.256037475536293,25.21810160916082
GILD.OQ,2020-03-09,-8.721538229447567,1.5885910808332688,-5.49010902470435,25.21810160916082
GILD.OQ,2020-04-17,9.288426413997986,1.5885910808332688,5.846958683115542,25.21810160916082
GILD.OQ,2022-10-28,12.151143581729862,1.5885910808332688,7.649006549474131,25.21810160916082
GILD.OQ,2024-01-22,-10.702940152268337,1.5885910808332688,-6.737378977763295,25.21810160916082
GILD.OQ,2024-06-20,8.117490041331354,1.5885910808332688,5.109867567098174,25.21810160916082
GILD.OQ,2025-08-08,7.954036338969761,1.5885910808332688,5.0069753223073645,25.21810160916082
LEN.N,2020-03-09,-12.228957775827398,2.2802256893615542,-5.363047102259168,36.19746064290895
LEN.N,2020-03-12,-14.026759350538809,2.2802256893615542,-6.151478520736338,36.19746064290895
LEN.N,2020-03-16,-21.83389995954652,2.2802256893615542,-9.575324083669914,36.19746064290895
LEN.N,2020-03-18,-12.30873273560631,2.2802256893615542,-5.398032656606311,36.19746064290895
LEN.N,2020-03-23,-14.941815568700934,2.2802256893615542,-6.552779243919723,36.19746064290895
LEN.N,2020-03-24,19.30530915838795,2.2802256893615542,8.466402798835798,36.19746064290895
LEN.N,2020-03-25,13.41281246569026,2.2802256893615542,5.8822302232046795,36.19746064290895
LEN.N,2020-04-06,16.09303668126372,2.2802256893615542,7.057650809016911,36.19746064290895
LEN.N,2021-03-17,12.925272222635087,2.2802256893615542,5.668417947810274,36.19746064290895
LEN.N,2022-11-10,11.839125225681446,2.2802256893615542,5.1920848365655905,36.19746064290895
LULU.OQ,2016-12-08,14.01106376771164,2.503093834099053,5.597498414498987,39.73538275971158
LULU.OQ,2017-03-30,-26.70812543456296,2.503093834099053,-10.670045633417535,39.73538275971158
LULU.OQ,2018-06-01,15.11407830374214,2.503093834099053,6.038158896740761,39.73538275971158
LULU.OQ,2018-12-07,-14.349302690649868,2.503093834099053,-5.732626757803772,39.73538275971158
LULU.OQ,2019-03-28,13.215101254524786,2.503093834099053,5.279506934378008,39.73538275971158
LULU.OQ,2020-03-12,-13.584940401228884,2.503093834099053,-5.427259743987407,39.73538275971158
LULU.OQ,2020-03-16,-24.040626689050093,2.503093834099053,-9.604364950906092,39.73538275971158
LULU.OQ,2022-12-09,-13.752551950474867,2.503093834099053,-5.494221496264789,39.73538275971158
LULU.OQ,2024-03-22,-17.19585975208755,2.503093834099053,-6.869842239964174,39.73538275971158
LULU.OQ,2024-12-06,14.747050608523438,2.503093834099053,5.89152927773936,39.73538275971158
LULU.OQ,2025-03-28,-15.30581566731799,2.503093834099053,-6.1147590469084685,39.73538275971158
LULU.OQ,2025-06-06,-22.07053266125296,2.503093834099053,-8.81730135746065,39.73538275971158
LULU.OQ,2025-09-05,-20.5540172550311,2.503093834099053,-8.211444962641274,39.73538275971158
AMCR.N,2020-03-11,-11.569491629252138,1.7745711863416156,-6.519598491342202,28.170444257044654
AMCR.N,2020-03-12,-17.608323338126297,1.7745711863416156,-9.922579310231509,28.170444257044654
AMCR.N,2020-03-16,-13.646825229783222,1.7745711863416156,-7.690210082762003,28.170444257044654
AMCR.N,2020-03-19,15.07915903402246,1.7745711863416156,8.497353698787958,28.170444257044654
AMCR.N,2020-03-23,-9.777897820542858,1.7745711863416156,-5.510005964145388,28.170444257044654
AMCR.N,2020-03-24,12.74707680128313,1.7745711863416156,7.183187070427977,28.170444257044654
AMCR.N,2022-05-04,9.173426394606121,1.7745711863416156,5.169376390877668,28.170444257044654
AMCR.N,2024-05-01,9.184679649110317,1.7745711863416156,5.175717784556777,28.170444257044654
AMCR.N,2025-08-14,-12.637111572018256,1.7745711863416156,-7.12121985822976,28.170444257044654
WAT.N,2016-10-25,-12.94194146655201,1.8333611578380642,-7.059133663447634,29.103706122029728
WAT.N,2019-01-23,11.949466479255566,1.8333611578380642,6.517791886322395,29.103706122029728
WAT.N,2019-04-23,-13.140005404803112,1.8333611578380642,-7.167166899236628,29.103706122029728
WAT.N,2020-03-12,-9.718591943626631,1.8333611578380642,-5.300969698238283,29.103706122029728
WAT.N,2020-03-13,9.924788771798276,1.8333611578380642,5.413438988476108,29.103706122029728
WAT.N,2020-03-24,10.691141881570676,1.8333611578380642,5.831443431570178,29.103706122029728
WAT.N,2020-07-15,10.863681083376697,1.8333611578380642,5.925554295143552,29.103706122029728
WAT.N,2024-11-01,18.097435899347403,1.8333611578380642,9.871178857464319,29.103706122029728
WAT.N,2025-07-14,-14.859343547480108,1.8333611578380642,-8.104973471240408,29.103706122029728
JNJ.N,2018-12-14,-10.57814796716201,1.1402758661099803,-9.276832283795562,18.101318206414753
JNJ.N,2019-10-18,-6.422034209799055,1.1402758661099803,-5.632000466437694,18.101318206414753
JNJ.N,2020-03-11,-7.200300517529623,1.1402758661099803,-6.314525047428435,18.101318206414753
JNJ.N,2020-03-13,6.841327075712567,1.1402758661099803,5.999712244241006,18.101318206414753
JNJ.N,2020-03-17,7.177355305276922,1.1402758661099803,6.294402537661586,18.101318206414753
JNJ.N,2020-03-19,-6.0397728471539125,1.1402758661099803,-5.296764604655215,18.101318206414753
JNJ.N,2020-03-20,-5.800605404661141,1.1402758661099803,-5.087019358262617,18.101318206414753
JNJ.N,2020-03-23,-7.578398786778706,1.1402758661099803,-6.646109956384682,18.101318206414753
JNJ.N,2020-03-24,6.984428746705795,1.1402758661099803,6.125209656969223,18.101318206414753
JNJ.N,2020-03-26,5.831631384585556,1.1402758661099803,5.114228545834269,18.101318206414753
JNJ.N,2020-03-30,7.693999030890453,1.1402758661099803,6.747489146760879,18.101318206414753
JNJ.N,2023-07-20,5.8955686246788375,1.1402758661099803,5.170300275486324,18.101318206414753
JNJ.N,2025-04-01,-7.895289331120292,1.1402758661099803,-6.9240168680012975,18.101318206414753
JNJ.N,2025-07-16,6.0089960792051755,1.1402758661099803,5.26977397119234,18.101318206414753
SWKS.OQ,2020-03-16,-20.08045732319479,2.4647228135882657,-8.147146288616797,39.12626169277176
SWKS.OQ,2020-03-17,13.584829416295108,2.4647228135882657,5.511706769378111,39.12626169277176
SWKS.OQ,2020-03-24,15.241468419865178,2.4647228135882657,6.183846855247748,39.12626169277176
SWKS.OQ,2024-05-01,-16.58522382781058,2.4647228135882657,-6.729042201571133,39.12626169277176
SWKS.OQ,2025-02-06,-28.325154041630274,2.4647228135882657,-11.492226990179521,39.12626169277176
SWKS.OQ,2025-04-03,-13.256184515092606,2.4647228135882657,-5.378367271974732,39.12626169277176
SWKS.OQ,2025-04-09,20.294084399669067,2.4647228135882657,8.233820163381347,39.12626169277176
DOV.N,2019-01-29,8.372481101778284,1.6618789944685821,5.03796072376229,26.38151117067573
DOV.N,2020-03-12,-11.019805969761087,1.6618789944685821,-6.630931618029677,26.38151117067573
DOV.N,2020-03-16,-17.803324410317867,1.6618789944685821,-10.712768179617568,26.38151117067573
DOV.N,2020-03-18,-14.955956702828743,1.6618789944685821,-8.999425802124179,26.38151117067573
DOV.N,2020-03-24,13.395198643269968,1.6618789944685821,8.060273153373204,26.38151117067573
DOV.N,2020-04-06,9.099987906533435,1.6618789944685821,5.475722322035446,26.38151117067573
DOV.N,2025-04-03,-9.540514577027004,1.6618789944685821,-5.740799786736439,26.38151117067573
DOV.N,2025-04-09,9.293749943048457,1.6618789944685821,5.592314466926825,26.38151117067573
NKE.N,2017-06-30,10.404311638947261,1.9693779737415202,5.283044584468792,31.262906136050127
NKE.N,2018-06-29,10.552786567076744,1.9693779737415202,5.358436373200643,31.262906136050127
NKE.N,2020-03-12,-12.40526486699789,1.9693779737415202,-6.299077694785914,31.262906136050127
NKE.N,2020-03-16,-12.363832918379813,1.9693779737415202,-6.278039606023622,31.262906136050127
NKE.N,2020-03-24,14.128390738703711,1.9693779737415202,7.17403714628833,31.262906136050127
NKE.N,2021-06-25,14.437248984562245,1.9693779737415202,7.330867500835127,31.262906136050127
NKE.N,2022-09-30,-13.70592097145149,1.9693779737415202,-6.959517753421561,31.262906136050127
NKE.N,2022-12-21,11.492609107301632,1.9693779737415202,5.8356543337729185,31.262906136050127
NKE.N,2023-12-22,-12.585436903694003,1.9693779737415202,-6.390564468324776,31.262906136050127
NKE.N,2024-06-28,-22.290470097934723,1.9693779737415202,-11.318533260319857,31.262906136050127
NKE.N,2025-04-03,-15.594827153906454,1.9693779737415202,-7.918656226401599,31.262906136050127
NKE.N,2025-04-09,10.757319634082396,1.9693779737415202,5.462293057764384,31.262906136050127
NKE.N,2025-06-27,14.141516827806022,1.9693779737415202,7.180702240179563,31.262906136050127
NKE.N,2025-12-19,-11.14228384095366,1.9693779737415202,-5.657768081860389,31.262906136050127
DD.N,2019-06-03,16.398874470568757,2.042623255235543,8.028340237748708,32.42563893330276
DD.N,2020-03-09,-14.167735585581953,2.042623255235543,-6.936049293117549,32.42563893330276
DD.N,2020-03-13,10.86603536603814,2.042623255235543,5.319647339854229,32.42563893330276
DD.N,2020-03-18,-11.618753047937691,2.042623255235543,-5.6881527311299935,32.42563893330276
DD.N,2020-03-24,13.150896942473889,2.042623255235543,6.438239116668339,32.42563893330276
DD.N,2020-04-06,10.47641659281271,2.042623255235543,5.128903025048852,32.42563893330276
DD.N,2024-01-24,-15.134300367305986,2.042623255235543,-7.409247069186428,32.42563893330276
DD.N,2025-04-03,-10.454873745007953,2.042623255235543,-5.118356367582999,32.42563893330276
DD.N,2025-04-04,-13.635965175457443,2.042623255235543,-6.675712293251565,32.42563893330276
DD.N,2025-04-09,11.663357547355924,2.042623255235543,5.709989601587581,32.42563893330276
DVA.N,2017-10-09,-10.439512125639627,2.0685219803561172,-5.046846117556053,32.83676844895872
DVA.N,2017-12-06,12.727519836322099,2.0685219803561172,6.152953634135871,32.83676844895872
DVA.N,2019-11-06,12.154844808371834,2.0685219803561172,5.87610135343075,32.83676844895872
DVA.N,2020-03-13,10.689779497671292,2.0685219803561172,5.167834617754914,32.83676844895872
DVA.N,2022-06-21,-16.26241179166268,2.0685219803561172,-7.8618510927609,32.83676844895872
DVA.N,2022-10-28,-31.595040710198496,2.0685219803561172,-15.27421076993298,32.83676844895872
DVA.N,2023-05-09,12.13512488103996,2.0685219803561172,5.866568011499098,32.83676844895872
DVA.N,2023-10-11,-18.464678213799868,2.0685219803561172,-8.926508100542875,32.83676844895872
DVA.N,2024-10-30,-11.42361779974852,2.0685219803561172,-5.522599183491311,32.83676844895872
DVA.N,2025-02-14,-11.757126546859897,2.0685219803561172,-5.683829641895219,32.83676844895872
DLR.N,2018-10-26,-9.692964110912072,1.747480577012652,-5.546822229911339,27.740394166146793
DLR.N,2020-03-10,10.813283562936427,1.747480577012652,6.18792775449437,27.740394166146793
DLR.N,2020-03-13,11.030271146893877,1.747480577012652,6.3120994258776335,27.740394166146793
DLR.N,2020-03-16,-11.077021965884626,1.747480577012652,-6.338852695473722,27.740394166146793
DLR.N,2020-03-19,-9.198819533643032,1.747480577012652,-5.264046796656574,27.740394166146793
DLR.N,2020-03-23,-11.623720137112503,1.747480577012652,-6.651702050378981,27.740394166146793
DLR.N,2020-03-26,9.94715138482718,1.747480577012652,5.692281514128188,27.740394166146793
DLR.N,2022-11-10,11.19409388467556,1.747480577012652,6.405847385046221,27.740394166146793
DLR.N,2024-10-25,9.181923588356522,1.747480577012652,5.254378050972776,27.740394166146793
DLR.N,2025-01-27,-9.13623042598335,1.747480577012652,-5.228230027942223,27.740394166146793
HAL.N,2020-03-09,-47.23016003833593,2.9025814179714913,-16.27177785467371,46.07705155241875
HAL.N,2020-03-12,-19.85443923008421,2.9025814179714913,-6.840269529445191,46.07705155241875
HAL.N,2020-03-16,-18.540322333136274,2.9025814179714913,-6.3875287763998125,46.07705155241875
HAL.N,2020-03-18,-28.659688515049385,2.9025814179714913,-9.873862051758948,46.07705155241875
HAL.N,2020-03-24,23.528330586482028,2.9025814179714913,8.106001933590935,46.07705155241875
HAL.N,2020-04-29,14.631695492149444,2.9025814179714913,5.0409250888042285,46.07705155241875
HAL.N,2020-05-18,15.879510036741706,2.9025814179714913,5.470823294886012,46.07705155241875
HAL.N,2020-06-11,-16.68661441771002,2.9025814179714913,-5.748887633054473,46.07705155241875
HAL.N,2020-11-09,15.786642957390429,2.9025814179714913,5.438828643925909,46.07705155241875
TPR.N,2017-08-15,-16.478015053696772,2.7451067222508985,-6.002686496714902,43.577218256445214
TPR.N,2019-02-07,-16.053069381249465,2.7451067222508985,-5.847885348547202,43.577218256445214
TPR.N,2019-08-15,-25.102875480374507,2.7451067222508985,-9.144589999688963,43.577218256445214
TPR.N,2020-03-09,-16.333248886468212,2.7451067222508985,-5.949950416891434,43.577218256445214
TPR.N,2020-03-12,-15.747625655363562,2.7451067222508985,-5.736616914642583,43.577218256445214
TPR.N,2020-03-16,-34.62549906350794,2.7451067222508985,-12.613534760905818,43.577218256445214
TPR.N,2020-03-17,13.885257583780275,2.7451067222508985,5.058184977374874,43.577218256445214
TPR.N,2020-03-24,25.9889195867586,2.7451067222508985,9.46736218890919,43.577218256445214
TPR.N,2020-04-01,-15.685704142500079,2.7451067222508985,-5.714059863449794,43.577218256445214
TPR.N,2020-04-06,16.197775513623114,2.7451067222508985,5.900599558599843,43.577218256445214
TPR.N,2022-05-12,14.408075552702204,2.7451067222508985,5.248639492197247,43.577218256445214
TPR.N,2023-08-10,-17.35338994518272,2.7451067222508985,-6.3215720556589154,43.577218256445214
TPR.N,2025-04-03,-13.824449647304249,2.7451067222508985,-5.03603358486866,43.577218256445214
TPR.N,2025-08-14,-17.095331938527014,2.7451067222508985,-6.227565507729841,43.577218256445214
TER.OQ,2018-04-25,-17.895374028383905,2.6325792281422955,-6.797658295363799,41.79089966603332
TER.OQ,2019-07-24,18.633373705163294,2.6325792281422955,7.077991615968234,41.79089966603332
TER.OQ,2020-03-24,13.890089705084963,2.6325792281422955,5.276228558137882,41.79089966603332
TER.OQ,2022-01-27,-25.373867189241217,2.6325792281422955,-9.63840590930535,41.79089966603332
TER.OQ,2024-07-25,-14.363420629032664,2.6325792281422955,-5.4560259670393085,41.79089966603332
TER.OQ,2025-03-11,-18.696220220718285,2.6325792281422955,-7.101864217743391,41.79089966603332
TER.OQ,2025-04-09,15.608272293318581,2.6325792281422955,5.928889860736578,41.79089966603332
TER.OQ,2025-07-30,17.29830394809495,2.6325792281422955,6.570857873212676,41.79089966603332
TER.OQ,2025-10-29,18.62616994506041,2.6325792281422955,7.075255227248809,41.79089966603332
CARR.N,2020-03-25,13.93902642441378,2.2786410853932564,6.117254057151406,36.1723058347491
CARR.N,2020-03-26,13.862989729590636,2.2786410853932564,6.083884740978463,36.1723058347491
CARR.N,2020-04-01,-13.64341522824839,2.2786410853932564,-5.9875227018886825,36.1723058347491
CARR.N,2020-04-02,-12.511884714659738,2.2786410853932564,-5.490941418929252,36.1723058347491
CARR.N,2020-04-03,24.223721012978984,2.2786410853932564,10.630775144124271,36.1723058347491
APTV.N,2016-06-24,-13.032422517826703,2.53980954040979,-5.131259769866037,40.318226528361336
APTV.N,2020-03-16,-26.257490798421124,2.53980954040979,-10.338370015802274,40.318226528361336
APTV.N,2020-03-18,-36.460171514862424,2.53980954040979,-14.355474666411286,40.318226528361336
APTV.N,2020-03-19,19.02384709799776,2.53980954040979,7.490265232615957,40.318226528361336
APTV.N,2020-04-06,14.270036305862854,2.53980954040979,5.61854583141712,40.318226528361336
APTV.N,2020-06-09,-14.209036533489172,2.53980954040979,-5.594528372074936,40.318226528361336
APTV.N,2024-10-31,-19.505612779185142,2.53980954040979,-7.679950984056064,40.318226528361336
AON.N,2019-03-05,-8.166057395862314,1.4226294354080418,-5.7401155864036415,22.58354216333943
AON.N,2020-03-09,-18.27592485821148,1.4226294354080418,-12.846581409985754,22.58354216333943
AON.N,2020-03-24,13.219010306605039,1.4226294354080418,9.291956132493162,22.58354216333943
AON.N,2020-04-01,-7.131535030269465,1.4226294354080418,-5.012925258518907,22.58354216333943
AON.N,2020-04-06,11.629699049858377,1.4226294354080418,8.174791523642781,22.58354216333943
AON.N,2021-07-26,7.887732985332985,1.4226294354080418,5.544474751480597,22.58354216333943
AON.N,2022-04-29,-9.912562546928338,1.4226294354080418,-6.967775514981661,22.58354216333943
AON.N,2024-07-26,7.737598789574296,1.4226294354080418,5.43894186145177,22.58354216333943
AON.N,2025-04-25,-8.33696987892214,1.4226294354080418,-5.860254027803742,22.58354216333943
CRM.N,2016-02-05,-13.847556772895864,2.1621638937285415,-6.404489878432138,34.323287739412855
CRM.N,2020-03-16,-17.302668284383582,2.1621638937285415,-8.00247767274756,34.323287739412855
CRM.N,2020-08-26,23.146798300706717,2.1621638937285415,10.705385640674649,34.323287739412855
CRM.N,2021-12-01,-12.49058300015573,2.1621638937285415,-5.776890011152835,34.323287739412855
CRM.N,2023-03-02,10.882626875182222,2.1621638937285415,5.033210898927595,34.323287739412855
CRM.N,2024-05-30,-21.986309737926746,2.1621638937285415,-10.16866011022526,34.323287739412855
LRCX.OQ,2019-01-24,14.580060994702793,2.6737640901517046,5.45300950386971,42.444689081977764
LRCX.OQ,2020-03-12,-15.104065034086922,2.6737640901517046,-5.648989411489159,42.444689081977764
LRCX.OQ,2020-03-16,-20.368028761341694,2.6737640901517046,-7.617735923809961,42.444689081977764
LRCX.OQ,2020-03-18,-16.64516415797781,2.6737640901517046,-6.225367533092044,42.444689081977764
LRCX.OQ,2020-03-24,17.894536867590993,2.6737640901517046,6.692638641345389,42.444689081977764
LRCX.OQ,2020-04-06,13.927352727242637,2.6737640901517046,5.208893626233279,42.444689081977764
LRCX.OQ,2025-04-09,16.572540152466253,2.6737640901517046,6.198205822835312,42.444689081977764
EME.N,2017-02-23,-10.5538984235662,2.023310984966174,-5.216152386847562,32.11906614699386
EME.N,2020-03-12,-20.23240256449954,2.023310984966174,-9.99965043180833,32.11906614699386
EME.N,2020-03-13,13.450925436912797,2.023310984966174,6.647977269365575,32.11906614699386
EME.N,2020-03-16,-17.860532020489963,2.023310984966174,-8.82737856572679,32.11906614699386
EME.N,2020-03-26,12.57460256491787,2.023310984966174,6.214863982032941,32.11906614699386
EME.N,2025-01-27,-21.22001694094875,2.023310984966174,-10.487768365130242,32.11906614699386
EME.N,2025-10-30,-18.154965401537293,2.023310984966174,-8.972899142264485,32.11906614699386
JBHT.OQ,2020-03-16,-15.3544044737564,1.813913082789177,-8.464796146762769,28.79497750168007
JBHT.OQ,2020-03-17,12.351522649202895,1.813913082789177,6.809324419343448,28.79497750168007
JBHT.OQ,2020-10-16,-10.23569466642904,1.813913082789177,-5.642880446448983,28.79497750168007
JBHT.OQ,2022-03-16,9.156593711702143,1.813913082789177,5.0479782072151105,28.79497750168007
JBHT.OQ,2022-04-01,-10.094883717477465,1.813913082789177,-5.565252168507982,28.79497750168007
JBHT.OQ,2022-05-18,-9.438866230707443,1.813913082789177,-5.203593446822546,28.79497750168007
JBHT.OQ,2023-10-18,-9.262514939210753,1.813913082789177,-5.10637197950421,28.79497750168007
JBHT.OQ,2025-04-03,-11.465434433524457,1.813913082789177,-6.320829009014339,28.79497750168007
JBHT.OQ,2025-05-12,9.287232538526435,1.813913082789177,5.119998651890119,28.79497750168007
JBHT.OQ,2025-10-16,20.001565787232423,1.813913082789177,11.02674983548653,28.79497750168007
ITW.N,2018-07-23,-7.491492667794208,1.4600151135798047,-5.131106245486631,23.177021405567313
ITW.N,2020-03-12,-12.231421000650666,1.4600151135798047,-8.377598893932337,23.177021405567313
ITW.N,2020-03-13,10.973782473444693,1.4600151135798047,7.516211559302372,23.177021405567313
ITW.N,2020-03-18,-11.790843536812812,1.4600151135798047,-8.075836631514651,23.177021405567313
ITW.N,2020-03-20,-8.054406808268055,1.4600151135798047,-5.516659884786733,23.177021405567313
ITW.N,2020-03-24,15.36303601214195,1.4600151135798047,10.522518478917242,23.177021405567313
J.N,2016-11-09,9.387249586227364,1.6880507609490114,5.5609995880395875,26.79697508354656
J.N,2017-11-21,8.894748601606217,1.6880507609490114,5.269242375511057,26.79697508354656
J.N,2018-05-08,9.079542690967246,1.6880507609490114,5.378714254933178,26.79697508354656
J.N,2018-11-20,-11.434387202746343,1.6880507609490114,-6.773722370954061,26.79697508354656
J.N,2020-03-12,-10.637112715622798,1.6880507609490114,-6.3014175649804995,26.79697508354656
J.N,2020-03-13,9.217999863771631,1.6880507609490114,5.460736179870166,26.79697508354656
J.N,2020-03-16,-9.53447585503131,1.6880507609490114,-5.648216318845227,26.79697508354656
J.N,2020-03-20,-12.900861361522953,1.6880507609490114,-7.642460558632829,26.79697508354656
J.N,2020-03-24,9.788941337658796,1.6880507609490114,5.798961479188882,26.79697508354656
J.N,2020-03-26,8.589585171693326,1.6880507609490114,5.088463789361592,26.79697508354656
J.N,2023-11-21,-9.08813971728728,1.6880507609490114,-5.383807126853215,26.79697508354656
J.N,2025-11-20,-11.59491443234888,1.6880507609490114,-6.868818580923652,26.79697508354656
XEL.OQ,2020-03-12,-8.638573943096972,1.3383583288964238,-6.4546046873860154,21.24577982011157
XEL.OQ,2020-03-13,8.6685006229553,1.3383583288964238,6.47696542532307,21.24577982011157
XEL.OQ,2020-03-16,-13.567098007260814,1.3383583288964238,-10.137119270926416,21.24577982011157
XEL.OQ,2020-03-17,10.66790428658102,1.3383583288964238,7.970887957470628,21.24577982011157
XEL.OQ,2020-03-20,-13.57262959065313,1.3383583288964238,-10.141252381822717,21.24577982011157
XEL.OQ,2020-03-24,7.788653865707129,1.3383583288964238,5.819557959585796,21.24577982011157
XEL.OQ,2024-02-29,-9.03114234061273,1.3383583288964238,-6.747925533559894,21.24577982011157
APH.N,2020-03-12,-11.493909488425436,1.606910331338365,-7.152800790603155,25.508910695410293
APH.N,2020-03-16,-15.251884616319167,1.606910331338365,-9.49143478567106,25.508910695410293
APH.N,2020-04-06,9.63460227144366,1.606910331338365,5.995731114267703,25.508910695410293
APH.N,2024-07-17,-9.202060986967364,1.606910331338365,-5.726555369958412,25.508910695410293
APH.N,2024-09-03,-8.570486512262487,1.606910331338365,-5.333518831212126,25.508910695410293
APH.N,2025-01-27,-13.429047620644763,1.606910331338365,-8.357060975182085,25.508910695410293
APH.N,2025-04-09,9.6867753631396,1.606910331338365,6.028199068875031,25.508910695410293
STT.N,2020-03-09,-13.26527309833141,2.056099201518349,-6.4516697873991316,32.63956294857617
STT.N,2020-03-12,-11.879849847154489,2.056099201518349,-5.777858304882218,32.63956294857617
STT.N,2020-03-13,20.146385169884915,2.056099201518349,9.798352703511387,32.63956294857617
STT.N,2020-03-16,-20.981114557561177,2.056099201518349,-10.204329899096038,32.63956294857617
STT.N,2020-03-24,11.693410641381163,2.056099201518349,5.687182132431177,32.63956294857617
STT.N,2020-11-09,11.908559545941788,2.056099201518349,5.791821492439559,32.63956294857617
STT.N,2023-07-14,-12.878446093113904,2.056099201518349,-6.26353343438083,32.63956294857617
ZTS.N,2020-03-16,-15.894378694255895,1.6137843212593421,-9.849134413359813,25.61803190248431
ZTS.N,2020-03-23,-8.5589400923614,1.6137843212593421,-5.3036455860980825,25.61803190248431
ZTS.N,2020-03-24,11.314366001968601,1.6137843212593421,7.011076915866463,25.61803190248431
ZTS.N,2020-03-26,8.584783800502471,1.6137843212593421,5.319659936839143,25.61803190248431
ZTS.N,2020-04-06,10.09971140312489,1.6137843212593421,6.258402235091378,25.61803190248431
ZTS.N,2022-11-03,-11.661311767152327,1.6137843212593421,-7.226065846303574,25.61803190248431
ZTS.N,2024-04-12,-8.159043379928033,1.6137843212593421,-5.055844992694559,25.61803190248431
ZTS.N,2025-11-04,-14.825652696787195,1.6137843212593421,-9.186886067413123,25.61803190248431
SBAC.OQ,2020-03-16,-9.356988082060269,1.7010285797262117,-5.500782405176472,27.002991569813776
SBAC.OQ,2020-03-24,11.715369278303722,1.7010285797262117,6.887226598032447,27.002991569813776
SBAC.OQ,2020-04-08,8.783635769152554,1.7010285797262117,5.163720277155084,27.002991569813776
GEN.OQ,2018-05-11,-40.20439621096932,2.052066969396907,-19.592146265472614,32.57555324804525
GEN.OQ,2018-11-06,11.855973472455572,2.052066969396907,5.777576292229871,32.57555324804525
GEN.OQ,2019-05-10,-13.398255437365991,2.052066969396907,-6.529151161817919,32.57555324804525
GEN.OQ,2019-07-03,12.729023761403102,2.052066969396907,6.203025510977404,32.57555324804525
GEN.OQ,2019-07-15,-11.290640451528544,2.052066969396907,-5.502081861805324,32.57555324804525
GEN.OQ,2019-08-08,11.598491502478536,2.052066969396907,5.65210184436002,32.57555324804525
GEN.OQ,2020-02-07,11.367339752640948,2.052066969396907,5.539458469029281,32.57555324804525
GEN.OQ,2022-03-16,-14.2538959782605,2.052066969396907,-6.946116374773896,32.57555324804525
GEN.OQ,2024-02-02,-11.929965336726633,2.052066969396907,-5.813633528847645,32.57555324804525
GEN.OQ,2024-05-10,14.270745260491546,2.052066969396907,6.9543272579869315,32.57555324804525
NVDA.OQ,2016-11-11,26.087622811656164,3.065700989453965,8.509513126491392,48.66649447307905
NVDA.OQ,2017-05-10,16.403807809618066,3.065700989453965,5.350752687899861,48.66649447307905
NVDA.OQ,2018-11-16,-20.771158135197965,3.065700989453965,-6.7753372578248525,48.66649447307905
NVDA.OQ,2020-03-16,-20.39794166758815,3.065700989453965,-6.653597900694564,48.66649447307905
NVDA.OQ,2020-03-24,15.833982034426363,3.065700989453965,5.16488140523012,48.66649447307905
NVDA.OQ,2023-05-25,21.808789562282005,3.065700989453965,7.113801912614573,48.66649447307905
NVDA.OQ,2025-01-27,-18.594612349652806,3.065700989453965,-6.065370502086934,48.66649447307905
NVDA.OQ,2025-04-09,17.162068474979897,3.065700989453965,5.5980894855752545,48.66649447307905
AAPL.OQ,2019-01-03,-10.492438427688855,1.7948573201145728,-5.845834267772929,28.492476647202054
AAPL.OQ,2020-03-12,-10.397777709151867,1.7948573201145728,-5.793094299266159,28.492476647202054
AAPL.OQ,2020-03-13,11.3157458466274,1.7948573201145728,6.304537814685499,28.492476647202054
AAPL.OQ,2020-03-16,-13.770807574023802,1.7948573201145728,-7.672368950833795,28.492476647202054
AAPL.OQ,2020-03-24,9.560591374316463,1.7948573201145728,5.3266581511371465,28.492476647202054
AAPL.OQ,2020-07-31,9.956351885827353,1.7948573201145728,5.54715507146373,28.492476647202054
AAPL.OQ,2025-04-03,-9.701335791648358,1.7948573201145728,-5.4050735303177655,28.492476647202054
AAPL.OQ,2025-04-09,14.261741087192092,1.7948573201145728,7.945891256850271,28.492476647202054
MAS.N,2016-10-25,-9.955038443137854,1.7842783545616205,-5.579307969346356,28.324540775313473
MAS.N,2020-03-16,-12.42755416798862,1.7842783545616205,-6.965031064921451,28.324540775313473
MAS.N,2020-03-20,-10.0325806424296,1.7842783545616205,-5.622766546923955,28.324540775313473
MAS.N,2020-03-24,13.851351262681,1.7842783545616205,7.7629991011599415,28.324540775313473
MAS.N,2022-11-10,10.784355688392955,1.7842783545616205,6.044099375426523,28.324540775313473
MAS.N,2025-04-03,-10.230049953123554,1.7842783545616205,-5.7334383544864425,28.324540775313473
MAS.N,2025-05-12,10.7676671875657,1.7842783545616205,6.034746293949863,28.324540775313473
NUE.N,2016-11-09,11.48153851772058,2.2236334040745964,5.163413401094693,35.29908596494429
NUE.N,2020-03-09,-13.17657218416759,2.2236334040745964,-5.925694478245729,35.29908596494429
NUE.N,2020-03-13,12.054213982530504,2.2236334040745964,5.420953813898597,35.29908596494429
NUE.N,2020-03-16,-15.675824323433929,2.2236334040745964,-7.049644197064802,35.29908596494429
NUE.N,2020-03-24,11.801758473685364,2.2236334040745964,5.307420931912503,35.29908596494429
NUE.N,2022-09-14,-11.999893494438396,2.2236334040745964,-5.396525107263515,35.29908596494429
NUE.N,2024-11-06,14.837469792956437,2.2236334040745964,6.672624078127352,35.29908596494429
NUE.N,2025-04-03,-11.385877782543652,2.2236334040745964,-5.120393389342018,35.29908596494429
PPG.N,2016-10-07,-8.641551686572324,1.6692831990873198,-5.176803846882956,26.499049275140223
PPG.N,2018-10-09,-10.598937632505923,1.6692831990873198,-6.349394541501939,26.499049275140223
PPG.N,2020-03-16,-13.3485892924055,1.6692831990873198,-7.996599558243824,26.499049275140223
PPG.N,2020-03-18,-12.488883215815694,1.6692831990873198,-7.481584444535228,26.499049275140223
PPG.N,2020-03-23,-9.493393348396495,1.6692831990873198,-5.68710770801923,26.499049275140223
PPG.N,2020-03-24,12.374225567547104,1.6692831990873198,7.41289768824889,26.499049275140223
PPG.N,2020-06-11,-9.095430988888609,1.6692831990873198,-5.448704566044595,26.499049275140223
PPG.N,2021-04-16,8.36881151858666,1.6692831990873198,5.013416251455898,26.499049275140223
PPG.N,2022-11-10,8.901643039424911,1.6692831990873198,5.332614049127124,26.499049275140223
PPG.N,2025-04-09,11.771030044887443,1.6692831990873198,7.051547665083582,26.499049275140223
IRM.N,2019-04-25,-9.32197323842896,1.8119660485183593,-5.144673238249424,28.764069290831852
IRM.N,2020-03-12,-11.74909247356175,1.8119660485183593,-6.484168112956066,28.764069290831852
IRM.N,2020-03-16,-16.29857308011178,1.8119660485183593,-8.994966044446079,28.764069290831852
IRM.N,2020-03-20,-10.165484704463434,1.8119660485183593,-5.61019601486227,28.764069290831852
IRM.N,2020-05-07,11.331239216071465,1.8119660485183593,6.253560449069669,28.764069290831852
IRM.N,2021-01-27,10.263224641541013,1.8119660485183593,5.6641373881884975,28.764069290831852
IRM.N,2021-01-28,-10.23328900293996,1.8119660485183593,-5.647616306777767,28.764069290831852
IRM.N,2022-09-20,-10.362159098140511,1.8119660485183593,-5.718738000976136,28.764069290831852
IRM.N,2024-11-06,-9.408608242318017,1.8119660485183593,-5.192485946417934,28.764069290831852
IRM.N,2025-04-09,9.373726669390958,1.8119660485183593,5.17323526953269,28.764069290831852
VMC.N,2016-11-09,9.41477997575495,1.8632241361816435,5.052950846294272,29.577766206658634
VMC.N,2018-10-30,16.121760808684993,1.8632241361816435,8.652614838772838,29.577766206658634
VMC.N,2020-03-12,-9.342436448002811,1.8632241361816435,-5.014123779626709,29.577766206658634
VMC.N,2020-03-16,-14.451037609868411,1.8632241361816435,-7.755930877689959,29.577766206658634
VMC.N,2020-03-18,-19.376434396137565,1.8632241361816435,-10.399411439488018,29.577766206658634
VMC.N,2020-03-19,16.352351545152022,1.8632241361816435,8.776373828359343,29.577766206658634
VMC.N,2020-03-25,11.382180875247805,1.8632241361816435,6.108862940437011,29.577766206658634
VMC.N,2020-11-04,-9.640294500855084,1.8632241361816435,-5.173985412517898,29.577766206658634
SCHW.N,2016-06-24,-12.696109826473645,2.0934162857105694,-6.064780289107285,33.23195329513623
SCHW.N,2020-03-09,-12.001963988498865,2.0934162857105694,-5.733195098568287,33.23195329513623
SCHW.N,2020-03-12,-13.163899465631834,2.0934162857105694,-6.288237822303749,33.23195329513623
SCHW.N,2020-03-13,17.5084741166772,2.0934162857105694,8.36358933299035,33.23195329513623
SCHW.N,2020-03-25,10.643415784772925,2.0934162857105694,5.084232819541778,33.23195329513623
SCHW.N,2023-03-09,-13.66107446391105,2.0934162857105694,-6.525732391192354,33.23195329513623
SCHW.N,2023-03-10,-12.431099121943934,2.0934162857105694,-5.938187835261078,33.23195329513623
SCHW.N,2023-03-13,-12.292827699491315,2.0934162857105694,-5.87213722535781,33.23195329513623
SCHW.N,2023-07-18,11.83891881222836,2.0934162857105694,5.655310361842279,33.23195329513623
SCHW.N,2024-07-16,-10.733098883842018,2.0934162857105694,-5.127073366680568,33.23195329513623
CEG.OQ,2022-07-28,15.113618479086544,3.0045459551724725,5.030250395427539,47.69568840030829
CEG.OQ,2024-02-27,15.631446407891048,3.0045459551724725,5.202598542711836,47.69568840030829
CEG.OQ,2024-09-20,20.124606947111978,3.0045459551724725,6.698052633365945,47.69568840030829
CEG.OQ,2025-01-10,22.442226097548446,3.0045459551724725,7.469423477751458,47.69568840030829
CEG.OQ,2025-01-27,-23.382089055999433,3.0045459551724725,-7.78223711830602,47.69568840030829
CEG.OQ,2025-04-09,15.269741591235508,3.0045459551724725,5.082212693384803,47.69568840030829
A.N,2018-05-15,-10.197880411141558,1.7005429714539693,-5.9968378231702895,26.99528277747609
A.N,2019-05-15,-11.66653865475693,1.7005429714539693,-6.860478594540898,26.99528277747609
A.N,2020-03-09,-10.471012752286324,1.7005429714539693,-6.157452606642204,26.99528277747609
A.N,2020-03-13,8.722159351342285,1.7005429714539693,5.129043780578395,26.99528277747609
A.N,2020-03-17,9.38490104672347,1.7005429714539693,5.51876736093258,26.99528277747609
A.N,2024-05-30,-10.164031864906597,1.7005429714539693,-5.976933271034204,26.99528277747609
SYY.N,2016-11-07,9.371933063733096,1.8473887406795924,5.073070359996605,29.32638709619397
SYY.N,2018-11-05,-9.916104116784386,1.8473887406795924,-5.367632647331488,29.32638709619397
SYY.N,2020-03-11,-12.382899114312185,1.8473887406795924,-6.702920095613948,29.32638709619397
SYY.N,2020-03-12,-23.706594896692266,1.8473887406795924,-12.832488568687175,29.32638709619397
SYY.N,2020-03-16,-22.06503797180175,1.8473887406795924,-11.943906274802108,29.32638709619397
SYY.N,2020-03-18,-11.536155452160335,1.8473887406795924,-6.2445738669580555,29.32638709619397
SYY.N,2020-03-19,17.218715010102102,1.8473887406795924,9.32056942371962,29.32638709619397
SYY.N,2020-03-25,15.795491296156294,1.8473887406795924,8.550171898495853,29.32638709619397
SYY.N,2020-03-26,15.83041451927647,1.8473887406795924,8.569075999376823,29.32638709619397
SYY.N,2020-04-06,13.05840153977651,1.8473887406795924,7.0685726573026315,29.32638709619397
SYY.N,2020-04-17,9.523067590859213,1.8473887406795924,5.154880172841151,29.32638709619397
SYY.N,2020-05-18,10.136261448859996,1.8473887406795924,5.486804821128879,29.32638709619397
SYY.N,2020-11-09,15.522985881762619,1.8473887406795924,8.402663467599263,29.32638709619397
ROP.OQ,2018-10-26,7.280960301365891,1.4204155301896015,5.125936844969588,22.548397507533863
ROP.OQ,2020-03-09,-10.528757122400911,1.4204155301896015,-7.41244861001731,22.548397507533863
ROP.OQ,2020-03-10,7.990608498615082,1.4204155301896015,5.625542898385848,22.548397507533863
ROP.OQ,2020-03-12,-10.481386183594399,1.4204155301896015,-7.379098553079965,22.548397507533863
ROP.OQ,2020-03-13,7.474609354605999,1.4204155301896015,5.262269523065736,22.548397507533863
ROP.OQ,2020-03-16,-10.149795010512541,1.4204155301896015,-7.145651955211807,22.548397507533863
ROP.OQ,2020-03-17,8.823741320983647,1.4204155301896015,6.212084515723245,22.548397507533863
ROP.OQ,2020-03-18,-7.41800769294505,1.4204155301896015,-5.222420858743266,22.548397507533863
ROP.OQ,2020-03-23,-10.746212013174006,1.4204155301896015,-7.565541058073033,22.548397507533863
ROP.OQ,2020-03-24,10.650810702120417,1.4204155301896015,7.498376690304641,22.548397507533863
ROP.OQ,2020-03-26,7.150974731506565,1.4204155301896015,5.034424490241972,22.548397507533863
ROP.OQ,2020-10-28,-7.114927493562373,1.4204155301896015,-5.00904653767947,22.548397507533863
ROP.OQ,2021-01-29,-7.3389629003968615,1.4204155301896015,-5.166771796290649,22.548397507533863
ROP.OQ,2024-07-24,-7.65125722251252,1.4204155301896015,-5.386633037933066,22.548397507533863
ON.OQ,2020-03-16,-20.451212612332004,3.1120292918338883,-6.571664561769052,49.40193347364552
ON.OQ,2020-03-18,-31.251899559872065,3.1120292918338883,-10.042289653853363,49.40193347364552
ON.OQ,2020-03-19,21.816074351977743,3.1120292918338883,7.010240684181268,49.40193347364552
ON.OQ,2020-03-24,18.680814077268337,3.1120292918338883,6.002775785654612,49.40193347364552
ON.OQ,2020-04-06,16.247322461419998,3.1120292918338883,5.220812832338609,49.40193347364552
ON.OQ,2023-10-30,-24.548171796140483,3.1120292918338883,-7.888155764007763,49.40193347364552
ON.OQ,2025-04-09,20.450456597287303,3.1120292918338883,6.571421628629995,49.40193347364552
ON.OQ,2025-08-04,-16.931256091206937,3.1120292918338883,-5.44058378101882,49.40193347364552
SRE.N,2018-06-11,14.442764388260665,1.553833565145975,9.294923672796216,24.666343152966782
SRE.N,2020-03-09,-10.47576414171374,1.553833565145975,-6.741883028334243,24.666343152966782
SRE.N,2020-03-12,-16.479407986069994,1.553833565145975,-10.605645518104016,24.666343152966782
SRE.N,2020-03-16,-18.772332549937467,1.553833565145975,-12.081301994640524,24.666343152966782
SRE.N,2020-03-17,10.447996559584993,1.553833565145975,6.724012657432494,24.666343152966782
SRE.N,2020-03-24,10.757386400884172,1.553833565145975,6.923126544684707,24.666343152966782
SRE.N,2020-03-25,9.16945525206323,1.553833565145975,5.9011823774072,24.666343152966782
SRE.N,2020-03-26,8.067667342015472,1.553833565145975,5.192105205461664,24.666343152966782
SRE.N,2020-04-01,-8.570077661951192,1.553833565145975,-5.515441199229131,24.666343152966782
SRE.N,2020-04-06,8.946967497917058,1.553833565145975,5.757996029051242,24.666343152966782
SRE.N,2025-02-25,-21.0378390514542,1.553833565145975,-13.539313040568665,24.666343152966782
PSKY.OQ,2020-02-20,-19.706383853115828,3.0373130063020533,-6.488097806260827,48.215849211223144
PSKY.OQ,2020-03-12,-20.438127485868705,3.0373130063020533,-6.729015891171602,48.215849211223144
PSKY.OQ,2020-03-16,-18.647651816677822,3.0373130063020533,-6.139522590522026,48.215849211223144
PSKY.OQ,2020-03-24,26.82118367159161,3.0373130063020533,8.830562940316304,48.215849211223144
PSKY.OQ,2021-03-24,-26.368019842205648,3.0373130063020533,-8.681364017305832,48.215849211223144
PSKY.OQ,2021-03-26,-31.896252669733638,3.0373130063020533,-10.501470412681476,48.215849211223144
PSKY.OQ,2022-02-16,-19.61426648082858,3.0373130063020533,-6.457769232256068,48.215849211223144
PSKY.OQ,2023-05-04,-33.34187991343227,3.0373130063020533,-10.977426377937324,48.215849211223144
PSKY.OQ,2025-08-13,31.288592681507097,3.0373130063020533,10.301405425317409,48.215849211223144
PCG.N,2018-11-12,-19.09761343118106,3.7477770498465595,-5.095717588633761,59.49411625925591
PCG.N,2018-11-14,-24.57848615628486,3.7477770498465595,-6.558150559487296,59.49411625925591
PCG.N,2018-11-15,-36.637967329026424,3.7477770498465595,-9.775919656300378,59.49411625925591
PCG.N,2018-11-16,31.8761155417723,3.7477770498465595,8.505339329904206,59.49411625925591
PCG.N,2019-01-07,-25.277920077072082,3.7477770498465595,-6.74477690131194,59.49411625925591
PCG.N,2019-01-15,-19.287827671441327,3.7477770498465595,-5.146471472264072,59.49411625925591
PCG.N,2019-04-12,18.770865818773743,3.7477770498465595,5.008533210251195,59.49411625925591
PCG.N,2019-08-19,-29.142389159777604,3.7477770498465595,-7.775913233945104,59.49411625925591
PCG.N,2019-10-10,-34.32345761987277,3.7477770498465595,-9.158350980690814,59.49411625925591
PCG.N,2019-10-25,-36.46431135879094,3.7477770498465595,-9.729583930368495,59.49411625925591
PCG.N,2019-10-28,-27.443684570176032,3.7477770498465595,-7.32265665891188,59.49411625925591
PCG.N,2019-10-29,28.04189173793079,3.7477770498465595,7.48227318887042,59.49411625925591
PCG.N,2019-10-30,19.94047580474032,3.7477770498465595,5.320614203973718,59.49411625925591
PCG.N,2020-03-12,-28.436531982578693,3.7477770498465595,-7.587573007776152,59.49411625925591
PCG.N,2020-03-18,-23.761874602307476,3.7477770498465595,-6.340258314800323,59.49411625925591
PCG.N,2020-04-08,24.049505662540938,3.7477770498465595,6.417005425529666,59.49411625925591
KEY.N,2020-03-09,-20.11938839340428,2.5004182586842814,-8.046409165157469,39.69290931674267
KEY.N,2020-03-13,15.795471143619721,2.5004182586842814,6.317131579390757,39.69290931674267
KEY.N,2020-03-16,-24.237681990885296,2.5004182586842814,-9.69345104832147,39.69290931674267
KEY.N,2020-03-18,-22.70574506353462,2.5004182586842814,-9.08077877958001,39.69290931674267
KEY.N,2020-03-19,13.613217432458002,2.5004182586842814,5.444376109947809,39.69290931674267
KEY.N,2020-03-24,13.22162759010408,2.5004182586842814,5.287766374359021,39.69290931674267
KEY.N,2020-03-26,15.444158892021909,2.5004182586842814,6.176630185122955,39.69290931674267
KEY.N,2020-11-09,17.028897635970665,2.5004182586842814,6.810419647523794,39.69290931674267
KEY.N,2023-03-13,-31.925226186447198,2.5004182586842814,-12.767954351463676,39.69290931674267
KEY.N,2024-11-06,14.583946177244211,2.5004182586842814,5.832602656212515,39.69290931674267
KEY.N,2025-04-03,-12.936194768432507,2.5004182586842814,-5.1736123440562,39.69290931674267
MRSH.N,2020-03-16,-11.573222030845542,1.2600828200714438,-9.18449315116396,20.003194639523937
MRSH.N,2020-03-18,-12.860030911628595,1.2600828200714438,-10.205702916336453,20.003194639523937
MRSH.N,2020-03-24,12.53318753142052,1.2600828200714438,9.946320457499704,20.003194639523937
MRSH.N,2020-04-06,8.891819365341291,1.2600828200714438,7.056535668692908,20.003194639523937
MRSH.N,2020-04-08,6.86419327221639,1.2600828200714438,5.44741437854633,20.003194639523937
MRSH.N,2025-10-16,-8.906043453776036,1.2600828200714438,-7.067823885791161,20.003194639523937
MCD.N,2020-03-10,6.725744806883416,1.2613289796675444,5.332268516224973,20.022976809835008
MCD.N,2020-03-12,-10.12080159859563,1.2613289796675444,-8.02391902647256,20.022976809835008
MCD.N,2020-03-16,-17.287050847713648,1.2613289796675444,-13.705425885219963,20.022976809835008
MCD.N,2020-03-18,-7.247309156798121,1.2613289796675444,-5.745772335071803,20.022976809835008
MCD.N,2020-03-19,8.512808005681638,1.2613289796675444,6.7490782681655395,20.022976809835008
MCD.N,2020-03-23,-7.980702933970196,1.2613289796675444,-6.327217611438464,20.022976809835008
MCD.N,2020-03-24,16.657705904906983,1.2613289796675444,13.20647204133655,20.022976809835008
MCD.N,2020-04-06,9.91415045420485,1.2613289796675444,7.860082987087143,20.022976809835008
ULTA.OQ,2016-03-11,15.937426317999481,2.3990462275876823,6.643234354856544,38.08367821166803
ULTA.OQ,2018-12-07,-14.071658334300619,2.3990462275876823,-5.865521961388015,38.08367821166803
ULTA.OQ,2019-08-30,-35.02817752792345,2.3990462275876823,-14.600876433775683,38.08367821166803
ULTA.OQ,2020-03-16,-24.825581632381688,2.3990462275876823,-10.348104737166572,38.08367821166803
ULTA.OQ,2020-03-18,-18.475660190566412,2.3990462275876823,-7.701252263548202,38.08367821166803
ULTA.OQ,2020-03-19,13.42800230062382,2.3990462275876823,5.597225324885093,38.08367821166803
ULTA.OQ,2020-03-24,21.495597753627216,2.3990462275876823,8.960059838130642,38.08367821166803
ULTA.OQ,2020-04-06,18.54640767913427,2.3990462275876823,7.730742103199602,38.08367821166803
ULTA.OQ,2020-11-09,13.946667852645334,2.3990462275876823,5.8134218891935046,38.08367821166803
ULTA.OQ,2023-05-26,-14.349892113782037,2.3990462275876823,-5.98149879263115,38.08367821166803
ULTA.OQ,2024-04-03,-16.6483966199495,2.3990462275876823,-6.939589753837298,38.08367821166803
ULTA.OQ,2025-03-14,12.819073442971796,2.3990462275876823,5.343404097661671,38.08367821166803
TDG.N,2016-02-09,-13.625739764688038,2.106128288340735,-6.4695678036890945,33.43375008088633
TDG.N,2019-08-06,12.812206024506168,2.106128288340735,6.083298009638327,33.43375008088633
TDG.N,2020-03-09,-10.710453058361491,2.106128288340735,-5.085375433991002,33.43375008088633
TDG.N,2020-03-12,-12.709503360113583,2.106128288340735,-6.034534282869576,33.43375008088633
TDG.N,2020-03-16,-20.325676966781625,2.106128288340735,-9.650730717260698,33.43375008088633
TDG.N,2020-03-18,-24.81268715323397,2.106128288340735,-11.781185073385098,33.43375008088633
TDG.N,2020-03-19,21.83556725284621,2.106128288340735,10.367634001083982,33.43375008088633
TDG.N,2020-03-26,13.848567987499028,2.106128288340735,6.575367732423036,33.43375008088633
TDG.N,2020-04-01,-16.112917727194098,2.106128288340735,-7.6504920504573315,33.43375008088633
TDG.N,2020-04-08,13.628133497753758,2.106128288340735,6.470704359842379,33.43375008088633
TDG.N,2020-04-17,11.449118647652412,2.106128288340735,5.436097464258618,33.43375008088633
TDG.N,2020-05-18,13.10822420560358,2.106128288340735,6.223848888108614,33.43375008088633
TDG.N,2025-08-05,-12.710082101826536,2.106128288340735,-6.03480907226211,33.43375008088633
AXP.N,2016-01-22,-12.898055196808667,1.9473097452850812,-6.6235252137149985,30.91258386982114
AXP.N,2020-03-12,-13.266306410226303,1.9473097452850812,-6.812632886138076,30.91258386982114
AXP.N,2020-03-13,17.595631582273707,1.9473097452850812,9.035866854195685,30.91258386982114
AXP.N,2020-03-16,-14.832763990615927,1.9473097452850812,-7.6170542598729964,30.91258386982114
AXP.N,2020-03-18,-16.038784679390528,1.9473097452850812,-8.236380841940731,30.91258386982114
AXP.N,2020-03-24,19.78852334991874,1.9473097452850812,10.161980341253699,30.91258386982114
AXP.N,2020-04-06,13.062295526148926,1.9473097452850812,6.707867383592147,30.91258386982114
AXP.N,2020-11-09,19.382135361657582,1.9473097452850812,9.953288329494848,30.91258386982114
AXP.N,2023-01-27,10.020869968449908,1.9473097452850812,5.146007199272183,30.91258386982114
AXP.N,2025-04-03,-10.497709941444189,1.9473097452850812,-5.390878347351644,30.91258386982114
AXP.N,2025-04-09,12.561300781151719,1.9473097452850812,6.450592059925617,30.91258386982114
MOS.N,2020-03-09,-18.20418756286579,2.8062950001065365,-6.486911590611357,44.54855205459525
MOS.N,2020-03-12,-16.86405052386042,2.8062950001065365,-6.009364846967337,44.54855205459525
MOS.N,2020-03-18,-32.16906084187041,2.8062950001065365,-11.463178618302482,44.54855205459525
MOS.N,2020-03-19,15.923250802158995,2.8062950001065365,5.674118651657967,44.54855205459525
MOS.N,2020-03-20,15.415067982725805,2.8062950001065365,5.493031909382512,44.54855205459525
MOS.N,2020-03-24,14.886870389935769,2.8062950001065365,5.30481306825213,44.54855205459525
MOS.N,2025-08-06,-14.286372101483025,2.8062950001065365,-5.090830472541435,44.54855205459525
AVGO.OQ,2018-07-12,-14.78582175019203,2.406038619018264,-6.145296934687229,38.19467898443765
AVGO.OQ,2020-03-16,-22.205542353319885,2.406038619018264,-9.229088086034302,38.19467898443765
AVGO.OQ,2020-03-18,-17.267449005264712,2.406038619018264,-7.17671315363606,38.19467898443765
AVGO.OQ,2020-03-19,14.698519026743373,2.406038619018264,6.1090120958826555,38.19467898443765
AVGO.OQ,2024-12-13,21.859430629783816,2.406038619018264,9.085236810830212,38.19467898443765
AVGO.OQ,2025-01-27,-19.11219156897186,2.406038619018264,-7.943426767094125,38.19467898443765
AVGO.OQ,2025-04-09,17.111801090653067,2.406038619018264,7.1120226231593895,38.19467898443765
AVGO.OQ,2025-12-12,-12.135450654294644,2.406038619018264,-5.043747244275852,38.19467898443765
CAT.N,2019-01-28,-9.569751185870246,1.8810404973930934,-5.087477488726491,29.8605921728602
CAT.N,2020-03-09,-15.410949790611639,1.8810404973930934,-8.19277937501582,29.8605921728602
CAT.N,2020-03-24,9.83243883866285,1.8810404973930934,5.227127673375178,29.8605921728602
CAT.N,2025-04-09,9.423438248170424,1.8810404973930934,5.009694507497435,29.8605921728602
CAT.N,2025-10-29,11.006087460288683,1.8810404973930934,5.851063534007832,29.8605921728602
UNH.N,2020-03-04,10.182711911972575,1.8212608562754573,5.5910233160100855,28.911619789688466
UNH.N,2020-03-12,-10.372985895731812,1.8212608562754573,-5.695497083786742,28.911619789688466
UNH.N,2020-03-16,-18.967095012583624,1.8212608562754573,-10.414265999968835,28.911619789688466
UNH.N,2020-03-18,-11.78956453870068,1.8212608562754573,-6.473298153901334,28.911619789688466
UNH.N,2020-03-24,12.043668997232526,1.8212608562754573,6.612819331033257,28.911619789688466
UNH.N,2020-11-04,9.83467123015691,1.8212608562754573,5.3999245612016065,28.911619789688466
UNH.N,2025-04-17,-25.334076152011242,1.8212608562754573,-13.910185388720384,28.911619789688466
UNH.N,2025-05-13,-19.58623255620502,1.8212608562754573,-10.754215953589183,28.911619789688466
UNH.N,2025-05-15,-11.572758647399795,1.8212608562754573,-6.3542565072564585,28.911619789688466
UNH.N,2025-08-15,11.313528931890726,1.8212608562754573,6.211921204427186,28.911619789688466
NWS.OQ,2018-08-10,-13.538840337173541,1.8505384184419407,-7.316162800106878,29.376386680608952
NWS.OQ,2020-03-12,-9.41514311231062,1.8505384184419407,-5.08778581329735,29.376386680608952
NWS.OQ,2020-03-13,11.896186403761977,1.8505384184419407,6.428500097705597,29.376386680608952
NWS.OQ,2020-03-18,-15.7264976956617,1.8505384184419407,-8.498336234976744,29.376386680608952
NWS.OQ,2020-05-08,12.48076505933482,1.8505384184419407,6.744396622601864,29.376386680608952
NWS.OQ,2022-05-06,-14.711406904596025,1.8505384184419407,-7.949798154951186,29.376386680608952
NWS.OQ,2023-02-10,-10.29653049318715,1.8505384184419407,-5.564072807446119,29.376386680608952
DOW.N,2020-03-09,-24.40823126038314,2.3696208504299046,-10.300479612995858,37.61656483050547
DOW.N,2020-03-12,-16.763888000146963,2.3696208504299046,-7.074502234020098,37.61656483050547
DOW.N,2020-03-16,-15.505935776347624,2.3696208504299046,-6.543635777653832,37.61656483050547
DOW.N,2020-03-17,18.98687624293376,2.3696208504299046,8.012622035921526,37.61656483050547
DOW.N,2025-04-09,14.575777838052195,2.3696208504299046,6.151101276564058,37.61656483050547
DOW.N,2025-07-24,-19.17833668874551,2.3696208504299046,-8.093419960102947,37.61656483050547
DOW.N,2025-10-23,12.176893699360747,2.3696208504299046,5.138751921916779,37.61656483050547
WMB.N,2016-01-06,-13.957206294802393,2.452537799909452,-5.690924027885603,38.9328305972754
WMB.N,2016-01-13,-19.49768729321706,2.452537799909452,-7.950004804793188,38.9328305972754
WMB.N,2016-01-14,29.554964573939955,2.452537799909452,12.050768218549427,38.9328305972754
WMB.N,2016-01-15,-12.753519041235695,2.452537799909452,-5.200131488985228,38.9328305972754
WMB.N,2016-01-22,20.756143156696716,2.452537799909452,8.463128746665204,38.9328305972754
WMB.N,2016-02-08,-42.791141376043115,2.452537799909452,-17.447699023282322,38.9328305972754
WMB.N,2020-03-09,-15.195633653392981,2.452537799909452,-6.195881528902024,38.9328305972754
WMB.N,2020-03-12,-18.682606891505937,2.452537799909452,-7.617663178196765,38.9328305972754
WMB.N,2020-03-13,17.363077849622677,2.452537799909452,7.0796372028450385,38.9328305972754
WMB.N,2020-03-16,-15.869398100171628,2.452537799909452,-6.470602859110889,38.9328305972754
WMB.N,2020-03-18,-27.10581714316249,2.452537799909452,-11.052150610752356,38.9328305972754
WMB.N,2020-03-19,15.67727218940016,2.452537799909452,6.392265264975311,38.9328305972754
WMB.N,2020-03-24,14.733700044832787,2.452537799909452,6.007532297922893,38.9328305972754
MAA.N,2020-03-12,-12.95698104801799,1.510206799273181,-8.579607146686012,23.973789714934064
MAA.N,2020-03-16,-18.279786068483617,1.510206799273181,-12.104160885304683,23.973789714934064
MAA.N,2020-03-18,-12.272142665667563,1.510206799273181,-8.126133898730817,23.973789714934064
MAA.N,2020-03-20,-12.82172978007532,1.510206799273181,-8.490049035831417,23.973789714934064
MAA.N,2020-03-25,9.267669217958652,1.510206799273181,6.136688844480712,23.973789714934064
MAA.N,2020-04-06,11.003623902121351,1.510206799273181,7.286170283048043,23.973789714934064
GDDY.N,2016-08-04,11.562206198476188,2.1001873763265597,5.505321253144401,33.339441026383795
GDDY.N,2019-11-07,14.837071152287074,2.1001873763265597,7.06464162175787,33.339441026383795
GDDY.N,2020-03-12,-11.634457263125553,2.1001873763265597,-5.539723452426133,33.339441026383795
GDDY.N,2020-03-16,-21.273386238334922,2.1001873763265597,-10.129280119540681,33.339441026383795
GDDY.N,2020-03-19,13.293484067698547,2.1001873763265597,6.329665732469165,33.339441026383795
GDDY.N,2020-03-24,16.135975884168463,2.1001873763265597,7.683112500367428,33.339441026383795
GDDY.N,2020-04-06,12.189296595104127,2.1001873763265597,5.803909085685698,33.339441026383795
GDDY.N,2021-08-05,-13.274470471091515,2.1001873763265597,-6.320612446642693,33.339441026383795
GDDY.N,2021-11-04,10.699583899855725,2.1001873763265597,5.094585378648633,33.339441026383795
GDDY.N,2023-11-03,12.919964082426905,2.1001873763265597,6.151814941876867,33.339441026383795
GDDY.N,2025-02-14,-15.408010736695488,2.1001873763265597,-7.336493357866791,33.339441026383795
GDDY.N,2025-08-08,-11.93233227872934,2.1001873763265597,-5.681556042680438,33.339441026383795
GL.N,2020-03-09,-14.421178205341878,2.253463233595344,-6.399562233963431,35.7726198283244
GL.N,2020-03-12,-14.007547114399177,2.253463233595344,-6.216008721850983,35.7726198283244
GL.N,2020-03-13,11.53760437559681,2.253463233595344,5.1199434734902916,35.7726198283244
GL.N,2020-03-16,-14.44880972627276,2.253463233595344,-6.411824036383344,35.7726198283244
GL.N,2020-03-24,11.719052233139138,2.253463233595344,5.200463028829489,35.7726198283244
GL.N,2020-04-06,11.707019670171626,2.253463233595344,5.195123441838174,35.7726198283244
GL.N,2024-04-12,18.37780239337352,2.253463233595344,8.155359323991366,35.7726198283244
GL.N,2024-04-23,13.202400614675458,2.253463233595344,5.858715783710107,35.7726198283244
SPGI.N,2020-03-02,8.43408719137928,1.5885035388996487,5.30945445499073,25.216711924046926
SPGI.N,2020-03-09,-11.1297251947156,1.5885035388996487,-7.006421403647061,25.216711924046926
SPGI.N,2020-03-12,-8.189581319576522,1.5885035388996487,-5.1555323101448165,25.216711924046926
SPGI.N,2020-03-13,11.358990442779326,1.5885035388996487,7.150749220645529,25.216711924046926
SPGI.N,2020-03-16,-11.043404769921139,1.5885035388996487,-6.952080684422567,25.216711924046926
SPGI.N,2020-03-18,-16.474867710477792,1.5885035388996487,-10.371313193227055,25.216711924046926
SPGI.N,2020-03-23,-8.357320734937002,1.5885035388996487,-5.261128181512325,25.216711924046926
SPGI.N,2020-03-24,12.976225721442525,1.5885035388996487,8.168836520459447,25.216711924046926
SPGI.N,2020-04-09,8.091595076844271,1.5885035388996487,5.0938476866405304,25.216711924046926
SPGI.N,2022-11-10,9.73341208178935,1.5885035388996487,6.127409756059879,25.216711924046926
SPGI.N,2023-07-27,-7.947487719845281,1.5885035388996487,-5.003128746789246,25.216711924046926
SPGI.N,2025-04-04,-8.056391094949866,1.5885035388996487,-5.071685959560721,25.216711924046926
CHTR.OQ,2018-04-27,-12.420770484650934,2.021175123745096,-6.145321273119628,32.08516040123834
CHTR.OQ,2019-01-31,13.26988913848437,2.021175123745096,6.5654326448943205,32.08516040123834
CHTR.OQ,2020-03-16,-15.465353270200488,2.021175123745096,-7.651664167300987,32.08516040123834
CHTR.OQ,2022-12-14,-17.894537395794874,2.021175123745096,-8.853531386551776,32.08516040123834
CHTR.OQ,2023-10-27,-10.142536373893929,2.021175123745096,-5.0181383368208685,32.08516040123834
CHTR.OQ,2024-02-02,-18.046107169513803,2.021175123745096,-8.928522302449295,32.08516040123834
CHTR.OQ,2024-07-26,15.374726484602608,2.021175123745096,7.606825506596538,32.08516040123834
CHTR.OQ,2024-11-01,11.21473592812956,2.021175123745096,5.548621589676722,32.08516040123834
CHTR.OQ,2025-04-25,10.820440879198223,2.021175123745096,5.35353950881243,32.08516040123834
CHTR.OQ,2025-07-25,-20.440573221118008,2.021175123745096,-10.113212349082874,32.08516040123834
WYNN.OQ,2020-03-12,-17.304114752868127,2.9631533716512797,-5.839763448769796,47.03860150759102
WYNN.OQ,2020-03-16,-28.017219193268073,2.9631533716512797,-9.455203858602461,47.03860150759102
WYNN.OQ,2020-03-18,-23.43313153647406,2.9631533716512797,-7.908173691129411,47.03860150759102
WYNN.OQ,2020-04-06,15.67393733950384,2.9631533716512797,5.289613925980891,47.03860150759102
WYNN.OQ,2020-11-09,24.44217385446823,2.9631533716512797,8.248703590002604,47.03860150759102
HD.N,2020-03-09,-8.228436174014053,1.5378936760901019,-5.350458423714831,24.41330525875998
HD.N,2020-03-12,-11.065107644109506,1.5378936760901019,-7.194975710051119,24.41330525875998
HD.N,2020-03-16,-22.0569922292718,1.5378936760901019,-14.342338857487784,24.41330525875998
HD.N,2020-03-18,-10.95027952144747,1.5378936760901019,-7.120309870372285,24.41330525875998
HD.N,2020-03-24,12.884031556924391,1.5378936760901019,8.377712814113648,24.41330525875998
HD.N,2022-02-22,-9.26700263684408,1.5378936760901019,-6.025775891350467,24.41330525875998
HD.N,2022-11-10,8.343043076381118,1.5378936760901019,5.424980417106752,24.41330525875998
HSIC.OQ,2016-08-04,-9.418103124583421,1.6917777596343646,-5.566986012760275,26.856139353495216
HSIC.OQ,2017-11-06,-10.301625088315891,1.6917777596343646,-6.08923070991448,26.856139353495216
HSIC.OQ,2020-03-16,-9.346036646028866,1.6917777596343646,-5.524387936184229,26.856139353495216
HSIC.OQ,2020-03-20,-10.133107978035083,1.6917777596343646,-5.989621225559261,26.856139353495216
HSIC.OQ,2020-05-18,8.60287975592402,1.6917777596343646,5.0851122181576125,26.856139353495216
HSIC.OQ,2020-06-09,-9.060204512035863,1.6917777596343646,-5.355434223224449,26.856139353495216
HSIC.OQ,2020-11-09,9.771011617270542,1.6917777596343646,5.775588171452438,26.856139353495216
HSIC.OQ,2025-11-04,10.240131480600834,1.6917777596343646,6.052882195835215,26.856139353495216
HSY.N,2016-06-30,15.556149039544831,1.4221718416410782,10.93830477025492,22.576278087486155
HSY.N,2016-08-30,-11.388404679889685,1.4221718416410782,-8.007755706053308,22.576278087486155
HSY.N,2020-03-12,-11.303028256593528,1.4221718416410782,-7.94772328184384,22.576278087486155
HSY.N,2020-03-16,-10.477271488946993,1.4221718416410782,-7.367092486416422,22.576278087486155
HSY.N,2020-03-17,9.946690191164187,1.4221718416410782,6.994014295548464,22.576278087486155
HSY.N,2020-03-18,-18.065508129048258,1.4221718416410782,-12.702760383866154,22.576278087486155
HSY.N,2020-03-24,8.996850087937336,1.4221718416410782,6.326134314089396,22.576278087486155
HSY.N,2022-05-18,-8.187438283582438,1.4221718416410782,-5.756996478101237,22.576278087486155
HSY.N,2024-12-09,10.298218882075005,1.4221718416410782,7.241191662318137,22.576278087486155
CVNA.N,2020-03-18,-30.582146905634964,6.103864080751623,-5.010292906435281,96.89583836525202
CVNA.N,2020-03-24,35.79869320678042,6.103864080751623,5.864923060733064,96.89583836525202
CVNA.N,2022-08-05,33.69832228357039,6.103864080751623,5.520817933976803,96.89583836525202
CVNA.N,2022-11-04,-49.35540372573301,6.103864080751623,-8.085927712803107,96.89583836525202
CVNA.N,2023-01-12,37.843643572024504,6.103864080751623,6.199948601634733,96.89583836525202
CVNA.N,2023-06-08,44.481789766783876,6.103864080751623,7.287480385917512,96.89583836525202
CVNA.N,2023-07-19,33.79069570968731,6.103864080751623,5.535951532119693,96.89583836525202
KMB.OQ,2018-12-24,-8.173308193638462,1.2928677443397532,-6.321844000998292,20.52363917772013
KMB.OQ,2019-10-22,-7.3086095623470015,1.2928677443397532,-5.653021814755995,20.52363917772013
KMB.OQ,2020-03-02,7.282220476582957,1.2928677443397532,5.632610534577046,20.52363917772013
KMB.OQ,2020-03-12,-9.24743120156819,1.2928677443397532,-7.152650564648981,20.52363917772013
KMB.OQ,2020-03-13,9.262337663547004,1.2928677443397532,7.1641803301985325,20.52363917772013
KMB.OQ,2020-03-17,6.7174972862904525,1.2928677443397532,5.195811648716606,20.52363917772013
KMB.OQ,2020-03-18,-6.985095751188108,1.2928677443397532,-5.402792189509906,20.52363917772013
KMB.OQ,2020-03-20,-6.647589752318961,1.2928677443397532,-5.141739966382856,20.52363917772013
KMB.OQ,2020-10-22,-7.187090426411924,1.2928677443397532,-5.559029883665522,20.52363917772013
KMB.OQ,2022-04-22,7.813131628431869,1.2928677443397532,6.0432566769789045,20.52363917772013
KMB.OQ,2025-11-03,-15.745577644535746,1.2928677443397532,-12.178799968883716,20.52363917772013
EOG.N,2020-03-09,-38.57688581411382,2.479509846935356,-15.55827086623366,39.36099856996068
EOG.N,2020-03-12,-17.872535461026384,2.479509846935356,-7.208092148985261,39.36099856996068
EOG.N,2020-03-24,14.17488395663229,2.479509846935356,5.716808898400736,39.36099856996068
EOG.N,2020-04-17,13.599276401264682,2.479509846935356,5.484663195862369,39.36099856996068
EOG.N,2020-11-09,15.332409688430149,2.479509846935356,6.183645411765887,39.36099856996068
FTNT.OQ,2017-02-03,12.824317300295807,2.512775176981572,5.103646923041001,39.88906931345731
FTNT.OQ,2018-08-02,13.260216845978201,2.512775176981572,5.2771202801783526,39.88906931345731
FTNT.OQ,2018-11-02,-14.270569023790136,2.512775176981572,-5.679206462446996,39.88906931345731
FTNT.OQ,2020-03-09,-13.2641623475251,2.512775176981572,-5.278690457081977,39.88906931345731
FTNT.OQ,2020-03-12,-14.85382611153545,2.512775176981572,-5.91132316476413,39.88906931345731
FTNT.OQ,2020-03-24,14.97839334426816,2.512775176981572,5.960896733411979,39.88906931345731
FTNT.OQ,2020-05-07,19.249749035815444,2.512775176981572,7.660752626082082,39.88906931345731
FTNT.OQ,2022-03-07,-14.090878707508203,2.512775176981572,-5.6076957606826685,39.88906931345731
FTNT.OQ,2022-08-04,-17.832193237823503,2.512775176981572,-7.096613099801519,39.88906931345731
FTNT.OQ,2022-11-03,-14.750364884696365,2.512775176981572,-5.870149076534172,39.88906931345731
FTNT.OQ,2023-08-04,-28.85624316951878,2.512775176981572,-11.48381416445774,39.88906931345731
FTNT.OQ,2023-11-03,-13.177172328562348,2.512775176981572,-5.244071355556449,39.88906931345731
FTNT.OQ,2024-08-07,22.55416769154337,2.512775176981572,8.975800102672208,39.88906931345731
FTNT.OQ,2025-08-07,-24.88915456395482,2.512775176981572,-9.90504633759256,39.88906931345731
CRL.N,2017-11-09,-13.571665511851982,2.2936134759141624,-5.917154592250005,36.40998516585185
CRL.N,2020-03-16,-20.85526204786845,2.2936134759141624,-9.092753537976225,36.40998516585185
CRL.N,2020-03-18,-12.438963266642755,2.2936134759141624,-5.423304055922053,36.40998516585185
CRL.N,2024-08-07,-13.473091296027295,2.2936134759141624,-5.874176899251668,36.40998516585185
CRL.N,2024-11-06,12.68576995975872,2.2936134759141624,5.530910108863294,36.40998516585185
CRL.N,2025-04-09,11.784595559078781,2.2936134759141624,5.1380041505824385,36.40998516585185
CRL.N,2025-04-10,-33.03073425441099,2.2936134759141624,-14.40117726952488,36.40998516585185
CRL.N,2025-05-07,17.127091831441632,2.2936134759141624,7.467296478372543,36.40998516585185
ZBH.N,2016-10-31,-15.075647386685986,1.7410305453634731,-8.65903669917443,27.63800308799345
ZBH.N,2020-03-09,-10.921788756341488,1.7410305453634731,-6.273174692671091,27.63800308799345
ZBH.N,2020-03-19,10.033737882147875,1.7410305453634731,5.763102726065695,27.63800308799345
ZBH.N,2020-03-24,14.479062498944018,1.7410305453634731,8.31637476866969,27.63800308799345
ZBH.N,2020-04-01,-12.022219715072335,1.7410305453634731,-6.905231931219489,27.63800308799345
ZBH.N,2020-04-08,8.795947677458482,1.7410305453634731,5.052150119297396,27.63800308799345
ZBH.N,2020-05-18,8.752285751448508,1.7410305453634731,5.0270719113783855,27.63800308799345
ZBH.N,2020-06-11,-10.30547390402825,1.7410305453634731,-5.919180413848964,27.63800308799345
ZBH.N,2020-11-09,11.852072351959109,1.7410305453634731,6.8075039714393775,27.63800308799345
ZBH.N,2022-02-07,-9.525319209330174,1.7410305453634731,-5.471081041453861,27.63800308799345
ZBH.N,2024-09-05,-9.1500186398779,1.7410305453634731,-5.255518729550871,27.63800308799345
ZBH.N,2025-05-05,-12.356254922157195,1.7410305453634731,-7.097092555362142,27.63800308799345
ZBH.N,2025-11-05,-16.42649770846436,1.7410305453634731,-9.434927923699936,27.63800308799345
LYV.N,2018-05-04,11.814024230422548,2.361100885579628,5.003608402578832,37.4813145814684
LYV.N,2020-03-11,-18.128952399485556,2.361100885579628,-7.67817779841926,37.4813145814684
LYV.N,2020-03-12,-14.884856634956511,2.361100885579628,-6.30420187712666,37.4813145814684
LYV.N,2020-03-13,16.86465262120631,2.361100885579628,7.142707338007795,37.4813145814684
LYV.N,2020-03-16,-16.561245961754434,2.361100885579628,-7.014205137485603,37.4813145814684
LYV.N,2020-03-18,-13.961454757792824,2.361100885579628,-5.913112329533271,37.4813145814684
LYV.N,2020-03-24,14.000649952414257,2.361100885579628,5.929712719148479,37.4813145814684
LYV.N,2020-04-01,-15.63528388321589,2.361100885579628,-6.622031264613911,37.4813145814684
LYV.N,2020-04-02,-13.559112558753306,2.361100885579628,-5.742707836655896,37.4813145814684
LYV.N,2020-05-18,14.151863071118909,2.361100885579628,5.993756199724926,37.4813145814684
LYV.N,2020-11-09,13.842660065537604,2.361100885579628,5.862799065504294,37.4813145814684
LYV.N,2021-11-05,14.099048347565635,2.361100885579628,5.97138751405129,37.4813145814684
LYV.N,2022-03-07,-13.126084759177647,2.361100885579628,-5.559307033149207,37.4813145814684
LYV.N,2023-05-05,14.014433792588221,2.361100885579628,5.935550606152015,37.4813145814684
POOL.OQ,2017-07-20,-9.909267012974432,1.9161345596237271,-5.171488068625161,30.417693139803887
POOL.OQ,2020-03-12,-10.367397146815005,1.9161345596237271,-5.410578862922267,30.417693139803887
POOL.OQ,2020-03-13,9.78213343844061,1.9161345596237271,5.105139088124132,30.417693139803887
POOL.OQ,2020-03-16,-18.379737118691253,1.9161345596237271,-9.592091028461224,30.417693139803887
POOL.OQ,2020-03-20,-14.453423393296738,1.9161345596237271,-7.543010651681461,30.417693139803887
POOL.OQ,2020-11-09,-17.226495284131627,1.9161345596237271,-8.990232547924196,30.417693139803887
POOL.OQ,2022-07-21,-10.67757853907958,1.9161345596237271,-5.572457573739677,30.417693139803887
POOL.OQ,2022-11-10,12.179922390916698,1.9161345596237271,6.356506817197889,30.417693139803887
BNY.N,2016-06-24,-8.933385124843163,1.6853963156083562,-5.300465559412708,26.754837070105435
BNY.N,2019-04-17,-10.009330732908683,1.6853963156083562,-5.938858795532457,26.754837070105435
BNY.N,2020-03-09,-8.55081017145869,1.6853963156083562,-5.073471498822051,26.754837070105435
BNY.N,2020-03-12,-14.715764433628786,1.6853963156083562,-8.731337725938378,26.754837070105435
BNY.N,2020-03-13,14.510876318634391,1.6853963156083562,8.609770998221617,26.754837070105435
BNY.N,2020-03-16,-15.66932198239761,1.6853963156083562,-9.29711417859701,26.754837070105435
BNY.N,2020-03-24,12.016490230799182,1.6853963156083562,7.129771270718448,26.754837070105435
BNY.N,2020-11-09,11.03097535102231,1.6853963156083562,6.545033502722829,26.754837070105435
BNY.N,2022-02-17,-8.599371316697635,1.6853963156083562,-5.102284392732654,26.754837070105435
BNY.N,2025-04-04,-8.620397615087594,1.6853963156083562,-5.114759973814229,26.754837070105435
ATO.N,2020-03-12,-8.276883145318337,1.3157266487080672,-6.290731553887381,20.886513034931934
ATO.N,2020-03-16,-7.196312145187012,1.3157266487080672,-5.469458380472254,20.886513034931934
ATO.N,2020-03-17,14.307949413865018,1.3157266487080672,10.874560781993903,20.886513034931934
ATO.N,2020-03-19,-7.1770453939112855,1.3157266487080672,-5.454814950323109,20.886513034931934
ATO.N,2020-03-20,-13.348788819793977,1.3157266487080672,-10.14556392310011,20.886513034931934
ATO.N,2020-03-23,-6.841299324513006,1.3157266487080672,-5.199635753543935,20.886513034931934
ATO.N,2020-03-24,9.576179999942358,1.3157266487080672,7.278244314155498,20.886513034931934
ATO.N,2020-04-06,9.583140024410497,1.3157266487080672,7.283534185326666,20.886513034931934
ATO.N,2020-04-20,-7.666840103259087,1.3157266487080672,-5.827076703802632,20.886513034931934
ATO.N,2022-11-10,8.05273212037374,1.3157266487080672,6.120368640614557,20.886513034931934
VRTX.OQ,2016-11-09,11.258821877927971,2.088874575357303,5.389898470089879,33.15985587840644
VRTX.OQ,2017-03-29,18.608755046642678,2.088874575357303,8.90850760795901,33.15985587840644
VRTX.OQ,2017-07-19,18.92211260801071,2.088874575357303,9.058520234406163,33.15985587840644
VRTX.OQ,2018-06-29,14.112495605292619,2.088874575357303,6.756028232513037,33.15985587840644
VRTX.OQ,2020-10-15,-23.187529245116867,2.088874575357303,-11.100488999513354,33.15985587840644
VRTX.OQ,2021-06-11,-11.60430731278419,2.088874575357303,-5.555291566895188,33.15985587840644
VRTX.OQ,2023-12-13,12.428137976543052,2.088874575357303,5.9496812892259054,33.15985587840644
VRTX.OQ,2024-12-19,-12.064746942802973,2.088874575357303,-5.7757163044312,33.15985587840644
VRTX.OQ,2025-05-06,-10.56737790315685,2.088874575357303,-5.058885788463051,33.15985587840644
VRTX.OQ,2025-08-05,-23.067816472003244,2.088874575357303,-11.043179300536742,33.15985587840644
D.N,2020-03-02,7.394350297761587,1.45899136160252,5.06812479659908,23.16076984675068
D.N,2020-03-12,-10.177817066143913,1.45899136160252,-6.975926886205035,23.16076984675068
D.N,2020-03-13,9.338331087961027,1.45899136160252,6.400538984483112,23.16076984675068
D.N,2020-03-16,-13.139874870584212,1.45899136160252,-9.006136168038513,23.16076984675068
D.N,2020-03-17,15.898757413744846,1.45899136160252,10.897088106321647,23.16076984675068
D.N,2020-03-19,-11.069075231373748,1.45899136160252,-7.586799704705413,23.16076984675068
D.N,2020-03-23,-12.384496026919134,1.45899136160252,-8.488395718338118,23.16076984675068
D.N,2020-03-24,10.051633817511263,1.45899136160252,6.889440254444548,23.16076984675068
D.N,2020-03-26,7.300421928228484,1.45899136160252,5.003745820818213,23.16076984675068
D.N,2020-07-06,-11.658952879556761,1.45899136160252,-7.991104804589696,23.16076984675068
HRL.N,2016-05-18,-8.945108918784905,1.4330799876308902,-6.241876933591541,22.74943953680913
HRL.N,2020-03-17,12.962393264000616,1.4330799876308902,9.045128936193938,22.74943953680913
HRL.N,2022-05-18,-9.166567509526269,1.4330799876308902,-6.396410241329283,22.74943953680913
HRL.N,2023-10-12,-10.343027929400694,1.4330799876308902,-7.217341682720285,22.74943953680913
HRL.N,2024-02-29,13.596113383770003,1.4330799876308902,9.487337413905658,22.74943953680913
HRL.N,2024-05-30,-10.210742235306203,1.4330799876308902,-7.125033022187539,22.74943953680913
HRL.N,2025-08-28,-14.034791691926829,1.4330799876308902,-9.793446153084991,22.74943953680913
HRL.N,2025-10-29,-9.577540428352282,1.4330799876308902,-6.683186221995525,22.74943953680913
BBY.N,2016-08-23,17.90132448313635,2.3523257780802687,7.610053271509701,37.34201406844143
BBY.N,2016-11-17,12.835733804733174,2.3523257780802687,5.456614013390785,37.34201406844143
BBY.N,2017-05-25,19.457592766506295,2.3523257780802687,8.271640326275564,37.34201406844143
BBY.N,2017-08-29,-12.698968600905047,2.3523257780802687,-5.398473595467999,37.34201406844143
BBY.N,2019-02-27,13.199647290643934,2.3523257780802687,5.611317706774509,37.34201406844143
BBY.N,2020-03-12,-16.548384387140036,2.3523257780802687,-7.034903303506354,37.34201406844143
BBY.N,2020-03-24,15.519288940570242,2.3523257780802687,6.59742331831075,37.34201406844143
BBY.N,2021-11-23,-13.138049834724352,2.3523257780802687,-5.585131939270038,37.34201406844143
BBY.N,2022-11-22,12.02428687820829,2.3523257780802687,5.111658848555111,37.34201406844143
BBY.N,2024-05-30,12.594006434002214,2.3523257780802687,5.353853004272297,37.34201406844143
BBY.N,2024-08-29,13.202096899135363,2.3523257780802687,5.6123590627441,37.34201406844143
BBY.N,2025-03-04,-14.276390745142642,2.3523257780802687,-6.069053393103397,37.34201406844143
BBY.N,2025-04-03,-19.649789165624032,2.3523257780802687,-8.35334516533684,37.34201406844143
BBY.N,2025-04-09,12.501651845907436,2.3523257780802687,5.3145920358488885,37.34201406844143
IT.N,2017-01-05,-11.689925300937531,1.9575928817302424,-5.971581430458231,31.075823600210995
IT.N,2019-07-30,-21.09473907660231,1.9575928817302424,-10.775856039054181,31.075823600210995
IT.N,2020-03-16,-13.645165281297,1.9575928817302424,-6.970379494451652,31.075823600210995
IT.N,2020-03-19,10.865324171480228,1.9575928817302424,5.550349244157845,31.075823600210995
IT.N,2020-03-20,-11.033371264201897,1.9575928817302424,-5.6361929833183275,31.075823600210995
IT.N,2020-03-26,15.185435847359319,1.9575928817302424,7.757198133013993,31.075823600210995
IT.N,2020-11-03,11.886671922027592,1.9575928817302424,6.0720857911586865,31.075823600210995
IT.N,2021-05-04,13.299302778384359,1.9575928817302424,6.793702052405099,31.075823600210995
IT.N,2021-08-03,10.284007591085409,1.9575928817302424,5.253394455539583,31.075823600210995
IT.N,2023-11-03,13.584291668854576,1.9575928817302424,6.939283339060742,31.075823600210995
IT.N,2025-08-05,-32.23407268678358,1.9575928817302424,-16.466177920657895,31.075823600210995
WRB.N,2020-03-09,-9.395240635506097,1.5138869056011643,-6.206038641819976,24.03220959178678
WRB.N,2020-03-11,-8.18533566419517,1.5138869056011643,-5.4068343110113455,24.03220959178678
WRB.N,2020-03-12,-12.241541668288791,1.5138869056011643,-8.086166557750676,24.03220959178678
WRB.N,2020-03-13,8.795035939961338,1.5138869056011643,5.809572635459734,24.03220959178678
WRB.N,2020-03-16,-16.762060646816224,1.5138869056011643,-11.072201354539104,24.03220959178678
WRB.N,2020-03-17,11.293019352855849,1.5138869056011643,7.459618886373412,24.03220959178678
WRB.N,2020-03-23,-9.287514770829386,1.5138869056011643,-6.13488017927027,24.03220959178678
WRB.N,2020-03-24,10.374481997789475,1.5138869056011643,6.852877820268727,24.03220959178678
WRB.N,2020-04-06,8.240295721409252,1.5138869056011643,5.443138249575539,24.03220959178678
WRB.N,2020-05-18,8.414394141277137,1.5138869056011643,5.558139191339251,24.03220959178678
WRB.N,2020-11-09,10.886596231767154,1.5138869056011643,7.191155555602145,24.03220959178678
WRB.N,2023-04-21,-9.670003408054306,1.5138869056011643,-6.387533555034184,24.03220959178678
WRB.N,2024-07-19,-8.673647179154997,1.5138869056011643,-5.729389128780853,24.03220959178678
WTW.OQ,2016-06-24,-8.703274245662662,1.4778091195354954,-5.889308795440559,23.459492493085474
WTW.OQ,2018-08-02,-8.809155918249623,1.4778091195354954,-5.960956528011218,23.459492493085474
WTW.OQ,2020-03-09,-7.791688311625755,1.4778091195354954,-5.272459215893075,23.459492493085474
WTW.OQ,2020-03-12,-8.563601031004708,1.4778091195354954,-5.794795090787108,23.459492493085474
WTW.OQ,2020-03-16,-9.325164684971377,1.4778091195354954,-6.310127987234549,23.459492493085474
WTW.OQ,2020-03-18,-9.67842324145396,1.4778091195354954,-6.549170060945407,23.459492493085474
WTW.OQ,2020-03-24,14.068082187811815,1.4778091195354954,9.51955296651146,23.459492493085474
WTW.OQ,2020-04-01,-8.38424797369619,1.4778091195354954,-5.67343093425457,23.459492493085474
WTW.OQ,2020-04-06,11.002211424780306,1.4778091195354954,7.444947577694282,23.459492493085474
WTW.OQ,2021-06-16,-7.496303847345498,1.4778091195354954,-5.072579231140307,23.459492493085474
WTW.OQ,2021-07-26,-9.413159807098737,1.4778091195354954,-6.369672295741061,23.459492493085474
WTW.OQ,2023-07-27,-9.297315405180573,1.4778091195354954,-6.291283009610133,23.459492493085474
WTW.OQ,2023-10-26,9.778398972599156,1.4778091195354954,6.616821376547398,23.459492493085474
PNR.N,2019-04-09,-14.553420398307004,1.8039236993748389,-8.067647430626131,28.6364009560888
PNR.N,2020-03-16,-16.444268684271446,1.8039236993748389,-9.115833829319007,28.6364009560888
PNR.N,2020-03-18,-17.15212554431851,1.8039236993748389,-9.508232277375527,28.6364009560888
PNR.N,2020-03-24,16.725605046431056,1.8039236993748389,9.27179184586766,28.6364009560888
PNR.N,2022-11-10,10.536051565782634,1.8039236993748389,5.84063038222402,28.6364009560888
PNR.N,2023-04-27,9.301835297994199,1.8039236993748389,5.156446085395856,28.6364009560888
PNR.N,2025-04-09,9.820619355543059,1.8039236993748389,5.44403256021663,28.6364009560888
