stock,region,country,sector,industry,sector_gics,esg,esg_band,expected_return,risk_std,has_price_data,passes_esg_floor_30,in_model_universe,esg_ge_70
A.N,United States,United States,Healthcare,"Pharmaceuticals, Biotechnology & Life Sciences",Health Care,77.8056,70-80,0.1121939793372632,0.2700571330057559,True,True,True,True
A2.MI,Europe,Italy,Utilities,Utilities,Utilities,69.4364,60-70,0.1077521923562847,0.2686151945272929,True,True,True,False
AAF.L,Europe,United Kingdom,Communication Services,Telecommunication Services,Communication Services,62.0835,60-70,0.1322543153983554,0.4763262455764019,True,True,True,False
AAK.ST,Europe,Sweden,Consumer Defensive,"Food, Beverage & Tobacco",Consumer Staples,69.1393,60-70,0.0994275172055321,0.2543002193649015,True,True,True,False
AAL.L,Europe,United Kingdom,Basic Materials,Materials,Materials,73.8387,70-80,0.1398062367685947,0.4644746910890148,True,True,True,True
AALB.AS,Europe,Netherlands,Industrials,Capital Goods,Industrials,62.6013,60-70,0.0724882809317447,0.3194856608691943,True,True,True,False
AAPL.OQ,United States,United States,Technology,Technology Hardware & Equipment,Information Technology,71.9706,70-80,0.1606027999727615,0.2848283289540671,True,True,True,True
ABBN.S,Europe,Switzerland,Industrials,Capital Goods,Industrials,89.8192,80+,0.1396535418695063,0.2373985944409783,True,True,True,True
ABBV.N,United States,United States,Healthcare,"Pharmaceuticals, Biotechnology & Life Sciences",Health Care,72.9825,70-80,0.1361044229932101,0.2571677969790746,True,True,True,True
ABDN.L,Europe,United Kingdom,Financial Services,Financial Services,Financials,85.8858,80+,0.0717426321468462,0.3628775849011671,True,True,True,True
ABF.L,Europe,United Kingdom,Consumer Defensive,"Food, Beverage & Tobacco",Consumer Staples,62.7711,60-70,0.050929635965694,0.3039423268675461,True,True,True,False
ABI.BR,Europe,Belgium,Consumer Defensive,"Food, Beverage & Tobacco",Consumer Staples,58.2913,50-60,0.0403732389892544,0.2825770047867733,True,True,True,False
ABNB.OQ,United States,United States,Consumer Cyclical,Consumer Services,Consumer Discretionary,40.9403,30-50,0.0895893699676509,0.4595619204674899,True,True,True,False
ABNd.AS,Europe,Netherlands,Financial Services,Banks,Financials,68.8754,60-70,0.10365358316604,0.3487626104617383,True,True,True,False
ABT.N,United States,United States,Healthcare,Health Care Equipment & Services,Health Care,83.4511,80+,0.1112419344035626,0.2322682930485916,True,True,True,True
ABVX.PA,Europe,France,Healthcare,"Pharmaceuticals, Biotechnology & Life Sciences",Health Care,62.026250000000005,60-70,0.1123009943853384,0.8868171067320396,True,True,True,False
ACCP.PA,Europe,France,Consumer Cyclical,Consumer Services,Consumer Discretionary,76.3821,70-80,0.082239906877452,0.3291004635500686,True,True,True,True
ACGL.OQ,United States,United States,Financial Services,Insurance,Financials,60.3247,60-70,0.1235942481020439,0.2702478114293788,True,True,True,False
ACKB.BR,Europe,Belgium,Industrials,Capital Goods,Industrials,49.4236,30-50,0.0884987603381036,0.2158333513875371,True,True,True,False
ACLN.S,Europe,Switzerland,Industrials,Capital Goods,Industrials,54.7499,50-60,0.1784317766920322,0.2712555143392011,True,True,True,False
ACN.N,United States,United States,Technology,Software & Services,Information Technology,83.5441,80+,0.1053613224157835,0.2515643996770694,True,True,True,True
ACPP.WA,Europe,Poland,Technology,Software & Services,Information Technology,43.9274,30-50,0.1369011503011394,0.3136664495932775,True,True,True,False
ACS.MC,Europe,Spain,Industrials,Capital Goods,Industrials,73.4538,70-80,0.1459245941734344,0.3170673809477203,True,True,True,True
AD.AS,Europe,Netherlands,Consumer Defensive,Consumer Staples Distribution & Retail,Consumer Staples,76.9253,70-80,0.1038604404531994,0.2080506612392575,True,True,True,True
ADBE.OQ,United States,United States,Technology,Software & Services,Information Technology,67.463,60-70,0.1124204355341523,0.3334069650533393,True,True,True,False
ADDTb.ST,Europe,Sweden,Industrials,Capital Goods,Industrials,41.7376,30-50,0.1430775412416803,0.366831788413712,True,True,True,False
ADEN.S,Europe,Switzerland,Industrials,Commercial  & Professional Services,Industrials,59.4373,50-60,0.0492007990505205,0.3040282791657868,True,True,True,False
ADI.OQ,United States,United States,Technology,Semiconductors & Semiconductor Equipment,Information Technology,68.1764,60-70,0.1302842227957146,0.3156570793531346,True,True,True,False
ADM.N,United States,United States,Consumer Defensive,"Food, Beverage & Tobacco",Consumer Staples,74.0714,70-80,0.0898200886020299,0.2708412386589036,True,True,True,True
ADML.L,Europe,United Kingdom,Financial Services,Insurance,Financials,52.7877,50-60,0.119106453928175,0.2597025042920458,True,True,True,False
ADP.OQ,United States,United States,Technology,Commercial  & Professional Services,Industrials,63.4949,60-70,0.1167608825156063,0.2360025941546,True,True,True,False
ADP.PA,Europe,France,Industrials,Transportation,Industrials,60.0595,60-70,0.0750321737665573,0.3155996052571935,True,True,True,False
ADSGn.DE,Europe,Germany,Consumer Cyclical,Consumer Durables & Apparel,Consumer Discretionary,83.5834,80+,0.0948915776961095,0.3300583976005896,True,True,True,True
ADSK.OQ,United States,United States,Technology,Software & Services,Information Technology,79.0769,70-80,0.1200347588477591,0.3566090865772969,True,True,True,True
ADYEN.AS,Europe,Netherlands,Technology,Financial Services,Financials,69.9199,60-70,0.1104934552802254,0.482836994517499,True,True,True,False
AEE.N,United States,United States,Utilities,Utilities,Utilities,43.9102,30-50,0.1071688924390811,0.2143832836684008,True,True,True,False
AEGN.AS,Europe,Netherlands,Financial Services,Insurance,Financials,85.6526,80+,0.0970822778532468,0.3566229501707095,True,True,True,True
AENA.MC,Europe,Spain,Industrials,Transportation,Industrials,67.967,60-70,0.1069649120314091,0.2769470906727925,True,True,True,False
AEP.OQ,United States,United States,Utilities,Utilities,Utilities,55.4864,50-60,0.1018415748670787,0.2054021011081618,True,True,True,False
AES.N,United States,United States,Utilities,Utilities,Utilities,74.1405,70-80,0.0948332735327327,0.353082992065016,True,True,True,True
AFL.N,United States,United States,Financial Services,Insurance,Financials,47.5563,30-50,0.1259976293339118,0.2522911195523231,True,True,True,False
AG1G.DE,Europe,Germany,Consumer Cyclical,Consumer Discretionary Distribution & Retail,Consumer Discretionary,51.5048,50-60,0.084956452736332,0.5802620560412876,True,True,True,False
AGES.BR,Europe,Belgium,Financial Services,Insurance,Financials,73.1361,70-80,0.1033893461023108,0.2687843444037358,True,True,True,True
AIBG.I,Europe,Ireland,Financial Services,Banks,Financials,68.1787,60-70,0.0961933298277611,0.5080460042299184,True,True,True,False
AIG.N,United States,United States,Financial Services,Insurance,Financials,56.8608,50-60,0.0862339307409479,0.321456766166723,True,True,True,False
AIR.PA,Europe,France,Industrials,Capital Goods,Industrials,80.4934,80+,0.1143252807054132,0.3537205692483365,True,True,True,True
AIRP.PA,Europe,France,Basic Materials,Materials,Materials,87.7339,80+,0.1071552852883691,0.2118738520571774,True,True,True,True
AIXGn.DE,Europe,Germany,Technology,Semiconductors & Semiconductor Equipment,Information Technology,70.8697,70-80,0.1134239582298027,0.5069528276161891,True,True,True,True
AIZ.N,United States,United States,Financial Services,Insurance,Financials,73.011,70-80,0.1138543046091892,0.2688406261691312,True,True,True,True
AJG.N,United States,United States,Financial Services,Insurance,Financials,57.9303,50-60,0.1545119848487128,0.2208822246392315,True,True,True,False
AKAM.OQ,United States,United States,Technology,Software & Services,Information Technology,69.5273,60-70,0.0837315580640811,0.3203801340318738,True,True,True,False
AKE.PA,Europe,France,Basic Materials,Materials,Materials,80.3938,80+,0.0700213875151319,0.3056862372682992,True,True,True,True
AKRBP.OL,Europe,Norway,Energy,Energy,Energy,69.5172,60-70,0.1257434198036342,0.4310577916046638,True,True,True,False
AKZO.AS,Europe,Netherlands,Basic Materials,Materials,Materials,67.3364,60-70,0.0846989441636305,0.2622987966158857,True,True,True,False
ALB.N,United States,United States,Basic Materials,Materials,Materials,56.8608,50-60,0.1040513841697965,0.4639569570525559,True,True,True,False
ALCC.S,Europe,Switzerland,Healthcare,Health Care Equipment & Services,Health Care,76.4942,70-80,0.0840382575189071,0.2702567340787772,True,True,True,True
ALEP.WA,Europe,Poland,Consumer Cyclical,Consumer Discretionary Distribution & Retail,Consumer Discretionary,65.1925,60-70,0.0719477392156943,0.4555989330478791,True,True,True,False
ALFA.ST,Europe,Sweden,Industrials,Capital Goods,Industrials,73.0249,70-80,0.1091484808566428,0.3064616580155299,True,True,True,True
ALGN.OQ,United States,United States,Healthcare,Health Care Equipment & Services,Health Care,56.3204,50-60,0.100128723142944,0.4869853064880584,True,True,True,False
ALKb.CO,Europe,Denmark,Healthcare,"Pharmaceuticals, Biotechnology & Life Sciences",Health Care,62.5731,60-70,0.1245867828050866,0.3614419348024447,True,True,True,False
ALL.N,United States,United States,Financial Services,Insurance,Financials,71.2765,70-80,0.1214739049924662,0.2435959736336008,True,True,True,True
ALLE.N,United States,United States,Industrials,Capital Goods,Industrials,45.4167,30-50,0.1005008099613084,0.2616726947090864,True,True,True,False
ALLFG.AS,Europe,Netherlands,Financial Services,Financial Services,Financials,59.5399,50-60,0.0746292179104276,0.4225559078802447,True,True,True,False
ALLN.S,Europe,Switzerland,Real Estate,Real Estate Management & Development,Real Estate,45.3613,30-50,0.1016084197354034,0.1607627967889061,True,True,True,False
ALSO.PA,Europe,France,Industrials,Capital Goods,Industrials,88.0331,80+,0.085237943777642,0.3811014136944237,True,True,True,True
ALSYDB.CO,Europe,Denmark,Financial Services,Banks,Financials,49.119,30-50,0.1216655754960349,0.3026294591585017,True,True,True,False
ALVG.DE,Europe,Germany,Financial Services,Insurance,Financials,86.5616,80+,0.1215243199454883,0.24329161649468,True,True,True,True
AM.PA,Europe,France,Industrials,Capital Goods,Industrials,47.4144,30-50,0.1040624232888163,0.2944636362688575,True,True,True,False
AMA.MC,Europe,Spain,Technology,Consumer Services,Consumer Discretionary,89.6477,80+,0.0877385689811313,0.3050294624030952,True,True,True,True
AMAT.OQ,United States,United States,Technology,Semiconductors & Semiconductor Equipment,Information Technology,82.5708,80+,0.1465859925730637,0.4124673342518086,True,True,True,True
AMBUb.CO,Europe,Denmark,Healthcare,Health Care Equipment & Services,Health Care,67.6179,60-70,0.0999550441820702,0.5012477449634194,True,True,True,False
AMCR.N,United States,United States,Consumer Cyclical,Materials,Materials,71.8575,70-80,0.0684082882428462,0.2812104381068447,True,True,True,True
AMD.OQ,United States,United States,Technology,Semiconductors & Semiconductor Equipment,Information Technology,70.4716,70-80,0.1536612626628757,0.5698838927615474,True,True,True,True
AME.N,United States,United States,Industrials,Capital Goods,Industrials,60.6555,60-70,0.1207563802638943,0.240053059460583,True,True,True,False
AMGN.OQ,United States,United States,Healthcare,"Pharmaceuticals, Biotechnology & Life Sciences",Health Care,75.9044,70-80,0.1003542590130552,0.2417916212607441,True,True,True,True
AMP.N,United States,United States,Financial Services,Financial Services,Financials,76.255,70-80,0.1267446126906186,0.3355819549512283,True,True,True,True
AMT.N,United States,United States,Real Estate,Equity Real Estate Investment Trusts (REITs),Real Estate,79.308,70-80,0.0930815444015105,0.2543071275630844,True,True,True,True
AMUN.PA,Europe,France,Financial Services,Financial Services,Financials,70.596,70-80,0.1041228829173133,0.2950465501903517,True,True,True,True
AMZN.OQ,United States,United States,Consumer Cyclical,Consumer Discretionary Distribution & Retail,Consumer Discretionary,69.3943,60-70,0.1344352564688231,0.3219668386913281,True,True,True,False
ANA.MC,Europe,Spain,Industrials,Utilities,Utilities,86.9409,80+,0.111920742834073,0.2931050587982447,True,True,True,True
ANDR.VI,Europe,Austria,Industrials,Capital Goods,Industrials,83.1523,80+,0.0933910875363993,0.288229606730973,True,True,True,True
ANET.N,United States,United States,Technology,Technology Hardware & Equipment,Information Technology,51.7376,50-60,0.1558867650154849,0.4378877008913948,True,True,True,False
ANTO.L,Europe,United Kingdom,Basic Materials,Materials,Materials,73.8704,70-80,0.1313966489131687,0.4072960274344377,True,True,True,True
AON.N,United States,United States,Financial Services,Insurance,Financials,55.3555,50-60,0.1228944186475998,0.2257517295403993,True,True,True,False
AOO.BR,Europe,Belgium,Real Estate,Equity Real Estate Investment Trusts (REITs),Real Estate,81.6759,80+,0.0858277401193024,0.254690731696479,True,True,True,True
AOS.N,United States,United States,Industrials,Capital Goods,Industrials,51.1508,50-60,0.0883706014770241,0.2653679025155349,True,True,True,False
APA.OQ,United States,United States,Energy,Energy,Energy,58.5994,50-60,0.0846059869748033,0.6029871062261177,True,True,True,False
APD.N,United States,United States,Basic Materials,Materials,Materials,76.5497,70-80,0.0986143677599322,0.2545040987191206,True,True,True,True
APH.N,United States,United States,Technology,Technology Hardware & Equipment,Information Technology,77.5693,70-80,0.1674786640825609,0.2549027716129236,True,True,True,True
APO.N,United States,United States,Financial Services,Financial Services,Financials,61.1744,60-70,0.1522902209994675,0.3686521589795009,True,True,True,False
APP.OQ,United States,United States,Communication Services,Media & Entertainment,Communication Services,33.0855,30-50,0.1233706695892544,0.7332266057640593,True,True,True,False
APTV.N,United States,United States,Consumer Cyclical,Automobiles & Components,Consumer Discretionary,54.2163,50-60,0.0788146810348746,0.4033404571086021,True,True,True,False
ARDS.AS,Europe,Netherlands,Consumer Defensive,Commercial  & Professional Services,Industrials,85.6056,80+,0.1007009650345535,0.3607957952183095,True,True,True,True
ARE.N,United States,United States,Real Estate,Equity Real Estate Investment Trusts (REITs),Real Estate,70.043,70-80,0.0471477915650031,0.2773942521412278,True,True,True,True
ARES.N,United States,United States,Financial Services,Financial Services,Financials,42.6985,30-50,0.1637905493671474,0.3506433102410414,True,True,True,False
ARGX.BR,Europe,Belgium,Healthcare,"Pharmaceuticals, Biotechnology & Life Sciences",Health Care,70.9456,70-80,0.1808886688910898,0.4264713373713776,True,True,True,True
ASMI.AS,Europe,Netherlands,Technology,Semiconductors & Semiconductor Equipment,Information Technology,74.0986,70-80,0.1551580601168546,0.4092702963898171,True,True,True,True
ASML.AS,Europe,Netherlands,Technology,Semiconductors & Semiconductor Equipment,Information Technology,70.9772,70-80,0.154106241056921,0.3429260439934194,True,True,True,True
ASRNL.AS,Europe,Netherlands,Financial Services,Insurance,Financials,76.6544,70-80,0.1335270882405207,0.2693852170875525,True,True,True,True
ASSAb.ST,Europe,Sweden,Industrials,Capital Goods,Industrials,71.1372,70-80,0.0914382265078874,0.2682977670014057,True,True,True,True
ATCOa.ST,Europe,Sweden,Industrials,Capital Goods,Industrials,84.3526,80+,0.1251183896324346,0.3097522440442233,True,True,True,True
ATO.N,United States,United States,Utilities,Utilities,Utilities,30.6498,30-50,0.1119661848822889,0.2088312519004637,True,True,True,False
AUTOA.L,Europe,United Kingdom,Communication Services,Media & Entertainment,Communication Services,73.3978,70-80,0.0746477176828951,0.3083000953356835,True,True,True,True
AV.L,Europe,United Kingdom,Financial Services,Insurance,Financials,66.4257,60-70,0.0932373069553818,0.2965993183025452,True,True,True,False
AVANZ.ST,Europe,Sweden,Financial Services,Financial Services,Financials,61.8435,60-70,0.1252320665427,0.376623197107142,True,True,True,False
AVB.N,United States,United States,Real Estate,Equity Real Estate Investment Trusts (REITs),Real Estate,73.4962,70-80,,,False,True,False,True
AVGO.OQ,United States,United States,Technology,Semiconductors & Semiconductor Equipment,Information Technology,75.7972,70-80,0.1715578750147149,0.3816215191197054,True,True,True,True
AVOL.S,Europe,Switzerland,Consumer Cyclical,Consumer Discretionary Distribution & Retail,Consumer Discretionary,66.9626,60-70,0.0704286337436146,0.4380975678882388,True,True,True,False
AVY.N,United States,United States,Consumer Cyclical,Materials,Materials,68.1876,60-70,0.1119731855442204,0.2637826848047507,True,True,True,False
AWK.N,United States,United States,Utilities,Utilities,Utilities,75.1829,70-80,0.0989340509275823,0.2319796020495814,True,True,True,True
AXAF.PA,Europe,France,Financial Services,Insurance,Financials,77.3341,70-80,0.1055955938364837,0.2721244779016689,True,True,True,True
AXFO.ST,Europe,Sweden,Consumer Defensive,Consumer Staples Distribution & Retail,Consumer Staples,76.5355,70-80,0.0996368484201093,0.2376305862275033,True,True,True,True
AXON.OQ,United States,United States,Industrials,Capital Goods,Industrials,52.1563,50-60,0.1556124812257438,0.4646340733237481,True,True,True,False
AXP.N,United States,United States,Financial Services,Financial Services,Financials,66.0942,60-70,0.1320018854071986,0.3090698568198082,True,True,True,False
AYV.PA,Europe,France,Industrials,Transportation,Industrials,53.0099,50-60,0.0884720183564618,0.3579765292894466,True,True,True,False
AZMT.MI,Europe,Italy,Financial Services,Financial Services,Financials,44.6631,30-50,0.1068038665481652,0.3339106731423182,True,True,True,False
AZN.L,Europe,United Kingdom,Healthcare,"Pharmaceuticals, Biotechnology & Life Sciences",Health Care,92.2122,80+,0.1152027957187574,0.2484264966055024,True,True,True,True
AZO.N,United States,United States,Consumer Cyclical,Consumer Discretionary Distribution & Retail,Consumer Discretionary,55.3183,50-60,0.1246928965440882,0.2575420072714507,True,True,True,False
BA.N,United States,United States,Industrials,Capital Goods,Industrials,80.1538,80+,0.0897755457853177,0.4075814674126206,True,True,True,True
BAB.L,Europe,United Kingdom,Industrials,Capital Goods,Industrials,54.7161,50-60,0.0811728572574299,0.3720546966933764,True,True,True,False
BAC.N,United States,United States,Financial Services,Banks,Financials,87.6926,80+,0.1166717503699432,0.3061405660628219,True,True,True,True
BAER.S,Europe,Switzerland,Financial Services,Financial Services,Financials,68.8465,60-70,0.0944656106618083,0.2983895039474838,True,True,True,False
BAES.L,Europe,United Kingdom,Industrials,Capital Goods,Industrials,59.0157,50-60,0.1231394264542391,0.257902260802707,True,True,True,False
BAKKA.OL,Europe,Norway,Consumer Defensive,"Food, Beverage & Tobacco",Consumer Staples,63.9774,60-70,0.0937680057686783,0.3525354768623895,True,True,True,False
BALDb.ST,Europe,Sweden,Real Estate,Real Estate Management & Development,Real Estate,50.1342,50-60,0.0897778696854679,0.3712073178788447,True,True,True,False
BALF.L,Europe,United Kingdom,Industrials,Capital Goods,Industrials,70.3069,70-80,0.1034670382638824,0.3000378514994337,True,True,True,True
BALL.N,United States,United States,Consumer Cyclical,Materials,Materials,68.5485,60-70,0.0786348453205511,0.2756835841534013,True,True,True,False
BAMI.MI,Europe,Italy,Financial Services,Banks,Financials,74.4618,70-80,0.0984498558099555,0.45485470332243,True,True,True,True
BARC.L,Europe,United Kingdom,Financial Services,Banks,Financials,84.116,80+,0.1009066280535107,0.3768538086482057,True,True,True,True
BARN.S,Europe,Switzerland,Consumer Defensive,"Food, Beverage & Tobacco",Consumer Staples,70.2032,70-80,0.0781811210699557,0.2468756105769593,True,True,True,True
BASFn.DE,Europe,Germany,Basic Materials,Materials,Materials,86.9859,80+,0.0652964477153827,0.2829100407320959,True,True,True,True
BATS.L,Europe,United Kingdom,Consumer Defensive,"Food, Beverage & Tobacco",Consumer Staples,92.3045,80+,0.085273838646658,0.2448794103052635,True,True,True,True
BAVA.CO,Europe,Denmark,Healthcare,"Pharmaceuticals, Biotechnology & Life Sciences",Health Care,57.9432,50-60,0.0810991678934926,0.5400329229482064,True,True,True,False
BAWG.VI,Europe,Austria,Financial Services,Banks,Financials,81.3953,80+,0.1312572709004407,0.3390575233325613,True,True,True,True
BAX.N,United States,United States,Healthcare,Health Care Equipment & Services,Health Care,79.2802,70-80,0.0362201496484586,0.2792783335518005,True,True,True,True
BAYGn.DE,Europe,Germany,Healthcare,"Pharmaceuticals, Biotechnology & Life Sciences",Health Care,89.6723,80+,0.0376483911419878,0.3180726347672084,True,True,True,True
BBOXT.L,Europe,United Kingdom,Real Estate,Equity Real Estate Investment Trusts (REITs),Real Estate,58.2687,50-60,0.0813675175574232,0.273193059913029,True,True,True,False
BBVA.MC,Europe,Spain,Financial Services,Banks,Financials,91.8533,80+,0.1262485057036678,0.354763517820541,True,True,True,True
BBY.N,United States,United States,Consumer Cyclical,Consumer Discretionary Distribution & Retail,Consumer Discretionary,81.6078,80+,0.1068776800983848,0.3723979523784551,True,True,True,True
BC8G.DE,Europe,Germany,Technology,Software & Services,Information Technology,63.4772,60-70,0.1119984036157052,0.3250798645580941,True,True,True,False
BCP.LS,Europe,Portugal,Financial Services,Banks,Financials,68.8383,60-70,0.0915619164015659,0.4334839780789292,True,True,True,False
BCU.MI,Europe,Italy,Financial Services,Consumer Durables & Apparel,Consumer Discretionary,39.2533,30-50,0.1324518390789375,0.3456400270700112,True,True,True,False
BCVN.S,Europe,Switzerland,Financial Services,Banks,Financials,71.877,70-80,0.1055110377991083,0.1863217363493686,True,True,True,True
BDX.N,United States,United States,Healthcare,Health Care Equipment & Services,Health Care,87.2014,80+,0.069625437533285,0.2303826733751329,True,True,True,True
BEAN.S,Europe,Switzerland,Industrials,Capital Goods,Industrials,58.6076,50-60,0.1532146034505052,0.2899737907307988,True,True,True,False
BEIG.DE,Europe,Germany,Consumer Defensive,Household & Personal Products,Consumer Staples,65.6165,60-70,0.0579208103383706,0.207344771354362,True,True,True,False
BEIJb.ST,Europe,Sweden,Industrials,Capital Goods,Industrials,37.827,30-50,0.1307345123787628,0.3885220447767687,True,True,True,False
BEN.N,United States,United States,Financial Services,Financial Services,Financials,47.5364,30-50,0.0708223117378843,0.3239323774859866,True,True,True,False
BESI.AS,Europe,Netherlands,Technology,Semiconductors & Semiconductor Equipment,Information Technology,60.2038,60-70,0.1523206792867001,0.440505572630805,True,True,True,False
BEZG.L,Europe,United Kingdom,Financial Services,Insurance,Financials,65.5172,60-70,0.1019876851574987,0.3251035100246581,True,True,True,False
BFT.WA,Europe,Poland,Consumer Cyclical,Commercial  & Professional Services,Industrials,62.026250000000005,60-70,0.1342397846147616,0.4093994029930373,True,True,True,False
BFb.N,United States,United States,Consumer Defensive,"Food, Beverage & Tobacco",Consumer Staples,39.3114,30-50,0.0462049135229035,0.2638008818803886,True,True,True,False
BG.N,United States,United States,Consumer Defensive,"Food, Beverage & Tobacco",Consumer Staples,84.3504,80+,0.0850431904612198,0.3106821127067142,True,True,True,True
BGEO.L,Europe,United Kingdom,Financial Services,Banks,Financials,68.8788,60-70,0.1378133299496831,0.4042181616434482,True,True,True,False
BGN.MI,Europe,Italy,Financial Services,Financial Services,Financials,76.374,70-80,0.1100926734019394,0.3076762428309331,True,True,True,True
BIIB.OQ,United States,United States,Healthcare,"Pharmaceuticals, Biotechnology & Life Sciences",Health Care,83.6014,80+,0.0620311125903252,0.3930265530003549,True,True,True,True
BIOX.PA,Europe,France,Healthcare,Health Care Equipment & Services,Health Care,77.0256,70-80,0.110875841907009,0.2961505692726066,True,True,True,True
BIRG.I,Europe,Ireland,Financial Services,Banks,Financials,67.9185,60-70,0.0974568532190958,0.4475773488817294,True,True,True,False
BKGH.L,Europe,United Kingdom,Consumer Cyclical,Consumer Durables & Apparel,Consumer Discretionary,76.6749,70-80,0.0741258240671232,0.3241942746064972,True,True,True,True
BKNG.OQ,United States,United States,Consumer Cyclical,Consumer Services,Consumer Discretionary,47.2171,30-50,0.1179488710544463,0.31625541180682,True,True,True,False
BKR.OQ,United States,United States,Energy,Energy,Energy,80.7782,80+,0.1013173157948557,0.3980160968898819,True,True,True,True
BKT.MC,Europe,Spain,Financial Services,Banks,Financials,75.6201,70-80,0.1271348900006189,0.3200731471736325,True,True,True,True
BKWB.S,Europe,Switzerland,Utilities,Utilities,Utilities,58.0447,50-60,0.151582074230051,0.2272029305775781,True,True,True,False
BLDR.N,United States,United States,Industrials,Capital Goods,Industrials,40.1654,30-50,0.1282537089316498,0.4712348573688838,True,True,True,False
BLK.N,United States,United States,Financial Services,Financial Services,Financials,69.7884,60-70,0.1180933325545205,0.2716219168844768,True,True,True,False
BLND.L,Europe,United Kingdom,Real Estate,Equity Real Estate Investment Trusts (REITs),Real Estate,76.3297,70-80,0.0569414391550805,0.3263773736742954,True,True,True,True
BMEB.L,Europe,United Kingdom,Consumer Defensive,Consumer Discretionary Distribution & Retail,Consumer Discretionary,22.8998,<30,0.0802914282589986,0.3340761359793187,True,False,False,False
BMED.MI,Europe,Italy,Financial Services,Financial Services,Financials,80.0291,80+,0.1277468750900098,0.307316858596884,True,True,True,True
BMPS.MI,Europe,Italy,Financial Services,Banks,Financials,73.6703,70-80,0.0505871038941911,0.533836542596164,True,True,True,True
BMWG.DE,Europe,Germany,Consumer Cyclical,Automobiles & Components,Consumer Discretionary,87.9721,80+,0.0832556750729633,0.2928392917776397,True,True,True,True
BMY.N,United States,United States,Healthcare,"Pharmaceuticals, Biotechnology & Life Sciences",Health Care,75.8694,70-80,0.0568277431975803,0.2487658954457605,True,True,True,True
BNPP.PA,Europe,France,Financial Services,Banks,Financials,89.4902,80+,0.1041837150599964,0.3309085220404644,True,True,True,True
BNRGn.DE,Europe,Germany,Basic Materials,Capital Goods,Industrials,67.1596,60-70,0.0725265658802274,0.269847052108274,True,True,True,False
BNY.N,United States,United States,Financial Services,Financial Services,Financials,84.9683,80+,0.1137763170774743,0.2674893872913976,True,True,True,True
BNZL.L,Europe,United Kingdom,Consumer Defensive,Capital Goods,Industrials,46.8175,30-50,0.0632040547334691,0.2490978615421383,True,True,True,False
BOL.ST,Europe,Sweden,Basic Materials,Materials,Materials,78.6961,70-80,0.1225048377805352,0.3756900609881821,True,True,True,True
BOLL.PA,Europe,France,Communication Services,Energy,Energy,61.0892,60-70,0.0701132783250024,0.25921260600391,True,True,True,False
BOUY.PA,Europe,France,Industrials,Capital Goods,Industrials,68.1811,60-70,0.0911373495093023,0.2720647296106324,True,True,True,False
BP.L,Europe,United Kingdom,Energy,Energy,Energy,85.9008,80+,0.090321335632777,0.3178583572598082,True,True,True,True
BPTB.L,Europe,United Kingdom,Energy,Financial Services,Financials,47.7505,30-50,0.0842557140923625,0.4628253787329029,True,True,True,False
BR.N,United States,United States,Technology,Commercial  & Professional Services,Industrials,71.0397,70-80,0.1311835677257061,0.2281976554967517,True,True,True,True
BRBY.L,Europe,United Kingdom,Consumer Cyclical,Consumer Durables & Apparel,Consumer Discretionary,84.3895,80+,0.0782033741620765,0.3707963794884636,True,True,True,True
BRKb.N,United States,United States,Financial Services,Financial Services,Financials,24.092,<30,0.1198525666374525,0.1911249964414145,True,False,False,False
BRO.N,United States,United States,Financial Services,Insurance,Financials,43.792,30-50,0.136402681854599,0.2269025916279594,True,True,True,False
BSX.N,United States,United States,Healthcare,Health Care Equipment & Services,Health Care,78.4543,70-80,0.1304656937649627,0.2567977373039632,True,True,True,True
BT.L,Europe,United Kingdom,Communication Services,Telecommunication Services,Communication Services,64.8159,60-70,0.0473732243177484,0.3302145607052994,True,True,True,False
BTRW.L,Europe,United Kingdom,Consumer Cyclical,Consumer Durables & Apparel,Consumer Discretionary,62.9583,60-70,0.0765554797125544,0.3835919741975895,True,True,True,False
BUCN.S,Europe,Switzerland,Industrials,Capital Goods,Industrials,60.2379,60-70,0.0989542031281805,0.2528968927523077,True,True,True,False
BVI.PA,Europe,France,Industrials,Commercial  & Professional Services,Industrials,82.6344,80+,0.0848474341700451,0.2303752980507686,True,True,True,True
BWY.L,Europe,United Kingdom,Consumer Cyclical,Consumer Durables & Apparel,Consumer Discretionary,49.4797,30-50,0.0804532297727129,0.3700466409594379,True,True,True,False
BX.N,United States,United States,Financial Services,Financial Services,Financials,31.1061,30-50,0.1376270394289688,0.3510975798935308,True,True,True,False
BXP.N,United States,United States,Real Estate,Equity Real Estate Investment Trusts (REITs),Real Estate,70.5865,70-80,0.0555307147077371,0.3119242214256492,True,True,True,True
BYG.L,Europe,United Kingdom,Real Estate,Equity Real Estate Investment Trusts (REITs),Real Estate,79.438,70-80,0.0815532811998692,0.2969789283639716,True,True,True,True
BZU.MI,Europe,Italy,Basic Materials,Materials,Materials,47.8839,30-50,0.1157831878439688,0.3279799165771534,True,True,True,False
C.N,United States,United States,Financial Services,Banks,Financials,85.1134,80+,0.1052458247077454,0.3288041033865845,True,True,True,True
CABK.MC,Europe,Spain,Financial Services,Banks,Financials,83.7477,80+,0.1269089574993676,0.3510909356103039,True,True,True,True
CAG.N,United States,United States,Consumer Defensive,"Food, Beverage & Tobacco",Consumer Staples,69.2947,60-70,0.0399430951854907,0.252805175453053,True,True,True,False
CAGR.PA,Europe,France,Financial Services,Banks,Financials,62.9521,60-70,0.1074817411124586,0.3118209203364907,True,True,True,False
CAH.N,United States,United States,Healthcare,Health Care Equipment & Services,Health Care,70.4977,70-80,0.1058390197441635,0.2887053199090514,True,True,True,True
CAMX.ST,Europe,Sweden,Healthcare,"Pharmaceuticals, Biotechnology & Life Sciences",Health Care,72.9684,70-80,0.12847335280356,0.4393450459292003,True,True,True,True
CAPP.PA,Europe,France,Technology,Software & Services,Information Technology,62.026250000000005,60-70,0.0916432950244379,0.3024962731659263,True,True,True,False
CARLb.CO,Europe,Denmark,Consumer Defensive,"Food, Beverage & Tobacco",Consumer Staples,69.4738,60-70,0.0809901296674349,0.2297181893900731,True,True,True,False
CARR.N,United States,United States,Industrials,Capital Goods,Industrials,58.752,50-60,0.137357386302212,0.3618138823739465,True,True,True,False
CARR.PA,Europe,France,Consumer Defensive,Consumer Staples Distribution & Retail,Consumer Staples,72.8667,70-80,0.0485278229074575,0.2666076847314886,True,True,True,True
CAST.ST,Europe,Sweden,Real Estate,Real Estate Management & Development,Real Estate,80.6086,80+,0.0799165884285458,0.322479160662158,True,True,True,True
CASY.OQ,United States,United States,Consumer Cyclical,Consumer Staples Distribution & Retail,Consumer Staples,56.5788,50-60,0.1269867371918027,0.2710063319083254,True,True,True,False
CAT.N,United States,United States,Industrials,Capital Goods,Industrials,66.879,60-70,0.1552299102994313,0.298341071044186,True,True,True,False
CB.N,United States,United States,Financial Services,Insurance,Financials,44.8156,30-50,0.108549618511752,0.2338016597333318,True,True,True,False
CBKG.DE,Europe,Germany,Financial Services,Banks,Financials,65.3027,60-70,0.11443967299384,0.4304768653514116,True,True,True,False
CBOE.Z,United States,United States,Financial Services,Financial Services,Financials,68.6437,60-70,0.124083236992873,0.2424797677303465,True,True,True,False
CBRE.N,United States,United States,Real Estate,Real Estate Management & Development,Real Estate,76.2411,70-80,0.1205812159167793,0.3238382957735634,True,True,True,True
CCH.L,Europe,United Kingdom,Consumer Defensive,"Food, Beverage & Tobacco",Consumer Staples,85.4973,80+,0.1107436069070533,0.2819754078381339,True,True,True,True
CCI.N,United States,United States,Real Estate,Equity Real Estate Investment Trusts (REITs),Real Estate,56.8608,50-60,0.0738576265603629,0.2488323510896849,True,True,True,False
CCL.N,United States,United States,Consumer Cyclical,Consumer Services,Consumer Discretionary,85.0814,80+,0.080844174390329,0.564759972768039,True,True,True,True
CDNS.OQ,United States,United States,Technology,Software & Services,Information Technology,86.7757,80+,0.162363292976116,0.3229493569798283,True,True,True,True
CDR.WA,Europe,Poland,Communication Services,Media & Entertainment,Communication Services,42.6393,30-50,0.1384579526415728,0.4390701947914789,True,True,True,False
CDW.OQ,United States,United States,Technology,Technology Hardware & Equipment,Information Technology,56.8608,50-60,0.1129657488466386,0.2911720784550962,True,True,True,False
CEG.OQ,United States,United States,Utilities,Utilities,Utilities,49.6411,30-50,0.1449938856093693,0.4769296349867137,True,True,True,False
CF.N,United States,United States,Basic Materials,Materials,Materials,61.2232,60-70,0.1001957872149399,0.3971704704889135,True,True,True,False
CFG.N,United States,United States,Financial Services,Banks,Financials,65.8343,60-70,0.1070298821710073,0.3791041750088213,True,True,True,False
CFR.S,Europe,Switzerland,Consumer Cyclical,Consumer Durables & Apparel,Consumer Discretionary,65.0986,60-70,0.114133571257001,0.3088584780625674,True,True,True,False
CHD.N,United States,United States,Consumer Defensive,Household & Personal Products,Consumer Staples,67.4181,60-70,0.0895112645119805,0.212524770521798,True,True,True,False
CHRW.OQ,United States,United States,Industrials,Transportation,Industrials,45.6447,30-50,0.1091107894870177,0.2708586025744533,True,True,True,False
CHTR.OQ,United States,United States,Communication Services,Media & Entertainment,Communication Services,31.9425,30-50,0.0667247454210743,0.320851604012383,True,True,True,False
CI.N,United States,United States,Healthcare,Health Care Equipment & Services,Health Care,72.4681,70-80,0.0905784766818987,0.3026717966579495,True,True,True,True
CIEN.N,United States,United States,Technology,Technology Hardware & Equipment,Information Technology,56.8608,50-60,0.1384386951377206,0.4139102860899716,True,True,True,False
CINF.OQ,United States,United States,Financial Services,Insurance,Financials,35.6904,30-50,0.1131271335320781,0.2826499272029502,True,True,True,False
CL.N,United States,United States,Consumer Defensive,Household & Personal Products,Consumer Staples,77.0875,70-80,0.0634689523549412,0.1899947846163854,True,True,True,True
CLNX.MC,Europe,Spain,Real Estate,Telecommunication Services,Communication Services,72.6273,70-80,0.0945836840723546,0.2902356691177651,True,True,True,True
CLX.N,United States,United States,Consumer Defensive,Household & Personal Products,Consumer Staples,77.4717,70-80,0.052213094761784,0.2338329293936565,True,True,True,True
CMBN.S,Europe,Switzerland,Financial Services,Financial Services,Financials,51.6573,50-60,0.1045708666855715,0.2470218714466274,True,True,True,False
CMCSA.OQ,United States,United States,Communication Services,Telecommunication Services,Communication Services,55.9965,50-60,0.0675344168337399,0.2539660210384574,True,True,True,False
CME.OQ,United States,United States,Financial Services,Financial Services,Financials,64.159,60-70,0.1293055236692438,0.2358343946107584,True,True,True,False
CMG.N,United States,United States,Consumer Cyclical,Consumer Services,Consumer Discretionary,71.4566,70-80,0.1130391508856896,0.3494894204318868,True,True,True,True
CMI.N,United States,United States,Industrials,Capital Goods,Industrials,64.4099,60-70,0.1461068903467736,0.2695320161384206,True,True,True,False
CMS.N,United States,United States,Utilities,Utilities,Utilities,58.3275,50-60,0.0973673657635546,0.2029726389629466,True,True,True,False
CNA.L,Europe,United Kingdom,Utilities,Utilities,Utilities,72.2798,70-80,0.0715731731059358,0.3491489337835562,True,True,True,True
CNC.N,United States,United States,Healthcare,Health Care Equipment & Services,Health Care,75.9927,70-80,0.0802332409000943,0.3840331633340805,True,True,True,True
CNP.N,United States,United States,Utilities,Utilities,Utilities,44.3313,30-50,0.1037787121214088,0.2583056930263874,True,True,True,False
COF.N,United States,United States,Financial Services,Financial Services,Financials,64.2276,60-70,0.1139787275405863,0.3641502368597855,True,True,True,False
COHR.N,United States,United States,Technology,Technology Hardware & Equipment,Information Technology,44.1788,30-50,0.1250283879040417,0.534668493291141,True,True,True,False
COIN.OQ,United States,United States,Financial Services,Financial Services,Financials,36.6398,30-50,0.0973314676185032,0.8382869837451498,True,True,True,False
COLOb.CO,Europe,Denmark,Healthcare,Health Care Equipment & Services,Health Care,75.576,70-80,0.0686131051361228,0.2545476652642024,True,True,True,True
CONG.DE,Europe,Germany,Consumer Cyclical,Automobiles & Components,Consumer Discretionary,67.6995,60-70,0.0583117544463076,0.3526144540412753,True,True,True,False
COO.OQ,United States,United States,Healthcare,Health Care Equipment & Services,Health Care,58.8709,50-60,0.096356391066784,0.2733968263140379,True,True,True,False
COP.N,United States,United States,Energy,Energy,Energy,59.8912,50-60,0.1021700559010986,0.3800616255194991,True,True,True,False
COR.N,United States,United States,Healthcare,Health Care Equipment & Services,Health Care,67.5496,60-70,0.1223955002385468,0.2630587632631748,True,True,True,False
COST.OQ,United States,United States,Consumer Defensive,Consumer Staples Distribution & Retail,Consumer Staples,75.1451,70-80,0.1510653120931796,0.2164007969006058,True,True,True,True
CPAY.N,United States,United States,Technology,Financial Services,Financials,33.9553,30-50,0.0921365119684767,0.3164783446695695,True,True,True,False
CPB.OQ,United States,United States,Consumer Defensive,"Food, Beverage & Tobacco",Consumer Staples,63.9607,60-70,0.0369326870368126,0.2467317889817397,True,True,True,False
CPG.L,Europe,United Kingdom,Consumer Cyclical,Consumer Services,Consumer Discretionary,75.1269,70-80,0.0905428421165976,0.2714115922960506,True,True,True,True
CPRI.MI,Europe,Italy,Consumer Defensive,"Food, Beverage & Tobacco",Consumer Staples,51.9173,50-60,0.0795576133412136,0.2865431515547661,True,True,True,False
CPRT.OQ,United States,United States,Industrials,Commercial  & Professional Services,Industrials,61.9944,60-70,0.1498771170455645,0.2684007954703292,True,True,True,False
CPT.N,United States,United States,Real Estate,Equity Real Estate Investment Trusts (REITs),Real Estate,56.8608,50-60,0.0905245149194755,0.2412007042010493,True,True,True,False
CRDA.L,Europe,United Kingdom,Basic Materials,Materials,Materials,71.6409,70-80,0.0573652702778046,0.2620243632454869,True,True,True,True
CRDI.MI,Europe,Italy,Financial Services,Banks,Financials,80.4411,80+,0.1126134861621713,0.4244814525294919,True,True,True,True
CRH.N,United States,United States,Basic Materials,Materials,Materials,84.5454,80+,0.1395904260351784,0.2923986835695984,True,True,True,True
CRL.N,United States,United States,Healthcare,"Pharmaceuticals, Biotechnology & Life Sciences",Health Care,56.8608,50-60,0.0991868539131964,0.3640998516585186,True,True,True,False
CRM.N,United States,United States,Technology,Software & Services,Information Technology,72.9765,70-80,0.1093077879580489,0.3431881649424673,True,True,True,True
CRWD.OQ,United States,United States,Technology,Software & Services,Information Technology,27.7267,<30,0.1282000309516583,0.5489974141245182,True,False,False,False
CSCO.OQ,United States,United States,Technology,Technology Hardware & Equipment,Information Technology,78.7611,70-80,0.1174329514104544,0.2470918471294255,True,True,True,True
CSGP.OQ,United States,United States,Real Estate,Real Estate Management & Development,Real Estate,69.258,60-70,0.1080802687540152,0.3120771659592696,True,True,True,False
CSX.OQ,United States,United States,Industrials,Transportation,Industrials,70.6783,70-80,0.1261119901378128,0.2734198029415042,True,True,True,True
CTAS.OQ,United States,United States,Industrials,Commercial  & Professional Services,Industrials,65.164,60-70,0.1559546870243357,0.2611461419672314,True,True,True,False
CTEC.L,Europe,United Kingdom,Healthcare,Health Care Equipment & Services,Health Care,74.1797,70-80,0.0829214830603657,0.3429452578287244,True,True,True,True
CTSH.OQ,United States,United States,Technology,Software & Services,Information Technology,66.3559,60-70,0.0773531666698062,0.2781081066667873,True,True,True,False
CTVA.N,United States,United States,Basic Materials,Materials,Materials,57.8361,50-60,0.1127529294453434,0.3260114643370617,True,True,True,False
CVC.AS,Europe,Netherlands,Financial Services,Financial Services,Financials,47.9549,30-50,0.0940402982849703,0.3163224812457715,True,True,True,False
CVNA.N,United States,United States,Consumer Cyclical,Consumer Discretionary Distribution & Retail,Consumer Discretionary,15.1986,<30,0.120421730681223,0.9689583836525208,True,False,False,False
CVO.PA,Europe,France,Real Estate,Equity Real Estate Investment Trusts (REITs),Real Estate,86.9781,80+,0.0753367236327782,0.3078581282651805,True,True,True,True
CVS.N,United States,United States,Healthcare,Health Care Equipment & Services,Health Care,74.1956,70-80,0.0627519638812126,0.2809536930443809,True,True,True,True
CVX.N,United States,United States,Energy,Energy,Energy,61.9017,60-70,0.0993020031706155,0.2895988464622318,True,True,True,False
CWK.L,Europe,United Kingdom,Consumer Defensive,"Food, Beverage & Tobacco",Consumer Staples,71.2694,70-80,0.1029590818411366,0.2664760047795627,True,True,True,True
D.N,United States,United States,Utilities,Utilities,Utilities,69.5211,60-70,0.0635459904987352,0.230511813411703,True,True,True,False
DAL.N,United States,United States,Industrials,Transportation,Industrials,45.1054,30-50,0.0879247841595381,0.4104755717234452,True,True,True,False
DANO.PA,Europe,France,Consumer Defensive,"Food, Beverage & Tobacco",Consumer Staples,90.9511,80+,0.0765928972333537,0.2039030918109607,True,True,True,True
DANSKE.CO,Europe,Denmark,Financial Services,Banks,Financials,61.6362,60-70,0.1031036250350112,0.2929774041329387,True,True,True,False
DASH.OQ,United States,United States,Consumer Cyclical,Consumer Services,Consumer Discretionary,43.0703,30-50,0.0982712642823856,0.5670893388962684,True,True,True,False
DAST.PA,Europe,France,Technology,Software & Services,Information Technology,63.0765,60-70,0.0845230751565992,0.2796835975588063,True,True,True,False
DB1Gn.DE,Europe,Germany,Financial Services,Financial Services,Financials,68.1852,60-70,0.1158674719854027,0.2322850984733874,True,True,True,False
DBKGn.DE,Europe,Germany,Financial Services,Financial Services,Financials,78.4072,70-80,0.0950698712095963,0.4046778499751216,True,True,True,True
DCC.L,Europe,United Kingdom,Energy,Energy,Energy,35.9003,30-50,0.0559287610099107,0.2701045563134945,True,True,True,False
DD.N,United States,United States,Basic Materials,Capital Goods,Industrials,71.3287,70-80,0.0769285483757252,0.3241027400695772,True,True,True,True
DDOG.OQ,United States,United States,Technology,Software & Services,Information Technology,56.8608,50-60,0.114318411895457,0.5679672840005351,True,True,True,False
DE.N,United States,United States,Industrials,Capital Goods,Industrials,74.0549,70-80,0.1401332468924899,0.2937938605073119,True,True,True,True
DECK.N,United States,United States,Consumer Cyclical,Consumer Durables & Apparel,Consumer Discretionary,67.7303,60-70,0.1424215927567268,0.4131812686753192,True,True,True,False
DELL.N,United States,United States,Technology,Technology Hardware & Equipment,Information Technology,69.2948,60-70,0.1400269608071938,0.4008661019310894,True,True,True,False
DEMANT.CO,Europe,Denmark,Healthcare,Health Care Equipment & Services,Health Care,68.8201,60-70,0.0872690380460417,0.3386502083582195,True,True,True,False
DG.N,United States,United States,Consumer Defensive,Consumer Staples Distribution & Retail,Consumer Staples,65.19,60-70,0.0919638888787517,0.3152815584137482,True,True,True,False
DGE.L,Europe,United Kingdom,Consumer Defensive,"Food, Beverage & Tobacco",Consumer Staples,73.4011,70-80,0.049200212168491,0.2280241632368759,True,True,True,True
DGX.N,United States,United States,Healthcare,Health Care Equipment & Services,Health Care,69.1199,60-70,0.1050069710273479,0.2315227285447441,True,True,True,False
DHER.DE,Europe,Germany,Consumer Cyclical,Consumer Services,Consumer Discretionary,80.3934,80+,0.0864116418690963,0.5517948103998424,True,True,True,True
DHI.N,United States,United States,Consumer Cyclical,Consumer Durables & Apparel,Consumer Discretionary,43.5819,30-50,0.1215329581267503,0.3499336328534637,True,True,True,False
DHLn.DE,Europe,Germany,Industrials,Transportation,Industrials,77.9977,70-80,0.1027848450855413,0.2731605412332881,True,True,True,True
DHR.N,United States,United States,Healthcare,"Pharmaceuticals, Biotechnology & Life Sciences",Health Care,81.7628,80+,0.1336277567882914,0.2866324981888921,True,True,True,True
DIOR.PA,Europe,France,Consumer Cyclical,Consumer Durables & Apparel,Consumer Discretionary,77.5293,70-80,0.1293290636882865,0.2937328902738478,True,True,True,True
DIS.N,United States,United States,Communication Services,Media & Entertainment,Communication Services,82.7801,80+,0.0654698011201336,0.2792381930249842,True,True,True,True
DKSH.S,Europe,Switzerland,Industrials,Capital Goods,Industrials,80.3952,80+,0.0723587246362044,0.2338923277486901,True,True,True,True
DLG.MI,Europe,Italy,Consumer Cyclical,Consumer Durables & Apparel,Consumer Discretionary,69.1855,60-70,0.0895673843239912,0.3453005876970473,True,True,True,False
DLN.L,Europe,United Kingdom,Real Estate,Equity Real Estate Investment Trusts (REITs),Real Estate,73.0939,70-80,0.0464558954558338,0.3142484670342392,True,True,True,True
DLR.N,United States,United States,Real Estate,Equity Real Estate Investment Trusts (REITs),Real Estate,67.8672,60-70,0.1036970340305229,0.2765868423068259,True,True,True,False
DLTR.OQ,United States,United States,Consumer Defensive,Consumer Staples Distribution & Retail,Consumer Staples,69.5277,60-70,0.0853832965166095,0.3593580617188884,True,True,True,False
DNB.OL,Europe,Norway,Financial Services,Banks,Financials,70.2422,70-80,0.1156254068458345,0.2936225272206026,True,True,True,True
DNP.WA,Europe,Poland,Consumer Defensive,Consumer Staples Distribution & Retail,Consumer Staples,38.1794,30-50,0.1513590348061871,0.3763911075826698,True,True,True,False
DOC.N,United States,United States,Real Estate,Equity Real Estate Investment Trusts (REITs),Real Estate,82.5735,80+,0.0514628906372832,0.2933970819277988,True,True,True,True
DOV.N,United States,United States,Industrials,Capital Goods,Industrials,63.4357,60-70,0.1252620315181935,0.2638679605994591,True,True,True,False
DOW.N,United States,United States,Basic Materials,Materials,Materials,84.2141,80+,0.0684891849526749,0.375116725273907,True,True,True,True
DPLM.L,Europe,United Kingdom,Industrials,Capital Goods,Industrials,35.166,30-50,0.1393534556193592,0.3081627097721288,True,True,True,False
DPZ.OQ,United States,United States,Consumer Cyclical,Consumer Services,Consumer Discretionary,55.8014,50-60,0.1184669156612895,0.2928028402792044,True,True,True,False
DRI.N,United States,United States,Consumer Cyclical,Consumer Services,Consumer Discretionary,51.7062,50-60,0.1130320926729739,0.3494899305681891,True,True,True,False
DRX.L,Europe,United Kingdom,Utilities,Utilities,Utilities,59.1124,50-60,0.1169712191019334,0.3712791274197686,True,True,True,False
DSFIR.AS,Europe,Netherlands,Basic Materials,Materials,Materials,53.1796,50-60,0.0553685562916877,0.2546954085490712,True,True,True,False
DSV.CO,Europe,Denmark,Industrials,Transportation,Industrials,77.1577,70-80,0.1372898931181985,0.2942902826239908,True,True,True,True
DTE.N,United States,United States,Utilities,Utilities,Utilities,55.0752,50-60,0.098300340085101,0.2195662768232503,True,True,True,False
DTEGn.DE,Europe,Germany,Communication Services,Telecommunication Services,Communication Services,83.0192,80+,0.0969958555970601,0.205562896000464,True,True,True,True
DTGGe.DE,Europe,Germany,Industrials,Capital Goods,Industrials,81.0697,80+,0.1030458021762514,0.3395930918786677,True,True,True,True
DUK.N,United States,United States,Utilities,Utilities,Utilities,56.8608,50-60,0.0942890869718752,0.2004409480027499,True,True,True,False
DVA.N,United States,United States,Healthcare,Health Care Equipment & Services,Health Care,74.6109,70-80,0.0837727175518672,0.3283676844895871,True,True,True,True
DVN.N,United States,United States,Energy,Energy,Energy,59.6618,50-60,0.0941690781000324,0.5108531115140775,True,True,True,False
DXCM.OQ,United States,United States,Healthcare,Health Care Equipment & Services,Health Care,72.3052,70-80,0.1062642309007681,0.4917208193936256,True,True,True,True
EA.OQ,United States,United States,Communication Services,Media & Entertainment,Communication Services,70.6501,70-80,,,False,True,False,True
EBAY.OQ,United States,United States,Consumer Cyclical,Consumer Discretionary Distribution & Retail,Consumer Discretionary,56.8608,50-60,0.111647727362292,0.304798312220907,True,True,True,False
EBP.WA,Europe,Poland,Financial Services,Banks,Financials,76.2083,70-80,0.1049925977312371,0.3895625252496867,True,True,True,True
ECL.N,United States,United States,Basic Materials,Materials,Materials,83.9431,80+,0.0975896176544259,0.2461856443347138,True,True,True,True
ED.N,United States,United States,Utilities,Utilities,Utilities,54.0161,50-60,0.0881645930967162,0.2060431672528666,True,True,True,False
EDEN.PA,Europe,France,Financial Services,Financial Services,Financials,78.8583,70-80,0.0800206666162006,0.3161209122434301,True,True,True,True
EDP.LS,Europe,Portugal,Utilities,Utilities,Utilities,79.2957,70-80,0.0907846377505098,0.2594877976151641,True,True,True,True
EDPR.LS,Europe,Portugal,Utilities,Utilities,Utilities,73.7347,70-80,0.0882920298373943,0.3061777002701323,True,True,True,True
EFX.N,United States,United States,Industrials,Commercial  & Professional Services,Industrials,42.0363,30-50,0.0920436692148995,0.3014847205652964,True,True,True,False
EG.N,United States,United States,Financial Services,Insurance,Financials,59.7126,50-60,0.093154332495735,0.267664497305234,True,True,True,False
EIX.N,United States,United States,Utilities,Utilities,Utilities,76.0367,70-80,0.0756378032644181,0.2752236652652223,True,True,True,True
EL.N,United States,United States,Consumer Defensive,Household & Personal Products,Consumer Staples,70.9971,70-80,0.0791304471726685,0.3470098019490231,True,True,True,True
ELE.MC,Europe,Spain,Utilities,Utilities,Utilities,76.2856,70-80,0.1134909376883505,0.2262992359283593,True,True,True,True
ELI.BR,Europe,Belgium,Utilities,Utilities,Utilities,52.7683,50-60,0.1146432335253006,0.2633913768863092,True,True,True,False
ELIS.PA,Europe,France,Industrials,Commercial  & Professional Services,Industrials,78.3997,70-80,0.0944913925548763,0.3569005476670453,True,True,True,True
ELISA.HE,Europe,Finland,Communication Services,Telecommunication Services,Communication Services,63.6876,60-70,0.0769212245829061,0.2129040506564358,True,True,True,False
ELV.N,United States,United States,Healthcare,Health Care Equipment & Services,Health Care,77.1097,70-80,0.1035993884001019,0.2988796363424837,True,True,True,True
EME.N,United States,United States,Industrials,Capital Goods,Industrials,56.8608,50-60,0.1583582293677178,0.3211946579703289,True,True,True,False
EMG.L,Europe,United Kingdom,Financial Services,Financial Services,Financials,79.9441,70-80,0.0912768890937288,0.3188967111599349,True,True,True,True
EMII.MI,Europe,Italy,Financial Services,Banks,Financials,74.1204,70-80,0.1087455453732911,0.4482918298308827,True,True,True,True
EMR.N,United States,United States,Industrials,Capital Goods,Industrials,81.4476,80+,0.1128455395483468,0.2809595204111923,True,True,True,True
EMSN.S,Europe,Switzerland,Basic Materials,Materials,Materials,62.026250000000005,60-70,0.0844097743346275,0.2171216884935128,True,True,True,False
ENAG.MC,Europe,Spain,Utilities,Utilities,Utilities,80.8689,80+,0.0530286627673637,0.2193729340479622,True,True,True,True
ENEI.MI,Europe,Italy,Utilities,Utilities,Utilities,76.4161,70-80,0.12095067049505,0.248135242026448,True,True,True,True
ENGIE.PA,Europe,France,Utilities,Utilities,Utilities,70.9919,70-80,0.1048764972391497,0.2528236875218123,True,True,True,True
ENI.MI,Europe,Italy,Energy,Energy,Energy,84.8512,80+,0.0951969026271161,0.2792438470778856,True,True,True,True
ENR1n.DE,Europe,Germany,Industrials,Capital Goods,Industrials,71.8398,70-80,0.1260892807887464,0.5366056487661307,True,True,True,True
ENT.L,Europe,United Kingdom,Consumer Cyclical,Consumer Services,Consumer Discretionary,67.8419,60-70,0.0941034822202838,0.4193781164470176,True,True,True,False
ENX.PA,Europe,France,Financial Services,Financial Services,Financials,62.3479,60-70,0.1199853720488219,0.2619608170072918,True,True,True,False
EOG.N,United States,United States,Energy,Energy,Energy,56.6164,50-60,0.0968485391383351,0.393364914256266,True,True,True,False
EONGn.DE,Europe,Germany,Utilities,Utilities,Utilities,65.5441,60-70,0.1114012536994019,0.2519007330049126,True,True,True,False
EPIRa.ST,Europe,Sweden,Industrials,Capital Goods,Industrials,81.36,80+,0.1094110939697149,0.3271922285478326,True,True,True,True
EQIX.OQ,United States,United States,Real Estate,Equity Real Estate Investment Trusts (REITs),Real Estate,73.1013,70-80,0.1062934366750227,0.2671588110285021,True,True,True,True
EQNR.OL,Europe,Norway,Energy,Energy,Energy,71.2006,70-80,0.1033405323666132,0.3395353010854808,True,True,True,True
EQR.N,United States,United States,Real Estate,Equity Real Estate Investment Trusts (REITs),Real Estate,56.8608,50-60,,,False,True,False,False
EQT.N,United States,United States,Energy,Energy,Energy,44.2573,30-50,0.0971406823164018,0.4803703534594616,True,True,True,False
EQTAB.ST,Europe,Sweden,Financial Services,Financial Services,Financials,71.1889,70-80,0.1220413107656277,0.4915245131075312,True,True,True,True
ERICb.ST,Europe,Sweden,Technology,Technology Hardware & Equipment,Information Technology,82.8749,80+,0.0779117976901774,0.335932438028177,True,True,True,True
ERIE.OQ,United States,United States,Financial Services,Insurance,Financials,42.9648,30-50,0.1145716557924326,0.2809140328170498,True,True,True,False
ERST.VI,Europe,Austria,Financial Services,Banks,Financials,66.3662,60-70,0.1268655371044549,0.3421171592293102,True,True,True,False
ES.N,United States,United States,Utilities,Utilities,Utilities,74.3386,70-80,0.0812236828249581,0.236985760614523,True,True,True,True
ESLX.PA,Europe,France,Healthcare,Health Care Equipment & Services,Health Care,62.3747,60-70,0.1040538468482014,0.2548160770777412,True,True,True,False
ESS.N,United States,United States,Real Estate,Equity Real Estate Investment Trusts (REITs),Real Estate,78.7603,70-80,0.0730588024331828,0.2560694206281796,True,True,True,True
ESSITYb.ST,Europe,Sweden,Consumer Defensive,Household & Personal Products,Consumer Staples,77.4936,70-80,0.066430996001273,0.237294995217954,True,True,True,True
ETN.N,United States,United States,Industrials,Capital Goods,Industrials,64.0059,60-70,0.1434898233304717,0.2888184636628016,True,True,True,False
ETR.N,United States,United States,Utilities,Utilities,Utilities,52.4705,50-60,0.1198690131205742,0.2349578455706035,True,True,True,False
EUFI.PA,Europe,France,Financial Services,"Pharmaceuticals, Biotechnology & Life Sciences",Health Care,74.0179,70-80,0.0951924309135716,0.3252697108750444,True,True,True,True
EVDG.DE,Europe,Germany,Communication Services,Media & Entertainment,Communication Services,30.7177,30-50,0.1002347476924363,0.3359063275575111,True,True,True,False
EVKn.DE,Europe,Germany,Basic Materials,Materials,Materials,79.5815,70-80,0.0457793415690481,0.2731107701428142,True,True,True,True
EVOG.ST,Europe,Sweden,Consumer Cyclical,Consumer Services,Consumer Discretionary,60.0499,60-70,0.1357130132810229,0.4354011397931018,True,True,True,False
EVRG.OQ,United States,United States,Utilities,Utilities,Utilities,60.1766,60-70,0.0945560763717543,0.2252741722534314,True,True,True,False
EW.N,United States,United States,Healthcare,Health Care Equipment & Services,Health Care,69.9954,60-70,0.1076860686388564,0.3288880059964337,True,True,True,False
EXC.OQ,United States,United States,Utilities,Utilities,Utilities,69.9556,60-70,0.1074760305464946,0.2352367824091044,True,True,True,False
EXE.OQ,United States,United States,Energy,Energy,Energy,61.7158,60-70,0.128213640044338,0.3434809648898924,True,True,True,False
EXHO.PA,Europe,France,Industrials,Consumer Services,Consumer Discretionary,71.893,70-80,0.0693645504970039,0.2967253562687234,True,True,True,True
EXOR.AS,Europe,Netherlands,Financial Services,Financial Services,Financials,39.6225,30-50,0.0945313244540915,0.2322473853645541,True,True,True,False
EXPD.N,United States,United States,Industrials,Transportation,Industrials,63.6637,60-70,0.1163981042464175,0.2385855695078803,True,True,True,False
EXPE.OQ,United States,United States,Consumer Cyclical,Consumer Services,Consumer Discretionary,52.0757,50-60,0.0994339979249371,0.4264006471430479,True,True,True,False
EXPN.L,Europe,United Kingdom,Industrials,Commercial  & Professional Services,Industrials,67.9266,60-70,0.1047223123475709,0.2626534371539609,True,True,True,False
EXR.N,United States,United States,Real Estate,Equity Real Estate Investment Trusts (REITs),Real Estate,56.8608,50-60,0.0902161185845966,0.2665499580001056,True,True,True,False
EZJ.L,Europe,United Kingdom,Industrials,Transportation,Industrials,66.191,60-70,0.0637700542418363,0.4773993362142654,True,True,True,False
F.N,United States,United States,Consumer Cyclical,Automobiles & Components,Consumer Discretionary,72.4601,70-80,0.0889250156547499,0.3610824296357796,True,True,True,True
FANG.OQ,United States,United States,Energy,Energy,Energy,51.6459,50-60,0.1048282821632217,0.4967246311644864,True,True,True,False
FAST.OQ,United States,United States,Industrials,Capital Goods,Industrials,45.2675,30-50,0.1303123768824089,0.2610284146995738,True,True,True,False
FBK.MI,Europe,Italy,Financial Services,Banks,Financials,72.4291,70-80,0.1177068634589843,0.3321452450553133,True,True,True,True
FCX.N,United States,United States,Basic Materials,Materials,Materials,76.5356,70-80,0.1231527453007628,0.5126206113142264,True,True,True,True
FDJU.PA,Europe,France,Consumer Cyclical,Consumer Services,Consumer Discretionary,71.2105,70-80,0.0872680930876565,0.2833135351206307,True,True,True,True
FDS.N,United States,United States,Financial Services,Financial Services,Financials,68.145,60-70,0.0859039378151087,0.2557650587839354,True,True,True,False
FDX.N,United States,United States,Industrials,Transportation,Industrials,62.9031,60-70,0.0950860108848328,0.3247705284837124,True,True,True,False
FE.N,United States,United States,Utilities,Utilities,Utilities,61.0474,60-70,0.0893004840384774,0.2508450475989852,True,True,True,False
FER.MC,Europe,Spain,Industrials,Capital Goods,Industrials,83.5929,80+,0.1259680582989383,0.250439302150571,True,True,True,True
FFIV.OQ,United States,United States,Technology,Technology Hardware & Equipment,Information Technology,71.7142,70-80,0.0998017677853839,0.2881885400428325,True,True,True,True
FHZN.S,Europe,Switzerland,Industrials,Transportation,Industrials,43.8182,30-50,0.0974621646799065,0.2460210465139981,True,True,True,False
FICO.N,United States,United States,Technology,Software & Services,Information Technology,53.3137,50-60,0.1602419066757697,0.3597535151334857,True,True,True,False
FIS.N,United States,United States,Technology,Financial Services,Financials,79.2363,70-80,0.071886018403505,0.2944047290430664,True,True,True,True
FISV.OQ,United States,United States,Technology,Financial Services,Financials,58.2729,50-60,0.0800728630218183,0.327542757244899,True,True,True,False
FITB.N,United States,United States,Financial Services,Banks,Financials,66.0294,60-70,0.1079236899667609,0.3596152973519573,True,True,True,False
FIX.N,United States,United States,Industrials,Capital Goods,Industrials,56.6877,50-60,0.1685057239343019,0.4077080919057527,True,True,True,False
FLS.CO,Europe,Denmark,Industrials,Capital Goods,Industrials,76.7498,70-80,0.0972616272599118,0.3606853402511079,True,True,True,True
FMEG.DE,Europe,Germany,Healthcare,Health Care Equipment & Services,Health Care,83.8652,80+,0.0458565161635008,0.2920297091270824,True,True,True,True
FNTGn.DE,Europe,Germany,Communication Services,Telecommunication Services,Communication Services,44.5208,30-50,0.0828293626575277,0.2589242431674757,True,True,True,False
FORTUM.HE,Europe,Finland,Utilities,Utilities,Utilities,62.2986,60-70,0.1056993630439589,0.3004157737202757,True,True,True,False
FOUG.PA,Europe,France,Industrials,Capital Goods,Industrials,80.1907,80+,0.1035968212075773,0.2704199369898409,True,True,True,True
FOX.OQ,United States,United States,Communication Services,Media & Entertainment,Communication Services,54.9472,50-60,0.0987239115020089,0.30710082742883,True,True,True,False
FOXA.OQ,United States,United States,Communication Services,Media & Entertainment,Communication Services,54.9472,50-60,0.1030442528842052,0.315214451017584,True,True,True,False
FPE3_p.DE,Europe,Germany,Basic Materials,Materials,Materials,55.1003,50-60,0.0663877782744302,0.2735528149347353,True,True,True,False
FRAG.DE,Europe,Germany,Industrials,Transportation,Industrials,71.4607,70-80,0.0802271611978795,0.344632655175935,True,True,True,True
FREG.DE,Europe,Germany,Healthcare,Health Care Equipment & Services,Health Care,74.316,70-80,0.0578996255177639,0.2869621975356692,True,True,True,True
FRES.L,Europe,United Kingdom,Basic Materials,Materials,Materials,57.7459,50-60,0.1192262131475629,0.4339571480572119,True,True,True,False
FRO.OL,Europe,Norway,Energy,Energy,Energy,62.026250000000005,60-70,0.093436331334655,0.5053564229008516,True,True,True,False
FRT.N,United States,United States,Real Estate,Equity Real Estate Investment Trusts (REITs),Real Estate,77.916,70-80,0.0599115521615894,0.2873587992028944,True,True,True,True
FSLR.OQ,United States,United States,Technology,Semiconductors & Semiconductor Equipment,Information Technology,72.2755,70-80,0.1102063398405527,0.4884393077473016,True,True,True,True
FTKn.DE,Europe,Germany,Financial Services,Financial Services,Financials,60.8028,60-70,0.1251624248190167,0.471373285863124,True,True,True,False
FTNT.OQ,United States,United States,Technology,Software & Services,Information Technology,49.2711,30-50,0.1435190802306494,0.3988906931345731,True,True,True,False
FTV.N,United States,United States,Technology,Capital Goods,Industrials,54.2451,50-60,0.0912901736540675,0.2600735468662689,True,True,True,False
G1AG.DE,Europe,Germany,Industrials,Capital Goods,Industrials,83.5055,80+,0.0923920493934698,0.3076545493980813,True,True,True,True
G24n.DE,Europe,Germany,Communication Services,Media & Entertainment,Communication Services,66.9864,60-70,0.1081519048453843,0.2758107593745789,True,True,True,False
GALD.S,Europe,Switzerland,Healthcare,"Pharmaceuticals, Biotechnology & Life Sciences",Health Care,58.5013,50-60,0.1544617611542685,0.3012744190763626,True,True,True,False
GALE.S,Europe,Switzerland,Healthcare,Health Care Equipment & Services,Health Care,69.1402,60-70,0.1273936415286047,0.1904701307909762,True,True,True,False
GALP.LS,Europe,Portugal,Energy,Energy,Energy,74.8306,70-80,0.094654194371734,0.3157085255870974,True,True,True,True
GASI.MI,Europe,Italy,Utilities,Insurance,Financials,89.5093,80+,0.1189676327385412,0.2517881414283308,True,True,True,True
GAW.L,Europe,United Kingdom,Consumer Cyclical,Consumer Durables & Apparel,Consumer Discretionary,41.822,30-50,0.1884408769623968,0.36580961111267,True,True,True,False
GBFG.DE,Europe,Germany,Industrials,Commercial  & Professional Services,Industrials,70.5725,70-80,0.113942433576879,0.3797519162850878,True,True,True,True
GBLB.BR,Europe,Belgium,Financial Services,Financial Services,Financials,79.5073,70-80,0.0683845927903353,0.2133904985392726,True,True,True,True
GD.N,United States,United States,Industrials,Capital Goods,Industrials,61.9696,60-70,0.1063346656310606,0.2208619729263767,True,True,True,False
GDDY.N,United States,United States,Technology,Software & Services,Information Technology,60.3361,60-70,0.1137214742725497,0.3333944102638381,True,True,True,False
GE.N,United States,United States,Industrials,Capital Goods,Industrials,79.1495,70-80,0.0969963787858274,0.3500442379549359,True,True,True,True
GEBN.S,Europe,Switzerland,Industrials,Capital Goods,Industrials,87.5313,80+,0.1038211302733384,0.2257142579180072,True,True,True,True
GEHC.OQ,United States,United States,Healthcare,Health Care Equipment & Services,Health Care,72.6743,70-80,0.10383115755071,0.3163871019444244,True,True,True,True
GEN.OQ,United States,United States,Technology,Software & Services,Information Technology,77.0845,70-80,0.1300112829768615,0.380015503500203,True,True,True,True
GETIb.ST,Europe,Sweden,Healthcare,Health Care Equipment & Services,Health Care,75.7626,70-80,0.078763760766911,0.3592975445530821,True,True,True,True
GETP.PA,Europe,France,Industrials,Transportation,Industrials,80.5703,80+,0.0829901791683826,0.26728945735319,True,True,True,True
GEV.N,United States,United States,Industrials,Capital Goods,Industrials,43.9177,30-50,0.1326940503798139,0.5327169597157757,True,True,True,False
GF.S,Europe,Switzerland,Industrials,Capital Goods,Industrials,82.2344,80+,0.0969257261903207,0.280926077645751,True,True,True,True
GFCP.PA,Europe,France,Real Estate,Equity Real Estate Investment Trusts (REITs),Real Estate,86.2233,80+,0.0672657341777158,0.2669988667223781,True,True,True,True
GILD.OQ,United States,United States,Healthcare,"Pharmaceuticals, Biotechnology & Life Sciences",Health Care,87.0415,80+,0.0790500414543081,0.2514563369904988,True,True,True,True
GIS.N,United States,United States,Consumer Defensive,"Food, Beverage & Tobacco",Consumer Staples,75.9923,70-80,0.0520650629593657,0.2125864205851386,True,True,True,True
GIVN.S,Europe,Switzerland,Basic Materials,Materials,Materials,73.717,70-80,0.099885055106403,0.214508807287262,True,True,True,True
GJFG.OL,Europe,Norway,Financial Services,Insurance,Financials,58.2014,50-60,0.1102417224072532,0.250005390109316,True,True,True,False
GL.N,United States,United States,Financial Services,Insurance,Financials,62.4146,60-70,0.1012342958289755,0.3577995804197881,True,True,True,False
GL9.I,Europe,Ireland,Consumer Defensive,"Food, Beverage & Tobacco",Consumer Staples,60.1789,60-70,0.0687860786843909,0.3093175436574084,True,True,True,False
GLEN.L,Europe,United Kingdom,Basic Materials,Materials,Materials,86.0239,80+,0.1231190880597438,0.4125418195187734,True,True,True,True
GLW.N,United States,United States,Technology,Technology Hardware & Equipment,Information Technology,71.8645,70-80,0.1338965629794606,0.2983241332525496,True,True,True,True
GM.N,United States,United States,Consumer Cyclical,Automobiles & Components,Consumer Discretionary,56.8608,50-60,0.1046730479730703,0.3586339949016286,True,True,True,False
GMAB.CO,Europe,Denmark,Healthcare,"Pharmaceuticals, Biotechnology & Life Sciences",Health Care,85.461,80+,0.0974085425774696,0.3429937560206658,True,True,True,True
GNRC.N,United States,United States,Industrials,Capital Goods,Industrials,39.1101,30-50,0.1146310494766294,0.4391249688486471,True,True,True,False
GOOG.OQ,United States,United States,Communication Services,Media & Entertainment,Communication Services,79.0897,70-80,0.1478592624375307,0.2823404432797597,True,True,True,True
GOOGL.OQ,United States,United States,Communication Services,Media & Entertainment,Communication Services,79.0897,70-80,0.1465722136080841,0.2831766432974103,True,True,True,True
GPC.N,United States,United States,Consumer Cyclical,Consumer Discretionary Distribution & Retail,Consumer Discretionary,49.4317,30-50,0.0854198662279793,0.2709188554278757,True,True,True,False
GPN.N,United States,United States,Industrials,Financial Services,Financials,48.6307,30-50,0.0755570766552766,0.3344691141218882,True,True,True,False
GRLS.MC,Europe,Spain,Healthcare,"Pharmaceuticals, Biotechnology & Life Sciences",Health Care,67.7261,60-70,0.0620922733676616,0.4018392705477172,True,True,True,False
GRMN.N,United States,United States,Technology,Consumer Durables & Apparel,Consumer Discretionary,60.4034,60-70,0.1427600044523522,0.2756640520916782,True,True,True,False
GS.N,United States,United States,Financial Services,Financial Services,Financials,76.4736,70-80,0.1330483992623232,0.2906915003074831,True,True,True,True
GSK.L,Europe,United Kingdom,Healthcare,"Pharmaceuticals, Biotechnology & Life Sciences",Health Care,89.8836,80+,0.0876885481342936,0.2176284881248901,True,True,True,True
GTT.PA,Europe,France,Energy,Energy,Energy,62.1504,60-70,0.1343015767773677,0.3381901800419427,True,True,True,False
GWW.N,United States,United States,Industrials,Capital Goods,Industrials,56.8608,50-60,0.1335388926790237,0.2776305945487646,True,True,True,False
HAGG.DE,Europe,Germany,Industrials,Capital Goods,Industrials,69.0226,60-70,0.1357267077442149,0.4774853607142177,True,True,True,False
HAL.N,United States,United States,Energy,Energy,Energy,83.5908,80+,0.0812994589076869,0.4604505345965958,True,True,True,True
HAS.OQ,United States,United States,Consumer Cyclical,Consumer Durables & Apparel,Consumer Discretionary,64.2271,60-70,0.0852465134090742,0.3285634913160667,True,True,True,False
HBAN.OQ,United States,United States,Financial Services,Banks,Financials,69.5124,60-70,0.0970704893948084,0.339682157231033,True,True,True,False
HBANC.S,Europe,Switzerland,Financial Services,Insurance,Financials,75.5512,70-80,0.1145718133287253,0.2276173207256042,True,True,True,True
HCA.N,United States,United States,Healthcare,Health Care Equipment & Services,Health Care,68.902,60-70,0.1378009414660124,0.3190738588968468,True,True,True,False
HD.N,United States,United States,Consumer Cyclical,Consumer Discretionary Distribution & Retail,Consumer Discretionary,71.0227,70-80,0.1099580563159837,0.2437523120150969,True,True,True,True
HEIG.DE,Europe,Germany,Basic Materials,Materials,Materials,81.8448,80+,0.117163268111099,0.3089593874814279,True,True,True,True
HEIN.AS,Europe,Netherlands,Consumer Defensive,"Food, Beverage & Tobacco",Consumer Staples,66.7296,60-70,0.0537915782025435,0.2233920395606837,True,True,True,False
HEIO.AS,Europe,Netherlands,Consumer Defensive,"Food, Beverage & Tobacco",Consumer Staples,58.9621,50-60,0.0543337730275777,0.221667734377591,True,True,True,False
HEXAb.ST,Europe,Sweden,Technology,Technology Hardware & Equipment,Information Technology,51.1523,50-60,0.0985162914126898,0.3145223690835039,True,True,True,False
HIAB.HE,Europe,Finland,Industrials,Capital Goods,Industrials,65.7621,60-70,0.1109089346664664,0.3828930796405586,True,True,True,False
HIG.N,United States,United States,Financial Services,Insurance,Financials,75.8429,70-80,0.1162059697923225,0.2872107984811927,True,True,True,True
HII.N,United States,United States,Industrials,Capital Goods,Industrials,56.8608,50-60,0.1081890937922082,0.2965815932496651,True,True,True,False
HIK.L,Europe,United Kingdom,Healthcare,"Pharmaceuticals, Biotechnology & Life Sciences",Health Care,72.6032,70-80,0.0549852609206185,0.3221176190328791,True,True,True,True
HLMA.L,Europe,United Kingdom,Industrials,Technology Hardware & Equipment,Information Technology,59.1588,50-60,0.1188511133224255,0.2622284308617937,True,True,True,False
HLN.L,Europe,United Kingdom,Healthcare,"Pharmaceuticals, Biotechnology & Life Sciences",Health Care,60.5077,60-70,0.1035378869278178,0.2207749145594012,True,True,True,False
HLT.N,United States,United States,Consumer Cyclical,Consumer Services,Consumer Discretionary,81.4813,80+,0.1381088322839804,0.2859121035694853,True,True,True,True
HMb.ST,Europe,Sweden,Consumer Cyclical,Consumer Discretionary Distribution & Retail,Consumer Discretionary,64.3098,60-70,0.0668792036630099,0.363043622629338,True,True,True,False
HNKG_p.DE,Europe,Germany,Consumer Defensive,Household & Personal Products,Consumer Staples,76.8933,70-80,0.0388376939986527,0.2119890700865825,True,True,True,True
HNRGn.DE,Europe,Germany,Financial Services,Insurance,Financials,57.9597,50-60,0.1187186836163227,0.247856737473032,True,True,True,False
HOCM.L,Europe,United Kingdom,Basic Materials,Materials,Materials,55.4186,50-60,0.1247566813717054,0.5699860419027784,True,True,True,False
HOLMb.ST,Europe,Sweden,Basic Materials,Materials,Materials,62.3367,60-70,0.1097882523597757,0.2646963600113261,True,True,True,False
HOLN.S,Europe,Switzerland,Basic Materials,Materials,Materials,78.4917,70-80,,,False,True,False,True
HON.OQ,United States,United States,Industrials,Capital Goods,Industrials,69.3474,60-70,0.0975827925150933,0.2280435973292245,True,True,True,False
HOOD.OQ,United States,United States,Financial Services,Financial Services,Financials,51.7023,50-60,0.1121210928284369,0.7121497447342844,True,True,True,False
HOTG.DE,Europe,Germany,Industrials,Capital Goods,Industrials,79.1884,70-80,0.1305257307692081,0.3293388944890133,True,True,True,True
HPE.N,United States,United States,Technology,Technology Hardware & Equipment,Information Technology,71.7865,70-80,0.1105777700669105,0.3542971673271986,True,True,True,True
HPQ.N,United States,United States,Technology,Technology Hardware & Equipment,Information Technology,56.8608,50-60,0.1005152354597159,0.3417059739438553,True,True,True,False
HRA.MI,Europe,Italy,Utilities,Utilities,Utilities,77.5833,70-80,0.0974865774540774,0.2591400440111073,True,True,True,True
HRL.N,United States,United States,Consumer Defensive,"Food, Beverage & Tobacco",Consumer Staples,56.8608,50-60,0.0339519154182117,0.22733622330727,True,True,True,False
HRMS.PA,Europe,France,Consumer Cyclical,Consumer Durables & Apparel,Consumer Discretionary,55.8028,50-60,0.1508099677736093,0.2592645021944692,True,True,True,False
HSBA.L,Europe,United Kingdom,Financial Services,Banks,Financials,73.5939,70-80,0.1125676855378874,0.2617384316738126,True,True,True,True
HSIC.OQ,United States,United States,Healthcare,Health Care Equipment & Services,Health Care,63.4402,60-70,0.0653936580749254,0.2685613935349518,True,True,True,False
HST.OQ,United States,United States,Real Estate,Equity Real Estate Investment Trusts (REITs),Real Estate,84.044,80+,0.0877511077398738,0.3352263741903909,True,True,True,True
HSX.L,Europe,United Kingdom,Financial Services,Insurance,Financials,62.6273,60-70,0.0798295196323937,0.3095778780063509,True,True,True,False
HSY.N,United States,United States,Consumer Defensive,"Food, Beverage & Tobacco",Consumer Staples,56.8608,50-60,0.0975524627151246,0.2253660079684198,True,True,True,False
HUBB.N,United States,United States,Industrials,Capital Goods,Industrials,76.8804,70-80,0.1303890425699206,0.2784773889712418,True,True,True,True
HUBN.S,Europe,Switzerland,Technology,Capital Goods,Industrials,56.4275,50-60,0.1272719836866246,0.2719416728912039,True,True,True,False
HUH1V.HE,Europe,Finland,Consumer Cyclical,Materials,Materials,78.8024,70-80,0.0658081194240327,0.2666379502256287,True,True,True,True
HUM.N,United States,United States,Healthcare,Health Care Equipment & Services,Health Care,66.5179,60-70,0.0820430236289014,0.3272786299013167,True,True,True,False
HWDN.L,Europe,United Kingdom,Consumer Cyclical,Capital Goods,Industrials,52.1511,50-60,0.0877515671671682,0.324307883342734,True,True,True,False
HWM.N,United States,United States,Industrials,Capital Goods,Industrials,71.7427,70-80,,,False,True,False,True
IBE.MC,Europe,Spain,Utilities,Utilities,Utilities,80.0519,80+,0.1483197383898822,0.215698518517656,True,True,True,True
IBKR.OQ,United States,United States,Financial Services,Financial Services,Financials,44.9898,30-50,0.1315782755857081,0.3233930812133392,True,True,True,False
IBM.N,United States,United States,Technology,Software & Services,Information Technology,70.575,70-80,0.1120513591134234,0.2434929894277172,True,True,True,True
ICAG.L,Europe,United Kingdom,Industrials,Transportation,Industrials,78.8618,70-80,0.0861270451081893,0.4699953445556341,True,True,True,True
ICE.N,United States,United States,Financial Services,Financial Services,Financials,62.2664,60-70,0.1150923636365658,0.2180476344498982,True,True,True,False
ICGIN.L,Europe,United Kingdom,Financial Services,Financial Services,Financials,64.8791,60-70,0.117653921367898,0.4078828470400002,True,True,True,False
IDR.MC,Europe,Spain,Technology,Software & Services,Information Technology,60.6336,60-70,0.1300143066583582,0.3423484605603613,True,True,True,False
IDXX.OQ,United States,United States,Healthcare,Health Care Equipment & Services,Health Care,68.8764,60-70,0.1459438114506165,0.3184522632335059,True,True,True,False
IETB.BR,Europe,Belgium,Consumer Cyclical,Consumer Discretionary Distribution & Retail,Consumer Discretionary,68.8505,60-70,0.1508172662120597,0.3912580264580726,True,True,True,False
IEX.N,United States,United States,Industrials,Capital Goods,Industrials,56.145,50-60,0.0988698958262033,0.2365449975059946,True,True,True,False
IFF.N,United States,United States,Basic Materials,Materials,Materials,81.8238,80+,0.0484751198571363,0.2957250174896321,True,True,True,True
IFXGn.DE,Europe,Germany,Technology,Semiconductors & Semiconductor Equipment,Information Technology,77.5509,70-80,0.1083099989946545,0.3761140633776103,True,True,True,True
IG.MI,Europe,Italy,Utilities,Utilities,Utilities,71.3431,70-80,0.1271265518478359,0.239030045401014,True,True,True,True
IGG.L,Europe,United Kingdom,Financial Services,Financial Services,Financials,57.9738,50-60,0.0996877082200296,0.3270854267564127,True,True,True,False
IHG.L,Europe,United Kingdom,Consumer Cyclical,Consumer Services,Consumer Discretionary,73.8271,70-80,0.1240487119544962,0.3136635761336411,True,True,True,True
III.L,Europe,United Kingdom,Financial Services,Financial Services,Financials,71.2744,70-80,0.1437769548971126,0.3125763488145752,True,True,True,True
IMB.L,Europe,United Kingdom,Consumer Defensive,"Food, Beverage & Tobacco",Consumer Staples,74.3294,70-80,0.0751235175904743,0.240648571001299,True,True,True,True
IMCD.AS,Europe,Netherlands,Basic Materials,Capital Goods,Industrials,62.4609,60-70,0.1019545769726527,0.2771408270623942,True,True,True,False
IMI.L,Europe,United Kingdom,Industrials,Capital Goods,Industrials,73.1006,70-80,0.1103420282919415,0.2986332707392743,True,True,True,True
INCH.L,Europe,United Kingdom,Consumer Cyclical,Consumer Discretionary Distribution & Retail,Consumer Discretionary,41.373,30-50,0.0717480242643673,0.312797476812754,True,True,True,False
INCY.OQ,United States,United States,Healthcare,"Pharmaceuticals, Biotechnology & Life Sciences",Health Care,60.9086,60-70,0.0667230187113002,0.3496431291773318,True,True,True,False
INDT.ST,Europe,Sweden,Industrials,Capital Goods,Industrials,48.232,30-50,0.1205453175131377,0.3242125262613509,True,True,True,False
INDUc.ST,Europe,Sweden,Financial Services,Financial Services,Financials,40.6587,30-50,0.1102321876797209,0.2512046471398475,True,True,True,False
INF.L,Europe,United Kingdom,Communication Services,Media & Entertainment,Communication Services,79.2278,70-80,0.0832480922405409,0.3000373655366161,True,True,True,True
INGA.AS,Europe,Netherlands,Financial Services,Banks,Financials,70.0612,70-80,0.111811983035502,0.3395329078153715,True,True,True,True
INGP.WA,Europe,Poland,Financial Services,Banks,Financials,82.0652,80+,0.1164374331593757,0.3435910408309406,True,True,True,True
INPST.AS,Europe,Netherlands,Industrials,Transportation,Industrials,69.2376,60-70,0.0779964393070894,0.4698969701297761,True,True,True,False
INTC.OQ,United States,United States,Technology,Semiconductors & Semiconductor Equipment,Information Technology,78.2475,70-80,0.0834872473726814,0.3965946436389493,True,True,True,True
INTU.OQ,United States,United States,Technology,Software & Services,Information Technology,76.0963,70-80,0.1389075105981693,0.3107336179553096,True,True,True,True
INVEb.ST,Europe,Sweden,Financial Services,Financial Services,Financials,71.9947,70-80,0.1293712980562236,0.2430155902027766,True,True,True,True
INVH.N,United States,United States,Real Estate,Equity Real Estate Investment Trusts (REITs),Real Estate,55.0231,50-60,0.0842114193580122,0.2549459223944288,True,True,True,False
INVP.L,Europe,United Kingdom,Financial Services,Financial Services,Financials,66.7489,60-70,0.1011079441822807,0.3690343510366903,True,True,True,False
INWT.MI,Europe,Italy,Real Estate,Telecommunication Services,Communication Services,72.4105,70-80,0.101170608035987,0.2580207075301621,True,True,True,True
IP.N,United States,United States,Consumer Cyclical,Materials,Materials,64.0594,60-70,0.0835338844365294,0.3074502961291194,True,True,True,False
IPN.PA,Europe,France,Healthcare,"Pharmaceuticals, Biotechnology & Life Sciences",Health Care,56.8409,50-60,0.0966481847741318,0.330907961933687,True,True,True,False
IQV.N,United States,United States,Healthcare,"Pharmaceuticals, Biotechnology & Life Sciences",Health Care,68.8515,60-70,0.1086222277837595,0.2995640507027002,True,True,True,False
IR.N,United States,United States,Industrials,Capital Goods,Industrials,55.5053,50-60,0.1209661835848269,0.3364814369604375,True,True,True,False
IRM.N,United States,United States,Real Estate,Equity Real Estate Investment Trusts (REITs),Real Estate,77.9438,70-80,0.1290753411698893,0.2873438002132477,True,True,True,True
ISP.MI,Europe,Italy,Financial Services,Banks,Financials,92.7072,80+,0.1163558227197279,0.3314855407723345,True,True,True,True
ISRG.OQ,United States,United States,Healthcare,Health Care Equipment & Services,Health Care,61.9807,60-70,0.1468216773639162,0.3144433024305246,True,True,True,False
ISS.CO,Europe,Denmark,Industrials,Commercial  & Professional Services,Industrials,73.8967,70-80,0.0714323293139392,0.3264962480066979,True,True,True,True
IT.N,United States,United States,Technology,Software & Services,Information Technology,69.2533,60-70,0.1022515214747774,0.3107582360021094,True,True,True,False
ITPG.MI,Europe,Italy,Industrials,Capital Goods,Industrials,51.0463,50-60,0.1136447916244247,0.3234760498370873,True,True,True,False
ITRK.L,Europe,United Kingdom,Industrials,Commercial  & Professional Services,Industrials,72.9388,70-80,0.083351433064892,0.2552126315335512,True,True,True,True
ITV.L,Europe,United Kingdom,Communication Services,Media & Entertainment,Communication Services,73.9987,70-80,0.0562656166502317,0.3979893596300879,True,True,True,True
ITW.N,United States,United States,Industrials,Capital Goods,Industrials,62.1763,60-70,0.1111335392973917,0.2316321361586293,True,True,True,False
ITX.MC,Europe,Spain,Consumer Cyclical,Consumer Discretionary Distribution & Retail,Consumer Discretionary,76.8844,70-80,0.0989570320113724,0.270959124335734,True,True,True,True
IVG.MI,Europe,Italy,Industrials,Capital Goods,Industrials,64.7589,60-70,0.1118066665683742,0.431338963132571,True,True,True,False
IVZ.N,United States,United States,Financial Services,Financial Services,Financials,56.8608,50-60,0.0802479099074123,0.3874933912041758,True,True,True,False
J.N,United States,United States,Industrials,Commercial  & Professional Services,Industrials,76.3779,70-80,0.1193312927885553,0.2679491535298267,True,True,True,True
JBHT.OQ,United States,United States,Industrials,Transportation,Industrials,66.2407,60-70,0.103902413515053,0.2879405916275173,True,True,True,False
JBL.N,United States,United States,Technology,Technology Hardware & Equipment,Information Technology,70.6363,70-80,0.1440729348029348,0.3587906689501954,True,True,True,True
JCI.N,United States,United States,Industrials,Capital Goods,Industrials,74.976,70-80,0.1326416010693779,0.2760948762010904,True,True,True,True
JD.L,Europe,United Kingdom,Consumer Cyclical,Consumer Discretionary Distribution & Retail,Consumer Discretionary,37.5201,30-50,0.0945570056096136,0.4392178827261281,True,True,True,False
JKHY.OQ,United States,United States,Technology,Financial Services,Financials,53.4386,50-60,0.0985936093391676,0.228283424496925,True,True,True,False
JMAT.L,Europe,United Kingdom,Basic Materials,Materials,Materials,60.4815,60-70,0.0670071621177359,0.3246212541516303,True,True,True,False
JMT.LS,Europe,Portugal,Consumer Defensive,Consumer Staples Distribution & Retail,Consumer Staples,77.8116,70-80,0.0959054624436467,0.2641085438844152,True,True,True,True
JNJ.N,United States,United States,Healthcare,"Pharmaceuticals, Biotechnology & Life Sciences",Health Care,89.5845,80+,0.0979029656059966,0.1806391589412278,True,True,True,True
JPM.N,United States,United States,Financial Services,Banks,Financials,71.1284,70-80,0.1383911511148074,0.2704391615895931,True,True,True,True
JYSK.CO,Europe,Denmark,Financial Services,Banks,Financials,37.2141,30-50,0.1107121104879226,0.2977293967496149,True,True,True,False
KBC.BR,Europe,Belgium,Financial Services,Banks,Financials,63.3221,60-70,0.1112002572130295,0.3221228020003122,True,True,True,False
KBCA.BR,Europe,Belgium,Financial Services,Banks,Financials,4.2091,<30,0.1144169547223681,0.2987271373538865,True,False,False,False
KBX.DE,Europe,Germany,Consumer Cyclical,Capital Goods,Industrials,70.3392,70-80,0.0840708503772906,0.2995679974096694,True,True,True,True
KCRA.HE,Europe,Finland,Industrials,Capital Goods,Industrials,75.6687,70-80,0.129020870305149,0.3617774632575617,True,True,True,True
KDP.OQ,United States,United States,Consumer Defensive,"Food, Beverage & Tobacco",Consumer Staples,56.8608,50-60,0.1242096085281675,0.6424176523819428,True,True,True,False
KEMIRA.HE,Europe,Finland,Basic Materials,Materials,Materials,70.6107,70-80,0.1054845508801746,0.2775130480832697,True,True,True,True
KESKOB.HE,Europe,Finland,Consumer Defensive,Consumer Staples Distribution & Retail,Consumer Staples,70.0882,70-80,0.119599803353465,0.2585383415138134,True,True,True,True
KEY.N,United States,United States,Financial Services,Banks,Financials,70.8241,70-80,0.0983994281294736,0.3963039750982192,True,True,True,True
KEYS.N,United States,United States,Technology,Technology Hardware & Equipment,Information Technology,56.8608,50-60,0.1380612847050734,0.3073594323243747,True,True,True,False
KGF.L,Europe,United Kingdom,Consumer Cyclical,Consumer Discretionary Distribution & Retail,Consumer Discretionary,76.097,70-80,0.0758248090570458,0.3380269898082539,True,True,True,True
KGH.WA,Europe,Poland,Basic Materials,Materials,Materials,77.2341,70-80,0.119046702357897,0.4187820961386136,True,True,True,True
KGX.DE,Europe,Germany,Industrials,Capital Goods,Industrials,76.6068,70-80,0.0926606103014449,0.4110153905722898,True,True,True,True
KHC.OQ,United States,United States,Consumer Defensive,"Food, Beverage & Tobacco",Consumer Staples,63.216,60-70,0.0272977111675159,0.2679662585840979,True,True,True,False
KIM.N,United States,United States,Real Estate,Equity Real Estate Investment Trusts (REITs),Real Estate,79.7997,70-80,0.0749357370526191,0.3317983761296998,True,True,True,True
KKR.N,United States,United States,Financial Services,Financial Services,Financials,41.1994,30-50,0.1419154649674645,0.358905088623138,True,True,True,False
KLAC.OQ,United States,United States,Technology,Semiconductors & Semiconductor Equipment,Information Technology,68.4298,60-70,0.1581795712247147,0.3916538055046835,True,True,True,False
KMB.OQ,United States,United States,Consumer Defensive,Household & Personal Products,Consumer Staples,74.8437,70-80,0.0487376829745467,0.2045883562104267,True,True,True,True
KMI.N,United States,United States,Energy,Energy,Energy,81.9496,80+,0.1057662074923036,0.2973314169043017,True,True,True,True
KNEBV.HE,Europe,Finland,Industrials,Capital Goods,Industrials,70.9815,70-80,0.0940902718381967,0.2366908010413754,True,True,True,True
KNIN.S,Europe,Switzerland,Industrials,Transportation,Industrials,66.6965,60-70,0.0914511431646163,0.2453291615514979,True,True,True,False
KO.N,United States,United States,Consumer Defensive,"Food, Beverage & Tobacco",Consumer Staples,69.5755,60-70,0.0866503908617732,0.1780463220021745,True,True,True,False
KOG.OL,Europe,Norway,Industrials,Capital Goods,Industrials,63.4395,60-70,0.154271422560497,0.3482192402980359,True,True,True,False
KPN.AS,Europe,Netherlands,Communication Services,Telecommunication Services,Communication Services,61.4654,60-70,0.0909230850178111,0.2172512322307746,True,True,True,False
KR.N,United States,United States,Consumer Defensive,Consumer Staples Distribution & Retail,Consumer Staples,77.4347,70-80,0.0846074286409169,0.2846364031982597,True,True,True,True
KSP.I,Europe,Ireland,Consumer Defensive,Capital Goods,Industrials,82.3542,80+,0.1102016515780295,0.3625262616334411,True,True,True,True
KVUE.N,United States,United States,Consumer Defensive,Household & Personal Products,Consumer Staples,74.8143,70-80,0.0675408449228711,0.2910510279920026,True,True,True,True
KYGa.I,Europe,Ireland,Industrials,"Food, Beverage & Tobacco",Consumer Staples,79.5917,70-80,0.0588285982262903,0.2310897127104007,True,True,True,True
L.N,United States,United States,Financial Services,Insurance,Financials,56.8608,50-60,0.1032236920789733,0.2535628041425926,True,True,True,False
LAGRb.ST,Europe,Sweden,Industrials,Technology Hardware & Equipment,Information Technology,37.6773,30-50,0.1358231342593096,0.37889739875728,True,True,True,False
LAND.L,Europe,United Kingdom,Real Estate,Equity Real Estate Investment Trusts (REITs),Real Estate,84.6619,80+,0.0552449757426299,0.3122375526686163,True,True,True,True
LATOb.ST,Europe,Sweden,Industrials,Capital Goods,Industrials,47.3945,30-50,0.1067649435486801,0.3028561905138336,True,True,True,False
LDOF.MI,Europe,Italy,Industrials,Capital Goods,Industrials,89.2022,80+,0.1169588408717136,0.3841239332086095,True,True,True,True
LDOS.N,United States,United States,Technology,Commercial  & Professional Services,Industrials,56.8608,50-60,0.1399810830925834,0.2860372494681871,True,True,True,False
LEGD.PA,Europe,France,Industrials,Capital Goods,Industrials,83.0693,80+,0.1082039622575481,0.2524678249390248,True,True,True,True
LEGn.DE,Europe,Germany,Real Estate,Real Estate Management & Development,Real Estate,61.597,60-70,0.0668622000523604,0.284477562473986,True,True,True,False
LEN.N,United States,United States,Consumer Cyclical,Consumer Durables & Apparel,Consumer Discretionary,33.4748,30-50,0.0985064588227551,0.3617904253770041,True,True,True,False
LGEN.L,Europe,United Kingdom,Financial Services,Insurance,Financials,73.8275,70-80,0.0885335680448732,0.3446362156181271,True,True,True,True
LH.N,United States,United States,Healthcare,Health Care Equipment & Services,Health Care,78.2453,70-80,0.0964731305438955,0.2630057282060329,True,True,True,True
LHAG.DE,Europe,Germany,Industrials,Transportation,Industrials,71.7967,70-80,0.0769546742130252,0.3873991807399936,True,True,True,True
LHX.N,United States,United States,Industrials,Capital Goods,Industrials,64.9035,60-70,0.1202060736897963,0.2484194866210625,True,True,True,False
LIFCOb.ST,Europe,Sweden,Industrials,Capital Goods,Industrials,55.5194,50-60,0.1395873308773537,0.3368026731133015,True,True,True,False
LIGHT.AS,Europe,Netherlands,Industrials,Capital Goods,Industrials,86.2462,80+,0.0846796737432952,0.3477217974003947,True,True,True,True
LII.N,United States,United States,Industrials,Capital Goods,Industrials,54.2967,50-60,0.1210950902241145,0.2797990312611443,True,True,True,False
LIN.OQ,United States,United States,Basic Materials,Materials,Materials,82.1661,80+,0.1319210920667309,0.2247660867901702,True,True,True,True
LISP.S,Europe,Switzerland,Consumer Defensive,"Food, Beverage & Tobacco",Consumer Staples,75.5031,70-80,0.0991142320617701,0.2092371503331555,True,True,True,True
LITE.OQ,United States,United States,Technology,Technology Hardware & Equipment,Information Technology,84.2525,80+,0.1345453176485289,0.5271705704851285,True,True,True,True
LLOY.L,Europe,United Kingdom,Financial Services,Banks,Financials,83.9809,80+,0.090144388695468,0.3447296060461636,True,True,True,True
LLY.N,United States,United States,Healthcare,"Pharmaceuticals, Biotechnology & Life Sciences",Health Care,67.0375,60-70,0.1714853413037733,0.2873039452736948,True,True,True,False
LMPL.L,Europe,United Kingdom,Real Estate,Equity Real Estate Investment Trusts (REITs),Real Estate,48.5982,30-50,0.0799695934812805,0.2725983073400832,True,True,True,False
LMT.N,United States,United States,Industrials,Capital Goods,Industrials,85.5661,80+,0.1037359656562429,0.2282746933500733,True,True,True,True
LNT.OQ,United States,United States,Utilities,Utilities,Utilities,59.6368,50-60,0.1026591775385398,0.2080999549582481,True,True,True,False
LOGN.S,Europe,Switzerland,Technology,Technology Hardware & Equipment,Information Technology,70.226,70-80,0.1384995069981869,0.3289759549618157,True,True,True,True
LOIM.PA,Europe,France,Industrials,Equity Real Estate Investment Trusts (REITs),Real Estate,76.9661,70-80,0.089257545489889,0.3608340128324745,True,True,True,True
LONN.S,Europe,Switzerland,Healthcare,"Pharmaceuticals, Biotechnology & Life Sciences",Health Care,86.529,80+,0.1245373651159444,0.286432282966767,True,True,True,True
LOOMIS.ST,Europe,Sweden,Industrials,Commercial  & Professional Services,Industrials,61.8545,60-70,0.0895360593735143,0.3461958458576267,True,True,True,False
LOTB.BR,Europe,Belgium,Consumer Defensive,"Food, Beverage & Tobacco",Consumer Staples,65.1409,60-70,0.1308797501675629,0.2613984763976225,True,True,True,False
LOW.N,United States,United States,Consumer Cyclical,Consumer Discretionary Distribution & Retail,Consumer Discretionary,71.7919,70-80,0.114977849690215,0.2869943229797528,True,True,True,True
LPPP.WA,Europe,Poland,Consumer Cyclical,Consumer Durables & Apparel,Consumer Discretionary,57.2927,50-60,0.1159534262695567,0.458872387685671,True,True,True,False
LRCX.OQ,United States,United States,Technology,Semiconductors & Semiconductor Equipment,Information Technology,74.0742,70-80,0.1563228747925993,0.4247143513180604,True,True,True,True
LSEG.L,Europe,United Kingdom,Financial Services,Financial Services,Financials,76.8309,70-80,0.1097991390249626,0.2790296174203702,True,True,True,True
LTMC.MI,Europe,Italy,Consumer Cyclical,Consumer Services,Consumer Discretionary,55.3388,50-60,0.1644704645450463,0.2525058439664967,True,True,True,False
LULU.OQ,United States,United States,Consumer Cyclical,Consumer Durables & Apparel,Consumer Discretionary,61.1216,60-70,0.1123536386421196,0.3973538275971158,True,True,True,False
LUNDb.ST,Europe,Sweden,Industrials,Financial Services,Financials,39.7172,30-50,0.0899224342835892,0.2476837749101478,True,True,True,False
LUV.N,United States,United States,Industrials,Transportation,Industrials,73.9084,70-80,0.0733666178527318,0.3595051218160875,True,True,True,True
LVMH.PA,Europe,France,Consumer Cyclical,Consumer Durables & Apparel,Consumer Discretionary,74.8409,70-80,0.1313886380935104,0.2899230505563804,True,True,True,True
LVS.N,United States,United States,Consumer Cyclical,Consumer Services,Consumer Discretionary,67.7516,60-70,0.0923841366944965,0.3823734032557103,True,True,True,False
LYB.N,United States,United States,Basic Materials,Materials,Materials,78.8623,70-80,0.0670462452403288,0.3498975440161309,True,True,True,True
LYV.N,United States,United States,Communication Services,Media & Entertainment,Communication Services,46.8722,30-50,0.1241725788017378,0.3748131458146842,True,True,True,False
MA.N,United States,United States,Financial Services,Financial Services,Financials,75.0562,70-80,0.1381911281223278,0.2632090982177066,True,True,True,True
MAA.N,United States,United States,Real Estate,Equity Real Estate Investment Trusts (REITs),Real Estate,56.8608,50-60,0.0891183326690915,0.2393289198703882,True,True,True,False
MAERSKb.CO,Europe,Denmark,Industrials,Transportation,Industrials,64.8342,60-70,0.115486513060256,0.3893392186497054,True,True,True,False
MANTA.HE,Europe,Finland,Financial Services,Insurance,Financials,53.4806,50-60,0.1571107365956237,0.2516289105920188,True,True,True,False
MAP.MC,Europe,Spain,Financial Services,Insurance,Financials,69.2429,60-70,0.1153670870734081,0.270298403456807,True,True,True,False
MAR.OQ,United States,United States,Consumer Cyclical,Consumer Services,Consumer Discretionary,56.8608,50-60,0.12396919756643,0.3216013391110791,True,True,True,False
MAS.N,United States,United States,Industrials,Capital Goods,Industrials,68.9758,60-70,0.0992778052339622,0.2832609388220953,True,True,True,False
MBGn.DE,Europe,Germany,Consumer Cyclical,Automobiles & Components,Consumer Discretionary,83.7765,80+,0.0879304442300236,0.318071111422984,True,True,True,True
MBK.WA,Europe,Poland,Financial Services,Banks,Financials,79.4835,70-80,0.1099037475818767,0.4372711016675539,True,True,True,True
MCD.N,United States,United States,Consumer Cyclical,Consumer Services,Consumer Discretionary,59.168,50-60,0.1110065473568826,0.1997262528684627,True,True,True,False
MCHP.OQ,United States,United States,Technology,Semiconductors & Semiconductor Equipment,Information Technology,57.561,50-60,0.1075907001888045,0.4022197471835155,True,True,True,False
MCK.N,United States,United States,Healthcare,Health Care Equipment & Services,Health Care,66.1583,60-70,0.1219186268547552,0.2844326053796864,True,True,True,False
MCO.N,United States,United States,Financial Services,Financial Services,Financials,56.8608,50-60,0.1326164271700723,0.2714219270807308,True,True,True,False
MDLZ.OQ,United States,United States,Consumer Defensive,"Food, Beverage & Tobacco",Consumer Staples,77.4733,70-80,0.0666999439540748,0.208651644396498,True,True,True,True
MDT.N,United States,United States,Healthcare,Health Care Equipment & Services,Health Care,72.8511,70-80,0.0727675341505831,0.2268298811325163,True,True,True,True
MET.N,United States,United States,Financial Services,Insurance,Financials,71.4185,70-80,0.0993362674666509,0.3032028021942073,True,True,True,True
META.OQ,United States,United States,Communication Services,Media & Entertainment,Communication Services,51.3934,50-60,0.1262846867118254,0.3813671840055301,True,True,True,False
METSO.HE,Europe,Finland,Industrials,Capital Goods,Industrials,72.0384,70-80,0.1190079220864414,0.4529356054115042,True,True,True,True
MGM.N,United States,United States,Consumer Cyclical,Consumer Services,Consumer Discretionary,67.1629,60-70,0.0921381571252867,0.4498772737698098,True,True,True,False
MICP.PA,Europe,France,Consumer Cyclical,Automobiles & Components,Consumer Discretionary,81.1573,80+,0.0854927498768637,0.2677153911679033,True,True,True,True
MKC.N,United States,United States,Consumer Defensive,"Food, Beverage & Tobacco",Consumer Staples,74.1474,70-80,0.082237402783404,0.2299426727738165,True,True,True,True
MKS.L,Europe,United Kingdom,Consumer Cyclical,Consumer Staples Distribution & Retail,Consumer Staples,69.1364,60-70,0.0718550862561412,0.3891966311127345,True,True,True,False
MLM.N,United States,United States,Basic Materials,Materials,Materials,42.5046,30-50,0.1241775055785281,0.3024964736060926,True,True,True,False
MMM.N,United States,United States,Industrials,Capital Goods,Industrials,84.1625,80+,0.0805434918937217,0.2549659599413839,True,True,True,True
MNDI.L,Europe,United Kingdom,Basic Materials,Materials,Materials,81.7155,80+,0.0659104667415496,0.3071603236489103,True,True,True,True
MNG.L,Europe,United Kingdom,Financial Services,Financial Services,Financials,77.0554,70-80,0.1128774098265279,0.3846909762420694,True,True,True,True
MNST.OQ,United States,United States,Consumer Defensive,"Food, Beverage & Tobacco",Consumer Staples,56.8608,50-60,0.1065583906898025,0.2588343965103283,True,True,True,False
MO.N,United States,United States,Consumer Defensive,"Food, Beverage & Tobacco",Consumer Staples,85.1858,80+,0.0819079757749422,0.2226031447390729,True,True,True,True
MOBN.S,Europe,Switzerland,Real Estate,Real Estate Management & Development,Real Estate,81.7939,80+,0.1109181931098036,0.1712552688427402,True,True,True,True
MONC.MI,Europe,Italy,Consumer Cyclical,Consumer Durables & Apparel,Consumer Discretionary,79.8939,70-80,0.1236990966461077,0.3310669826025707,True,True,True,True
MOS.N,United States,United States,Basic Materials,Materials,Materials,68.6524,60-70,0.0813337961209268,0.4453429066885022,True,True,True,False
MOWI.OL,Europe,Norway,Consumer Defensive,"Food, Beverage & Tobacco",Consumer Staples,75.9582,70-80,0.0956218391386267,0.2949750580166951,True,True,True,True
MPC.N,United States,United States,Energy,Energy,Energy,75.5627,70-80,0.1143297548887059,0.4037222303623112,True,True,True,True
MPWR.OQ,United States,United States,Technology,Semiconductors & Semiconductor Equipment,Information Technology,61.0459,60-70,0.1410168724636783,0.4533107117894568,True,True,True,False
MRCG.DE,Europe,Germany,Healthcare,"Pharmaceuticals, Biotechnology & Life Sciences",Health Care,85.5705,80+,0.0791048984867088,0.2625970314101571,True,True,True,True
MRK.N,United States,United States,Healthcare,"Pharmaceuticals, Biotechnology & Life Sciences",Health Care,80.9149,80+,0.1025575964951685,0.2219260681951467,True,True,True,True
MRL.MC,Europe,Spain,Real Estate,Equity Real Estate Investment Trusts (REITs),Real Estate,67.6843,60-70,0.0846134409015712,0.2819854499198714,True,True,True,False
MRNA.OQ,United States,United States,Healthcare,"Pharmaceuticals, Biotechnology & Life Sciences",Health Care,67.5112,60-70,0.1010856842652555,0.700396481734652,True,True,True,False
MRON.L,Europe,United Kingdom,Industrials,Capital Goods,Industrials,72.455,70-80,0.1181906270186896,0.4477438487578449,True,True,True,True
MRSH.N,United States,United States,Financial Services,Insurance,Financials,54.9025,50-60,0.1216614016805593,0.199959509525085,True,True,True,False
MS.N,United States,United States,Financial Services,Financial Services,Financials,56.1848,50-60,0.1387574915377907,0.3112199517095479,True,True,True,False
MSCI.N,United States,United States,Financial Services,Financial Services,Financials,55.8901,50-60,0.1468758198751951,0.3026490746811648,True,True,True,False
MSFT.OQ,United States,United States,Technology,Software & Services,Information Technology,87.5319,80+,0.1595332181291358,0.2625299951328092,True,True,True,True
MSI.N,United States,United States,Technology,Technology Hardware & Equipment,Information Technology,77.0515,70-80,0.1433173551545649,0.2442536255056775,True,True,True,True
MT.AS,Europe,Netherlands,Basic Materials,Materials,Materials,76.2062,70-80,0.1168400457175603,0.4492387960814379,True,True,True,True
MTB.N,United States,United States,Financial Services,Banks,Financials,80.0759,80+,0.0941156689162016,0.3224305982160292,True,True,True,True
MTD.N,United States,United States,Healthcare,"Pharmaceuticals, Biotechnology & Life Sciences",Health Care,72.762,70-80,0.1181715113811995,0.2851147536713322,True,True,True,True
MTO.L,Europe,United Kingdom,Industrials,Commercial  & Professional Services,Industrials,72.4266,70-80,0.0822466253800777,0.4230227255699926,True,True,True,True
MTXGn.DE,Europe,Germany,Industrials,Capital Goods,Industrials,84.5449,80+,0.120387930977677,0.3406526748186499,True,True,True,True
MU.OQ,United States,United States,Technology,Semiconductors & Semiconductor Equipment,Information Technology,62.8428,60-70,0.1444693624273882,0.4741678381155319,True,True,True,False
MUVGn.DE,Europe,Germany,Financial Services,Insurance,Financials,76.3652,70-80,0.1289549413013143,0.2556007469250849,True,True,True,True
MWDP.PA,Europe,France,Financial Services,Financial Services,Financials,65.7115,60-70,0.0621422518715738,0.2701435921237117,True,True,True,False
MYCR.ST,Europe,Sweden,Industrials,Technology Hardware & Equipment,Information Technology,71.4723,70-80,0.1251587469933818,0.3895747578083806,True,True,True,True
NAFG.DE,Europe,Germany,Industrials,Materials,Materials,76.2,70-80,0.1105527210148357,0.362102609203176,True,True,True,True
NCLH.N,United States,United States,Consumer Cyclical,Consumer Services,Consumer Discretionary,76.889,70-80,0.076401505748124,0.606889567383112,True,True,True,True
NDAFI.HE,Europe,Finland,Financial Services,Banks,Financials,74.9929,70-80,0.1107211930232753,0.2680644514017901,True,True,True,True
NDAQ.OQ,United States,United States,Financial Services,Financial Services,Financials,80.028,80+,0.1394177249621375,0.2349105765686617,True,True,True,True
NDSN.OQ,United States,United States,Industrials,Capital Goods,Industrials,56.8608,50-60,0.1187771272825938,0.2844801752960676,True,True,True,False
NDXG.DE,Europe,Germany,Industrials,Capital Goods,Industrials,78.8326,70-80,0.0853913387231448,0.4939643550572798,True,True,True,True
NEE.N,United States,United States,Utilities,Utilities,Utilities,70.1048,70-80,0.1190037353716776,0.2477684850656877,True,True,True,True
NEKG.DE,Europe,Germany,Technology,Software & Services,Information Technology,57.7094,50-60,0.1288718081107324,0.3816874383257137,True,True,True,False
NEM.N,United States,United States,Basic Materials,Materials,Materials,87.3841,80+,0.1332693817592009,0.3499197050413806,True,True,True,True
NESN.S,Europe,Switzerland,Consumer Defensive,"Food, Beverage & Tobacco",Consumer Staples,82.986,80+,0.0712576049889053,0.1732546823097886,True,True,True,True
NESTE.HE,Europe,Finland,Energy,Energy,Energy,73.2937,70-80,0.1057509227615817,0.3709326887403252,True,True,True,True
NEXII.MI,Europe,Italy,Technology,Financial Services,Financials,52.7402,50-60,0.0623832780966436,0.3812589145904816,True,True,True,False
NEXS.PA,Europe,France,Industrials,Capital Goods,Industrials,80.5866,80+,0.1170083668821541,0.3862459831865569,True,True,True,True
NFLX.OQ,United States,United States,Communication Services,Media & Entertainment,Communication Services,37.4235,30-50,0.1298451592187674,0.4189621787322523,True,True,True,False
NG.L,Europe,United Kingdom,Utilities,Utilities,Utilities,71.959,70-80,0.0853389764754767,0.2201315740785033,True,True,True,True
NHY.OL,Europe,Norway,Basic Materials,Materials,Materials,80.5318,80+,0.1074553096932063,0.3836743104576165,True,True,True,True
NI.N,United States,United States,Utilities,Utilities,Utilities,66.4081,60-70,0.1043659290890197,0.229582034650047,True,True,True,False
NIBEb.ST,Europe,Sweden,Industrials,Capital Goods,Industrials,62.5265,60-70,0.0943893698560872,0.3746053331868594,True,True,True,False
NKE.N,United States,United States,Consumer Cyclical,Consumer Durables & Apparel,Consumer Discretionary,70.9903,70-80,0.0698066142589014,0.312676205410197,True,True,True,True
NKT.CO,Europe,Denmark,Industrials,Capital Goods,Industrials,63.3158,60-70,0.1248434312744237,0.4027798413213877,True,True,True,False
NN.AS,Europe,Netherlands,Financial Services,Insurance,Financials,75.4791,70-80,0.1180388399418848,0.2726650614173277,True,True,True,True
NOC.N,United States,United States,Industrials,Capital Goods,Industrials,69.307,60-70,0.113469422683224,0.2439983254879724,True,True,True,False
NOD.OL,Europe,Norway,Technology,Semiconductors & Semiconductor Equipment,Information Technology,59.5824,50-60,0.1027989468747436,0.5110270496393984,True,True,True,False
NOKIA.HE,Europe,Finland,Technology,Technology Hardware & Equipment,Information Technology,75.9086,70-80,0.0743922131551979,0.3471750932921071,True,True,True,True
NOVN.S,Europe,Switzerland,Healthcare,"Pharmaceuticals, Biotechnology & Life Sciences",Health Care,87.4182,80+,0.102179319288041,0.1857421781700971,True,True,True,True
NOVOb.CO,Europe,Denmark,Healthcare,"Pharmaceuticals, Biotechnology & Life Sciences",Health Care,71.6519,70-80,0.0933408081124789,0.3168775912700149,True,True,True,True
NOW.N,United States,United States,Technology,Software & Services,Information Technology,75.7394,70-80,0.1346223840249325,0.3911805302431703,True,True,True,True
NRG.N,United States,United States,Utilities,Utilities,Utilities,52.8464,50-60,0.1529402934618937,0.387187715543134,True,True,True,False
NSC.N,United States,United States,Industrials,Transportation,Industrials,66.5925,60-70,0.1199186226155203,0.2735514384537485,True,True,True,False
NSISb.CO,Europe,Denmark,Basic Materials,Materials,Materials,72.8744,70-80,0.0760616163730943,0.2679067388544826,True,True,True,True
NTAP.OQ,United States,United States,Technology,Technology Hardware & Equipment,Information Technology,63.9314,60-70,0.1232151674459975,0.3421818525231622,True,True,True,False
NTGY.MC,Europe,Spain,Utilities,Utilities,Utilities,74.6115,70-80,0.1015743126794997,0.2496981630261576,True,True,True,True
NTRS.OQ,United States,United States,Financial Services,Financial Services,Financials,66.9178,60-70,0.0977400903274099,0.2990586574484059,True,True,True,False
NUE.N,United States,United States,Basic Materials,Materials,Materials,53.7329,50-60,0.121664127216736,0.3531135145244241,True,True,True,False
NVDA.OQ,United States,United States,Technology,Semiconductors & Semiconductor Equipment,Information Technology,75.1723,70-80,0.1905916099503556,0.4866737691320677,True,True,True,True
NVR.N,United States,United States,Consumer Cyclical,Consumer Durables & Apparel,Consumer Discretionary,36.7147,30-50,0.119709071843943,0.3105897586798503,True,True,True,False
NWG.L,Europe,United Kingdom,Financial Services,Banks,Financials,82.0267,80+,0.1082453040120394,0.3698295449807874,True,True,True,True
NWS.OQ,United States,United States,Communication Services,Media & Entertainment,Communication Services,68.1438,60-70,0.0960563372501377,0.2939977650464533,True,True,True,False
NWSA.OQ,United States,United States,Communication Services,Media & Entertainment,Communication Services,68.1438,60-70,0.0928264622400588,0.2921516197200751,True,True,True,False
NXPI.OQ,United States,United States,Technology,Semiconductors & Semiconductor Equipment,Information Technology,86.9826,80+,0.1039611232041061,0.3900558243294242,True,True,True,True
NXT.L,Europe,United Kingdom,Consumer Cyclical,Consumer Discretionary Distribution & Retail,Consumer Discretionary,69.4211,60-70,0.0995639904034214,0.3429472436571879,True,True,True,False
O.N,United States,United States,Real Estate,Equity Real Estate Investment Trusts (REITs),Real Estate,84.8669,80+,0.0816962867736385,0.2589164752784922,True,True,True,True
ODFL.OQ,United States,United States,Industrials,Transportation,Industrials,37.3008,30-50,0.1417606481763541,0.3189714623326112,True,True,True,False
OKE.N,United States,United States,Energy,Energy,Energy,79.7515,70-80,0.1206837874574072,0.4104795009959123,True,True,True,True
OMC.N,United States,United States,Communication Services,Media & Entertainment,Communication Services,62.4987,60-70,0.0750104152357582,0.2726308106255422,True,True,True,False
OMVV.VI,Europe,Austria,Energy,Energy,Energy,82.975,80+,0.1122569576809126,0.3345634666306064,True,True,True,True
ON.OQ,United States,United States,Technology,Semiconductors & Semiconductor Equipment,Information Technology,56.5187,50-60,0.1165292894183126,0.4940193347364554,True,True,True,False
ORAN.PA,Europe,France,Communication Services,Telecommunication Services,Communication Services,72.5092,70-80,0.0746390948849149,0.2010555193266081,True,True,True,True
ORCL.N,United States,United States,Technology,Software & Services,Information Technology,51.8556,50-60,0.1314637008983306,0.3177069356932533,True,True,True,False
OREP.PA,Europe,France,Consumer Defensive,Household & Personal Products,Consumer Staples,85.9094,80+,0.105010097646598,0.2372130517903341,True,True,True,True
ORK.OL,Europe,Norway,Consumer Defensive,"Food, Beverage & Tobacco",Consumer Staples,83.9729,80+,0.0927129287493217,0.2270892172573351,True,True,True,True
ORLY.OQ,United States,United States,Consumer Cyclical,Consumer Discretionary Distribution & Retail,Consumer Discretionary,43.8726,30-50,0.1318955051374282,0.2618613764533293,True,True,True,False
ORNBV.HE,Europe,Finland,Healthcare,"Pharmaceuticals, Biotechnology & Life Sciences",Health Care,72.8647,70-80,0.1074035551863969,0.2867557687526743,True,True,True,True
ORSTED.CO,Europe,Denmark,Utilities,Utilities,Utilities,69.6896,60-70,0.0736925083895124,0.3874406341821572,True,True,True,False
OTIS.N,United States,United States,Industrials,Capital Goods,Industrials,68.3,60-70,0.1115043294247013,0.2497452236134107,True,True,True,False
OXY.N,United States,United States,Energy,Energy,Energy,79.3333,70-80,0.0798168809966895,0.4970014724544756,True,True,True,True
P911_p.DE,Europe,Germany,Consumer Cyclical,Automobiles & Components,Consumer Discretionary,70.6974,70-80,0.0717432386286913,0.3147966833547848,True,True,True,True
PAFR.L,Europe,United Kingdom,Basic Materials,Materials,Materials,55.9002,50-60,0.1363729262023714,0.5330356544440479,True,True,True,False
PANW.OQ,United States,United States,Technology,Software & Services,Information Technology,53.4905,50-60,0.1254740183238115,0.387300693302999,True,True,True,False
PAYX.OQ,United States,United States,Technology,Commercial  & Professional Services,Industrials,60.3577,60-70,0.1030963951885525,0.2442915221053992,True,True,True,False
PCAR.OQ,United States,United States,Industrials,Capital Goods,Industrials,56.8608,50-60,0.1339850828876811,0.2568983122131527,True,True,True,False
PCG.N,United States,United States,Utilities,Utilities,Utilities,70.8034,70-80,0.0730838886115606,0.5949237720356096,True,True,True,True
PEG.N,United States,United States,Utilities,Utilities,Utilities,56.8608,50-60,0.1041017031021547,0.2150827449812126,True,True,True,False
PEO.WA,Europe,Poland,Financial Services,Banks,Financials,77.6327,70-80,0.1036035126591322,0.3703926271203488,True,True,True,True
PEP.OQ,United States,United States,Consumer Defensive,"Food, Beverage & Tobacco",Consumer Staples,78.8803,70-80,0.0791425809423034,0.1903374941728137,True,True,True,True
PERP.PA,Europe,France,Consumer Defensive,"Food, Beverage & Tobacco",Consumer Staples,64.8828,60-70,0.0461041401826938,0.2280610078843954,True,True,True,False
PFE.N,United States,United States,Healthcare,"Pharmaceuticals, Biotechnology & Life Sciences",Health Care,77.6516,70-80,0.0607989388274921,0.2333927737867724,True,True,True,True
PFG.OQ,United States,United States,Financial Services,Insurance,Financials,66.4878,60-70,0.103152276533224,0.3175269576129174,True,True,True,False
PG.N,United States,United States,Consumer Defensive,Household & Personal Products,Consumer Staples,61.9797,60-70,0.0910303794978337,0.1838927034607633,True,True,True,False
PGHN.S,Europe,Switzerland,Financial Services,Financial Services,Financials,55.9124,50-60,0.1244690193906338,0.2703916884347698,True,True,True,False
PGR.N,United States,United States,Financial Services,Insurance,Financials,69.3839,60-70,0.1609535216916276,0.2382564303476839,True,True,True,False
PH.N,United States,United States,Industrials,Capital Goods,Industrials,61.6938,60-70,0.1525269913935659,0.3096756567552498,True,True,True,False
PHG.AS,Europe,Netherlands,Healthcare,Health Care Equipment & Services,Health Care,81.7212,80+,0.0772872860260138,0.3088971530615857,True,True,True,True
PHM.N,United States,United States,Consumer Cyclical,Consumer Durables & Apparel,Consumer Discretionary,56.5268,50-60,0.1333026571766083,0.3567893564691334,True,True,True,False
PHP.L,Europe,United Kingdom,Real Estate,Equity Real Estate Investment Trusts (REITs),Real Estate,41.1762,30-50,0.0656621134587652,0.2273077058667491,True,True,True,False
PIRC.MI,Europe,Italy,Consumer Cyclical,Automobiles & Components,Consumer Discretionary,67.7308,60-70,0.0756571879585699,0.3327959239875461,True,True,True,False
PKG.N,United States,United States,Consumer Cyclical,Materials,Materials,74.9462,70-80,0.1219518399973243,0.2707697333703345,True,True,True,True
PKN.WA,Europe,Poland,Energy,Energy,Energy,78.551,70-80,0.0987742093559341,0.3501864822136337,True,True,True,True
PKO.WA,Europe,Poland,Financial Services,Banks,Financials,61.569,60-70,0.1179927467186129,0.3624348449793804,True,True,True,False
PLD.N,United States,United States,Real Estate,Equity Real Estate Investment Trusts (REITs),Real Estate,66.7466,60-70,0.1175971005013702,0.2666463382737125,True,True,True,False
PLTR.OQ,United States,United States,Technology,Software & Services,Information Technology,29.9516,<30,0.1323762493771915,0.681468570997621,True,False,False,False
PLUSP.L,Europe,United Kingdom,Financial Services,Financial Services,Financials,58.211,50-60,0.1572825785906839,0.4139806536240175,True,True,True,False
PM.N,United States,United States,Consumer Defensive,"Food, Beverage & Tobacco",Consumer Staples,87.3492,80+,0.1052810604390108,0.2350475642688255,True,True,True,True
PNC.N,United States,United States,Financial Services,Banks,Financials,65.3497,60-70,0.1054503755275257,0.2920313912886024,True,True,True,False
PNDORA.CO,Europe,Denmark,Consumer Cyclical,Consumer Durables & Apparel,Consumer Discretionary,73.0965,70-80,0.0805346264322258,0.4111854730936661,True,True,True,True
PNN.L,Europe,United Kingdom,Utilities,Utilities,Utilities,76.6552,70-80,0.0729566101253232,0.2952318729877657,True,True,True,True
PNR.N,United States,United States,Industrials,Capital Goods,Industrials,67.8479,60-70,0.1137664069416276,0.2861000280191454,True,True,True,False
PNW.N,United States,United States,Utilities,Utilities,Utilities,56.9185,50-60,0.0848813418592559,0.223319510996844,True,True,True,False
PODD.OQ,United States,United States,Healthcare,Health Care Equipment & Services,Health Care,73.4884,70-80,0.1282395495320041,0.4124444766454467,True,True,True,True
POOL.OQ,United States,United States,Industrials,Consumer Discretionary Distribution & Retail,Consumer Discretionary,52.5663,50-60,0.1072960285728537,0.3042101517605738,True,True,True,False
PPG.N,United States,United States,Basic Materials,Materials,Materials,80.9173,80+,0.0657312004454349,0.2649050488349767,True,True,True,True
PPL.N,United States,United States,Utilities,Utilities,Utilities,61.6722,60-70,0.072044283468267,0.224131350209274,True,True,True,False
PRTP.PA,Europe,France,Consumer Cyclical,Consumer Durables & Apparel,Consumer Discretionary,82.2632,80+,0.1025080454899684,0.335074123042737,True,True,True,True
PRU.L,Europe,United Kingdom,Financial Services,Insurance,Financials,80.2423,80+,0.0734636862961002,0.3630630971201433,True,True,True,True
PRU.N,United States,United States,Financial Services,Insurance,Financials,61.0445,60-70,0.0932829373918778,0.3178660194813518,True,True,True,False
PRX.AS,Europe,Netherlands,Consumer Cyclical,Consumer Discretionary Distribution & Retail,Consumer Discretionary,57.4173,50-60,0.0997618815857698,0.4025163867615723,True,True,True,False
PRY.MI,Europe,Italy,Industrials,Capital Goods,Industrials,73.309,70-80,0.1268620066927575,0.3331899189424906,True,True,True,True
PSA.N,United States,United States,Real Estate,Equity Real Estate Investment Trusts (REITs),Real Estate,72.3957,70-80,0.0735886883663031,0.2309452260312521,True,True,True,True
PSHG_p.DE,Europe,Germany,Consumer Cyclical,Automobiles & Components,Consumer Discretionary,30.9022,30-50,0.0749563324157719,0.3340863946738024,True,True,True,False
PSKY.OQ,United States,United States,Communication Services,Media & Entertainment,Communication Services,56.8608,50-60,0.061839340345887,0.4822474356197329,True,True,True,False
PSN.L,Europe,United Kingdom,Consumer Cyclical,Consumer Durables & Apparel,Consumer Discretionary,69.5134,60-70,0.0798217367042219,0.3897442227596564,True,True,True,False
PSON.L,Europe,United Kingdom,Communication Services,Consumer Services,Consumer Discretionary,68.6367,60-70,0.0869428118399339,0.3274498598238133,True,True,True,False
PSPN.S,Europe,Switzerland,Real Estate,Real Estate Management & Development,Real Estate,61.015,60-70,0.1013853864281858,0.1814001281382863,True,True,True,False
PST.MI,Europe,Italy,Industrials,Financial Services,Financials,72.7446,70-80,0.1343241718395269,0.2770947420696917,True,True,True,True
PSX.N,United States,United States,Energy,Energy,Energy,62.7967,60-70,0.0962820457844624,0.3448045649911593,True,True,True,False
PTC.OQ,United States,United States,Technology,Software & Services,Information Technology,60.1289,60-70,0.1234302228667192,0.3230614415200372,True,True,True,False
PUBP.PA,Europe,France,Communication Services,Media & Entertainment,Communication Services,78.5656,70-80,0.0958998559127624,0.2950124726881989,True,True,True,True
PUIGb.MC,Europe,Spain,Consumer Defensive,Household & Personal Products,Consumer Staples,51.9968,50-60,0.0759148580855125,0.3268126182909905,True,True,True,False
PUMG.DE,Europe,Germany,Consumer Cyclical,Consumer Durables & Apparel,Consumer Discretionary,84.2141,80+,0.0834571881339952,0.3953118005212463,True,True,True,True
PWR.N,United States,United States,Industrials,Capital Goods,Industrials,76.4814,70-80,0.1744525146635988,0.3238391757912742,True,True,True,True
PYPL.OQ,United States,United States,Financial Services,Financial Services,Financials,79.0197,70-80,0.0870605651314889,0.3775522331435469,True,True,True,True
PZU.WA,Europe,Poland,Financial Services,Insurance,Financials,79.3222,70-80,0.1166703219818695,0.3054573738086843,True,True,True,True
QCOM.OQ,United States,United States,Technology,Semiconductors & Semiconductor Equipment,Information Technology,74.8209,70-80,0.1173825022034566,0.3667386018934556,True,True,True,True
QIA.DE,Europe,Germany,Healthcare,"Pharmaceuticals, Biotechnology & Life Sciences",Health Care,81.8179,80+,0.0832577850805718,0.2589036342070201,True,True,True,True
QLT.L,Europe,United Kingdom,Financial Services,Financial Services,Financials,63.7645,60-70,0.1061773176166598,0.3524697637971145,True,True,True,False
QQ.L,Europe,United Kingdom,Industrials,Capital Goods,Industrials,61.3644,60-70,0.0865648741716376,0.30418698585801,True,True,True,False
R3NK.DE,Europe,Germany,Industrials,Capital Goods,Industrials,50.8111,50-60,0.118399161255034,0.6063495481066296,True,True,True,False
RAAG.DE,Europe,Germany,Industrials,Capital Goods,Industrials,41.9986,30-50,0.0900461950443366,0.3070566601548198,True,True,True,False
RACE.MI,Europe,Italy,Consumer Cyclical,Automobiles & Components,Consumer Discretionary,56.4443,50-60,0.1471749039216198,0.2915522224284109,True,True,True,False
RAND.AS,Europe,Netherlands,Industrials,Commercial  & Professional Services,Industrials,76.3343,70-80,0.0639997611096399,0.3051458353268365,True,True,True,True
RBIV.VI,Europe,Austria,Financial Services,Banks,Financials,71.8051,70-80,0.1162509365449103,0.379282298848723,True,True,True,True
RBREW.CO,Europe,Denmark,Consumer Defensive,"Food, Beverage & Tobacco",Consumer Staples,61.3738,60-70,0.1022080441998143,0.2852171401881431,True,True,True,False
RCL.N,United States,United States,Consumer Cyclical,Consumer Services,Consumer Discretionary,69.0807,60-70,0.1052855504791619,0.5218875986089655,True,True,True,False
RECI.MI,Europe,Italy,Healthcare,"Pharmaceuticals, Biotechnology & Life Sciences",Health Care,78.586,70-80,0.1021675691744567,0.2731503212723624,True,True,True,True
REDE.MC,Europe,Spain,Utilities,Utilities,Utilities,71.6328,70-80,0.0638255466841695,0.2039237366410342,True,True,True,True
REG.OQ,United States,United States,Real Estate,Equity Real Estate Investment Trusts (REITs),Real Estate,69.6323,60-70,0.0768050317922896,0.2907531472941867,True,True,True,False
REGN.OQ,United States,United States,Healthcare,"Pharmaceuticals, Biotechnology & Life Sciences",Health Care,68.4763,60-70,0.0785596573237621,0.321839609701268,True,True,True,False
REL.L,Europe,United Kingdom,Industrials,Commercial  & Professional Services,Industrials,83.5976,80+,0.1029292460078293,0.213149525726409,True,True,True,True
RENA.PA,Europe,France,Consumer Cyclical,Automobiles & Components,Consumer Discretionary,77.1818,70-80,0.060262559502134,0.4056601996969202,True,True,True,True
REP.MC,Europe,Spain,Energy,Energy,Energy,84.6619,80+,0.1146444173545112,0.3167642816017508,True,True,True,True
REY.MI,Europe,Italy,Technology,Software & Services,Information Technology,57.4932,50-60,0.1168639106748248,0.3319949884260518,True,True,True,False
RF.N,United States,United States,Financial Services,Banks,Financials,70.2342,70-80,0.1141954578140178,0.3579083425628195,True,True,True,True
RHMG.DE,Europe,Germany,Industrials,Capital Goods,Industrials,87.2954,80+,0.1748479275796286,0.3743309379556477,True,True,True,True
RILBA.CO,Europe,Denmark,Financial Services,Banks,Financials,38.0117,30-50,0.1445067609981184,0.2364172154792532,True,True,True,False
RIO.L,Europe,United Kingdom,Basic Materials,Materials,Materials,79.5474,70-80,0.1331914559756335,0.3157422227385509,True,True,True,True
RJF.N,United States,United States,Financial Services,Financial Services,Financials,56.6852,50-60,0.1229021076013468,0.3069389634906222,True,True,True,False
RKT.L,Europe,United Kingdom,Consumer Defensive,Household & Personal Products,Consumer Staples,87.3649,80+,0.0573916410178042,0.2338139859643065,True,True,True,True
RL.N,United States,United States,Consumer Cyclical,Consumer Durables & Apparel,Consumer Discretionary,77.9648,70-80,0.1121951564168393,0.3822010583337362,True,True,True,True
RMD.N,United States,United States,Healthcare,Health Care Equipment & Services,Health Care,74.8342,70-80,0.1246025061829186,0.3093699243428091,True,True,True,True
RMV.L,Europe,United Kingdom,Communication Services,Media & Entertainment,Communication Services,62.1619,60-70,0.0743084461076474,0.3162746969972598,True,True,True,False
ROCKb.CO,Europe,Denmark,Industrials,Capital Goods,Industrials,67.1673,60-70,0.1048822472670232,0.3743291271765224,True,True,True,False
ROK.N,United States,United States,Industrials,Capital Goods,Industrials,55.9213,50-60,0.12143272602181,0.3049942209531522,True,True,True,False
ROL.N,United States,United States,Consumer Cyclical,Commercial  & Professional Services,Industrials,27.0915,<30,0.1389432230272513,0.2455001882438197,True,False,False,False
ROP.OQ,United States,United States,Technology,Software & Services,Information Technology,61.6599,60-70,0.0954997178517573,0.2254664274005587,True,True,True,False
ROPC.S,Europe,Switzerland,Healthcare,"Pharmaceuticals, Biotechnology & Life Sciences",Health Care,94.9369,80+,0.0840231963779353,0.2018064573430083,True,True,True,True
ROR.L,Europe,United Kingdom,Industrials,Capital Goods,Industrials,75.8089,70-80,0.089997856094932,0.3080167954366348,True,True,True,True
ROST.OQ,United States,United States,Consumer Cyclical,Consumer Discretionary Distribution & Retail,Consumer Discretionary,52.1302,50-60,0.1128158808522113,0.3114646295776931,True,True,True,False
RR.L,Europe,United Kingdom,Industrials,Capital Goods,Industrials,81.5224,80+,0.1185893773656515,0.4812167299782228,True,True,True,True
RS1R.L,Europe,United Kingdom,Industrials,Capital Goods,Industrials,67.0552,60-70,0.1058036065832934,0.3275736110645386,True,True,True,False
RSG.N,United States,United States,Industrials,Commercial  & Professional Services,Industrials,76.0445,70-80,0.144763129800506,0.1864676911175296,True,True,True,True
RTO.L,Europe,United Kingdom,Industrials,Commercial  & Professional Services,Industrials,75.7882,70-80,0.1042405340703192,0.3026378074409249,True,True,True,True
RTX.N,United States,United States,Industrials,Capital Goods,Industrials,59.9324,50-60,0.1190102906225304,0.2689138233075662,True,True,True,False
RUBF.PA,Europe,France,Energy,Utilities,Utilities,70.0676,70-80,0.0810711876045862,0.2866043383728282,True,True,True,True
RVTY.N,United States,United States,Healthcare,"Pharmaceuticals, Biotechnology & Life Sciences",Health Care,78.9499,70-80,0.0862746730809758,0.2963689002692405,True,True,True,True
RWEG.DE,Europe,Germany,Utilities,Utilities,Utilities,60.0007,60-70,0.1295474109150964,0.3092852274416572,True,True,True,False
RXL.PA,Europe,France,Technology,Capital Goods,Industrials,74.4374,70-80,0.1165221159243302,0.3831983488979901,True,True,True,True
RYA.I,Europe,Ireland,Industrials,Transportation,Industrials,59.5802,50-60,0.0960382473626264,0.3719726141899975,True,True,True,False
SAABb.ST,Europe,Sweden,Industrials,Capital Goods,Industrials,63.3256,60-70,0.1393407370971212,0.361303154517356,True,True,True,False
SABE.MC,Europe,Spain,Financial Services,Banks,Financials,83.1735,80+,0.1096689316379654,0.4340919057012147,True,True,True,True
SAF.PA,Europe,France,Industrials,Capital Goods,Industrials,75.5586,70-80,0.1261712267460308,0.3369404039724665,True,True,True,True
SAGAb.ST,Europe,Sweden,Real Estate,Real Estate Management & Development,Real Estate,43.6346,30-50,0.126064353647113,0.356348942812721,True,True,True,False
SALM.OL,Europe,Norway,Consumer Defensive,"Food, Beverage & Tobacco",Consumer Staples,66.9843,60-70,0.1235742029386732,0.3613147918131648,True,True,True,False
SAMPO.HE,Europe,Finland,Financial Services,Insurance,Financials,66.0918,60-70,0.0965874853109858,0.2299123386984971,True,True,True,False
SAN.MC,Europe,Spain,Financial Services,Banks,Financials,84.264,80+,0.111966950932301,0.355471714681155,True,True,True,True
SAND.ST,Europe,Sweden,Industrials,Capital Goods,Industrials,75.8575,70-80,0.1231913518535705,0.3141172802402644,True,True,True,True
SAPG.DE,Europe,Germany,Technology,Software & Services,Information Technology,86.8749,80+,0.1134001714439454,0.2633678436596948,True,True,True,True
SASY.PA,Europe,France,Healthcare,"Pharmaceuticals, Biotechnology & Life Sciences",Health Care,87.815,80+,0.075107188040955,0.2255308987565971,True,True,True,True
SATG_p.DE,Europe,Germany,Basic Materials,"Pharmaceuticals, Biotechnology & Life Sciences",Health Care,81.6921,80+,0.1159176586940596,0.4081755524133118,True,True,True,True
SATS.OQ,United States,United States,Communication Services,Media & Entertainment,Communication Services,4.9691,<30,0.1073492007114886,0.4936372966745309,True,False,False,False
SAVE.ST,Europe,Sweden,Financial Services,Financial Services,Financials,44.1849,30-50,0.119214558279886,0.3926427515890139,True,True,True,False
SB1NO.OL,Europe,Norway,Financial Services,Banks,Financials,64.1004,60-70,0.1380381748092927,0.3057036266869866,True,True,True,False
SBAC.OQ,United States,United States,Real Estate,Equity Real Estate Investment Trusts (REITs),Real Estate,60.9418,60-70,0.0872097741696262,0.2697987501597002,True,True,True,False
SBMO.AS,Europe,Netherlands,Energy,Energy,Energy,53.898,50-60,0.1101790907758096,0.3204377593040266,True,True,True,False
SBNOR.OL,Europe,Norway,Financial Services,Banks,Financials,30.2441,30-50,0.1544833247474692,0.2643081925147216,True,True,True,False
SBRY.L,Europe,United Kingdom,Consumer Defensive,Consumer Staples Distribution & Retail,Consumer Staples,69.4263,60-70,0.0886665240885799,0.2810671183540726,True,True,True,False
SBUX.OQ,United States,United States,Consumer Cyclical,Consumer Services,Consumer Discretionary,74.9793,70-80,0.0823614307802673,0.2857127188908449,True,True,True,True
SCAb.ST,Europe,Sweden,Basic Materials,Materials,Materials,79.5247,70-80,0.1031143859559458,0.282579102306927,True,True,True,True
SCHN.PA,Europe,France,Industrials,Capital Goods,Industrials,83.6009,80+,0.1339972522377431,0.2882396601631486,True,True,True,True
SCHP.S,Europe,Switzerland,Industrials,Capital Goods,Industrials,47.9163,30-50,0.10009687967332,0.2173894814241784,True,True,True,False
SCHW.N,United States,United States,Financial Services,Financial Services,Financials,42.2302,30-50,0.1097210323340443,0.3322265952075956,True,True,True,False
SCMN.S,Europe,Switzerland,Communication Services,Telecommunication Services,Communication Services,66.717,60-70,0.0854152098005613,0.167260127126331,True,True,True,False
SCOR.PA,Europe,France,Financial Services,Insurance,Financials,72.4576,70-80,0.0827342839319812,0.348951340775715,True,True,True,True
SCYR.MC,Europe,Spain,Industrials,Capital Goods,Industrials,78.3626,70-80,0.1184935063066953,0.3560508835872538,True,True,True,True
SDFGn.DE,Europe,Germany,Basic Materials,Materials,Materials,50.9071,50-60,0.065960491629581,0.3956038922206812,True,True,True,False
SDLF.L,Europe,United Kingdom,Financial Services,Insurance,Financials,78.6336,70-80,0.0892261063178054,0.277052848758289,True,True,True,True
SDR.L,Europe,United Kingdom,Financial Services,Financial Services,Financials,62.026250000000005,60-70,0.0675755520172596,0.3075169340233444,True,True,True,False
SDZ.S,Europe,Switzerland,Healthcare,"Pharmaceuticals, Biotechnology & Life Sciences",Health Care,74.3965,70-80,0.1521989112850995,0.2915848495662175,True,True,True,True
SEBa.ST,Europe,Sweden,Financial Services,Banks,Financials,66.8262,60-70,0.1126252614356189,0.2785045262255335,True,True,True,False
SECTb.ST,Europe,Sweden,Healthcare,Health Care Equipment & Services,Health Care,50.4137,50-60,0.1439063637127553,0.3963380599834584,True,True,True,False
SECUb.ST,Europe,Sweden,Industrials,Commercial  & Professional Services,Industrials,58.4011,50-60,0.0814944114577319,0.2796281580572068,True,True,True,False
SFSN.S,Europe,Switzerland,Industrials,Capital Goods,Industrials,36.8737,30-50,0.0942364233377805,0.2490430842854145,True,True,True,False
SFZN.S,Europe,Switzerland,Healthcare,"Pharmaceuticals, Biotechnology & Life Sciences",Health Care,65.8632,60-70,0.1275528269735913,0.2757674432620459,True,True,True,False
SGE.L,Europe,United Kingdom,Technology,Software & Services,Information Technology,58.4118,50-60,0.0879928210843964,0.2652121172553106,True,True,True,False
SGEF.PA,Europe,France,Financial Services,Capital Goods,Industrials,87.5124,80+,0.1051641044425832,0.2690448780725279,True,True,True,True
SGOB.PA,Europe,France,Industrials,Capital Goods,Industrials,85.4497,80+,0.1059910348810161,0.307783318772537,True,True,True,True
SGRO.L,Europe,United Kingdom,Real Estate,Equity Real Estate Investment Trusts (REITs),Real Estate,75.4685,70-80,0.0909804854666268,0.2703120918215864,True,True,True,True
SGSN.S,Europe,Switzerland,Industrials,Commercial  & Professional Services,Industrials,84.1671,80+,0.0846147992269223,0.2010567907515138,True,True,True,True
SHBa.ST,Europe,Sweden,Financial Services,Banks,Financials,64.2096,60-70,0.090950777176173,0.2710391434830514,True,True,True,False
SHCS.L,Europe,United Kingdom,Real Estate,Equity Real Estate Investment Trusts (REITs),Real Estate,70.3221,70-80,0.0345176450041827,0.3485408495153878,True,True,True,True
SHEL.AS,Europe,Netherlands,Energy,Energy,Energy,85.4378,80+,0.1022315611510592,0.2954190843024032,True,True,True,True
SHLG.DE,Europe,Germany,Healthcare,Health Care Equipment & Services,Health Care,65.0224,60-70,0.0865504537376346,0.2698775285637451,True,True,True,False
SHW.N,United States,United States,Basic Materials,Materials,Materials,56.8608,50-60,0.119643628459262,0.2597968923380462,True,True,True,False
SIEGn.DE,Europe,Germany,Industrials,Capital Goods,Industrials,80.8356,80+,0.120918304091671,0.2886393731639609,True,True,True,True
SIGNC.S,Europe,Switzerland,Consumer Cyclical,Materials,Materials,92.2896,80+,0.0838231525859839,0.3049017711657932,True,True,True,True
SIKA.S,Europe,Switzerland,Basic Materials,Materials,Materials,85.2445,80+,0.1167224019902382,0.2663292230963359,True,True,True,True
SJM.N,United States,United States,Consumer Defensive,"Food, Beverage & Tobacco",Consumer Staples,64.4128,60-70,0.0535601095672608,0.236542117240612,True,True,True,False
SJP.L,Europe,United Kingdom,Financial Services,Financial Services,Financials,63.6382,60-70,0.0890538200011771,0.3584987772195401,True,True,True,False
SKAb.ST,Europe,Sweden,Industrials,Capital Goods,Industrials,59.214,50-60,0.0904652001177124,0.2958104189548309,True,True,True,False
SKFb.ST,Europe,Sweden,Industrials,Capital Goods,Industrials,78.6889,70-80,0.0956826626532474,0.3226815925660376,True,True,True,True
SLB.N,United States,United States,Energy,Energy,Energy,74.7131,70-80,0.0668783562520368,0.3966730522417883,True,True,True,True
SLHN.S,Europe,Switzerland,Financial Services,Insurance,Financials,64.8082,60-70,0.1469170822947271,0.2225242645312592,True,True,True,False
SMCI.OQ,United States,United States,Technology,Technology Hardware & Equipment,Information Technology,39.8148,30-50,0.1210497172856437,0.7602935547680497,True,True,True,False
SMIN.L,Europe,United Kingdom,Industrials,Capital Goods,Industrials,57.5479,50-60,0.1049880659987245,0.2782783405957016,True,True,True,False
SN.L,Europe,United Kingdom,Healthcare,Health Care Equipment & Services,Health Care,80.9387,80+,0.0633645152203328,0.2683607421732172,True,True,True,True
SNA.N,United States,United States,Industrials,Capital Goods,Industrials,55.7941,50-60,0.0980161338994528,0.2678653528206787,True,True,True,False
SNPS.OQ,United States,United States,Technology,Software & Services,Information Technology,70.7437,70-80,0.1455455739696033,0.3433646526132926,True,True,True,True
SO.N,United States,United States,Utilities,Utilities,Utilities,62.3221,60-70,0.1022817987649893,0.2135678329907759,True,True,True,False
SOBIV.ST,Europe,Sweden,Healthcare,"Pharmaceuticals, Biotechnology & Life Sciences",Health Care,77.9094,70-80,0.0977135486535647,0.3597725132707937,True,True,True,True
SOF.BR,Europe,Belgium,Financial Services,Financial Services,Financials,49.3602,30-50,0.1056239446634026,0.2621254719879238,True,True,True,False
SOGN.PA,Europe,France,Financial Services,Banks,Financials,81.0471,80+,0.1032586994264884,0.3906787547963765,True,True,True,True
SOLV.N,United States,United States,Healthcare,Health Care Equipment & Services,Health Care,48.1475,30-50,0.0937728304069231,0.3161284187654899,True,True,True,False
SOON.S,Europe,Switzerland,Healthcare,Health Care Equipment & Services,Health Care,82.7457,80+,0.0945550933987318,0.2770298464589419,True,True,True,True
SOPR.PA,Europe,France,Technology,Software & Services,Information Technology,78.0162,70-80,0.0895297477044278,0.3585749113192095,True,True,True,True
SPG.N,United States,United States,Real Estate,Equity Real Estate Investment Trusts (REITs),Real Estate,55.0197,50-60,0.085734373935806,0.3662654053948203,True,True,True,False
SPGI.N,United States,United States,Financial Services,Financial Services,Financials,86.323,80+,0.1366094325091848,0.252193152987979,True,True,True,True
SPIE.PA,Europe,France,Industrials,Commercial  & Professional Services,Industrials,73.5076,70-80,0.116120951136016,0.3148896225777463,True,True,True,True
SPMI.MI,Europe,Italy,Energy,Energy,Energy,84.5726,80+,0.0618497758075297,0.6171380572810579,True,True,True,True
SPSN.S,Europe,Switzerland,Real Estate,Real Estate Management & Development,Real Estate,62.4542,60-70,0.1060141628708971,0.1733278400641703,True,True,True,False
SPX.L,Europe,United Kingdom,Industrials,Capital Goods,Industrials,48.361,30-50,0.0918718605471072,0.2739753225728538,True,True,True,False
SQN.S,Europe,Switzerland,Financial Services,Financial Services,Financials,56.8033,50-60,0.1712200971101483,0.3719723770948023,True,True,True,False
SRE.N,United States,United States,Utilities,Utilities,Utilities,74.4202,70-80,0.0978060386388247,0.246338173891388,True,True,True,True
SRENH.S,Europe,Switzerland,Financial Services,Insurance,Financials,80.8479,80+,0.1077361782748373,0.2355732741480185,True,True,True,True
SRG.MI,Europe,Italy,Utilities,Utilities,Utilities,84.9607,80+,0.0986641765775038,0.230931517796012,True,True,True,True
SRP.L,Europe,United Kingdom,Industrials,Commercial  & Professional Services,Industrials,67.483,60-70,0.1045283717588175,0.324574416575093,True,True,True,False
SSABb.ST,Europe,Sweden,Basic Materials,Materials,Materials,69.1215,60-70,0.1270792225295759,0.3978684844239062,True,True,True,False
SSE.L,Europe,United Kingdom,Utilities,Utilities,Utilities,72.2184,70-80,0.0934486898537004,0.2701763980404584,True,True,True,True
STAN.L,Europe,United Kingdom,Financial Services,Banks,Financials,84.7226,80+,0.1091678651179287,0.3518632672125561,True,True,True,True
STB.OL,Europe,Norway,Financial Services,Insurance,Financials,82.3863,80+,0.1291440998560092,0.3276277663512227,True,True,True,True
STDM.PA,Europe,France,Technology,"Pharmaceuticals, Biotechnology & Life Sciences",Health Care,65.5264,60-70,0.1129112575310572,0.3908333535217593,True,True,True,False
STE.N,United States,United States,Healthcare,Health Care Equipment & Services,Health Care,52.1438,50-60,0.1160163481106908,0.2446236504227712,True,True,True,False
STERV.HE,Europe,Finland,Consumer Cyclical,Materials,Materials,82.7375,80+,0.0888779195120904,0.3290726151898127,True,True,True,True
STLAM.MI,Europe,Italy,Consumer Cyclical,Automobiles & Components,Consumer Discretionary,84.5102,80+,0.106318085279323,0.4019289343719717,True,True,True,True
STLD.OQ,United States,United States,Basic Materials,Materials,Materials,56.8608,50-60,0.1429567906719359,0.3854830407502806,True,True,True,False
STMMI.MI,Europe,Italy,Technology,Semiconductors & Semiconductor Equipment,Information Technology,86.8862,80+,0.115312080414082,0.4047600515056055,True,True,True,True
STMN.S,Europe,Switzerland,Healthcare,Health Care Equipment & Services,Health Care,71.5395,70-80,0.1166217436506097,0.3215393212747816,True,True,True,True
STT.N,United States,United States,Financial Services,Financial Services,Financials,76.3425,70-80,0.0996347396066959,0.3262090861627219,True,True,True,True
STX.OQ,United States,United States,Technology,Technology Hardware & Equipment,Information Technology,52.6962,50-60,0.1405632486278213,0.4085432746969467,True,True,True,False
STZ.N,United States,United States,Consumer Defensive,"Food, Beverage & Tobacco",Consumer Staples,35.2707,30-50,0.0607350301081973,0.2626498335622387,True,True,True,False
SUBC.OL,Europe,Norway,Energy,Energy,Energy,71.4899,70-80,0.1101093667604702,0.4196697558093136,True,True,True,True
SUN.S,Europe,Switzerland,Industrials,Capital Goods,Industrials,68.4984,60-70,0.1314635700501946,0.312262392656945,True,True,True,False
SUNN.S,Europe,Switzerland,Communication Services,Telecommunication Services,Communication Services,43.7732,30-50,0.1117342618795384,0.2446481550256322,True,True,True,False
SVT.L,Europe,United Kingdom,Utilities,Utilities,Utilities,69.6476,60-70,0.0789768714710935,0.240890572151115,True,True,True,False
SW.N,United States,United States,Consumer Cyclical,Materials,Materials,68.5266,60-70,0.0929542948372745,0.379189742507473,True,True,True,False
SWECb.ST,Europe,Sweden,Industrials,Capital Goods,Industrials,62.9961,60-70,0.1157842205930001,0.3382723556340002,True,True,True,False
SWEDa.ST,Europe,Sweden,Financial Services,Banks,Financials,70.3265,70-80,0.1061600443024046,0.2829821091621863,True,True,True,True
SWK.N,United States,United States,Industrials,Capital Goods,Industrials,67.3317,60-70,0.0671017304345182,0.3546291162929635,True,True,True,False
SWKS.OQ,United States,United States,Technology,Semiconductors & Semiconductor Equipment,Information Technology,52.4779,50-60,0.0751814826314005,0.3913002513535713,True,True,True,False
SY1G.DE,Europe,Germany,Basic Materials,Materials,Materials,62.026250000000005,60-70,0.0648736635776866,0.2340482613642714,True,True,True,False
SYENS.BR,Europe,Belgium,Basic Materials,Materials,Materials,60.6033,60-70,0.0814731316249098,0.3239690352984225,True,True,True,False
SYF.N,United States,United States,Financial Services,Financial Services,Financials,56.8608,50-60,0.108670837626747,0.3896750819507077,True,True,True,False
SYK.N,United States,United States,Healthcare,Health Care Equipment & Services,Health Care,77.0335,70-80,0.1212833152338044,0.2549824399617011,True,True,True,True
SYY.N,United States,United States,Consumer Defensive,Consumer Staples Distribution & Retail,Consumer Staples,64.3041,60-70,0.0948867469538495,0.2927321425383852,True,True,True,False
T.N,United States,United States,Communication Services,Telecommunication Services,Communication Services,72.2364,70-80,0.0828992653731483,0.2286694253361587,True,True,True,True
TAP.N,United States,United States,Consumer Defensive,"Food, Beverage & Tobacco",Consumer Staples,49.6072,30-50,0.0391271137341956,0.2778268985412495,True,True,True,False
TBCG.L,Europe,United Kingdom,Financial Services,Banks,Financials,77.9179,70-80,0.125035509428001,0.3909989515626817,True,True,True,True
TCAPI.L,Europe,United Kingdom,Financial Services,Financial Services,Financials,58.9369,50-60,0.0791294536992489,0.3774934800388426,True,True,True,False
TCFP.PA,Europe,France,Energy,Capital Goods,Industrials,63.3929,60-70,0.1207140768160662,0.2776426013249261,True,True,True,False
TDG.N,United States,United States,Industrials,Capital Goods,Industrials,47.1855,30-50,0.158431705759366,0.3398135986379483,True,True,True,False
TDY.N,United States,United States,Technology,Technology Hardware & Equipment,Information Technology,39.1656,30-50,0.1335378562436108,0.2725297426767528,True,True,True,False
TE.PA,Europe,France,Energy,Energy,Energy,81.3131,80+,0.1211677498736539,0.3792379954062549,True,True,True,True
TECH.OQ,United States,United States,Healthcare,"Pharmaceuticals, Biotechnology & Life Sciences",Health Care,72.2505,70-80,0.102415806035631,0.319193411239505,True,True,True,True
TEF.MC,Europe,Spain,Communication Services,Telecommunication Services,Communication Services,80.1574,80+,0.0523519992081093,0.2708804681403566,True,True,True,True
TEGG.DE,Europe,Germany,Real Estate,Real Estate Management & Development,Real Estate,69.8895,60-70,0.0868975386125097,0.3279824483907665,True,True,True,False
TEL.N,United States,United States,Technology,Technology Hardware & Equipment,Information Technology,67.3744,60-70,0.120112385960568,0.2711746131467121,True,True,True,False
TEL.OL,Europe,Norway,Communication Services,Telecommunication Services,Communication Services,57.3669,50-60,0.078352880300647,0.237391052189296,True,True,True,False
TEL2b.ST,Europe,Sweden,Communication Services,Telecommunication Services,Communication Services,80.6026,80+,0.1218340886753023,0.2559756776461684,True,True,True,True
TELIA.ST,Europe,Sweden,Communication Services,Telecommunication Services,Communication Services,80.8495,80+,0.0733244819250128,0.2308824559717698,True,True,True,True
TEMN.S,Europe,Switzerland,Technology,Software & Services,Information Technology,76.1806,70-80,0.0956188473482343,0.3916996136104719,True,True,True,True
TENR.MI,Europe,Italy,Energy,Energy,Energy,64.5693,60-70,0.0971843410234588,0.362556207082861,True,True,True,False
TEPRF.PA,Europe,France,Industrials,Commercial  & Professional Services,Industrials,68.6328,60-70,0.0740732903596114,0.3767911151126089,True,True,True,False
TER.OQ,United States,United States,Technology,Semiconductors & Semiconductor Equipment,Information Technology,59.3186,50-60,0.1347917717178801,0.4179109521346973,True,True,True,False
TFC.N,United States,United States,Financial Services,Banks,Financials,75.5589,70-80,0.0901229014369155,0.331636281503912,True,True,True,True
TGT.N,United States,United States,Consumer Defensive,Consumer Staples Distribution & Retail,Consumer Staples,81.0425,80+,0.08741057511432,0.327690729954696,True,True,True,True
THULE.ST,Europe,Sweden,Consumer Cyclical,Consumer Durables & Apparel,Consumer Discretionary,56.437,50-60,0.1013347123526804,0.3636382061512624,True,True,True,False
TJX.N,United States,United States,Consumer Cyclical,Consumer Discretionary Distribution & Retail,Consumer Discretionary,69.7938,60-70,0.1287688327285306,0.2567931796911117,True,True,True,False
TKAG.DE,Europe,Germany,Industrials,Materials,Materials,60.0198,60-70,0.0804124147020223,0.4957927280105861,True,True,True,False
TKO.N,United States,United States,Communication Services,Media & Entertainment,Communication Services,56.8608,50-60,0.152654340943301,0.359323343672462,True,True,True,False
TLIT.MI,Europe,Italy,Communication Services,Telecommunication Services,Communication Services,78.1182,70-80,0.0564594427420995,0.396869948001727,True,True,True,True
TLXGn.DE,Europe,Germany,Financial Services,Insurance,Financials,71.9907,70-80,0.1400554011436134,0.2598133195056002,True,True,True,True
TMO.N,United States,United States,Healthcare,"Pharmaceuticals, Biotechnology & Life Sciences",Health Care,81.9084,80+,0.1210739253335383,0.2537357345909725,True,True,True,True
TMUS.OQ,United States,United States,Communication Services,Telecommunication Services,Communication Services,71.1704,70-80,0.1322340356393888,0.2568246044697415,True,True,True,True
TOM.OL,Europe,Norway,Industrials,Capital Goods,Industrials,55.2424,50-60,0.1037304325238434,0.4023284104049758,True,True,True,False
TPE.WA,Europe,Poland,Utilities,Utilities,Utilities,45.9221,30-50,0.1069236536562037,0.4285856612095489,True,True,True,False
TPL.N,United States,United States,Energy,Energy,Energy,51.4641,50-60,0.1503857583842283,0.454236558335191,True,True,True,False
TPR.N,United States,United States,Consumer Cyclical,Consumer Durables & Apparel,Consumer Discretionary,78.5668,70-80,0.1177018628156181,0.4356844308120472,True,True,True,True
TPRO.MI,Europe,Italy,Technology,Semiconductors & Semiconductor Equipment,Information Technology,62.026250000000005,60-70,0.1123029120368473,0.3995689791037553,True,True,True,False
TRELb.ST,Europe,Sweden,Industrials,Capital Goods,Industrials,67.1721,60-70,0.1011398127276883,0.3089505957806246,True,True,True,False
TRGP.N,United States,United States,Energy,Energy,Energy,62.9972,60-70,0.1268366922046903,0.5357522566185295,True,True,True,False
TRMB.OQ,United States,United States,Technology,Software & Services,Information Technology,69.9869,60-70,0.1118439893688831,0.3299297739902097,True,True,True,False
TRN.MI,Europe,Italy,Utilities,Utilities,Utilities,76.026,70-80,0.1080802032715209,0.2238856480166791,True,True,True,True
TROW.OQ,United States,United States,Financial Services,Financial Services,Financials,57.9746,50-60,0.0905800218831202,0.293467584961194,True,True,True,False
TRV.N,United States,United States,Financial Services,Insurance,Financials,63.4306,60-70,0.1084480117068099,0.2424301546537161,True,True,True,False
TRYG.CO,Europe,Denmark,Financial Services,Insurance,Financials,52.0405,50-60,0.1021556095626734,0.2119974461331193,True,True,True,False
TSCO.L,Europe,United Kingdom,Consumer Defensive,Consumer Staples Distribution & Retail,Consumer Staples,73.511,70-80,0.1236824390112057,0.2705782637523131,True,True,True,True
TSCO.OQ,United States,United States,Consumer Cyclical,Consumer Discretionary Distribution & Retail,Consumer Discretionary,83.2239,80+,0.1104110694770121,0.2833412557972901,True,True,True,True
TSLA.OQ,United States,United States,Consumer Cyclical,Automobiles & Components,Consumer Discretionary,66.5954,60-70,0.1377280799690051,0.5804911207385165,True,True,True,False
TSN.N,United States,United States,Consumer Defensive,"Food, Beverage & Tobacco",Consumer Staples,43.9599,30-50,0.0724310124675178,0.2754768364100482,True,True,True,False
TT.N,United States,United States,Industrials,Capital Goods,Industrials,72.265,70-80,0.1617040751944982,0.2665045223305406,True,True,True,True
TTD.OQ,United States,United States,Communication Services,Media & Entertainment,Communication Services,18.7206,<30,0.1222964171559393,0.6686557217535428,True,False,False,False
TTEF.PA,Europe,France,Energy,Energy,Energy,84.6245,80+,0.099655764601134,0.2787645692007611,True,True,True,True
TTWO.OQ,United States,United States,Communication Services,Media & Entertainment,Communication Services,53.0164,50-60,0.1356923072866491,0.3328700271907369,True,True,True,False
TUB.BR,Europe,Belgium,Healthcare,"Pharmaceuticals, Biotechnology & Life Sciences",Health Care,2.907,<30,0.1134739494090314,0.2728817861286839,True,False,False,False
TUI1n.DE,Europe,Germany,Consumer Cyclical,Consumer Services,Consumer Discretionary,63.818,60-70,0.0569309487559875,0.5003626819903002,True,True,True,False
TW.L,Europe,United Kingdom,Consumer Cyclical,Consumer Durables & Apparel,Consumer Discretionary,69.4008,60-70,0.0759188507169544,0.3831573620533628,True,True,True,False
TXN.OQ,United States,United States,Technology,Semiconductors & Semiconductor Equipment,Information Technology,61.8149,60-70,0.1183551154603669,0.2923910206015254,True,True,True,False
TXT.N,United States,United States,Industrials,Capital Goods,Industrials,70.2865,70-80,0.0925659735900898,0.3258826198354745,True,True,True,True
TYL.N,United States,United States,Technology,Software & Services,Information Technology,63.8702,60-70,0.0992104364910463,0.2810752620959885,True,True,True,False
UAL.OQ,United States,United States,Industrials,Transportation,Industrials,53.9867,50-60,0.0966999991742557,0.5031036235578186,True,True,True,False
UBER.N,United States,United States,Technology,Transportation,Industrials,81.7842,80+,0.103563826466697,0.4997489350742526,True,True,True,True
UBSG.S,Europe,Switzerland,Financial Services,Financial Services,Financials,87.2463,80+,0.1104997888303855,0.2902142803462757,True,True,True,True
UCB.BR,Europe,Belgium,Healthcare,"Pharmaceuticals, Biotechnology & Life Sciences",Health Care,77.4009,70-80,0.1125767729225109,0.2847150936589221,True,True,True,True
UDR.N,United States,United States,Real Estate,Equity Real Estate Investment Trusts (REITs),Real Estate,62.2657,60-70,0.068928001329652,0.2510687717527969,True,True,True,False
UHR.S,Europe,Switzerland,Consumer Cyclical,Consumer Durables & Apparel,Consumer Discretionary,61.4904,60-70,0.0508378960327258,0.2943828375562881,True,True,True,False
UHS.N,United States,United States,Healthcare,Health Care Equipment & Services,Health Care,56.8608,50-60,0.0895740313607378,0.3351141563881967,True,True,True,False
ULTA.OQ,United States,United States,Consumer Cyclical,Consumer Discretionary Distribution & Retail,Consumer Discretionary,59.9033,50-60,0.1073833004961669,0.3808367821166804,True,True,True,False
ULVR.L,Europe,United Kingdom,Consumer Defensive,Household & Personal Products,Consumer Staples,82.3581,80+,0.0822827638833866,0.2032194113910072,True,True,True,True
UMG.AS,Europe,Netherlands,Communication Services,Media & Entertainment,Communication Services,45.6172,30-50,0.0831122008141942,0.3298800453004038,True,True,True,False
UMI.BR,Europe,Belgium,Industrials,Materials,Materials,75.0288,70-80,0.0785163974486493,0.3613017820224784,True,True,True,True
UNH.N,United States,United States,Healthcare,Health Care Equipment & Services,Health Care,66.292,60-70,0.1089354794369366,0.2890435961450514,True,True,True,False
UNI.MC,Europe,Spain,Financial Services,Banks,Financials,67.3841,60-70,0.1133031650349642,0.3637761965654091,True,True,True,False
UNP.N,United States,United States,Industrials,Transportation,Industrials,78.6105,70-80,0.1152919693413751,0.2491509657942612,True,True,True,True
UNPI.MI,Europe,Italy,Financial Services,Insurance,Financials,78.9332,70-80,0.1402805271015711,0.3418917933512316,True,True,True,True
UPM.HE,Europe,Finland,Basic Materials,Materials,Materials,91.9918,80+,0.0973187725089037,0.2745484957008111,True,True,True,True
UPS.N,United States,United States,Industrials,Transportation,Industrials,66.0095,60-70,0.0737150884432896,0.2650592679630548,True,True,True,False
URI.N,United States,United States,Industrials,Capital Goods,Industrials,75.646,70-80,0.1386500671864043,0.4161012807264056,True,True,True,True
URW.PA,Europe,France,Real Estate,Equity Real Estate Investment Trusts (REITs),Real Estate,91.1067,80+,,,False,True,False,True
USB.N,United States,United States,Financial Services,Banks,Financials,61.0762,60-70,0.0849352457759421,0.29764544326616,True,True,True,False
UTG.L,Europe,United Kingdom,Real Estate,Equity Real Estate Investment Trusts (REITs),Real Estate,71.1599,70-80,0.0625489616875934,0.2965102209418869,True,True,True,True
UU.L,Europe,United Kingdom,Utilities,Utilities,Utilities,76.002,70-80,0.081609799757929,0.2487394598199355,True,True,True,True
V.N,United States,United States,Financial Services,Financial Services,Financials,69.0955,60-70,0.1291258495152689,0.2400322100439473,True,True,True,False
VACN.S,Europe,Switzerland,Industrials,Capital Goods,Industrials,57.6138,50-60,0.1490440348905019,0.3489207443635369,True,True,True,False
VALMT.HE,Europe,Finland,Industrials,Capital Goods,Industrials,73.699,70-80,0.1234677605105721,0.3196930959212764,True,True,True,True
VAR.OL,Europe,Norway,Energy,Energy,Energy,58.2451,50-60,0.1100140779098867,0.3788791559727417,True,True,True,False
VATN.S,Europe,Switzerland,Financial Services,Banks,Financials,41.0661,30-50,0.0956039903775987,0.2010246805456632,True,True,True,False
VEEV.N,United States,United States,Healthcare,Health Care Equipment & Services,Health Care,42.4637,30-50,0.1329078267222623,0.3717730102896587,True,True,True,False
VEND.OL,Europe,Norway,Communication Services,Media & Entertainment,Communication Services,62.4494,60-70,0.0943567720787094,0.3739452299571931,True,True,True,False
VERB.VI,Europe,Austria,Utilities,Utilities,Utilities,65.1735,60-70,0.1355926991802897,0.3319966934084112,True,True,True,False
VICI.N,United States,United States,Real Estate,Equity Real Estate Investment Trusts (REITs),Real Estate,76.4328,70-80,0.0986192833453641,0.2972718683446332,True,True,True,True
VID.MC,Europe,Spain,Consumer Cyclical,Materials,Materials,51.293,50-60,0.1159334575346826,0.2634485856862725,True,True,True,False
VIE.PA,Europe,France,Industrials,Utilities,Utilities,72.102,70-80,0.0924530128711094,0.267035642317649,True,True,True,True
VIS.MC,Europe,Spain,Consumer Cyclical,"Food, Beverage & Tobacco",Consumer Staples,63.4582,60-70,0.0740188750826011,0.2341496722709765,True,True,True,False
VLLP.PA,Europe,France,Basic Materials,Energy,Energy,70.7777,70-80,0.0682234599146328,0.5771715718591404,True,True,True,True
VLO.N,United States,United States,Energy,Energy,Energy,66.1994,60-70,0.1085692951801169,0.3945827553253866,True,True,True,False
VLOF.PA,Europe,France,Consumer Cyclical,Automobiles & Components,Consumer Discretionary,69.1972,60-70,0.0553955221518195,0.4446962058400738,True,True,True,False
VLTO.N,United States,United States,Industrials,Commercial  & Professional Services,Industrials,77.2011,70-80,0.1025290841004747,0.2305727119006653,True,True,True,True
VMC.N,United States,United States,Basic Materials,Materials,Materials,49.226,30-50,0.1085619250744403,0.295749668032924,True,True,True,False
VNAn.DE,Europe,Germany,Real Estate,Real Estate Management & Development,Real Estate,79.6627,70-80,0.07284224113819,0.2918156954949469,True,True,True,True
VOD.L,Europe,United Kingdom,Communication Services,Telecommunication Services,Communication Services,82.7611,80+,0.0451094924250036,0.2642082426537187,True,True,True,True
VOES.VI,Europe,Austria,Basic Materials,Materials,Materials,68.9327,60-70,0.0904332755103803,0.3232976250263852,True,True,True,False
VOLVb.ST,Europe,Sweden,Industrials,Capital Goods,Industrials,82.526,80+,0.1330968023710358,0.3008154892821942,True,True,True,True
VOPA.AS,Europe,Netherlands,Energy,Energy,Energy,60.444,60-70,0.0710973970269976,0.2615718899346642,True,True,True,False
VOWG_p.DE,Europe,Germany,Consumer Cyclical,Automobiles & Components,Consumer Discretionary,82.7451,80+,0.0802303269618033,0.3350851092795217,True,True,True,True
VRSK.OQ,United States,United States,Industrials,Commercial  & Professional Services,Industrials,70.4924,70-80,0.1061028208950912,0.2271669082984814,True,True,True,True
VRSN.OQ,United States,United States,Technology,Software & Services,Information Technology,59.1135,50-60,0.1020990616188063,0.2542829417806708,True,True,True,False
VRT.N,United States,United States,Industrials,Capital Goods,Industrials,51.0191,50-60,0.1394230434430559,0.5394333754794676,True,True,True,False
VRTX.OQ,United States,United States,Healthcare,"Pharmaceuticals, Biotechnology & Life Sciences",Health Care,63.9713,60-70,0.1113244387193142,0.3315985587840643,True,True,True,False
VST.N,United States,United States,Utilities,Utilities,Utilities,68.5182,60-70,0.1449068031153162,0.4216495190469345,True,True,True,False
VTR.N,United States,United States,Real Estate,Equity Real Estate Investment Trusts (REITs),Real Estate,56.8608,50-60,0.0937356359498908,0.3495874575082717,True,True,True,False
VTRS.OQ,United States,United States,Healthcare,"Pharmaceuticals, Biotechnology & Life Sciences",Health Care,65.1818,60-70,0.0349500953801947,0.3711724196858745,True,True,True,False
VWS.CO,Europe,Denmark,Industrials,Capital Goods,Industrials,72.5607,70-80,0.0963441425370036,0.422451169899713,True,True,True,True
VZ.N,United States,United States,Communication Services,Telecommunication Services,Communication Services,69.108,60-70,0.0636592997192822,0.1949847405586047,True,True,True,False
VZN.S,Europe,Switzerland,Financial Services,Financial Services,Financials,50.0625,50-60,0.1160136564537396,0.2603182990791337,True,True,True,False
WAB.N,United States,United States,Industrials,Capital Goods,Industrials,67.4433,60-70,0.1072657810232605,0.3104674241215324,True,True,True,False
WALLb.ST,Europe,Sweden,Real Estate,Real Estate Management & Development,Real Estate,45.2614,30-50,0.074150037499974,0.3144824061881902,True,True,True,False
WAT.N,United States,United States,Healthcare,"Pharmaceuticals, Biotechnology & Life Sciences",Health Care,75.9138,70-80,0.102663424724496,0.2910370612202975,True,True,True,True
WBD.OQ,United States,United States,Communication Services,Media & Entertainment,Communication Services,70.3051,70-80,0.0834326726495053,0.4692956829581742,True,True,True,True
WBSV.VI,Europe,Austria,Basic Materials,Materials,Materials,71.2393,70-80,0.0983884030077212,0.3509025701412105,True,True,True,True
WDAY.OQ,United States,United States,Technology,Software & Services,Information Technology,48.7467,30-50,0.1018546359942621,0.3796076601025586,True,True,True,False
WDC.OQ,United States,United States,Technology,Technology Hardware & Equipment,Information Technology,61.7879,60-70,0.1130049254804104,0.464569036402596,True,True,True,False
WDPP.BR,Europe,Belgium,Real Estate,Equity Real Estate Investment Trusts (REITs),Real Estate,78.133,70-80,0.1059589942142607,0.262313434661081,True,True,True,True
WEC.N,United States,United States,Utilities,Utilities,Utilities,63.4772,60-70,0.1023710786965931,0.2136517774283485,True,True,True,False
WEIR.L,Europe,United Kingdom,Industrials,Capital Goods,Industrials,70.0083,70-80,0.1061696171624085,0.3678033578155598,True,True,True,True
WELL.N,United States,United States,Real Estate,Equity Real Estate Investment Trusts (REITs),Real Estate,71.2835,70-80,0.1155037647403582,0.3168558818266695,True,True,True,True
WFC.N,United States,United States,Financial Services,Banks,Financials,61.4741,60-70,0.0949087490119418,0.3155386388742707,True,True,True,False
WIHL.ST,Europe,Sweden,Real Estate,Real Estate Management & Development,Real Estate,42.1899,30-50,0.1004338614865564,0.3201962837582508,True,True,True,False
WISEa.L,Europe,United Kingdom,Technology,Financial Services,Financials,54.3572,50-60,0.0902123088550987,0.4234977109452337,True,True,True,False
WLSNc.AS,Europe,Netherlands,Industrials,Commercial  & Professional Services,Industrials,60.2596,60-70,0.116808886172469,0.2150699510571427,True,True,True,False
WM.N,United States,United States,Industrials,Commercial  & Professional Services,Industrials,79.696,70-80,0.135951131911144,0.1898559782070341,True,True,True,True
WMB.N,United States,United States,Energy,Energy,Energy,71.3437,70-80,0.1136423537975254,0.3856200723569642,True,True,True,True
WMT.OQ,United States,United States,Consumer Defensive,Consumer Staples Distribution & Retail,Consumer Staples,77.177,70-80,0.1488233688148775,0.2113112240955818,True,True,True,True
WPP.L,Europe,United Kingdom,Communication Services,Media & Entertainment,Communication Services,77.5509,70-80,0.0280914665999112,0.3393211124872274,True,True,True,True
WRB.N,United States,United States,Financial Services,Insurance,Financials,48.8387,30-50,0.142455609402572,0.2410836198379053,True,True,True,False
WRT1V.HE,Europe,Finland,Industrials,Capital Goods,Industrials,80.6328,80+,0.1066599640938645,0.3471186916030747,True,True,True,True
WSM.N,United States,United States,Consumer Cyclical,Consumer Discretionary Distribution & Retail,Consumer Discretionary,77.2215,70-80,0.1275553560865571,0.4310947338608533,True,True,True,True
WST.N,United States,United States,Healthcare,"Pharmaceuticals, Biotechnology & Life Sciences",Health Care,74.7195,70-80,0.1200080472939219,0.3452931793145681,True,True,True,True
WTB.L,Europe,United Kingdom,Consumer Cyclical,Consumer Services,Consumer Discretionary,75.7245,70-80,0.0602653147163033,0.3474029646015274,True,True,True,True
WTW.OQ,United States,United States,Financial Services,Insurance,Financials,65.4259,60-70,0.104274483147749,0.2346712037487899,True,True,True,False
WY.N,United States,United States,Real Estate,Equity Real Estate Investment Trusts (REITs),Real Estate,76.8079,70-80,0.073652923970142,0.3174651222854802,True,True,True,True
WYNN.OQ,United States,United States,Consumer Cyclical,Consumer Services,Consumer Discretionary,57.0225,50-60,0.0960757977984,0.4701200257766376,True,True,True,False
XEL.OQ,United States,United States,Utilities,Utilities,Utilities,67.4225,60-70,0.1015707616216352,0.2119888709043372,True,True,True,False
XOM.N,United States,United States,Energy,Energy,Energy,60.9662,60-70,0.0953800426841917,0.2736379020527406,True,True,True,False
XYL.N,United States,United States,Industrials,Capital Goods,Industrials,80.0733,80+,0.1205181742567355,0.2644564747174506,True,True,True,True
XYZ.N,United States,United States,Technology,Financial Services,Financials,40.4774,30-50,0.1124476765504791,0.5673535504426935,True,True,True,False
YAR.OL,Europe,Norway,Basic Materials,Materials,Materials,78.6217,70-80,0.0845031780232653,0.2962015833723114,True,True,True,True
YUM.N,United States,United States,Consumer Cyclical,Consumer Services,Consumer Discretionary,79.2675,70-80,0.1131237295850509,0.2224290960984726,True,True,True,True
ZAB.WA,Europe,Poland,Consumer Defensive,Consumer Staples Distribution & Retail,Consumer Staples,44.1334,30-50,0.1061028110067308,0.325156595259589,True,True,True,False
ZALG.DE,Europe,Germany,Consumer Cyclical,Consumer Discretionary Distribution & Retail,Consumer Discretionary,72.8951,70-80,0.0720790096999479,0.4330438693519888,True,True,True,True
ZBH.N,United States,United States,Healthcare,Health Care Equipment & Services,Health Care,61.3425,60-70,0.0572859415581702,0.2765050775667225,True,True,True,False
ZBRA.OQ,United States,United States,Technology,Technology Hardware & Equipment,Information Technology,56.8608,50-60,0.1090115075363142,0.3922646942522583,True,True,True,False
ZEG.L,Europe,United Kingdom,Communication Services,Telecommunication Services,Communication Services,62.026250000000005,60-70,0.1630236360473906,0.4768022367857855,True,True,True,False
ZELA.CO,Europe,Denmark,Healthcare,"Pharmaceuticals, Biotechnology & Life Sciences",Health Care,66.8755,60-70,0.1066675276455534,0.4998673924968927,True,True,True,False
ZTS.N,United States,United States,Healthcare,"Pharmaceuticals, Biotechnology & Life Sciences",Health Care,56.8608,50-60,0.1026885308004739,0.2561771274941417,True,True,True,False
ZURN.S,Europe,Switzerland,Financial Services,Insurance,Financials,84.0647,80+,0.1375839253274467,0.2032704537862994,True,True,True,True
