window,profile,profile_rule,panel,cap,from,to,stock,weight,solstatus
2018 Q4 selloff,Risk Averse,Minimum variance,"B (point-in-time, the actual test)",cap off,2018-09-20,2018-12-24,SO.N,0.0588682394710759,OPTIMAL
2018 Q4 selloff,Risk Averse,Minimum variance,"B (point-in-time, the actual test)",cap off,2018-09-20,2018-12-24,EVRG.OQ,0.0554192678259385,OPTIMAL
2018 Q4 selloff,Risk Averse,Minimum variance,"B (point-in-time, the actual test)",cap off,2018-09-20,2018-12-24,MOBN.S,0.0544300740000702,OPTIMAL
2018 Q4 selloff,Risk Averse,Minimum variance,"B (point-in-time, the actual test)",cap off,2018-09-20,2018-12-24,BKWB.S,0.0538960824537772,OPTIMAL
2018 Q4 selloff,Risk Averse,Minimum variance,"B (point-in-time, the actual test)",cap off,2018-09-20,2018-12-24,JNJ.N,0.0494066413042135,OPTIMAL
2018 Q4 selloff,Risk Averse,Minimum variance,"B (point-in-time, the actual test)",cap off,2018-09-20,2018-12-24,CBOE.Z,0.0481693214401009,OPTIMAL
2018 Q4 selloff,Risk Averse,Minimum variance,"B (point-in-time, the actual test)",cap off,2018-09-20,2018-12-24,BCVN.S,0.0474569128707821,OPTIMAL
2018 Q4 selloff,Risk Averse,Minimum variance,"B (point-in-time, the actual test)",cap off,2018-09-20,2018-12-24,LMT.N,0.0454603043106352,OPTIMAL
2018 Q4 selloff,Risk Averse,Minimum variance,"B (point-in-time, the actual test)",cap off,2018-09-20,2018-12-24,CLX.N,0.0419316130423366,OPTIMAL
2018 Q4 selloff,Risk Averse,Minimum variance,"B (point-in-time, the actual test)",cap off,2018-09-20,2018-12-24,EG.N,0.0389240199214052,OPTIMAL
2018 Q4 selloff,Risk Averse,Minimum variance,"B (point-in-time, the actual test)",cap off,2018-09-20,2018-12-24,ROPC.S,0.0328225634691459,OPTIMAL
2018 Q4 selloff,Risk Averse,Minimum variance,"B (point-in-time, the actual test)",cap off,2018-09-20,2018-12-24,DIS.N,0.0314755183893048,OPTIMAL
2018 Q4 selloff,Risk Averse,Minimum variance,"B (point-in-time, the actual test)",cap off,2018-09-20,2018-12-24,LOTB.BR,0.0301239212606101,OPTIMAL
2018 Q4 selloff,Risk Averse,Minimum variance,"B (point-in-time, the actual test)",cap off,2018-09-20,2018-12-24,HUM.N,0.0233104419212953,OPTIMAL
2018 Q4 selloff,Risk Averse,Minimum variance,"B (point-in-time, the actual test)",cap off,2018-09-20,2018-12-24,NEE.N,0.023093156758928,OPTIMAL
2018 Q4 selloff,Risk Averse,Minimum variance,"B (point-in-time, the actual test)",cap off,2018-09-20,2018-12-24,SBNOR.OL,0.0209129845587257,OPTIMAL
2018 Q4 selloff,Risk Averse,Minimum variance,"B (point-in-time, the actual test)",cap off,2018-09-20,2018-12-24,SFZN.S,0.0203078967222278,OPTIMAL
2018 Q4 selloff,Risk Averse,Minimum variance,"B (point-in-time, the actual test)",cap off,2018-09-20,2018-12-24,D.N,0.0199901852828263,OPTIMAL
2018 Q4 selloff,Risk Averse,Minimum variance,"B (point-in-time, the actual test)",cap off,2018-09-20,2018-12-24,CMG.N,0.0179151478653543,OPTIMAL
2018 Q4 selloff,Risk Averse,Minimum variance,"B (point-in-time, the actual test)",cap off,2018-09-20,2018-12-24,PSA.N,0.017114776453748,OPTIMAL
2018 Q4 selloff,Risk Averse,Minimum variance,"B (point-in-time, the actual test)",cap off,2018-09-20,2018-12-24,MO.N,0.0159717981228377,OPTIMAL
2018 Q4 selloff,Risk Averse,Minimum variance,"B (point-in-time, the actual test)",cap off,2018-09-20,2018-12-24,NEM.N,0.0159366174386333,OPTIMAL
2018 Q4 selloff,Risk Averse,Minimum variance,"B (point-in-time, the actual test)",cap off,2018-09-20,2018-12-24,TGT.N,0.0146275946150547,OPTIMAL
2018 Q4 selloff,Risk Averse,Minimum variance,"B (point-in-time, the actual test)",cap off,2018-09-20,2018-12-24,KR.N,0.0138637496711461,OPTIMAL
2018 Q4 selloff,Risk Averse,Minimum variance,"B (point-in-time, the actual test)",cap off,2018-09-20,2018-12-24,CASY.OQ,0.0130433467860999,OPTIMAL
2018 Q4 selloff,Risk Averse,Minimum variance,"B (point-in-time, the actual test)",cap off,2018-09-20,2018-12-24,KOG.OL,0.0128624023163688,OPTIMAL
2018 Q4 selloff,Risk Averse,Minimum variance,"B (point-in-time, the actual test)",cap off,2018-09-20,2018-12-24,CI.N,0.0124398200054643,OPTIMAL
2018 Q4 selloff,Risk Averse,Minimum variance,"B (point-in-time, the actual test)",cap off,2018-09-20,2018-12-24,SQN.S,0.0116488033175405,OPTIMAL
2018 Q4 selloff,Risk Averse,Minimum variance,"B (point-in-time, the actual test)",cap off,2018-09-20,2018-12-24,ED.N,0.0114785947776603,OPTIMAL
2018 Q4 selloff,Risk Averse,Minimum variance,"B (point-in-time, the actual test)",cap off,2018-09-20,2018-12-24,GSK.L,0.0111295742641968,OPTIMAL
2018 Q4 selloff,Risk Averse,Minimum variance,"B (point-in-time, the actual test)",cap off,2018-09-20,2018-12-24,ENT.L,0.0110476273436825,OPTIMAL
2018 Q4 selloff,Risk Averse,Minimum variance,"B (point-in-time, the actual test)",cap off,2018-09-20,2018-12-24,BEAN.S,0.010904477888865,OPTIMAL
2018 Q4 selloff,Risk Averse,Minimum variance,"B (point-in-time, the actual test)",cap off,2018-09-20,2018-12-24,ALLN.S,0.0107418127508161,OPTIMAL
2018 Q4 selloff,Risk Averse,Minimum variance,"B (point-in-time, the actual test)",cap off,2018-09-20,2018-12-24,RSG.N,0.0106533097292551,OPTIMAL
2018 Q4 selloff,Risk Averse,Minimum variance,"B (point-in-time, the actual test)",cap off,2018-09-20,2018-12-24,ACGL.OQ,0.0106380819841419,OPTIMAL
2018 Q4 selloff,Risk Averse,Minimum variance,"B (point-in-time, the actual test)",cap off,2018-09-20,2018-12-24,KYGa.I,0.0105243780475505,OPTIMAL
2018 Q4 selloff,Risk Averse,Minimum variance,"B (point-in-time, the actual test)",cap off,2018-09-20,2018-12-24,ALSO.PA,0.010478783615016,OPTIMAL
2018 Q4 selloff,Risk Averse,Minimum variance,"B (point-in-time, the actual test)",cap off,2018-09-20,2018-12-24,HUBN.S,0.0103829334918636,OPTIMAL
2018 Q4 selloff,Risk Averse,Minimum variance,"B (point-in-time, the actual test)",cap off,2018-09-20,2018-12-24,TPL.N,0.0102681683140757,OPTIMAL
2018 Q4 selloff,Risk Averse,Minimum variance,"B (point-in-time, the actual test)",cap off,2018-09-20,2018-12-24,RILBA.CO,0.0101534088134555,OPTIMAL
2018 Q4 selloff,Risk Averse,Minimum variance,"B (point-in-time, the actual test)",cap off,2018-09-20,2018-12-24,SECTb.ST,0.0101099839711328,OPTIMAL
2018 Q4 selloff,Risk Averse,Minimum variance,"B (point-in-time, the actual test)",cap off,2018-09-20,2018-12-24,CWK.L,0.0100344890140873,OPTIMAL
2018 Q4 selloff,Risk Averse,Minimum variance,"B (point-in-time, the actual test)",cap off,2018-09-20,2018-12-24,VID.MC,0.0100311743985518,OPTIMAL
2018 Q4 selloff,Neutral,Maximum return/risk ratio,"B (point-in-time, the actual test)",cap off,2018-09-20,2018-12-24,NEE.N,0.0864444992266906,OPTIMAL
2018 Q4 selloff,Neutral,Maximum return/risk ratio,"B (point-in-time, the actual test)",cap off,2018-09-20,2018-12-24,TPL.N,0.0629944426642699,OPTIMAL
2018 Q4 selloff,Neutral,Maximum return/risk ratio,"B (point-in-time, the actual test)",cap off,2018-09-20,2018-12-24,ARGX.BR,0.0543935558218082,OPTIMAL
2018 Q4 selloff,Neutral,Maximum return/risk ratio,"B (point-in-time, the actual test)",cap off,2018-09-20,2018-12-24,NVDA.OQ,0.0525521697792706,OPTIMAL
2018 Q4 selloff,Neutral,Maximum return/risk ratio,"B (point-in-time, the actual test)",cap off,2018-09-20,2018-12-24,JNJ.N,0.0496942276025173,OPTIMAL
2018 Q4 selloff,Neutral,Maximum return/risk ratio,"B (point-in-time, the actual test)",cap off,2018-09-20,2018-12-24,PGR.N,0.0486527605662177,OPTIMAL
2018 Q4 selloff,Neutral,Maximum return/risk ratio,"B (point-in-time, the actual test)",cap off,2018-09-20,2018-12-24,GAW.L,0.0455944630586544,OPTIMAL
2018 Q4 selloff,Neutral,Maximum return/risk ratio,"B (point-in-time, the actual test)",cap off,2018-09-20,2018-12-24,AWK.N,0.0415385235112209,OPTIMAL
2018 Q4 selloff,Neutral,Maximum return/risk ratio,"B (point-in-time, the actual test)",cap off,2018-09-20,2018-12-24,SIKA.S,0.0386088137665752,OPTIMAL
2018 Q4 selloff,Neutral,Maximum return/risk ratio,"B (point-in-time, the actual test)",cap off,2018-09-20,2018-12-24,LMT.N,0.0347717446278741,OPTIMAL
2018 Q4 selloff,Neutral,Maximum return/risk ratio,"B (point-in-time, the actual test)",cap off,2018-09-20,2018-12-24,TEMN.S,0.0326442707382366,OPTIMAL
2018 Q4 selloff,Neutral,Maximum return/risk ratio,"B (point-in-time, the actual test)",cap off,2018-09-20,2018-12-24,WM.N,0.0323926641587842,OPTIMAL
2018 Q4 selloff,Neutral,Maximum return/risk ratio,"B (point-in-time, the actual test)",cap off,2018-09-20,2018-12-24,CDR.WA,0.0317938108742026,OPTIMAL
2018 Q4 selloff,Neutral,Maximum return/risk ratio,"B (point-in-time, the actual test)",cap off,2018-09-20,2018-12-24,VERB.VI,0.0284673913585916,OPTIMAL
2018 Q4 selloff,Neutral,Maximum return/risk ratio,"B (point-in-time, the actual test)",cap off,2018-09-20,2018-12-24,DHR.N,0.0270988765107992,OPTIMAL
2018 Q4 selloff,Neutral,Maximum return/risk ratio,"B (point-in-time, the actual test)",cap off,2018-09-20,2018-12-24,PLUSP.L,0.0256627558743227,OPTIMAL
2018 Q4 selloff,Neutral,Maximum return/risk ratio,"B (point-in-time, the actual test)",cap off,2018-09-20,2018-12-24,SQN.S,0.0249853173207104,OPTIMAL
2018 Q4 selloff,Neutral,Maximum return/risk ratio,"B (point-in-time, the actual test)",cap off,2018-09-20,2018-12-24,ADSGn.DE,0.02299828268886,OPTIMAL
2018 Q4 selloff,Neutral,Maximum return/risk ratio,"B (point-in-time, the actual test)",cap off,2018-09-20,2018-12-24,TKO.N,0.022187130182647,OPTIMAL
2018 Q4 selloff,Neutral,Maximum return/risk ratio,"B (point-in-time, the actual test)",cap off,2018-09-20,2018-12-24,RSG.N,0.0221519728953467,OPTIMAL
2018 Q4 selloff,Neutral,Maximum return/risk ratio,"B (point-in-time, the actual test)",cap off,2018-09-20,2018-12-24,AKRBP.OL,0.0217817867441768,OPTIMAL
2018 Q4 selloff,Neutral,Maximum return/risk ratio,"B (point-in-time, the actual test)",cap off,2018-09-20,2018-12-24,NEM.N,0.0194947026342183,OPTIMAL
2018 Q4 selloff,Neutral,Maximum return/risk ratio,"B (point-in-time, the actual test)",cap off,2018-09-20,2018-12-24,BBY.N,0.0190973400549781,OPTIMAL
2018 Q4 selloff,Neutral,Maximum return/risk ratio,"B (point-in-time, the actual test)",cap off,2018-09-20,2018-12-24,SALM.OL,0.0158947878083146,OPTIMAL
2018 Q4 selloff,Neutral,Maximum return/risk ratio,"B (point-in-time, the actual test)",cap off,2018-09-20,2018-12-24,SFZN.S,0.0140621007839922,OPTIMAL
2018 Q4 selloff,Neutral,Maximum return/risk ratio,"B (point-in-time, the actual test)",cap off,2018-09-20,2018-12-24,CME.OQ,0.01401947415582,OPTIMAL
2018 Q4 selloff,Neutral,Maximum return/risk ratio,"B (point-in-time, the actual test)",cap off,2018-09-20,2018-12-24,CLX.N,0.0139338936743666,OPTIMAL
2018 Q4 selloff,Neutral,Maximum return/risk ratio,"B (point-in-time, the actual test)",cap off,2018-09-20,2018-12-24,AMBUb.CO,0.0129126415281812,OPTIMAL
2018 Q4 selloff,Neutral,Maximum return/risk ratio,"B (point-in-time, the actual test)",cap off,2018-09-20,2018-12-24,COST.OQ,0.012343634950213,OPTIMAL
2018 Q4 selloff,Neutral,Maximum return/risk ratio,"B (point-in-time, the actual test)",cap off,2018-09-20,2018-12-24,AMD.OQ,0.0106170225197168,OPTIMAL
2018 Q4 selloff,Neutral,Maximum return/risk ratio,"B (point-in-time, the actual test)",cap off,2018-09-20,2018-12-24,MRON.L,0.0101442503135313,OPTIMAL
2018 Q4 selloff,Neutral,Maximum return/risk ratio,"B (point-in-time, the actual test)",cap off,2018-09-20,2018-12-24,UPM.HE,0.0100322639514173,OPTIMAL
2018 Q4 selloff,Neutral,Maximum return/risk ratio,"B (point-in-time, the actual test)",cap off,2018-09-20,2018-12-24,NESTE.HE,0.0100235944854923,OPTIMAL
2018 Q4 selloff,Neutral,Maximum return/risk ratio,"B (point-in-time, the actual test)",cap off,2018-09-20,2018-12-24,KDP.OQ,0.010014611128831,OPTIMAL
2018 Q4 selloff,Neutral,Maximum return/risk ratio,"B (point-in-time, the actual test)",cap off,2018-09-20,2018-12-24,ISRG.OQ,0.0100001359502998,OPTIMAL
2018 Q4 selloff,Neutral,Maximum return/risk ratio,"B (point-in-time, the actual test)",cap off,2018-09-20,2018-12-24,LULU.OQ,0.0100000860888488,OPTIMAL
2018 Q4 selloff,Risk Prone,Highest non-degenerate return,"B (point-in-time, the actual test)",cap off,2018-09-20,2018-12-24,ARGX.BR,0.2,OPTIMAL
2018 Q4 selloff,Risk Prone,Highest non-degenerate return,"B (point-in-time, the actual test)",cap off,2018-09-20,2018-12-24,AMD.OQ,0.2,OPTIMAL
2018 Q4 selloff,Risk Prone,Highest non-degenerate return,"B (point-in-time, the actual test)",cap off,2018-09-20,2018-12-24,KDP.OQ,0.1944969057079054,OPTIMAL
2018 Q4 selloff,Risk Prone,Highest non-degenerate return,"B (point-in-time, the actual test)",cap off,2018-09-20,2018-12-24,NVDA.OQ,0.0999999999999999,OPTIMAL
2018 Q4 selloff,Risk Prone,Highest non-degenerate return,"B (point-in-time, the actual test)",cap off,2018-09-20,2018-12-24,AKRBP.OL,0.0546824951534427,OPTIMAL
2018 Q4 selloff,Risk Prone,Highest non-degenerate return,"B (point-in-time, the actual test)",cap off,2018-09-20,2018-12-24,UPM.HE,0.0108205991386517,OPTIMAL
2018 Q4 selloff,Risk Prone,Highest non-degenerate return,"B (point-in-time, the actual test)",cap off,2018-09-20,2018-12-24,XYL.N,0.0100000000000002,OPTIMAL
2018 Q4 selloff,Risk Prone,Highest non-degenerate return,"B (point-in-time, the actual test)",cap off,2018-09-20,2018-12-24,DHR.N,0.01,OPTIMAL
2018 Q4 selloff,Risk Prone,Highest non-degenerate return,"B (point-in-time, the actual test)",cap off,2018-09-20,2018-12-24,STERV.HE,0.01,OPTIMAL
2018 Q4 selloff,Risk Prone,Highest non-degenerate return,"B (point-in-time, the actual test)",cap off,2018-09-20,2018-12-24,PUMG.DE,0.01,OPTIMAL
2018 Q4 selloff,Risk Prone,Highest non-degenerate return,"B (point-in-time, the actual test)",cap off,2018-09-20,2018-12-24,AMZN.OQ,0.01,OPTIMAL
2018 Q4 selloff,Risk Prone,Highest non-degenerate return,"B (point-in-time, the actual test)",cap off,2018-09-20,2018-12-24,BAC.N,0.01,OPTIMAL
2018 Q4 selloff,Risk Prone,Highest non-degenerate return,"B (point-in-time, the actual test)",cap off,2018-09-20,2018-12-24,TPL.N,0.01,OPTIMAL
2018 Q4 selloff,Risk Prone,Highest non-degenerate return,"B (point-in-time, the actual test)",cap off,2018-09-20,2018-12-24,BA.N,0.01,OPTIMAL
2018 Q4 selloff,Risk Prone,Highest non-degenerate return,"B (point-in-time, the actual test)",cap off,2018-09-20,2018-12-24,TKO.N,0.01,OPTIMAL
2018 Q4 selloff,Risk Prone,Highest non-degenerate return,"B (point-in-time, the actual test)",cap off,2018-09-20,2018-12-24,ALGN.OQ,0.01,OPTIMAL
2018 Q4 selloff,Risk Prone,Highest non-degenerate return,"B (point-in-time, the actual test)",cap off,2018-09-20,2018-12-24,LONN.S,0.01,OPTIMAL
2018 Q4 selloff,Risk Prone,Highest non-degenerate return,"B (point-in-time, the actual test)",cap off,2018-09-20,2018-12-24,SATG_p.DE,0.01,OPTIMAL
2018 Q4 selloff,Risk Prone,Highest non-degenerate return,"B (point-in-time, the actual test)",cap off,2018-09-20,2018-12-24,PLUSP.L,0.01,OPTIMAL
2018 Q4 selloff,Risk Prone,Highest non-degenerate return,"B (point-in-time, the actual test)",cap off,2018-09-20,2018-12-24,MRON.L,0.01,OPTIMAL
2018 Q4 selloff,Risk Prone,Highest non-degenerate return,"B (point-in-time, the actual test)",cap off,2018-09-20,2018-12-24,GLEN.L,0.01,OPTIMAL
2018 Q4 selloff,Risk Prone,Highest non-degenerate return,"B (point-in-time, the actual test)",cap off,2018-09-20,2018-12-24,NESTE.HE,0.01,OPTIMAL
2018 Q4 selloff,Risk Prone,Highest non-degenerate return,"B (point-in-time, the actual test)",cap off,2018-09-20,2018-12-24,MTXGn.DE,0.01,OPTIMAL
2018 Q4 selloff,Risk Prone,Highest non-degenerate return,"B (point-in-time, the actual test)",cap off,2018-09-20,2018-12-24,PRTP.PA,0.01,OPTIMAL
2018 Q4 selloff,Risk Prone,Highest non-degenerate return,"B (point-in-time, the actual test)",cap off,2018-09-20,2018-12-24,ADSGn.DE,0.01,OPTIMAL
2018 Q4 selloff,Risk Prone,Highest non-degenerate return,"B (point-in-time, the actual test)",cap off,2018-09-20,2018-12-24,STB.OL,0.01,OPTIMAL
2018 Q4 selloff,Risk Prone,Highest non-degenerate return,"B (point-in-time, the actual test)",cap off,2018-09-20,2018-12-24,AMBUb.CO,0.01,OPTIMAL
2018 Q4 selloff,Risk Prone,Highest non-degenerate return,"B (point-in-time, the actual test)",cap off,2018-09-20,2018-12-24,SIKA.S,0.01,OPTIMAL
2018 Q4 selloff,Risk Prone,Highest non-degenerate return,"B (point-in-time, the actual test)",cap off,2018-09-20,2018-12-24,SPGI.N,0.01,OPTIMAL
2018 Q4 selloff,Risk Prone,Highest non-degenerate return,"B (point-in-time, the actual test)",cap off,2018-09-20,2018-12-24,PODD.OQ,0.0099999999999999,OPTIMAL
2018 Q4 selloff,Neutral,Maximum return/risk ratio,"B (point-in-time, the actual test)",cap 25%,2018-09-20,2018-12-24,NEE.N,0.0884822157434085,OPTIMAL
2018 Q4 selloff,Neutral,Maximum return/risk ratio,"B (point-in-time, the actual test)",cap 25%,2018-09-20,2018-12-24,TPL.N,0.0641350400192566,OPTIMAL
2018 Q4 selloff,Neutral,Maximum return/risk ratio,"B (point-in-time, the actual test)",cap 25%,2018-09-20,2018-12-24,ARGX.BR,0.0540631927107113,OPTIMAL
2018 Q4 selloff,Neutral,Maximum return/risk ratio,"B (point-in-time, the actual test)",cap 25%,2018-09-20,2018-12-24,NVDA.OQ,0.0510706335496886,OPTIMAL
2018 Q4 selloff,Neutral,Maximum return/risk ratio,"B (point-in-time, the actual test)",cap 25%,2018-09-20,2018-12-24,PGR.N,0.0501948144236734,OPTIMAL
2018 Q4 selloff,Neutral,Maximum return/risk ratio,"B (point-in-time, the actual test)",cap 25%,2018-09-20,2018-12-24,JNJ.N,0.0484977302095238,OPTIMAL
2018 Q4 selloff,Neutral,Maximum return/risk ratio,"B (point-in-time, the actual test)",cap 25%,2018-09-20,2018-12-24,GAW.L,0.0466000501128691,OPTIMAL
2018 Q4 selloff,Neutral,Maximum return/risk ratio,"B (point-in-time, the actual test)",cap 25%,2018-09-20,2018-12-24,AWK.N,0.0404316229270774,OPTIMAL
2018 Q4 selloff,Neutral,Maximum return/risk ratio,"B (point-in-time, the actual test)",cap 25%,2018-09-20,2018-12-24,SIKA.S,0.0374118561308038,OPTIMAL
2018 Q4 selloff,Neutral,Maximum return/risk ratio,"B (point-in-time, the actual test)",cap 25%,2018-09-20,2018-12-24,WM.N,0.0332007185956855,OPTIMAL
2018 Q4 selloff,Neutral,Maximum return/risk ratio,"B (point-in-time, the actual test)",cap 25%,2018-09-20,2018-12-24,TEMN.S,0.0327866332615597,OPTIMAL
2018 Q4 selloff,Neutral,Maximum return/risk ratio,"B (point-in-time, the actual test)",cap 25%,2018-09-20,2018-12-24,LMT.N,0.0327288112355088,OPTIMAL
2018 Q4 selloff,Neutral,Maximum return/risk ratio,"B (point-in-time, the actual test)",cap 25%,2018-09-20,2018-12-24,CDR.WA,0.0325543935333818,OPTIMAL
2018 Q4 selloff,Neutral,Maximum return/risk ratio,"B (point-in-time, the actual test)",cap 25%,2018-09-20,2018-12-24,VERB.VI,0.0291584988374463,OPTIMAL
2018 Q4 selloff,Neutral,Maximum return/risk ratio,"B (point-in-time, the actual test)",cap 25%,2018-09-20,2018-12-24,DHR.N,0.0272635806396696,OPTIMAL
2018 Q4 selloff,Neutral,Maximum return/risk ratio,"B (point-in-time, the actual test)",cap 25%,2018-09-20,2018-12-24,PLUSP.L,0.026139663850148,OPTIMAL
2018 Q4 selloff,Neutral,Maximum return/risk ratio,"B (point-in-time, the actual test)",cap 25%,2018-09-20,2018-12-24,SQN.S,0.0254450534754917,OPTIMAL
2018 Q4 selloff,Neutral,Maximum return/risk ratio,"B (point-in-time, the actual test)",cap 25%,2018-09-20,2018-12-24,RSG.N,0.0241255850971914,OPTIMAL
2018 Q4 selloff,Neutral,Maximum return/risk ratio,"B (point-in-time, the actual test)",cap 25%,2018-09-20,2018-12-24,TKO.N,0.0223904397659098,OPTIMAL
2018 Q4 selloff,Neutral,Maximum return/risk ratio,"B (point-in-time, the actual test)",cap 25%,2018-09-20,2018-12-24,AKRBP.OL,0.0218902788402444,OPTIMAL
2018 Q4 selloff,Neutral,Maximum return/risk ratio,"B (point-in-time, the actual test)",cap 25%,2018-09-20,2018-12-24,ADSGn.DE,0.0210950820737974,OPTIMAL
2018 Q4 selloff,Neutral,Maximum return/risk ratio,"B (point-in-time, the actual test)",cap 25%,2018-09-20,2018-12-24,NEM.N,0.0190174291681954,OPTIMAL
2018 Q4 selloff,Neutral,Maximum return/risk ratio,"B (point-in-time, the actual test)",cap 25%,2018-09-20,2018-12-24,BBY.N,0.0182543752877306,OPTIMAL
2018 Q4 selloff,Neutral,Maximum return/risk ratio,"B (point-in-time, the actual test)",cap 25%,2018-09-20,2018-12-24,SALM.OL,0.0162806793867601,OPTIMAL
2018 Q4 selloff,Neutral,Maximum return/risk ratio,"B (point-in-time, the actual test)",cap 25%,2018-09-20,2018-12-24,CME.OQ,0.0156515064630121,OPTIMAL
2018 Q4 selloff,Neutral,Maximum return/risk ratio,"B (point-in-time, the actual test)",cap 25%,2018-09-20,2018-12-24,SFZN.S,0.0132664406358295,OPTIMAL
2018 Q4 selloff,Neutral,Maximum return/risk ratio,"B (point-in-time, the actual test)",cap 25%,2018-09-20,2018-12-24,AMBUb.CO,0.0132001139771611,OPTIMAL
2018 Q4 selloff,Neutral,Maximum return/risk ratio,"B (point-in-time, the actual test)",cap 25%,2018-09-20,2018-12-24,COST.OQ,0.0122930460983455,OPTIMAL
2018 Q4 selloff,Neutral,Maximum return/risk ratio,"B (point-in-time, the actual test)",cap 25%,2018-09-20,2018-12-24,CLX.N,0.0118402057397133,OPTIMAL
2018 Q4 selloff,Neutral,Maximum return/risk ratio,"B (point-in-time, the actual test)",cap 25%,2018-09-20,2018-12-24,AMD.OQ,0.0103727743559257,OPTIMAL
2018 Q4 selloff,Neutral,Maximum return/risk ratio,"B (point-in-time, the actual test)",cap 25%,2018-09-20,2018-12-24,MRON.L,0.0100987093440865,OPTIMAL
2018 Q4 selloff,Neutral,Maximum return/risk ratio,"B (point-in-time, the actual test)",cap 25%,2018-09-20,2018-12-24,KDP.OQ,0.0100489022919197,OPTIMAL
2018 Q4 selloff,Neutral,Maximum return/risk ratio,"B (point-in-time, the actual test)",cap 25%,2018-09-20,2018-12-24,NESTE.HE,0.0100080694245633,OPTIMAL
2018 Q4 selloff,Neutral,Maximum return/risk ratio,"B (point-in-time, the actual test)",cap 25%,2018-09-20,2018-12-24,UPM.HE,0.0100014233185179,OPTIMAL
2018 Q4 selloff,Neutral,Maximum return/risk ratio,"B (point-in-time, the actual test)",cap 25%,2018-09-20,2018-12-24,LULU.OQ,0.0100003462127182,OPTIMAL
2018 Q4 selloff,Neutral,Maximum return/risk ratio,"B (point-in-time, the actual test)",cap 25%,2018-09-20,2018-12-24,LITE.OQ,0.0100000832624723,OPTIMAL
2018 Q4 selloff,1/N Equal Weight,benchmark,"B (point-in-time, the actual test)",not applicable,2018-09-20,2018-12-24,FER.MC,0.0010245901639344,benchmark
2018 Q4 selloff,1/N Equal Weight,benchmark,"B (point-in-time, the actual test)",not applicable,2018-09-20,2018-12-24,CARLb.CO,0.0010245901639344,benchmark
2018 Q4 selloff,1/N Equal Weight,benchmark,"B (point-in-time, the actual test)",not applicable,2018-09-20,2018-12-24,ULVR.L,0.0010245901639344,benchmark
2018 Q4 selloff,1/N Equal Weight,benchmark,"B (point-in-time, the actual test)",not applicable,2018-09-20,2018-12-24,INVEb.ST,0.0010245901639344,benchmark
2018 Q4 selloff,1/N Equal Weight,benchmark,"B (point-in-time, the actual test)",not applicable,2018-09-20,2018-12-24,LAGRb.ST,0.0010245901639344,benchmark
2018 Q4 selloff,1/N Equal Weight,benchmark,"B (point-in-time, the actual test)",not applicable,2018-09-20,2018-12-24,STERV.HE,0.0010245901639344,benchmark
2018 Q4 selloff,1/N Equal Weight,benchmark,"B (point-in-time, the actual test)",not applicable,2018-09-20,2018-12-24,VIS.MC,0.0010245901639344,benchmark
2018 Q4 selloff,1/N Equal Weight,benchmark,"B (point-in-time, the actual test)",not applicable,2018-09-20,2018-12-24,PHG.AS,0.0010245901639344,benchmark
2018 Q4 selloff,1/N Equal Weight,benchmark,"B (point-in-time, the actual test)",not applicable,2018-09-20,2018-12-24,BEIJb.ST,0.0010245901639344,benchmark
2018 Q4 selloff,1/N Equal Weight,benchmark,"B (point-in-time, the actual test)",not applicable,2018-09-20,2018-12-24,IPN.PA,0.0010245901639344,benchmark
2018 Q4 selloff,1/N Equal Weight,benchmark,"B (point-in-time, the actual test)",not applicable,2018-09-20,2018-12-24,SCHP.S,0.0010245901639344,benchmark
2018 Q4 selloff,1/N Equal Weight,benchmark,"B (point-in-time, the actual test)",not applicable,2018-09-20,2018-12-24,SQN.S,0.0010245901639344,benchmark
2018 Q4 selloff,1/N Equal Weight,benchmark,"B (point-in-time, the actual test)",not applicable,2018-09-20,2018-12-24,DAST.PA,0.0010245901639344,benchmark
2018 Q4 selloff,1/N Equal Weight,benchmark,"B (point-in-time, the actual test)",not applicable,2018-09-20,2018-12-24,GEBN.S,0.0010245901639344,benchmark
2018 Q4 selloff,1/N Equal Weight,benchmark,"B (point-in-time, the actual test)",not applicable,2018-09-20,2018-12-24,SKFb.ST,0.0010245901639344,benchmark
2018 Q4 selloff,1/N Equal Weight,benchmark,"B (point-in-time, the actual test)",not applicable,2018-09-20,2018-12-24,TLXGn.DE,0.0010245901639344,benchmark
2018 Q4 selloff,1/N Equal Weight,benchmark,"B (point-in-time, the actual test)",not applicable,2018-09-20,2018-12-24,GBLB.BR,0.0010245901639344,benchmark
2018 Q4 selloff,1/N Equal Weight,benchmark,"B (point-in-time, the actual test)",not applicable,2018-09-20,2018-12-24,FRES.L,0.0010245901639344,benchmark
2018 Q4 selloff,1/N Equal Weight,benchmark,"B (point-in-time, the actual test)",not applicable,2018-09-20,2018-12-24,AIXGn.DE,0.0010245901639344,benchmark
2018 Q4 selloff,1/N Equal Weight,benchmark,"B (point-in-time, the actual test)",not applicable,2018-09-20,2018-12-24,VOD.L,0.0010245901639344,benchmark
2018 Q4 selloff,1/N Equal Weight,benchmark,"B (point-in-time, the actual test)",not applicable,2018-09-20,2018-12-24,SATG_p.DE,0.0010245901639344,benchmark
2018 Q4 selloff,1/N Equal Weight,benchmark,"B (point-in-time, the actual test)",not applicable,2018-09-20,2018-12-24,AZMT.MI,0.0010245901639344,benchmark
2018 Q4 selloff,1/N Equal Weight,benchmark,"B (point-in-time, the actual test)",not applicable,2018-09-20,2018-12-24,MICP.PA,0.0010245901639344,benchmark
2018 Q4 selloff,1/N Equal Weight,benchmark,"B (point-in-time, the actual test)",not applicable,2018-09-20,2018-12-24,PRY.MI,0.0010245901639344,benchmark
2018 Q4 selloff,1/N Equal Weight,benchmark,"B (point-in-time, the actual test)",not applicable,2018-09-20,2018-12-24,BAYGn.DE,0.0010245901639344,benchmark
2018 Q4 selloff,1/N Equal Weight,benchmark,"B (point-in-time, the actual test)",not applicable,2018-09-20,2018-12-24,BAB.L,0.0010245901639344,benchmark
2018 Q4 selloff,1/N Equal Weight,benchmark,"B (point-in-time, the actual test)",not applicable,2018-09-20,2018-12-24,RENA.PA,0.0010245901639344,benchmark
2018 Q4 selloff,1/N Equal Weight,benchmark,"B (point-in-time, the actual test)",not applicable,2018-09-20,2018-12-24,HSX.L,0.0010245901639344,benchmark
2018 Q4 selloff,1/N Equal Weight,benchmark,"B (point-in-time, the actual test)",not applicable,2018-09-20,2018-12-24,HMb.ST,0.0010245901639344,benchmark
2018 Q4 selloff,1/N Equal Weight,benchmark,"B (point-in-time, the actual test)",not applicable,2018-09-20,2018-12-24,GETIb.ST,0.0010245901639344,benchmark
2018 Q4 selloff,1/N Equal Weight,benchmark,"B (point-in-time, the actual test)",not applicable,2018-09-20,2018-12-24,TRN.MI,0.0010245901639344,benchmark
2018 Q4 selloff,1/N Equal Weight,benchmark,"B (point-in-time, the actual test)",not applicable,2018-09-20,2018-12-24,CWK.L,0.0010245901639344,benchmark
2018 Q4 selloff,1/N Equal Weight,benchmark,"B (point-in-time, the actual test)",not applicable,2018-09-20,2018-12-24,LDOF.MI,0.0010245901639344,benchmark
2018 Q4 selloff,1/N Equal Weight,benchmark,"B (point-in-time, the actual test)",not applicable,2018-09-20,2018-12-24,SIKA.S,0.0010245901639344,benchmark
2018 Q4 selloff,1/N Equal Weight,benchmark,"B (point-in-time, the actual test)",not applicable,2018-09-20,2018-12-24,SOON.S,0.0010245901639344,benchmark
2018 Q4 selloff,1/N Equal Weight,benchmark,"B (point-in-time, the actual test)",not applicable,2018-09-20,2018-12-24,RAAG.DE,0.0010245901639344,benchmark
2018 Q4 selloff,1/N Equal Weight,benchmark,"B (point-in-time, the actual test)",not applicable,2018-09-20,2018-12-24,BRBY.L,0.0010245901639344,benchmark
2018 Q4 selloff,1/N Equal Weight,benchmark,"B (point-in-time, the actual test)",not applicable,2018-09-20,2018-12-24,TEMN.S,0.0010245901639344,benchmark
2018 Q4 selloff,1/N Equal Weight,benchmark,"B (point-in-time, the actual test)",not applicable,2018-09-20,2018-12-24,STDM.PA,0.0010245901639344,benchmark
2018 Q4 selloff,1/N Equal Weight,benchmark,"B (point-in-time, the actual test)",not applicable,2018-09-20,2018-12-24,SRP.L,0.0010245901639344,benchmark
2018 Q4 selloff,1/N Equal Weight,benchmark,"B (point-in-time, the actual test)",not applicable,2018-09-20,2018-12-24,MAERSKb.CO,0.0010245901639344,benchmark
2018 Q4 selloff,1/N Equal Weight,benchmark,"B (point-in-time, the actual test)",not applicable,2018-09-20,2018-12-24,VATN.S,0.0010245901639344,benchmark
2018 Q4 selloff,1/N Equal Weight,benchmark,"B (point-in-time, the actual test)",not applicable,2018-09-20,2018-12-24,VLLP.PA,0.0010245901639344,benchmark
2018 Q4 selloff,1/N Equal Weight,benchmark,"B (point-in-time, the actual test)",not applicable,2018-09-20,2018-12-24,KNIN.S,0.0010245901639344,benchmark
2018 Q4 selloff,1/N Equal Weight,benchmark,"B (point-in-time, the actual test)",not applicable,2018-09-20,2018-12-24,MRL.MC,0.0010245901639344,benchmark
2018 Q4 selloff,1/N Equal Weight,benchmark,"B (point-in-time, the actual test)",not applicable,2018-09-20,2018-12-24,BT.L,0.0010245901639344,benchmark
2018 Q4 selloff,1/N Equal Weight,benchmark,"B (point-in-time, the actual test)",not applicable,2018-09-20,2018-12-24,RKT.L,0.0010245901639344,benchmark
2018 Q4 selloff,1/N Equal Weight,benchmark,"B (point-in-time, the actual test)",not applicable,2018-09-20,2018-12-24,SSE.L,0.0010245901639344,benchmark
2018 Q4 selloff,1/N Equal Weight,benchmark,"B (point-in-time, the actual test)",not applicable,2018-09-20,2018-12-24,BEAN.S,0.0010245901639344,benchmark
2018 Q4 selloff,1/N Equal Weight,benchmark,"B (point-in-time, the actual test)",not applicable,2018-09-20,2018-12-24,LGEN.L,0.0010245901639344,benchmark
2018 Q4 selloff,1/N Equal Weight,benchmark,"B (point-in-time, the actual test)",not applicable,2018-09-20,2018-12-24,SGE.L,0.0010245901639344,benchmark
2018 Q4 selloff,1/N Equal Weight,benchmark,"B (point-in-time, the actual test)",not applicable,2018-09-20,2018-12-24,EDPR.LS,0.0010245901639344,benchmark
2018 Q4 selloff,1/N Equal Weight,benchmark,"B (point-in-time, the actual test)",not applicable,2018-09-20,2018-12-24,LOGN.S,0.0010245901639344,benchmark
2018 Q4 selloff,1/N Equal Weight,benchmark,"B (point-in-time, the actual test)",not applicable,2018-09-20,2018-12-24,BTRW.L,0.0010245901639344,benchmark
2018 Q4 selloff,1/N Equal Weight,benchmark,"B (point-in-time, the actual test)",not applicable,2018-09-20,2018-12-24,LAND.L,0.0010245901639344,benchmark
2018 Q4 selloff,1/N Equal Weight,benchmark,"B (point-in-time, the actual test)",not applicable,2018-09-20,2018-12-24,IMB.L,0.0010245901639344,benchmark
2018 Q4 selloff,1/N Equal Weight,benchmark,"B (point-in-time, the actual test)",not applicable,2018-09-20,2018-12-24,GF.S,0.0010245901639344,benchmark
2018 Q4 selloff,1/N Equal Weight,benchmark,"B (point-in-time, the actual test)",not applicable,2018-09-20,2018-12-24,KGH.WA,0.0010245901639344,benchmark
2018 Q4 selloff,1/N Equal Weight,benchmark,"B (point-in-time, the actual test)",not applicable,2018-09-20,2018-12-24,YAR.OL,0.0010245901639344,benchmark
2018 Q4 selloff,1/N Equal Weight,benchmark,"B (point-in-time, the actual test)",not applicable,2018-09-20,2018-12-24,ADP.PA,0.0010245901639344,benchmark
2018 Q4 selloff,1/N Equal Weight,benchmark,"B (point-in-time, the actual test)",not applicable,2018-09-20,2018-12-24,QQ.L,0.0010245901639344,benchmark
2018 Q4 selloff,1/N Equal Weight,benchmark,"B (point-in-time, the actual test)",not applicable,2018-09-20,2018-12-24,SAF.PA,0.0010245901639344,benchmark
2018 Q4 selloff,1/N Equal Weight,benchmark,"B (point-in-time, the actual test)",not applicable,2018-09-20,2018-12-24,ACS.MC,0.0010245901639344,benchmark
2018 Q4 selloff,1/N Equal Weight,benchmark,"B (point-in-time, the actual test)",not applicable,2018-09-20,2018-12-24,INF.L,0.0010245901639344,benchmark
2018 Q4 selloff,1/N Equal Weight,benchmark,"B (point-in-time, the actual test)",not applicable,2018-09-20,2018-12-24,SAPG.DE,0.0010245901639344,benchmark
2018 Q4 selloff,1/N Equal Weight,benchmark,"B (point-in-time, the actual test)",not applicable,2018-09-20,2018-12-24,TCAPI.L,0.0010245901639344,benchmark
2018 Q4 selloff,1/N Equal Weight,benchmark,"B (point-in-time, the actual test)",not applicable,2018-09-20,2018-12-24,HWDN.L,0.0010245901639344,benchmark
2018 Q4 selloff,1/N Equal Weight,benchmark,"B (point-in-time, the actual test)",not applicable,2018-09-20,2018-12-24,SAMPO.HE,0.0010245901639344,benchmark
2018 Q4 selloff,1/N Equal Weight,benchmark,"B (point-in-time, the actual test)",not applicable,2018-09-20,2018-12-24,ARGX.BR,0.0010245901639344,benchmark
2018 Q4 selloff,1/N Equal Weight,benchmark,"B (point-in-time, the actual test)",not applicable,2018-09-20,2018-12-24,IMI.L,0.0010245901639344,benchmark
2018 Q4 selloff,1/N Equal Weight,benchmark,"B (point-in-time, the actual test)",not applicable,2018-09-20,2018-12-24,SAABb.ST,0.0010245901639344,benchmark
2018 Q4 selloff,1/N Equal Weight,benchmark,"B (point-in-time, the actual test)",not applicable,2018-09-20,2018-12-24,NAFG.DE,0.0010245901639344,benchmark
2018 Q4 selloff,1/N Equal Weight,benchmark,"B (point-in-time, the actual test)",not applicable,2018-09-20,2018-12-24,INVP.L,0.0010245901639344,benchmark
2018 Q4 selloff,1/N Equal Weight,benchmark,"B (point-in-time, the actual test)",not applicable,2018-09-20,2018-12-24,RYA.I,0.0010245901639344,benchmark
2018 Q4 selloff,1/N Equal Weight,benchmark,"B (point-in-time, the actual test)",not applicable,2018-09-20,2018-12-24,SFZN.S,0.0010245901639344,benchmark
2018 Q4 selloff,1/N Equal Weight,benchmark,"B (point-in-time, the actual test)",not applicable,2018-09-20,2018-12-24,SALM.OL,0.0010245901639344,benchmark
2018 Q4 selloff,1/N Equal Weight,benchmark,"B (point-in-time, the actual test)",not applicable,2018-09-20,2018-12-24,CARR.PA,0.0010245901639344,benchmark
2018 Q4 selloff,1/N Equal Weight,benchmark,"B (point-in-time, the actual test)",not applicable,2018-09-20,2018-12-24,RBIV.VI,0.0010245901639344,benchmark
2018 Q4 selloff,1/N Equal Weight,benchmark,"B (point-in-time, the actual test)",not applicable,2018-09-20,2018-12-24,HNKG_p.DE,0.0010245901639344,benchmark
2018 Q4 selloff,1/N Equal Weight,benchmark,"B (point-in-time, the actual test)",not applicable,2018-09-20,2018-12-24,FPE3_p.DE,0.0010245901639344,benchmark
2018 Q4 selloff,1/N Equal Weight,benchmark,"B (point-in-time, the actual test)",not applicable,2018-09-20,2018-12-24,LIFCOb.ST,0.0010245901639344,benchmark
2018 Q4 selloff,1/N Equal Weight,benchmark,"B (point-in-time, the actual test)",not applicable,2018-09-20,2018-12-24,ATCOa.ST,0.0010245901639344,benchmark
2018 Q4 selloff,1/N Equal Weight,benchmark,"B (point-in-time, the actual test)",not applicable,2018-09-20,2018-12-24,ERST.VI,0.0010245901639344,benchmark
2018 Q4 selloff,1/N Equal Weight,benchmark,"B (point-in-time, the actual test)",not applicable,2018-09-20,2018-12-24,BCU.MI,0.0010245901639344,benchmark
2018 Q4 selloff,1/N Equal Weight,benchmark,"B (point-in-time, the actual test)",not applicable,2018-09-20,2018-12-24,VALMT.HE,0.0010245901639344,benchmark
2018 Q4 selloff,1/N Equal Weight,benchmark,"B (point-in-time, the actual test)",not applicable,2018-09-20,2018-12-24,ENEI.MI,0.0010245901639344,benchmark
2018 Q4 selloff,1/N Equal Weight,benchmark,"B (point-in-time, the actual test)",not applicable,2018-09-20,2018-12-24,FNTGn.DE,0.0010245901639344,benchmark
2018 Q4 selloff,1/N Equal Weight,benchmark,"B (point-in-time, the actual test)",not applicable,2018-09-20,2018-12-24,INCH.L,0.0010245901639344,benchmark
2018 Q4 selloff,1/N Equal Weight,benchmark,"B (point-in-time, the actual test)",not applicable,2018-09-20,2018-12-24,ORK.OL,0.0010245901639344,benchmark
2018 Q4 selloff,1/N Equal Weight,benchmark,"B (point-in-time, the actual test)",not applicable,2018-09-20,2018-12-24,AKZO.AS,0.0010245901639344,benchmark
2018 Q4 selloff,1/N Equal Weight,benchmark,"B (point-in-time, the actual test)",not applicable,2018-09-20,2018-12-24,SB1NO.OL,0.0010245901639344,benchmark
2018 Q4 selloff,1/N Equal Weight,benchmark,"B (point-in-time, the actual test)",not applicable,2018-09-20,2018-12-24,PZU.WA,0.0010245901639344,benchmark
2018 Q4 selloff,1/N Equal Weight,benchmark,"B (point-in-time, the actual test)",not applicable,2018-09-20,2018-12-24,RWEG.DE,0.0010245901639344,benchmark
2018 Q4 selloff,1/N Equal Weight,benchmark,"B (point-in-time, the actual test)",not applicable,2018-09-20,2018-12-24,KSP.I,0.0010245901639344,benchmark
2018 Q4 selloff,1/N Equal Weight,benchmark,"B (point-in-time, the actual test)",not applicable,2018-09-20,2018-12-24,LATOb.ST,0.0010245901639344,benchmark
2018 Q4 selloff,1/N Equal Weight,benchmark,"B (point-in-time, the actual test)",not applicable,2018-09-20,2018-12-24,SGEF.PA,0.0010245901639344,benchmark
2018 Q4 selloff,1/N Equal Weight,benchmark,"B (point-in-time, the actual test)",not applicable,2018-09-20,2018-12-24,BGN.MI,0.0010245901639344,benchmark
2018 Q4 selloff,1/N Equal Weight,benchmark,"B (point-in-time, the actual test)",not applicable,2018-09-20,2018-12-24,AAK.ST,0.0010245901639344,benchmark
2018 Q4 selloff,1/N Equal Weight,benchmark,"B (point-in-time, the actual test)",not applicable,2018-09-20,2018-12-24,PKN.WA,0.0010245901639344,benchmark
2018 Q4 selloff,1/N Equal Weight,benchmark,"B (point-in-time, the actual test)",not applicable,2018-09-20,2018-12-24,WIHL.ST,0.0010245901639344,benchmark
2018 Q4 selloff,1/N Equal Weight,benchmark,"B (point-in-time, the actual test)",not applicable,2018-09-20,2018-12-24,ENX.PA,0.0010245901639344,benchmark
2018 Q4 selloff,1/N Equal Weight,benchmark,"B (point-in-time, the actual test)",not applicable,2018-09-20,2018-12-24,TW.L,0.0010245901639344,benchmark
2018 Q4 selloff,1/N Equal Weight,benchmark,"B (point-in-time, the actual test)",not applicable,2018-09-20,2018-12-24,ALVG.DE,0.0010245901639344,benchmark
2018 Q4 selloff,1/N Equal Weight,benchmark,"B (point-in-time, the actual test)",not applicable,2018-09-20,2018-12-24,DHLn.DE,0.0010245901639344,benchmark
2018 Q4 selloff,1/N Equal Weight,benchmark,"B (point-in-time, the actual test)",not applicable,2018-09-20,2018-12-24,LHAG.DE,0.0010245901639344,benchmark
2018 Q4 selloff,1/N Equal Weight,benchmark,"B (point-in-time, the actual test)",not applicable,2018-09-20,2018-12-24,PAFR.L,0.0010245901639344,benchmark
2018 Q4 selloff,1/N Equal Weight,benchmark,"B (point-in-time, the actual test)",not applicable,2018-09-20,2018-12-24,LSEG.L,0.0010245901639344,benchmark
2018 Q4 selloff,1/N Equal Weight,benchmark,"B (point-in-time, the actual test)",not applicable,2018-09-20,2018-12-24,TENR.MI,0.0010245901639344,benchmark
2018 Q4 selloff,1/N Equal Weight,benchmark,"B (point-in-time, the actual test)",not applicable,2018-09-20,2018-12-24,PKO.WA,0.0010245901639344,benchmark
2018 Q4 selloff,1/N Equal Weight,benchmark,"B (point-in-time, the actual test)",not applicable,2018-09-20,2018-12-24,DRX.L,0.0010245901639344,benchmark
2018 Q4 selloff,1/N Equal Weight,benchmark,"B (point-in-time, the actual test)",not applicable,2018-09-20,2018-12-24,SMIN.L,0.0010245901639344,benchmark
2018 Q4 selloff,1/N Equal Weight,benchmark,"B (point-in-time, the actual test)",not applicable,2018-09-20,2018-12-24,QIA.DE,0.0010245901639344,benchmark
2018 Q4 selloff,1/N Equal Weight,benchmark,"B (point-in-time, the actual test)",not applicable,2018-09-20,2018-12-24,MT.AS,0.0010245901639344,benchmark
2018 Q4 selloff,1/N Equal Weight,benchmark,"B (point-in-time, the actual test)",not applicable,2018-09-20,2018-12-24,AM.PA,0.0010245901639344,benchmark
2018 Q4 selloff,1/N Equal Weight,benchmark,"B (point-in-time, the actual test)",not applicable,2018-09-20,2018-12-24,RBREW.CO,0.0010245901639344,benchmark
2018 Q4 selloff,1/N Equal Weight,benchmark,"B (point-in-time, the actual test)",not applicable,2018-09-20,2018-12-24,NEXS.PA,0.0010245901639344,benchmark
2018 Q4 selloff,1/N Equal Weight,benchmark,"B (point-in-time, the actual test)",not applicable,2018-09-20,2018-12-24,TKAG.DE,0.0010245901639344,benchmark
2018 Q4 selloff,1/N Equal Weight,benchmark,"B (point-in-time, the actual test)",not applicable,2018-09-20,2018-12-24,BARN.S,0.0010245901639344,benchmark
2018 Q4 selloff,1/N Equal Weight,benchmark,"B (point-in-time, the actual test)",not applicable,2018-09-20,2018-12-24,AENA.MC,0.0010245901639344,benchmark
2018 Q4 selloff,1/N Equal Weight,benchmark,"B (point-in-time, the actual test)",not applicable,2018-09-20,2018-12-24,ITV.L,0.0010245901639344,benchmark
2018 Q4 selloff,1/N Equal Weight,benchmark,"B (point-in-time, the actual test)",not applicable,2018-09-20,2018-12-24,BAMI.MI,0.0010245901639344,benchmark
2018 Q4 selloff,1/N Equal Weight,benchmark,"B (point-in-time, the actual test)",not applicable,2018-09-20,2018-12-24,EZJ.L,0.0010245901639344,benchmark
2018 Q4 selloff,1/N Equal Weight,benchmark,"B (point-in-time, the actual test)",not applicable,2018-09-20,2018-12-24,III.L,0.0010245901639344,benchmark
2018 Q4 selloff,1/N Equal Weight,benchmark,"B (point-in-time, the actual test)",not applicable,2018-09-20,2018-12-24,LUNDb.ST,0.0010245901639344,benchmark
2018 Q4 selloff,1/N Equal Weight,benchmark,"B (point-in-time, the actual test)",not applicable,2018-09-20,2018-12-24,ERICb.ST,0.0010245901639344,benchmark
2018 Q4 selloff,1/N Equal Weight,benchmark,"B (point-in-time, the actual test)",not applicable,2018-09-20,2018-12-24,NEKG.DE,0.0010245901639344,benchmark
2018 Q4 selloff,1/N Equal Weight,benchmark,"B (point-in-time, the actual test)",not applicable,2018-09-20,2018-12-24,MAP.MC,0.0010245901639344,benchmark
2018 Q4 selloff,1/N Equal Weight,benchmark,"B (point-in-time, the actual test)",not applicable,2018-09-20,2018-12-24,CLNX.MC,0.0010245901639344,benchmark
2018 Q4 selloff,1/N Equal Weight,benchmark,"B (point-in-time, the actual test)",not applicable,2018-09-20,2018-12-24,ROPC.S,0.0010245901639344,benchmark
2018 Q4 selloff,1/N Equal Weight,benchmark,"B (point-in-time, the actual test)",not applicable,2018-09-20,2018-12-24,PSON.L,0.0010245901639344,benchmark
2018 Q4 selloff,1/N Equal Weight,benchmark,"B (point-in-time, the actual test)",not applicable,2018-09-20,2018-12-24,IBE.MC,0.0010245901639344,benchmark
2018 Q4 selloff,1/N Equal Weight,benchmark,"B (point-in-time, the actual test)",not applicable,2018-09-20,2018-12-24,SEBa.ST,0.0010245901639344,benchmark
2018 Q4 selloff,1/N Equal Weight,benchmark,"B (point-in-time, the actual test)",not applicable,2018-09-20,2018-12-24,LEGn.DE,0.0010245901639344,benchmark
2018 Q4 selloff,1/N Equal Weight,benchmark,"B (point-in-time, the actual test)",not applicable,2018-09-20,2018-12-24,BMWG.DE,0.0010245901639344,benchmark
2018 Q4 selloff,1/N Equal Weight,benchmark,"B (point-in-time, the actual test)",not applicable,2018-09-20,2018-12-24,SJP.L,0.0010245901639344,benchmark
2018 Q4 selloff,1/N Equal Weight,benchmark,"B (point-in-time, the actual test)",not applicable,2018-09-20,2018-12-24,GAW.L,0.0010245901639344,benchmark
2018 Q4 selloff,1/N Equal Weight,benchmark,"B (point-in-time, the actual test)",not applicable,2018-09-20,2018-12-24,SY1G.DE,0.0010245901639344,benchmark
2018 Q4 selloff,1/N Equal Weight,benchmark,"B (point-in-time, the actual test)",not applicable,2018-09-20,2018-12-24,PNN.L,0.0010245901639344,benchmark
2018 Q4 selloff,1/N Equal Weight,benchmark,"B (point-in-time, the actual test)",not applicable,2018-09-20,2018-12-24,EVOG.ST,0.0010245901639344,benchmark
2018 Q4 selloff,1/N Equal Weight,benchmark,"B (point-in-time, the actual test)",not applicable,2018-09-20,2018-12-24,OMVV.VI,0.0010245901639344,benchmark
2018 Q4 selloff,1/N Equal Weight,benchmark,"B (point-in-time, the actual test)",not applicable,2018-09-20,2018-12-24,NTGY.MC,0.0010245901639344,benchmark
2018 Q4 selloff,1/N Equal Weight,benchmark,"B (point-in-time, the actual test)",not applicable,2018-09-20,2018-12-24,NOVN.S,0.0010245901639344,benchmark
2018 Q4 selloff,1/N Equal Weight,benchmark,"B (point-in-time, the actual test)",not applicable,2018-09-20,2018-12-24,GALP.LS,0.0010245901639344,benchmark
2018 Q4 selloff,1/N Equal Weight,benchmark,"B (point-in-time, the actual test)",not applicable,2018-09-20,2018-12-24,VWS.CO,0.0010245901639344,benchmark
2018 Q4 selloff,1/N Equal Weight,benchmark,"B (point-in-time, the actual test)",not applicable,2018-09-20,2018-12-24,PERP.PA,0.0010245901639344,benchmark
2018 Q4 selloff,1/N Equal Weight,benchmark,"B (point-in-time, the actual test)",not applicable,2018-09-20,2018-12-24,BLND.L,0.0010245901639344,benchmark
2018 Q4 selloff,1/N Equal Weight,benchmark,"B (point-in-time, the actual test)",not applicable,2018-09-20,2018-12-24,MNDI.L,0.0010245901639344,benchmark
2018 Q4 selloff,1/N Equal Weight,benchmark,"B (point-in-time, the actual test)",not applicable,2018-09-20,2018-12-24,BAER.S,0.0010245901639344,benchmark
2018 Q4 selloff,1/N Equal Weight,benchmark,"B (point-in-time, the actual test)",not applicable,2018-09-20,2018-12-24,EUFI.PA,0.0010245901639344,benchmark
2018 Q4 selloff,1/N Equal Weight,benchmark,"B (point-in-time, the actual test)",not applicable,2018-09-20,2018-12-24,PRU.L,0.0010245901639344,benchmark
2018 Q4 selloff,1/N Equal Weight,benchmark,"B (point-in-time, the actual test)",not applicable,2018-09-20,2018-12-24,VERB.VI,0.0010245901639344,benchmark
2018 Q4 selloff,1/N Equal Weight,benchmark,"B (point-in-time, the actual test)",not applicable,2018-09-20,2018-12-24,NDAFI.HE,0.0010245901639344,benchmark
2018 Q4 selloff,1/N Equal Weight,benchmark,"B (point-in-time, the actual test)",not applicable,2018-09-20,2018-12-24,PEO.WA,0.0010245901639344,benchmark
2018 Q4 selloff,1/N Equal Weight,benchmark,"B (point-in-time, the actual test)",not applicable,2018-09-20,2018-12-24,EVKn.DE,0.0010245901639344,benchmark
2018 Q4 selloff,1/N Equal Weight,benchmark,"B (point-in-time, the actual test)",not applicable,2018-09-20,2018-12-24,CMBN.S,0.0010245901639344,benchmark
2018 Q4 selloff,1/N Equal Weight,benchmark,"B (point-in-time, the actual test)",not applicable,2018-09-20,2018-12-24,ACCP.PA,0.0010245901639344,benchmark
2018 Q4 selloff,1/N Equal Weight,benchmark,"B (point-in-time, the actual test)",not applicable,2018-09-20,2018-12-24,ORNBV.HE,0.0010245901639344,benchmark
2018 Q4 selloff,1/N Equal Weight,benchmark,"B (point-in-time, the actual test)",not applicable,2018-09-20,2018-12-24,BBOXT.L,0.0010245901639344,benchmark
2018 Q4 selloff,1/N Equal Weight,benchmark,"B (point-in-time, the actual test)",not applicable,2018-09-20,2018-12-24,SUBC.OL,0.0010245901639344,benchmark
2018 Q4 selloff,1/N Equal Weight,benchmark,"B (point-in-time, the actual test)",not applicable,2018-09-20,2018-12-24,SBMO.AS,0.0010245901639344,benchmark
2018 Q4 selloff,1/N Equal Weight,benchmark,"B (point-in-time, the actual test)",not applicable,2018-09-20,2018-12-24,ADDTb.ST,0.0010245901639344,benchmark
2018 Q4 selloff,1/N Equal Weight,benchmark,"B (point-in-time, the actual test)",not applicable,2018-09-20,2018-12-24,AKE.PA,0.0010245901639344,benchmark
2018 Q4 selloff,1/N Equal Weight,benchmark,"B (point-in-time, the actual test)",not applicable,2018-09-20,2018-12-24,WRT1V.HE,0.0010245901639344,benchmark
2018 Q4 selloff,1/N Equal Weight,benchmark,"B (point-in-time, the actual test)",not applicable,2018-09-20,2018-12-24,EBP.WA,0.0010245901639344,benchmark
2018 Q4 selloff,1/N Equal Weight,benchmark,"B (point-in-time, the actual test)",not applicable,2018-09-20,2018-12-24,GRLS.MC,0.0010245901639344,benchmark
2018 Q4 selloff,1/N Equal Weight,benchmark,"B (point-in-time, the actual test)",not applicable,2018-09-20,2018-12-24,FRAG.DE,0.0010245901639344,benchmark
2018 Q4 selloff,1/N Equal Weight,benchmark,"B (point-in-time, the actual test)",not applicable,2018-09-20,2018-12-24,FREG.DE,0.0010245901639344,benchmark
2018 Q4 selloff,1/N Equal Weight,benchmark,"B (point-in-time, the actual test)",not applicable,2018-09-20,2018-12-24,EDP.LS,0.0010245901639344,benchmark
2018 Q4 selloff,1/N Equal Weight,benchmark,"B (point-in-time, the actual test)",not applicable,2018-09-20,2018-12-24,TRYG.CO,0.0010245901639344,benchmark
2018 Q4 selloff,1/N Equal Weight,benchmark,"B (point-in-time, the actual test)",not applicable,2018-09-20,2018-12-24,NOVOb.CO,0.0010245901639344,benchmark
2018 Q4 selloff,1/N Equal Weight,benchmark,"B (point-in-time, the actual test)",not applicable,2018-09-20,2018-12-24,DPLM.L,0.0010245901639344,benchmark
2018 Q4 selloff,1/N Equal Weight,benchmark,"B (point-in-time, the actual test)",not applicable,2018-09-20,2018-12-24,BAVA.CO,0.0010245901639344,benchmark
2018 Q4 selloff,1/N Equal Weight,benchmark,"B (point-in-time, the actual test)",not applicable,2018-09-20,2018-12-24,AOO.BR,0.0010245901639344,benchmark
2018 Q4 selloff,1/N Equal Weight,benchmark,"B (point-in-time, the actual test)",not applicable,2018-09-20,2018-12-24,IGG.L,0.0010245901639344,benchmark
2018 Q4 selloff,1/N Equal Weight,benchmark,"B (point-in-time, the actual test)",not applicable,2018-09-20,2018-12-24,AD.AS,0.0010245901639344,benchmark
2018 Q4 selloff,1/N Equal Weight,benchmark,"B (point-in-time, the actual test)",not applicable,2018-09-20,2018-12-24,TLIT.MI,0.0010245901639344,benchmark
2018 Q4 selloff,1/N Equal Weight,benchmark,"B (point-in-time, the actual test)",not applicable,2018-09-20,2018-12-24,AMBUb.CO,0.0010245901639344,benchmark
2018 Q4 selloff,1/N Equal Weight,benchmark,"B (point-in-time, the actual test)",not applicable,2018-09-20,2018-12-24,HIK.L,0.0010245901639344,benchmark
2018 Q4 selloff,1/N Equal Weight,benchmark,"B (point-in-time, the actual test)",not applicable,2018-09-20,2018-12-24,CAPP.PA,0.0010245901639344,benchmark
2018 Q4 selloff,1/N Equal Weight,benchmark,"B (point-in-time, the actual test)",not applicable,2018-09-20,2018-12-24,BGEO.L,0.0010245901639344,benchmark
2018 Q4 selloff,1/N Equal Weight,benchmark,"B (point-in-time, the actual test)",not applicable,2018-09-20,2018-12-24,BIRG.I,0.0010245901639344,benchmark
2018 Q4 selloff,1/N Equal Weight,benchmark,"B (point-in-time, the actual test)",not applicable,2018-09-20,2018-12-24,DCC.L,0.0010245901639344,benchmark
2018 Q4 selloff,1/N Equal Weight,benchmark,"B (point-in-time, the actual test)",not applicable,2018-09-20,2018-12-24,KNEBV.HE,0.0010245901639344,benchmark
2018 Q4 selloff,1/N Equal Weight,benchmark,"B (point-in-time, the actual test)",not applicable,2018-09-20,2018-12-24,DLN.L,0.0010245901639344,benchmark
2018 Q4 selloff,1/N Equal Weight,benchmark,"B (point-in-time, the actual test)",not applicable,2018-09-20,2018-12-24,WTB.L,0.0010245901639344,benchmark
2018 Q4 selloff,1/N Equal Weight,benchmark,"B (point-in-time, the actual test)",not applicable,2018-09-20,2018-12-24,GL9.I,0.0010245901639344,benchmark
2018 Q4 selloff,1/N Equal Weight,benchmark,"B (point-in-time, the actual test)",not applicable,2018-09-20,2018-12-24,NN.AS,0.0010245901639344,benchmark
2018 Q4 selloff,1/N Equal Weight,benchmark,"B (point-in-time, the actual test)",not applicable,2018-09-20,2018-12-24,ROCKb.CO,0.0010245901639344,benchmark
2018 Q4 selloff,1/N Equal Weight,benchmark,"B (point-in-time, the actual test)",not applicable,2018-09-20,2018-12-24,UPM.HE,0.0010245901639344,benchmark
2018 Q4 selloff,1/N Equal Weight,benchmark,"B (point-in-time, the actual test)",not applicable,2018-09-20,2018-12-24,BKT.MC,0.0010245901639344,benchmark
2018 Q4 selloff,1/N Equal Weight,benchmark,"B (point-in-time, the actual test)",not applicable,2018-09-20,2018-12-24,AKRBP.OL,0.0010245901639344,benchmark
2018 Q4 selloff,1/N Equal Weight,benchmark,"B (point-in-time, the actual test)",not applicable,2018-09-20,2018-12-24,MONC.MI,0.0010245901639344,benchmark
2018 Q4 selloff,1/N Equal Weight,benchmark,"B (point-in-time, the actual test)",not applicable,2018-09-20,2018-12-24,ADEN.S,0.0010245901639344,benchmark
2018 Q4 selloff,1/N Equal Weight,benchmark,"B (point-in-time, the actual test)",not applicable,2018-09-20,2018-12-24,EONGn.DE,0.0010245901639344,benchmark
2018 Q4 selloff,1/N Equal Weight,benchmark,"B (point-in-time, the actual test)",not applicable,2018-09-20,2018-12-24,LISP.S,0.0010245901639344,benchmark
2018 Q4 selloff,1/N Equal Weight,benchmark,"B (point-in-time, the actual test)",not applicable,2018-09-20,2018-12-24,WEIR.L,0.0010245901639344,benchmark
2018 Q4 selloff,1/N Equal Weight,benchmark,"B (point-in-time, the actual test)",not applicable,2018-09-20,2018-12-24,ACKB.BR,0.0010245901639344,benchmark
2018 Q4 selloff,1/N Equal Weight,benchmark,"B (point-in-time, the actual test)",not applicable,2018-09-20,2018-12-24,VNAn.DE,0.0010245901639344,benchmark
2018 Q4 selloff,1/N Equal Weight,benchmark,"B (point-in-time, the actual test)",not applicable,2018-09-20,2018-12-24,MTO.L,0.0010245901639344,benchmark
2018 Q4 selloff,1/N Equal Weight,benchmark,"B (point-in-time, the actual test)",not applicable,2018-09-20,2018-12-24,EDEN.PA,0.0010245901639344,benchmark
2018 Q4 selloff,1/N Equal Weight,benchmark,"B (point-in-time, the actual test)",not applicable,2018-09-20,2018-12-24,HOTG.DE,0.0010245901639344,benchmark
2018 Q4 selloff,1/N Equal Weight,benchmark,"B (point-in-time, the actual test)",not applicable,2018-09-20,2018-12-24,BAES.L,0.0010245901639344,benchmark
2018 Q4 selloff,1/N Equal Weight,benchmark,"B (point-in-time, the actual test)",not applicable,2018-09-20,2018-12-24,ENAG.MC,0.0010245901639344,benchmark
2018 Q4 selloff,1/N Equal Weight,benchmark,"B (point-in-time, the actual test)",not applicable,2018-09-20,2018-12-24,VEND.OL,0.0010245901639344,benchmark
2018 Q4 selloff,1/N Equal Weight,benchmark,"B (point-in-time, the actual test)",not applicable,2018-09-20,2018-12-24,BIOX.PA,0.0010245901639344,benchmark
2018 Q4 selloff,1/N Equal Weight,benchmark,"B (point-in-time, the actual test)",not applicable,2018-09-20,2018-12-24,NKT.CO,0.0010245901639344,benchmark
2018 Q4 selloff,1/N Equal Weight,benchmark,"B (point-in-time, the actual test)",not applicable,2018-09-20,2018-12-24,SDR.L,0.0010245901639344,benchmark
2018 Q4 selloff,1/N Equal Weight,benchmark,"B (point-in-time, the actual test)",not applicable,2018-09-20,2018-12-24,TRELb.ST,0.0010245901639344,benchmark
2018 Q4 selloff,1/N Equal Weight,benchmark,"B (point-in-time, the actual test)",not applicable,2018-09-20,2018-12-24,BWY.L,0.0010245901639344,benchmark
2018 Q4 selloff,1/N Equal Weight,benchmark,"B (point-in-time, the actual test)",not applicable,2018-09-20,2018-12-24,INGA.AS,0.0010245901639344,benchmark
2018 Q4 selloff,1/N Equal Weight,benchmark,"B (point-in-time, the actual test)",not applicable,2018-09-20,2018-12-24,BAKKA.OL,0.0010245901639344,benchmark
2018 Q4 selloff,1/N Equal Weight,benchmark,"B (point-in-time, the actual test)",not applicable,2018-09-20,2018-12-24,HRA.MI,0.0010245901639344,benchmark
2018 Q4 selloff,1/N Equal Weight,benchmark,"B (point-in-time, the actual test)",not applicable,2018-09-20,2018-12-24,BCVN.S,0.0010245901639344,benchmark
2018 Q4 selloff,1/N Equal Weight,benchmark,"B (point-in-time, the actual test)",not applicable,2018-09-20,2018-12-24,STB.OL,0.0010245901639344,benchmark
2018 Q4 selloff,1/N Equal Weight,benchmark,"B (point-in-time, the actual test)",not applicable,2018-09-20,2018-12-24,BOUY.PA,0.0010245901639344,benchmark
2018 Q4 selloff,1/N Equal Weight,benchmark,"B (point-in-time, the actual test)",not applicable,2018-09-20,2018-12-24,AXAF.PA,0.0010245901639344,benchmark
2018 Q4 selloff,1/N Equal Weight,benchmark,"B (point-in-time, the actual test)",not applicable,2018-09-20,2018-12-24,TEGG.DE,0.0010245901639344,benchmark
2018 Q4 selloff,1/N Equal Weight,benchmark,"B (point-in-time, the actual test)",not applicable,2018-09-20,2018-12-24,GASI.MI,0.0010245901639344,benchmark
2018 Q4 selloff,1/N Equal Weight,benchmark,"B (point-in-time, the actual test)",not applicable,2018-09-20,2018-12-24,UU.L,0.0010245901639344,benchmark
2018 Q4 selloff,1/N Equal Weight,benchmark,"B (point-in-time, the actual test)",not applicable,2018-09-20,2018-12-24,ACPP.WA,0.0010245901639344,benchmark
2018 Q4 selloff,1/N Equal Weight,benchmark,"B (point-in-time, the actual test)",not applicable,2018-09-20,2018-12-24,MWDP.PA,0.0010245901639344,benchmark
2018 Q4 selloff,1/N Equal Weight,benchmark,"B (point-in-time, the actual test)",not applicable,2018-09-20,2018-12-24,A2.MI,0.0010245901639344,benchmark
2018 Q4 selloff,1/N Equal Weight,benchmark,"B (point-in-time, the actual test)",not applicable,2018-09-20,2018-12-24,ZELA.CO,0.0010245901639344,benchmark
2018 Q4 selloff,1/N Equal Weight,benchmark,"B (point-in-time, the actual test)",not applicable,2018-09-20,2018-12-24,REDE.MC,0.0010245901639344,benchmark
2018 Q4 selloff,1/N Equal Weight,benchmark,"B (point-in-time, the actual test)",not applicable,2018-09-20,2018-12-24,TEPRF.PA,0.0010245901639344,benchmark
2018 Q4 selloff,1/N Equal Weight,benchmark,"B (point-in-time, the actual test)",not applicable,2018-09-20,2018-12-24,STMMI.MI,0.0010245901639344,benchmark
2018 Q4 selloff,1/N Equal Weight,benchmark,"B (point-in-time, the actual test)",not applicable,2018-09-20,2018-12-24,EQNR.OL,0.0010245901639344,benchmark
2018 Q4 selloff,1/N Equal Weight,benchmark,"B (point-in-time, the actual test)",not applicable,2018-09-20,2018-12-24,VLOF.PA,0.0010245901639344,benchmark
2018 Q4 selloff,1/N Equal Weight,benchmark,"B (point-in-time, the actual test)",not applicable,2018-09-20,2018-12-24,ALKb.CO,0.0010245901639344,benchmark
2018 Q4 selloff,1/N Equal Weight,benchmark,"B (point-in-time, the actual test)",not applicable,2018-09-20,2018-12-24,SECUb.ST,0.0010245901639344,benchmark
2018 Q4 selloff,1/N Equal Weight,benchmark,"B (point-in-time, the actual test)",not applicable,2018-09-20,2018-12-24,EMG.L,0.0010245901639344,benchmark
2018 Q4 selloff,1/N Equal Weight,benchmark,"B (point-in-time, the actual test)",not applicable,2018-09-20,2018-12-24,EXHO.PA,0.0010245901639344,benchmark
2018 Q4 selloff,1/N Equal Weight,benchmark,"B (point-in-time, the actual test)",not applicable,2018-09-20,2018-12-24,SSABb.ST,0.0010245901639344,benchmark
2018 Q4 selloff,1/N Equal Weight,benchmark,"B (point-in-time, the actual test)",not applicable,2018-09-20,2018-12-24,AZN.L,0.0010245901639344,benchmark
2018 Q4 selloff,1/N Equal Weight,benchmark,"B (point-in-time, the actual test)",not applicable,2018-09-20,2018-12-24,BKGH.L,0.0010245901639344,benchmark
2018 Q4 selloff,1/N Equal Weight,benchmark,"B (point-in-time, the actual test)",not applicable,2018-09-20,2018-12-24,ICGIN.L,0.0010245901639344,benchmark
2018 Q4 selloff,1/N Equal Weight,benchmark,"B (point-in-time, the actual test)",not applicable,2018-09-20,2018-12-24,AUTOA.L,0.0010245901639344,benchmark
2018 Q4 selloff,1/N Equal Weight,benchmark,"B (point-in-time, the actual test)",not applicable,2018-09-20,2018-12-24,RMV.L,0.0010245901639344,benchmark
2018 Q4 selloff,1/N Equal Weight,benchmark,"B (point-in-time, the actual test)",not applicable,2018-09-20,2018-12-24,VZN.S,0.0010245901639344,benchmark
2018 Q4 selloff,1/N Equal Weight,benchmark,"B (point-in-time, the actual test)",not applicable,2018-09-20,2018-12-24,IETB.BR,0.0010245901639344,benchmark
2018 Q4 selloff,1/N Equal Weight,benchmark,"B (point-in-time, the actual test)",not applicable,2018-09-20,2018-12-24,IMCD.AS,0.0010245901639344,benchmark
2018 Q4 selloff,1/N Equal Weight,benchmark,"B (point-in-time, the actual test)",not applicable,2018-09-20,2018-12-24,SWEDa.ST,0.0010245901639344,benchmark
2018 Q4 selloff,1/N Equal Weight,benchmark,"B (point-in-time, the actual test)",not applicable,2018-09-20,2018-12-24,SCHN.PA,0.0010245901639344,benchmark
2018 Q4 selloff,1/N Equal Weight,benchmark,"B (point-in-time, the actual test)",not applicable,2018-09-20,2018-12-24,KPN.AS,0.0010245901639344,benchmark
2018 Q4 selloff,1/N Equal Weight,benchmark,"B (point-in-time, the actual test)",not applicable,2018-09-20,2018-12-24,WBSV.VI,0.0010245901639344,benchmark
2018 Q4 selloff,1/N Equal Weight,benchmark,"B (point-in-time, the actual test)",not applicable,2018-09-20,2018-12-24,TEL2b.ST,0.0010245901639344,benchmark
2018 Q4 selloff,1/N Equal Weight,benchmark,"B (point-in-time, the actual test)",not applicable,2018-09-20,2018-12-24,WLSNc.AS,0.0010245901639344,benchmark
2018 Q4 selloff,1/N Equal Weight,benchmark,"B (point-in-time, the actual test)",not applicable,2018-09-20,2018-12-24,BP.L,0.0010245901639344,benchmark
2018 Q4 selloff,1/N Equal Weight,benchmark,"B (point-in-time, the actual test)",not applicable,2018-09-20,2018-12-24,LLOY.L,0.0010245901639344,benchmark
2018 Q4 selloff,1/N Equal Weight,benchmark,"B (point-in-time, the actual test)",not applicable,2018-09-20,2018-12-24,ARDS.AS,0.0010245901639344,benchmark
2018 Q4 selloff,1/N Equal Weight,benchmark,"B (point-in-time, the actual test)",not applicable,2018-09-20,2018-12-24,SFSN.S,0.0010245901639344,benchmark
2018 Q4 selloff,1/N Equal Weight,benchmark,"B (point-in-time, the actual test)",not applicable,2018-09-20,2018-12-24,CCH.L,0.0010245901639344,benchmark
2018 Q4 selloff,1/N Equal Weight,benchmark,"B (point-in-time, the actual test)",not applicable,2018-09-20,2018-12-24,MOWI.OL,0.0010245901639344,benchmark
2018 Q4 selloff,1/N Equal Weight,benchmark,"B (point-in-time, the actual test)",not applicable,2018-09-20,2018-12-24,SAN.MC,0.0010245901639344,benchmark
2018 Q4 selloff,1/N Equal Weight,benchmark,"B (point-in-time, the actual test)",not applicable,2018-09-20,2018-12-24,HLMA.L,0.0010245901639344,benchmark
2018 Q4 selloff,1/N Equal Weight,benchmark,"B (point-in-time, the actual test)",not applicable,2018-09-20,2018-12-24,SIEGn.DE,0.0010245901639344,benchmark
2018 Q4 selloff,1/N Equal Weight,benchmark,"B (point-in-time, the actual test)",not applicable,2018-09-20,2018-12-24,THULE.ST,0.0010245901639344,benchmark
2018 Q4 selloff,1/N Equal Weight,benchmark,"B (point-in-time, the actual test)",not applicable,2018-09-20,2018-12-24,KEMIRA.HE,0.0010245901639344,benchmark
2018 Q4 selloff,1/N Equal Weight,benchmark,"B (point-in-time, the actual test)",not applicable,2018-09-20,2018-12-24,HUH1V.HE,0.0010245901639344,benchmark
2018 Q4 selloff,1/N Equal Weight,benchmark,"B (point-in-time, the actual test)",not applicable,2018-09-20,2018-12-24,ABBN.S,0.0010245901639344,benchmark
2018 Q4 selloff,1/N Equal Weight,benchmark,"B (point-in-time, the actual test)",not applicable,2018-09-20,2018-12-24,UNPI.MI,0.0010245901639344,benchmark
2018 Q4 selloff,1/N Equal Weight,benchmark,"B (point-in-time, the actual test)",not applicable,2018-09-20,2018-12-24,RS1R.L,0.0010245901639344,benchmark
2018 Q4 selloff,1/N Equal Weight,benchmark,"B (point-in-time, the actual test)",not applicable,2018-09-20,2018-12-24,BC8G.DE,0.0010245901639344,benchmark
2018 Q4 selloff,1/N Equal Weight,benchmark,"B (point-in-time, the actual test)",not applicable,2018-09-20,2018-12-24,RHMG.DE,0.0010245901639344,benchmark
2018 Q4 selloff,1/N Equal Weight,benchmark,"B (point-in-time, the actual test)",not applicable,2018-09-20,2018-12-24,AIRP.PA,0.0010245901639344,benchmark
2018 Q4 selloff,1/N Equal Weight,benchmark,"B (point-in-time, the actual test)",not applicable,2018-09-20,2018-12-24,GETP.PA,0.0010245901639344,benchmark
2018 Q4 selloff,1/N Equal Weight,benchmark,"B (point-in-time, the actual test)",not applicable,2018-09-20,2018-12-24,HEIO.AS,0.0010245901639344,benchmark
2018 Q4 selloff,1/N Equal Weight,benchmark,"B (point-in-time, the actual test)",not applicable,2018-09-20,2018-12-24,ROR.L,0.0010245901639344,benchmark
2018 Q4 selloff,1/N Equal Weight,benchmark,"B (point-in-time, the actual test)",not applicable,2018-09-20,2018-12-24,FHZN.S,0.0010245901639344,benchmark
2018 Q4 selloff,1/N Equal Weight,benchmark,"B (point-in-time, the actual test)",not applicable,2018-09-20,2018-12-24,DTEGn.DE,0.0010245901639344,benchmark
2018 Q4 selloff,1/N Equal Weight,benchmark,"B (point-in-time, the actual test)",not applicable,2018-09-20,2018-12-24,STAN.L,0.0010245901639344,benchmark
2018 Q4 selloff,1/N Equal Weight,benchmark,"B (point-in-time, the actual test)",not applicable,2018-09-20,2018-12-24,RR.L,0.0010245901639344,benchmark
2018 Q4 selloff,1/N Equal Weight,benchmark,"B (point-in-time, the actual test)",not applicable,2018-09-20,2018-12-24,ADSGn.DE,0.0010245901639344,benchmark
2018 Q4 selloff,1/N Equal Weight,benchmark,"B (point-in-time, the actual test)",not applicable,2018-09-20,2018-12-24,MYCR.ST,0.0010245901639344,benchmark
2018 Q4 selloff,1/N Equal Weight,benchmark,"B (point-in-time, the actual test)",not applicable,2018-09-20,2018-12-24,SASY.PA,0.0010245901639344,benchmark
2018 Q4 selloff,1/N Equal Weight,benchmark,"B (point-in-time, the actual test)",not applicable,2018-09-20,2018-12-24,FOUG.PA,0.0010245901639344,benchmark
2018 Q4 selloff,1/N Equal Weight,benchmark,"B (point-in-time, the actual test)",not applicable,2018-09-20,2018-12-24,UBSG.S,0.0010245901639344,benchmark
2018 Q4 selloff,1/N Equal Weight,benchmark,"B (point-in-time, the actual test)",not applicable,2018-09-20,2018-12-24,STLAM.MI,0.0010245901639344,benchmark
2018 Q4 selloff,1/N Equal Weight,benchmark,"B (point-in-time, the actual test)",not applicable,2018-09-20,2018-12-24,RAND.AS,0.0010245901639344,benchmark
2018 Q4 selloff,1/N Equal Weight,benchmark,"B (point-in-time, the actual test)",not applicable,2018-09-20,2018-12-24,NOD.OL,0.0010245901639344,benchmark
2018 Q4 selloff,1/N Equal Weight,benchmark,"B (point-in-time, the actual test)",not applicable,2018-09-20,2018-12-24,MKS.L,0.0010245901639344,benchmark
2018 Q4 selloff,1/N Equal Weight,benchmark,"B (point-in-time, the actual test)",not applicable,2018-09-20,2018-12-24,JMAT.L,0.0010245901639344,benchmark
2018 Q4 selloff,1/N Equal Weight,benchmark,"B (point-in-time, the actual test)",not applicable,2018-09-20,2018-12-24,ENT.L,0.0010245901639344,benchmark
2018 Q4 selloff,1/N Equal Weight,benchmark,"B (point-in-time, the actual test)",not applicable,2018-09-20,2018-12-24,PSPN.S,0.0010245901639344,benchmark
2018 Q4 selloff,1/N Equal Weight,benchmark,"B (point-in-time, the actual test)",not applicable,2018-09-20,2018-12-24,UTG.L,0.0010245901639344,benchmark
2018 Q4 selloff,1/N Equal Weight,benchmark,"B (point-in-time, the actual test)",not applicable,2018-09-20,2018-12-24,SABE.MC,0.0010245901639344,benchmark
2018 Q4 selloff,1/N Equal Weight,benchmark,"B (point-in-time, the actual test)",not applicable,2018-09-20,2018-12-24,IFXGn.DE,0.0010245901639344,benchmark
2018 Q4 selloff,1/N Equal Weight,benchmark,"B (point-in-time, the actual test)",not applicable,2018-09-20,2018-12-24,CAGR.PA,0.0010245901639344,benchmark
2018 Q4 selloff,1/N Equal Weight,benchmark,"B (point-in-time, the actual test)",not applicable,2018-09-20,2018-12-24,TELIA.ST,0.0010245901639344,benchmark
2018 Q4 selloff,1/N Equal Weight,benchmark,"B (point-in-time, the actual test)",not applicable,2018-09-20,2018-12-24,PRTP.PA,0.0010245901639344,benchmark
2018 Q4 selloff,1/N Equal Weight,benchmark,"B (point-in-time, the actual test)",not applicable,2018-09-20,2018-12-24,RECI.MI,0.0010245901639344,benchmark
2018 Q4 selloff,1/N Equal Weight,benchmark,"B (point-in-time, the actual test)",not applicable,2018-09-20,2018-12-24,BATS.L,0.0010245901639344,benchmark
2018 Q4 selloff,1/N Equal Weight,benchmark,"B (point-in-time, the actual test)",not applicable,2018-09-20,2018-12-24,SDFGn.DE,0.0010245901639344,benchmark
2018 Q4 selloff,1/N Equal Weight,benchmark,"B (point-in-time, the actual test)",not applicable,2018-09-20,2018-12-24,ANA.MC,0.0010245901639344,benchmark
2018 Q4 selloff,1/N Equal Weight,benchmark,"B (point-in-time, the actual test)",not applicable,2018-09-20,2018-12-24,ASSAb.ST,0.0010245901639344,benchmark
2018 Q4 selloff,1/N Equal Weight,benchmark,"B (point-in-time, the actual test)",not applicable,2018-09-20,2018-12-24,ITRK.L,0.0010245901639344,benchmark
2018 Q4 selloff,1/N Equal Weight,benchmark,"B (point-in-time, the actual test)",not applicable,2018-09-20,2018-12-24,NIBEb.ST,0.0010245901639344,benchmark
2018 Q4 selloff,1/N Equal Weight,benchmark,"B (point-in-time, the actual test)",not applicable,2018-09-20,2018-12-24,HBANC.S,0.0010245901639344,benchmark
2018 Q4 selloff,1/N Equal Weight,benchmark,"B (point-in-time, the actual test)",not applicable,2018-09-20,2018-12-24,FRO.OL,0.0010245901639344,benchmark
2018 Q4 selloff,1/N Equal Weight,benchmark,"B (point-in-time, the actual test)",not applicable,2018-09-20,2018-12-24,SCOR.PA,0.0010245901639344,benchmark
2018 Q4 selloff,1/N Equal Weight,benchmark,"B (point-in-time, the actual test)",not applicable,2018-09-20,2018-12-24,BALF.L,0.0010245901639344,benchmark
2018 Q4 selloff,1/N Equal Weight,benchmark,"B (point-in-time, the actual test)",not applicable,2018-09-20,2018-12-24,JMT.LS,0.0010245901639344,benchmark
2018 Q4 selloff,1/N Equal Weight,benchmark,"B (point-in-time, the actual test)",not applicable,2018-09-20,2018-12-24,SUN.S,0.0010245901639344,benchmark
2018 Q4 selloff,1/N Equal Weight,benchmark,"B (point-in-time, the actual test)",not applicable,2018-09-20,2018-12-24,KCRA.HE,0.0010245901639344,benchmark
2018 Q4 selloff,1/N Equal Weight,benchmark,"B (point-in-time, the actual test)",not applicable,2018-09-20,2018-12-24,KOG.OL,0.0010245901639344,benchmark
2018 Q4 selloff,1/N Equal Weight,benchmark,"B (point-in-time, the actual test)",not applicable,2018-09-20,2018-12-24,ALLN.S,0.0010245901639344,benchmark
2018 Q4 selloff,1/N Equal Weight,benchmark,"B (point-in-time, the actual test)",not applicable,2018-09-20,2018-12-24,ELI.BR,0.0010245901639344,benchmark
2018 Q4 selloff,1/N Equal Weight,benchmark,"B (point-in-time, the actual test)",not applicable,2018-09-20,2018-12-24,HNRGn.DE,0.0010245901639344,benchmark
2018 Q4 selloff,1/N Equal Weight,benchmark,"B (point-in-time, the actual test)",not applicable,2018-09-20,2018-12-24,CNA.L,0.0010245901639344,benchmark
2018 Q4 selloff,1/N Equal Weight,benchmark,"B (point-in-time, the actual test)",not applicable,2018-09-20,2018-12-24,DSV.CO,0.0010245901639344,benchmark
2018 Q4 selloff,1/N Equal Weight,benchmark,"B (point-in-time, the actual test)",not applicable,2018-09-20,2018-12-24,DB1Gn.DE,0.0010245901639344,benchmark
2018 Q4 selloff,1/N Equal Weight,benchmark,"B (point-in-time, the actual test)",not applicable,2018-09-20,2018-12-24,BVI.PA,0.0010245901639344,benchmark
2018 Q4 selloff,1/N Equal Weight,benchmark,"B (point-in-time, the actual test)",not applicable,2018-09-20,2018-12-24,TTEF.PA,0.0010245901639344,benchmark
2018 Q4 selloff,1/N Equal Weight,benchmark,"B (point-in-time, the actual test)",not applicable,2018-09-20,2018-12-24,MBGn.DE,0.0010245901639344,benchmark
2018 Q4 selloff,1/N Equal Weight,benchmark,"B (point-in-time, the actual test)",not applicable,2018-09-20,2018-12-24,FBK.MI,0.0010245901639344,benchmark
2018 Q4 selloff,1/N Equal Weight,benchmark,"B (point-in-time, the actual test)",not applicable,2018-09-20,2018-12-24,SAGAb.ST,0.0010245901639344,benchmark
2018 Q4 selloff,1/N Equal Weight,benchmark,"B (point-in-time, the actual test)",not applicable,2018-09-20,2018-12-24,MTXGn.DE,0.0010245901639344,benchmark
2018 Q4 selloff,1/N Equal Weight,benchmark,"B (point-in-time, the actual test)",not applicable,2018-09-20,2018-12-24,ALSYDB.CO,0.0010245901639344,benchmark
2018 Q4 selloff,1/N Equal Weight,benchmark,"B (point-in-time, the actual test)",not applicable,2018-09-20,2018-12-24,SBNOR.OL,0.0010245901639344,benchmark
2018 Q4 selloff,1/N Equal Weight,benchmark,"B (point-in-time, the actual test)",not applicable,2018-09-20,2018-12-24,SOGN.PA,0.0010245901639344,benchmark
2018 Q4 selloff,1/N Equal Weight,benchmark,"B (point-in-time, the actual test)",not applicable,2018-09-20,2018-12-24,DBKGn.DE,0.0010245901639344,benchmark
2018 Q4 selloff,1/N Equal Weight,benchmark,"B (point-in-time, the actual test)",not applicable,2018-09-20,2018-12-24,NWG.L,0.0010245901639344,benchmark
2018 Q4 selloff,1/N Equal Weight,benchmark,"B (point-in-time, the actual test)",not applicable,2018-09-20,2018-12-24,SAND.ST,0.0010245901639344,benchmark
2018 Q4 selloff,1/N Equal Weight,benchmark,"B (point-in-time, the actual test)",not applicable,2018-09-20,2018-12-24,NDXG.DE,0.0010245901639344,benchmark
2018 Q4 selloff,1/N Equal Weight,benchmark,"B (point-in-time, the actual test)",not applicable,2018-09-20,2018-12-24,INWT.MI,0.0010245901639344,benchmark
2018 Q4 selloff,1/N Equal Weight,benchmark,"B (point-in-time, the actual test)",not applicable,2018-09-20,2018-12-24,SRENH.S,0.0010245901639344,benchmark
2018 Q4 selloff,1/N Equal Weight,benchmark,"B (point-in-time, the actual test)",not applicable,2018-09-20,2018-12-24,RILBA.CO,0.0010245901639344,benchmark
2018 Q4 selloff,1/N Equal Weight,benchmark,"B (point-in-time, the actual test)",not applicable,2018-09-20,2018-12-24,JYSK.CO,0.0010245901639344,benchmark
2018 Q4 selloff,1/N Equal Weight,benchmark,"B (point-in-time, the actual test)",not applicable,2018-09-20,2018-12-24,LOTB.BR,0.0010245901639344,benchmark
2018 Q4 selloff,1/N Equal Weight,benchmark,"B (point-in-time, the actual test)",not applicable,2018-09-20,2018-12-24,AALB.AS,0.0010245901639344,benchmark
2018 Q4 selloff,1/N Equal Weight,benchmark,"B (point-in-time, the actual test)",not applicable,2018-09-20,2018-12-24,NOKIA.HE,0.0010245901639344,benchmark
2018 Q4 selloff,1/N Equal Weight,benchmark,"B (point-in-time, the actual test)",not applicable,2018-09-20,2018-12-24,BNRGn.DE,0.0010245901639344,benchmark
2018 Q4 selloff,1/N Equal Weight,benchmark,"B (point-in-time, the actual test)",not applicable,2018-09-20,2018-12-24,AMA.MC,0.0010245901639344,benchmark
2018 Q4 selloff,1/N Equal Weight,benchmark,"B (point-in-time, the actual test)",not applicable,2018-09-20,2018-12-24,BZU.MI,0.0010245901639344,benchmark
2018 Q4 selloff,1/N Equal Weight,benchmark,"B (point-in-time, the actual test)",not applicable,2018-09-20,2018-12-24,BEZG.L,0.0010245901639344,benchmark
2018 Q4 selloff,1/N Equal Weight,benchmark,"B (point-in-time, the actual test)",not applicable,2018-09-20,2018-12-24,AAL.L,0.0010245901639344,benchmark
2018 Q4 selloff,1/N Equal Weight,benchmark,"B (point-in-time, the actual test)",not applicable,2018-09-20,2018-12-24,BOLL.PA,0.0010245901639344,benchmark
2018 Q4 selloff,1/N Equal Weight,benchmark,"B (point-in-time, the actual test)",not applicable,2018-09-20,2018-12-24,AVANZ.ST,0.0010245901639344,benchmark
2018 Q4 selloff,1/N Equal Weight,benchmark,"B (point-in-time, the actual test)",not applicable,2018-09-20,2018-12-24,RTO.L,0.0010245901639344,benchmark
2018 Q4 selloff,1/N Equal Weight,benchmark,"B (point-in-time, the actual test)",not applicable,2018-09-20,2018-12-24,ABVX.PA,0.0010245901639344,benchmark
2018 Q4 selloff,1/N Equal Weight,benchmark,"B (point-in-time, the actual test)",not applicable,2018-09-20,2018-12-24,BYG.L,0.0010245901639344,benchmark
2018 Q4 selloff,1/N Equal Weight,benchmark,"B (point-in-time, the actual test)",not applicable,2018-09-20,2018-12-24,NSISb.CO,0.0010245901639344,benchmark
2018 Q4 selloff,1/N Equal Weight,benchmark,"B (point-in-time, the actual test)",not applicable,2018-09-20,2018-12-24,ANTO.L,0.0010245901639344,benchmark
2018 Q4 selloff,1/N Equal Weight,benchmark,"B (point-in-time, the actual test)",not applicable,2018-09-20,2018-12-24,MBK.WA,0.0010245901639344,benchmark
2018 Q4 selloff,1/N Equal Weight,benchmark,"B (point-in-time, the actual test)",not applicable,2018-09-20,2018-12-24,RXL.PA,0.0010245901639344,benchmark
2018 Q4 selloff,1/N Equal Weight,benchmark,"B (point-in-time, the actual test)",not applicable,2018-09-20,2018-12-24,ASML.AS,0.0010245901639344,benchmark
2018 Q4 selloff,1/N Equal Weight,benchmark,"B (point-in-time, the actual test)",not applicable,2018-09-20,2018-12-24,BOL.ST,0.0010245901639344,benchmark
2018 Q4 selloff,1/N Equal Weight,benchmark,"B (point-in-time, the actual test)",not applicable,2018-09-20,2018-12-24,CPG.L,0.0010245901639344,benchmark
2018 Q4 selloff,1/N Equal Weight,benchmark,"B (point-in-time, the actual test)",not applicable,2018-09-20,2018-12-24,HSBA.L,0.0010245901639344,benchmark
2018 Q4 selloff,1/N Equal Weight,benchmark,"B (point-in-time, the actual test)",not applicable,2018-09-20,2018-12-24,BNZL.L,0.0010245901639344,benchmark
2018 Q4 selloff,1/N Equal Weight,benchmark,"B (point-in-time, the actual test)",not applicable,2018-09-20,2018-12-24,REY.MI,0.0010245901639344,benchmark
2018 Q4 selloff,1/N Equal Weight,benchmark,"B (point-in-time, the actual test)",not applicable,2018-09-20,2018-12-24,VOWG_p.DE,0.0010245901639344,benchmark
2018 Q4 selloff,1/N Equal Weight,benchmark,"B (point-in-time, the actual test)",not applicable,2018-09-20,2018-12-24,LOIM.PA,0.0010245901639344,benchmark
2018 Q4 selloff,1/N Equal Weight,benchmark,"B (point-in-time, the actual test)",not applicable,2018-09-20,2018-12-24,DEMANT.CO,0.0010245901639344,benchmark
2018 Q4 selloff,1/N Equal Weight,benchmark,"B (point-in-time, the actual test)",not applicable,2018-09-20,2018-12-24,PSN.L,0.0010245901639344,benchmark
2018 Q4 selloff,1/N Equal Weight,benchmark,"B (point-in-time, the actual test)",not applicable,2018-09-20,2018-12-24,EMSN.S,0.0010245901639344,benchmark
2018 Q4 selloff,1/N Equal Weight,benchmark,"B (point-in-time, the actual test)",not applicable,2018-09-20,2018-12-24,GFCP.PA,0.0010245901639344,benchmark
2018 Q4 selloff,1/N Equal Weight,benchmark,"B (point-in-time, the actual test)",not applicable,2018-09-20,2018-12-24,UCB.BR,0.0010245901639344,benchmark
2018 Q4 selloff,1/N Equal Weight,benchmark,"B (point-in-time, the actual test)",not applicable,2018-09-20,2018-12-24,NESTE.HE,0.0010245901639344,benchmark
2018 Q4 selloff,1/N Equal Weight,benchmark,"B (point-in-time, the actual test)",not applicable,2018-09-20,2018-12-24,METSO.HE,0.0010245901639344,benchmark
2018 Q4 selloff,1/N Equal Weight,benchmark,"B (point-in-time, the actual test)",not applicable,2018-09-20,2018-12-24,AIR.PA,0.0010245901639344,benchmark
2018 Q4 selloff,1/N Equal Weight,benchmark,"B (point-in-time, the actual test)",not applicable,2018-09-20,2018-12-24,MRCG.DE,0.0010245901639344,benchmark
2018 Q4 selloff,1/N Equal Weight,benchmark,"B (point-in-time, the actual test)",not applicable,2018-09-20,2018-12-24,CRDI.MI,0.0010245901639344,benchmark
2018 Q4 selloff,1/N Equal Weight,benchmark,"B (point-in-time, the actual test)",not applicable,2018-09-20,2018-12-24,LEGD.PA,0.0010245901639344,benchmark
2018 Q4 selloff,1/N Equal Weight,benchmark,"B (point-in-time, the actual test)",not applicable,2018-09-20,2018-12-24,G1AG.DE,0.0010245901639344,benchmark
2018 Q4 selloff,1/N Equal Weight,benchmark,"B (point-in-time, the actual test)",not applicable,2018-09-20,2018-12-24,NHY.OL,0.0010245901639344,benchmark
2018 Q4 selloff,1/N Equal Weight,benchmark,"B (point-in-time, the actual test)",not applicable,2018-09-20,2018-12-24,SPSN.S,0.0010245901639344,benchmark
2018 Q4 selloff,1/N Equal Weight,benchmark,"B (point-in-time, the actual test)",not applicable,2018-09-20,2018-12-24,TPE.WA,0.0010245901639344,benchmark
2018 Q4 selloff,1/N Equal Weight,benchmark,"B (point-in-time, the actual test)",not applicable,2018-09-20,2018-12-24,SHCS.L,0.0010245901639344,benchmark
2018 Q4 selloff,1/N Equal Weight,benchmark,"B (point-in-time, the actual test)",not applicable,2018-09-20,2018-12-24,RUBF.PA,0.0010245901639344,benchmark
2018 Q4 selloff,1/N Equal Weight,benchmark,"B (point-in-time, the actual test)",not applicable,2018-09-20,2018-12-24,NESN.S,0.0010245901639344,benchmark
2018 Q4 selloff,1/N Equal Weight,benchmark,"B (point-in-time, the actual test)",not applicable,2018-09-20,2018-12-24,PNDORA.CO,0.0010245901639344,benchmark
2018 Q4 selloff,1/N Equal Weight,benchmark,"B (point-in-time, the actual test)",not applicable,2018-09-20,2018-12-24,GLEN.L,0.0010245901639344,benchmark
2018 Q4 selloff,1/N Equal Weight,benchmark,"B (point-in-time, the actual test)",not applicable,2018-09-20,2018-12-24,GBFG.DE,0.0010245901639344,benchmark
2018 Q4 selloff,1/N Equal Weight,benchmark,"B (point-in-time, the actual test)",not applicable,2018-09-20,2018-12-24,CONG.DE,0.0010245901639344,benchmark
2018 Q4 selloff,1/N Equal Weight,benchmark,"B (point-in-time, the actual test)",not applicable,2018-09-20,2018-12-24,BUCN.S,0.0010245901639344,benchmark
2018 Q4 selloff,1/N Equal Weight,benchmark,"B (point-in-time, the actual test)",not applicable,2018-09-20,2018-12-24,SOPR.PA,0.0010245901639344,benchmark
2018 Q4 selloff,1/N Equal Weight,benchmark,"B (point-in-time, the actual test)",not applicable,2018-09-20,2018-12-24,SPMI.MI,0.0010245901639344,benchmark
2018 Q4 selloff,1/N Equal Weight,benchmark,"B (point-in-time, the actual test)",not applicable,2018-09-20,2018-12-24,ZALG.DE,0.0010245901639344,benchmark
2018 Q4 selloff,1/N Equal Weight,benchmark,"B (point-in-time, the actual test)",not applicable,2018-09-20,2018-12-24,HIAB.HE,0.0010245901639344,benchmark
2018 Q4 selloff,1/N Equal Weight,benchmark,"B (point-in-time, the actual test)",not applicable,2018-09-20,2018-12-24,SKAb.ST,0.0010245901639344,benchmark
2018 Q4 selloff,1/N Equal Weight,benchmark,"B (point-in-time, the actual test)",not applicable,2018-09-20,2018-12-24,ZURN.S,0.0010245901639344,benchmark
2018 Q4 selloff,1/N Equal Weight,benchmark,"B (point-in-time, the actual test)",not applicable,2018-09-20,2018-12-24,MUVGn.DE,0.0010245901639344,benchmark
2018 Q4 selloff,1/N Equal Weight,benchmark,"B (point-in-time, the actual test)",not applicable,2018-09-20,2018-12-24,SRG.MI,0.0010245901639344,benchmark
2018 Q4 selloff,1/N Equal Weight,benchmark,"B (point-in-time, the actual test)",not applicable,2018-09-20,2018-12-24,ABI.BR,0.0010245901639344,benchmark
2018 Q4 selloff,1/N Equal Weight,benchmark,"B (point-in-time, the actual test)",not applicable,2018-09-20,2018-12-24,LVMH.PA,0.0010245901639344,benchmark
2018 Q4 selloff,1/N Equal Weight,benchmark,"B (point-in-time, the actual test)",not applicable,2018-09-20,2018-12-24,WDPP.BR,0.0010245901639344,benchmark
2018 Q4 selloff,1/N Equal Weight,benchmark,"B (point-in-time, the actual test)",not applicable,2018-09-20,2018-12-24,PSHG_p.DE,0.0010245901639344,benchmark
2018 Q4 selloff,1/N Equal Weight,benchmark,"B (point-in-time, the actual test)",not applicable,2018-09-20,2018-12-24,COLOb.CO,0.0010245901639344,benchmark
2018 Q4 selloff,1/N Equal Weight,benchmark,"B (point-in-time, the actual test)",not applicable,2018-09-20,2018-12-24,AGES.BR,0.0010245901639344,benchmark
2018 Q4 selloff,1/N Equal Weight,benchmark,"B (point-in-time, the actual test)",not applicable,2018-09-20,2018-12-24,HOLMb.ST,0.0010245901639344,benchmark
2018 Q4 selloff,1/N Equal Weight,benchmark,"B (point-in-time, the actual test)",not applicable,2018-09-20,2018-12-24,JD.L,0.0010245901639344,benchmark
2018 Q4 selloff,1/N Equal Weight,benchmark,"B (point-in-time, the actual test)",not applicable,2018-09-20,2018-12-24,GMAB.CO,0.0010245901639344,benchmark
2018 Q4 selloff,1/N Equal Weight,benchmark,"B (point-in-time, the actual test)",not applicable,2018-09-20,2018-12-24,SPIE.PA,0.0010245901639344,benchmark
2018 Q4 selloff,1/N Equal Weight,benchmark,"B (point-in-time, the actual test)",not applicable,2018-09-20,2018-12-24,GTT.PA,0.0010245901639344,benchmark
2018 Q4 selloff,1/N Equal Weight,benchmark,"B (point-in-time, the actual test)",not applicable,2018-09-20,2018-12-24,ANDR.VI,0.0010245901639344,benchmark
2018 Q4 selloff,1/N Equal Weight,benchmark,"B (point-in-time, the actual test)",not applicable,2018-09-20,2018-12-24,VIE.PA,0.0010245901639344,benchmark
2018 Q4 selloff,1/N Equal Weight,benchmark,"B (point-in-time, the actual test)",not applicable,2018-09-20,2018-12-24,CFR.S,0.0010245901639344,benchmark
2018 Q4 selloff,1/N Equal Weight,benchmark,"B (point-in-time, the actual test)",not applicable,2018-09-20,2018-12-24,SPX.L,0.0010245901639344,benchmark
2018 Q4 selloff,1/N Equal Weight,benchmark,"B (point-in-time, the actual test)",not applicable,2018-09-20,2018-12-24,EXPN.L,0.0010245901639344,benchmark
2018 Q4 selloff,1/N Equal Weight,benchmark,"B (point-in-time, the actual test)",not applicable,2018-09-20,2018-12-24,ISS.CO,0.0010245901639344,benchmark
2018 Q4 selloff,1/N Equal Weight,benchmark,"B (point-in-time, the actual test)",not applicable,2018-09-20,2018-12-24,ELIS.PA,0.0010245901639344,benchmark
2018 Q4 selloff,1/N Equal Weight,benchmark,"B (point-in-time, the actual test)",not applicable,2018-09-20,2018-12-24,ESLX.PA,0.0010245901639344,benchmark
2018 Q4 selloff,1/N Equal Weight,benchmark,"B (point-in-time, the actual test)",not applicable,2018-09-20,2018-12-24,SCYR.MC,0.0010245901639344,benchmark
2018 Q4 selloff,1/N Equal Weight,benchmark,"B (point-in-time, the actual test)",not applicable,2018-09-20,2018-12-24,CRDA.L,0.0010245901639344,benchmark
2018 Q4 selloff,1/N Equal Weight,benchmark,"B (point-in-time, the actual test)",not applicable,2018-09-20,2018-12-24,KGX.DE,0.0010245901639344,benchmark
2018 Q4 selloff,1/N Equal Weight,benchmark,"B (point-in-time, the actual test)",not applicable,2018-09-20,2018-12-24,HEIG.DE,0.0010245901639344,benchmark
2018 Q4 selloff,1/N Equal Weight,benchmark,"B (point-in-time, the actual test)",not applicable,2018-09-20,2018-12-24,FMEG.DE,0.0010245901639344,benchmark
2018 Q4 selloff,1/N Equal Weight,benchmark,"B (point-in-time, the actual test)",not applicable,2018-09-20,2018-12-24,CDR.WA,0.0010245901639344,benchmark
2018 Q4 selloff,1/N Equal Weight,benchmark,"B (point-in-time, the actual test)",not applicable,2018-09-20,2018-12-24,KYGa.I,0.0010245901639344,benchmark
2018 Q4 selloff,1/N Equal Weight,benchmark,"B (point-in-time, the actual test)",not applicable,2018-09-20,2018-12-24,INGP.WA,0.0010245901639344,benchmark
2018 Q4 selloff,1/N Equal Weight,benchmark,"B (point-in-time, the actual test)",not applicable,2018-09-20,2018-12-24,AXFO.ST,0.0010245901639344,benchmark
2018 Q4 selloff,1/N Equal Weight,benchmark,"B (point-in-time, the actual test)",not applicable,2018-09-20,2018-12-24,TSCO.L,0.0010245901639344,benchmark
2018 Q4 selloff,1/N Equal Weight,benchmark,"B (point-in-time, the actual test)",not applicable,2018-09-20,2018-12-24,HEXAb.ST,0.0010245901639344,benchmark
2018 Q4 selloff,1/N Equal Weight,benchmark,"B (point-in-time, the actual test)",not applicable,2018-09-20,2018-12-24,KESKOB.HE,0.0010245901639344,benchmark
2018 Q4 selloff,1/N Equal Weight,benchmark,"B (point-in-time, the actual test)",not applicable,2018-09-20,2018-12-24,MRON.L,0.0010245901639344,benchmark
2018 Q4 selloff,1/N Equal Weight,benchmark,"B (point-in-time, the actual test)",not applicable,2018-09-20,2018-12-24,PHP.L,0.0010245901639344,benchmark
2018 Q4 selloff,1/N Equal Weight,benchmark,"B (point-in-time, the actual test)",not applicable,2018-09-20,2018-12-24,BNPP.PA,0.0010245901639344,benchmark
2018 Q4 selloff,1/N Equal Weight,benchmark,"B (point-in-time, the actual test)",not applicable,2018-09-20,2018-12-24,DNB.OL,0.0010245901639344,benchmark
2018 Q4 selloff,1/N Equal Weight,benchmark,"B (point-in-time, the actual test)",not applicable,2018-09-20,2018-12-24,HOCM.L,0.0010245901639344,benchmark
2018 Q4 selloff,1/N Equal Weight,benchmark,"B (point-in-time, the actual test)",not applicable,2018-09-20,2018-12-24,ELISA.HE,0.0010245901639344,benchmark
2018 Q4 selloff,1/N Equal Weight,benchmark,"B (point-in-time, the actual test)",not applicable,2018-09-20,2018-12-24,IDR.MC,0.0010245901639344,benchmark
2018 Q4 selloff,1/N Equal Weight,benchmark,"B (point-in-time, the actual test)",not applicable,2018-09-20,2018-12-24,DANO.PA,0.0010245901639344,benchmark
2018 Q4 selloff,1/N Equal Weight,benchmark,"B (point-in-time, the actual test)",not applicable,2018-09-20,2018-12-24,AV.L,0.0010245901639344,benchmark
2018 Q4 selloff,1/N Equal Weight,benchmark,"B (point-in-time, the actual test)",not applicable,2018-09-20,2018-12-24,SGOB.PA,0.0010245901639344,benchmark
2018 Q4 selloff,1/N Equal Weight,benchmark,"B (point-in-time, the actual test)",not applicable,2018-09-20,2018-12-24,CPRI.MI,0.0010245901639344,benchmark
2018 Q4 selloff,1/N Equal Weight,benchmark,"B (point-in-time, the actual test)",not applicable,2018-09-20,2018-12-24,ENGIE.PA,0.0010245901639344,benchmark
2018 Q4 selloff,1/N Equal Weight,benchmark,"B (point-in-time, the actual test)",not applicable,2018-09-20,2018-12-24,NXT.L,0.0010245901639344,benchmark
2018 Q4 selloff,1/N Equal Weight,benchmark,"B (point-in-time, the actual test)",not applicable,2018-09-20,2018-12-24,FLS.CO,0.0010245901639344,benchmark
2018 Q4 selloff,1/N Equal Weight,benchmark,"B (point-in-time, the actual test)",not applicable,2018-09-20,2018-12-24,TEL.OL,0.0010245901639344,benchmark
2018 Q4 selloff,1/N Equal Weight,benchmark,"B (point-in-time, the actual test)",not applicable,2018-09-20,2018-12-24,SCMN.S,0.0010245901639344,benchmark
2018 Q4 selloff,1/N Equal Weight,benchmark,"B (point-in-time, the actual test)",not applicable,2018-09-20,2018-12-24,GIVN.S,0.0010245901639344,benchmark
2018 Q4 selloff,1/N Equal Weight,benchmark,"B (point-in-time, the actual test)",not applicable,2018-09-20,2018-12-24,UMI.BR,0.0010245901639344,benchmark
2018 Q4 selloff,1/N Equal Weight,benchmark,"B (point-in-time, the actual test)",not applicable,2018-09-20,2018-12-24,TCFP.PA,0.0010245901639344,benchmark
2018 Q4 selloff,1/N Equal Weight,benchmark,"B (point-in-time, the actual test)",not applicable,2018-09-20,2018-12-24,SBRY.L,0.0010245901639344,benchmark
2018 Q4 selloff,1/N Equal Weight,benchmark,"B (point-in-time, the actual test)",not applicable,2018-09-20,2018-12-24,DKSH.S,0.0010245901639344,benchmark
2018 Q4 selloff,1/N Equal Weight,benchmark,"B (point-in-time, the actual test)",not applicable,2018-09-20,2018-12-24,OREP.PA,0.0010245901639344,benchmark
2018 Q4 selloff,1/N Equal Weight,benchmark,"B (point-in-time, the actual test)",not applicable,2018-09-20,2018-12-24,ITX.MC,0.0010245901639344,benchmark
2018 Q4 selloff,1/N Equal Weight,benchmark,"B (point-in-time, the actual test)",not applicable,2018-09-20,2018-12-24,BBVA.MC,0.0010245901639344,benchmark
2018 Q4 selloff,1/N Equal Weight,benchmark,"B (point-in-time, the actual test)",not applicable,2018-09-20,2018-12-24,SGRO.L,0.0010245901639344,benchmark
2018 Q4 selloff,1/N Equal Weight,benchmark,"B (point-in-time, the actual test)",not applicable,2018-09-20,2018-12-24,BFT.WA,0.0010245901639344,benchmark
2018 Q4 selloff,1/N Equal Weight,benchmark,"B (point-in-time, the actual test)",not applicable,2018-09-20,2018-12-24,SHBa.ST,0.0010245901639344,benchmark
2018 Q4 selloff,1/N Equal Weight,benchmark,"B (point-in-time, the actual test)",not applicable,2018-09-20,2018-12-24,WALLb.ST,0.0010245901639344,benchmark
2018 Q4 selloff,1/N Equal Weight,benchmark,"B (point-in-time, the actual test)",not applicable,2018-09-20,2018-12-24,NG.L,0.0010245901639344,benchmark
2018 Q4 selloff,1/N Equal Weight,benchmark,"B (point-in-time, the actual test)",not applicable,2018-09-20,2018-12-24,PLUSP.L,0.0010245901639344,benchmark
2018 Q4 selloff,1/N Equal Weight,benchmark,"B (point-in-time, the actual test)",not applicable,2018-09-20,2018-12-24,TOM.OL,0.0010245901639344,benchmark
2018 Q4 selloff,1/N Equal Weight,benchmark,"B (point-in-time, the actual test)",not applicable,2018-09-20,2018-12-24,DLG.MI,0.0010245901639344,benchmark
2018 Q4 selloff,1/N Equal Weight,benchmark,"B (point-in-time, the actual test)",not applicable,2018-09-20,2018-12-24,IHG.L,0.0010245901639344,benchmark
2018 Q4 selloff,1/N Equal Weight,benchmark,"B (point-in-time, the actual test)",not applicable,2018-09-20,2018-12-24,ALSO.PA,0.0010245901639344,benchmark
2018 Q4 selloff,1/N Equal Weight,benchmark,"B (point-in-time, the actual test)",not applicable,2018-09-20,2018-12-24,LOOMIS.ST,0.0010245901639344,benchmark
2018 Q4 selloff,1/N Equal Weight,benchmark,"B (point-in-time, the actual test)",not applicable,2018-09-20,2018-12-24,EMII.MI,0.0010245901639344,benchmark
2018 Q4 selloff,1/N Equal Weight,benchmark,"B (point-in-time, the actual test)",not applicable,2018-09-20,2018-12-24,GSK.L,0.0010245901639344,benchmark
2018 Q4 selloff,1/N Equal Weight,benchmark,"B (point-in-time, the actual test)",not applicable,2018-09-20,2018-12-24,LONN.S,0.0010245901639344,benchmark
2018 Q4 selloff,1/N Equal Weight,benchmark,"B (point-in-time, the actual test)",not applicable,2018-09-20,2018-12-24,PUBP.PA,0.0010245901639344,benchmark
2018 Q4 selloff,1/N Equal Weight,benchmark,"B (point-in-time, the actual test)",not applicable,2018-09-20,2018-12-24,VOLVb.ST,0.0010245901639344,benchmark
2018 Q4 selloff,1/N Equal Weight,benchmark,"B (point-in-time, the actual test)",not applicable,2018-09-20,2018-12-24,REL.L,0.0010245901639344,benchmark
2018 Q4 selloff,1/N Equal Weight,benchmark,"B (point-in-time, the actual test)",not applicable,2018-09-20,2018-12-24,CVO.PA,0.0010245901639344,benchmark
2018 Q4 selloff,1/N Equal Weight,benchmark,"B (point-in-time, the actual test)",not applicable,2018-09-20,2018-12-24,INDUc.ST,0.0010245901639344,benchmark
2018 Q4 selloff,1/N Equal Weight,benchmark,"B (point-in-time, the actual test)",not applicable,2018-09-20,2018-12-24,ABDN.L,0.0010245901639344,benchmark
2018 Q4 selloff,1/N Equal Weight,benchmark,"B (point-in-time, the actual test)",not applicable,2018-09-20,2018-12-24,SOBIV.ST,0.0010245901639344,benchmark
2018 Q4 selloff,1/N Equal Weight,benchmark,"B (point-in-time, the actual test)",not applicable,2018-09-20,2018-12-24,CABK.MC,0.0010245901639344,benchmark
2018 Q4 selloff,1/N Equal Weight,benchmark,"B (point-in-time, the actual test)",not applicable,2018-09-20,2018-12-24,ABF.L,0.0010245901639344,benchmark
2018 Q4 selloff,1/N Equal Weight,benchmark,"B (point-in-time, the actual test)",not applicable,2018-09-20,2018-12-24,ADML.L,0.0010245901639344,benchmark
2018 Q4 selloff,1/N Equal Weight,benchmark,"B (point-in-time, the actual test)",not applicable,2018-09-20,2018-12-24,VID.MC,0.0010245901639344,benchmark
2018 Q4 selloff,1/N Equal Weight,benchmark,"B (point-in-time, the actual test)",not applicable,2018-09-20,2018-12-24,VOPA.AS,0.0010245901639344,benchmark
2018 Q4 selloff,1/N Equal Weight,benchmark,"B (point-in-time, the actual test)",not applicable,2018-09-20,2018-12-24,WPP.L,0.0010245901639344,benchmark
2018 Q4 selloff,1/N Equal Weight,benchmark,"B (point-in-time, the actual test)",not applicable,2018-09-20,2018-12-24,LMPL.L,0.0010245901639344,benchmark
2018 Q4 selloff,1/N Equal Weight,benchmark,"B (point-in-time, the actual test)",not applicable,2018-09-20,2018-12-24,FTKn.DE,0.0010245901639344,benchmark
2018 Q4 selloff,1/N Equal Weight,benchmark,"B (point-in-time, the actual test)",not applicable,2018-09-20,2018-12-24,CBKG.DE,0.0010245901639344,benchmark
2018 Q4 selloff,1/N Equal Weight,benchmark,"B (point-in-time, the actual test)",not applicable,2018-09-20,2018-12-24,SVT.L,0.0010245901639344,benchmark
2018 Q4 selloff,1/N Equal Weight,benchmark,"B (point-in-time, the actual test)",not applicable,2018-09-20,2018-12-24,DIOR.PA,0.0010245901639344,benchmark
2018 Q4 selloff,1/N Equal Weight,benchmark,"B (point-in-time, the actual test)",not applicable,2018-09-20,2018-12-24,SECTb.ST,0.0010245901639344,benchmark
2018 Q4 selloff,1/N Equal Weight,benchmark,"B (point-in-time, the actual test)",not applicable,2018-09-20,2018-12-24,ICAG.L,0.0010245901639344,benchmark
2018 Q4 selloff,1/N Equal Weight,benchmark,"B (point-in-time, the actual test)",not applicable,2018-09-20,2018-12-24,GJFG.OL,0.0010245901639344,benchmark
2018 Q4 selloff,1/N Equal Weight,benchmark,"B (point-in-time, the actual test)",not applicable,2018-09-20,2018-12-24,EVDG.DE,0.0010245901639344,benchmark
2018 Q4 selloff,1/N Equal Weight,benchmark,"B (point-in-time, the actual test)",not applicable,2018-09-20,2018-12-24,ENI.MI,0.0010245901639344,benchmark
2018 Q4 selloff,1/N Equal Weight,benchmark,"B (point-in-time, the actual test)",not applicable,2018-09-20,2018-12-24,BEIG.DE,0.0010245901639344,benchmark
2018 Q4 selloff,1/N Equal Weight,benchmark,"B (point-in-time, the actual test)",not applicable,2018-09-20,2018-12-24,DANSKE.CO,0.0010245901639344,benchmark
2018 Q4 selloff,1/N Equal Weight,benchmark,"B (point-in-time, the actual test)",not applicable,2018-09-20,2018-12-24,HRMS.PA,0.0010245901639344,benchmark
2018 Q4 selloff,1/N Equal Weight,benchmark,"B (point-in-time, the actual test)",not applicable,2018-09-20,2018-12-24,DGE.L,0.0010245901639344,benchmark
2018 Q4 selloff,1/N Equal Weight,benchmark,"B (point-in-time, the actual test)",not applicable,2018-09-20,2018-12-24,ALFA.ST,0.0010245901639344,benchmark
2018 Q4 selloff,1/N Equal Weight,benchmark,"B (point-in-time, the actual test)",not applicable,2018-09-20,2018-12-24,AEGN.AS,0.0010245901639344,benchmark
2018 Q4 selloff,1/N Equal Weight,benchmark,"B (point-in-time, the actual test)",not applicable,2018-09-20,2018-12-24,BASFn.DE,0.0010245901639344,benchmark
2018 Q4 selloff,1/N Equal Weight,benchmark,"B (point-in-time, the actual test)",not applicable,2018-09-20,2018-12-24,RIO.L,0.0010245901639344,benchmark
2018 Q4 selloff,1/N Equal Weight,benchmark,"B (point-in-time, the actual test)",not applicable,2018-09-20,2018-12-24,LPPP.WA,0.0010245901639344,benchmark
2018 Q4 selloff,1/N Equal Weight,benchmark,"B (point-in-time, the actual test)",not applicable,2018-09-20,2018-12-24,SN.L,0.0010245901639344,benchmark
2018 Q4 selloff,1/N Equal Weight,benchmark,"B (point-in-time, the actual test)",not applicable,2018-09-20,2018-12-24,ITPG.MI,0.0010245901639344,benchmark
2018 Q4 selloff,1/N Equal Weight,benchmark,"B (point-in-time, the actual test)",not applicable,2018-09-20,2018-12-24,SDLF.L,0.0010245901639344,benchmark
2018 Q4 selloff,1/N Equal Weight,benchmark,"B (point-in-time, the actual test)",not applicable,2018-09-20,2018-12-24,REP.MC,0.0010245901639344,benchmark
2018 Q4 selloff,1/N Equal Weight,benchmark,"B (point-in-time, the actual test)",not applicable,2018-09-20,2018-12-24,CAST.ST,0.0010245901639344,benchmark
2018 Q4 selloff,1/N Equal Weight,benchmark,"B (point-in-time, the actual test)",not applicable,2018-09-20,2018-12-24,SWECb.ST,0.0010245901639344,benchmark
2018 Q4 selloff,1/N Equal Weight,benchmark,"B (point-in-time, the actual test)",not applicable,2018-09-20,2018-12-24,MOBN.S,0.0010245901639344,benchmark
2018 Q4 selloff,1/N Equal Weight,benchmark,"B (point-in-time, the actual test)",not applicable,2018-09-20,2018-12-24,SGSN.S,0.0010245901639344,benchmark
2018 Q4 selloff,1/N Equal Weight,benchmark,"B (point-in-time, the actual test)",not applicable,2018-09-20,2018-12-24,BCP.LS,0.0010245901639344,benchmark
2018 Q4 selloff,1/N Equal Weight,benchmark,"B (point-in-time, the actual test)",not applicable,2018-09-20,2018-12-24,TEF.MC,0.0010245901639344,benchmark
2018 Q4 selloff,1/N Equal Weight,benchmark,"B (point-in-time, the actual test)",not applicable,2018-09-20,2018-12-24,BKWB.S,0.0010245901639344,benchmark
2018 Q4 selloff,1/N Equal Weight,benchmark,"B (point-in-time, the actual test)",not applicable,2018-09-20,2018-12-24,KBC.BR,0.0010245901639344,benchmark
2018 Q4 selloff,1/N Equal Weight,benchmark,"B (point-in-time, the actual test)",not applicable,2018-09-20,2018-12-24,VOES.VI,0.0010245901639344,benchmark
2018 Q4 selloff,1/N Equal Weight,benchmark,"B (point-in-time, the actual test)",not applicable,2018-09-20,2018-12-24,SHEL.AS,0.0010245901639344,benchmark
2018 Q4 selloff,1/N Equal Weight,benchmark,"B (point-in-time, the actual test)",not applicable,2018-09-20,2018-12-24,SOF.BR,0.0010245901639344,benchmark
2018 Q4 selloff,1/N Equal Weight,benchmark,"B (point-in-time, the actual test)",not applicable,2018-09-20,2018-12-24,BALDb.ST,0.0010245901639344,benchmark
2018 Q4 selloff,1/N Equal Weight,benchmark,"B (point-in-time, the actual test)",not applicable,2018-09-20,2018-12-24,BESI.AS,0.0010245901639344,benchmark
2018 Q4 selloff,1/N Equal Weight,benchmark,"B (point-in-time, the actual test)",not applicable,2018-09-20,2018-12-24,ASMI.AS,0.0010245901639344,benchmark
2018 Q4 selloff,1/N Equal Weight,benchmark,"B (point-in-time, the actual test)",not applicable,2018-09-20,2018-12-24,ELE.MC,0.0010245901639344,benchmark
2018 Q4 selloff,1/N Equal Weight,benchmark,"B (point-in-time, the actual test)",not applicable,2018-09-20,2018-12-24,ORAN.PA,0.0010245901639344,benchmark
2018 Q4 selloff,1/N Equal Weight,benchmark,"B (point-in-time, the actual test)",not applicable,2018-09-20,2018-12-24,SCAb.ST,0.0010245901639344,benchmark
2018 Q4 selloff,1/N Equal Weight,benchmark,"B (point-in-time, the actual test)",not applicable,2018-09-20,2018-12-24,BMED.MI,0.0010245901639344,benchmark
2018 Q4 selloff,1/N Equal Weight,benchmark,"B (point-in-time, the actual test)",not applicable,2018-09-20,2018-12-24,AIBG.I,0.0010245901639344,benchmark
2018 Q4 selloff,1/N Equal Weight,benchmark,"B (point-in-time, the actual test)",not applicable,2018-09-20,2018-12-24,HEIN.AS,0.0010245901639344,benchmark
2018 Q4 selloff,1/N Equal Weight,benchmark,"B (point-in-time, the actual test)",not applicable,2018-09-20,2018-12-24,KGF.L,0.0010245901639344,benchmark
2018 Q4 selloff,1/N Equal Weight,benchmark,"B (point-in-time, the actual test)",not applicable,2018-09-20,2018-12-24,PUMG.DE,0.0010245901639344,benchmark
2018 Q4 selloff,1/N Equal Weight,benchmark,"B (point-in-time, the actual test)",not applicable,2018-09-20,2018-12-24,HUBN.S,0.0010245901639344,benchmark
2018 Q4 selloff,1/N Equal Weight,benchmark,"B (point-in-time, the actual test)",not applicable,2018-09-20,2018-12-24,ISP.MI,0.0010245901639344,benchmark
2018 Q4 selloff,1/N Equal Weight,benchmark,"B (point-in-time, the actual test)",not applicable,2018-09-20,2018-12-24,PGHN.S,0.0010245901639344,benchmark
2018 Q4 selloff,1/N Equal Weight,benchmark,"B (point-in-time, the actual test)",not applicable,2018-09-20,2018-12-24,UHR.S,0.0010245901639344,benchmark
2018 Q4 selloff,1/N Equal Weight,benchmark,"B (point-in-time, the actual test)",not applicable,2018-09-20,2018-12-24,BARC.L,0.0010245901639344,benchmark
2018 Q4 selloff,1/N Equal Weight,benchmark,"B (point-in-time, the actual test)",not applicable,2018-09-20,2018-12-24,AVOL.S,0.0010245901639344,benchmark
2018 Q4 selloff,1/N Equal Weight,benchmark,"B (point-in-time, the actual test)",not applicable,2018-09-20,2018-12-24,TUI1n.DE,0.0010245901639344,benchmark
2018 Q4 selloff,1/N Equal Weight,benchmark,"B (point-in-time, the actual test)",not applicable,2018-09-20,2018-12-24,STMN.S,0.0010245901639344,benchmark
2018 Q4 selloff,1/N Equal Weight,benchmark,"B (point-in-time, the actual test)",not applicable,2018-09-20,2018-12-24,INDT.ST,0.0010245901639344,benchmark
2018 Q4 selloff,1/N Equal Weight,benchmark,"B (point-in-time, the actual test)",not applicable,2018-09-20,2018-12-24,SLHN.S,0.0010245901639344,benchmark
2018 Q4 selloff,1/N Equal Weight,benchmark,"B (point-in-time, the actual test)",not applicable,2018-09-20,2018-12-24,FORTUM.HE,0.0010245901639344,benchmark
2018 Q4 selloff,1/N Equal Weight,benchmark,"B (point-in-time, the actual test)",not applicable,2018-09-20,2018-12-24,KLAC.OQ,0.0010245901639344,benchmark
2018 Q4 selloff,1/N Equal Weight,benchmark,"B (point-in-time, the actual test)",not applicable,2018-09-20,2018-12-24,AME.N,0.0010245901639344,benchmark
2018 Q4 selloff,1/N Equal Weight,benchmark,"B (point-in-time, the actual test)",not applicable,2018-09-20,2018-12-24,DUK.N,0.0010245901639344,benchmark
2018 Q4 selloff,1/N Equal Weight,benchmark,"B (point-in-time, the actual test)",not applicable,2018-09-20,2018-12-24,CME.OQ,0.0010245901639344,benchmark
2018 Q4 selloff,1/N Equal Weight,benchmark,"B (point-in-time, the actual test)",not applicable,2018-09-20,2018-12-24,FDX.N,0.0010245901639344,benchmark
2018 Q4 selloff,1/N Equal Weight,benchmark,"B (point-in-time, the actual test)",not applicable,2018-09-20,2018-12-24,PG.N,0.0010245901639344,benchmark
2018 Q4 selloff,1/N Equal Weight,benchmark,"B (point-in-time, the actual test)",not applicable,2018-09-20,2018-12-24,ACN.N,0.0010245901639344,benchmark
2018 Q4 selloff,1/N Equal Weight,benchmark,"B (point-in-time, the actual test)",not applicable,2018-09-20,2018-12-24,FDS.N,0.0010245901639344,benchmark
2018 Q4 selloff,1/N Equal Weight,benchmark,"B (point-in-time, the actual test)",not applicable,2018-09-20,2018-12-24,BAX.N,0.0010245901639344,benchmark
2018 Q4 selloff,1/N Equal Weight,benchmark,"B (point-in-time, the actual test)",not applicable,2018-09-20,2018-12-24,ODFL.OQ,0.0010245901639344,benchmark
2018 Q4 selloff,1/N Equal Weight,benchmark,"B (point-in-time, the actual test)",not applicable,2018-09-20,2018-12-24,XYL.N,0.0010245901639344,benchmark
2018 Q4 selloff,1/N Equal Weight,benchmark,"B (point-in-time, the actual test)",not applicable,2018-09-20,2018-12-24,ADSK.OQ,0.0010245901639344,benchmark
2018 Q4 selloff,1/N Equal Weight,benchmark,"B (point-in-time, the actual test)",not applicable,2018-09-20,2018-12-24,OMC.N,0.0010245901639344,benchmark
2018 Q4 selloff,1/N Equal Weight,benchmark,"B (point-in-time, the actual test)",not applicable,2018-09-20,2018-12-24,UHS.N,0.0010245901639344,benchmark
2018 Q4 selloff,1/N Equal Weight,benchmark,"B (point-in-time, the actual test)",not applicable,2018-09-20,2018-12-24,ERIE.OQ,0.0010245901639344,benchmark
2018 Q4 selloff,1/N Equal Weight,benchmark,"B (point-in-time, the actual test)",not applicable,2018-09-20,2018-12-24,CLX.N,0.0010245901639344,benchmark
2018 Q4 selloff,1/N Equal Weight,benchmark,"B (point-in-time, the actual test)",not applicable,2018-09-20,2018-12-24,DLTR.OQ,0.0010245901639344,benchmark
2018 Q4 selloff,1/N Equal Weight,benchmark,"B (point-in-time, the actual test)",not applicable,2018-09-20,2018-12-24,CFG.N,0.0010245901639344,benchmark
2018 Q4 selloff,1/N Equal Weight,benchmark,"B (point-in-time, the actual test)",not applicable,2018-09-20,2018-12-24,DHI.N,0.0010245901639344,benchmark
2018 Q4 selloff,1/N Equal Weight,benchmark,"B (point-in-time, the actual test)",not applicable,2018-09-20,2018-12-24,EXPE.OQ,0.0010245901639344,benchmark
2018 Q4 selloff,1/N Equal Weight,benchmark,"B (point-in-time, the actual test)",not applicable,2018-09-20,2018-12-24,CIEN.N,0.0010245901639344,benchmark
2018 Q4 selloff,1/N Equal Weight,benchmark,"B (point-in-time, the actual test)",not applicable,2018-09-20,2018-12-24,ELV.N,0.0010245901639344,benchmark
2018 Q4 selloff,1/N Equal Weight,benchmark,"B (point-in-time, the actual test)",not applicable,2018-09-20,2018-12-24,WY.N,0.0010245901639344,benchmark
2018 Q4 selloff,1/N Equal Weight,benchmark,"B (point-in-time, the actual test)",not applicable,2018-09-20,2018-12-24,CMS.N,0.0010245901639344,benchmark
2018 Q4 selloff,1/N Equal Weight,benchmark,"B (point-in-time, the actual test)",not applicable,2018-09-20,2018-12-24,CVS.N,0.0010245901639344,benchmark
2018 Q4 selloff,1/N Equal Weight,benchmark,"B (point-in-time, the actual test)",not applicable,2018-09-20,2018-12-24,SPG.N,0.0010245901639344,benchmark
2018 Q4 selloff,1/N Equal Weight,benchmark,"B (point-in-time, the actual test)",not applicable,2018-09-20,2018-12-24,MCHP.OQ,0.0010245901639344,benchmark
2018 Q4 selloff,1/N Equal Weight,benchmark,"B (point-in-time, the actual test)",not applicable,2018-09-20,2018-12-24,UAL.OQ,0.0010245901639344,benchmark
2018 Q4 selloff,1/N Equal Weight,benchmark,"B (point-in-time, the actual test)",not applicable,2018-09-20,2018-12-24,BG.N,0.0010245901639344,benchmark
2018 Q4 selloff,1/N Equal Weight,benchmark,"B (point-in-time, the actual test)",not applicable,2018-09-20,2018-12-24,CCI.N,0.0010245901639344,benchmark
2018 Q4 selloff,1/N Equal Weight,benchmark,"B (point-in-time, the actual test)",not applicable,2018-09-20,2018-12-24,WEC.N,0.0010245901639344,benchmark
2018 Q4 selloff,1/N Equal Weight,benchmark,"B (point-in-time, the actual test)",not applicable,2018-09-20,2018-12-24,STLD.OQ,0.0010245901639344,benchmark
2018 Q4 selloff,1/N Equal Weight,benchmark,"B (point-in-time, the actual test)",not applicable,2018-09-20,2018-12-24,FCX.N,0.0010245901639344,benchmark
2018 Q4 selloff,1/N Equal Weight,benchmark,"B (point-in-time, the actual test)",not applicable,2018-09-20,2018-12-24,FSLR.OQ,0.0010245901639344,benchmark
2018 Q4 selloff,1/N Equal Weight,benchmark,"B (point-in-time, the actual test)",not applicable,2018-09-20,2018-12-24,EW.N,0.0010245901639344,benchmark
2018 Q4 selloff,1/N Equal Weight,benchmark,"B (point-in-time, the actual test)",not applicable,2018-09-20,2018-12-24,MDT.N,0.0010245901639344,benchmark
2018 Q4 selloff,1/N Equal Weight,benchmark,"B (point-in-time, the actual test)",not applicable,2018-09-20,2018-12-24,ALGN.OQ,0.0010245901639344,benchmark
2018 Q4 selloff,1/N Equal Weight,benchmark,"B (point-in-time, the actual test)",not applicable,2018-09-20,2018-12-24,WST.N,0.0010245901639344,benchmark
2018 Q4 selloff,1/N Equal Weight,benchmark,"B (point-in-time, the actual test)",not applicable,2018-09-20,2018-12-24,V.N,0.0010245901639344,benchmark
2018 Q4 selloff,1/N Equal Weight,benchmark,"B (point-in-time, the actual test)",not applicable,2018-09-20,2018-12-24,INTC.OQ,0.0010245901639344,benchmark
2018 Q4 selloff,1/N Equal Weight,benchmark,"B (point-in-time, the actual test)",not applicable,2018-09-20,2018-12-24,SYF.N,0.0010245901639344,benchmark
2018 Q4 selloff,1/N Equal Weight,benchmark,"B (point-in-time, the actual test)",not applicable,2018-09-20,2018-12-24,LNT.OQ,0.0010245901639344,benchmark
2018 Q4 selloff,1/N Equal Weight,benchmark,"B (point-in-time, the actual test)",not applicable,2018-09-20,2018-12-24,NOW.N,0.0010245901639344,benchmark
2018 Q4 selloff,1/N Equal Weight,benchmark,"B (point-in-time, the actual test)",not applicable,2018-09-20,2018-12-24,TKO.N,0.0010245901639344,benchmark
2018 Q4 selloff,1/N Equal Weight,benchmark,"B (point-in-time, the actual test)",not applicable,2018-09-20,2018-12-24,DE.N,0.0010245901639344,benchmark
2018 Q4 selloff,1/N Equal Weight,benchmark,"B (point-in-time, the actual test)",not applicable,2018-09-20,2018-12-24,LHX.N,0.0010245901639344,benchmark
2018 Q4 selloff,1/N Equal Weight,benchmark,"B (point-in-time, the actual test)",not applicable,2018-09-20,2018-12-24,TROW.OQ,0.0010245901639344,benchmark
2018 Q4 selloff,1/N Equal Weight,benchmark,"B (point-in-time, the actual test)",not applicable,2018-09-20,2018-12-24,GPC.N,0.0010245901639344,benchmark
2018 Q4 selloff,1/N Equal Weight,benchmark,"B (point-in-time, the actual test)",not applicable,2018-09-20,2018-12-24,NVR.N,0.0010245901639344,benchmark
2018 Q4 selloff,1/N Equal Weight,benchmark,"B (point-in-time, the actual test)",not applicable,2018-09-20,2018-12-24,LVS.N,0.0010245901639344,benchmark
2018 Q4 selloff,1/N Equal Weight,benchmark,"B (point-in-time, the actual test)",not applicable,2018-09-20,2018-12-24,DECK.N,0.0010245901639344,benchmark
2018 Q4 selloff,1/N Equal Weight,benchmark,"B (point-in-time, the actual test)",not applicable,2018-09-20,2018-12-24,PLD.N,0.0010245901639344,benchmark
2018 Q4 selloff,1/N Equal Weight,benchmark,"B (point-in-time, the actual test)",not applicable,2018-09-20,2018-12-24,URI.N,0.0010245901639344,benchmark
2018 Q4 selloff,1/N Equal Weight,benchmark,"B (point-in-time, the actual test)",not applicable,2018-09-20,2018-12-24,NI.N,0.0010245901639344,benchmark
2018 Q4 selloff,1/N Equal Weight,benchmark,"B (point-in-time, the actual test)",not applicable,2018-09-20,2018-12-24,NTRS.OQ,0.0010245901639344,benchmark
2018 Q4 selloff,1/N Equal Weight,benchmark,"B (point-in-time, the actual test)",not applicable,2018-09-20,2018-12-24,NOC.N,0.0010245901639344,benchmark
2018 Q4 selloff,1/N Equal Weight,benchmark,"B (point-in-time, the actual test)",not applicable,2018-09-20,2018-12-24,MS.N,0.0010245901639344,benchmark
2018 Q4 selloff,1/N Equal Weight,benchmark,"B (point-in-time, the actual test)",not applicable,2018-09-20,2018-12-24,YUM.N,0.0010245901639344,benchmark
2018 Q4 selloff,1/N Equal Weight,benchmark,"B (point-in-time, the actual test)",not applicable,2018-09-20,2018-12-24,RMD.N,0.0010245901639344,benchmark
2018 Q4 selloff,1/N Equal Weight,benchmark,"B (point-in-time, the actual test)",not applicable,2018-09-20,2018-12-24,SYK.N,0.0010245901639344,benchmark
2018 Q4 selloff,1/N Equal Weight,benchmark,"B (point-in-time, the actual test)",not applicable,2018-09-20,2018-12-24,CL.N,0.0010245901639344,benchmark
2018 Q4 selloff,1/N Equal Weight,benchmark,"B (point-in-time, the actual test)",not applicable,2018-09-20,2018-12-24,SO.N,0.0010245901639344,benchmark
2018 Q4 selloff,1/N Equal Weight,benchmark,"B (point-in-time, the actual test)",not applicable,2018-09-20,2018-12-24,GS.N,0.0010245901639344,benchmark
2018 Q4 selloff,1/N Equal Weight,benchmark,"B (point-in-time, the actual test)",not applicable,2018-09-20,2018-12-24,SLB.N,0.0010245901639344,benchmark
2018 Q4 selloff,1/N Equal Weight,benchmark,"B (point-in-time, the actual test)",not applicable,2018-09-20,2018-12-24,BA.N,0.0010245901639344,benchmark
2018 Q4 selloff,1/N Equal Weight,benchmark,"B (point-in-time, the actual test)",not applicable,2018-09-20,2018-12-24,HST.OQ,0.0010245901639344,benchmark
2018 Q4 selloff,1/N Equal Weight,benchmark,"B (point-in-time, the actual test)",not applicable,2018-09-20,2018-12-24,CBRE.N,0.0010245901639344,benchmark
2018 Q4 selloff,1/N Equal Weight,benchmark,"B (point-in-time, the actual test)",not applicable,2018-09-20,2018-12-24,IBKR.OQ,0.0010245901639344,benchmark
2018 Q4 selloff,1/N Equal Weight,benchmark,"B (point-in-time, the actual test)",not applicable,2018-09-20,2018-12-24,IFF.N,0.0010245901639344,benchmark
2018 Q4 selloff,1/N Equal Weight,benchmark,"B (point-in-time, the actual test)",not applicable,2018-09-20,2018-12-24,CHD.N,0.0010245901639344,benchmark
2018 Q4 selloff,1/N Equal Weight,benchmark,"B (point-in-time, the actual test)",not applicable,2018-09-20,2018-12-24,SHW.N,0.0010245901639344,benchmark
2018 Q4 selloff,1/N Equal Weight,benchmark,"B (point-in-time, the actual test)",not applicable,2018-09-20,2018-12-24,BLK.N,0.0010245901639344,benchmark
2018 Q4 selloff,1/N Equal Weight,benchmark,"B (point-in-time, the actual test)",not applicable,2018-09-20,2018-12-24,HON.OQ,0.0010245901639344,benchmark
2018 Q4 selloff,1/N Equal Weight,benchmark,"B (point-in-time, the actual test)",not applicable,2018-09-20,2018-12-24,GPN.N,0.0010245901639344,benchmark
2018 Q4 selloff,1/N Equal Weight,benchmark,"B (point-in-time, the actual test)",not applicable,2018-09-20,2018-12-24,ADP.OQ,0.0010245901639344,benchmark
2018 Q4 selloff,1/N Equal Weight,benchmark,"B (point-in-time, the actual test)",not applicable,2018-09-20,2018-12-24,AMT.N,0.0010245901639344,benchmark
2018 Q4 selloff,1/N Equal Weight,benchmark,"B (point-in-time, the actual test)",not applicable,2018-09-20,2018-12-24,GLW.N,0.0010245901639344,benchmark
2018 Q4 selloff,1/N Equal Weight,benchmark,"B (point-in-time, the actual test)",not applicable,2018-09-20,2018-12-24,AWK.N,0.0010245901639344,benchmark
2018 Q4 selloff,1/N Equal Weight,benchmark,"B (point-in-time, the actual test)",not applicable,2018-09-20,2018-12-24,PNW.N,0.0010245901639344,benchmark
2018 Q4 selloff,1/N Equal Weight,benchmark,"B (point-in-time, the actual test)",not applicable,2018-09-20,2018-12-24,PGR.N,0.0010245901639344,benchmark
2018 Q4 selloff,1/N Equal Weight,benchmark,"B (point-in-time, the actual test)",not applicable,2018-09-20,2018-12-24,LUV.N,0.0010245901639344,benchmark
2018 Q4 selloff,1/N Equal Weight,benchmark,"B (point-in-time, the actual test)",not applicable,2018-09-20,2018-12-24,IVZ.N,0.0010245901639344,benchmark
2018 Q4 selloff,1/N Equal Weight,benchmark,"B (point-in-time, the actual test)",not applicable,2018-09-20,2018-12-24,CTAS.OQ,0.0010245901639344,benchmark
2018 Q4 selloff,1/N Equal Weight,benchmark,"B (point-in-time, the actual test)",not applicable,2018-09-20,2018-12-24,PODD.OQ,0.0010245901639344,benchmark
2018 Q4 selloff,1/N Equal Weight,benchmark,"B (point-in-time, the actual test)",not applicable,2018-09-20,2018-12-24,ABBV.N,0.0010245901639344,benchmark
2018 Q4 selloff,1/N Equal Weight,benchmark,"B (point-in-time, the actual test)",not applicable,2018-09-20,2018-12-24,REG.OQ,0.0010245901639344,benchmark
2018 Q4 selloff,1/N Equal Weight,benchmark,"B (point-in-time, the actual test)",not applicable,2018-09-20,2018-12-24,HUM.N,0.0010245901639344,benchmark
2018 Q4 selloff,1/N Equal Weight,benchmark,"B (point-in-time, the actual test)",not applicable,2018-09-20,2018-12-24,GE.N,0.0010245901639344,benchmark
2018 Q4 selloff,1/N Equal Weight,benchmark,"B (point-in-time, the actual test)",not applicable,2018-09-20,2018-12-24,GD.N,0.0010245901639344,benchmark
2018 Q4 selloff,1/N Equal Weight,benchmark,"B (point-in-time, the actual test)",not applicable,2018-09-20,2018-12-24,MSI.N,0.0010245901639344,benchmark
2018 Q4 selloff,1/N Equal Weight,benchmark,"B (point-in-time, the actual test)",not applicable,2018-09-20,2018-12-24,PWR.N,0.0010245901639344,benchmark
2018 Q4 selloff,1/N Equal Weight,benchmark,"B (point-in-time, the actual test)",not applicable,2018-09-20,2018-12-24,TGT.N,0.0010245901639344,benchmark
2018 Q4 selloff,1/N Equal Weight,benchmark,"B (point-in-time, the actual test)",not applicable,2018-09-20,2018-12-24,ARES.N,0.0010245901639344,benchmark
2018 Q4 selloff,1/N Equal Weight,benchmark,"B (point-in-time, the actual test)",not applicable,2018-09-20,2018-12-24,HUBB.N,0.0010245901639344,benchmark
2018 Q4 selloff,1/N Equal Weight,benchmark,"B (point-in-time, the actual test)",not applicable,2018-09-20,2018-12-24,AMAT.OQ,0.0010245901639344,benchmark
2018 Q4 selloff,1/N Equal Weight,benchmark,"B (point-in-time, the actual test)",not applicable,2018-09-20,2018-12-24,INCY.OQ,0.0010245901639344,benchmark
2018 Q4 selloff,1/N Equal Weight,benchmark,"B (point-in-time, the actual test)",not applicable,2018-09-20,2018-12-24,PYPL.OQ,0.0010245901639344,benchmark
2018 Q4 selloff,1/N Equal Weight,benchmark,"B (point-in-time, the actual test)",not applicable,2018-09-20,2018-12-24,PSX.N,0.0010245901639344,benchmark
2018 Q4 selloff,1/N Equal Weight,benchmark,"B (point-in-time, the actual test)",not applicable,2018-09-20,2018-12-24,NSC.N,0.0010245901639344,benchmark
2018 Q4 selloff,1/N Equal Weight,benchmark,"B (point-in-time, the actual test)",not applicable,2018-09-20,2018-12-24,BXP.N,0.0010245901639344,benchmark
2018 Q4 selloff,1/N Equal Weight,benchmark,"B (point-in-time, the actual test)",not applicable,2018-09-20,2018-12-24,CAH.N,0.0010245901639344,benchmark
2018 Q4 selloff,1/N Equal Weight,benchmark,"B (point-in-time, the actual test)",not applicable,2018-09-20,2018-12-24,LDOS.N,0.0010245901639344,benchmark
2018 Q4 selloff,1/N Equal Weight,benchmark,"B (point-in-time, the actual test)",not applicable,2018-09-20,2018-12-24,COF.N,0.0010245901639344,benchmark
2018 Q4 selloff,1/N Equal Weight,benchmark,"B (point-in-time, the actual test)",not applicable,2018-09-20,2018-12-24,BALL.N,0.0010245901639344,benchmark
2018 Q4 selloff,1/N Equal Weight,benchmark,"B (point-in-time, the actual test)",not applicable,2018-09-20,2018-12-24,OKE.N,0.0010245901639344,benchmark
2018 Q4 selloff,1/N Equal Weight,benchmark,"B (point-in-time, the actual test)",not applicable,2018-09-20,2018-12-24,TSCO.OQ,0.0010245901639344,benchmark
2018 Q4 selloff,1/N Equal Weight,benchmark,"B (point-in-time, the actual test)",not applicable,2018-09-20,2018-12-24,LOW.N,0.0010245901639344,benchmark
2018 Q4 selloff,1/N Equal Weight,benchmark,"B (point-in-time, the actual test)",not applicable,2018-09-20,2018-12-24,MPWR.OQ,0.0010245901639344,benchmark
2018 Q4 selloff,1/N Equal Weight,benchmark,"B (point-in-time, the actual test)",not applicable,2018-09-20,2018-12-24,LH.N,0.0010245901639344,benchmark
2018 Q4 selloff,1/N Equal Weight,benchmark,"B (point-in-time, the actual test)",not applicable,2018-09-20,2018-12-24,JKHY.OQ,0.0010245901639344,benchmark
2018 Q4 selloff,1/N Equal Weight,benchmark,"B (point-in-time, the actual test)",not applicable,2018-09-20,2018-12-24,TSLA.OQ,0.0010245901639344,benchmark
2018 Q4 selloff,1/N Equal Weight,benchmark,"B (point-in-time, the actual test)",not applicable,2018-09-20,2018-12-24,RL.N,0.0010245901639344,benchmark
2018 Q4 selloff,1/N Equal Weight,benchmark,"B (point-in-time, the actual test)",not applicable,2018-09-20,2018-12-24,AEP.OQ,0.0010245901639344,benchmark
2018 Q4 selloff,1/N Equal Weight,benchmark,"B (point-in-time, the actual test)",not applicable,2018-09-20,2018-12-24,FE.N,0.0010245901639344,benchmark
2018 Q4 selloff,1/N Equal Weight,benchmark,"B (point-in-time, the actual test)",not applicable,2018-09-20,2018-12-24,UNP.N,0.0010245901639344,benchmark
2018 Q4 selloff,1/N Equal Weight,benchmark,"B (point-in-time, the actual test)",not applicable,2018-09-20,2018-12-24,VTR.N,0.0010245901639344,benchmark
2018 Q4 selloff,1/N Equal Weight,benchmark,"B (point-in-time, the actual test)",not applicable,2018-09-20,2018-12-24,JBL.N,0.0010245901639344,benchmark
2018 Q4 selloff,1/N Equal Weight,benchmark,"B (point-in-time, the actual test)",not applicable,2018-09-20,2018-12-24,CSGP.OQ,0.0010245901639344,benchmark
2018 Q4 selloff,1/N Equal Weight,benchmark,"B (point-in-time, the actual test)",not applicable,2018-09-20,2018-12-24,RVTY.N,0.0010245901639344,benchmark
2018 Q4 selloff,1/N Equal Weight,benchmark,"B (point-in-time, the actual test)",not applicable,2018-09-20,2018-12-24,ALL.N,0.0010245901639344,benchmark
2018 Q4 selloff,1/N Equal Weight,benchmark,"B (point-in-time, the actual test)",not applicable,2018-09-20,2018-12-24,IP.N,0.0010245901639344,benchmark
2018 Q4 selloff,1/N Equal Weight,benchmark,"B (point-in-time, the actual test)",not applicable,2018-09-20,2018-12-24,SNA.N,0.0010245901639344,benchmark
2018 Q4 selloff,1/N Equal Weight,benchmark,"B (point-in-time, the actual test)",not applicable,2018-09-20,2018-12-24,EBAY.OQ,0.0010245901639344,benchmark
2018 Q4 selloff,1/N Equal Weight,benchmark,"B (point-in-time, the actual test)",not applicable,2018-09-20,2018-12-24,TPL.N,0.0010245901639344,benchmark
2018 Q4 selloff,1/N Equal Weight,benchmark,"B (point-in-time, the actual test)",not applicable,2018-09-20,2018-12-24,SJM.N,0.0010245901639344,benchmark
2018 Q4 selloff,1/N Equal Weight,benchmark,"B (point-in-time, the actual test)",not applicable,2018-09-20,2018-12-24,KO.N,0.0010245901639344,benchmark
2018 Q4 selloff,1/N Equal Weight,benchmark,"B (point-in-time, the actual test)",not applicable,2018-09-20,2018-12-24,FRT.N,0.0010245901639344,benchmark
2018 Q4 selloff,1/N Equal Weight,benchmark,"B (point-in-time, the actual test)",not applicable,2018-09-20,2018-12-24,VRSN.OQ,0.0010245901639344,benchmark
2018 Q4 selloff,1/N Equal Weight,benchmark,"B (point-in-time, the actual test)",not applicable,2018-09-20,2018-12-24,QCOM.OQ,0.0010245901639344,benchmark
2018 Q4 selloff,1/N Equal Weight,benchmark,"B (point-in-time, the actual test)",not applicable,2018-09-20,2018-12-24,CNP.N,0.0010245901639344,benchmark
2018 Q4 selloff,1/N Equal Weight,benchmark,"B (point-in-time, the actual test)",not applicable,2018-09-20,2018-12-24,CDNS.OQ,0.0010245901639344,benchmark
2018 Q4 selloff,1/N Equal Weight,benchmark,"B (point-in-time, the actual test)",not applicable,2018-09-20,2018-12-24,MDLZ.OQ,0.0010245901639344,benchmark
2018 Q4 selloff,1/N Equal Weight,benchmark,"B (point-in-time, the actual test)",not applicable,2018-09-20,2018-12-24,COHR.N,0.0010245901639344,benchmark
2018 Q4 selloff,1/N Equal Weight,benchmark,"B (point-in-time, the actual test)",not applicable,2018-09-20,2018-12-24,UPS.N,0.0010245901639344,benchmark
2018 Q4 selloff,1/N Equal Weight,benchmark,"B (point-in-time, the actual test)",not applicable,2018-09-20,2018-12-24,IBM.N,0.0010245901639344,benchmark
2018 Q4 selloff,1/N Equal Weight,benchmark,"B (point-in-time, the actual test)",not applicable,2018-09-20,2018-12-24,MSCI.N,0.0010245901639344,benchmark
2018 Q4 selloff,1/N Equal Weight,benchmark,"B (point-in-time, the actual test)",not applicable,2018-09-20,2018-12-24,MRK.N,0.0010245901639344,benchmark
2018 Q4 selloff,1/N Equal Weight,benchmark,"B (point-in-time, the actual test)",not applicable,2018-09-20,2018-12-24,TRMB.OQ,0.0010245901639344,benchmark
2018 Q4 selloff,1/N Equal Weight,benchmark,"B (point-in-time, the actual test)",not applicable,2018-09-20,2018-12-24,BIIB.OQ,0.0010245901639344,benchmark
2018 Q4 selloff,1/N Equal Weight,benchmark,"B (point-in-time, the actual test)",not applicable,2018-09-20,2018-12-24,DXCM.OQ,0.0010245901639344,benchmark
2018 Q4 selloff,1/N Equal Weight,benchmark,"B (point-in-time, the actual test)",not applicable,2018-09-20,2018-12-24,O.N,0.0010245901639344,benchmark
2018 Q4 selloff,1/N Equal Weight,benchmark,"B (point-in-time, the actual test)",not applicable,2018-09-20,2018-12-24,VEEV.N,0.0010245901639344,benchmark
2018 Q4 selloff,1/N Equal Weight,benchmark,"B (point-in-time, the actual test)",not applicable,2018-09-20,2018-12-24,BSX.N,0.0010245901639344,benchmark
2018 Q4 selloff,1/N Equal Weight,benchmark,"B (point-in-time, the actual test)",not applicable,2018-09-20,2018-12-24,VTRS.OQ,0.0010245901639344,benchmark
2018 Q4 selloff,1/N Equal Weight,benchmark,"B (point-in-time, the actual test)",not applicable,2018-09-20,2018-12-24,ORLY.OQ,0.0010245901639344,benchmark
2018 Q4 selloff,1/N Equal Weight,benchmark,"B (point-in-time, the actual test)",not applicable,2018-09-20,2018-12-24,KMI.N,0.0010245901639344,benchmark
2018 Q4 selloff,1/N Equal Weight,benchmark,"B (point-in-time, the actual test)",not applicable,2018-09-20,2018-12-24,CMI.N,0.0010245901639344,benchmark
2018 Q4 selloff,1/N Equal Weight,benchmark,"B (point-in-time, the actual test)",not applicable,2018-09-20,2018-12-24,GWW.N,0.0010245901639344,benchmark
2018 Q4 selloff,1/N Equal Weight,benchmark,"B (point-in-time, the actual test)",not applicable,2018-09-20,2018-12-24,ICE.N,0.0010245901639344,benchmark
2018 Q4 selloff,1/N Equal Weight,benchmark,"B (point-in-time, the actual test)",not applicable,2018-09-20,2018-12-24,APO.N,0.0010245901639344,benchmark
2018 Q4 selloff,1/N Equal Weight,benchmark,"B (point-in-time, the actual test)",not applicable,2018-09-20,2018-12-24,HAS.OQ,0.0010245901639344,benchmark
2018 Q4 selloff,1/N Equal Weight,benchmark,"B (point-in-time, the actual test)",not applicable,2018-09-20,2018-12-24,DGX.N,0.0010245901639344,benchmark
2018 Q4 selloff,1/N Equal Weight,benchmark,"B (point-in-time, the actual test)",not applicable,2018-09-20,2018-12-24,CPRT.OQ,0.0010245901639344,benchmark
2018 Q4 selloff,1/N Equal Weight,benchmark,"B (point-in-time, the actual test)",not applicable,2018-09-20,2018-12-24,ADI.OQ,0.0010245901639344,benchmark
2018 Q4 selloff,1/N Equal Weight,benchmark,"B (point-in-time, the actual test)",not applicable,2018-09-20,2018-12-24,SNPS.OQ,0.0010245901639344,benchmark
2018 Q4 selloff,1/N Equal Weight,benchmark,"B (point-in-time, the actual test)",not applicable,2018-09-20,2018-12-24,NDSN.OQ,0.0010245901639344,benchmark
2018 Q4 selloff,1/N Equal Weight,benchmark,"B (point-in-time, the actual test)",not applicable,2018-09-20,2018-12-24,PFG.OQ,0.0010245901639344,benchmark
2018 Q4 selloff,1/N Equal Weight,benchmark,"B (point-in-time, the actual test)",not applicable,2018-09-20,2018-12-24,PKG.N,0.0010245901639344,benchmark
2018 Q4 selloff,1/N Equal Weight,benchmark,"B (point-in-time, the actual test)",not applicable,2018-09-20,2018-12-24,TMO.N,0.0010245901639344,benchmark
2018 Q4 selloff,1/N Equal Weight,benchmark,"B (point-in-time, the actual test)",not applicable,2018-09-20,2018-12-24,FICO.N,0.0010245901639344,benchmark
2018 Q4 selloff,1/N Equal Weight,benchmark,"B (point-in-time, the actual test)",not applicable,2018-09-20,2018-12-24,IDXX.OQ,0.0010245901639344,benchmark
2018 Q4 selloff,1/N Equal Weight,benchmark,"B (point-in-time, the actual test)",not applicable,2018-09-20,2018-12-24,TDY.N,0.0010245901639344,benchmark
2018 Q4 selloff,1/N Equal Weight,benchmark,"B (point-in-time, the actual test)",not applicable,2018-09-20,2018-12-24,AES.N,0.0010245901639344,benchmark
2018 Q4 selloff,1/N Equal Weight,benchmark,"B (point-in-time, the actual test)",not applicable,2018-09-20,2018-12-24,TMUS.OQ,0.0010245901639344,benchmark
2018 Q4 selloff,1/N Equal Weight,benchmark,"B (point-in-time, the actual test)",not applicable,2018-09-20,2018-12-24,PH.N,0.0010245901639344,benchmark
2018 Q4 selloff,1/N Equal Weight,benchmark,"B (point-in-time, the actual test)",not applicable,2018-09-20,2018-12-24,AIZ.N,0.0010245901639344,benchmark
2018 Q4 selloff,1/N Equal Weight,benchmark,"B (point-in-time, the actual test)",not applicable,2018-09-20,2018-12-24,EIX.N,0.0010245901639344,benchmark
2018 Q4 selloff,1/N Equal Weight,benchmark,"B (point-in-time, the actual test)",not applicable,2018-09-20,2018-12-24,TT.N,0.0010245901639344,benchmark
2018 Q4 selloff,1/N Equal Weight,benchmark,"B (point-in-time, the actual test)",not applicable,2018-09-20,2018-12-24,DRI.N,0.0010245901639344,benchmark
2018 Q4 selloff,1/N Equal Weight,benchmark,"B (point-in-time, the actual test)",not applicable,2018-09-20,2018-12-24,EFX.N,0.0010245901639344,benchmark
2018 Q4 selloff,1/N Equal Weight,benchmark,"B (point-in-time, the actual test)",not applicable,2018-09-20,2018-12-24,CINF.OQ,0.0010245901639344,benchmark
2018 Q4 selloff,1/N Equal Weight,benchmark,"B (point-in-time, the actual test)",not applicable,2018-09-20,2018-12-24,HLT.N,0.0010245901639344,benchmark
2018 Q4 selloff,1/N Equal Weight,benchmark,"B (point-in-time, the actual test)",not applicable,2018-09-20,2018-12-24,CB.N,0.0010245901639344,benchmark
2018 Q4 selloff,1/N Equal Weight,benchmark,"B (point-in-time, the actual test)",not applicable,2018-09-20,2018-12-24,WMT.OQ,0.0010245901639344,benchmark
2018 Q4 selloff,1/N Equal Weight,benchmark,"B (point-in-time, the actual test)",not applicable,2018-09-20,2018-12-24,CBOE.Z,0.0010245901639344,benchmark
2018 Q4 selloff,1/N Equal Weight,benchmark,"B (point-in-time, the actual test)",not applicable,2018-09-20,2018-12-24,KEYS.N,0.0010245901639344,benchmark
2018 Q4 selloff,1/N Equal Weight,benchmark,"B (point-in-time, the actual test)",not applicable,2018-09-20,2018-12-24,CHRW.OQ,0.0010245901639344,benchmark
2018 Q4 selloff,1/N Equal Weight,benchmark,"B (point-in-time, the actual test)",not applicable,2018-09-20,2018-12-24,TYL.N,0.0010245901639344,benchmark
2018 Q4 selloff,1/N Equal Weight,benchmark,"B (point-in-time, the actual test)",not applicable,2018-09-20,2018-12-24,PM.N,0.0010245901639344,benchmark
2018 Q4 selloff,1/N Equal Weight,benchmark,"B (point-in-time, the actual test)",not applicable,2018-09-20,2018-12-24,ES.N,0.0010245901639344,benchmark
2018 Q4 selloff,1/N Equal Weight,benchmark,"B (point-in-time, the actual test)",not applicable,2018-09-20,2018-12-24,LII.N,0.0010245901639344,benchmark
2018 Q4 selloff,1/N Equal Weight,benchmark,"B (point-in-time, the actual test)",not applicable,2018-09-20,2018-12-24,NWSA.OQ,0.0010245901639344,benchmark
2018 Q4 selloff,1/N Equal Weight,benchmark,"B (point-in-time, the actual test)",not applicable,2018-09-20,2018-12-24,FIX.N,0.0010245901639344,benchmark
2018 Q4 selloff,1/N Equal Weight,benchmark,"B (point-in-time, the actual test)",not applicable,2018-09-20,2018-12-24,NDAQ.OQ,0.0010245901639344,benchmark
2018 Q4 selloff,1/N Equal Weight,benchmark,"B (point-in-time, the actual test)",not applicable,2018-09-20,2018-12-24,BAC.N,0.0010245901639344,benchmark
2018 Q4 selloff,1/N Equal Weight,benchmark,"B (point-in-time, the actual test)",not applicable,2018-09-20,2018-12-24,RJF.N,0.0010245901639344,benchmark
2018 Q4 selloff,1/N Equal Weight,benchmark,"B (point-in-time, the actual test)",not applicable,2018-09-20,2018-12-24,CAG.N,0.0010245901639344,benchmark
2018 Q4 selloff,1/N Equal Weight,benchmark,"B (point-in-time, the actual test)",not applicable,2018-09-20,2018-12-24,FIS.N,0.0010245901639344,benchmark
2018 Q4 selloff,1/N Equal Weight,benchmark,"B (point-in-time, the actual test)",not applicable,2018-09-20,2018-12-24,PHM.N,0.0010245901639344,benchmark
2018 Q4 selloff,1/N Equal Weight,benchmark,"B (point-in-time, the actual test)",not applicable,2018-09-20,2018-12-24,FFIV.OQ,0.0010245901639344,benchmark
2018 Q4 selloff,1/N Equal Weight,benchmark,"B (point-in-time, the actual test)",not applicable,2018-09-20,2018-12-24,DG.N,0.0010245901639344,benchmark
2018 Q4 selloff,1/N Equal Weight,benchmark,"B (point-in-time, the actual test)",not applicable,2018-09-20,2018-12-24,WDC.OQ,0.0010245901639344,benchmark
2018 Q4 selloff,1/N Equal Weight,benchmark,"B (point-in-time, the actual test)",not applicable,2018-09-20,2018-12-24,EL.N,0.0010245901639344,benchmark
2018 Q4 selloff,1/N Equal Weight,benchmark,"B (point-in-time, the actual test)",not applicable,2018-09-20,2018-12-24,PEP.OQ,0.0010245901639344,benchmark
2018 Q4 selloff,1/N Equal Weight,benchmark,"B (point-in-time, the actual test)",not applicable,2018-09-20,2018-12-24,TRGP.N,0.0010245901639344,benchmark
2018 Q4 selloff,1/N Equal Weight,benchmark,"B (point-in-time, the actual test)",not applicable,2018-09-20,2018-12-24,USB.N,0.0010245901639344,benchmark
2018 Q4 selloff,1/N Equal Weight,benchmark,"B (point-in-time, the actual test)",not applicable,2018-09-20,2018-12-24,AOS.N,0.0010245901639344,benchmark
2018 Q4 selloff,1/N Equal Weight,benchmark,"B (point-in-time, the actual test)",not applicable,2018-09-20,2018-12-24,MSFT.OQ,0.0010245901639344,benchmark
2018 Q4 selloff,1/N Equal Weight,benchmark,"B (point-in-time, the actual test)",not applicable,2018-09-20,2018-12-24,TRV.N,0.0010245901639344,benchmark
2018 Q4 selloff,1/N Equal Weight,benchmark,"B (point-in-time, the actual test)",not applicable,2018-09-20,2018-12-24,PAYX.OQ,0.0010245901639344,benchmark
2018 Q4 selloff,1/N Equal Weight,benchmark,"B (point-in-time, the actual test)",not applicable,2018-09-20,2018-12-24,HBAN.OQ,0.0010245901639344,benchmark
2018 Q4 selloff,1/N Equal Weight,benchmark,"B (point-in-time, the actual test)",not applicable,2018-09-20,2018-12-24,COST.OQ,0.0010245901639344,benchmark
2018 Q4 selloff,1/N Equal Weight,benchmark,"B (point-in-time, the actual test)",not applicable,2018-09-20,2018-12-24,WSM.N,0.0010245901639344,benchmark
2018 Q4 selloff,1/N Equal Weight,benchmark,"B (point-in-time, the actual test)",not applicable,2018-09-20,2018-12-24,PANW.OQ,0.0010245901639344,benchmark
2018 Q4 selloff,1/N Equal Weight,benchmark,"B (point-in-time, the actual test)",not applicable,2018-09-20,2018-12-24,MLM.N,0.0010245901639344,benchmark
2018 Q4 selloff,1/N Equal Weight,benchmark,"B (point-in-time, the actual test)",not applicable,2018-09-20,2018-12-24,EVRG.OQ,0.0010245901639344,benchmark
2018 Q4 selloff,1/N Equal Weight,benchmark,"B (point-in-time, the actual test)",not applicable,2018-09-20,2018-12-24,TXN.OQ,0.0010245901639344,benchmark
2018 Q4 selloff,1/N Equal Weight,benchmark,"B (point-in-time, the actual test)",not applicable,2018-09-20,2018-12-24,MKC.N,0.0010245901639344,benchmark
2018 Q4 selloff,1/N Equal Weight,benchmark,"B (point-in-time, the actual test)",not applicable,2018-09-20,2018-12-24,ISRG.OQ,0.0010245901639344,benchmark
2018 Q4 selloff,1/N Equal Weight,benchmark,"B (point-in-time, the actual test)",not applicable,2018-09-20,2018-12-24,CMG.N,0.0010245901639344,benchmark
2018 Q4 selloff,1/N Equal Weight,benchmark,"B (point-in-time, the actual test)",not applicable,2018-09-20,2018-12-24,CPT.N,0.0010245901639344,benchmark
2018 Q4 selloff,1/N Equal Weight,benchmark,"B (point-in-time, the actual test)",not applicable,2018-09-20,2018-12-24,LLY.N,0.0010245901639344,benchmark
2018 Q4 selloff,1/N Equal Weight,benchmark,"B (point-in-time, the actual test)",not applicable,2018-09-20,2018-12-24,MET.N,0.0010245901639344,benchmark
2018 Q4 selloff,1/N Equal Weight,benchmark,"B (point-in-time, the actual test)",not applicable,2018-09-20,2018-12-24,T.N,0.0010245901639344,benchmark
2018 Q4 selloff,1/N Equal Weight,benchmark,"B (point-in-time, the actual test)",not applicable,2018-09-20,2018-12-24,FAST.OQ,0.0010245901639344,benchmark
2018 Q4 selloff,1/N Equal Weight,benchmark,"B (point-in-time, the actual test)",not applicable,2018-09-20,2018-12-24,COR.N,0.0010245901639344,benchmark
2018 Q4 selloff,1/N Equal Weight,benchmark,"B (point-in-time, the actual test)",not applicable,2018-09-20,2018-12-24,ROST.OQ,0.0010245901639344,benchmark
2018 Q4 selloff,1/N Equal Weight,benchmark,"B (point-in-time, the actual test)",not applicable,2018-09-20,2018-12-24,CPB.OQ,0.0010245901639344,benchmark
2018 Q4 selloff,1/N Equal Weight,benchmark,"B (point-in-time, the actual test)",not applicable,2018-09-20,2018-12-24,MTD.N,0.0010245901639344,benchmark
2018 Q4 selloff,1/N Equal Weight,benchmark,"B (point-in-time, the actual test)",not applicable,2018-09-20,2018-12-24,RTX.N,0.0010245901639344,benchmark
2018 Q4 selloff,1/N Equal Weight,benchmark,"B (point-in-time, the actual test)",not applicable,2018-09-20,2018-12-24,INTU.OQ,0.0010245901639344,benchmark
2018 Q4 selloff,1/N Equal Weight,benchmark,"B (point-in-time, the actual test)",not applicable,2018-09-20,2018-12-24,AMP.N,0.0010245901639344,benchmark
2018 Q4 selloff,1/N Equal Weight,benchmark,"B (point-in-time, the actual test)",not applicable,2018-09-20,2018-12-24,MTB.N,0.0010245901639344,benchmark
2018 Q4 selloff,1/N Equal Weight,benchmark,"B (point-in-time, the actual test)",not applicable,2018-09-20,2018-12-24,VLO.N,0.0010245901639344,benchmark
2018 Q4 selloff,1/N Equal Weight,benchmark,"B (point-in-time, the actual test)",not applicable,2018-09-20,2018-12-24,ECL.N,0.0010245901639344,benchmark
2018 Q4 selloff,1/N Equal Weight,benchmark,"B (point-in-time, the actual test)",not applicable,2018-09-20,2018-12-24,PSA.N,0.0010245901639344,benchmark
2018 Q4 selloff,1/N Equal Weight,benchmark,"B (point-in-time, the actual test)",not applicable,2018-09-20,2018-12-24,KKR.N,0.0010245901639344,benchmark
2018 Q4 selloff,1/N Equal Weight,benchmark,"B (point-in-time, the actual test)",not applicable,2018-09-20,2018-12-24,MU.OQ,0.0010245901639344,benchmark
2018 Q4 selloff,1/N Equal Weight,benchmark,"B (point-in-time, the actual test)",not applicable,2018-09-20,2018-12-24,WELL.N,0.0010245901639344,benchmark
2018 Q4 selloff,1/N Equal Weight,benchmark,"B (point-in-time, the actual test)",not applicable,2018-09-20,2018-12-24,AKAM.OQ,0.0010245901639344,benchmark
2018 Q4 selloff,1/N Equal Weight,benchmark,"B (point-in-time, the actual test)",not applicable,2018-09-20,2018-12-24,DHR.N,0.0010245901639344,benchmark
2018 Q4 selloff,1/N Equal Weight,benchmark,"B (point-in-time, the actual test)",not applicable,2018-09-20,2018-12-24,PCAR.OQ,0.0010245901639344,benchmark
2018 Q4 selloff,1/N Equal Weight,benchmark,"B (point-in-time, the actual test)",not applicable,2018-09-20,2018-12-24,PFE.N,0.0010245901639344,benchmark
2018 Q4 selloff,1/N Equal Weight,benchmark,"B (point-in-time, the actual test)",not applicable,2018-09-20,2018-12-24,GM.N,0.0010245901639344,benchmark
2018 Q4 selloff,1/N Equal Weight,benchmark,"B (point-in-time, the actual test)",not applicable,2018-09-20,2018-12-24,AMGN.OQ,0.0010245901639344,benchmark
2018 Q4 selloff,1/N Equal Weight,benchmark,"B (point-in-time, the actual test)",not applicable,2018-09-20,2018-12-24,AXON.OQ,0.0010245901639344,benchmark
2018 Q4 selloff,1/N Equal Weight,benchmark,"B (point-in-time, the actual test)",not applicable,2018-09-20,2018-12-24,NEM.N,0.0010245901639344,benchmark
2018 Q4 selloff,1/N Equal Weight,benchmark,"B (point-in-time, the actual test)",not applicable,2018-09-20,2018-12-24,CSCO.OQ,0.0010245901639344,benchmark
2018 Q4 selloff,1/N Equal Weight,benchmark,"B (point-in-time, the actual test)",not applicable,2018-09-20,2018-12-24,HPQ.N,0.0010245901639344,benchmark
2018 Q4 selloff,1/N Equal Weight,benchmark,"B (point-in-time, the actual test)",not applicable,2018-09-20,2018-12-24,ETN.N,0.0010245901639344,benchmark
2018 Q4 selloff,1/N Equal Weight,benchmark,"B (point-in-time, the actual test)",not applicable,2018-09-20,2018-12-24,GNRC.N,0.0010245901639344,benchmark
2018 Q4 selloff,1/N Equal Weight,benchmark,"B (point-in-time, the actual test)",not applicable,2018-09-20,2018-12-24,DPZ.OQ,0.0010245901639344,benchmark
2018 Q4 selloff,1/N Equal Weight,benchmark,"B (point-in-time, the actual test)",not applicable,2018-09-20,2018-12-24,MGM.N,0.0010245901639344,benchmark
2018 Q4 selloff,1/N Equal Weight,benchmark,"B (point-in-time, the actual test)",not applicable,2018-09-20,2018-12-24,AJG.N,0.0010245901639344,benchmark
2018 Q4 selloff,1/N Equal Weight,benchmark,"B (point-in-time, the actual test)",not applicable,2018-09-20,2018-12-24,MPC.N,0.0010245901639344,benchmark
2018 Q4 selloff,1/N Equal Weight,benchmark,"B (point-in-time, the actual test)",not applicable,2018-09-20,2018-12-24,ARE.N,0.0010245901639344,benchmark
2018 Q4 selloff,1/N Equal Weight,benchmark,"B (point-in-time, the actual test)",not applicable,2018-09-20,2018-12-24,AFL.N,0.0010245901639344,benchmark
2018 Q4 selloff,1/N Equal Weight,benchmark,"B (point-in-time, the actual test)",not applicable,2018-09-20,2018-12-24,CTSH.OQ,0.0010245901639344,benchmark
2018 Q4 selloff,1/N Equal Weight,benchmark,"B (point-in-time, the actual test)",not applicable,2018-09-20,2018-12-24,CF.N,0.0010245901639344,benchmark
2018 Q4 selloff,1/N Equal Weight,benchmark,"B (point-in-time, the actual test)",not applicable,2018-09-20,2018-12-24,ANET.N,0.0010245901639344,benchmark
2018 Q4 selloff,1/N Equal Weight,benchmark,"B (point-in-time, the actual test)",not applicable,2018-09-20,2018-12-24,GOOGL.OQ,0.0010245901639344,benchmark
2018 Q4 selloff,1/N Equal Weight,benchmark,"B (point-in-time, the actual test)",not applicable,2018-09-20,2018-12-24,GIS.N,0.0010245901639344,benchmark
2018 Q4 selloff,1/N Equal Weight,benchmark,"B (point-in-time, the actual test)",not applicable,2018-09-20,2018-12-24,IQV.N,0.0010245901639344,benchmark
2018 Q4 selloff,1/N Equal Weight,benchmark,"B (point-in-time, the actual test)",not applicable,2018-09-20,2018-12-24,TAP.N,0.0010245901639344,benchmark
2018 Q4 selloff,1/N Equal Weight,benchmark,"B (point-in-time, the actual test)",not applicable,2018-09-20,2018-12-24,NCLH.N,0.0010245901639344,benchmark
2018 Q4 selloff,1/N Equal Weight,benchmark,"B (point-in-time, the actual test)",not applicable,2018-09-20,2018-12-24,STX.OQ,0.0010245901639344,benchmark
2018 Q4 selloff,1/N Equal Weight,benchmark,"B (point-in-time, the actual test)",not applicable,2018-09-20,2018-12-24,TECH.OQ,0.0010245901639344,benchmark
2018 Q4 selloff,1/N Equal Weight,benchmark,"B (point-in-time, the actual test)",not applicable,2018-09-20,2018-12-24,BFb.N,0.0010245901639344,benchmark
2018 Q4 selloff,1/N Equal Weight,benchmark,"B (point-in-time, the actual test)",not applicable,2018-09-20,2018-12-24,JCI.N,0.0010245901639344,benchmark
2018 Q4 selloff,1/N Equal Weight,benchmark,"B (point-in-time, the actual test)",not applicable,2018-09-20,2018-12-24,KR.N,0.0010245901639344,benchmark
2018 Q4 selloff,1/N Equal Weight,benchmark,"B (point-in-time, the actual test)",not applicable,2018-09-20,2018-12-24,AZO.N,0.0010245901639344,benchmark
2018 Q4 selloff,1/N Equal Weight,benchmark,"B (point-in-time, the actual test)",not applicable,2018-09-20,2018-12-24,KDP.OQ,0.0010245901639344,benchmark
2018 Q4 selloff,1/N Equal Weight,benchmark,"B (point-in-time, the actual test)",not applicable,2018-09-20,2018-12-24,BDX.N,0.0010245901639344,benchmark
2018 Q4 selloff,1/N Equal Weight,benchmark,"B (point-in-time, the actual test)",not applicable,2018-09-20,2018-12-24,L.N,0.0010245901639344,benchmark
2018 Q4 selloff,1/N Equal Weight,benchmark,"B (point-in-time, the actual test)",not applicable,2018-09-20,2018-12-24,WDAY.OQ,0.0010245901639344,benchmark
2018 Q4 selloff,1/N Equal Weight,benchmark,"B (point-in-time, the actual test)",not applicable,2018-09-20,2018-12-24,BRO.N,0.0010245901639344,benchmark
2018 Q4 selloff,1/N Equal Weight,benchmark,"B (point-in-time, the actual test)",not applicable,2018-09-20,2018-12-24,OXY.N,0.0010245901639344,benchmark
2018 Q4 selloff,1/N Equal Weight,benchmark,"B (point-in-time, the actual test)",not applicable,2018-09-20,2018-12-24,DTE.N,0.0010245901639344,benchmark
2018 Q4 selloff,1/N Equal Weight,benchmark,"B (point-in-time, the actual test)",not applicable,2018-09-20,2018-12-24,MCK.N,0.0010245901639344,benchmark
2018 Q4 selloff,1/N Equal Weight,benchmark,"B (point-in-time, the actual test)",not applicable,2018-09-20,2018-12-24,APD.N,0.0010245901639344,benchmark
2018 Q4 selloff,1/N Equal Weight,benchmark,"B (point-in-time, the actual test)",not applicable,2018-09-20,2018-12-24,CI.N,0.0010245901639344,benchmark
2018 Q4 selloff,1/N Equal Weight,benchmark,"B (point-in-time, the actual test)",not applicable,2018-09-20,2018-12-24,ZBRA.OQ,0.0010245901639344,benchmark
2018 Q4 selloff,1/N Equal Weight,benchmark,"B (point-in-time, the actual test)",not applicable,2018-09-20,2018-12-24,ADM.N,0.0010245901639344,benchmark
2018 Q4 selloff,1/N Equal Weight,benchmark,"B (point-in-time, the actual test)",not applicable,2018-09-20,2018-12-24,PNC.N,0.0010245901639344,benchmark
2018 Q4 selloff,1/N Equal Weight,benchmark,"B (point-in-time, the actual test)",not applicable,2018-09-20,2018-12-24,LIN.OQ,0.0010245901639344,benchmark
2018 Q4 selloff,1/N Equal Weight,benchmark,"B (point-in-time, the actual test)",not applicable,2018-09-20,2018-12-24,LYB.N,0.0010245901639344,benchmark
2018 Q4 selloff,1/N Equal Weight,benchmark,"B (point-in-time, the actual test)",not applicable,2018-09-20,2018-12-24,FITB.N,0.0010245901639344,benchmark
2018 Q4 selloff,1/N Equal Weight,benchmark,"B (point-in-time, the actual test)",not applicable,2018-09-20,2018-12-24,CCL.N,0.0010245901639344,benchmark
2018 Q4 selloff,1/N Equal Weight,benchmark,"B (point-in-time, the actual test)",not applicable,2018-09-20,2018-12-24,MCO.N,0.0010245901639344,benchmark
2018 Q4 selloff,1/N Equal Weight,benchmark,"B (point-in-time, the actual test)",not applicable,2018-09-20,2018-12-24,PTC.OQ,0.0010245901639344,benchmark
2018 Q4 selloff,1/N Equal Weight,benchmark,"B (point-in-time, the actual test)",not applicable,2018-09-20,2018-12-24,CMCSA.OQ,0.0010245901639344,benchmark
2018 Q4 selloff,1/N Equal Weight,benchmark,"B (point-in-time, the actual test)",not applicable,2018-09-20,2018-12-24,DOC.N,0.0010245901639344,benchmark
2018 Q4 selloff,1/N Equal Weight,benchmark,"B (point-in-time, the actual test)",not applicable,2018-09-20,2018-12-24,EQIX.OQ,0.0010245901639344,benchmark
2018 Q4 selloff,1/N Equal Weight,benchmark,"B (point-in-time, the actual test)",not applicable,2018-09-20,2018-12-24,ALB.N,0.0010245901639344,benchmark
2018 Q4 selloff,1/N Equal Weight,benchmark,"B (point-in-time, the actual test)",not applicable,2018-09-20,2018-12-24,BEN.N,0.0010245901639344,benchmark
2018 Q4 selloff,1/N Equal Weight,benchmark,"B (point-in-time, the actual test)",not applicable,2018-09-20,2018-12-24,RCL.N,0.0010245901639344,benchmark
2018 Q4 selloff,1/N Equal Weight,benchmark,"B (point-in-time, the actual test)",not applicable,2018-09-20,2018-12-24,HII.N,0.0010245901639344,benchmark
2018 Q4 selloff,1/N Equal Weight,benchmark,"B (point-in-time, the actual test)",not applicable,2018-09-20,2018-12-24,AVY.N,0.0010245901639344,benchmark
2018 Q4 selloff,1/N Equal Weight,benchmark,"B (point-in-time, the actual test)",not applicable,2018-09-20,2018-12-24,EMR.N,0.0010245901639344,benchmark
2018 Q4 selloff,1/N Equal Weight,benchmark,"B (point-in-time, the actual test)",not applicable,2018-09-20,2018-12-24,FANG.OQ,0.0010245901639344,benchmark
2018 Q4 selloff,1/N Equal Weight,benchmark,"B (point-in-time, the actual test)",not applicable,2018-09-20,2018-12-24,ROK.N,0.0010245901639344,benchmark
2018 Q4 selloff,1/N Equal Weight,benchmark,"B (point-in-time, the actual test)",not applicable,2018-09-20,2018-12-24,DIS.N,0.0010245901639344,benchmark
2018 Q4 selloff,1/N Equal Weight,benchmark,"B (point-in-time, the actual test)",not applicable,2018-09-20,2018-12-24,KHC.OQ,0.0010245901639344,benchmark
2018 Q4 selloff,1/N Equal Weight,benchmark,"B (point-in-time, the actual test)",not applicable,2018-09-20,2018-12-24,NEE.N,0.0010245901639344,benchmark
2018 Q4 selloff,1/N Equal Weight,benchmark,"B (point-in-time, the actual test)",not applicable,2018-09-20,2018-12-24,ADBE.OQ,0.0010245901639344,benchmark
2018 Q4 selloff,1/N Equal Weight,benchmark,"B (point-in-time, the actual test)",not applicable,2018-09-20,2018-12-24,VRSK.OQ,0.0010245901639344,benchmark
2018 Q4 selloff,1/N Equal Weight,benchmark,"B (point-in-time, the actual test)",not applicable,2018-09-20,2018-12-24,ALLE.N,0.0010245901639344,benchmark
2018 Q4 selloff,1/N Equal Weight,benchmark,"B (point-in-time, the actual test)",not applicable,2018-09-20,2018-12-24,BLDR.N,0.0010245901639344,benchmark
2018 Q4 selloff,1/N Equal Weight,benchmark,"B (point-in-time, the actual test)",not applicable,2018-09-20,2018-12-24,LITE.OQ,0.0010245901639344,benchmark
2018 Q4 selloff,1/N Equal Weight,benchmark,"B (point-in-time, the actual test)",not applicable,2018-09-20,2018-12-24,NRG.N,0.0010245901639344,benchmark
2018 Q4 selloff,1/N Equal Weight,benchmark,"B (point-in-time, the actual test)",not applicable,2018-09-20,2018-12-24,ACGL.OQ,0.0010245901639344,benchmark
2018 Q4 selloff,1/N Equal Weight,benchmark,"B (point-in-time, the actual test)",not applicable,2018-09-20,2018-12-24,GOOG.OQ,0.0010245901639344,benchmark
2018 Q4 selloff,1/N Equal Weight,benchmark,"B (point-in-time, the actual test)",not applicable,2018-09-20,2018-12-24,KIM.N,0.0010245901639344,benchmark
2018 Q4 selloff,1/N Equal Weight,benchmark,"B (point-in-time, the actual test)",not applicable,2018-09-20,2018-12-24,CPAY.N,0.0010245901639344,benchmark
2018 Q4 selloff,1/N Equal Weight,benchmark,"B (point-in-time, the actual test)",not applicable,2018-09-20,2018-12-24,BKR.OQ,0.0010245901639344,benchmark
2018 Q4 selloff,1/N Equal Weight,benchmark,"B (point-in-time, the actual test)",not applicable,2018-09-20,2018-12-24,GRMN.N,0.0010245901639344,benchmark
2018 Q4 selloff,1/N Equal Weight,benchmark,"B (point-in-time, the actual test)",not applicable,2018-09-20,2018-12-24,CNC.N,0.0010245901639344,benchmark
2018 Q4 selloff,1/N Equal Weight,benchmark,"B (point-in-time, the actual test)",not applicable,2018-09-20,2018-12-24,AIG.N,0.0010245901639344,benchmark
2018 Q4 selloff,1/N Equal Weight,benchmark,"B (point-in-time, the actual test)",not applicable,2018-09-20,2018-12-24,SBUX.OQ,0.0010245901639344,benchmark
2018 Q4 selloff,1/N Equal Weight,benchmark,"B (point-in-time, the actual test)",not applicable,2018-09-20,2018-12-24,REGN.OQ,0.0010245901639344,benchmark
2018 Q4 selloff,1/N Equal Weight,benchmark,"B (point-in-time, the actual test)",not applicable,2018-09-20,2018-12-24,JPM.N,0.0010245901639344,benchmark
2018 Q4 selloff,1/N Equal Weight,benchmark,"B (point-in-time, the actual test)",not applicable,2018-09-20,2018-12-24,MAR.OQ,0.0010245901639344,benchmark
2018 Q4 selloff,1/N Equal Weight,benchmark,"B (point-in-time, the actual test)",not applicable,2018-09-20,2018-12-24,EQT.N,0.0010245901639344,benchmark
2018 Q4 selloff,1/N Equal Weight,benchmark,"B (point-in-time, the actual test)",not applicable,2018-09-20,2018-12-24,AEE.N,0.0010245901639344,benchmark
2018 Q4 selloff,1/N Equal Weight,benchmark,"B (point-in-time, the actual test)",not applicable,2018-09-20,2018-12-24,WFC.N,0.0010245901639344,benchmark
2018 Q4 selloff,1/N Equal Weight,benchmark,"B (point-in-time, the actual test)",not applicable,2018-09-20,2018-12-24,CSX.OQ,0.0010245901639344,benchmark
2018 Q4 selloff,1/N Equal Weight,benchmark,"B (point-in-time, the actual test)",not applicable,2018-09-20,2018-12-24,NFLX.OQ,0.0010245901639344,benchmark
2018 Q4 selloff,1/N Equal Weight,benchmark,"B (point-in-time, the actual test)",not applicable,2018-09-20,2018-12-24,SWK.N,0.0010245901639344,benchmark
2018 Q4 selloff,1/N Equal Weight,benchmark,"B (point-in-time, the actual test)",not applicable,2018-09-20,2018-12-24,VZ.N,0.0010245901639344,benchmark
2018 Q4 selloff,1/N Equal Weight,benchmark,"B (point-in-time, the actual test)",not applicable,2018-09-20,2018-12-24,CASY.OQ,0.0010245901639344,benchmark
2018 Q4 selloff,1/N Equal Weight,benchmark,"B (point-in-time, the actual test)",not applicable,2018-09-20,2018-12-24,TFC.N,0.0010245901639344,benchmark
2018 Q4 selloff,1/N Equal Weight,benchmark,"B (point-in-time, the actual test)",not applicable,2018-09-20,2018-12-24,ABT.N,0.0010245901639344,benchmark
2018 Q4 selloff,1/N Equal Weight,benchmark,"B (point-in-time, the actual test)",not applicable,2018-09-20,2018-12-24,MA.N,0.0010245901639344,benchmark
2018 Q4 selloff,1/N Equal Weight,benchmark,"B (point-in-time, the actual test)",not applicable,2018-09-20,2018-12-24,RSG.N,0.0010245901639344,benchmark
2018 Q4 selloff,1/N Equal Weight,benchmark,"B (point-in-time, the actual test)",not applicable,2018-09-20,2018-12-24,STE.N,0.0010245901639344,benchmark
2018 Q4 selloff,1/N Equal Weight,benchmark,"B (point-in-time, the actual test)",not applicable,2018-09-20,2018-12-24,AMZN.OQ,0.0010245901639344,benchmark
2018 Q4 selloff,1/N Equal Weight,benchmark,"B (point-in-time, the actual test)",not applicable,2018-09-20,2018-12-24,MMM.N,0.0010245901639344,benchmark
2018 Q4 selloff,1/N Equal Weight,benchmark,"B (point-in-time, the actual test)",not applicable,2018-09-20,2018-12-24,CDW.OQ,0.0010245901639344,benchmark
2018 Q4 selloff,1/N Equal Weight,benchmark,"B (point-in-time, the actual test)",not applicable,2018-09-20,2018-12-24,COO.OQ,0.0010245901639344,benchmark
2018 Q4 selloff,1/N Equal Weight,benchmark,"B (point-in-time, the actual test)",not applicable,2018-09-20,2018-12-24,WAB.N,0.0010245901639344,benchmark
2018 Q4 selloff,1/N Equal Weight,benchmark,"B (point-in-time, the actual test)",not applicable,2018-09-20,2018-12-24,NTAP.OQ,0.0010245901639344,benchmark
2018 Q4 selloff,1/N Equal Weight,benchmark,"B (point-in-time, the actual test)",not applicable,2018-09-20,2018-12-24,TTWO.OQ,0.0010245901639344,benchmark
2018 Q4 selloff,1/N Equal Weight,benchmark,"B (point-in-time, the actual test)",not applicable,2018-09-20,2018-12-24,TSN.N,0.0010245901639344,benchmark
2018 Q4 selloff,1/N Equal Weight,benchmark,"B (point-in-time, the actual test)",not applicable,2018-09-20,2018-12-24,DVN.N,0.0010245901639344,benchmark
2018 Q4 selloff,1/N Equal Weight,benchmark,"B (point-in-time, the actual test)",not applicable,2018-09-20,2018-12-24,ORCL.N,0.0010245901639344,benchmark
2018 Q4 selloff,1/N Equal Weight,benchmark,"B (point-in-time, the actual test)",not applicable,2018-09-20,2018-12-24,EG.N,0.0010245901639344,benchmark
2018 Q4 selloff,1/N Equal Weight,benchmark,"B (point-in-time, the actual test)",not applicable,2018-09-20,2018-12-24,WBD.OQ,0.0010245901639344,benchmark
2018 Q4 selloff,1/N Equal Weight,benchmark,"B (point-in-time, the actual test)",not applicable,2018-09-20,2018-12-24,BX.N,0.0010245901639344,benchmark
2018 Q4 selloff,1/N Equal Weight,benchmark,"B (point-in-time, the actual test)",not applicable,2018-09-20,2018-12-24,TXT.N,0.0010245901639344,benchmark
2018 Q4 selloff,1/N Equal Weight,benchmark,"B (point-in-time, the actual test)",not applicable,2018-09-20,2018-12-24,HCA.N,0.0010245901639344,benchmark
2018 Q4 selloff,1/N Equal Weight,benchmark,"B (point-in-time, the actual test)",not applicable,2018-09-20,2018-12-24,IEX.N,0.0010245901639344,benchmark
2018 Q4 selloff,1/N Equal Weight,benchmark,"B (point-in-time, the actual test)",not applicable,2018-09-20,2018-12-24,MNST.OQ,0.0010245901639344,benchmark
2018 Q4 selloff,1/N Equal Weight,benchmark,"B (point-in-time, the actual test)",not applicable,2018-09-20,2018-12-24,PEG.N,0.0010245901639344,benchmark
2018 Q4 selloff,1/N Equal Weight,benchmark,"B (point-in-time, the actual test)",not applicable,2018-09-20,2018-12-24,MO.N,0.0010245901639344,benchmark
2018 Q4 selloff,1/N Equal Weight,benchmark,"B (point-in-time, the actual test)",not applicable,2018-09-20,2018-12-24,ETR.N,0.0010245901639344,benchmark
2018 Q4 selloff,1/N Equal Weight,benchmark,"B (point-in-time, the actual test)",not applicable,2018-09-20,2018-12-24,EXR.N,0.0010245901639344,benchmark
2018 Q4 selloff,1/N Equal Weight,benchmark,"B (point-in-time, the actual test)",not applicable,2018-09-20,2018-12-24,LMT.N,0.0010245901639344,benchmark
2018 Q4 selloff,1/N Equal Weight,benchmark,"B (point-in-time, the actual test)",not applicable,2018-09-20,2018-12-24,C.N,0.0010245901639344,benchmark
2018 Q4 selloff,1/N Equal Weight,benchmark,"B (point-in-time, the actual test)",not applicable,2018-09-20,2018-12-24,EXC.OQ,0.0010245901639344,benchmark
2018 Q4 selloff,1/N Equal Weight,benchmark,"B (point-in-time, the actual test)",not applicable,2018-09-20,2018-12-24,CVX.N,0.0010245901639344,benchmark
2018 Q4 selloff,1/N Equal Weight,benchmark,"B (point-in-time, the actual test)",not applicable,2018-09-20,2018-12-24,F.N,0.0010245901639344,benchmark
2018 Q4 selloff,1/N Equal Weight,benchmark,"B (point-in-time, the actual test)",not applicable,2018-09-20,2018-12-24,XOM.N,0.0010245901639344,benchmark
2018 Q4 selloff,1/N Equal Weight,benchmark,"B (point-in-time, the actual test)",not applicable,2018-09-20,2018-12-24,UDR.N,0.0010245901639344,benchmark
2018 Q4 selloff,1/N Equal Weight,benchmark,"B (point-in-time, the actual test)",not applicable,2018-09-20,2018-12-24,STZ.N,0.0010245901639344,benchmark
2018 Q4 selloff,1/N Equal Weight,benchmark,"B (point-in-time, the actual test)",not applicable,2018-09-20,2018-12-24,TJX.N,0.0010245901639344,benchmark
2018 Q4 selloff,1/N Equal Weight,benchmark,"B (point-in-time, the actual test)",not applicable,2018-09-20,2018-12-24,BR.N,0.0010245901639344,benchmark
2018 Q4 selloff,1/N Equal Weight,benchmark,"B (point-in-time, the actual test)",not applicable,2018-09-20,2018-12-24,HIG.N,0.0010245901639344,benchmark
2018 Q4 selloff,1/N Equal Weight,benchmark,"B (point-in-time, the actual test)",not applicable,2018-09-20,2018-12-24,NXPI.OQ,0.0010245901639344,benchmark
2018 Q4 selloff,1/N Equal Weight,benchmark,"B (point-in-time, the actual test)",not applicable,2018-09-20,2018-12-24,FISV.OQ,0.0010245901639344,benchmark
2018 Q4 selloff,1/N Equal Weight,benchmark,"B (point-in-time, the actual test)",not applicable,2018-09-20,2018-12-24,EXPD.N,0.0010245901639344,benchmark
2018 Q4 selloff,1/N Equal Weight,benchmark,"B (point-in-time, the actual test)",not applicable,2018-09-20,2018-12-24,RF.N,0.0010245901639344,benchmark
2018 Q4 selloff,1/N Equal Weight,benchmark,"B (point-in-time, the actual test)",not applicable,2018-09-20,2018-12-24,AMD.OQ,0.0010245901639344,benchmark
2018 Q4 selloff,1/N Equal Weight,benchmark,"B (point-in-time, the actual test)",not applicable,2018-09-20,2018-12-24,BMY.N,0.0010245901639344,benchmark
2018 Q4 selloff,1/N Equal Weight,benchmark,"B (point-in-time, the actual test)",not applicable,2018-09-20,2018-12-24,PRU.N,0.0010245901639344,benchmark
2018 Q4 selloff,1/N Equal Weight,benchmark,"B (point-in-time, the actual test)",not applicable,2018-09-20,2018-12-24,PPL.N,0.0010245901639344,benchmark
2018 Q4 selloff,1/N Equal Weight,benchmark,"B (point-in-time, the actual test)",not applicable,2018-09-20,2018-12-24,BKNG.OQ,0.0010245901639344,benchmark
2018 Q4 selloff,1/N Equal Weight,benchmark,"B (point-in-time, the actual test)",not applicable,2018-09-20,2018-12-24,TEL.N,0.0010245901639344,benchmark
2018 Q4 selloff,1/N Equal Weight,benchmark,"B (point-in-time, the actual test)",not applicable,2018-09-20,2018-12-24,META.OQ,0.0010245901639344,benchmark
2018 Q4 selloff,1/N Equal Weight,benchmark,"B (point-in-time, the actual test)",not applicable,2018-09-20,2018-12-24,APA.OQ,0.0010245901639344,benchmark
2018 Q4 selloff,1/N Equal Weight,benchmark,"B (point-in-time, the actual test)",not applicable,2018-09-20,2018-12-24,COP.N,0.0010245901639344,benchmark
2018 Q4 selloff,1/N Equal Weight,benchmark,"B (point-in-time, the actual test)",not applicable,2018-09-20,2018-12-24,DAL.N,0.0010245901639344,benchmark
2018 Q4 selloff,1/N Equal Weight,benchmark,"B (point-in-time, the actual test)",not applicable,2018-09-20,2018-12-24,ESS.N,0.0010245901639344,benchmark
2018 Q4 selloff,1/N Equal Weight,benchmark,"B (point-in-time, the actual test)",not applicable,2018-09-20,2018-12-24,WM.N,0.0010245901639344,benchmark
2018 Q4 selloff,1/N Equal Weight,benchmark,"B (point-in-time, the actual test)",not applicable,2018-09-20,2018-12-24,ED.N,0.0010245901639344,benchmark
2018 Q4 selloff,1/N Equal Weight,benchmark,"B (point-in-time, the actual test)",not applicable,2018-09-20,2018-12-24,GILD.OQ,0.0010245901639344,benchmark
2018 Q4 selloff,1/N Equal Weight,benchmark,"B (point-in-time, the actual test)",not applicable,2018-09-20,2018-12-24,LEN.N,0.0010245901639344,benchmark
2018 Q4 selloff,1/N Equal Weight,benchmark,"B (point-in-time, the actual test)",not applicable,2018-09-20,2018-12-24,LULU.OQ,0.0010245901639344,benchmark
2018 Q4 selloff,1/N Equal Weight,benchmark,"B (point-in-time, the actual test)",not applicable,2018-09-20,2018-12-24,WAT.N,0.0010245901639344,benchmark
2018 Q4 selloff,1/N Equal Weight,benchmark,"B (point-in-time, the actual test)",not applicable,2018-09-20,2018-12-24,JNJ.N,0.0010245901639344,benchmark
2018 Q4 selloff,1/N Equal Weight,benchmark,"B (point-in-time, the actual test)",not applicable,2018-09-20,2018-12-24,SWKS.OQ,0.0010245901639344,benchmark
2018 Q4 selloff,1/N Equal Weight,benchmark,"B (point-in-time, the actual test)",not applicable,2018-09-20,2018-12-24,DOV.N,0.0010245901639344,benchmark
2018 Q4 selloff,1/N Equal Weight,benchmark,"B (point-in-time, the actual test)",not applicable,2018-09-20,2018-12-24,NKE.N,0.0010245901639344,benchmark
2018 Q4 selloff,1/N Equal Weight,benchmark,"B (point-in-time, the actual test)",not applicable,2018-09-20,2018-12-24,DVA.N,0.0010245901639344,benchmark
2018 Q4 selloff,1/N Equal Weight,benchmark,"B (point-in-time, the actual test)",not applicable,2018-09-20,2018-12-24,DLR.N,0.0010245901639344,benchmark
2018 Q4 selloff,1/N Equal Weight,benchmark,"B (point-in-time, the actual test)",not applicable,2018-09-20,2018-12-24,HAL.N,0.0010245901639344,benchmark
2018 Q4 selloff,1/N Equal Weight,benchmark,"B (point-in-time, the actual test)",not applicable,2018-09-20,2018-12-24,TPR.N,0.0010245901639344,benchmark
2018 Q4 selloff,1/N Equal Weight,benchmark,"B (point-in-time, the actual test)",not applicable,2018-09-20,2018-12-24,TER.OQ,0.0010245901639344,benchmark
2018 Q4 selloff,1/N Equal Weight,benchmark,"B (point-in-time, the actual test)",not applicable,2018-09-20,2018-12-24,APTV.N,0.0010245901639344,benchmark
2018 Q4 selloff,1/N Equal Weight,benchmark,"B (point-in-time, the actual test)",not applicable,2018-09-20,2018-12-24,AON.N,0.0010245901639344,benchmark
2018 Q4 selloff,1/N Equal Weight,benchmark,"B (point-in-time, the actual test)",not applicable,2018-09-20,2018-12-24,CRM.N,0.0010245901639344,benchmark
2018 Q4 selloff,1/N Equal Weight,benchmark,"B (point-in-time, the actual test)",not applicable,2018-09-20,2018-12-24,LRCX.OQ,0.0010245901639344,benchmark
2018 Q4 selloff,1/N Equal Weight,benchmark,"B (point-in-time, the actual test)",not applicable,2018-09-20,2018-12-24,EME.N,0.0010245901639344,benchmark
2018 Q4 selloff,1/N Equal Weight,benchmark,"B (point-in-time, the actual test)",not applicable,2018-09-20,2018-12-24,JBHT.OQ,0.0010245901639344,benchmark
2018 Q4 selloff,1/N Equal Weight,benchmark,"B (point-in-time, the actual test)",not applicable,2018-09-20,2018-12-24,ITW.N,0.0010245901639344,benchmark
2018 Q4 selloff,1/N Equal Weight,benchmark,"B (point-in-time, the actual test)",not applicable,2018-09-20,2018-12-24,J.N,0.0010245901639344,benchmark
2018 Q4 selloff,1/N Equal Weight,benchmark,"B (point-in-time, the actual test)",not applicable,2018-09-20,2018-12-24,XEL.OQ,0.0010245901639344,benchmark
2018 Q4 selloff,1/N Equal Weight,benchmark,"B (point-in-time, the actual test)",not applicable,2018-09-20,2018-12-24,APH.N,0.0010245901639344,benchmark
2018 Q4 selloff,1/N Equal Weight,benchmark,"B (point-in-time, the actual test)",not applicable,2018-09-20,2018-12-24,STT.N,0.0010245901639344,benchmark
2018 Q4 selloff,1/N Equal Weight,benchmark,"B (point-in-time, the actual test)",not applicable,2018-09-20,2018-12-24,ZTS.N,0.0010245901639344,benchmark
2018 Q4 selloff,1/N Equal Weight,benchmark,"B (point-in-time, the actual test)",not applicable,2018-09-20,2018-12-24,SBAC.OQ,0.0010245901639344,benchmark
2018 Q4 selloff,1/N Equal Weight,benchmark,"B (point-in-time, the actual test)",not applicable,2018-09-20,2018-12-24,GEN.OQ,0.0010245901639344,benchmark
2018 Q4 selloff,1/N Equal Weight,benchmark,"B (point-in-time, the actual test)",not applicable,2018-09-20,2018-12-24,NVDA.OQ,0.0010245901639344,benchmark
2018 Q4 selloff,1/N Equal Weight,benchmark,"B (point-in-time, the actual test)",not applicable,2018-09-20,2018-12-24,AAPL.OQ,0.0010245901639344,benchmark
2018 Q4 selloff,1/N Equal Weight,benchmark,"B (point-in-time, the actual test)",not applicable,2018-09-20,2018-12-24,MAS.N,0.0010245901639344,benchmark
2018 Q4 selloff,1/N Equal Weight,benchmark,"B (point-in-time, the actual test)",not applicable,2018-09-20,2018-12-24,NUE.N,0.0010245901639344,benchmark
2018 Q4 selloff,1/N Equal Weight,benchmark,"B (point-in-time, the actual test)",not applicable,2018-09-20,2018-12-24,PPG.N,0.0010245901639344,benchmark
2018 Q4 selloff,1/N Equal Weight,benchmark,"B (point-in-time, the actual test)",not applicable,2018-09-20,2018-12-24,IRM.N,0.0010245901639344,benchmark
2018 Q4 selloff,1/N Equal Weight,benchmark,"B (point-in-time, the actual test)",not applicable,2018-09-20,2018-12-24,VMC.N,0.0010245901639344,benchmark
2018 Q4 selloff,1/N Equal Weight,benchmark,"B (point-in-time, the actual test)",not applicable,2018-09-20,2018-12-24,SCHW.N,0.0010245901639344,benchmark
2018 Q4 selloff,1/N Equal Weight,benchmark,"B (point-in-time, the actual test)",not applicable,2018-09-20,2018-12-24,A.N,0.0010245901639344,benchmark
2018 Q4 selloff,1/N Equal Weight,benchmark,"B (point-in-time, the actual test)",not applicable,2018-09-20,2018-12-24,SYY.N,0.0010245901639344,benchmark
2018 Q4 selloff,1/N Equal Weight,benchmark,"B (point-in-time, the actual test)",not applicable,2018-09-20,2018-12-24,ROP.OQ,0.0010245901639344,benchmark
2018 Q4 selloff,1/N Equal Weight,benchmark,"B (point-in-time, the actual test)",not applicable,2018-09-20,2018-12-24,ON.OQ,0.0010245901639344,benchmark
2018 Q4 selloff,1/N Equal Weight,benchmark,"B (point-in-time, the actual test)",not applicable,2018-09-20,2018-12-24,SRE.N,0.0010245901639344,benchmark
2018 Q4 selloff,1/N Equal Weight,benchmark,"B (point-in-time, the actual test)",not applicable,2018-09-20,2018-12-24,PSKY.OQ,0.0010245901639344,benchmark
2018 Q4 selloff,1/N Equal Weight,benchmark,"B (point-in-time, the actual test)",not applicable,2018-09-20,2018-12-24,PCG.N,0.0010245901639344,benchmark
2018 Q4 selloff,1/N Equal Weight,benchmark,"B (point-in-time, the actual test)",not applicable,2018-09-20,2018-12-24,KEY.N,0.0010245901639344,benchmark
2018 Q4 selloff,1/N Equal Weight,benchmark,"B (point-in-time, the actual test)",not applicable,2018-09-20,2018-12-24,MRSH.N,0.0010245901639344,benchmark
2018 Q4 selloff,1/N Equal Weight,benchmark,"B (point-in-time, the actual test)",not applicable,2018-09-20,2018-12-24,MCD.N,0.0010245901639344,benchmark
2018 Q4 selloff,1/N Equal Weight,benchmark,"B (point-in-time, the actual test)",not applicable,2018-09-20,2018-12-24,ULTA.OQ,0.0010245901639344,benchmark
2018 Q4 selloff,1/N Equal Weight,benchmark,"B (point-in-time, the actual test)",not applicable,2018-09-20,2018-12-24,TDG.N,0.0010245901639344,benchmark
2018 Q4 selloff,1/N Equal Weight,benchmark,"B (point-in-time, the actual test)",not applicable,2018-09-20,2018-12-24,AXP.N,0.0010245901639344,benchmark
2018 Q4 selloff,1/N Equal Weight,benchmark,"B (point-in-time, the actual test)",not applicable,2018-09-20,2018-12-24,MOS.N,0.0010245901639344,benchmark
2018 Q4 selloff,1/N Equal Weight,benchmark,"B (point-in-time, the actual test)",not applicable,2018-09-20,2018-12-24,AVGO.OQ,0.0010245901639344,benchmark
2018 Q4 selloff,1/N Equal Weight,benchmark,"B (point-in-time, the actual test)",not applicable,2018-09-20,2018-12-24,CAT.N,0.0010245901639344,benchmark
2018 Q4 selloff,1/N Equal Weight,benchmark,"B (point-in-time, the actual test)",not applicable,2018-09-20,2018-12-24,UNH.N,0.0010245901639344,benchmark
2018 Q4 selloff,1/N Equal Weight,benchmark,"B (point-in-time, the actual test)",not applicable,2018-09-20,2018-12-24,NWS.OQ,0.0010245901639344,benchmark
2018 Q4 selloff,1/N Equal Weight,benchmark,"B (point-in-time, the actual test)",not applicable,2018-09-20,2018-12-24,WMB.N,0.0010245901639344,benchmark
2018 Q4 selloff,1/N Equal Weight,benchmark,"B (point-in-time, the actual test)",not applicable,2018-09-20,2018-12-24,MAA.N,0.0010245901639344,benchmark
2018 Q4 selloff,1/N Equal Weight,benchmark,"B (point-in-time, the actual test)",not applicable,2018-09-20,2018-12-24,GDDY.N,0.0010245901639344,benchmark
2018 Q4 selloff,1/N Equal Weight,benchmark,"B (point-in-time, the actual test)",not applicable,2018-09-20,2018-12-24,GL.N,0.0010245901639344,benchmark
2018 Q4 selloff,1/N Equal Weight,benchmark,"B (point-in-time, the actual test)",not applicable,2018-09-20,2018-12-24,SPGI.N,0.0010245901639344,benchmark
2018 Q4 selloff,1/N Equal Weight,benchmark,"B (point-in-time, the actual test)",not applicable,2018-09-20,2018-12-24,CHTR.OQ,0.0010245901639344,benchmark
2018 Q4 selloff,1/N Equal Weight,benchmark,"B (point-in-time, the actual test)",not applicable,2018-09-20,2018-12-24,WYNN.OQ,0.0010245901639344,benchmark
2018 Q4 selloff,1/N Equal Weight,benchmark,"B (point-in-time, the actual test)",not applicable,2018-09-20,2018-12-24,HD.N,0.0010245901639344,benchmark
2018 Q4 selloff,1/N Equal Weight,benchmark,"B (point-in-time, the actual test)",not applicable,2018-09-20,2018-12-24,HSIC.OQ,0.0010245901639344,benchmark
2018 Q4 selloff,1/N Equal Weight,benchmark,"B (point-in-time, the actual test)",not applicable,2018-09-20,2018-12-24,HSY.N,0.0010245901639344,benchmark
2018 Q4 selloff,1/N Equal Weight,benchmark,"B (point-in-time, the actual test)",not applicable,2018-09-20,2018-12-24,KMB.OQ,0.0010245901639344,benchmark
2018 Q4 selloff,1/N Equal Weight,benchmark,"B (point-in-time, the actual test)",not applicable,2018-09-20,2018-12-24,EOG.N,0.0010245901639344,benchmark
2018 Q4 selloff,1/N Equal Weight,benchmark,"B (point-in-time, the actual test)",not applicable,2018-09-20,2018-12-24,FTNT.OQ,0.0010245901639344,benchmark
2018 Q4 selloff,1/N Equal Weight,benchmark,"B (point-in-time, the actual test)",not applicable,2018-09-20,2018-12-24,CRL.N,0.0010245901639344,benchmark
2018 Q4 selloff,1/N Equal Weight,benchmark,"B (point-in-time, the actual test)",not applicable,2018-09-20,2018-12-24,ZBH.N,0.0010245901639344,benchmark
2018 Q4 selloff,1/N Equal Weight,benchmark,"B (point-in-time, the actual test)",not applicable,2018-09-20,2018-12-24,LYV.N,0.0010245901639344,benchmark
2018 Q4 selloff,1/N Equal Weight,benchmark,"B (point-in-time, the actual test)",not applicable,2018-09-20,2018-12-24,POOL.OQ,0.0010245901639344,benchmark
2018 Q4 selloff,1/N Equal Weight,benchmark,"B (point-in-time, the actual test)",not applicable,2018-09-20,2018-12-24,BNY.N,0.0010245901639344,benchmark
2018 Q4 selloff,1/N Equal Weight,benchmark,"B (point-in-time, the actual test)",not applicable,2018-09-20,2018-12-24,ATO.N,0.0010245901639344,benchmark
2018 Q4 selloff,1/N Equal Weight,benchmark,"B (point-in-time, the actual test)",not applicable,2018-09-20,2018-12-24,VRTX.OQ,0.0010245901639344,benchmark
2018 Q4 selloff,1/N Equal Weight,benchmark,"B (point-in-time, the actual test)",not applicable,2018-09-20,2018-12-24,D.N,0.0010245901639344,benchmark
2018 Q4 selloff,1/N Equal Weight,benchmark,"B (point-in-time, the actual test)",not applicable,2018-09-20,2018-12-24,HRL.N,0.0010245901639344,benchmark
2018 Q4 selloff,1/N Equal Weight,benchmark,"B (point-in-time, the actual test)",not applicable,2018-09-20,2018-12-24,BBY.N,0.0010245901639344,benchmark
2018 Q4 selloff,1/N Equal Weight,benchmark,"B (point-in-time, the actual test)",not applicable,2018-09-20,2018-12-24,IT.N,0.0010245901639344,benchmark
2018 Q4 selloff,1/N Equal Weight,benchmark,"B (point-in-time, the actual test)",not applicable,2018-09-20,2018-12-24,WRB.N,0.0010245901639344,benchmark
2018 Q4 selloff,1/N Equal Weight,benchmark,"B (point-in-time, the actual test)",not applicable,2018-09-20,2018-12-24,WTW.OQ,0.0010245901639344,benchmark
2018 Q4 selloff,1/N Equal Weight,benchmark,"B (point-in-time, the actual test)",not applicable,2018-09-20,2018-12-24,PNR.N,0.0010245901639344,benchmark
2020 COVID crash,Risk Averse,Minimum variance,"B (point-in-time, the actual test)",cap off,2020-02-19,2020-03-23,BCVN.S,0.0653835579252279,FEASIBLE
2020 COVID crash,Risk Averse,Minimum variance,"B (point-in-time, the actual test)",cap off,2020-02-19,2020-03-23,PSA.N,0.0602722533656986,FEASIBLE
2020 COVID crash,Risk Averse,Minimum variance,"B (point-in-time, the actual test)",cap off,2020-02-19,2020-03-23,MOBN.S,0.0491134481463917,FEASIBLE
2020 COVID crash,Risk Averse,Minimum variance,"B (point-in-time, the actual test)",cap off,2020-02-19,2020-03-23,EVRG.OQ,0.0468115445048979,FEASIBLE
2020 COVID crash,Risk Averse,Minimum variance,"B (point-in-time, the actual test)",cap off,2020-02-19,2020-03-23,NEM.N,0.0403458747525033,FEASIBLE
2020 COVID crash,Risk Averse,Minimum variance,"B (point-in-time, the actual test)",cap off,2020-02-19,2020-03-23,NEE.N,0.0360393788991063,FEASIBLE
2020 COVID crash,Risk Averse,Minimum variance,"B (point-in-time, the actual test)",cap off,2020-02-19,2020-03-23,CPG.L,0.0347617492727053,FEASIBLE
2020 COVID crash,Risk Averse,Minimum variance,"B (point-in-time, the actual test)",cap off,2020-02-19,2020-03-23,SO.N,0.0298866746115359,FEASIBLE
2020 COVID crash,Risk Averse,Minimum variance,"B (point-in-time, the actual test)",cap off,2020-02-19,2020-03-23,TEGG.DE,0.0264746790966032,FEASIBLE
2020 COVID crash,Risk Averse,Minimum variance,"B (point-in-time, the actual test)",cap off,2020-02-19,2020-03-23,INGP.WA,0.0247951899515638,FEASIBLE
2020 COVID crash,Risk Averse,Minimum variance,"B (point-in-time, the actual test)",cap off,2020-02-19,2020-03-23,LISP.S,0.0228574981767845,FEASIBLE
2020 COVID crash,Risk Averse,Minimum variance,"B (point-in-time, the actual test)",cap off,2020-02-19,2020-03-23,HBANC.S,0.0218755367329742,FEASIBLE
2020 COVID crash,Risk Averse,Minimum variance,"B (point-in-time, the actual test)",cap off,2020-02-19,2020-03-23,PHP.L,0.0205134904945526,FEASIBLE
2020 COVID crash,Risk Averse,Minimum variance,"B (point-in-time, the actual test)",cap off,2020-02-19,2020-03-23,SYY.N,0.0199498918614366,FEASIBLE
2020 COVID crash,Risk Averse,Minimum variance,"B (point-in-time, the actual test)",cap off,2020-02-19,2020-03-23,MTB.N,0.0185770034198561,FEASIBLE
2020 COVID crash,Risk Averse,Minimum variance,"B (point-in-time, the actual test)",cap off,2020-02-19,2020-03-23,KEMIRA.HE,0.017097248229903,FEASIBLE
2020 COVID crash,Risk Averse,Minimum variance,"B (point-in-time, the actual test)",cap off,2020-02-19,2020-03-23,BG.N,0.0168354697294626,FEASIBLE
2020 COVID crash,Risk Averse,Minimum variance,"B (point-in-time, the actual test)",cap off,2020-02-19,2020-03-23,AD.AS,0.0167531833127047,FEASIBLE
2020 COVID crash,Risk Averse,Minimum variance,"B (point-in-time, the actual test)",cap off,2020-02-19,2020-03-23,CBOE.Z,0.0161963544160433,FEASIBLE
2020 COVID crash,Risk Averse,Minimum variance,"B (point-in-time, the actual test)",cap off,2020-02-19,2020-03-23,DUK.N,0.0154781578533932,FEASIBLE
2020 COVID crash,Risk Averse,Minimum variance,"B (point-in-time, the actual test)",cap off,2020-02-19,2020-03-23,D.N,0.0153561010958031,FEASIBLE
2020 COVID crash,Risk Averse,Minimum variance,"B (point-in-time, the actual test)",cap off,2020-02-19,2020-03-23,VID.MC,0.014653547782822,FEASIBLE
2020 COVID crash,Risk Averse,Minimum variance,"B (point-in-time, the actual test)",cap off,2020-02-19,2020-03-23,EDPR.LS,0.0131784072812643,FEASIBLE
2020 COVID crash,Risk Averse,Minimum variance,"B (point-in-time, the actual test)",cap off,2020-02-19,2020-03-23,OXY.N,0.0131580461388241,FEASIBLE
2020 COVID crash,Risk Averse,Minimum variance,"B (point-in-time, the actual test)",cap off,2020-02-19,2020-03-23,SRENH.S,0.0129822238944474,FEASIBLE
2020 COVID crash,Risk Averse,Minimum variance,"B (point-in-time, the actual test)",cap off,2020-02-19,2020-03-23,CME.OQ,0.0124822889295955,FEASIBLE
2020 COVID crash,Risk Averse,Minimum variance,"B (point-in-time, the actual test)",cap off,2020-02-19,2020-03-23,STZ.N,0.011956851502748,FEASIBLE
2020 COVID crash,Risk Averse,Minimum variance,"B (point-in-time, the actual test)",cap off,2020-02-19,2020-03-23,YUM.N,0.011438554152641,FEASIBLE
2020 COVID crash,Risk Averse,Minimum variance,"B (point-in-time, the actual test)",cap off,2020-02-19,2020-03-23,PM.N,0.0113702757920735,FEASIBLE
2020 COVID crash,Risk Averse,Minimum variance,"B (point-in-time, the actual test)",cap off,2020-02-19,2020-03-23,LMT.N,0.0105680025291433,FEASIBLE
2020 COVID crash,Risk Averse,Minimum variance,"B (point-in-time, the actual test)",cap off,2020-02-19,2020-03-23,WBD.OQ,0.0103192011338647,FEASIBLE
2020 COVID crash,Risk Averse,Minimum variance,"B (point-in-time, the actual test)",cap off,2020-02-19,2020-03-23,F.N,0.0103054544410644,FEASIBLE
2020 COVID crash,Risk Averse,Minimum variance,"B (point-in-time, the actual test)",cap off,2020-02-19,2020-03-23,RSG.N,0.0102949866244133,FEASIBLE
2020 COVID crash,Risk Averse,Minimum variance,"B (point-in-time, the actual test)",cap off,2020-02-19,2020-03-23,CHD.N,0.010282843807741,FEASIBLE
2020 COVID crash,Risk Averse,Minimum variance,"B (point-in-time, the actual test)",cap off,2020-02-19,2020-03-23,ROPC.S,0.0102794581141667,FEASIBLE
2020 COVID crash,Risk Averse,Minimum variance,"B (point-in-time, the actual test)",cap off,2020-02-19,2020-03-23,GEBN.S,0.01023558143922,FEASIBLE
2020 COVID crash,Risk Averse,Minimum variance,"B (point-in-time, the actual test)",cap off,2020-02-19,2020-03-23,EG.N,0.010188948571962,FEASIBLE
2020 COVID crash,Risk Averse,Minimum variance,"B (point-in-time, the actual test)",cap off,2020-02-19,2020-03-23,IMB.L,0.0101738204332732,FEASIBLE
2020 COVID crash,Risk Averse,Minimum variance,"B (point-in-time, the actual test)",cap off,2020-02-19,2020-03-23,AEP.OQ,0.010135261202675,FEASIBLE
2020 COVID crash,Risk Averse,Minimum variance,"B (point-in-time, the actual test)",cap off,2020-02-19,2020-03-23,PSON.L,0.0101111319406171,FEASIBLE
2020 COVID crash,Risk Averse,Minimum variance,"B (point-in-time, the actual test)",cap off,2020-02-19,2020-03-23,UCB.BR,0.0101109852849564,FEASIBLE
2020 COVID crash,Risk Averse,Minimum variance,"B (point-in-time, the actual test)",cap off,2020-02-19,2020-03-23,SBNOR.OL,0.0101005894905994,FEASIBLE
2020 COVID crash,Risk Averse,Minimum variance,"B (point-in-time, the actual test)",cap off,2020-02-19,2020-03-23,HSY.N,0.0100639565140321,FEASIBLE
2020 COVID crash,Risk Averse,Minimum variance,"B (point-in-time, the actual test)",cap off,2020-02-19,2020-03-23,LOTB.BR,0.0100633808006244,FEASIBLE
2020 COVID crash,Risk Averse,Minimum variance,"B (point-in-time, the actual test)",cap off,2020-02-19,2020-03-23,DRI.N,0.0100364029749405,FEASIBLE
2020 COVID crash,Risk Averse,Minimum variance,"B (point-in-time, the actual test)",cap off,2020-02-19,2020-03-23,PUBP.PA,0.0100282470853147,FEASIBLE
2020 COVID crash,Risk Averse,Minimum variance,"B (point-in-time, the actual test)",cap off,2020-02-19,2020-03-23,PSPN.S,0.0100228600197447,FEASIBLE
2020 COVID crash,Risk Averse,Minimum variance,"B (point-in-time, the actual test)",cap off,2020-02-19,2020-03-23,CASY.OQ,0.0100216028324068,FEASIBLE
2020 COVID crash,Risk Averse,Minimum variance,"B (point-in-time, the actual test)",cap off,2020-02-19,2020-03-23,ACPP.WA,0.0100128204947724,FEASIBLE
2020 COVID crash,Risk Averse,Minimum variance,"B (point-in-time, the actual test)",cap off,2020-02-19,2020-03-23,DECK.N,0.0100100421751886,FEASIBLE
2020 COVID crash,Risk Averse,Minimum variance,"B (point-in-time, the actual test)",cap off,2020-02-19,2020-03-23,AZO.N,0.0100096817718471,FEASIBLE
2020 COVID crash,Risk Averse,Minimum variance,"B (point-in-time, the actual test)",cap off,2020-02-19,2020-03-23,ALKb.CO,0.0100091461679071,FEASIBLE
2020 COVID crash,Risk Averse,Minimum variance,"B (point-in-time, the actual test)",cap off,2020-02-19,2020-03-23,ULTA.OQ,0.010006636027774,FEASIBLE
2020 COVID crash,Risk Averse,Minimum variance,"B (point-in-time, the actual test)",cap off,2020-02-19,2020-03-23,BIIB.OQ,0.0100065470502657,FEASIBLE
2020 COVID crash,Risk Averse,Minimum variance,"B (point-in-time, the actual test)",cap off,2020-02-19,2020-03-23,BFT.WA,0.0100051035198995,FEASIBLE
2020 COVID crash,Risk Averse,Minimum variance,"B (point-in-time, the actual test)",cap off,2020-02-19,2020-03-23,CNA.L,0.0100020144558746,FEASIBLE
2020 COVID crash,Risk Averse,Minimum variance,"B (point-in-time, the actual test)",cap off,2020-02-19,2020-03-23,PAFR.L,0.0100008117721449,FEASIBLE
2020 COVID crash,Neutral,Maximum return/risk ratio,"B (point-in-time, the actual test)",cap off,2020-02-19,2020-03-23,NEE.N,0.1579831558259455,OPTIMAL
2020 COVID crash,Neutral,Maximum return/risk ratio,"B (point-in-time, the actual test)",cap off,2020-02-19,2020-03-23,WDPP.BR,0.0741388811179197,OPTIMAL
2020 COVID crash,Neutral,Maximum return/risk ratio,"B (point-in-time, the actual test)",cap off,2020-02-19,2020-03-23,AMT.N,0.0492491784456789,OPTIMAL
2020 COVID crash,Neutral,Maximum return/risk ratio,"B (point-in-time, the actual test)",cap off,2020-02-19,2020-03-23,DECK.N,0.044461349854236,OPTIMAL
2020 COVID crash,Neutral,Maximum return/risk ratio,"B (point-in-time, the actual test)",cap off,2020-02-19,2020-03-23,ORSTED.CO,0.0430321855837117,OPTIMAL
2020 COVID crash,Neutral,Maximum return/risk ratio,"B (point-in-time, the actual test)",cap off,2020-02-19,2020-03-23,ALSO.PA,0.0414576765623233,OPTIMAL
2020 COVID crash,Neutral,Maximum return/risk ratio,"B (point-in-time, the actual test)",cap off,2020-02-19,2020-03-23,TEGG.DE,0.0393404806390021,OPTIMAL
2020 COVID crash,Neutral,Maximum return/risk ratio,"B (point-in-time, the actual test)",cap off,2020-02-19,2020-03-23,EDPR.LS,0.0376595187933989,OPTIMAL
2020 COVID crash,Neutral,Maximum return/risk ratio,"B (point-in-time, the actual test)",cap off,2020-02-19,2020-03-23,GAW.L,0.0374918536606389,OPTIMAL
2020 COVID crash,Neutral,Maximum return/risk ratio,"B (point-in-time, the actual test)",cap off,2020-02-19,2020-03-23,VID.MC,0.0330220853338481,OPTIMAL
2020 COVID crash,Neutral,Maximum return/risk ratio,"B (point-in-time, the actual test)",cap off,2020-02-19,2020-03-23,NESTE.HE,0.0312956758791981,OPTIMAL
2020 COVID crash,Neutral,Maximum return/risk ratio,"B (point-in-time, the actual test)",cap off,2020-02-19,2020-03-23,WEC.N,0.0310402754042583,OPTIMAL
2020 COVID crash,Neutral,Maximum return/risk ratio,"B (point-in-time, the actual test)",cap off,2020-02-19,2020-03-23,EVOG.ST,0.0297429017979812,OPTIMAL
2020 COVID crash,Neutral,Maximum return/risk ratio,"B (point-in-time, the actual test)",cap off,2020-02-19,2020-03-23,CLNX.MC,0.0293735201983131,OPTIMAL
2020 COVID crash,Neutral,Maximum return/risk ratio,"B (point-in-time, the actual test)",cap off,2020-02-19,2020-03-23,CPRT.OQ,0.0247904110546041,OPTIMAL
2020 COVID crash,Neutral,Maximum return/risk ratio,"B (point-in-time, the actual test)",cap off,2020-02-19,2020-03-23,CME.OQ,0.0238914648088447,OPTIMAL
2020 COVID crash,Neutral,Maximum return/risk ratio,"B (point-in-time, the actual test)",cap off,2020-02-19,2020-03-23,ARGX.BR,0.0226507424203906,OPTIMAL
2020 COVID crash,Neutral,Maximum return/risk ratio,"B (point-in-time, the actual test)",cap off,2020-02-19,2020-03-23,CSGP.OQ,0.0226347426687737,OPTIMAL
2020 COVID crash,Neutral,Maximum return/risk ratio,"B (point-in-time, the actual test)",cap off,2020-02-19,2020-03-23,NEM.N,0.0225279766633798,OPTIMAL
2020 COVID crash,Neutral,Maximum return/risk ratio,"B (point-in-time, the actual test)",cap off,2020-02-19,2020-03-23,GTT.PA,0.0165561253457731,OPTIMAL
2020 COVID crash,Neutral,Maximum return/risk ratio,"B (point-in-time, the actual test)",cap off,2020-02-19,2020-03-23,COST.OQ,0.0164363346584468,OPTIMAL
2020 COVID crash,Neutral,Maximum return/risk ratio,"B (point-in-time, the actual test)",cap off,2020-02-19,2020-03-23,IBE.MC,0.0159740147440402,OPTIMAL
2020 COVID crash,Neutral,Maximum return/risk ratio,"B (point-in-time, the actual test)",cap off,2020-02-19,2020-03-23,LULU.OQ,0.0155908115445064,OPTIMAL
2020 COVID crash,Neutral,Maximum return/risk ratio,"B (point-in-time, the actual test)",cap off,2020-02-19,2020-03-23,ES.N,0.0129828569162366,OPTIMAL
2020 COVID crash,Neutral,Maximum return/risk ratio,"B (point-in-time, the actual test)",cap off,2020-02-19,2020-03-23,PLUSP.L,0.0124538447421668,OPTIMAL
2020 COVID crash,Neutral,Maximum return/risk ratio,"B (point-in-time, the actual test)",cap off,2020-02-19,2020-03-23,MKC.N,0.0112860896769923,OPTIMAL
2020 COVID crash,Neutral,Maximum return/risk ratio,"B (point-in-time, the actual test)",cap off,2020-02-19,2020-03-23,UTG.L,0.01126516150926,OPTIMAL
2020 COVID crash,Neutral,Maximum return/risk ratio,"B (point-in-time, the actual test)",cap off,2020-02-19,2020-03-23,ELV.N,0.0109462594656675,OPTIMAL
2020 COVID crash,Neutral,Maximum return/risk ratio,"B (point-in-time, the actual test)",cap off,2020-02-19,2020-03-23,PGR.N,0.0104842139783433,OPTIMAL
2020 COVID crash,Neutral,Maximum return/risk ratio,"B (point-in-time, the actual test)",cap off,2020-02-19,2020-03-23,ZURN.S,0.0100869337850123,OPTIMAL
2020 COVID crash,Neutral,Maximum return/risk ratio,"B (point-in-time, the actual test)",cap off,2020-02-19,2020-03-23,GIVN.S,0.0100817027410309,OPTIMAL
2020 COVID crash,Neutral,Maximum return/risk ratio,"B (point-in-time, the actual test)",cap off,2020-02-19,2020-03-23,LHX.N,0.0100375042158993,OPTIMAL
2020 COVID crash,Neutral,Maximum return/risk ratio,"B (point-in-time, the actual test)",cap off,2020-02-19,2020-03-23,AZN.L,0.0100256732704611,OPTIMAL
2020 COVID crash,Neutral,Maximum return/risk ratio,"B (point-in-time, the actual test)",cap off,2020-02-19,2020-03-23,PODD.OQ,0.0100079170591949,OPTIMAL
2020 COVID crash,Neutral,Maximum return/risk ratio,"B (point-in-time, the actual test)",cap off,2020-02-19,2020-03-23,TPL.N,0.0100003390020521,OPTIMAL
2020 COVID crash,Neutral,Maximum return/risk ratio,"B (point-in-time, the actual test)",cap off,2020-02-19,2020-03-23,KDP.OQ,0.0100001406324683,OPTIMAL
2020 COVID crash,Risk Prone,Highest non-degenerate return,"B (point-in-time, the actual test)",cap off,2020-02-19,2020-03-23,KDP.OQ,0.2,OPTIMAL
2020 COVID crash,Risk Prone,Highest non-degenerate return,"B (point-in-time, the actual test)",cap off,2020-02-19,2020-03-23,ARGX.BR,0.2,OPTIMAL
2020 COVID crash,Risk Prone,Highest non-degenerate return,"B (point-in-time, the actual test)",cap off,2020-02-19,2020-03-23,MSFT.OQ,0.1698445194585855,OPTIMAL
2020 COVID crash,Risk Prone,Highest non-degenerate return,"B (point-in-time, the actual test)",cap off,2020-02-19,2020-03-23,GAW.L,0.1001554805414143,OPTIMAL
2020 COVID crash,Risk Prone,Highest non-degenerate return,"B (point-in-time, the actual test)",cap off,2020-02-19,2020-03-23,PODD.OQ,0.0799999999999999,OPTIMAL
2020 COVID crash,Risk Prone,Highest non-degenerate return,"B (point-in-time, the actual test)",cap off,2020-02-19,2020-03-23,SATG_p.DE,0.01,OPTIMAL
2020 COVID crash,Risk Prone,Highest non-degenerate return,"B (point-in-time, the actual test)",cap off,2020-02-19,2020-03-23,PUMG.DE,0.01,OPTIMAL
2020 COVID crash,Risk Prone,Highest non-degenerate return,"B (point-in-time, the actual test)",cap off,2020-02-19,2020-03-23,LRCX.OQ,0.01,OPTIMAL
2020 COVID crash,Risk Prone,Highest non-degenerate return,"B (point-in-time, the actual test)",cap off,2020-02-19,2020-03-23,AMD.OQ,0.01,OPTIMAL
2020 COVID crash,Risk Prone,Highest non-degenerate return,"B (point-in-time, the actual test)",cap off,2020-02-19,2020-03-23,MA.N,0.01,OPTIMAL
2020 COVID crash,Risk Prone,Highest non-degenerate return,"B (point-in-time, the actual test)",cap off,2020-02-19,2020-03-23,DXCM.OQ,0.01,OPTIMAL
2020 COVID crash,Risk Prone,Highest non-degenerate return,"B (point-in-time, the actual test)",cap off,2020-02-19,2020-03-23,CDNS.OQ,0.01,OPTIMAL
2020 COVID crash,Risk Prone,Highest non-degenerate return,"B (point-in-time, the actual test)",cap off,2020-02-19,2020-03-23,CSGP.OQ,0.01,OPTIMAL
2020 COVID crash,Risk Prone,Highest non-degenerate return,"B (point-in-time, the actual test)",cap off,2020-02-19,2020-03-23,PYPL.OQ,0.01,OPTIMAL
2020 COVID crash,Risk Prone,Highest non-degenerate return,"B (point-in-time, the actual test)",cap off,2020-02-19,2020-03-23,DECK.N,0.01,OPTIMAL
2020 COVID crash,Risk Prone,Highest non-degenerate return,"B (point-in-time, the actual test)",cap off,2020-02-19,2020-03-23,NOW.N,0.01,OPTIMAL
2020 COVID crash,Risk Prone,Highest non-degenerate return,"B (point-in-time, the actual test)",cap off,2020-02-19,2020-03-23,ASMI.AS,0.01,OPTIMAL
2020 COVID crash,Risk Prone,Highest non-degenerate return,"B (point-in-time, the actual test)",cap off,2020-02-19,2020-03-23,LONN.S,0.01,OPTIMAL
2020 COVID crash,Risk Prone,Highest non-degenerate return,"B (point-in-time, the actual test)",cap off,2020-02-19,2020-03-23,ALSO.PA,0.01,OPTIMAL
2020 COVID crash,Risk Prone,Highest non-degenerate return,"B (point-in-time, the actual test)",cap off,2020-02-19,2020-03-23,WDPP.BR,0.01,OPTIMAL
2020 COVID crash,Risk Prone,Highest non-degenerate return,"B (point-in-time, the actual test)",cap off,2020-02-19,2020-03-23,NESTE.HE,0.01,OPTIMAL
2020 COVID crash,Risk Prone,Highest non-degenerate return,"B (point-in-time, the actual test)",cap off,2020-02-19,2020-03-23,MTXGn.DE,0.01,OPTIMAL
2020 COVID crash,Risk Prone,Highest non-degenerate return,"B (point-in-time, the actual test)",cap off,2020-02-19,2020-03-23,PRTP.PA,0.01,OPTIMAL
2020 COVID crash,Risk Prone,Highest non-degenerate return,"B (point-in-time, the actual test)",cap off,2020-02-19,2020-03-23,ARDS.AS,0.01,OPTIMAL
2020 COVID crash,Risk Prone,Highest non-degenerate return,"B (point-in-time, the actual test)",cap off,2020-02-19,2020-03-23,STMMI.MI,0.01,OPTIMAL
2020 COVID crash,Risk Prone,Highest non-degenerate return,"B (point-in-time, the actual test)",cap off,2020-02-19,2020-03-23,EDEN.PA,0.01,OPTIMAL
2020 COVID crash,Risk Prone,Highest non-degenerate return,"B (point-in-time, the actual test)",cap off,2020-02-19,2020-03-23,EVOG.ST,0.01,OPTIMAL
2020 COVID crash,Risk Prone,Highest non-degenerate return,"B (point-in-time, the actual test)",cap off,2020-02-19,2020-03-23,CLNX.MC,0.01,OPTIMAL
2020 COVID crash,Risk Prone,Highest non-degenerate return,"B (point-in-time, the actual test)",cap off,2020-02-19,2020-03-23,LSEG.L,0.01,OPTIMAL
2020 COVID crash,Risk Prone,Highest non-degenerate return,"B (point-in-time, the actual test)",cap off,2020-02-19,2020-03-23,SPGI.N,0.01,OPTIMAL
2020 COVID crash,Neutral,Maximum return/risk ratio,"B (point-in-time, the actual test)",cap 25%,2020-02-19,2020-03-23,NEE.N,0.1574169441999502,OPTIMAL
2020 COVID crash,Neutral,Maximum return/risk ratio,"B (point-in-time, the actual test)",cap 25%,2020-02-19,2020-03-23,WDPP.BR,0.0748090761221034,OPTIMAL
2020 COVID crash,Neutral,Maximum return/risk ratio,"B (point-in-time, the actual test)",cap 25%,2020-02-19,2020-03-23,AMT.N,0.0512287513209374,OPTIMAL
2020 COVID crash,Neutral,Maximum return/risk ratio,"B (point-in-time, the actual test)",cap 25%,2020-02-19,2020-03-23,DECK.N,0.0446991375614146,OPTIMAL
2020 COVID crash,Neutral,Maximum return/risk ratio,"B (point-in-time, the actual test)",cap 25%,2020-02-19,2020-03-23,ORSTED.CO,0.043697164201528,OPTIMAL
2020 COVID crash,Neutral,Maximum return/risk ratio,"B (point-in-time, the actual test)",cap 25%,2020-02-19,2020-03-23,ALSO.PA,0.0429710204908037,OPTIMAL
2020 COVID crash,Neutral,Maximum return/risk ratio,"B (point-in-time, the actual test)",cap 25%,2020-02-19,2020-03-23,EDPR.LS,0.0386134231587768,OPTIMAL
2020 COVID crash,Neutral,Maximum return/risk ratio,"B (point-in-time, the actual test)",cap 25%,2020-02-19,2020-03-23,TEGG.DE,0.0380382394766287,OPTIMAL
2020 COVID crash,Neutral,Maximum return/risk ratio,"B (point-in-time, the actual test)",cap 25%,2020-02-19,2020-03-23,GAW.L,0.0379622116007238,OPTIMAL
2020 COVID crash,Neutral,Maximum return/risk ratio,"B (point-in-time, the actual test)",cap 25%,2020-02-19,2020-03-23,VID.MC,0.0344694946861454,OPTIMAL
2020 COVID crash,Neutral,Maximum return/risk ratio,"B (point-in-time, the actual test)",cap 25%,2020-02-19,2020-03-23,NESTE.HE,0.0330088091866994,OPTIMAL
2020 COVID crash,Neutral,Maximum return/risk ratio,"B (point-in-time, the actual test)",cap 25%,2020-02-19,2020-03-23,WEC.N,0.0303521991907078,OPTIMAL
2020 COVID crash,Neutral,Maximum return/risk ratio,"B (point-in-time, the actual test)",cap 25%,2020-02-19,2020-03-23,CLNX.MC,0.0302414152004801,OPTIMAL
2020 COVID crash,Neutral,Maximum return/risk ratio,"B (point-in-time, the actual test)",cap 25%,2020-02-19,2020-03-23,EVOG.ST,0.0300757746844149,OPTIMAL
2020 COVID crash,Neutral,Maximum return/risk ratio,"B (point-in-time, the actual test)",cap 25%,2020-02-19,2020-03-23,CPRT.OQ,0.0255883007285078,OPTIMAL
2020 COVID crash,Neutral,Maximum return/risk ratio,"B (point-in-time, the actual test)",cap 25%,2020-02-19,2020-03-23,CME.OQ,0.0240974068959681,OPTIMAL
2020 COVID crash,Neutral,Maximum return/risk ratio,"B (point-in-time, the actual test)",cap 25%,2020-02-19,2020-03-23,CSGP.OQ,0.0240779271625226,OPTIMAL
2020 COVID crash,Neutral,Maximum return/risk ratio,"B (point-in-time, the actual test)",cap 25%,2020-02-19,2020-03-23,ARGX.BR,0.0234968940740609,OPTIMAL
2020 COVID crash,Neutral,Maximum return/risk ratio,"B (point-in-time, the actual test)",cap 25%,2020-02-19,2020-03-23,NEM.N,0.0225815477605921,OPTIMAL
2020 COVID crash,Neutral,Maximum return/risk ratio,"B (point-in-time, the actual test)",cap 25%,2020-02-19,2020-03-23,COST.OQ,0.0176161515139059,OPTIMAL
2020 COVID crash,Neutral,Maximum return/risk ratio,"B (point-in-time, the actual test)",cap 25%,2020-02-19,2020-03-23,GTT.PA,0.0173349550792111,OPTIMAL
2020 COVID crash,Neutral,Maximum return/risk ratio,"B (point-in-time, the actual test)",cap 25%,2020-02-19,2020-03-23,LULU.OQ,0.0159715890685345,OPTIMAL
2020 COVID crash,Neutral,Maximum return/risk ratio,"B (point-in-time, the actual test)",cap 25%,2020-02-19,2020-03-23,IBE.MC,0.0157165425444622,OPTIMAL
2020 COVID crash,Neutral,Maximum return/risk ratio,"B (point-in-time, the actual test)",cap 25%,2020-02-19,2020-03-23,ES.N,0.0131908927948517,OPTIMAL
2020 COVID crash,Neutral,Maximum return/risk ratio,"B (point-in-time, the actual test)",cap 25%,2020-02-19,2020-03-23,ELV.N,0.0130992234188684,OPTIMAL
2020 COVID crash,Neutral,Maximum return/risk ratio,"B (point-in-time, the actual test)",cap 25%,2020-02-19,2020-03-23,PLUSP.L,0.0123724058851292,OPTIMAL
2020 COVID crash,Neutral,Maximum return/risk ratio,"B (point-in-time, the actual test)",cap 25%,2020-02-19,2020-03-23,PGR.N,0.011807773349052,OPTIMAL
2020 COVID crash,Neutral,Maximum return/risk ratio,"B (point-in-time, the actual test)",cap 25%,2020-02-19,2020-03-23,UTG.L,0.0116739709026649,OPTIMAL
2020 COVID crash,Neutral,Maximum return/risk ratio,"B (point-in-time, the actual test)",cap 25%,2020-02-19,2020-03-23,GIVN.S,0.0111615720509159,OPTIMAL
2020 COVID crash,Neutral,Maximum return/risk ratio,"B (point-in-time, the actual test)",cap 25%,2020-02-19,2020-03-23,MKC.N,0.011144786106854,OPTIMAL
2020 COVID crash,Neutral,Maximum return/risk ratio,"B (point-in-time, the actual test)",cap 25%,2020-02-19,2020-03-23,ZURN.S,0.0107914228359904,OPTIMAL
2020 COVID crash,Neutral,Maximum return/risk ratio,"B (point-in-time, the actual test)",cap 25%,2020-02-19,2020-03-23,LHX.N,0.0105656028023587,OPTIMAL
2020 COVID crash,Neutral,Maximum return/risk ratio,"B (point-in-time, the actual test)",cap 25%,2020-02-19,2020-03-23,PODD.OQ,0.0101002425639646,OPTIMAL
2020 COVID crash,Neutral,Maximum return/risk ratio,"B (point-in-time, the actual test)",cap 25%,2020-02-19,2020-03-23,KDP.OQ,0.0100271313802693,OPTIMAL
2020 COVID crash,1/N Equal Weight,benchmark,"B (point-in-time, the actual test)",not applicable,2020-02-19,2020-03-23,FER.MC,0.0010060362173038,benchmark
2020 COVID crash,1/N Equal Weight,benchmark,"B (point-in-time, the actual test)",not applicable,2020-02-19,2020-03-23,CARLb.CO,0.0010060362173038,benchmark
2020 COVID crash,1/N Equal Weight,benchmark,"B (point-in-time, the actual test)",not applicable,2020-02-19,2020-03-23,ULVR.L,0.0010060362173038,benchmark
2020 COVID crash,1/N Equal Weight,benchmark,"B (point-in-time, the actual test)",not applicable,2020-02-19,2020-03-23,INVEb.ST,0.0010060362173038,benchmark
2020 COVID crash,1/N Equal Weight,benchmark,"B (point-in-time, the actual test)",not applicable,2020-02-19,2020-03-23,LAGRb.ST,0.0010060362173038,benchmark
2020 COVID crash,1/N Equal Weight,benchmark,"B (point-in-time, the actual test)",not applicable,2020-02-19,2020-03-23,STERV.HE,0.0010060362173038,benchmark
2020 COVID crash,1/N Equal Weight,benchmark,"B (point-in-time, the actual test)",not applicable,2020-02-19,2020-03-23,VIS.MC,0.0010060362173038,benchmark
2020 COVID crash,1/N Equal Weight,benchmark,"B (point-in-time, the actual test)",not applicable,2020-02-19,2020-03-23,PHG.AS,0.0010060362173038,benchmark
2020 COVID crash,1/N Equal Weight,benchmark,"B (point-in-time, the actual test)",not applicable,2020-02-19,2020-03-23,BEIJb.ST,0.0010060362173038,benchmark
2020 COVID crash,1/N Equal Weight,benchmark,"B (point-in-time, the actual test)",not applicable,2020-02-19,2020-03-23,IPN.PA,0.0010060362173038,benchmark
2020 COVID crash,1/N Equal Weight,benchmark,"B (point-in-time, the actual test)",not applicable,2020-02-19,2020-03-23,SCHP.S,0.0010060362173038,benchmark
2020 COVID crash,1/N Equal Weight,benchmark,"B (point-in-time, the actual test)",not applicable,2020-02-19,2020-03-23,SQN.S,0.0010060362173038,benchmark
2020 COVID crash,1/N Equal Weight,benchmark,"B (point-in-time, the actual test)",not applicable,2020-02-19,2020-03-23,DAST.PA,0.0010060362173038,benchmark
2020 COVID crash,1/N Equal Weight,benchmark,"B (point-in-time, the actual test)",not applicable,2020-02-19,2020-03-23,GEBN.S,0.0010060362173038,benchmark
2020 COVID crash,1/N Equal Weight,benchmark,"B (point-in-time, the actual test)",not applicable,2020-02-19,2020-03-23,SKFb.ST,0.0010060362173038,benchmark
2020 COVID crash,1/N Equal Weight,benchmark,"B (point-in-time, the actual test)",not applicable,2020-02-19,2020-03-23,TLXGn.DE,0.0010060362173038,benchmark
2020 COVID crash,1/N Equal Weight,benchmark,"B (point-in-time, the actual test)",not applicable,2020-02-19,2020-03-23,GBLB.BR,0.0010060362173038,benchmark
2020 COVID crash,1/N Equal Weight,benchmark,"B (point-in-time, the actual test)",not applicable,2020-02-19,2020-03-23,FRES.L,0.0010060362173038,benchmark
2020 COVID crash,1/N Equal Weight,benchmark,"B (point-in-time, the actual test)",not applicable,2020-02-19,2020-03-23,AIXGn.DE,0.0010060362173038,benchmark
2020 COVID crash,1/N Equal Weight,benchmark,"B (point-in-time, the actual test)",not applicable,2020-02-19,2020-03-23,VOD.L,0.0010060362173038,benchmark
2020 COVID crash,1/N Equal Weight,benchmark,"B (point-in-time, the actual test)",not applicable,2020-02-19,2020-03-23,SATG_p.DE,0.0010060362173038,benchmark
2020 COVID crash,1/N Equal Weight,benchmark,"B (point-in-time, the actual test)",not applicable,2020-02-19,2020-03-23,AZMT.MI,0.0010060362173038,benchmark
2020 COVID crash,1/N Equal Weight,benchmark,"B (point-in-time, the actual test)",not applicable,2020-02-19,2020-03-23,MICP.PA,0.0010060362173038,benchmark
2020 COVID crash,1/N Equal Weight,benchmark,"B (point-in-time, the actual test)",not applicable,2020-02-19,2020-03-23,PRY.MI,0.0010060362173038,benchmark
2020 COVID crash,1/N Equal Weight,benchmark,"B (point-in-time, the actual test)",not applicable,2020-02-19,2020-03-23,ORSTED.CO,0.0010060362173038,benchmark
2020 COVID crash,1/N Equal Weight,benchmark,"B (point-in-time, the actual test)",not applicable,2020-02-19,2020-03-23,BAYGn.DE,0.0010060362173038,benchmark
2020 COVID crash,1/N Equal Weight,benchmark,"B (point-in-time, the actual test)",not applicable,2020-02-19,2020-03-23,BAB.L,0.0010060362173038,benchmark
2020 COVID crash,1/N Equal Weight,benchmark,"B (point-in-time, the actual test)",not applicable,2020-02-19,2020-03-23,RENA.PA,0.0010060362173038,benchmark
2020 COVID crash,1/N Equal Weight,benchmark,"B (point-in-time, the actual test)",not applicable,2020-02-19,2020-03-23,HSX.L,0.0010060362173038,benchmark
2020 COVID crash,1/N Equal Weight,benchmark,"B (point-in-time, the actual test)",not applicable,2020-02-19,2020-03-23,HMb.ST,0.0010060362173038,benchmark
2020 COVID crash,1/N Equal Weight,benchmark,"B (point-in-time, the actual test)",not applicable,2020-02-19,2020-03-23,GETIb.ST,0.0010060362173038,benchmark
2020 COVID crash,1/N Equal Weight,benchmark,"B (point-in-time, the actual test)",not applicable,2020-02-19,2020-03-23,TRN.MI,0.0010060362173038,benchmark
2020 COVID crash,1/N Equal Weight,benchmark,"B (point-in-time, the actual test)",not applicable,2020-02-19,2020-03-23,CWK.L,0.0010060362173038,benchmark
2020 COVID crash,1/N Equal Weight,benchmark,"B (point-in-time, the actual test)",not applicable,2020-02-19,2020-03-23,LDOF.MI,0.0010060362173038,benchmark
2020 COVID crash,1/N Equal Weight,benchmark,"B (point-in-time, the actual test)",not applicable,2020-02-19,2020-03-23,SIKA.S,0.0010060362173038,benchmark
2020 COVID crash,1/N Equal Weight,benchmark,"B (point-in-time, the actual test)",not applicable,2020-02-19,2020-03-23,SOON.S,0.0010060362173038,benchmark
2020 COVID crash,1/N Equal Weight,benchmark,"B (point-in-time, the actual test)",not applicable,2020-02-19,2020-03-23,RAAG.DE,0.0010060362173038,benchmark
2020 COVID crash,1/N Equal Weight,benchmark,"B (point-in-time, the actual test)",not applicable,2020-02-19,2020-03-23,BRBY.L,0.0010060362173038,benchmark
2020 COVID crash,1/N Equal Weight,benchmark,"B (point-in-time, the actual test)",not applicable,2020-02-19,2020-03-23,TEMN.S,0.0010060362173038,benchmark
2020 COVID crash,1/N Equal Weight,benchmark,"B (point-in-time, the actual test)",not applicable,2020-02-19,2020-03-23,STDM.PA,0.0010060362173038,benchmark
2020 COVID crash,1/N Equal Weight,benchmark,"B (point-in-time, the actual test)",not applicable,2020-02-19,2020-03-23,SRP.L,0.0010060362173038,benchmark
2020 COVID crash,1/N Equal Weight,benchmark,"B (point-in-time, the actual test)",not applicable,2020-02-19,2020-03-23,MAERSKb.CO,0.0010060362173038,benchmark
2020 COVID crash,1/N Equal Weight,benchmark,"B (point-in-time, the actual test)",not applicable,2020-02-19,2020-03-23,VATN.S,0.0010060362173038,benchmark
2020 COVID crash,1/N Equal Weight,benchmark,"B (point-in-time, the actual test)",not applicable,2020-02-19,2020-03-23,VLLP.PA,0.0010060362173038,benchmark
2020 COVID crash,1/N Equal Weight,benchmark,"B (point-in-time, the actual test)",not applicable,2020-02-19,2020-03-23,KNIN.S,0.0010060362173038,benchmark
2020 COVID crash,1/N Equal Weight,benchmark,"B (point-in-time, the actual test)",not applicable,2020-02-19,2020-03-23,MRL.MC,0.0010060362173038,benchmark
2020 COVID crash,1/N Equal Weight,benchmark,"B (point-in-time, the actual test)",not applicable,2020-02-19,2020-03-23,BT.L,0.0010060362173038,benchmark
2020 COVID crash,1/N Equal Weight,benchmark,"B (point-in-time, the actual test)",not applicable,2020-02-19,2020-03-23,RKT.L,0.0010060362173038,benchmark
2020 COVID crash,1/N Equal Weight,benchmark,"B (point-in-time, the actual test)",not applicable,2020-02-19,2020-03-23,VACN.S,0.0010060362173038,benchmark
2020 COVID crash,1/N Equal Weight,benchmark,"B (point-in-time, the actual test)",not applicable,2020-02-19,2020-03-23,SSE.L,0.0010060362173038,benchmark
2020 COVID crash,1/N Equal Weight,benchmark,"B (point-in-time, the actual test)",not applicable,2020-02-19,2020-03-23,BEAN.S,0.0010060362173038,benchmark
2020 COVID crash,1/N Equal Weight,benchmark,"B (point-in-time, the actual test)",not applicable,2020-02-19,2020-03-23,LGEN.L,0.0010060362173038,benchmark
2020 COVID crash,1/N Equal Weight,benchmark,"B (point-in-time, the actual test)",not applicable,2020-02-19,2020-03-23,SGE.L,0.0010060362173038,benchmark
2020 COVID crash,1/N Equal Weight,benchmark,"B (point-in-time, the actual test)",not applicable,2020-02-19,2020-03-23,EDPR.LS,0.0010060362173038,benchmark
2020 COVID crash,1/N Equal Weight,benchmark,"B (point-in-time, the actual test)",not applicable,2020-02-19,2020-03-23,LOGN.S,0.0010060362173038,benchmark
2020 COVID crash,1/N Equal Weight,benchmark,"B (point-in-time, the actual test)",not applicable,2020-02-19,2020-03-23,BTRW.L,0.0010060362173038,benchmark
2020 COVID crash,1/N Equal Weight,benchmark,"B (point-in-time, the actual test)",not applicable,2020-02-19,2020-03-23,LAND.L,0.0010060362173038,benchmark
2020 COVID crash,1/N Equal Weight,benchmark,"B (point-in-time, the actual test)",not applicable,2020-02-19,2020-03-23,IMB.L,0.0010060362173038,benchmark
2020 COVID crash,1/N Equal Weight,benchmark,"B (point-in-time, the actual test)",not applicable,2020-02-19,2020-03-23,GF.S,0.0010060362173038,benchmark
2020 COVID crash,1/N Equal Weight,benchmark,"B (point-in-time, the actual test)",not applicable,2020-02-19,2020-03-23,KGH.WA,0.0010060362173038,benchmark
2020 COVID crash,1/N Equal Weight,benchmark,"B (point-in-time, the actual test)",not applicable,2020-02-19,2020-03-23,YAR.OL,0.0010060362173038,benchmark
2020 COVID crash,1/N Equal Weight,benchmark,"B (point-in-time, the actual test)",not applicable,2020-02-19,2020-03-23,ADP.PA,0.0010060362173038,benchmark
2020 COVID crash,1/N Equal Weight,benchmark,"B (point-in-time, the actual test)",not applicable,2020-02-19,2020-03-23,QQ.L,0.0010060362173038,benchmark
2020 COVID crash,1/N Equal Weight,benchmark,"B (point-in-time, the actual test)",not applicable,2020-02-19,2020-03-23,SAF.PA,0.0010060362173038,benchmark
2020 COVID crash,1/N Equal Weight,benchmark,"B (point-in-time, the actual test)",not applicable,2020-02-19,2020-03-23,ACS.MC,0.0010060362173038,benchmark
2020 COVID crash,1/N Equal Weight,benchmark,"B (point-in-time, the actual test)",not applicable,2020-02-19,2020-03-23,INF.L,0.0010060362173038,benchmark
2020 COVID crash,1/N Equal Weight,benchmark,"B (point-in-time, the actual test)",not applicable,2020-02-19,2020-03-23,SAPG.DE,0.0010060362173038,benchmark
2020 COVID crash,1/N Equal Weight,benchmark,"B (point-in-time, the actual test)",not applicable,2020-02-19,2020-03-23,TCAPI.L,0.0010060362173038,benchmark
2020 COVID crash,1/N Equal Weight,benchmark,"B (point-in-time, the actual test)",not applicable,2020-02-19,2020-03-23,HWDN.L,0.0010060362173038,benchmark
2020 COVID crash,1/N Equal Weight,benchmark,"B (point-in-time, the actual test)",not applicable,2020-02-19,2020-03-23,SAMPO.HE,0.0010060362173038,benchmark
2020 COVID crash,1/N Equal Weight,benchmark,"B (point-in-time, the actual test)",not applicable,2020-02-19,2020-03-23,ARGX.BR,0.0010060362173038,benchmark
2020 COVID crash,1/N Equal Weight,benchmark,"B (point-in-time, the actual test)",not applicable,2020-02-19,2020-03-23,IMI.L,0.0010060362173038,benchmark
2020 COVID crash,1/N Equal Weight,benchmark,"B (point-in-time, the actual test)",not applicable,2020-02-19,2020-03-23,SAABb.ST,0.0010060362173038,benchmark
2020 COVID crash,1/N Equal Weight,benchmark,"B (point-in-time, the actual test)",not applicable,2020-02-19,2020-03-23,NAFG.DE,0.0010060362173038,benchmark
2020 COVID crash,1/N Equal Weight,benchmark,"B (point-in-time, the actual test)",not applicable,2020-02-19,2020-03-23,INVP.L,0.0010060362173038,benchmark
2020 COVID crash,1/N Equal Weight,benchmark,"B (point-in-time, the actual test)",not applicable,2020-02-19,2020-03-23,RYA.I,0.0010060362173038,benchmark
2020 COVID crash,1/N Equal Weight,benchmark,"B (point-in-time, the actual test)",not applicable,2020-02-19,2020-03-23,SFZN.S,0.0010060362173038,benchmark
2020 COVID crash,1/N Equal Weight,benchmark,"B (point-in-time, the actual test)",not applicable,2020-02-19,2020-03-23,SALM.OL,0.0010060362173038,benchmark
2020 COVID crash,1/N Equal Weight,benchmark,"B (point-in-time, the actual test)",not applicable,2020-02-19,2020-03-23,CARR.PA,0.0010060362173038,benchmark
2020 COVID crash,1/N Equal Weight,benchmark,"B (point-in-time, the actual test)",not applicable,2020-02-19,2020-03-23,RBIV.VI,0.0010060362173038,benchmark
2020 COVID crash,1/N Equal Weight,benchmark,"B (point-in-time, the actual test)",not applicable,2020-02-19,2020-03-23,HNKG_p.DE,0.0010060362173038,benchmark
2020 COVID crash,1/N Equal Weight,benchmark,"B (point-in-time, the actual test)",not applicable,2020-02-19,2020-03-23,FPE3_p.DE,0.0010060362173038,benchmark
2020 COVID crash,1/N Equal Weight,benchmark,"B (point-in-time, the actual test)",not applicable,2020-02-19,2020-03-23,LIFCOb.ST,0.0010060362173038,benchmark
2020 COVID crash,1/N Equal Weight,benchmark,"B (point-in-time, the actual test)",not applicable,2020-02-19,2020-03-23,ATCOa.ST,0.0010060362173038,benchmark
2020 COVID crash,1/N Equal Weight,benchmark,"B (point-in-time, the actual test)",not applicable,2020-02-19,2020-03-23,ERST.VI,0.0010060362173038,benchmark
2020 COVID crash,1/N Equal Weight,benchmark,"B (point-in-time, the actual test)",not applicable,2020-02-19,2020-03-23,BCU.MI,0.0010060362173038,benchmark
2020 COVID crash,1/N Equal Weight,benchmark,"B (point-in-time, the actual test)",not applicable,2020-02-19,2020-03-23,VALMT.HE,0.0010060362173038,benchmark
2020 COVID crash,1/N Equal Weight,benchmark,"B (point-in-time, the actual test)",not applicable,2020-02-19,2020-03-23,ENEI.MI,0.0010060362173038,benchmark
2020 COVID crash,1/N Equal Weight,benchmark,"B (point-in-time, the actual test)",not applicable,2020-02-19,2020-03-23,FNTGn.DE,0.0010060362173038,benchmark
2020 COVID crash,1/N Equal Weight,benchmark,"B (point-in-time, the actual test)",not applicable,2020-02-19,2020-03-23,INCH.L,0.0010060362173038,benchmark
2020 COVID crash,1/N Equal Weight,benchmark,"B (point-in-time, the actual test)",not applicable,2020-02-19,2020-03-23,ORK.OL,0.0010060362173038,benchmark
2020 COVID crash,1/N Equal Weight,benchmark,"B (point-in-time, the actual test)",not applicable,2020-02-19,2020-03-23,AKZO.AS,0.0010060362173038,benchmark
2020 COVID crash,1/N Equal Weight,benchmark,"B (point-in-time, the actual test)",not applicable,2020-02-19,2020-03-23,SB1NO.OL,0.0010060362173038,benchmark
2020 COVID crash,1/N Equal Weight,benchmark,"B (point-in-time, the actual test)",not applicable,2020-02-19,2020-03-23,PZU.WA,0.0010060362173038,benchmark
2020 COVID crash,1/N Equal Weight,benchmark,"B (point-in-time, the actual test)",not applicable,2020-02-19,2020-03-23,RWEG.DE,0.0010060362173038,benchmark
2020 COVID crash,1/N Equal Weight,benchmark,"B (point-in-time, the actual test)",not applicable,2020-02-19,2020-03-23,KSP.I,0.0010060362173038,benchmark
2020 COVID crash,1/N Equal Weight,benchmark,"B (point-in-time, the actual test)",not applicable,2020-02-19,2020-03-23,LATOb.ST,0.0010060362173038,benchmark
2020 COVID crash,1/N Equal Weight,benchmark,"B (point-in-time, the actual test)",not applicable,2020-02-19,2020-03-23,SGEF.PA,0.0010060362173038,benchmark
2020 COVID crash,1/N Equal Weight,benchmark,"B (point-in-time, the actual test)",not applicable,2020-02-19,2020-03-23,BGN.MI,0.0010060362173038,benchmark
2020 COVID crash,1/N Equal Weight,benchmark,"B (point-in-time, the actual test)",not applicable,2020-02-19,2020-03-23,AAK.ST,0.0010060362173038,benchmark
2020 COVID crash,1/N Equal Weight,benchmark,"B (point-in-time, the actual test)",not applicable,2020-02-19,2020-03-23,PKN.WA,0.0010060362173038,benchmark
2020 COVID crash,1/N Equal Weight,benchmark,"B (point-in-time, the actual test)",not applicable,2020-02-19,2020-03-23,WIHL.ST,0.0010060362173038,benchmark
2020 COVID crash,1/N Equal Weight,benchmark,"B (point-in-time, the actual test)",not applicable,2020-02-19,2020-03-23,ENX.PA,0.0010060362173038,benchmark
2020 COVID crash,1/N Equal Weight,benchmark,"B (point-in-time, the actual test)",not applicable,2020-02-19,2020-03-23,TW.L,0.0010060362173038,benchmark
2020 COVID crash,1/N Equal Weight,benchmark,"B (point-in-time, the actual test)",not applicable,2020-02-19,2020-03-23,ALVG.DE,0.0010060362173038,benchmark
2020 COVID crash,1/N Equal Weight,benchmark,"B (point-in-time, the actual test)",not applicable,2020-02-19,2020-03-23,DHLn.DE,0.0010060362173038,benchmark
2020 COVID crash,1/N Equal Weight,benchmark,"B (point-in-time, the actual test)",not applicable,2020-02-19,2020-03-23,LHAG.DE,0.0010060362173038,benchmark
2020 COVID crash,1/N Equal Weight,benchmark,"B (point-in-time, the actual test)",not applicable,2020-02-19,2020-03-23,PAFR.L,0.0010060362173038,benchmark
2020 COVID crash,1/N Equal Weight,benchmark,"B (point-in-time, the actual test)",not applicable,2020-02-19,2020-03-23,LSEG.L,0.0010060362173038,benchmark
2020 COVID crash,1/N Equal Weight,benchmark,"B (point-in-time, the actual test)",not applicable,2020-02-19,2020-03-23,TENR.MI,0.0010060362173038,benchmark
2020 COVID crash,1/N Equal Weight,benchmark,"B (point-in-time, the actual test)",not applicable,2020-02-19,2020-03-23,PKO.WA,0.0010060362173038,benchmark
2020 COVID crash,1/N Equal Weight,benchmark,"B (point-in-time, the actual test)",not applicable,2020-02-19,2020-03-23,DRX.L,0.0010060362173038,benchmark
2020 COVID crash,1/N Equal Weight,benchmark,"B (point-in-time, the actual test)",not applicable,2020-02-19,2020-03-23,SMIN.L,0.0010060362173038,benchmark
2020 COVID crash,1/N Equal Weight,benchmark,"B (point-in-time, the actual test)",not applicable,2020-02-19,2020-03-23,QIA.DE,0.0010060362173038,benchmark
2020 COVID crash,1/N Equal Weight,benchmark,"B (point-in-time, the actual test)",not applicable,2020-02-19,2020-03-23,MT.AS,0.0010060362173038,benchmark
2020 COVID crash,1/N Equal Weight,benchmark,"B (point-in-time, the actual test)",not applicable,2020-02-19,2020-03-23,AM.PA,0.0010060362173038,benchmark
2020 COVID crash,1/N Equal Weight,benchmark,"B (point-in-time, the actual test)",not applicable,2020-02-19,2020-03-23,RBREW.CO,0.0010060362173038,benchmark
2020 COVID crash,1/N Equal Weight,benchmark,"B (point-in-time, the actual test)",not applicable,2020-02-19,2020-03-23,NEXS.PA,0.0010060362173038,benchmark
2020 COVID crash,1/N Equal Weight,benchmark,"B (point-in-time, the actual test)",not applicable,2020-02-19,2020-03-23,TKAG.DE,0.0010060362173038,benchmark
2020 COVID crash,1/N Equal Weight,benchmark,"B (point-in-time, the actual test)",not applicable,2020-02-19,2020-03-23,BARN.S,0.0010060362173038,benchmark
2020 COVID crash,1/N Equal Weight,benchmark,"B (point-in-time, the actual test)",not applicable,2020-02-19,2020-03-23,AENA.MC,0.0010060362173038,benchmark
2020 COVID crash,1/N Equal Weight,benchmark,"B (point-in-time, the actual test)",not applicable,2020-02-19,2020-03-23,ITV.L,0.0010060362173038,benchmark
2020 COVID crash,1/N Equal Weight,benchmark,"B (point-in-time, the actual test)",not applicable,2020-02-19,2020-03-23,BAMI.MI,0.0010060362173038,benchmark
2020 COVID crash,1/N Equal Weight,benchmark,"B (point-in-time, the actual test)",not applicable,2020-02-19,2020-03-23,RACE.MI,0.0010060362173038,benchmark
2020 COVID crash,1/N Equal Weight,benchmark,"B (point-in-time, the actual test)",not applicable,2020-02-19,2020-03-23,EZJ.L,0.0010060362173038,benchmark
2020 COVID crash,1/N Equal Weight,benchmark,"B (point-in-time, the actual test)",not applicable,2020-02-19,2020-03-23,III.L,0.0010060362173038,benchmark
2020 COVID crash,1/N Equal Weight,benchmark,"B (point-in-time, the actual test)",not applicable,2020-02-19,2020-03-23,LUNDb.ST,0.0010060362173038,benchmark
2020 COVID crash,1/N Equal Weight,benchmark,"B (point-in-time, the actual test)",not applicable,2020-02-19,2020-03-23,ERICb.ST,0.0010060362173038,benchmark
2020 COVID crash,1/N Equal Weight,benchmark,"B (point-in-time, the actual test)",not applicable,2020-02-19,2020-03-23,NEKG.DE,0.0010060362173038,benchmark
2020 COVID crash,1/N Equal Weight,benchmark,"B (point-in-time, the actual test)",not applicable,2020-02-19,2020-03-23,MAP.MC,0.0010060362173038,benchmark
2020 COVID crash,1/N Equal Weight,benchmark,"B (point-in-time, the actual test)",not applicable,2020-02-19,2020-03-23,CLNX.MC,0.0010060362173038,benchmark
2020 COVID crash,1/N Equal Weight,benchmark,"B (point-in-time, the actual test)",not applicable,2020-02-19,2020-03-23,CTEC.L,0.0010060362173038,benchmark
2020 COVID crash,1/N Equal Weight,benchmark,"B (point-in-time, the actual test)",not applicable,2020-02-19,2020-03-23,ROPC.S,0.0010060362173038,benchmark
2020 COVID crash,1/N Equal Weight,benchmark,"B (point-in-time, the actual test)",not applicable,2020-02-19,2020-03-23,PSON.L,0.0010060362173038,benchmark
2020 COVID crash,1/N Equal Weight,benchmark,"B (point-in-time, the actual test)",not applicable,2020-02-19,2020-03-23,IBE.MC,0.0010060362173038,benchmark
2020 COVID crash,1/N Equal Weight,benchmark,"B (point-in-time, the actual test)",not applicable,2020-02-19,2020-03-23,SEBa.ST,0.0010060362173038,benchmark
2020 COVID crash,1/N Equal Weight,benchmark,"B (point-in-time, the actual test)",not applicable,2020-02-19,2020-03-23,LEGn.DE,0.0010060362173038,benchmark
2020 COVID crash,1/N Equal Weight,benchmark,"B (point-in-time, the actual test)",not applicable,2020-02-19,2020-03-23,BMWG.DE,0.0010060362173038,benchmark
2020 COVID crash,1/N Equal Weight,benchmark,"B (point-in-time, the actual test)",not applicable,2020-02-19,2020-03-23,SJP.L,0.0010060362173038,benchmark
2020 COVID crash,1/N Equal Weight,benchmark,"B (point-in-time, the actual test)",not applicable,2020-02-19,2020-03-23,GAW.L,0.0010060362173038,benchmark
2020 COVID crash,1/N Equal Weight,benchmark,"B (point-in-time, the actual test)",not applicable,2020-02-19,2020-03-23,SY1G.DE,0.0010060362173038,benchmark
2020 COVID crash,1/N Equal Weight,benchmark,"B (point-in-time, the actual test)",not applicable,2020-02-19,2020-03-23,ABNd.AS,0.0010060362173038,benchmark
2020 COVID crash,1/N Equal Weight,benchmark,"B (point-in-time, the actual test)",not applicable,2020-02-19,2020-03-23,PNN.L,0.0010060362173038,benchmark
2020 COVID crash,1/N Equal Weight,benchmark,"B (point-in-time, the actual test)",not applicable,2020-02-19,2020-03-23,EVOG.ST,0.0010060362173038,benchmark
2020 COVID crash,1/N Equal Weight,benchmark,"B (point-in-time, the actual test)",not applicable,2020-02-19,2020-03-23,OMVV.VI,0.0010060362173038,benchmark
2020 COVID crash,1/N Equal Weight,benchmark,"B (point-in-time, the actual test)",not applicable,2020-02-19,2020-03-23,NTGY.MC,0.0010060362173038,benchmark
2020 COVID crash,1/N Equal Weight,benchmark,"B (point-in-time, the actual test)",not applicable,2020-02-19,2020-03-23,NOVN.S,0.0010060362173038,benchmark
2020 COVID crash,1/N Equal Weight,benchmark,"B (point-in-time, the actual test)",not applicable,2020-02-19,2020-03-23,PST.MI,0.0010060362173038,benchmark
2020 COVID crash,1/N Equal Weight,benchmark,"B (point-in-time, the actual test)",not applicable,2020-02-19,2020-03-23,GALP.LS,0.0010060362173038,benchmark
2020 COVID crash,1/N Equal Weight,benchmark,"B (point-in-time, the actual test)",not applicable,2020-02-19,2020-03-23,VWS.CO,0.0010060362173038,benchmark
2020 COVID crash,1/N Equal Weight,benchmark,"B (point-in-time, the actual test)",not applicable,2020-02-19,2020-03-23,PERP.PA,0.0010060362173038,benchmark
2020 COVID crash,1/N Equal Weight,benchmark,"B (point-in-time, the actual test)",not applicable,2020-02-19,2020-03-23,BLND.L,0.0010060362173038,benchmark
2020 COVID crash,1/N Equal Weight,benchmark,"B (point-in-time, the actual test)",not applicable,2020-02-19,2020-03-23,MNDI.L,0.0010060362173038,benchmark
2020 COVID crash,1/N Equal Weight,benchmark,"B (point-in-time, the actual test)",not applicable,2020-02-19,2020-03-23,BAER.S,0.0010060362173038,benchmark
2020 COVID crash,1/N Equal Weight,benchmark,"B (point-in-time, the actual test)",not applicable,2020-02-19,2020-03-23,EUFI.PA,0.0010060362173038,benchmark
2020 COVID crash,1/N Equal Weight,benchmark,"B (point-in-time, the actual test)",not applicable,2020-02-19,2020-03-23,PRU.L,0.0010060362173038,benchmark
2020 COVID crash,1/N Equal Weight,benchmark,"B (point-in-time, the actual test)",not applicable,2020-02-19,2020-03-23,VERB.VI,0.0010060362173038,benchmark
2020 COVID crash,1/N Equal Weight,benchmark,"B (point-in-time, the actual test)",not applicable,2020-02-19,2020-03-23,NDAFI.HE,0.0010060362173038,benchmark
2020 COVID crash,1/N Equal Weight,benchmark,"B (point-in-time, the actual test)",not applicable,2020-02-19,2020-03-23,PEO.WA,0.0010060362173038,benchmark
2020 COVID crash,1/N Equal Weight,benchmark,"B (point-in-time, the actual test)",not applicable,2020-02-19,2020-03-23,EVKn.DE,0.0010060362173038,benchmark
2020 COVID crash,1/N Equal Weight,benchmark,"B (point-in-time, the actual test)",not applicable,2020-02-19,2020-03-23,CMBN.S,0.0010060362173038,benchmark
2020 COVID crash,1/N Equal Weight,benchmark,"B (point-in-time, the actual test)",not applicable,2020-02-19,2020-03-23,ACCP.PA,0.0010060362173038,benchmark
2020 COVID crash,1/N Equal Weight,benchmark,"B (point-in-time, the actual test)",not applicable,2020-02-19,2020-03-23,ORNBV.HE,0.0010060362173038,benchmark
2020 COVID crash,1/N Equal Weight,benchmark,"B (point-in-time, the actual test)",not applicable,2020-02-19,2020-03-23,BBOXT.L,0.0010060362173038,benchmark
2020 COVID crash,1/N Equal Weight,benchmark,"B (point-in-time, the actual test)",not applicable,2020-02-19,2020-03-23,SUBC.OL,0.0010060362173038,benchmark
2020 COVID crash,1/N Equal Weight,benchmark,"B (point-in-time, the actual test)",not applicable,2020-02-19,2020-03-23,SBMO.AS,0.0010060362173038,benchmark
2020 COVID crash,1/N Equal Weight,benchmark,"B (point-in-time, the actual test)",not applicable,2020-02-19,2020-03-23,ADDTb.ST,0.0010060362173038,benchmark
2020 COVID crash,1/N Equal Weight,benchmark,"B (point-in-time, the actual test)",not applicable,2020-02-19,2020-03-23,AKE.PA,0.0010060362173038,benchmark
2020 COVID crash,1/N Equal Weight,benchmark,"B (point-in-time, the actual test)",not applicable,2020-02-19,2020-03-23,WRT1V.HE,0.0010060362173038,benchmark
2020 COVID crash,1/N Equal Weight,benchmark,"B (point-in-time, the actual test)",not applicable,2020-02-19,2020-03-23,EBP.WA,0.0010060362173038,benchmark
2020 COVID crash,1/N Equal Weight,benchmark,"B (point-in-time, the actual test)",not applicable,2020-02-19,2020-03-23,GRLS.MC,0.0010060362173038,benchmark
2020 COVID crash,1/N Equal Weight,benchmark,"B (point-in-time, the actual test)",not applicable,2020-02-19,2020-03-23,G24n.DE,0.0010060362173038,benchmark
2020 COVID crash,1/N Equal Weight,benchmark,"B (point-in-time, the actual test)",not applicable,2020-02-19,2020-03-23,FRAG.DE,0.0010060362173038,benchmark
2020 COVID crash,1/N Equal Weight,benchmark,"B (point-in-time, the actual test)",not applicable,2020-02-19,2020-03-23,FREG.DE,0.0010060362173038,benchmark
2020 COVID crash,1/N Equal Weight,benchmark,"B (point-in-time, the actual test)",not applicable,2020-02-19,2020-03-23,EDP.LS,0.0010060362173038,benchmark
2020 COVID crash,1/N Equal Weight,benchmark,"B (point-in-time, the actual test)",not applicable,2020-02-19,2020-03-23,TRYG.CO,0.0010060362173038,benchmark
2020 COVID crash,1/N Equal Weight,benchmark,"B (point-in-time, the actual test)",not applicable,2020-02-19,2020-03-23,NOVOb.CO,0.0010060362173038,benchmark
2020 COVID crash,1/N Equal Weight,benchmark,"B (point-in-time, the actual test)",not applicable,2020-02-19,2020-03-23,DPLM.L,0.0010060362173038,benchmark
2020 COVID crash,1/N Equal Weight,benchmark,"B (point-in-time, the actual test)",not applicable,2020-02-19,2020-03-23,BAVA.CO,0.0010060362173038,benchmark
2020 COVID crash,1/N Equal Weight,benchmark,"B (point-in-time, the actual test)",not applicable,2020-02-19,2020-03-23,AOO.BR,0.0010060362173038,benchmark
2020 COVID crash,1/N Equal Weight,benchmark,"B (point-in-time, the actual test)",not applicable,2020-02-19,2020-03-23,IGG.L,0.0010060362173038,benchmark
2020 COVID crash,1/N Equal Weight,benchmark,"B (point-in-time, the actual test)",not applicable,2020-02-19,2020-03-23,AD.AS,0.0010060362173038,benchmark
2020 COVID crash,1/N Equal Weight,benchmark,"B (point-in-time, the actual test)",not applicable,2020-02-19,2020-03-23,TLIT.MI,0.0010060362173038,benchmark
2020 COVID crash,1/N Equal Weight,benchmark,"B (point-in-time, the actual test)",not applicable,2020-02-19,2020-03-23,AMBUb.CO,0.0010060362173038,benchmark
2020 COVID crash,1/N Equal Weight,benchmark,"B (point-in-time, the actual test)",not applicable,2020-02-19,2020-03-23,HIK.L,0.0010060362173038,benchmark
2020 COVID crash,1/N Equal Weight,benchmark,"B (point-in-time, the actual test)",not applicable,2020-02-19,2020-03-23,CAPP.PA,0.0010060362173038,benchmark
2020 COVID crash,1/N Equal Weight,benchmark,"B (point-in-time, the actual test)",not applicable,2020-02-19,2020-03-23,BGEO.L,0.0010060362173038,benchmark
2020 COVID crash,1/N Equal Weight,benchmark,"B (point-in-time, the actual test)",not applicable,2020-02-19,2020-03-23,BIRG.I,0.0010060362173038,benchmark
2020 COVID crash,1/N Equal Weight,benchmark,"B (point-in-time, the actual test)",not applicable,2020-02-19,2020-03-23,DCC.L,0.0010060362173038,benchmark
2020 COVID crash,1/N Equal Weight,benchmark,"B (point-in-time, the actual test)",not applicable,2020-02-19,2020-03-23,KNEBV.HE,0.0010060362173038,benchmark
2020 COVID crash,1/N Equal Weight,benchmark,"B (point-in-time, the actual test)",not applicable,2020-02-19,2020-03-23,DLN.L,0.0010060362173038,benchmark
2020 COVID crash,1/N Equal Weight,benchmark,"B (point-in-time, the actual test)",not applicable,2020-02-19,2020-03-23,WTB.L,0.0010060362173038,benchmark
2020 COVID crash,1/N Equal Weight,benchmark,"B (point-in-time, the actual test)",not applicable,2020-02-19,2020-03-23,GL9.I,0.0010060362173038,benchmark
2020 COVID crash,1/N Equal Weight,benchmark,"B (point-in-time, the actual test)",not applicable,2020-02-19,2020-03-23,NN.AS,0.0010060362173038,benchmark
2020 COVID crash,1/N Equal Weight,benchmark,"B (point-in-time, the actual test)",not applicable,2020-02-19,2020-03-23,ROCKb.CO,0.0010060362173038,benchmark
2020 COVID crash,1/N Equal Weight,benchmark,"B (point-in-time, the actual test)",not applicable,2020-02-19,2020-03-23,UPM.HE,0.0010060362173038,benchmark
2020 COVID crash,1/N Equal Weight,benchmark,"B (point-in-time, the actual test)",not applicable,2020-02-19,2020-03-23,BKT.MC,0.0010060362173038,benchmark
2020 COVID crash,1/N Equal Weight,benchmark,"B (point-in-time, the actual test)",not applicable,2020-02-19,2020-03-23,AKRBP.OL,0.0010060362173038,benchmark
2020 COVID crash,1/N Equal Weight,benchmark,"B (point-in-time, the actual test)",not applicable,2020-02-19,2020-03-23,MONC.MI,0.0010060362173038,benchmark
2020 COVID crash,1/N Equal Weight,benchmark,"B (point-in-time, the actual test)",not applicable,2020-02-19,2020-03-23,ADEN.S,0.0010060362173038,benchmark
2020 COVID crash,1/N Equal Weight,benchmark,"B (point-in-time, the actual test)",not applicable,2020-02-19,2020-03-23,EONGn.DE,0.0010060362173038,benchmark
2020 COVID crash,1/N Equal Weight,benchmark,"B (point-in-time, the actual test)",not applicable,2020-02-19,2020-03-23,LISP.S,0.0010060362173038,benchmark
2020 COVID crash,1/N Equal Weight,benchmark,"B (point-in-time, the actual test)",not applicable,2020-02-19,2020-03-23,WEIR.L,0.0010060362173038,benchmark
2020 COVID crash,1/N Equal Weight,benchmark,"B (point-in-time, the actual test)",not applicable,2020-02-19,2020-03-23,ACKB.BR,0.0010060362173038,benchmark
2020 COVID crash,1/N Equal Weight,benchmark,"B (point-in-time, the actual test)",not applicable,2020-02-19,2020-03-23,VNAn.DE,0.0010060362173038,benchmark
2020 COVID crash,1/N Equal Weight,benchmark,"B (point-in-time, the actual test)",not applicable,2020-02-19,2020-03-23,MTO.L,0.0010060362173038,benchmark
2020 COVID crash,1/N Equal Weight,benchmark,"B (point-in-time, the actual test)",not applicable,2020-02-19,2020-03-23,EDEN.PA,0.0010060362173038,benchmark
2020 COVID crash,1/N Equal Weight,benchmark,"B (point-in-time, the actual test)",not applicable,2020-02-19,2020-03-23,HOTG.DE,0.0010060362173038,benchmark
2020 COVID crash,1/N Equal Weight,benchmark,"B (point-in-time, the actual test)",not applicable,2020-02-19,2020-03-23,BAES.L,0.0010060362173038,benchmark
2020 COVID crash,1/N Equal Weight,benchmark,"B (point-in-time, the actual test)",not applicable,2020-02-19,2020-03-23,ENAG.MC,0.0010060362173038,benchmark
2020 COVID crash,1/N Equal Weight,benchmark,"B (point-in-time, the actual test)",not applicable,2020-02-19,2020-03-23,VEND.OL,0.0010060362173038,benchmark
2020 COVID crash,1/N Equal Weight,benchmark,"B (point-in-time, the actual test)",not applicable,2020-02-19,2020-03-23,BIOX.PA,0.0010060362173038,benchmark
2020 COVID crash,1/N Equal Weight,benchmark,"B (point-in-time, the actual test)",not applicable,2020-02-19,2020-03-23,NKT.CO,0.0010060362173038,benchmark
2020 COVID crash,1/N Equal Weight,benchmark,"B (point-in-time, the actual test)",not applicable,2020-02-19,2020-03-23,SDR.L,0.0010060362173038,benchmark
2020 COVID crash,1/N Equal Weight,benchmark,"B (point-in-time, the actual test)",not applicable,2020-02-19,2020-03-23,TRELb.ST,0.0010060362173038,benchmark
2020 COVID crash,1/N Equal Weight,benchmark,"B (point-in-time, the actual test)",not applicable,2020-02-19,2020-03-23,BWY.L,0.0010060362173038,benchmark
2020 COVID crash,1/N Equal Weight,benchmark,"B (point-in-time, the actual test)",not applicable,2020-02-19,2020-03-23,INGA.AS,0.0010060362173038,benchmark
2020 COVID crash,1/N Equal Weight,benchmark,"B (point-in-time, the actual test)",not applicable,2020-02-19,2020-03-23,BAKKA.OL,0.0010060362173038,benchmark
2020 COVID crash,1/N Equal Weight,benchmark,"B (point-in-time, the actual test)",not applicable,2020-02-19,2020-03-23,HRA.MI,0.0010060362173038,benchmark
2020 COVID crash,1/N Equal Weight,benchmark,"B (point-in-time, the actual test)",not applicable,2020-02-19,2020-03-23,BCVN.S,0.0010060362173038,benchmark
2020 COVID crash,1/N Equal Weight,benchmark,"B (point-in-time, the actual test)",not applicable,2020-02-19,2020-03-23,STB.OL,0.0010060362173038,benchmark
2020 COVID crash,1/N Equal Weight,benchmark,"B (point-in-time, the actual test)",not applicable,2020-02-19,2020-03-23,BOUY.PA,0.0010060362173038,benchmark
2020 COVID crash,1/N Equal Weight,benchmark,"B (point-in-time, the actual test)",not applicable,2020-02-19,2020-03-23,AXAF.PA,0.0010060362173038,benchmark
2020 COVID crash,1/N Equal Weight,benchmark,"B (point-in-time, the actual test)",not applicable,2020-02-19,2020-03-23,TEGG.DE,0.0010060362173038,benchmark
2020 COVID crash,1/N Equal Weight,benchmark,"B (point-in-time, the actual test)",not applicable,2020-02-19,2020-03-23,GASI.MI,0.0010060362173038,benchmark
2020 COVID crash,1/N Equal Weight,benchmark,"B (point-in-time, the actual test)",not applicable,2020-02-19,2020-03-23,UU.L,0.0010060362173038,benchmark
2020 COVID crash,1/N Equal Weight,benchmark,"B (point-in-time, the actual test)",not applicable,2020-02-19,2020-03-23,ACPP.WA,0.0010060362173038,benchmark
2020 COVID crash,1/N Equal Weight,benchmark,"B (point-in-time, the actual test)",not applicable,2020-02-19,2020-03-23,MWDP.PA,0.0010060362173038,benchmark
2020 COVID crash,1/N Equal Weight,benchmark,"B (point-in-time, the actual test)",not applicable,2020-02-19,2020-03-23,A2.MI,0.0010060362173038,benchmark
2020 COVID crash,1/N Equal Weight,benchmark,"B (point-in-time, the actual test)",not applicable,2020-02-19,2020-03-23,ZELA.CO,0.0010060362173038,benchmark
2020 COVID crash,1/N Equal Weight,benchmark,"B (point-in-time, the actual test)",not applicable,2020-02-19,2020-03-23,REDE.MC,0.0010060362173038,benchmark
2020 COVID crash,1/N Equal Weight,benchmark,"B (point-in-time, the actual test)",not applicable,2020-02-19,2020-03-23,TEPRF.PA,0.0010060362173038,benchmark
2020 COVID crash,1/N Equal Weight,benchmark,"B (point-in-time, the actual test)",not applicable,2020-02-19,2020-03-23,STMMI.MI,0.0010060362173038,benchmark
2020 COVID crash,1/N Equal Weight,benchmark,"B (point-in-time, the actual test)",not applicable,2020-02-19,2020-03-23,EQNR.OL,0.0010060362173038,benchmark
2020 COVID crash,1/N Equal Weight,benchmark,"B (point-in-time, the actual test)",not applicable,2020-02-19,2020-03-23,VLOF.PA,0.0010060362173038,benchmark
2020 COVID crash,1/N Equal Weight,benchmark,"B (point-in-time, the actual test)",not applicable,2020-02-19,2020-03-23,ALKb.CO,0.0010060362173038,benchmark
2020 COVID crash,1/N Equal Weight,benchmark,"B (point-in-time, the actual test)",not applicable,2020-02-19,2020-03-23,SECUb.ST,0.0010060362173038,benchmark
2020 COVID crash,1/N Equal Weight,benchmark,"B (point-in-time, the actual test)",not applicable,2020-02-19,2020-03-23,EMG.L,0.0010060362173038,benchmark
2020 COVID crash,1/N Equal Weight,benchmark,"B (point-in-time, the actual test)",not applicable,2020-02-19,2020-03-23,EXHO.PA,0.0010060362173038,benchmark
2020 COVID crash,1/N Equal Weight,benchmark,"B (point-in-time, the actual test)",not applicable,2020-02-19,2020-03-23,SSABb.ST,0.0010060362173038,benchmark
2020 COVID crash,1/N Equal Weight,benchmark,"B (point-in-time, the actual test)",not applicable,2020-02-19,2020-03-23,AZN.L,0.0010060362173038,benchmark
2020 COVID crash,1/N Equal Weight,benchmark,"B (point-in-time, the actual test)",not applicable,2020-02-19,2020-03-23,BKGH.L,0.0010060362173038,benchmark
2020 COVID crash,1/N Equal Weight,benchmark,"B (point-in-time, the actual test)",not applicable,2020-02-19,2020-03-23,ICGIN.L,0.0010060362173038,benchmark
2020 COVID crash,1/N Equal Weight,benchmark,"B (point-in-time, the actual test)",not applicable,2020-02-19,2020-03-23,AUTOA.L,0.0010060362173038,benchmark
2020 COVID crash,1/N Equal Weight,benchmark,"B (point-in-time, the actual test)",not applicable,2020-02-19,2020-03-23,RMV.L,0.0010060362173038,benchmark
2020 COVID crash,1/N Equal Weight,benchmark,"B (point-in-time, the actual test)",not applicable,2020-02-19,2020-03-23,VZN.S,0.0010060362173038,benchmark
2020 COVID crash,1/N Equal Weight,benchmark,"B (point-in-time, the actual test)",not applicable,2020-02-19,2020-03-23,IETB.BR,0.0010060362173038,benchmark
2020 COVID crash,1/N Equal Weight,benchmark,"B (point-in-time, the actual test)",not applicable,2020-02-19,2020-03-23,IMCD.AS,0.0010060362173038,benchmark
2020 COVID crash,1/N Equal Weight,benchmark,"B (point-in-time, the actual test)",not applicable,2020-02-19,2020-03-23,SWEDa.ST,0.0010060362173038,benchmark
2020 COVID crash,1/N Equal Weight,benchmark,"B (point-in-time, the actual test)",not applicable,2020-02-19,2020-03-23,SCHN.PA,0.0010060362173038,benchmark
2020 COVID crash,1/N Equal Weight,benchmark,"B (point-in-time, the actual test)",not applicable,2020-02-19,2020-03-23,KPN.AS,0.0010060362173038,benchmark
2020 COVID crash,1/N Equal Weight,benchmark,"B (point-in-time, the actual test)",not applicable,2020-02-19,2020-03-23,WBSV.VI,0.0010060362173038,benchmark
2020 COVID crash,1/N Equal Weight,benchmark,"B (point-in-time, the actual test)",not applicable,2020-02-19,2020-03-23,TEL2b.ST,0.0010060362173038,benchmark
2020 COVID crash,1/N Equal Weight,benchmark,"B (point-in-time, the actual test)",not applicable,2020-02-19,2020-03-23,WLSNc.AS,0.0010060362173038,benchmark
2020 COVID crash,1/N Equal Weight,benchmark,"B (point-in-time, the actual test)",not applicable,2020-02-19,2020-03-23,BP.L,0.0010060362173038,benchmark
2020 COVID crash,1/N Equal Weight,benchmark,"B (point-in-time, the actual test)",not applicable,2020-02-19,2020-03-23,LLOY.L,0.0010060362173038,benchmark
2020 COVID crash,1/N Equal Weight,benchmark,"B (point-in-time, the actual test)",not applicable,2020-02-19,2020-03-23,ARDS.AS,0.0010060362173038,benchmark
2020 COVID crash,1/N Equal Weight,benchmark,"B (point-in-time, the actual test)",not applicable,2020-02-19,2020-03-23,SFSN.S,0.0010060362173038,benchmark
2020 COVID crash,1/N Equal Weight,benchmark,"B (point-in-time, the actual test)",not applicable,2020-02-19,2020-03-23,CCH.L,0.0010060362173038,benchmark
2020 COVID crash,1/N Equal Weight,benchmark,"B (point-in-time, the actual test)",not applicable,2020-02-19,2020-03-23,MOWI.OL,0.0010060362173038,benchmark
2020 COVID crash,1/N Equal Weight,benchmark,"B (point-in-time, the actual test)",not applicable,2020-02-19,2020-03-23,SAN.MC,0.0010060362173038,benchmark
2020 COVID crash,1/N Equal Weight,benchmark,"B (point-in-time, the actual test)",not applicable,2020-02-19,2020-03-23,HLMA.L,0.0010060362173038,benchmark
2020 COVID crash,1/N Equal Weight,benchmark,"B (point-in-time, the actual test)",not applicable,2020-02-19,2020-03-23,SIEGn.DE,0.0010060362173038,benchmark
2020 COVID crash,1/N Equal Weight,benchmark,"B (point-in-time, the actual test)",not applicable,2020-02-19,2020-03-23,THULE.ST,0.0010060362173038,benchmark
2020 COVID crash,1/N Equal Weight,benchmark,"B (point-in-time, the actual test)",not applicable,2020-02-19,2020-03-23,KEMIRA.HE,0.0010060362173038,benchmark
2020 COVID crash,1/N Equal Weight,benchmark,"B (point-in-time, the actual test)",not applicable,2020-02-19,2020-03-23,HUH1V.HE,0.0010060362173038,benchmark
2020 COVID crash,1/N Equal Weight,benchmark,"B (point-in-time, the actual test)",not applicable,2020-02-19,2020-03-23,ABBN.S,0.0010060362173038,benchmark
2020 COVID crash,1/N Equal Weight,benchmark,"B (point-in-time, the actual test)",not applicable,2020-02-19,2020-03-23,UNPI.MI,0.0010060362173038,benchmark
2020 COVID crash,1/N Equal Weight,benchmark,"B (point-in-time, the actual test)",not applicable,2020-02-19,2020-03-23,RS1R.L,0.0010060362173038,benchmark
2020 COVID crash,1/N Equal Weight,benchmark,"B (point-in-time, the actual test)",not applicable,2020-02-19,2020-03-23,BC8G.DE,0.0010060362173038,benchmark
2020 COVID crash,1/N Equal Weight,benchmark,"B (point-in-time, the actual test)",not applicable,2020-02-19,2020-03-23,RHMG.DE,0.0010060362173038,benchmark
2020 COVID crash,1/N Equal Weight,benchmark,"B (point-in-time, the actual test)",not applicable,2020-02-19,2020-03-23,AIRP.PA,0.0010060362173038,benchmark
2020 COVID crash,1/N Equal Weight,benchmark,"B (point-in-time, the actual test)",not applicable,2020-02-19,2020-03-23,GETP.PA,0.0010060362173038,benchmark
2020 COVID crash,1/N Equal Weight,benchmark,"B (point-in-time, the actual test)",not applicable,2020-02-19,2020-03-23,HEIO.AS,0.0010060362173038,benchmark
2020 COVID crash,1/N Equal Weight,benchmark,"B (point-in-time, the actual test)",not applicable,2020-02-19,2020-03-23,ROR.L,0.0010060362173038,benchmark
2020 COVID crash,1/N Equal Weight,benchmark,"B (point-in-time, the actual test)",not applicable,2020-02-19,2020-03-23,FHZN.S,0.0010060362173038,benchmark
2020 COVID crash,1/N Equal Weight,benchmark,"B (point-in-time, the actual test)",not applicable,2020-02-19,2020-03-23,DTEGn.DE,0.0010060362173038,benchmark
2020 COVID crash,1/N Equal Weight,benchmark,"B (point-in-time, the actual test)",not applicable,2020-02-19,2020-03-23,STAN.L,0.0010060362173038,benchmark
2020 COVID crash,1/N Equal Weight,benchmark,"B (point-in-time, the actual test)",not applicable,2020-02-19,2020-03-23,RR.L,0.0010060362173038,benchmark
2020 COVID crash,1/N Equal Weight,benchmark,"B (point-in-time, the actual test)",not applicable,2020-02-19,2020-03-23,ADSGn.DE,0.0010060362173038,benchmark
2020 COVID crash,1/N Equal Weight,benchmark,"B (point-in-time, the actual test)",not applicable,2020-02-19,2020-03-23,MYCR.ST,0.0010060362173038,benchmark
2020 COVID crash,1/N Equal Weight,benchmark,"B (point-in-time, the actual test)",not applicable,2020-02-19,2020-03-23,SASY.PA,0.0010060362173038,benchmark
2020 COVID crash,1/N Equal Weight,benchmark,"B (point-in-time, the actual test)",not applicable,2020-02-19,2020-03-23,FOUG.PA,0.0010060362173038,benchmark
2020 COVID crash,1/N Equal Weight,benchmark,"B (point-in-time, the actual test)",not applicable,2020-02-19,2020-03-23,UBSG.S,0.0010060362173038,benchmark
2020 COVID crash,1/N Equal Weight,benchmark,"B (point-in-time, the actual test)",not applicable,2020-02-19,2020-03-23,STLAM.MI,0.0010060362173038,benchmark
2020 COVID crash,1/N Equal Weight,benchmark,"B (point-in-time, the actual test)",not applicable,2020-02-19,2020-03-23,RAND.AS,0.0010060362173038,benchmark
2020 COVID crash,1/N Equal Weight,benchmark,"B (point-in-time, the actual test)",not applicable,2020-02-19,2020-03-23,NOD.OL,0.0010060362173038,benchmark
2020 COVID crash,1/N Equal Weight,benchmark,"B (point-in-time, the actual test)",not applicable,2020-02-19,2020-03-23,MKS.L,0.0010060362173038,benchmark
2020 COVID crash,1/N Equal Weight,benchmark,"B (point-in-time, the actual test)",not applicable,2020-02-19,2020-03-23,JMAT.L,0.0010060362173038,benchmark
2020 COVID crash,1/N Equal Weight,benchmark,"B (point-in-time, the actual test)",not applicable,2020-02-19,2020-03-23,ENT.L,0.0010060362173038,benchmark
2020 COVID crash,1/N Equal Weight,benchmark,"B (point-in-time, the actual test)",not applicable,2020-02-19,2020-03-23,ASRNL.AS,0.0010060362173038,benchmark
2020 COVID crash,1/N Equal Weight,benchmark,"B (point-in-time, the actual test)",not applicable,2020-02-19,2020-03-23,PSPN.S,0.0010060362173038,benchmark
2020 COVID crash,1/N Equal Weight,benchmark,"B (point-in-time, the actual test)",not applicable,2020-02-19,2020-03-23,UTG.L,0.0010060362173038,benchmark
2020 COVID crash,1/N Equal Weight,benchmark,"B (point-in-time, the actual test)",not applicable,2020-02-19,2020-03-23,SABE.MC,0.0010060362173038,benchmark
2020 COVID crash,1/N Equal Weight,benchmark,"B (point-in-time, the actual test)",not applicable,2020-02-19,2020-03-23,IFXGn.DE,0.0010060362173038,benchmark
2020 COVID crash,1/N Equal Weight,benchmark,"B (point-in-time, the actual test)",not applicable,2020-02-19,2020-03-23,CAGR.PA,0.0010060362173038,benchmark
2020 COVID crash,1/N Equal Weight,benchmark,"B (point-in-time, the actual test)",not applicable,2020-02-19,2020-03-23,TELIA.ST,0.0010060362173038,benchmark
2020 COVID crash,1/N Equal Weight,benchmark,"B (point-in-time, the actual test)",not applicable,2020-02-19,2020-03-23,PRTP.PA,0.0010060362173038,benchmark
2020 COVID crash,1/N Equal Weight,benchmark,"B (point-in-time, the actual test)",not applicable,2020-02-19,2020-03-23,RECI.MI,0.0010060362173038,benchmark
2020 COVID crash,1/N Equal Weight,benchmark,"B (point-in-time, the actual test)",not applicable,2020-02-19,2020-03-23,BATS.L,0.0010060362173038,benchmark
2020 COVID crash,1/N Equal Weight,benchmark,"B (point-in-time, the actual test)",not applicable,2020-02-19,2020-03-23,SDFGn.DE,0.0010060362173038,benchmark
2020 COVID crash,1/N Equal Weight,benchmark,"B (point-in-time, the actual test)",not applicable,2020-02-19,2020-03-23,ANA.MC,0.0010060362173038,benchmark
2020 COVID crash,1/N Equal Weight,benchmark,"B (point-in-time, the actual test)",not applicable,2020-02-19,2020-03-23,ASSAb.ST,0.0010060362173038,benchmark
2020 COVID crash,1/N Equal Weight,benchmark,"B (point-in-time, the actual test)",not applicable,2020-02-19,2020-03-23,ITRK.L,0.0010060362173038,benchmark
2020 COVID crash,1/N Equal Weight,benchmark,"B (point-in-time, the actual test)",not applicable,2020-02-19,2020-03-23,NIBEb.ST,0.0010060362173038,benchmark
2020 COVID crash,1/N Equal Weight,benchmark,"B (point-in-time, the actual test)",not applicable,2020-02-19,2020-03-23,HBANC.S,0.0010060362173038,benchmark
2020 COVID crash,1/N Equal Weight,benchmark,"B (point-in-time, the actual test)",not applicable,2020-02-19,2020-03-23,FRO.OL,0.0010060362173038,benchmark
2020 COVID crash,1/N Equal Weight,benchmark,"B (point-in-time, the actual test)",not applicable,2020-02-19,2020-03-23,SCOR.PA,0.0010060362173038,benchmark
2020 COVID crash,1/N Equal Weight,benchmark,"B (point-in-time, the actual test)",not applicable,2020-02-19,2020-03-23,BALF.L,0.0010060362173038,benchmark
2020 COVID crash,1/N Equal Weight,benchmark,"B (point-in-time, the actual test)",not applicable,2020-02-19,2020-03-23,JMT.LS,0.0010060362173038,benchmark
2020 COVID crash,1/N Equal Weight,benchmark,"B (point-in-time, the actual test)",not applicable,2020-02-19,2020-03-23,SUN.S,0.0010060362173038,benchmark
2020 COVID crash,1/N Equal Weight,benchmark,"B (point-in-time, the actual test)",not applicable,2020-02-19,2020-03-23,KCRA.HE,0.0010060362173038,benchmark
2020 COVID crash,1/N Equal Weight,benchmark,"B (point-in-time, the actual test)",not applicable,2020-02-19,2020-03-23,KOG.OL,0.0010060362173038,benchmark
2020 COVID crash,1/N Equal Weight,benchmark,"B (point-in-time, the actual test)",not applicable,2020-02-19,2020-03-23,ALLN.S,0.0010060362173038,benchmark
2020 COVID crash,1/N Equal Weight,benchmark,"B (point-in-time, the actual test)",not applicable,2020-02-19,2020-03-23,ELI.BR,0.0010060362173038,benchmark
2020 COVID crash,1/N Equal Weight,benchmark,"B (point-in-time, the actual test)",not applicable,2020-02-19,2020-03-23,HNRGn.DE,0.0010060362173038,benchmark
2020 COVID crash,1/N Equal Weight,benchmark,"B (point-in-time, the actual test)",not applicable,2020-02-19,2020-03-23,CNA.L,0.0010060362173038,benchmark
2020 COVID crash,1/N Equal Weight,benchmark,"B (point-in-time, the actual test)",not applicable,2020-02-19,2020-03-23,DSV.CO,0.0010060362173038,benchmark
2020 COVID crash,1/N Equal Weight,benchmark,"B (point-in-time, the actual test)",not applicable,2020-02-19,2020-03-23,DB1Gn.DE,0.0010060362173038,benchmark
2020 COVID crash,1/N Equal Weight,benchmark,"B (point-in-time, the actual test)",not applicable,2020-02-19,2020-03-23,BVI.PA,0.0010060362173038,benchmark
2020 COVID crash,1/N Equal Weight,benchmark,"B (point-in-time, the actual test)",not applicable,2020-02-19,2020-03-23,IG.MI,0.0010060362173038,benchmark
2020 COVID crash,1/N Equal Weight,benchmark,"B (point-in-time, the actual test)",not applicable,2020-02-19,2020-03-23,TTEF.PA,0.0010060362173038,benchmark
2020 COVID crash,1/N Equal Weight,benchmark,"B (point-in-time, the actual test)",not applicable,2020-02-19,2020-03-23,MBGn.DE,0.0010060362173038,benchmark
2020 COVID crash,1/N Equal Weight,benchmark,"B (point-in-time, the actual test)",not applicable,2020-02-19,2020-03-23,FBK.MI,0.0010060362173038,benchmark
2020 COVID crash,1/N Equal Weight,benchmark,"B (point-in-time, the actual test)",not applicable,2020-02-19,2020-03-23,SAGAb.ST,0.0010060362173038,benchmark
2020 COVID crash,1/N Equal Weight,benchmark,"B (point-in-time, the actual test)",not applicable,2020-02-19,2020-03-23,MTXGn.DE,0.0010060362173038,benchmark
2020 COVID crash,1/N Equal Weight,benchmark,"B (point-in-time, the actual test)",not applicable,2020-02-19,2020-03-23,ALSYDB.CO,0.0010060362173038,benchmark
2020 COVID crash,1/N Equal Weight,benchmark,"B (point-in-time, the actual test)",not applicable,2020-02-19,2020-03-23,SBNOR.OL,0.0010060362173038,benchmark
2020 COVID crash,1/N Equal Weight,benchmark,"B (point-in-time, the actual test)",not applicable,2020-02-19,2020-03-23,SOGN.PA,0.0010060362173038,benchmark
2020 COVID crash,1/N Equal Weight,benchmark,"B (point-in-time, the actual test)",not applicable,2020-02-19,2020-03-23,DBKGn.DE,0.0010060362173038,benchmark
2020 COVID crash,1/N Equal Weight,benchmark,"B (point-in-time, the actual test)",not applicable,2020-02-19,2020-03-23,NWG.L,0.0010060362173038,benchmark
2020 COVID crash,1/N Equal Weight,benchmark,"B (point-in-time, the actual test)",not applicable,2020-02-19,2020-03-23,SAND.ST,0.0010060362173038,benchmark
2020 COVID crash,1/N Equal Weight,benchmark,"B (point-in-time, the actual test)",not applicable,2020-02-19,2020-03-23,NDXG.DE,0.0010060362173038,benchmark
2020 COVID crash,1/N Equal Weight,benchmark,"B (point-in-time, the actual test)",not applicable,2020-02-19,2020-03-23,INWT.MI,0.0010060362173038,benchmark
2020 COVID crash,1/N Equal Weight,benchmark,"B (point-in-time, the actual test)",not applicable,2020-02-19,2020-03-23,SRENH.S,0.0010060362173038,benchmark
2020 COVID crash,1/N Equal Weight,benchmark,"B (point-in-time, the actual test)",not applicable,2020-02-19,2020-03-23,RILBA.CO,0.0010060362173038,benchmark
2020 COVID crash,1/N Equal Weight,benchmark,"B (point-in-time, the actual test)",not applicable,2020-02-19,2020-03-23,JYSK.CO,0.0010060362173038,benchmark
2020 COVID crash,1/N Equal Weight,benchmark,"B (point-in-time, the actual test)",not applicable,2020-02-19,2020-03-23,LOTB.BR,0.0010060362173038,benchmark
2020 COVID crash,1/N Equal Weight,benchmark,"B (point-in-time, the actual test)",not applicable,2020-02-19,2020-03-23,AALB.AS,0.0010060362173038,benchmark
2020 COVID crash,1/N Equal Weight,benchmark,"B (point-in-time, the actual test)",not applicable,2020-02-19,2020-03-23,NOKIA.HE,0.0010060362173038,benchmark
2020 COVID crash,1/N Equal Weight,benchmark,"B (point-in-time, the actual test)",not applicable,2020-02-19,2020-03-23,BNRGn.DE,0.0010060362173038,benchmark
2020 COVID crash,1/N Equal Weight,benchmark,"B (point-in-time, the actual test)",not applicable,2020-02-19,2020-03-23,AMA.MC,0.0010060362173038,benchmark
2020 COVID crash,1/N Equal Weight,benchmark,"B (point-in-time, the actual test)",not applicable,2020-02-19,2020-03-23,BZU.MI,0.0010060362173038,benchmark
2020 COVID crash,1/N Equal Weight,benchmark,"B (point-in-time, the actual test)",not applicable,2020-02-19,2020-03-23,BEZG.L,0.0010060362173038,benchmark
2020 COVID crash,1/N Equal Weight,benchmark,"B (point-in-time, the actual test)",not applicable,2020-02-19,2020-03-23,AAL.L,0.0010060362173038,benchmark
2020 COVID crash,1/N Equal Weight,benchmark,"B (point-in-time, the actual test)",not applicable,2020-02-19,2020-03-23,BOLL.PA,0.0010060362173038,benchmark
2020 COVID crash,1/N Equal Weight,benchmark,"B (point-in-time, the actual test)",not applicable,2020-02-19,2020-03-23,AVANZ.ST,0.0010060362173038,benchmark
2020 COVID crash,1/N Equal Weight,benchmark,"B (point-in-time, the actual test)",not applicable,2020-02-19,2020-03-23,RTO.L,0.0010060362173038,benchmark
2020 COVID crash,1/N Equal Weight,benchmark,"B (point-in-time, the actual test)",not applicable,2020-02-19,2020-03-23,ABVX.PA,0.0010060362173038,benchmark
2020 COVID crash,1/N Equal Weight,benchmark,"B (point-in-time, the actual test)",not applicable,2020-02-19,2020-03-23,BYG.L,0.0010060362173038,benchmark
2020 COVID crash,1/N Equal Weight,benchmark,"B (point-in-time, the actual test)",not applicable,2020-02-19,2020-03-23,NSISb.CO,0.0010060362173038,benchmark
2020 COVID crash,1/N Equal Weight,benchmark,"B (point-in-time, the actual test)",not applicable,2020-02-19,2020-03-23,ANTO.L,0.0010060362173038,benchmark
2020 COVID crash,1/N Equal Weight,benchmark,"B (point-in-time, the actual test)",not applicable,2020-02-19,2020-03-23,MBK.WA,0.0010060362173038,benchmark
2020 COVID crash,1/N Equal Weight,benchmark,"B (point-in-time, the actual test)",not applicable,2020-02-19,2020-03-23,RXL.PA,0.0010060362173038,benchmark
2020 COVID crash,1/N Equal Weight,benchmark,"B (point-in-time, the actual test)",not applicable,2020-02-19,2020-03-23,ASML.AS,0.0010060362173038,benchmark
2020 COVID crash,1/N Equal Weight,benchmark,"B (point-in-time, the actual test)",not applicable,2020-02-19,2020-03-23,BOL.ST,0.0010060362173038,benchmark
2020 COVID crash,1/N Equal Weight,benchmark,"B (point-in-time, the actual test)",not applicable,2020-02-19,2020-03-23,CPG.L,0.0010060362173038,benchmark
2020 COVID crash,1/N Equal Weight,benchmark,"B (point-in-time, the actual test)",not applicable,2020-02-19,2020-03-23,HSBA.L,0.0010060362173038,benchmark
2020 COVID crash,1/N Equal Weight,benchmark,"B (point-in-time, the actual test)",not applicable,2020-02-19,2020-03-23,BNZL.L,0.0010060362173038,benchmark
2020 COVID crash,1/N Equal Weight,benchmark,"B (point-in-time, the actual test)",not applicable,2020-02-19,2020-03-23,REY.MI,0.0010060362173038,benchmark
2020 COVID crash,1/N Equal Weight,benchmark,"B (point-in-time, the actual test)",not applicable,2020-02-19,2020-03-23,VOWG_p.DE,0.0010060362173038,benchmark
2020 COVID crash,1/N Equal Weight,benchmark,"B (point-in-time, the actual test)",not applicable,2020-02-19,2020-03-23,LOIM.PA,0.0010060362173038,benchmark
2020 COVID crash,1/N Equal Weight,benchmark,"B (point-in-time, the actual test)",not applicable,2020-02-19,2020-03-23,DEMANT.CO,0.0010060362173038,benchmark
2020 COVID crash,1/N Equal Weight,benchmark,"B (point-in-time, the actual test)",not applicable,2020-02-19,2020-03-23,PSN.L,0.0010060362173038,benchmark
2020 COVID crash,1/N Equal Weight,benchmark,"B (point-in-time, the actual test)",not applicable,2020-02-19,2020-03-23,EMSN.S,0.0010060362173038,benchmark
2020 COVID crash,1/N Equal Weight,benchmark,"B (point-in-time, the actual test)",not applicable,2020-02-19,2020-03-23,GFCP.PA,0.0010060362173038,benchmark
2020 COVID crash,1/N Equal Weight,benchmark,"B (point-in-time, the actual test)",not applicable,2020-02-19,2020-03-23,UCB.BR,0.0010060362173038,benchmark
2020 COVID crash,1/N Equal Weight,benchmark,"B (point-in-time, the actual test)",not applicable,2020-02-19,2020-03-23,NESTE.HE,0.0010060362173038,benchmark
2020 COVID crash,1/N Equal Weight,benchmark,"B (point-in-time, the actual test)",not applicable,2020-02-19,2020-03-23,METSO.HE,0.0010060362173038,benchmark
2020 COVID crash,1/N Equal Weight,benchmark,"B (point-in-time, the actual test)",not applicable,2020-02-19,2020-03-23,AIR.PA,0.0010060362173038,benchmark
2020 COVID crash,1/N Equal Weight,benchmark,"B (point-in-time, the actual test)",not applicable,2020-02-19,2020-03-23,MRCG.DE,0.0010060362173038,benchmark
2020 COVID crash,1/N Equal Weight,benchmark,"B (point-in-time, the actual test)",not applicable,2020-02-19,2020-03-23,CRDI.MI,0.0010060362173038,benchmark
2020 COVID crash,1/N Equal Weight,benchmark,"B (point-in-time, the actual test)",not applicable,2020-02-19,2020-03-23,LEGD.PA,0.0010060362173038,benchmark
2020 COVID crash,1/N Equal Weight,benchmark,"B (point-in-time, the actual test)",not applicable,2020-02-19,2020-03-23,G1AG.DE,0.0010060362173038,benchmark
2020 COVID crash,1/N Equal Weight,benchmark,"B (point-in-time, the actual test)",not applicable,2020-02-19,2020-03-23,NHY.OL,0.0010060362173038,benchmark
2020 COVID crash,1/N Equal Weight,benchmark,"B (point-in-time, the actual test)",not applicable,2020-02-19,2020-03-23,SPSN.S,0.0010060362173038,benchmark
2020 COVID crash,1/N Equal Weight,benchmark,"B (point-in-time, the actual test)",not applicable,2020-02-19,2020-03-23,TPE.WA,0.0010060362173038,benchmark
2020 COVID crash,1/N Equal Weight,benchmark,"B (point-in-time, the actual test)",not applicable,2020-02-19,2020-03-23,SHCS.L,0.0010060362173038,benchmark
2020 COVID crash,1/N Equal Weight,benchmark,"B (point-in-time, the actual test)",not applicable,2020-02-19,2020-03-23,RUBF.PA,0.0010060362173038,benchmark
2020 COVID crash,1/N Equal Weight,benchmark,"B (point-in-time, the actual test)",not applicable,2020-02-19,2020-03-23,NESN.S,0.0010060362173038,benchmark
2020 COVID crash,1/N Equal Weight,benchmark,"B (point-in-time, the actual test)",not applicable,2020-02-19,2020-03-23,PNDORA.CO,0.0010060362173038,benchmark
2020 COVID crash,1/N Equal Weight,benchmark,"B (point-in-time, the actual test)",not applicable,2020-02-19,2020-03-23,GLEN.L,0.0010060362173038,benchmark
2020 COVID crash,1/N Equal Weight,benchmark,"B (point-in-time, the actual test)",not applicable,2020-02-19,2020-03-23,GBFG.DE,0.0010060362173038,benchmark
2020 COVID crash,1/N Equal Weight,benchmark,"B (point-in-time, the actual test)",not applicable,2020-02-19,2020-03-23,CONG.DE,0.0010060362173038,benchmark
2020 COVID crash,1/N Equal Weight,benchmark,"B (point-in-time, the actual test)",not applicable,2020-02-19,2020-03-23,BUCN.S,0.0010060362173038,benchmark
2020 COVID crash,1/N Equal Weight,benchmark,"B (point-in-time, the actual test)",not applicable,2020-02-19,2020-03-23,SOPR.PA,0.0010060362173038,benchmark
2020 COVID crash,1/N Equal Weight,benchmark,"B (point-in-time, the actual test)",not applicable,2020-02-19,2020-03-23,SPMI.MI,0.0010060362173038,benchmark
2020 COVID crash,1/N Equal Weight,benchmark,"B (point-in-time, the actual test)",not applicable,2020-02-19,2020-03-23,ZALG.DE,0.0010060362173038,benchmark
2020 COVID crash,1/N Equal Weight,benchmark,"B (point-in-time, the actual test)",not applicable,2020-02-19,2020-03-23,HIAB.HE,0.0010060362173038,benchmark
2020 COVID crash,1/N Equal Weight,benchmark,"B (point-in-time, the actual test)",not applicable,2020-02-19,2020-03-23,SKAb.ST,0.0010060362173038,benchmark
2020 COVID crash,1/N Equal Weight,benchmark,"B (point-in-time, the actual test)",not applicable,2020-02-19,2020-03-23,ZURN.S,0.0010060362173038,benchmark
2020 COVID crash,1/N Equal Weight,benchmark,"B (point-in-time, the actual test)",not applicable,2020-02-19,2020-03-23,MUVGn.DE,0.0010060362173038,benchmark
2020 COVID crash,1/N Equal Weight,benchmark,"B (point-in-time, the actual test)",not applicable,2020-02-19,2020-03-23,SRG.MI,0.0010060362173038,benchmark
2020 COVID crash,1/N Equal Weight,benchmark,"B (point-in-time, the actual test)",not applicable,2020-02-19,2020-03-23,ABI.BR,0.0010060362173038,benchmark
2020 COVID crash,1/N Equal Weight,benchmark,"B (point-in-time, the actual test)",not applicable,2020-02-19,2020-03-23,LVMH.PA,0.0010060362173038,benchmark
2020 COVID crash,1/N Equal Weight,benchmark,"B (point-in-time, the actual test)",not applicable,2020-02-19,2020-03-23,WDPP.BR,0.0010060362173038,benchmark
2020 COVID crash,1/N Equal Weight,benchmark,"B (point-in-time, the actual test)",not applicable,2020-02-19,2020-03-23,PSHG_p.DE,0.0010060362173038,benchmark
2020 COVID crash,1/N Equal Weight,benchmark,"B (point-in-time, the actual test)",not applicable,2020-02-19,2020-03-23,COLOb.CO,0.0010060362173038,benchmark
2020 COVID crash,1/N Equal Weight,benchmark,"B (point-in-time, the actual test)",not applicable,2020-02-19,2020-03-23,AGES.BR,0.0010060362173038,benchmark
2020 COVID crash,1/N Equal Weight,benchmark,"B (point-in-time, the actual test)",not applicable,2020-02-19,2020-03-23,HOLMb.ST,0.0010060362173038,benchmark
2020 COVID crash,1/N Equal Weight,benchmark,"B (point-in-time, the actual test)",not applicable,2020-02-19,2020-03-23,JD.L,0.0010060362173038,benchmark
2020 COVID crash,1/N Equal Weight,benchmark,"B (point-in-time, the actual test)",not applicable,2020-02-19,2020-03-23,CAMX.ST,0.0010060362173038,benchmark
2020 COVID crash,1/N Equal Weight,benchmark,"B (point-in-time, the actual test)",not applicable,2020-02-19,2020-03-23,GMAB.CO,0.0010060362173038,benchmark
2020 COVID crash,1/N Equal Weight,benchmark,"B (point-in-time, the actual test)",not applicable,2020-02-19,2020-03-23,SPIE.PA,0.0010060362173038,benchmark
2020 COVID crash,1/N Equal Weight,benchmark,"B (point-in-time, the actual test)",not applicable,2020-02-19,2020-03-23,GTT.PA,0.0010060362173038,benchmark
2020 COVID crash,1/N Equal Weight,benchmark,"B (point-in-time, the actual test)",not applicable,2020-02-19,2020-03-23,ANDR.VI,0.0010060362173038,benchmark
2020 COVID crash,1/N Equal Weight,benchmark,"B (point-in-time, the actual test)",not applicable,2020-02-19,2020-03-23,VIE.PA,0.0010060362173038,benchmark
2020 COVID crash,1/N Equal Weight,benchmark,"B (point-in-time, the actual test)",not applicable,2020-02-19,2020-03-23,CFR.S,0.0010060362173038,benchmark
2020 COVID crash,1/N Equal Weight,benchmark,"B (point-in-time, the actual test)",not applicable,2020-02-19,2020-03-23,SPX.L,0.0010060362173038,benchmark
2020 COVID crash,1/N Equal Weight,benchmark,"B (point-in-time, the actual test)",not applicable,2020-02-19,2020-03-23,EXPN.L,0.0010060362173038,benchmark
2020 COVID crash,1/N Equal Weight,benchmark,"B (point-in-time, the actual test)",not applicable,2020-02-19,2020-03-23,ISS.CO,0.0010060362173038,benchmark
2020 COVID crash,1/N Equal Weight,benchmark,"B (point-in-time, the actual test)",not applicable,2020-02-19,2020-03-23,ELIS.PA,0.0010060362173038,benchmark
2020 COVID crash,1/N Equal Weight,benchmark,"B (point-in-time, the actual test)",not applicable,2020-02-19,2020-03-23,ESLX.PA,0.0010060362173038,benchmark
2020 COVID crash,1/N Equal Weight,benchmark,"B (point-in-time, the actual test)",not applicable,2020-02-19,2020-03-23,SCYR.MC,0.0010060362173038,benchmark
2020 COVID crash,1/N Equal Weight,benchmark,"B (point-in-time, the actual test)",not applicable,2020-02-19,2020-03-23,CRDA.L,0.0010060362173038,benchmark
2020 COVID crash,1/N Equal Weight,benchmark,"B (point-in-time, the actual test)",not applicable,2020-02-19,2020-03-23,KGX.DE,0.0010060362173038,benchmark
2020 COVID crash,1/N Equal Weight,benchmark,"B (point-in-time, the actual test)",not applicable,2020-02-19,2020-03-23,HEIG.DE,0.0010060362173038,benchmark
2020 COVID crash,1/N Equal Weight,benchmark,"B (point-in-time, the actual test)",not applicable,2020-02-19,2020-03-23,FMEG.DE,0.0010060362173038,benchmark
2020 COVID crash,1/N Equal Weight,benchmark,"B (point-in-time, the actual test)",not applicable,2020-02-19,2020-03-23,CDR.WA,0.0010060362173038,benchmark
2020 COVID crash,1/N Equal Weight,benchmark,"B (point-in-time, the actual test)",not applicable,2020-02-19,2020-03-23,KYGa.I,0.0010060362173038,benchmark
2020 COVID crash,1/N Equal Weight,benchmark,"B (point-in-time, the actual test)",not applicable,2020-02-19,2020-03-23,INGP.WA,0.0010060362173038,benchmark
2020 COVID crash,1/N Equal Weight,benchmark,"B (point-in-time, the actual test)",not applicable,2020-02-19,2020-03-23,AXFO.ST,0.0010060362173038,benchmark
2020 COVID crash,1/N Equal Weight,benchmark,"B (point-in-time, the actual test)",not applicable,2020-02-19,2020-03-23,TBCG.L,0.0010060362173038,benchmark
2020 COVID crash,1/N Equal Weight,benchmark,"B (point-in-time, the actual test)",not applicable,2020-02-19,2020-03-23,TSCO.L,0.0010060362173038,benchmark
2020 COVID crash,1/N Equal Weight,benchmark,"B (point-in-time, the actual test)",not applicable,2020-02-19,2020-03-23,HEXAb.ST,0.0010060362173038,benchmark
2020 COVID crash,1/N Equal Weight,benchmark,"B (point-in-time, the actual test)",not applicable,2020-02-19,2020-03-23,KESKOB.HE,0.0010060362173038,benchmark
2020 COVID crash,1/N Equal Weight,benchmark,"B (point-in-time, the actual test)",not applicable,2020-02-19,2020-03-23,MRON.L,0.0010060362173038,benchmark
2020 COVID crash,1/N Equal Weight,benchmark,"B (point-in-time, the actual test)",not applicable,2020-02-19,2020-03-23,PHP.L,0.0010060362173038,benchmark
2020 COVID crash,1/N Equal Weight,benchmark,"B (point-in-time, the actual test)",not applicable,2020-02-19,2020-03-23,BNPP.PA,0.0010060362173038,benchmark
2020 COVID crash,1/N Equal Weight,benchmark,"B (point-in-time, the actual test)",not applicable,2020-02-19,2020-03-23,DNB.OL,0.0010060362173038,benchmark
2020 COVID crash,1/N Equal Weight,benchmark,"B (point-in-time, the actual test)",not applicable,2020-02-19,2020-03-23,HOCM.L,0.0010060362173038,benchmark
2020 COVID crash,1/N Equal Weight,benchmark,"B (point-in-time, the actual test)",not applicable,2020-02-19,2020-03-23,ELISA.HE,0.0010060362173038,benchmark
2020 COVID crash,1/N Equal Weight,benchmark,"B (point-in-time, the actual test)",not applicable,2020-02-19,2020-03-23,IDR.MC,0.0010060362173038,benchmark
2020 COVID crash,1/N Equal Weight,benchmark,"B (point-in-time, the actual test)",not applicable,2020-02-19,2020-03-23,DANO.PA,0.0010060362173038,benchmark
2020 COVID crash,1/N Equal Weight,benchmark,"B (point-in-time, the actual test)",not applicable,2020-02-19,2020-03-23,AV.L,0.0010060362173038,benchmark
2020 COVID crash,1/N Equal Weight,benchmark,"B (point-in-time, the actual test)",not applicable,2020-02-19,2020-03-23,SGOB.PA,0.0010060362173038,benchmark
2020 COVID crash,1/N Equal Weight,benchmark,"B (point-in-time, the actual test)",not applicable,2020-02-19,2020-03-23,CPRI.MI,0.0010060362173038,benchmark
2020 COVID crash,1/N Equal Weight,benchmark,"B (point-in-time, the actual test)",not applicable,2020-02-19,2020-03-23,ENGIE.PA,0.0010060362173038,benchmark
2020 COVID crash,1/N Equal Weight,benchmark,"B (point-in-time, the actual test)",not applicable,2020-02-19,2020-03-23,NXT.L,0.0010060362173038,benchmark
2020 COVID crash,1/N Equal Weight,benchmark,"B (point-in-time, the actual test)",not applicable,2020-02-19,2020-03-23,FLS.CO,0.0010060362173038,benchmark
2020 COVID crash,1/N Equal Weight,benchmark,"B (point-in-time, the actual test)",not applicable,2020-02-19,2020-03-23,TEL.OL,0.0010060362173038,benchmark
2020 COVID crash,1/N Equal Weight,benchmark,"B (point-in-time, the actual test)",not applicable,2020-02-19,2020-03-23,SCMN.S,0.0010060362173038,benchmark
2020 COVID crash,1/N Equal Weight,benchmark,"B (point-in-time, the actual test)",not applicable,2020-02-19,2020-03-23,GIVN.S,0.0010060362173038,benchmark
2020 COVID crash,1/N Equal Weight,benchmark,"B (point-in-time, the actual test)",not applicable,2020-02-19,2020-03-23,UMI.BR,0.0010060362173038,benchmark
2020 COVID crash,1/N Equal Weight,benchmark,"B (point-in-time, the actual test)",not applicable,2020-02-19,2020-03-23,TCFP.PA,0.0010060362173038,benchmark
2020 COVID crash,1/N Equal Weight,benchmark,"B (point-in-time, the actual test)",not applicable,2020-02-19,2020-03-23,SBRY.L,0.0010060362173038,benchmark
2020 COVID crash,1/N Equal Weight,benchmark,"B (point-in-time, the actual test)",not applicable,2020-02-19,2020-03-23,DKSH.S,0.0010060362173038,benchmark
2020 COVID crash,1/N Equal Weight,benchmark,"B (point-in-time, the actual test)",not applicable,2020-02-19,2020-03-23,OREP.PA,0.0010060362173038,benchmark
2020 COVID crash,1/N Equal Weight,benchmark,"B (point-in-time, the actual test)",not applicable,2020-02-19,2020-03-23,ITX.MC,0.0010060362173038,benchmark
2020 COVID crash,1/N Equal Weight,benchmark,"B (point-in-time, the actual test)",not applicable,2020-02-19,2020-03-23,BBVA.MC,0.0010060362173038,benchmark
2020 COVID crash,1/N Equal Weight,benchmark,"B (point-in-time, the actual test)",not applicable,2020-02-19,2020-03-23,SGRO.L,0.0010060362173038,benchmark
2020 COVID crash,1/N Equal Weight,benchmark,"B (point-in-time, the actual test)",not applicable,2020-02-19,2020-03-23,BFT.WA,0.0010060362173038,benchmark
2020 COVID crash,1/N Equal Weight,benchmark,"B (point-in-time, the actual test)",not applicable,2020-02-19,2020-03-23,SHBa.ST,0.0010060362173038,benchmark
2020 COVID crash,1/N Equal Weight,benchmark,"B (point-in-time, the actual test)",not applicable,2020-02-19,2020-03-23,WALLb.ST,0.0010060362173038,benchmark
2020 COVID crash,1/N Equal Weight,benchmark,"B (point-in-time, the actual test)",not applicable,2020-02-19,2020-03-23,NG.L,0.0010060362173038,benchmark
2020 COVID crash,1/N Equal Weight,benchmark,"B (point-in-time, the actual test)",not applicable,2020-02-19,2020-03-23,PLUSP.L,0.0010060362173038,benchmark
2020 COVID crash,1/N Equal Weight,benchmark,"B (point-in-time, the actual test)",not applicable,2020-02-19,2020-03-23,TOM.OL,0.0010060362173038,benchmark
2020 COVID crash,1/N Equal Weight,benchmark,"B (point-in-time, the actual test)",not applicable,2020-02-19,2020-03-23,DLG.MI,0.0010060362173038,benchmark
2020 COVID crash,1/N Equal Weight,benchmark,"B (point-in-time, the actual test)",not applicable,2020-02-19,2020-03-23,IHG.L,0.0010060362173038,benchmark
2020 COVID crash,1/N Equal Weight,benchmark,"B (point-in-time, the actual test)",not applicable,2020-02-19,2020-03-23,AMUN.PA,0.0010060362173038,benchmark
2020 COVID crash,1/N Equal Weight,benchmark,"B (point-in-time, the actual test)",not applicable,2020-02-19,2020-03-23,ALSO.PA,0.0010060362173038,benchmark
2020 COVID crash,1/N Equal Weight,benchmark,"B (point-in-time, the actual test)",not applicable,2020-02-19,2020-03-23,LOOMIS.ST,0.0010060362173038,benchmark
2020 COVID crash,1/N Equal Weight,benchmark,"B (point-in-time, the actual test)",not applicable,2020-02-19,2020-03-23,EMII.MI,0.0010060362173038,benchmark
2020 COVID crash,1/N Equal Weight,benchmark,"B (point-in-time, the actual test)",not applicable,2020-02-19,2020-03-23,GSK.L,0.0010060362173038,benchmark
2020 COVID crash,1/N Equal Weight,benchmark,"B (point-in-time, the actual test)",not applicable,2020-02-19,2020-03-23,LONN.S,0.0010060362173038,benchmark
2020 COVID crash,1/N Equal Weight,benchmark,"B (point-in-time, the actual test)",not applicable,2020-02-19,2020-03-23,PUBP.PA,0.0010060362173038,benchmark
2020 COVID crash,1/N Equal Weight,benchmark,"B (point-in-time, the actual test)",not applicable,2020-02-19,2020-03-23,VOLVb.ST,0.0010060362173038,benchmark
2020 COVID crash,1/N Equal Weight,benchmark,"B (point-in-time, the actual test)",not applicable,2020-02-19,2020-03-23,REL.L,0.0010060362173038,benchmark
2020 COVID crash,1/N Equal Weight,benchmark,"B (point-in-time, the actual test)",not applicable,2020-02-19,2020-03-23,CVO.PA,0.0010060362173038,benchmark
2020 COVID crash,1/N Equal Weight,benchmark,"B (point-in-time, the actual test)",not applicable,2020-02-19,2020-03-23,INDUc.ST,0.0010060362173038,benchmark
2020 COVID crash,1/N Equal Weight,benchmark,"B (point-in-time, the actual test)",not applicable,2020-02-19,2020-03-23,ABDN.L,0.0010060362173038,benchmark
2020 COVID crash,1/N Equal Weight,benchmark,"B (point-in-time, the actual test)",not applicable,2020-02-19,2020-03-23,SOBIV.ST,0.0010060362173038,benchmark
2020 COVID crash,1/N Equal Weight,benchmark,"B (point-in-time, the actual test)",not applicable,2020-02-19,2020-03-23,CABK.MC,0.0010060362173038,benchmark
2020 COVID crash,1/N Equal Weight,benchmark,"B (point-in-time, the actual test)",not applicable,2020-02-19,2020-03-23,LIGHT.AS,0.0010060362173038,benchmark
2020 COVID crash,1/N Equal Weight,benchmark,"B (point-in-time, the actual test)",not applicable,2020-02-19,2020-03-23,ABF.L,0.0010060362173038,benchmark
2020 COVID crash,1/N Equal Weight,benchmark,"B (point-in-time, the actual test)",not applicable,2020-02-19,2020-03-23,ADML.L,0.0010060362173038,benchmark
2020 COVID crash,1/N Equal Weight,benchmark,"B (point-in-time, the actual test)",not applicable,2020-02-19,2020-03-23,VID.MC,0.0010060362173038,benchmark
2020 COVID crash,1/N Equal Weight,benchmark,"B (point-in-time, the actual test)",not applicable,2020-02-19,2020-03-23,VOPA.AS,0.0010060362173038,benchmark
2020 COVID crash,1/N Equal Weight,benchmark,"B (point-in-time, the actual test)",not applicable,2020-02-19,2020-03-23,WPP.L,0.0010060362173038,benchmark
2020 COVID crash,1/N Equal Weight,benchmark,"B (point-in-time, the actual test)",not applicable,2020-02-19,2020-03-23,LMPL.L,0.0010060362173038,benchmark
2020 COVID crash,1/N Equal Weight,benchmark,"B (point-in-time, the actual test)",not applicable,2020-02-19,2020-03-23,FTKn.DE,0.0010060362173038,benchmark
2020 COVID crash,1/N Equal Weight,benchmark,"B (point-in-time, the actual test)",not applicable,2020-02-19,2020-03-23,CBKG.DE,0.0010060362173038,benchmark
2020 COVID crash,1/N Equal Weight,benchmark,"B (point-in-time, the actual test)",not applicable,2020-02-19,2020-03-23,SVT.L,0.0010060362173038,benchmark
2020 COVID crash,1/N Equal Weight,benchmark,"B (point-in-time, the actual test)",not applicable,2020-02-19,2020-03-23,DIOR.PA,0.0010060362173038,benchmark
2020 COVID crash,1/N Equal Weight,benchmark,"B (point-in-time, the actual test)",not applicable,2020-02-19,2020-03-23,SECTb.ST,0.0010060362173038,benchmark
2020 COVID crash,1/N Equal Weight,benchmark,"B (point-in-time, the actual test)",not applicable,2020-02-19,2020-03-23,ICAG.L,0.0010060362173038,benchmark
2020 COVID crash,1/N Equal Weight,benchmark,"B (point-in-time, the actual test)",not applicable,2020-02-19,2020-03-23,GJFG.OL,0.0010060362173038,benchmark
2020 COVID crash,1/N Equal Weight,benchmark,"B (point-in-time, the actual test)",not applicable,2020-02-19,2020-03-23,EVDG.DE,0.0010060362173038,benchmark
2020 COVID crash,1/N Equal Weight,benchmark,"B (point-in-time, the actual test)",not applicable,2020-02-19,2020-03-23,ENI.MI,0.0010060362173038,benchmark
2020 COVID crash,1/N Equal Weight,benchmark,"B (point-in-time, the actual test)",not applicable,2020-02-19,2020-03-23,BEIG.DE,0.0010060362173038,benchmark
2020 COVID crash,1/N Equal Weight,benchmark,"B (point-in-time, the actual test)",not applicable,2020-02-19,2020-03-23,DANSKE.CO,0.0010060362173038,benchmark
2020 COVID crash,1/N Equal Weight,benchmark,"B (point-in-time, the actual test)",not applicable,2020-02-19,2020-03-23,HRMS.PA,0.0010060362173038,benchmark
2020 COVID crash,1/N Equal Weight,benchmark,"B (point-in-time, the actual test)",not applicable,2020-02-19,2020-03-23,DGE.L,0.0010060362173038,benchmark
2020 COVID crash,1/N Equal Weight,benchmark,"B (point-in-time, the actual test)",not applicable,2020-02-19,2020-03-23,ALFA.ST,0.0010060362173038,benchmark
2020 COVID crash,1/N Equal Weight,benchmark,"B (point-in-time, the actual test)",not applicable,2020-02-19,2020-03-23,AEGN.AS,0.0010060362173038,benchmark
2020 COVID crash,1/N Equal Weight,benchmark,"B (point-in-time, the actual test)",not applicable,2020-02-19,2020-03-23,BASFn.DE,0.0010060362173038,benchmark
2020 COVID crash,1/N Equal Weight,benchmark,"B (point-in-time, the actual test)",not applicable,2020-02-19,2020-03-23,RIO.L,0.0010060362173038,benchmark
2020 COVID crash,1/N Equal Weight,benchmark,"B (point-in-time, the actual test)",not applicable,2020-02-19,2020-03-23,LPPP.WA,0.0010060362173038,benchmark
2020 COVID crash,1/N Equal Weight,benchmark,"B (point-in-time, the actual test)",not applicable,2020-02-19,2020-03-23,SN.L,0.0010060362173038,benchmark
2020 COVID crash,1/N Equal Weight,benchmark,"B (point-in-time, the actual test)",not applicable,2020-02-19,2020-03-23,ITPG.MI,0.0010060362173038,benchmark
2020 COVID crash,1/N Equal Weight,benchmark,"B (point-in-time, the actual test)",not applicable,2020-02-19,2020-03-23,SDLF.L,0.0010060362173038,benchmark
2020 COVID crash,1/N Equal Weight,benchmark,"B (point-in-time, the actual test)",not applicable,2020-02-19,2020-03-23,REP.MC,0.0010060362173038,benchmark
2020 COVID crash,1/N Equal Weight,benchmark,"B (point-in-time, the actual test)",not applicable,2020-02-19,2020-03-23,CAST.ST,0.0010060362173038,benchmark
2020 COVID crash,1/N Equal Weight,benchmark,"B (point-in-time, the actual test)",not applicable,2020-02-19,2020-03-23,SWECb.ST,0.0010060362173038,benchmark
2020 COVID crash,1/N Equal Weight,benchmark,"B (point-in-time, the actual test)",not applicable,2020-02-19,2020-03-23,MOBN.S,0.0010060362173038,benchmark
2020 COVID crash,1/N Equal Weight,benchmark,"B (point-in-time, the actual test)",not applicable,2020-02-19,2020-03-23,SGSN.S,0.0010060362173038,benchmark
2020 COVID crash,1/N Equal Weight,benchmark,"B (point-in-time, the actual test)",not applicable,2020-02-19,2020-03-23,BCP.LS,0.0010060362173038,benchmark
2020 COVID crash,1/N Equal Weight,benchmark,"B (point-in-time, the actual test)",not applicable,2020-02-19,2020-03-23,TEF.MC,0.0010060362173038,benchmark
2020 COVID crash,1/N Equal Weight,benchmark,"B (point-in-time, the actual test)",not applicable,2020-02-19,2020-03-23,BKWB.S,0.0010060362173038,benchmark
2020 COVID crash,1/N Equal Weight,benchmark,"B (point-in-time, the actual test)",not applicable,2020-02-19,2020-03-23,KBC.BR,0.0010060362173038,benchmark
2020 COVID crash,1/N Equal Weight,benchmark,"B (point-in-time, the actual test)",not applicable,2020-02-19,2020-03-23,VOES.VI,0.0010060362173038,benchmark
2020 COVID crash,1/N Equal Weight,benchmark,"B (point-in-time, the actual test)",not applicable,2020-02-19,2020-03-23,SHEL.AS,0.0010060362173038,benchmark
2020 COVID crash,1/N Equal Weight,benchmark,"B (point-in-time, the actual test)",not applicable,2020-02-19,2020-03-23,SOF.BR,0.0010060362173038,benchmark
2020 COVID crash,1/N Equal Weight,benchmark,"B (point-in-time, the actual test)",not applicable,2020-02-19,2020-03-23,BALDb.ST,0.0010060362173038,benchmark
2020 COVID crash,1/N Equal Weight,benchmark,"B (point-in-time, the actual test)",not applicable,2020-02-19,2020-03-23,BESI.AS,0.0010060362173038,benchmark
2020 COVID crash,1/N Equal Weight,benchmark,"B (point-in-time, the actual test)",not applicable,2020-02-19,2020-03-23,ASMI.AS,0.0010060362173038,benchmark
2020 COVID crash,1/N Equal Weight,benchmark,"B (point-in-time, the actual test)",not applicable,2020-02-19,2020-03-23,ELE.MC,0.0010060362173038,benchmark
2020 COVID crash,1/N Equal Weight,benchmark,"B (point-in-time, the actual test)",not applicable,2020-02-19,2020-03-23,ORAN.PA,0.0010060362173038,benchmark
2020 COVID crash,1/N Equal Weight,benchmark,"B (point-in-time, the actual test)",not applicable,2020-02-19,2020-03-23,SCAb.ST,0.0010060362173038,benchmark
2020 COVID crash,1/N Equal Weight,benchmark,"B (point-in-time, the actual test)",not applicable,2020-02-19,2020-03-23,BMED.MI,0.0010060362173038,benchmark
2020 COVID crash,1/N Equal Weight,benchmark,"B (point-in-time, the actual test)",not applicable,2020-02-19,2020-03-23,AIBG.I,0.0010060362173038,benchmark
2020 COVID crash,1/N Equal Weight,benchmark,"B (point-in-time, the actual test)",not applicable,2020-02-19,2020-03-23,HEIN.AS,0.0010060362173038,benchmark
2020 COVID crash,1/N Equal Weight,benchmark,"B (point-in-time, the actual test)",not applicable,2020-02-19,2020-03-23,KGF.L,0.0010060362173038,benchmark
2020 COVID crash,1/N Equal Weight,benchmark,"B (point-in-time, the actual test)",not applicable,2020-02-19,2020-03-23,PUMG.DE,0.0010060362173038,benchmark
2020 COVID crash,1/N Equal Weight,benchmark,"B (point-in-time, the actual test)",not applicable,2020-02-19,2020-03-23,HUBN.S,0.0010060362173038,benchmark
2020 COVID crash,1/N Equal Weight,benchmark,"B (point-in-time, the actual test)",not applicable,2020-02-19,2020-03-23,ISP.MI,0.0010060362173038,benchmark
2020 COVID crash,1/N Equal Weight,benchmark,"B (point-in-time, the actual test)",not applicable,2020-02-19,2020-03-23,PGHN.S,0.0010060362173038,benchmark
2020 COVID crash,1/N Equal Weight,benchmark,"B (point-in-time, the actual test)",not applicable,2020-02-19,2020-03-23,UHR.S,0.0010060362173038,benchmark
2020 COVID crash,1/N Equal Weight,benchmark,"B (point-in-time, the actual test)",not applicable,2020-02-19,2020-03-23,BARC.L,0.0010060362173038,benchmark
2020 COVID crash,1/N Equal Weight,benchmark,"B (point-in-time, the actual test)",not applicable,2020-02-19,2020-03-23,AVOL.S,0.0010060362173038,benchmark
2020 COVID crash,1/N Equal Weight,benchmark,"B (point-in-time, the actual test)",not applicable,2020-02-19,2020-03-23,TUI1n.DE,0.0010060362173038,benchmark
2020 COVID crash,1/N Equal Weight,benchmark,"B (point-in-time, the actual test)",not applicable,2020-02-19,2020-03-23,STMN.S,0.0010060362173038,benchmark
2020 COVID crash,1/N Equal Weight,benchmark,"B (point-in-time, the actual test)",not applicable,2020-02-19,2020-03-23,INDT.ST,0.0010060362173038,benchmark
2020 COVID crash,1/N Equal Weight,benchmark,"B (point-in-time, the actual test)",not applicable,2020-02-19,2020-03-23,SLHN.S,0.0010060362173038,benchmark
2020 COVID crash,1/N Equal Weight,benchmark,"B (point-in-time, the actual test)",not applicable,2020-02-19,2020-03-23,FORTUM.HE,0.0010060362173038,benchmark
2020 COVID crash,1/N Equal Weight,benchmark,"B (point-in-time, the actual test)",not applicable,2020-02-19,2020-03-23,KLAC.OQ,0.0010060362173038,benchmark
2020 COVID crash,1/N Equal Weight,benchmark,"B (point-in-time, the actual test)",not applicable,2020-02-19,2020-03-23,AME.N,0.0010060362173038,benchmark
2020 COVID crash,1/N Equal Weight,benchmark,"B (point-in-time, the actual test)",not applicable,2020-02-19,2020-03-23,DUK.N,0.0010060362173038,benchmark
2020 COVID crash,1/N Equal Weight,benchmark,"B (point-in-time, the actual test)",not applicable,2020-02-19,2020-03-23,CME.OQ,0.0010060362173038,benchmark
2020 COVID crash,1/N Equal Weight,benchmark,"B (point-in-time, the actual test)",not applicable,2020-02-19,2020-03-23,FDX.N,0.0010060362173038,benchmark
2020 COVID crash,1/N Equal Weight,benchmark,"B (point-in-time, the actual test)",not applicable,2020-02-19,2020-03-23,PG.N,0.0010060362173038,benchmark
2020 COVID crash,1/N Equal Weight,benchmark,"B (point-in-time, the actual test)",not applicable,2020-02-19,2020-03-23,ACN.N,0.0010060362173038,benchmark
2020 COVID crash,1/N Equal Weight,benchmark,"B (point-in-time, the actual test)",not applicable,2020-02-19,2020-03-23,FDS.N,0.0010060362173038,benchmark
2020 COVID crash,1/N Equal Weight,benchmark,"B (point-in-time, the actual test)",not applicable,2020-02-19,2020-03-23,BAX.N,0.0010060362173038,benchmark
2020 COVID crash,1/N Equal Weight,benchmark,"B (point-in-time, the actual test)",not applicable,2020-02-19,2020-03-23,ODFL.OQ,0.0010060362173038,benchmark
2020 COVID crash,1/N Equal Weight,benchmark,"B (point-in-time, the actual test)",not applicable,2020-02-19,2020-03-23,XYL.N,0.0010060362173038,benchmark
2020 COVID crash,1/N Equal Weight,benchmark,"B (point-in-time, the actual test)",not applicable,2020-02-19,2020-03-23,ADSK.OQ,0.0010060362173038,benchmark
2020 COVID crash,1/N Equal Weight,benchmark,"B (point-in-time, the actual test)",not applicable,2020-02-19,2020-03-23,OMC.N,0.0010060362173038,benchmark
2020 COVID crash,1/N Equal Weight,benchmark,"B (point-in-time, the actual test)",not applicable,2020-02-19,2020-03-23,UHS.N,0.0010060362173038,benchmark
2020 COVID crash,1/N Equal Weight,benchmark,"B (point-in-time, the actual test)",not applicable,2020-02-19,2020-03-23,ERIE.OQ,0.0010060362173038,benchmark
2020 COVID crash,1/N Equal Weight,benchmark,"B (point-in-time, the actual test)",not applicable,2020-02-19,2020-03-23,CLX.N,0.0010060362173038,benchmark
2020 COVID crash,1/N Equal Weight,benchmark,"B (point-in-time, the actual test)",not applicable,2020-02-19,2020-03-23,DLTR.OQ,0.0010060362173038,benchmark
2020 COVID crash,1/N Equal Weight,benchmark,"B (point-in-time, the actual test)",not applicable,2020-02-19,2020-03-23,CFG.N,0.0010060362173038,benchmark
2020 COVID crash,1/N Equal Weight,benchmark,"B (point-in-time, the actual test)",not applicable,2020-02-19,2020-03-23,DHI.N,0.0010060362173038,benchmark
2020 COVID crash,1/N Equal Weight,benchmark,"B (point-in-time, the actual test)",not applicable,2020-02-19,2020-03-23,EXPE.OQ,0.0010060362173038,benchmark
2020 COVID crash,1/N Equal Weight,benchmark,"B (point-in-time, the actual test)",not applicable,2020-02-19,2020-03-23,CIEN.N,0.0010060362173038,benchmark
2020 COVID crash,1/N Equal Weight,benchmark,"B (point-in-time, the actual test)",not applicable,2020-02-19,2020-03-23,ELV.N,0.0010060362173038,benchmark
2020 COVID crash,1/N Equal Weight,benchmark,"B (point-in-time, the actual test)",not applicable,2020-02-19,2020-03-23,WY.N,0.0010060362173038,benchmark
2020 COVID crash,1/N Equal Weight,benchmark,"B (point-in-time, the actual test)",not applicable,2020-02-19,2020-03-23,CMS.N,0.0010060362173038,benchmark
2020 COVID crash,1/N Equal Weight,benchmark,"B (point-in-time, the actual test)",not applicable,2020-02-19,2020-03-23,CVS.N,0.0010060362173038,benchmark
2020 COVID crash,1/N Equal Weight,benchmark,"B (point-in-time, the actual test)",not applicable,2020-02-19,2020-03-23,SPG.N,0.0010060362173038,benchmark
2020 COVID crash,1/N Equal Weight,benchmark,"B (point-in-time, the actual test)",not applicable,2020-02-19,2020-03-23,MCHP.OQ,0.0010060362173038,benchmark
2020 COVID crash,1/N Equal Weight,benchmark,"B (point-in-time, the actual test)",not applicable,2020-02-19,2020-03-23,UAL.OQ,0.0010060362173038,benchmark
2020 COVID crash,1/N Equal Weight,benchmark,"B (point-in-time, the actual test)",not applicable,2020-02-19,2020-03-23,BG.N,0.0010060362173038,benchmark
2020 COVID crash,1/N Equal Weight,benchmark,"B (point-in-time, the actual test)",not applicable,2020-02-19,2020-03-23,CCI.N,0.0010060362173038,benchmark
2020 COVID crash,1/N Equal Weight,benchmark,"B (point-in-time, the actual test)",not applicable,2020-02-19,2020-03-23,WEC.N,0.0010060362173038,benchmark
2020 COVID crash,1/N Equal Weight,benchmark,"B (point-in-time, the actual test)",not applicable,2020-02-19,2020-03-23,STLD.OQ,0.0010060362173038,benchmark
2020 COVID crash,1/N Equal Weight,benchmark,"B (point-in-time, the actual test)",not applicable,2020-02-19,2020-03-23,FCX.N,0.0010060362173038,benchmark
2020 COVID crash,1/N Equal Weight,benchmark,"B (point-in-time, the actual test)",not applicable,2020-02-19,2020-03-23,FSLR.OQ,0.0010060362173038,benchmark
2020 COVID crash,1/N Equal Weight,benchmark,"B (point-in-time, the actual test)",not applicable,2020-02-19,2020-03-23,EW.N,0.0010060362173038,benchmark
2020 COVID crash,1/N Equal Weight,benchmark,"B (point-in-time, the actual test)",not applicable,2020-02-19,2020-03-23,MDT.N,0.0010060362173038,benchmark
2020 COVID crash,1/N Equal Weight,benchmark,"B (point-in-time, the actual test)",not applicable,2020-02-19,2020-03-23,ALGN.OQ,0.0010060362173038,benchmark
2020 COVID crash,1/N Equal Weight,benchmark,"B (point-in-time, the actual test)",not applicable,2020-02-19,2020-03-23,WST.N,0.0010060362173038,benchmark
2020 COVID crash,1/N Equal Weight,benchmark,"B (point-in-time, the actual test)",not applicable,2020-02-19,2020-03-23,V.N,0.0010060362173038,benchmark
2020 COVID crash,1/N Equal Weight,benchmark,"B (point-in-time, the actual test)",not applicable,2020-02-19,2020-03-23,HPE.N,0.0010060362173038,benchmark
2020 COVID crash,1/N Equal Weight,benchmark,"B (point-in-time, the actual test)",not applicable,2020-02-19,2020-03-23,INTC.OQ,0.0010060362173038,benchmark
2020 COVID crash,1/N Equal Weight,benchmark,"B (point-in-time, the actual test)",not applicable,2020-02-19,2020-03-23,SYF.N,0.0010060362173038,benchmark
2020 COVID crash,1/N Equal Weight,benchmark,"B (point-in-time, the actual test)",not applicable,2020-02-19,2020-03-23,LNT.OQ,0.0010060362173038,benchmark
2020 COVID crash,1/N Equal Weight,benchmark,"B (point-in-time, the actual test)",not applicable,2020-02-19,2020-03-23,NOW.N,0.0010060362173038,benchmark
2020 COVID crash,1/N Equal Weight,benchmark,"B (point-in-time, the actual test)",not applicable,2020-02-19,2020-03-23,TKO.N,0.0010060362173038,benchmark
2020 COVID crash,1/N Equal Weight,benchmark,"B (point-in-time, the actual test)",not applicable,2020-02-19,2020-03-23,DE.N,0.0010060362173038,benchmark
2020 COVID crash,1/N Equal Weight,benchmark,"B (point-in-time, the actual test)",not applicable,2020-02-19,2020-03-23,LHX.N,0.0010060362173038,benchmark
2020 COVID crash,1/N Equal Weight,benchmark,"B (point-in-time, the actual test)",not applicable,2020-02-19,2020-03-23,TROW.OQ,0.0010060362173038,benchmark
2020 COVID crash,1/N Equal Weight,benchmark,"B (point-in-time, the actual test)",not applicable,2020-02-19,2020-03-23,GPC.N,0.0010060362173038,benchmark
2020 COVID crash,1/N Equal Weight,benchmark,"B (point-in-time, the actual test)",not applicable,2020-02-19,2020-03-23,NVR.N,0.0010060362173038,benchmark
2020 COVID crash,1/N Equal Weight,benchmark,"B (point-in-time, the actual test)",not applicable,2020-02-19,2020-03-23,LVS.N,0.0010060362173038,benchmark
2020 COVID crash,1/N Equal Weight,benchmark,"B (point-in-time, the actual test)",not applicable,2020-02-19,2020-03-23,DECK.N,0.0010060362173038,benchmark
2020 COVID crash,1/N Equal Weight,benchmark,"B (point-in-time, the actual test)",not applicable,2020-02-19,2020-03-23,PLD.N,0.0010060362173038,benchmark
2020 COVID crash,1/N Equal Weight,benchmark,"B (point-in-time, the actual test)",not applicable,2020-02-19,2020-03-23,URI.N,0.0010060362173038,benchmark
2020 COVID crash,1/N Equal Weight,benchmark,"B (point-in-time, the actual test)",not applicable,2020-02-19,2020-03-23,NI.N,0.0010060362173038,benchmark
2020 COVID crash,1/N Equal Weight,benchmark,"B (point-in-time, the actual test)",not applicable,2020-02-19,2020-03-23,NTRS.OQ,0.0010060362173038,benchmark
2020 COVID crash,1/N Equal Weight,benchmark,"B (point-in-time, the actual test)",not applicable,2020-02-19,2020-03-23,NOC.N,0.0010060362173038,benchmark
2020 COVID crash,1/N Equal Weight,benchmark,"B (point-in-time, the actual test)",not applicable,2020-02-19,2020-03-23,MS.N,0.0010060362173038,benchmark
2020 COVID crash,1/N Equal Weight,benchmark,"B (point-in-time, the actual test)",not applicable,2020-02-19,2020-03-23,YUM.N,0.0010060362173038,benchmark
2020 COVID crash,1/N Equal Weight,benchmark,"B (point-in-time, the actual test)",not applicable,2020-02-19,2020-03-23,RMD.N,0.0010060362173038,benchmark
2020 COVID crash,1/N Equal Weight,benchmark,"B (point-in-time, the actual test)",not applicable,2020-02-19,2020-03-23,SYK.N,0.0010060362173038,benchmark
2020 COVID crash,1/N Equal Weight,benchmark,"B (point-in-time, the actual test)",not applicable,2020-02-19,2020-03-23,CL.N,0.0010060362173038,benchmark
2020 COVID crash,1/N Equal Weight,benchmark,"B (point-in-time, the actual test)",not applicable,2020-02-19,2020-03-23,SO.N,0.0010060362173038,benchmark
2020 COVID crash,1/N Equal Weight,benchmark,"B (point-in-time, the actual test)",not applicable,2020-02-19,2020-03-23,GS.N,0.0010060362173038,benchmark
2020 COVID crash,1/N Equal Weight,benchmark,"B (point-in-time, the actual test)",not applicable,2020-02-19,2020-03-23,SLB.N,0.0010060362173038,benchmark
2020 COVID crash,1/N Equal Weight,benchmark,"B (point-in-time, the actual test)",not applicable,2020-02-19,2020-03-23,BA.N,0.0010060362173038,benchmark
2020 COVID crash,1/N Equal Weight,benchmark,"B (point-in-time, the actual test)",not applicable,2020-02-19,2020-03-23,HST.OQ,0.0010060362173038,benchmark
2020 COVID crash,1/N Equal Weight,benchmark,"B (point-in-time, the actual test)",not applicable,2020-02-19,2020-03-23,CBRE.N,0.0010060362173038,benchmark
2020 COVID crash,1/N Equal Weight,benchmark,"B (point-in-time, the actual test)",not applicable,2020-02-19,2020-03-23,IBKR.OQ,0.0010060362173038,benchmark
2020 COVID crash,1/N Equal Weight,benchmark,"B (point-in-time, the actual test)",not applicable,2020-02-19,2020-03-23,IFF.N,0.0010060362173038,benchmark
2020 COVID crash,1/N Equal Weight,benchmark,"B (point-in-time, the actual test)",not applicable,2020-02-19,2020-03-23,CHD.N,0.0010060362173038,benchmark
2020 COVID crash,1/N Equal Weight,benchmark,"B (point-in-time, the actual test)",not applicable,2020-02-19,2020-03-23,SHW.N,0.0010060362173038,benchmark
2020 COVID crash,1/N Equal Weight,benchmark,"B (point-in-time, the actual test)",not applicable,2020-02-19,2020-03-23,BLK.N,0.0010060362173038,benchmark
2020 COVID crash,1/N Equal Weight,benchmark,"B (point-in-time, the actual test)",not applicable,2020-02-19,2020-03-23,HON.OQ,0.0010060362173038,benchmark
2020 COVID crash,1/N Equal Weight,benchmark,"B (point-in-time, the actual test)",not applicable,2020-02-19,2020-03-23,GPN.N,0.0010060362173038,benchmark
2020 COVID crash,1/N Equal Weight,benchmark,"B (point-in-time, the actual test)",not applicable,2020-02-19,2020-03-23,ADP.OQ,0.0010060362173038,benchmark
2020 COVID crash,1/N Equal Weight,benchmark,"B (point-in-time, the actual test)",not applicable,2020-02-19,2020-03-23,AMT.N,0.0010060362173038,benchmark
2020 COVID crash,1/N Equal Weight,benchmark,"B (point-in-time, the actual test)",not applicable,2020-02-19,2020-03-23,GLW.N,0.0010060362173038,benchmark
2020 COVID crash,1/N Equal Weight,benchmark,"B (point-in-time, the actual test)",not applicable,2020-02-19,2020-03-23,AWK.N,0.0010060362173038,benchmark
2020 COVID crash,1/N Equal Weight,benchmark,"B (point-in-time, the actual test)",not applicable,2020-02-19,2020-03-23,PNW.N,0.0010060362173038,benchmark
2020 COVID crash,1/N Equal Weight,benchmark,"B (point-in-time, the actual test)",not applicable,2020-02-19,2020-03-23,PGR.N,0.0010060362173038,benchmark
2020 COVID crash,1/N Equal Weight,benchmark,"B (point-in-time, the actual test)",not applicable,2020-02-19,2020-03-23,LUV.N,0.0010060362173038,benchmark
2020 COVID crash,1/N Equal Weight,benchmark,"B (point-in-time, the actual test)",not applicable,2020-02-19,2020-03-23,IVZ.N,0.0010060362173038,benchmark
2020 COVID crash,1/N Equal Weight,benchmark,"B (point-in-time, the actual test)",not applicable,2020-02-19,2020-03-23,CTAS.OQ,0.0010060362173038,benchmark
2020 COVID crash,1/N Equal Weight,benchmark,"B (point-in-time, the actual test)",not applicable,2020-02-19,2020-03-23,PODD.OQ,0.0010060362173038,benchmark
2020 COVID crash,1/N Equal Weight,benchmark,"B (point-in-time, the actual test)",not applicable,2020-02-19,2020-03-23,ABBV.N,0.0010060362173038,benchmark
2020 COVID crash,1/N Equal Weight,benchmark,"B (point-in-time, the actual test)",not applicable,2020-02-19,2020-03-23,REG.OQ,0.0010060362173038,benchmark
2020 COVID crash,1/N Equal Weight,benchmark,"B (point-in-time, the actual test)",not applicable,2020-02-19,2020-03-23,HUM.N,0.0010060362173038,benchmark
2020 COVID crash,1/N Equal Weight,benchmark,"B (point-in-time, the actual test)",not applicable,2020-02-19,2020-03-23,GE.N,0.0010060362173038,benchmark
2020 COVID crash,1/N Equal Weight,benchmark,"B (point-in-time, the actual test)",not applicable,2020-02-19,2020-03-23,GD.N,0.0010060362173038,benchmark
2020 COVID crash,1/N Equal Weight,benchmark,"B (point-in-time, the actual test)",not applicable,2020-02-19,2020-03-23,MSI.N,0.0010060362173038,benchmark
2020 COVID crash,1/N Equal Weight,benchmark,"B (point-in-time, the actual test)",not applicable,2020-02-19,2020-03-23,PWR.N,0.0010060362173038,benchmark
2020 COVID crash,1/N Equal Weight,benchmark,"B (point-in-time, the actual test)",not applicable,2020-02-19,2020-03-23,TGT.N,0.0010060362173038,benchmark
2020 COVID crash,1/N Equal Weight,benchmark,"B (point-in-time, the actual test)",not applicable,2020-02-19,2020-03-23,ARES.N,0.0010060362173038,benchmark
2020 COVID crash,1/N Equal Weight,benchmark,"B (point-in-time, the actual test)",not applicable,2020-02-19,2020-03-23,HUBB.N,0.0010060362173038,benchmark
2020 COVID crash,1/N Equal Weight,benchmark,"B (point-in-time, the actual test)",not applicable,2020-02-19,2020-03-23,AMAT.OQ,0.0010060362173038,benchmark
2020 COVID crash,1/N Equal Weight,benchmark,"B (point-in-time, the actual test)",not applicable,2020-02-19,2020-03-23,INCY.OQ,0.0010060362173038,benchmark
2020 COVID crash,1/N Equal Weight,benchmark,"B (point-in-time, the actual test)",not applicable,2020-02-19,2020-03-23,PYPL.OQ,0.0010060362173038,benchmark
2020 COVID crash,1/N Equal Weight,benchmark,"B (point-in-time, the actual test)",not applicable,2020-02-19,2020-03-23,PSX.N,0.0010060362173038,benchmark
2020 COVID crash,1/N Equal Weight,benchmark,"B (point-in-time, the actual test)",not applicable,2020-02-19,2020-03-23,NSC.N,0.0010060362173038,benchmark
2020 COVID crash,1/N Equal Weight,benchmark,"B (point-in-time, the actual test)",not applicable,2020-02-19,2020-03-23,BXP.N,0.0010060362173038,benchmark
2020 COVID crash,1/N Equal Weight,benchmark,"B (point-in-time, the actual test)",not applicable,2020-02-19,2020-03-23,CAH.N,0.0010060362173038,benchmark
2020 COVID crash,1/N Equal Weight,benchmark,"B (point-in-time, the actual test)",not applicable,2020-02-19,2020-03-23,LDOS.N,0.0010060362173038,benchmark
2020 COVID crash,1/N Equal Weight,benchmark,"B (point-in-time, the actual test)",not applicable,2020-02-19,2020-03-23,COF.N,0.0010060362173038,benchmark
2020 COVID crash,1/N Equal Weight,benchmark,"B (point-in-time, the actual test)",not applicable,2020-02-19,2020-03-23,BALL.N,0.0010060362173038,benchmark
2020 COVID crash,1/N Equal Weight,benchmark,"B (point-in-time, the actual test)",not applicable,2020-02-19,2020-03-23,OKE.N,0.0010060362173038,benchmark
2020 COVID crash,1/N Equal Weight,benchmark,"B (point-in-time, the actual test)",not applicable,2020-02-19,2020-03-23,TSCO.OQ,0.0010060362173038,benchmark
2020 COVID crash,1/N Equal Weight,benchmark,"B (point-in-time, the actual test)",not applicable,2020-02-19,2020-03-23,LOW.N,0.0010060362173038,benchmark
2020 COVID crash,1/N Equal Weight,benchmark,"B (point-in-time, the actual test)",not applicable,2020-02-19,2020-03-23,MPWR.OQ,0.0010060362173038,benchmark
2020 COVID crash,1/N Equal Weight,benchmark,"B (point-in-time, the actual test)",not applicable,2020-02-19,2020-03-23,LH.N,0.0010060362173038,benchmark
2020 COVID crash,1/N Equal Weight,benchmark,"B (point-in-time, the actual test)",not applicable,2020-02-19,2020-03-23,JKHY.OQ,0.0010060362173038,benchmark
2020 COVID crash,1/N Equal Weight,benchmark,"B (point-in-time, the actual test)",not applicable,2020-02-19,2020-03-23,TSLA.OQ,0.0010060362173038,benchmark
2020 COVID crash,1/N Equal Weight,benchmark,"B (point-in-time, the actual test)",not applicable,2020-02-19,2020-03-23,RL.N,0.0010060362173038,benchmark
2020 COVID crash,1/N Equal Weight,benchmark,"B (point-in-time, the actual test)",not applicable,2020-02-19,2020-03-23,AEP.OQ,0.0010060362173038,benchmark
2020 COVID crash,1/N Equal Weight,benchmark,"B (point-in-time, the actual test)",not applicable,2020-02-19,2020-03-23,FE.N,0.0010060362173038,benchmark
2020 COVID crash,1/N Equal Weight,benchmark,"B (point-in-time, the actual test)",not applicable,2020-02-19,2020-03-23,UNP.N,0.0010060362173038,benchmark
2020 COVID crash,1/N Equal Weight,benchmark,"B (point-in-time, the actual test)",not applicable,2020-02-19,2020-03-23,VTR.N,0.0010060362173038,benchmark
2020 COVID crash,1/N Equal Weight,benchmark,"B (point-in-time, the actual test)",not applicable,2020-02-19,2020-03-23,JBL.N,0.0010060362173038,benchmark
2020 COVID crash,1/N Equal Weight,benchmark,"B (point-in-time, the actual test)",not applicable,2020-02-19,2020-03-23,CSGP.OQ,0.0010060362173038,benchmark
2020 COVID crash,1/N Equal Weight,benchmark,"B (point-in-time, the actual test)",not applicable,2020-02-19,2020-03-23,RVTY.N,0.0010060362173038,benchmark
2020 COVID crash,1/N Equal Weight,benchmark,"B (point-in-time, the actual test)",not applicable,2020-02-19,2020-03-23,ALL.N,0.0010060362173038,benchmark
2020 COVID crash,1/N Equal Weight,benchmark,"B (point-in-time, the actual test)",not applicable,2020-02-19,2020-03-23,IP.N,0.0010060362173038,benchmark
2020 COVID crash,1/N Equal Weight,benchmark,"B (point-in-time, the actual test)",not applicable,2020-02-19,2020-03-23,SNA.N,0.0010060362173038,benchmark
2020 COVID crash,1/N Equal Weight,benchmark,"B (point-in-time, the actual test)",not applicable,2020-02-19,2020-03-23,EBAY.OQ,0.0010060362173038,benchmark
2020 COVID crash,1/N Equal Weight,benchmark,"B (point-in-time, the actual test)",not applicable,2020-02-19,2020-03-23,TPL.N,0.0010060362173038,benchmark
2020 COVID crash,1/N Equal Weight,benchmark,"B (point-in-time, the actual test)",not applicable,2020-02-19,2020-03-23,SJM.N,0.0010060362173038,benchmark
2020 COVID crash,1/N Equal Weight,benchmark,"B (point-in-time, the actual test)",not applicable,2020-02-19,2020-03-23,KO.N,0.0010060362173038,benchmark
2020 COVID crash,1/N Equal Weight,benchmark,"B (point-in-time, the actual test)",not applicable,2020-02-19,2020-03-23,FRT.N,0.0010060362173038,benchmark
2020 COVID crash,1/N Equal Weight,benchmark,"B (point-in-time, the actual test)",not applicable,2020-02-19,2020-03-23,VRSN.OQ,0.0010060362173038,benchmark
2020 COVID crash,1/N Equal Weight,benchmark,"B (point-in-time, the actual test)",not applicable,2020-02-19,2020-03-23,QCOM.OQ,0.0010060362173038,benchmark
2020 COVID crash,1/N Equal Weight,benchmark,"B (point-in-time, the actual test)",not applicable,2020-02-19,2020-03-23,CNP.N,0.0010060362173038,benchmark
2020 COVID crash,1/N Equal Weight,benchmark,"B (point-in-time, the actual test)",not applicable,2020-02-19,2020-03-23,CDNS.OQ,0.0010060362173038,benchmark
2020 COVID crash,1/N Equal Weight,benchmark,"B (point-in-time, the actual test)",not applicable,2020-02-19,2020-03-23,MDLZ.OQ,0.0010060362173038,benchmark
2020 COVID crash,1/N Equal Weight,benchmark,"B (point-in-time, the actual test)",not applicable,2020-02-19,2020-03-23,COHR.N,0.0010060362173038,benchmark
2020 COVID crash,1/N Equal Weight,benchmark,"B (point-in-time, the actual test)",not applicable,2020-02-19,2020-03-23,UPS.N,0.0010060362173038,benchmark
2020 COVID crash,1/N Equal Weight,benchmark,"B (point-in-time, the actual test)",not applicable,2020-02-19,2020-03-23,IBM.N,0.0010060362173038,benchmark
2020 COVID crash,1/N Equal Weight,benchmark,"B (point-in-time, the actual test)",not applicable,2020-02-19,2020-03-23,MSCI.N,0.0010060362173038,benchmark
2020 COVID crash,1/N Equal Weight,benchmark,"B (point-in-time, the actual test)",not applicable,2020-02-19,2020-03-23,MRK.N,0.0010060362173038,benchmark
2020 COVID crash,1/N Equal Weight,benchmark,"B (point-in-time, the actual test)",not applicable,2020-02-19,2020-03-23,TRMB.OQ,0.0010060362173038,benchmark
2020 COVID crash,1/N Equal Weight,benchmark,"B (point-in-time, the actual test)",not applicable,2020-02-19,2020-03-23,BIIB.OQ,0.0010060362173038,benchmark
2020 COVID crash,1/N Equal Weight,benchmark,"B (point-in-time, the actual test)",not applicable,2020-02-19,2020-03-23,DXCM.OQ,0.0010060362173038,benchmark
2020 COVID crash,1/N Equal Weight,benchmark,"B (point-in-time, the actual test)",not applicable,2020-02-19,2020-03-23,O.N,0.0010060362173038,benchmark
2020 COVID crash,1/N Equal Weight,benchmark,"B (point-in-time, the actual test)",not applicable,2020-02-19,2020-03-23,VEEV.N,0.0010060362173038,benchmark
2020 COVID crash,1/N Equal Weight,benchmark,"B (point-in-time, the actual test)",not applicable,2020-02-19,2020-03-23,BSX.N,0.0010060362173038,benchmark
2020 COVID crash,1/N Equal Weight,benchmark,"B (point-in-time, the actual test)",not applicable,2020-02-19,2020-03-23,VTRS.OQ,0.0010060362173038,benchmark
2020 COVID crash,1/N Equal Weight,benchmark,"B (point-in-time, the actual test)",not applicable,2020-02-19,2020-03-23,ORLY.OQ,0.0010060362173038,benchmark
2020 COVID crash,1/N Equal Weight,benchmark,"B (point-in-time, the actual test)",not applicable,2020-02-19,2020-03-23,KMI.N,0.0010060362173038,benchmark
2020 COVID crash,1/N Equal Weight,benchmark,"B (point-in-time, the actual test)",not applicable,2020-02-19,2020-03-23,CMI.N,0.0010060362173038,benchmark
2020 COVID crash,1/N Equal Weight,benchmark,"B (point-in-time, the actual test)",not applicable,2020-02-19,2020-03-23,GWW.N,0.0010060362173038,benchmark
2020 COVID crash,1/N Equal Weight,benchmark,"B (point-in-time, the actual test)",not applicable,2020-02-19,2020-03-23,ICE.N,0.0010060362173038,benchmark
2020 COVID crash,1/N Equal Weight,benchmark,"B (point-in-time, the actual test)",not applicable,2020-02-19,2020-03-23,APO.N,0.0010060362173038,benchmark
2020 COVID crash,1/N Equal Weight,benchmark,"B (point-in-time, the actual test)",not applicable,2020-02-19,2020-03-23,HAS.OQ,0.0010060362173038,benchmark
2020 COVID crash,1/N Equal Weight,benchmark,"B (point-in-time, the actual test)",not applicable,2020-02-19,2020-03-23,DGX.N,0.0010060362173038,benchmark
2020 COVID crash,1/N Equal Weight,benchmark,"B (point-in-time, the actual test)",not applicable,2020-02-19,2020-03-23,CPRT.OQ,0.0010060362173038,benchmark
2020 COVID crash,1/N Equal Weight,benchmark,"B (point-in-time, the actual test)",not applicable,2020-02-19,2020-03-23,ADI.OQ,0.0010060362173038,benchmark
2020 COVID crash,1/N Equal Weight,benchmark,"B (point-in-time, the actual test)",not applicable,2020-02-19,2020-03-23,SNPS.OQ,0.0010060362173038,benchmark
2020 COVID crash,1/N Equal Weight,benchmark,"B (point-in-time, the actual test)",not applicable,2020-02-19,2020-03-23,NDSN.OQ,0.0010060362173038,benchmark
2020 COVID crash,1/N Equal Weight,benchmark,"B (point-in-time, the actual test)",not applicable,2020-02-19,2020-03-23,PFG.OQ,0.0010060362173038,benchmark
2020 COVID crash,1/N Equal Weight,benchmark,"B (point-in-time, the actual test)",not applicable,2020-02-19,2020-03-23,PKG.N,0.0010060362173038,benchmark
2020 COVID crash,1/N Equal Weight,benchmark,"B (point-in-time, the actual test)",not applicable,2020-02-19,2020-03-23,TMO.N,0.0010060362173038,benchmark
2020 COVID crash,1/N Equal Weight,benchmark,"B (point-in-time, the actual test)",not applicable,2020-02-19,2020-03-23,FICO.N,0.0010060362173038,benchmark
2020 COVID crash,1/N Equal Weight,benchmark,"B (point-in-time, the actual test)",not applicable,2020-02-19,2020-03-23,IDXX.OQ,0.0010060362173038,benchmark
2020 COVID crash,1/N Equal Weight,benchmark,"B (point-in-time, the actual test)",not applicable,2020-02-19,2020-03-23,TDY.N,0.0010060362173038,benchmark
2020 COVID crash,1/N Equal Weight,benchmark,"B (point-in-time, the actual test)",not applicable,2020-02-19,2020-03-23,AES.N,0.0010060362173038,benchmark
2020 COVID crash,1/N Equal Weight,benchmark,"B (point-in-time, the actual test)",not applicable,2020-02-19,2020-03-23,TMUS.OQ,0.0010060362173038,benchmark
2020 COVID crash,1/N Equal Weight,benchmark,"B (point-in-time, the actual test)",not applicable,2020-02-19,2020-03-23,PH.N,0.0010060362173038,benchmark
2020 COVID crash,1/N Equal Weight,benchmark,"B (point-in-time, the actual test)",not applicable,2020-02-19,2020-03-23,AIZ.N,0.0010060362173038,benchmark
2020 COVID crash,1/N Equal Weight,benchmark,"B (point-in-time, the actual test)",not applicable,2020-02-19,2020-03-23,EIX.N,0.0010060362173038,benchmark
2020 COVID crash,1/N Equal Weight,benchmark,"B (point-in-time, the actual test)",not applicable,2020-02-19,2020-03-23,TT.N,0.0010060362173038,benchmark
2020 COVID crash,1/N Equal Weight,benchmark,"B (point-in-time, the actual test)",not applicable,2020-02-19,2020-03-23,DRI.N,0.0010060362173038,benchmark
2020 COVID crash,1/N Equal Weight,benchmark,"B (point-in-time, the actual test)",not applicable,2020-02-19,2020-03-23,EFX.N,0.0010060362173038,benchmark
2020 COVID crash,1/N Equal Weight,benchmark,"B (point-in-time, the actual test)",not applicable,2020-02-19,2020-03-23,CINF.OQ,0.0010060362173038,benchmark
2020 COVID crash,1/N Equal Weight,benchmark,"B (point-in-time, the actual test)",not applicable,2020-02-19,2020-03-23,HLT.N,0.0010060362173038,benchmark
2020 COVID crash,1/N Equal Weight,benchmark,"B (point-in-time, the actual test)",not applicable,2020-02-19,2020-03-23,CB.N,0.0010060362173038,benchmark
2020 COVID crash,1/N Equal Weight,benchmark,"B (point-in-time, the actual test)",not applicable,2020-02-19,2020-03-23,WMT.OQ,0.0010060362173038,benchmark
2020 COVID crash,1/N Equal Weight,benchmark,"B (point-in-time, the actual test)",not applicable,2020-02-19,2020-03-23,CBOE.Z,0.0010060362173038,benchmark
2020 COVID crash,1/N Equal Weight,benchmark,"B (point-in-time, the actual test)",not applicable,2020-02-19,2020-03-23,KEYS.N,0.0010060362173038,benchmark
2020 COVID crash,1/N Equal Weight,benchmark,"B (point-in-time, the actual test)",not applicable,2020-02-19,2020-03-23,CHRW.OQ,0.0010060362173038,benchmark
2020 COVID crash,1/N Equal Weight,benchmark,"B (point-in-time, the actual test)",not applicable,2020-02-19,2020-03-23,TYL.N,0.0010060362173038,benchmark
2020 COVID crash,1/N Equal Weight,benchmark,"B (point-in-time, the actual test)",not applicable,2020-02-19,2020-03-23,PM.N,0.0010060362173038,benchmark
2020 COVID crash,1/N Equal Weight,benchmark,"B (point-in-time, the actual test)",not applicable,2020-02-19,2020-03-23,ES.N,0.0010060362173038,benchmark
2020 COVID crash,1/N Equal Weight,benchmark,"B (point-in-time, the actual test)",not applicable,2020-02-19,2020-03-23,LII.N,0.0010060362173038,benchmark
2020 COVID crash,1/N Equal Weight,benchmark,"B (point-in-time, the actual test)",not applicable,2020-02-19,2020-03-23,NWSA.OQ,0.0010060362173038,benchmark
2020 COVID crash,1/N Equal Weight,benchmark,"B (point-in-time, the actual test)",not applicable,2020-02-19,2020-03-23,FIX.N,0.0010060362173038,benchmark
2020 COVID crash,1/N Equal Weight,benchmark,"B (point-in-time, the actual test)",not applicable,2020-02-19,2020-03-23,NDAQ.OQ,0.0010060362173038,benchmark
2020 COVID crash,1/N Equal Weight,benchmark,"B (point-in-time, the actual test)",not applicable,2020-02-19,2020-03-23,BAC.N,0.0010060362173038,benchmark
2020 COVID crash,1/N Equal Weight,benchmark,"B (point-in-time, the actual test)",not applicable,2020-02-19,2020-03-23,RJF.N,0.0010060362173038,benchmark
2020 COVID crash,1/N Equal Weight,benchmark,"B (point-in-time, the actual test)",not applicable,2020-02-19,2020-03-23,CAG.N,0.0010060362173038,benchmark
2020 COVID crash,1/N Equal Weight,benchmark,"B (point-in-time, the actual test)",not applicable,2020-02-19,2020-03-23,FIS.N,0.0010060362173038,benchmark
2020 COVID crash,1/N Equal Weight,benchmark,"B (point-in-time, the actual test)",not applicable,2020-02-19,2020-03-23,PHM.N,0.0010060362173038,benchmark
2020 COVID crash,1/N Equal Weight,benchmark,"B (point-in-time, the actual test)",not applicable,2020-02-19,2020-03-23,FFIV.OQ,0.0010060362173038,benchmark
2020 COVID crash,1/N Equal Weight,benchmark,"B (point-in-time, the actual test)",not applicable,2020-02-19,2020-03-23,DG.N,0.0010060362173038,benchmark
2020 COVID crash,1/N Equal Weight,benchmark,"B (point-in-time, the actual test)",not applicable,2020-02-19,2020-03-23,WDC.OQ,0.0010060362173038,benchmark
2020 COVID crash,1/N Equal Weight,benchmark,"B (point-in-time, the actual test)",not applicable,2020-02-19,2020-03-23,EL.N,0.0010060362173038,benchmark
2020 COVID crash,1/N Equal Weight,benchmark,"B (point-in-time, the actual test)",not applicable,2020-02-19,2020-03-23,PEP.OQ,0.0010060362173038,benchmark
2020 COVID crash,1/N Equal Weight,benchmark,"B (point-in-time, the actual test)",not applicable,2020-02-19,2020-03-23,TRGP.N,0.0010060362173038,benchmark
2020 COVID crash,1/N Equal Weight,benchmark,"B (point-in-time, the actual test)",not applicable,2020-02-19,2020-03-23,USB.N,0.0010060362173038,benchmark
2020 COVID crash,1/N Equal Weight,benchmark,"B (point-in-time, the actual test)",not applicable,2020-02-19,2020-03-23,AOS.N,0.0010060362173038,benchmark
2020 COVID crash,1/N Equal Weight,benchmark,"B (point-in-time, the actual test)",not applicable,2020-02-19,2020-03-23,MSFT.OQ,0.0010060362173038,benchmark
2020 COVID crash,1/N Equal Weight,benchmark,"B (point-in-time, the actual test)",not applicable,2020-02-19,2020-03-23,TRV.N,0.0010060362173038,benchmark
2020 COVID crash,1/N Equal Weight,benchmark,"B (point-in-time, the actual test)",not applicable,2020-02-19,2020-03-23,PAYX.OQ,0.0010060362173038,benchmark
2020 COVID crash,1/N Equal Weight,benchmark,"B (point-in-time, the actual test)",not applicable,2020-02-19,2020-03-23,HBAN.OQ,0.0010060362173038,benchmark
2020 COVID crash,1/N Equal Weight,benchmark,"B (point-in-time, the actual test)",not applicable,2020-02-19,2020-03-23,COST.OQ,0.0010060362173038,benchmark
2020 COVID crash,1/N Equal Weight,benchmark,"B (point-in-time, the actual test)",not applicable,2020-02-19,2020-03-23,WSM.N,0.0010060362173038,benchmark
2020 COVID crash,1/N Equal Weight,benchmark,"B (point-in-time, the actual test)",not applicable,2020-02-19,2020-03-23,PANW.OQ,0.0010060362173038,benchmark
2020 COVID crash,1/N Equal Weight,benchmark,"B (point-in-time, the actual test)",not applicable,2020-02-19,2020-03-23,MLM.N,0.0010060362173038,benchmark
2020 COVID crash,1/N Equal Weight,benchmark,"B (point-in-time, the actual test)",not applicable,2020-02-19,2020-03-23,EVRG.OQ,0.0010060362173038,benchmark
2020 COVID crash,1/N Equal Weight,benchmark,"B (point-in-time, the actual test)",not applicable,2020-02-19,2020-03-23,TXN.OQ,0.0010060362173038,benchmark
2020 COVID crash,1/N Equal Weight,benchmark,"B (point-in-time, the actual test)",not applicable,2020-02-19,2020-03-23,MKC.N,0.0010060362173038,benchmark
2020 COVID crash,1/N Equal Weight,benchmark,"B (point-in-time, the actual test)",not applicable,2020-02-19,2020-03-23,ISRG.OQ,0.0010060362173038,benchmark
2020 COVID crash,1/N Equal Weight,benchmark,"B (point-in-time, the actual test)",not applicable,2020-02-19,2020-03-23,CMG.N,0.0010060362173038,benchmark
2020 COVID crash,1/N Equal Weight,benchmark,"B (point-in-time, the actual test)",not applicable,2020-02-19,2020-03-23,CPT.N,0.0010060362173038,benchmark
2020 COVID crash,1/N Equal Weight,benchmark,"B (point-in-time, the actual test)",not applicable,2020-02-19,2020-03-23,LLY.N,0.0010060362173038,benchmark
2020 COVID crash,1/N Equal Weight,benchmark,"B (point-in-time, the actual test)",not applicable,2020-02-19,2020-03-23,MET.N,0.0010060362173038,benchmark
2020 COVID crash,1/N Equal Weight,benchmark,"B (point-in-time, the actual test)",not applicable,2020-02-19,2020-03-23,T.N,0.0010060362173038,benchmark
2020 COVID crash,1/N Equal Weight,benchmark,"B (point-in-time, the actual test)",not applicable,2020-02-19,2020-03-23,FAST.OQ,0.0010060362173038,benchmark
2020 COVID crash,1/N Equal Weight,benchmark,"B (point-in-time, the actual test)",not applicable,2020-02-19,2020-03-23,COR.N,0.0010060362173038,benchmark
2020 COVID crash,1/N Equal Weight,benchmark,"B (point-in-time, the actual test)",not applicable,2020-02-19,2020-03-23,XYZ.N,0.0010060362173038,benchmark
2020 COVID crash,1/N Equal Weight,benchmark,"B (point-in-time, the actual test)",not applicable,2020-02-19,2020-03-23,ROST.OQ,0.0010060362173038,benchmark
2020 COVID crash,1/N Equal Weight,benchmark,"B (point-in-time, the actual test)",not applicable,2020-02-19,2020-03-23,CPB.OQ,0.0010060362173038,benchmark
2020 COVID crash,1/N Equal Weight,benchmark,"B (point-in-time, the actual test)",not applicable,2020-02-19,2020-03-23,MTD.N,0.0010060362173038,benchmark
2020 COVID crash,1/N Equal Weight,benchmark,"B (point-in-time, the actual test)",not applicable,2020-02-19,2020-03-23,RTX.N,0.0010060362173038,benchmark
2020 COVID crash,1/N Equal Weight,benchmark,"B (point-in-time, the actual test)",not applicable,2020-02-19,2020-03-23,INTU.OQ,0.0010060362173038,benchmark
2020 COVID crash,1/N Equal Weight,benchmark,"B (point-in-time, the actual test)",not applicable,2020-02-19,2020-03-23,AMP.N,0.0010060362173038,benchmark
2020 COVID crash,1/N Equal Weight,benchmark,"B (point-in-time, the actual test)",not applicable,2020-02-19,2020-03-23,MTB.N,0.0010060362173038,benchmark
2020 COVID crash,1/N Equal Weight,benchmark,"B (point-in-time, the actual test)",not applicable,2020-02-19,2020-03-23,VLO.N,0.0010060362173038,benchmark
2020 COVID crash,1/N Equal Weight,benchmark,"B (point-in-time, the actual test)",not applicable,2020-02-19,2020-03-23,ECL.N,0.0010060362173038,benchmark
2020 COVID crash,1/N Equal Weight,benchmark,"B (point-in-time, the actual test)",not applicable,2020-02-19,2020-03-23,PSA.N,0.0010060362173038,benchmark
2020 COVID crash,1/N Equal Weight,benchmark,"B (point-in-time, the actual test)",not applicable,2020-02-19,2020-03-23,KKR.N,0.0010060362173038,benchmark
2020 COVID crash,1/N Equal Weight,benchmark,"B (point-in-time, the actual test)",not applicable,2020-02-19,2020-03-23,INVH.N,0.0010060362173038,benchmark
2020 COVID crash,1/N Equal Weight,benchmark,"B (point-in-time, the actual test)",not applicable,2020-02-19,2020-03-23,MU.OQ,0.0010060362173038,benchmark
2020 COVID crash,1/N Equal Weight,benchmark,"B (point-in-time, the actual test)",not applicable,2020-02-19,2020-03-23,WELL.N,0.0010060362173038,benchmark
2020 COVID crash,1/N Equal Weight,benchmark,"B (point-in-time, the actual test)",not applicable,2020-02-19,2020-03-23,AKAM.OQ,0.0010060362173038,benchmark
2020 COVID crash,1/N Equal Weight,benchmark,"B (point-in-time, the actual test)",not applicable,2020-02-19,2020-03-23,DHR.N,0.0010060362173038,benchmark
2020 COVID crash,1/N Equal Weight,benchmark,"B (point-in-time, the actual test)",not applicable,2020-02-19,2020-03-23,PCAR.OQ,0.0010060362173038,benchmark
2020 COVID crash,1/N Equal Weight,benchmark,"B (point-in-time, the actual test)",not applicable,2020-02-19,2020-03-23,PFE.N,0.0010060362173038,benchmark
2020 COVID crash,1/N Equal Weight,benchmark,"B (point-in-time, the actual test)",not applicable,2020-02-19,2020-03-23,GM.N,0.0010060362173038,benchmark
2020 COVID crash,1/N Equal Weight,benchmark,"B (point-in-time, the actual test)",not applicable,2020-02-19,2020-03-23,AMGN.OQ,0.0010060362173038,benchmark
2020 COVID crash,1/N Equal Weight,benchmark,"B (point-in-time, the actual test)",not applicable,2020-02-19,2020-03-23,AXON.OQ,0.0010060362173038,benchmark
2020 COVID crash,1/N Equal Weight,benchmark,"B (point-in-time, the actual test)",not applicable,2020-02-19,2020-03-23,NEM.N,0.0010060362173038,benchmark
2020 COVID crash,1/N Equal Weight,benchmark,"B (point-in-time, the actual test)",not applicable,2020-02-19,2020-03-23,CSCO.OQ,0.0010060362173038,benchmark
2020 COVID crash,1/N Equal Weight,benchmark,"B (point-in-time, the actual test)",not applicable,2020-02-19,2020-03-23,HPQ.N,0.0010060362173038,benchmark
2020 COVID crash,1/N Equal Weight,benchmark,"B (point-in-time, the actual test)",not applicable,2020-02-19,2020-03-23,FTV.N,0.0010060362173038,benchmark
2020 COVID crash,1/N Equal Weight,benchmark,"B (point-in-time, the actual test)",not applicable,2020-02-19,2020-03-23,ETN.N,0.0010060362173038,benchmark
2020 COVID crash,1/N Equal Weight,benchmark,"B (point-in-time, the actual test)",not applicable,2020-02-19,2020-03-23,GNRC.N,0.0010060362173038,benchmark
2020 COVID crash,1/N Equal Weight,benchmark,"B (point-in-time, the actual test)",not applicable,2020-02-19,2020-03-23,DPZ.OQ,0.0010060362173038,benchmark
2020 COVID crash,1/N Equal Weight,benchmark,"B (point-in-time, the actual test)",not applicable,2020-02-19,2020-03-23,MGM.N,0.0010060362173038,benchmark
2020 COVID crash,1/N Equal Weight,benchmark,"B (point-in-time, the actual test)",not applicable,2020-02-19,2020-03-23,AJG.N,0.0010060362173038,benchmark
2020 COVID crash,1/N Equal Weight,benchmark,"B (point-in-time, the actual test)",not applicable,2020-02-19,2020-03-23,MPC.N,0.0010060362173038,benchmark
2020 COVID crash,1/N Equal Weight,benchmark,"B (point-in-time, the actual test)",not applicable,2020-02-19,2020-03-23,ARE.N,0.0010060362173038,benchmark
2020 COVID crash,1/N Equal Weight,benchmark,"B (point-in-time, the actual test)",not applicable,2020-02-19,2020-03-23,AFL.N,0.0010060362173038,benchmark
2020 COVID crash,1/N Equal Weight,benchmark,"B (point-in-time, the actual test)",not applicable,2020-02-19,2020-03-23,CTSH.OQ,0.0010060362173038,benchmark
2020 COVID crash,1/N Equal Weight,benchmark,"B (point-in-time, the actual test)",not applicable,2020-02-19,2020-03-23,CF.N,0.0010060362173038,benchmark
2020 COVID crash,1/N Equal Weight,benchmark,"B (point-in-time, the actual test)",not applicable,2020-02-19,2020-03-23,ANET.N,0.0010060362173038,benchmark
2020 COVID crash,1/N Equal Weight,benchmark,"B (point-in-time, the actual test)",not applicable,2020-02-19,2020-03-23,GOOGL.OQ,0.0010060362173038,benchmark
2020 COVID crash,1/N Equal Weight,benchmark,"B (point-in-time, the actual test)",not applicable,2020-02-19,2020-03-23,GIS.N,0.0010060362173038,benchmark
2020 COVID crash,1/N Equal Weight,benchmark,"B (point-in-time, the actual test)",not applicable,2020-02-19,2020-03-23,IQV.N,0.0010060362173038,benchmark
2020 COVID crash,1/N Equal Weight,benchmark,"B (point-in-time, the actual test)",not applicable,2020-02-19,2020-03-23,TAP.N,0.0010060362173038,benchmark
2020 COVID crash,1/N Equal Weight,benchmark,"B (point-in-time, the actual test)",not applicable,2020-02-19,2020-03-23,NCLH.N,0.0010060362173038,benchmark
2020 COVID crash,1/N Equal Weight,benchmark,"B (point-in-time, the actual test)",not applicable,2020-02-19,2020-03-23,STX.OQ,0.0010060362173038,benchmark
2020 COVID crash,1/N Equal Weight,benchmark,"B (point-in-time, the actual test)",not applicable,2020-02-19,2020-03-23,TECH.OQ,0.0010060362173038,benchmark
2020 COVID crash,1/N Equal Weight,benchmark,"B (point-in-time, the actual test)",not applicable,2020-02-19,2020-03-23,BFb.N,0.0010060362173038,benchmark
2020 COVID crash,1/N Equal Weight,benchmark,"B (point-in-time, the actual test)",not applicable,2020-02-19,2020-03-23,JCI.N,0.0010060362173038,benchmark
2020 COVID crash,1/N Equal Weight,benchmark,"B (point-in-time, the actual test)",not applicable,2020-02-19,2020-03-23,KR.N,0.0010060362173038,benchmark
2020 COVID crash,1/N Equal Weight,benchmark,"B (point-in-time, the actual test)",not applicable,2020-02-19,2020-03-23,AZO.N,0.0010060362173038,benchmark
2020 COVID crash,1/N Equal Weight,benchmark,"B (point-in-time, the actual test)",not applicable,2020-02-19,2020-03-23,KDP.OQ,0.0010060362173038,benchmark
2020 COVID crash,1/N Equal Weight,benchmark,"B (point-in-time, the actual test)",not applicable,2020-02-19,2020-03-23,BDX.N,0.0010060362173038,benchmark
2020 COVID crash,1/N Equal Weight,benchmark,"B (point-in-time, the actual test)",not applicable,2020-02-19,2020-03-23,L.N,0.0010060362173038,benchmark
2020 COVID crash,1/N Equal Weight,benchmark,"B (point-in-time, the actual test)",not applicable,2020-02-19,2020-03-23,WDAY.OQ,0.0010060362173038,benchmark
2020 COVID crash,1/N Equal Weight,benchmark,"B (point-in-time, the actual test)",not applicable,2020-02-19,2020-03-23,BRO.N,0.0010060362173038,benchmark
2020 COVID crash,1/N Equal Weight,benchmark,"B (point-in-time, the actual test)",not applicable,2020-02-19,2020-03-23,OXY.N,0.0010060362173038,benchmark
2020 COVID crash,1/N Equal Weight,benchmark,"B (point-in-time, the actual test)",not applicable,2020-02-19,2020-03-23,DTE.N,0.0010060362173038,benchmark
2020 COVID crash,1/N Equal Weight,benchmark,"B (point-in-time, the actual test)",not applicable,2020-02-19,2020-03-23,MCK.N,0.0010060362173038,benchmark
2020 COVID crash,1/N Equal Weight,benchmark,"B (point-in-time, the actual test)",not applicable,2020-02-19,2020-03-23,APD.N,0.0010060362173038,benchmark
2020 COVID crash,1/N Equal Weight,benchmark,"B (point-in-time, the actual test)",not applicable,2020-02-19,2020-03-23,CI.N,0.0010060362173038,benchmark
2020 COVID crash,1/N Equal Weight,benchmark,"B (point-in-time, the actual test)",not applicable,2020-02-19,2020-03-23,ZBRA.OQ,0.0010060362173038,benchmark
2020 COVID crash,1/N Equal Weight,benchmark,"B (point-in-time, the actual test)",not applicable,2020-02-19,2020-03-23,ADM.N,0.0010060362173038,benchmark
2020 COVID crash,1/N Equal Weight,benchmark,"B (point-in-time, the actual test)",not applicable,2020-02-19,2020-03-23,PNC.N,0.0010060362173038,benchmark
2020 COVID crash,1/N Equal Weight,benchmark,"B (point-in-time, the actual test)",not applicable,2020-02-19,2020-03-23,LIN.OQ,0.0010060362173038,benchmark
2020 COVID crash,1/N Equal Weight,benchmark,"B (point-in-time, the actual test)",not applicable,2020-02-19,2020-03-23,LYB.N,0.0010060362173038,benchmark
2020 COVID crash,1/N Equal Weight,benchmark,"B (point-in-time, the actual test)",not applicable,2020-02-19,2020-03-23,FITB.N,0.0010060362173038,benchmark
2020 COVID crash,1/N Equal Weight,benchmark,"B (point-in-time, the actual test)",not applicable,2020-02-19,2020-03-23,CCL.N,0.0010060362173038,benchmark
2020 COVID crash,1/N Equal Weight,benchmark,"B (point-in-time, the actual test)",not applicable,2020-02-19,2020-03-23,MCO.N,0.0010060362173038,benchmark
2020 COVID crash,1/N Equal Weight,benchmark,"B (point-in-time, the actual test)",not applicable,2020-02-19,2020-03-23,PTC.OQ,0.0010060362173038,benchmark
2020 COVID crash,1/N Equal Weight,benchmark,"B (point-in-time, the actual test)",not applicable,2020-02-19,2020-03-23,CMCSA.OQ,0.0010060362173038,benchmark
2020 COVID crash,1/N Equal Weight,benchmark,"B (point-in-time, the actual test)",not applicable,2020-02-19,2020-03-23,DOC.N,0.0010060362173038,benchmark
2020 COVID crash,1/N Equal Weight,benchmark,"B (point-in-time, the actual test)",not applicable,2020-02-19,2020-03-23,EQIX.OQ,0.0010060362173038,benchmark
2020 COVID crash,1/N Equal Weight,benchmark,"B (point-in-time, the actual test)",not applicable,2020-02-19,2020-03-23,ALB.N,0.0010060362173038,benchmark
2020 COVID crash,1/N Equal Weight,benchmark,"B (point-in-time, the actual test)",not applicable,2020-02-19,2020-03-23,BEN.N,0.0010060362173038,benchmark
2020 COVID crash,1/N Equal Weight,benchmark,"B (point-in-time, the actual test)",not applicable,2020-02-19,2020-03-23,RCL.N,0.0010060362173038,benchmark
2020 COVID crash,1/N Equal Weight,benchmark,"B (point-in-time, the actual test)",not applicable,2020-02-19,2020-03-23,HII.N,0.0010060362173038,benchmark
2020 COVID crash,1/N Equal Weight,benchmark,"B (point-in-time, the actual test)",not applicable,2020-02-19,2020-03-23,AVY.N,0.0010060362173038,benchmark
2020 COVID crash,1/N Equal Weight,benchmark,"B (point-in-time, the actual test)",not applicable,2020-02-19,2020-03-23,EMR.N,0.0010060362173038,benchmark
2020 COVID crash,1/N Equal Weight,benchmark,"B (point-in-time, the actual test)",not applicable,2020-02-19,2020-03-23,FANG.OQ,0.0010060362173038,benchmark
2020 COVID crash,1/N Equal Weight,benchmark,"B (point-in-time, the actual test)",not applicable,2020-02-19,2020-03-23,ROK.N,0.0010060362173038,benchmark
2020 COVID crash,1/N Equal Weight,benchmark,"B (point-in-time, the actual test)",not applicable,2020-02-19,2020-03-23,DIS.N,0.0010060362173038,benchmark
2020 COVID crash,1/N Equal Weight,benchmark,"B (point-in-time, the actual test)",not applicable,2020-02-19,2020-03-23,KHC.OQ,0.0010060362173038,benchmark
2020 COVID crash,1/N Equal Weight,benchmark,"B (point-in-time, the actual test)",not applicable,2020-02-19,2020-03-23,NEE.N,0.0010060362173038,benchmark
2020 COVID crash,1/N Equal Weight,benchmark,"B (point-in-time, the actual test)",not applicable,2020-02-19,2020-03-23,ADBE.OQ,0.0010060362173038,benchmark
2020 COVID crash,1/N Equal Weight,benchmark,"B (point-in-time, the actual test)",not applicable,2020-02-19,2020-03-23,VRSK.OQ,0.0010060362173038,benchmark
2020 COVID crash,1/N Equal Weight,benchmark,"B (point-in-time, the actual test)",not applicable,2020-02-19,2020-03-23,ALLE.N,0.0010060362173038,benchmark
2020 COVID crash,1/N Equal Weight,benchmark,"B (point-in-time, the actual test)",not applicable,2020-02-19,2020-03-23,BLDR.N,0.0010060362173038,benchmark
2020 COVID crash,1/N Equal Weight,benchmark,"B (point-in-time, the actual test)",not applicable,2020-02-19,2020-03-23,LITE.OQ,0.0010060362173038,benchmark
2020 COVID crash,1/N Equal Weight,benchmark,"B (point-in-time, the actual test)",not applicable,2020-02-19,2020-03-23,NRG.N,0.0010060362173038,benchmark
2020 COVID crash,1/N Equal Weight,benchmark,"B (point-in-time, the actual test)",not applicable,2020-02-19,2020-03-23,ACGL.OQ,0.0010060362173038,benchmark
2020 COVID crash,1/N Equal Weight,benchmark,"B (point-in-time, the actual test)",not applicable,2020-02-19,2020-03-23,GOOG.OQ,0.0010060362173038,benchmark
2020 COVID crash,1/N Equal Weight,benchmark,"B (point-in-time, the actual test)",not applicable,2020-02-19,2020-03-23,KIM.N,0.0010060362173038,benchmark
2020 COVID crash,1/N Equal Weight,benchmark,"B (point-in-time, the actual test)",not applicable,2020-02-19,2020-03-23,CPAY.N,0.0010060362173038,benchmark
2020 COVID crash,1/N Equal Weight,benchmark,"B (point-in-time, the actual test)",not applicable,2020-02-19,2020-03-23,BKR.OQ,0.0010060362173038,benchmark
2020 COVID crash,1/N Equal Weight,benchmark,"B (point-in-time, the actual test)",not applicable,2020-02-19,2020-03-23,GRMN.N,0.0010060362173038,benchmark
2020 COVID crash,1/N Equal Weight,benchmark,"B (point-in-time, the actual test)",not applicable,2020-02-19,2020-03-23,CNC.N,0.0010060362173038,benchmark
2020 COVID crash,1/N Equal Weight,benchmark,"B (point-in-time, the actual test)",not applicable,2020-02-19,2020-03-23,AIG.N,0.0010060362173038,benchmark
2020 COVID crash,1/N Equal Weight,benchmark,"B (point-in-time, the actual test)",not applicable,2020-02-19,2020-03-23,SBUX.OQ,0.0010060362173038,benchmark
2020 COVID crash,1/N Equal Weight,benchmark,"B (point-in-time, the actual test)",not applicable,2020-02-19,2020-03-23,REGN.OQ,0.0010060362173038,benchmark
2020 COVID crash,1/N Equal Weight,benchmark,"B (point-in-time, the actual test)",not applicable,2020-02-19,2020-03-23,JPM.N,0.0010060362173038,benchmark
2020 COVID crash,1/N Equal Weight,benchmark,"B (point-in-time, the actual test)",not applicable,2020-02-19,2020-03-23,MAR.OQ,0.0010060362173038,benchmark
2020 COVID crash,1/N Equal Weight,benchmark,"B (point-in-time, the actual test)",not applicable,2020-02-19,2020-03-23,EQT.N,0.0010060362173038,benchmark
2020 COVID crash,1/N Equal Weight,benchmark,"B (point-in-time, the actual test)",not applicable,2020-02-19,2020-03-23,AEE.N,0.0010060362173038,benchmark
2020 COVID crash,1/N Equal Weight,benchmark,"B (point-in-time, the actual test)",not applicable,2020-02-19,2020-03-23,WFC.N,0.0010060362173038,benchmark
2020 COVID crash,1/N Equal Weight,benchmark,"B (point-in-time, the actual test)",not applicable,2020-02-19,2020-03-23,CSX.OQ,0.0010060362173038,benchmark
2020 COVID crash,1/N Equal Weight,benchmark,"B (point-in-time, the actual test)",not applicable,2020-02-19,2020-03-23,NFLX.OQ,0.0010060362173038,benchmark
2020 COVID crash,1/N Equal Weight,benchmark,"B (point-in-time, the actual test)",not applicable,2020-02-19,2020-03-23,SWK.N,0.0010060362173038,benchmark
2020 COVID crash,1/N Equal Weight,benchmark,"B (point-in-time, the actual test)",not applicable,2020-02-19,2020-03-23,VZ.N,0.0010060362173038,benchmark
2020 COVID crash,1/N Equal Weight,benchmark,"B (point-in-time, the actual test)",not applicable,2020-02-19,2020-03-23,CASY.OQ,0.0010060362173038,benchmark
2020 COVID crash,1/N Equal Weight,benchmark,"B (point-in-time, the actual test)",not applicable,2020-02-19,2020-03-23,TFC.N,0.0010060362173038,benchmark
2020 COVID crash,1/N Equal Weight,benchmark,"B (point-in-time, the actual test)",not applicable,2020-02-19,2020-03-23,ABT.N,0.0010060362173038,benchmark
2020 COVID crash,1/N Equal Weight,benchmark,"B (point-in-time, the actual test)",not applicable,2020-02-19,2020-03-23,MA.N,0.0010060362173038,benchmark
2020 COVID crash,1/N Equal Weight,benchmark,"B (point-in-time, the actual test)",not applicable,2020-02-19,2020-03-23,RSG.N,0.0010060362173038,benchmark
2020 COVID crash,1/N Equal Weight,benchmark,"B (point-in-time, the actual test)",not applicable,2020-02-19,2020-03-23,STE.N,0.0010060362173038,benchmark
2020 COVID crash,1/N Equal Weight,benchmark,"B (point-in-time, the actual test)",not applicable,2020-02-19,2020-03-23,AMZN.OQ,0.0010060362173038,benchmark
2020 COVID crash,1/N Equal Weight,benchmark,"B (point-in-time, the actual test)",not applicable,2020-02-19,2020-03-23,MMM.N,0.0010060362173038,benchmark
2020 COVID crash,1/N Equal Weight,benchmark,"B (point-in-time, the actual test)",not applicable,2020-02-19,2020-03-23,CDW.OQ,0.0010060362173038,benchmark
2020 COVID crash,1/N Equal Weight,benchmark,"B (point-in-time, the actual test)",not applicable,2020-02-19,2020-03-23,COO.OQ,0.0010060362173038,benchmark
2020 COVID crash,1/N Equal Weight,benchmark,"B (point-in-time, the actual test)",not applicable,2020-02-19,2020-03-23,WAB.N,0.0010060362173038,benchmark
2020 COVID crash,1/N Equal Weight,benchmark,"B (point-in-time, the actual test)",not applicable,2020-02-19,2020-03-23,NTAP.OQ,0.0010060362173038,benchmark
2020 COVID crash,1/N Equal Weight,benchmark,"B (point-in-time, the actual test)",not applicable,2020-02-19,2020-03-23,TTWO.OQ,0.0010060362173038,benchmark
2020 COVID crash,1/N Equal Weight,benchmark,"B (point-in-time, the actual test)",not applicable,2020-02-19,2020-03-23,TSN.N,0.0010060362173038,benchmark
2020 COVID crash,1/N Equal Weight,benchmark,"B (point-in-time, the actual test)",not applicable,2020-02-19,2020-03-23,DVN.N,0.0010060362173038,benchmark
2020 COVID crash,1/N Equal Weight,benchmark,"B (point-in-time, the actual test)",not applicable,2020-02-19,2020-03-23,ORCL.N,0.0010060362173038,benchmark
2020 COVID crash,1/N Equal Weight,benchmark,"B (point-in-time, the actual test)",not applicable,2020-02-19,2020-03-23,EG.N,0.0010060362173038,benchmark
2020 COVID crash,1/N Equal Weight,benchmark,"B (point-in-time, the actual test)",not applicable,2020-02-19,2020-03-23,WBD.OQ,0.0010060362173038,benchmark
2020 COVID crash,1/N Equal Weight,benchmark,"B (point-in-time, the actual test)",not applicable,2020-02-19,2020-03-23,BX.N,0.0010060362173038,benchmark
2020 COVID crash,1/N Equal Weight,benchmark,"B (point-in-time, the actual test)",not applicable,2020-02-19,2020-03-23,TXT.N,0.0010060362173038,benchmark
2020 COVID crash,1/N Equal Weight,benchmark,"B (point-in-time, the actual test)",not applicable,2020-02-19,2020-03-23,HCA.N,0.0010060362173038,benchmark
2020 COVID crash,1/N Equal Weight,benchmark,"B (point-in-time, the actual test)",not applicable,2020-02-19,2020-03-23,IEX.N,0.0010060362173038,benchmark
2020 COVID crash,1/N Equal Weight,benchmark,"B (point-in-time, the actual test)",not applicable,2020-02-19,2020-03-23,MNST.OQ,0.0010060362173038,benchmark
2020 COVID crash,1/N Equal Weight,benchmark,"B (point-in-time, the actual test)",not applicable,2020-02-19,2020-03-23,PEG.N,0.0010060362173038,benchmark
2020 COVID crash,1/N Equal Weight,benchmark,"B (point-in-time, the actual test)",not applicable,2020-02-19,2020-03-23,MO.N,0.0010060362173038,benchmark
2020 COVID crash,1/N Equal Weight,benchmark,"B (point-in-time, the actual test)",not applicable,2020-02-19,2020-03-23,ETR.N,0.0010060362173038,benchmark
2020 COVID crash,1/N Equal Weight,benchmark,"B (point-in-time, the actual test)",not applicable,2020-02-19,2020-03-23,EXR.N,0.0010060362173038,benchmark
2020 COVID crash,1/N Equal Weight,benchmark,"B (point-in-time, the actual test)",not applicable,2020-02-19,2020-03-23,LMT.N,0.0010060362173038,benchmark
2020 COVID crash,1/N Equal Weight,benchmark,"B (point-in-time, the actual test)",not applicable,2020-02-19,2020-03-23,C.N,0.0010060362173038,benchmark
2020 COVID crash,1/N Equal Weight,benchmark,"B (point-in-time, the actual test)",not applicable,2020-02-19,2020-03-23,EXC.OQ,0.0010060362173038,benchmark
2020 COVID crash,1/N Equal Weight,benchmark,"B (point-in-time, the actual test)",not applicable,2020-02-19,2020-03-23,CVX.N,0.0010060362173038,benchmark
2020 COVID crash,1/N Equal Weight,benchmark,"B (point-in-time, the actual test)",not applicable,2020-02-19,2020-03-23,F.N,0.0010060362173038,benchmark
2020 COVID crash,1/N Equal Weight,benchmark,"B (point-in-time, the actual test)",not applicable,2020-02-19,2020-03-23,XOM.N,0.0010060362173038,benchmark
2020 COVID crash,1/N Equal Weight,benchmark,"B (point-in-time, the actual test)",not applicable,2020-02-19,2020-03-23,UDR.N,0.0010060362173038,benchmark
2020 COVID crash,1/N Equal Weight,benchmark,"B (point-in-time, the actual test)",not applicable,2020-02-19,2020-03-23,STZ.N,0.0010060362173038,benchmark
2020 COVID crash,1/N Equal Weight,benchmark,"B (point-in-time, the actual test)",not applicable,2020-02-19,2020-03-23,TJX.N,0.0010060362173038,benchmark
2020 COVID crash,1/N Equal Weight,benchmark,"B (point-in-time, the actual test)",not applicable,2020-02-19,2020-03-23,BR.N,0.0010060362173038,benchmark
2020 COVID crash,1/N Equal Weight,benchmark,"B (point-in-time, the actual test)",not applicable,2020-02-19,2020-03-23,HIG.N,0.0010060362173038,benchmark
2020 COVID crash,1/N Equal Weight,benchmark,"B (point-in-time, the actual test)",not applicable,2020-02-19,2020-03-23,NXPI.OQ,0.0010060362173038,benchmark
2020 COVID crash,1/N Equal Weight,benchmark,"B (point-in-time, the actual test)",not applicable,2020-02-19,2020-03-23,FISV.OQ,0.0010060362173038,benchmark
2020 COVID crash,1/N Equal Weight,benchmark,"B (point-in-time, the actual test)",not applicable,2020-02-19,2020-03-23,EXPD.N,0.0010060362173038,benchmark
2020 COVID crash,1/N Equal Weight,benchmark,"B (point-in-time, the actual test)",not applicable,2020-02-19,2020-03-23,RF.N,0.0010060362173038,benchmark
2020 COVID crash,1/N Equal Weight,benchmark,"B (point-in-time, the actual test)",not applicable,2020-02-19,2020-03-23,AMD.OQ,0.0010060362173038,benchmark
2020 COVID crash,1/N Equal Weight,benchmark,"B (point-in-time, the actual test)",not applicable,2020-02-19,2020-03-23,BMY.N,0.0010060362173038,benchmark
2020 COVID crash,1/N Equal Weight,benchmark,"B (point-in-time, the actual test)",not applicable,2020-02-19,2020-03-23,PRU.N,0.0010060362173038,benchmark
2020 COVID crash,1/N Equal Weight,benchmark,"B (point-in-time, the actual test)",not applicable,2020-02-19,2020-03-23,PPL.N,0.0010060362173038,benchmark
2020 COVID crash,1/N Equal Weight,benchmark,"B (point-in-time, the actual test)",not applicable,2020-02-19,2020-03-23,BKNG.OQ,0.0010060362173038,benchmark
2020 COVID crash,1/N Equal Weight,benchmark,"B (point-in-time, the actual test)",not applicable,2020-02-19,2020-03-23,TEL.N,0.0010060362173038,benchmark
2020 COVID crash,1/N Equal Weight,benchmark,"B (point-in-time, the actual test)",not applicable,2020-02-19,2020-03-23,META.OQ,0.0010060362173038,benchmark
2020 COVID crash,1/N Equal Weight,benchmark,"B (point-in-time, the actual test)",not applicable,2020-02-19,2020-03-23,APA.OQ,0.0010060362173038,benchmark
2020 COVID crash,1/N Equal Weight,benchmark,"B (point-in-time, the actual test)",not applicable,2020-02-19,2020-03-23,COP.N,0.0010060362173038,benchmark
2020 COVID crash,1/N Equal Weight,benchmark,"B (point-in-time, the actual test)",not applicable,2020-02-19,2020-03-23,DAL.N,0.0010060362173038,benchmark
2020 COVID crash,1/N Equal Weight,benchmark,"B (point-in-time, the actual test)",not applicable,2020-02-19,2020-03-23,ESS.N,0.0010060362173038,benchmark
2020 COVID crash,1/N Equal Weight,benchmark,"B (point-in-time, the actual test)",not applicable,2020-02-19,2020-03-23,DELL.N,0.0010060362173038,benchmark
2020 COVID crash,1/N Equal Weight,benchmark,"B (point-in-time, the actual test)",not applicable,2020-02-19,2020-03-23,WM.N,0.0010060362173038,benchmark
2020 COVID crash,1/N Equal Weight,benchmark,"B (point-in-time, the actual test)",not applicable,2020-02-19,2020-03-23,ED.N,0.0010060362173038,benchmark
2020 COVID crash,1/N Equal Weight,benchmark,"B (point-in-time, the actual test)",not applicable,2020-02-19,2020-03-23,GILD.OQ,0.0010060362173038,benchmark
2020 COVID crash,1/N Equal Weight,benchmark,"B (point-in-time, the actual test)",not applicable,2020-02-19,2020-03-23,LEN.N,0.0010060362173038,benchmark
2020 COVID crash,1/N Equal Weight,benchmark,"B (point-in-time, the actual test)",not applicable,2020-02-19,2020-03-23,LULU.OQ,0.0010060362173038,benchmark
2020 COVID crash,1/N Equal Weight,benchmark,"B (point-in-time, the actual test)",not applicable,2020-02-19,2020-03-23,WAT.N,0.0010060362173038,benchmark
2020 COVID crash,1/N Equal Weight,benchmark,"B (point-in-time, the actual test)",not applicable,2020-02-19,2020-03-23,JNJ.N,0.0010060362173038,benchmark
2020 COVID crash,1/N Equal Weight,benchmark,"B (point-in-time, the actual test)",not applicable,2020-02-19,2020-03-23,SWKS.OQ,0.0010060362173038,benchmark
2020 COVID crash,1/N Equal Weight,benchmark,"B (point-in-time, the actual test)",not applicable,2020-02-19,2020-03-23,DOV.N,0.0010060362173038,benchmark
2020 COVID crash,1/N Equal Weight,benchmark,"B (point-in-time, the actual test)",not applicable,2020-02-19,2020-03-23,NKE.N,0.0010060362173038,benchmark
2020 COVID crash,1/N Equal Weight,benchmark,"B (point-in-time, the actual test)",not applicable,2020-02-19,2020-03-23,DVA.N,0.0010060362173038,benchmark
2020 COVID crash,1/N Equal Weight,benchmark,"B (point-in-time, the actual test)",not applicable,2020-02-19,2020-03-23,DLR.N,0.0010060362173038,benchmark
2020 COVID crash,1/N Equal Weight,benchmark,"B (point-in-time, the actual test)",not applicable,2020-02-19,2020-03-23,HAL.N,0.0010060362173038,benchmark
2020 COVID crash,1/N Equal Weight,benchmark,"B (point-in-time, the actual test)",not applicable,2020-02-19,2020-03-23,TPR.N,0.0010060362173038,benchmark
2020 COVID crash,1/N Equal Weight,benchmark,"B (point-in-time, the actual test)",not applicable,2020-02-19,2020-03-23,TER.OQ,0.0010060362173038,benchmark
2020 COVID crash,1/N Equal Weight,benchmark,"B (point-in-time, the actual test)",not applicable,2020-02-19,2020-03-23,APTV.N,0.0010060362173038,benchmark
2020 COVID crash,1/N Equal Weight,benchmark,"B (point-in-time, the actual test)",not applicable,2020-02-19,2020-03-23,AON.N,0.0010060362173038,benchmark
2020 COVID crash,1/N Equal Weight,benchmark,"B (point-in-time, the actual test)",not applicable,2020-02-19,2020-03-23,CRM.N,0.0010060362173038,benchmark
2020 COVID crash,1/N Equal Weight,benchmark,"B (point-in-time, the actual test)",not applicable,2020-02-19,2020-03-23,LRCX.OQ,0.0010060362173038,benchmark
2020 COVID crash,1/N Equal Weight,benchmark,"B (point-in-time, the actual test)",not applicable,2020-02-19,2020-03-23,EME.N,0.0010060362173038,benchmark
2020 COVID crash,1/N Equal Weight,benchmark,"B (point-in-time, the actual test)",not applicable,2020-02-19,2020-03-23,JBHT.OQ,0.0010060362173038,benchmark
2020 COVID crash,1/N Equal Weight,benchmark,"B (point-in-time, the actual test)",not applicable,2020-02-19,2020-03-23,ITW.N,0.0010060362173038,benchmark
2020 COVID crash,1/N Equal Weight,benchmark,"B (point-in-time, the actual test)",not applicable,2020-02-19,2020-03-23,J.N,0.0010060362173038,benchmark
2020 COVID crash,1/N Equal Weight,benchmark,"B (point-in-time, the actual test)",not applicable,2020-02-19,2020-03-23,XEL.OQ,0.0010060362173038,benchmark
2020 COVID crash,1/N Equal Weight,benchmark,"B (point-in-time, the actual test)",not applicable,2020-02-19,2020-03-23,APH.N,0.0010060362173038,benchmark
2020 COVID crash,1/N Equal Weight,benchmark,"B (point-in-time, the actual test)",not applicable,2020-02-19,2020-03-23,STT.N,0.0010060362173038,benchmark
2020 COVID crash,1/N Equal Weight,benchmark,"B (point-in-time, the actual test)",not applicable,2020-02-19,2020-03-23,ZTS.N,0.0010060362173038,benchmark
2020 COVID crash,1/N Equal Weight,benchmark,"B (point-in-time, the actual test)",not applicable,2020-02-19,2020-03-23,SBAC.OQ,0.0010060362173038,benchmark
2020 COVID crash,1/N Equal Weight,benchmark,"B (point-in-time, the actual test)",not applicable,2020-02-19,2020-03-23,GEN.OQ,0.0010060362173038,benchmark
2020 COVID crash,1/N Equal Weight,benchmark,"B (point-in-time, the actual test)",not applicable,2020-02-19,2020-03-23,NVDA.OQ,0.0010060362173038,benchmark
2020 COVID crash,1/N Equal Weight,benchmark,"B (point-in-time, the actual test)",not applicable,2020-02-19,2020-03-23,AAPL.OQ,0.0010060362173038,benchmark
2020 COVID crash,1/N Equal Weight,benchmark,"B (point-in-time, the actual test)",not applicable,2020-02-19,2020-03-23,MAS.N,0.0010060362173038,benchmark
2020 COVID crash,1/N Equal Weight,benchmark,"B (point-in-time, the actual test)",not applicable,2020-02-19,2020-03-23,NUE.N,0.0010060362173038,benchmark
2020 COVID crash,1/N Equal Weight,benchmark,"B (point-in-time, the actual test)",not applicable,2020-02-19,2020-03-23,PPG.N,0.0010060362173038,benchmark
2020 COVID crash,1/N Equal Weight,benchmark,"B (point-in-time, the actual test)",not applicable,2020-02-19,2020-03-23,IRM.N,0.0010060362173038,benchmark
2020 COVID crash,1/N Equal Weight,benchmark,"B (point-in-time, the actual test)",not applicable,2020-02-19,2020-03-23,VMC.N,0.0010060362173038,benchmark
2020 COVID crash,1/N Equal Weight,benchmark,"B (point-in-time, the actual test)",not applicable,2020-02-19,2020-03-23,SCHW.N,0.0010060362173038,benchmark
2020 COVID crash,1/N Equal Weight,benchmark,"B (point-in-time, the actual test)",not applicable,2020-02-19,2020-03-23,A.N,0.0010060362173038,benchmark
2020 COVID crash,1/N Equal Weight,benchmark,"B (point-in-time, the actual test)",not applicable,2020-02-19,2020-03-23,SYY.N,0.0010060362173038,benchmark
2020 COVID crash,1/N Equal Weight,benchmark,"B (point-in-time, the actual test)",not applicable,2020-02-19,2020-03-23,ROP.OQ,0.0010060362173038,benchmark
2020 COVID crash,1/N Equal Weight,benchmark,"B (point-in-time, the actual test)",not applicable,2020-02-19,2020-03-23,ON.OQ,0.0010060362173038,benchmark
2020 COVID crash,1/N Equal Weight,benchmark,"B (point-in-time, the actual test)",not applicable,2020-02-19,2020-03-23,SRE.N,0.0010060362173038,benchmark
2020 COVID crash,1/N Equal Weight,benchmark,"B (point-in-time, the actual test)",not applicable,2020-02-19,2020-03-23,PSKY.OQ,0.0010060362173038,benchmark
2020 COVID crash,1/N Equal Weight,benchmark,"B (point-in-time, the actual test)",not applicable,2020-02-19,2020-03-23,PCG.N,0.0010060362173038,benchmark
2020 COVID crash,1/N Equal Weight,benchmark,"B (point-in-time, the actual test)",not applicable,2020-02-19,2020-03-23,KEY.N,0.0010060362173038,benchmark
2020 COVID crash,1/N Equal Weight,benchmark,"B (point-in-time, the actual test)",not applicable,2020-02-19,2020-03-23,MRSH.N,0.0010060362173038,benchmark
2020 COVID crash,1/N Equal Weight,benchmark,"B (point-in-time, the actual test)",not applicable,2020-02-19,2020-03-23,MCD.N,0.0010060362173038,benchmark
2020 COVID crash,1/N Equal Weight,benchmark,"B (point-in-time, the actual test)",not applicable,2020-02-19,2020-03-23,ULTA.OQ,0.0010060362173038,benchmark
2020 COVID crash,1/N Equal Weight,benchmark,"B (point-in-time, the actual test)",not applicable,2020-02-19,2020-03-23,TDG.N,0.0010060362173038,benchmark
2020 COVID crash,1/N Equal Weight,benchmark,"B (point-in-time, the actual test)",not applicable,2020-02-19,2020-03-23,AXP.N,0.0010060362173038,benchmark
2020 COVID crash,1/N Equal Weight,benchmark,"B (point-in-time, the actual test)",not applicable,2020-02-19,2020-03-23,MOS.N,0.0010060362173038,benchmark
2020 COVID crash,1/N Equal Weight,benchmark,"B (point-in-time, the actual test)",not applicable,2020-02-19,2020-03-23,AVGO.OQ,0.0010060362173038,benchmark
2020 COVID crash,1/N Equal Weight,benchmark,"B (point-in-time, the actual test)",not applicable,2020-02-19,2020-03-23,CAT.N,0.0010060362173038,benchmark
2020 COVID crash,1/N Equal Weight,benchmark,"B (point-in-time, the actual test)",not applicable,2020-02-19,2020-03-23,UNH.N,0.0010060362173038,benchmark
2020 COVID crash,1/N Equal Weight,benchmark,"B (point-in-time, the actual test)",not applicable,2020-02-19,2020-03-23,NWS.OQ,0.0010060362173038,benchmark
2020 COVID crash,1/N Equal Weight,benchmark,"B (point-in-time, the actual test)",not applicable,2020-02-19,2020-03-23,WMB.N,0.0010060362173038,benchmark
2020 COVID crash,1/N Equal Weight,benchmark,"B (point-in-time, the actual test)",not applicable,2020-02-19,2020-03-23,MAA.N,0.0010060362173038,benchmark
2020 COVID crash,1/N Equal Weight,benchmark,"B (point-in-time, the actual test)",not applicable,2020-02-19,2020-03-23,GDDY.N,0.0010060362173038,benchmark
2020 COVID crash,1/N Equal Weight,benchmark,"B (point-in-time, the actual test)",not applicable,2020-02-19,2020-03-23,GL.N,0.0010060362173038,benchmark
2020 COVID crash,1/N Equal Weight,benchmark,"B (point-in-time, the actual test)",not applicable,2020-02-19,2020-03-23,SPGI.N,0.0010060362173038,benchmark
2020 COVID crash,1/N Equal Weight,benchmark,"B (point-in-time, the actual test)",not applicable,2020-02-19,2020-03-23,CHTR.OQ,0.0010060362173038,benchmark
2020 COVID crash,1/N Equal Weight,benchmark,"B (point-in-time, the actual test)",not applicable,2020-02-19,2020-03-23,WYNN.OQ,0.0010060362173038,benchmark
2020 COVID crash,1/N Equal Weight,benchmark,"B (point-in-time, the actual test)",not applicable,2020-02-19,2020-03-23,HD.N,0.0010060362173038,benchmark
2020 COVID crash,1/N Equal Weight,benchmark,"B (point-in-time, the actual test)",not applicable,2020-02-19,2020-03-23,HSIC.OQ,0.0010060362173038,benchmark
2020 COVID crash,1/N Equal Weight,benchmark,"B (point-in-time, the actual test)",not applicable,2020-02-19,2020-03-23,HSY.N,0.0010060362173038,benchmark
2020 COVID crash,1/N Equal Weight,benchmark,"B (point-in-time, the actual test)",not applicable,2020-02-19,2020-03-23,KMB.OQ,0.0010060362173038,benchmark
2020 COVID crash,1/N Equal Weight,benchmark,"B (point-in-time, the actual test)",not applicable,2020-02-19,2020-03-23,EOG.N,0.0010060362173038,benchmark
2020 COVID crash,1/N Equal Weight,benchmark,"B (point-in-time, the actual test)",not applicable,2020-02-19,2020-03-23,FTNT.OQ,0.0010060362173038,benchmark
2020 COVID crash,1/N Equal Weight,benchmark,"B (point-in-time, the actual test)",not applicable,2020-02-19,2020-03-23,CRL.N,0.0010060362173038,benchmark
2020 COVID crash,1/N Equal Weight,benchmark,"B (point-in-time, the actual test)",not applicable,2020-02-19,2020-03-23,ZBH.N,0.0010060362173038,benchmark
2020 COVID crash,1/N Equal Weight,benchmark,"B (point-in-time, the actual test)",not applicable,2020-02-19,2020-03-23,LYV.N,0.0010060362173038,benchmark
2020 COVID crash,1/N Equal Weight,benchmark,"B (point-in-time, the actual test)",not applicable,2020-02-19,2020-03-23,POOL.OQ,0.0010060362173038,benchmark
2020 COVID crash,1/N Equal Weight,benchmark,"B (point-in-time, the actual test)",not applicable,2020-02-19,2020-03-23,BNY.N,0.0010060362173038,benchmark
2020 COVID crash,1/N Equal Weight,benchmark,"B (point-in-time, the actual test)",not applicable,2020-02-19,2020-03-23,ATO.N,0.0010060362173038,benchmark
2020 COVID crash,1/N Equal Weight,benchmark,"B (point-in-time, the actual test)",not applicable,2020-02-19,2020-03-23,VRTX.OQ,0.0010060362173038,benchmark
2020 COVID crash,1/N Equal Weight,benchmark,"B (point-in-time, the actual test)",not applicable,2020-02-19,2020-03-23,D.N,0.0010060362173038,benchmark
2020 COVID crash,1/N Equal Weight,benchmark,"B (point-in-time, the actual test)",not applicable,2020-02-19,2020-03-23,HRL.N,0.0010060362173038,benchmark
2020 COVID crash,1/N Equal Weight,benchmark,"B (point-in-time, the actual test)",not applicable,2020-02-19,2020-03-23,BBY.N,0.0010060362173038,benchmark
2020 COVID crash,1/N Equal Weight,benchmark,"B (point-in-time, the actual test)",not applicable,2020-02-19,2020-03-23,IT.N,0.0010060362173038,benchmark
2020 COVID crash,1/N Equal Weight,benchmark,"B (point-in-time, the actual test)",not applicable,2020-02-19,2020-03-23,WRB.N,0.0010060362173038,benchmark
2020 COVID crash,1/N Equal Weight,benchmark,"B (point-in-time, the actual test)",not applicable,2020-02-19,2020-03-23,WTW.OQ,0.0010060362173038,benchmark
2020 COVID crash,1/N Equal Weight,benchmark,"B (point-in-time, the actual test)",not applicable,2020-02-19,2020-03-23,PNR.N,0.0010060362173038,benchmark
2020 crash + recovery,Risk Averse,Minimum variance,"B (point-in-time, the actual test)",cap off,2020-02-19,2020-08-31,BCVN.S,0.0653835579252279,FEASIBLE
2020 crash + recovery,Risk Averse,Minimum variance,"B (point-in-time, the actual test)",cap off,2020-02-19,2020-08-31,PSA.N,0.0602722533656986,FEASIBLE
2020 crash + recovery,Risk Averse,Minimum variance,"B (point-in-time, the actual test)",cap off,2020-02-19,2020-08-31,MOBN.S,0.0491134481463917,FEASIBLE
2020 crash + recovery,Risk Averse,Minimum variance,"B (point-in-time, the actual test)",cap off,2020-02-19,2020-08-31,EVRG.OQ,0.0468115445048979,FEASIBLE
2020 crash + recovery,Risk Averse,Minimum variance,"B (point-in-time, the actual test)",cap off,2020-02-19,2020-08-31,NEM.N,0.0403458747525033,FEASIBLE
2020 crash + recovery,Risk Averse,Minimum variance,"B (point-in-time, the actual test)",cap off,2020-02-19,2020-08-31,NEE.N,0.0360393788991063,FEASIBLE
2020 crash + recovery,Risk Averse,Minimum variance,"B (point-in-time, the actual test)",cap off,2020-02-19,2020-08-31,CPG.L,0.0347617492727053,FEASIBLE
2020 crash + recovery,Risk Averse,Minimum variance,"B (point-in-time, the actual test)",cap off,2020-02-19,2020-08-31,SO.N,0.0298866746115359,FEASIBLE
2020 crash + recovery,Risk Averse,Minimum variance,"B (point-in-time, the actual test)",cap off,2020-02-19,2020-08-31,TEGG.DE,0.0264746790966032,FEASIBLE
2020 crash + recovery,Risk Averse,Minimum variance,"B (point-in-time, the actual test)",cap off,2020-02-19,2020-08-31,INGP.WA,0.0247951899515638,FEASIBLE
2020 crash + recovery,Risk Averse,Minimum variance,"B (point-in-time, the actual test)",cap off,2020-02-19,2020-08-31,LISP.S,0.0228574981767845,FEASIBLE
2020 crash + recovery,Risk Averse,Minimum variance,"B (point-in-time, the actual test)",cap off,2020-02-19,2020-08-31,HBANC.S,0.0218755367329742,FEASIBLE
2020 crash + recovery,Risk Averse,Minimum variance,"B (point-in-time, the actual test)",cap off,2020-02-19,2020-08-31,PHP.L,0.0205134904945526,FEASIBLE
2020 crash + recovery,Risk Averse,Minimum variance,"B (point-in-time, the actual test)",cap off,2020-02-19,2020-08-31,SYY.N,0.0199498918614366,FEASIBLE
2020 crash + recovery,Risk Averse,Minimum variance,"B (point-in-time, the actual test)",cap off,2020-02-19,2020-08-31,MTB.N,0.0185770034198561,FEASIBLE
2020 crash + recovery,Risk Averse,Minimum variance,"B (point-in-time, the actual test)",cap off,2020-02-19,2020-08-31,KEMIRA.HE,0.017097248229903,FEASIBLE
2020 crash + recovery,Risk Averse,Minimum variance,"B (point-in-time, the actual test)",cap off,2020-02-19,2020-08-31,BG.N,0.0168354697294626,FEASIBLE
2020 crash + recovery,Risk Averse,Minimum variance,"B (point-in-time, the actual test)",cap off,2020-02-19,2020-08-31,AD.AS,0.0167531833127047,FEASIBLE
2020 crash + recovery,Risk Averse,Minimum variance,"B (point-in-time, the actual test)",cap off,2020-02-19,2020-08-31,CBOE.Z,0.0161963544160433,FEASIBLE
2020 crash + recovery,Risk Averse,Minimum variance,"B (point-in-time, the actual test)",cap off,2020-02-19,2020-08-31,DUK.N,0.0154781578533932,FEASIBLE
2020 crash + recovery,Risk Averse,Minimum variance,"B (point-in-time, the actual test)",cap off,2020-02-19,2020-08-31,D.N,0.0153561010958031,FEASIBLE
2020 crash + recovery,Risk Averse,Minimum variance,"B (point-in-time, the actual test)",cap off,2020-02-19,2020-08-31,VID.MC,0.014653547782822,FEASIBLE
2020 crash + recovery,Risk Averse,Minimum variance,"B (point-in-time, the actual test)",cap off,2020-02-19,2020-08-31,EDPR.LS,0.0131784072812643,FEASIBLE
2020 crash + recovery,Risk Averse,Minimum variance,"B (point-in-time, the actual test)",cap off,2020-02-19,2020-08-31,OXY.N,0.0131580461388241,FEASIBLE
2020 crash + recovery,Risk Averse,Minimum variance,"B (point-in-time, the actual test)",cap off,2020-02-19,2020-08-31,SRENH.S,0.0129822238944474,FEASIBLE
2020 crash + recovery,Risk Averse,Minimum variance,"B (point-in-time, the actual test)",cap off,2020-02-19,2020-08-31,CME.OQ,0.0124822889295955,FEASIBLE
2020 crash + recovery,Risk Averse,Minimum variance,"B (point-in-time, the actual test)",cap off,2020-02-19,2020-08-31,STZ.N,0.011956851502748,FEASIBLE
2020 crash + recovery,Risk Averse,Minimum variance,"B (point-in-time, the actual test)",cap off,2020-02-19,2020-08-31,YUM.N,0.011438554152641,FEASIBLE
2020 crash + recovery,Risk Averse,Minimum variance,"B (point-in-time, the actual test)",cap off,2020-02-19,2020-08-31,PM.N,0.0113702757920735,FEASIBLE
2020 crash + recovery,Risk Averse,Minimum variance,"B (point-in-time, the actual test)",cap off,2020-02-19,2020-08-31,LMT.N,0.0105680025291433,FEASIBLE
2020 crash + recovery,Risk Averse,Minimum variance,"B (point-in-time, the actual test)",cap off,2020-02-19,2020-08-31,WBD.OQ,0.0103192011338647,FEASIBLE
2020 crash + recovery,Risk Averse,Minimum variance,"B (point-in-time, the actual test)",cap off,2020-02-19,2020-08-31,F.N,0.0103054544410644,FEASIBLE
2020 crash + recovery,Risk Averse,Minimum variance,"B (point-in-time, the actual test)",cap off,2020-02-19,2020-08-31,RSG.N,0.0102949866244133,FEASIBLE
2020 crash + recovery,Risk Averse,Minimum variance,"B (point-in-time, the actual test)",cap off,2020-02-19,2020-08-31,CHD.N,0.010282843807741,FEASIBLE
2020 crash + recovery,Risk Averse,Minimum variance,"B (point-in-time, the actual test)",cap off,2020-02-19,2020-08-31,ROPC.S,0.0102794581141667,FEASIBLE
2020 crash + recovery,Risk Averse,Minimum variance,"B (point-in-time, the actual test)",cap off,2020-02-19,2020-08-31,GEBN.S,0.01023558143922,FEASIBLE
2020 crash + recovery,Risk Averse,Minimum variance,"B (point-in-time, the actual test)",cap off,2020-02-19,2020-08-31,EG.N,0.010188948571962,FEASIBLE
2020 crash + recovery,Risk Averse,Minimum variance,"B (point-in-time, the actual test)",cap off,2020-02-19,2020-08-31,IMB.L,0.0101738204332732,FEASIBLE
2020 crash + recovery,Risk Averse,Minimum variance,"B (point-in-time, the actual test)",cap off,2020-02-19,2020-08-31,AEP.OQ,0.010135261202675,FEASIBLE
2020 crash + recovery,Risk Averse,Minimum variance,"B (point-in-time, the actual test)",cap off,2020-02-19,2020-08-31,PSON.L,0.0101111319406171,FEASIBLE
2020 crash + recovery,Risk Averse,Minimum variance,"B (point-in-time, the actual test)",cap off,2020-02-19,2020-08-31,UCB.BR,0.0101109852849564,FEASIBLE
2020 crash + recovery,Risk Averse,Minimum variance,"B (point-in-time, the actual test)",cap off,2020-02-19,2020-08-31,SBNOR.OL,0.0101005894905994,FEASIBLE
2020 crash + recovery,Risk Averse,Minimum variance,"B (point-in-time, the actual test)",cap off,2020-02-19,2020-08-31,HSY.N,0.0100639565140321,FEASIBLE
2020 crash + recovery,Risk Averse,Minimum variance,"B (point-in-time, the actual test)",cap off,2020-02-19,2020-08-31,LOTB.BR,0.0100633808006244,FEASIBLE
2020 crash + recovery,Risk Averse,Minimum variance,"B (point-in-time, the actual test)",cap off,2020-02-19,2020-08-31,DRI.N,0.0100364029749405,FEASIBLE
2020 crash + recovery,Risk Averse,Minimum variance,"B (point-in-time, the actual test)",cap off,2020-02-19,2020-08-31,PUBP.PA,0.0100282470853147,FEASIBLE
2020 crash + recovery,Risk Averse,Minimum variance,"B (point-in-time, the actual test)",cap off,2020-02-19,2020-08-31,PSPN.S,0.0100228600197447,FEASIBLE
2020 crash + recovery,Risk Averse,Minimum variance,"B (point-in-time, the actual test)",cap off,2020-02-19,2020-08-31,CASY.OQ,0.0100216028324068,FEASIBLE
2020 crash + recovery,Risk Averse,Minimum variance,"B (point-in-time, the actual test)",cap off,2020-02-19,2020-08-31,ACPP.WA,0.0100128204947724,FEASIBLE
2020 crash + recovery,Risk Averse,Minimum variance,"B (point-in-time, the actual test)",cap off,2020-02-19,2020-08-31,DECK.N,0.0100100421751886,FEASIBLE
2020 crash + recovery,Risk Averse,Minimum variance,"B (point-in-time, the actual test)",cap off,2020-02-19,2020-08-31,AZO.N,0.0100096817718471,FEASIBLE
2020 crash + recovery,Risk Averse,Minimum variance,"B (point-in-time, the actual test)",cap off,2020-02-19,2020-08-31,ALKb.CO,0.0100091461679071,FEASIBLE
2020 crash + recovery,Risk Averse,Minimum variance,"B (point-in-time, the actual test)",cap off,2020-02-19,2020-08-31,ULTA.OQ,0.010006636027774,FEASIBLE
2020 crash + recovery,Risk Averse,Minimum variance,"B (point-in-time, the actual test)",cap off,2020-02-19,2020-08-31,BIIB.OQ,0.0100065470502657,FEASIBLE
2020 crash + recovery,Risk Averse,Minimum variance,"B (point-in-time, the actual test)",cap off,2020-02-19,2020-08-31,BFT.WA,0.0100051035198995,FEASIBLE
2020 crash + recovery,Risk Averse,Minimum variance,"B (point-in-time, the actual test)",cap off,2020-02-19,2020-08-31,CNA.L,0.0100020144558746,FEASIBLE
2020 crash + recovery,Risk Averse,Minimum variance,"B (point-in-time, the actual test)",cap off,2020-02-19,2020-08-31,PAFR.L,0.0100008117721449,FEASIBLE
2020 crash + recovery,Neutral,Maximum return/risk ratio,"B (point-in-time, the actual test)",cap off,2020-02-19,2020-08-31,NEE.N,0.1579831558259455,OPTIMAL
2020 crash + recovery,Neutral,Maximum return/risk ratio,"B (point-in-time, the actual test)",cap off,2020-02-19,2020-08-31,WDPP.BR,0.0741388811179197,OPTIMAL
2020 crash + recovery,Neutral,Maximum return/risk ratio,"B (point-in-time, the actual test)",cap off,2020-02-19,2020-08-31,AMT.N,0.0492491784456789,OPTIMAL
2020 crash + recovery,Neutral,Maximum return/risk ratio,"B (point-in-time, the actual test)",cap off,2020-02-19,2020-08-31,DECK.N,0.044461349854236,OPTIMAL
2020 crash + recovery,Neutral,Maximum return/risk ratio,"B (point-in-time, the actual test)",cap off,2020-02-19,2020-08-31,ORSTED.CO,0.0430321855837117,OPTIMAL
2020 crash + recovery,Neutral,Maximum return/risk ratio,"B (point-in-time, the actual test)",cap off,2020-02-19,2020-08-31,ALSO.PA,0.0414576765623233,OPTIMAL
2020 crash + recovery,Neutral,Maximum return/risk ratio,"B (point-in-time, the actual test)",cap off,2020-02-19,2020-08-31,TEGG.DE,0.0393404806390021,OPTIMAL
2020 crash + recovery,Neutral,Maximum return/risk ratio,"B (point-in-time, the actual test)",cap off,2020-02-19,2020-08-31,EDPR.LS,0.0376595187933989,OPTIMAL
2020 crash + recovery,Neutral,Maximum return/risk ratio,"B (point-in-time, the actual test)",cap off,2020-02-19,2020-08-31,GAW.L,0.0374918536606389,OPTIMAL
2020 crash + recovery,Neutral,Maximum return/risk ratio,"B (point-in-time, the actual test)",cap off,2020-02-19,2020-08-31,VID.MC,0.0330220853338481,OPTIMAL
2020 crash + recovery,Neutral,Maximum return/risk ratio,"B (point-in-time, the actual test)",cap off,2020-02-19,2020-08-31,NESTE.HE,0.0312956758791981,OPTIMAL
2020 crash + recovery,Neutral,Maximum return/risk ratio,"B (point-in-time, the actual test)",cap off,2020-02-19,2020-08-31,WEC.N,0.0310402754042583,OPTIMAL
2020 crash + recovery,Neutral,Maximum return/risk ratio,"B (point-in-time, the actual test)",cap off,2020-02-19,2020-08-31,EVOG.ST,0.0297429017979812,OPTIMAL
2020 crash + recovery,Neutral,Maximum return/risk ratio,"B (point-in-time, the actual test)",cap off,2020-02-19,2020-08-31,CLNX.MC,0.0293735201983131,OPTIMAL
2020 crash + recovery,Neutral,Maximum return/risk ratio,"B (point-in-time, the actual test)",cap off,2020-02-19,2020-08-31,CPRT.OQ,0.0247904110546041,OPTIMAL
2020 crash + recovery,Neutral,Maximum return/risk ratio,"B (point-in-time, the actual test)",cap off,2020-02-19,2020-08-31,CME.OQ,0.0238914648088447,OPTIMAL
2020 crash + recovery,Neutral,Maximum return/risk ratio,"B (point-in-time, the actual test)",cap off,2020-02-19,2020-08-31,ARGX.BR,0.0226507424203906,OPTIMAL
2020 crash + recovery,Neutral,Maximum return/risk ratio,"B (point-in-time, the actual test)",cap off,2020-02-19,2020-08-31,CSGP.OQ,0.0226347426687737,OPTIMAL
2020 crash + recovery,Neutral,Maximum return/risk ratio,"B (point-in-time, the actual test)",cap off,2020-02-19,2020-08-31,NEM.N,0.0225279766633798,OPTIMAL
2020 crash + recovery,Neutral,Maximum return/risk ratio,"B (point-in-time, the actual test)",cap off,2020-02-19,2020-08-31,GTT.PA,0.0165561253457731,OPTIMAL
2020 crash + recovery,Neutral,Maximum return/risk ratio,"B (point-in-time, the actual test)",cap off,2020-02-19,2020-08-31,COST.OQ,0.0164363346584468,OPTIMAL
2020 crash + recovery,Neutral,Maximum return/risk ratio,"B (point-in-time, the actual test)",cap off,2020-02-19,2020-08-31,IBE.MC,0.0159740147440402,OPTIMAL
2020 crash + recovery,Neutral,Maximum return/risk ratio,"B (point-in-time, the actual test)",cap off,2020-02-19,2020-08-31,LULU.OQ,0.0155908115445064,OPTIMAL
2020 crash + recovery,Neutral,Maximum return/risk ratio,"B (point-in-time, the actual test)",cap off,2020-02-19,2020-08-31,ES.N,0.0129828569162366,OPTIMAL
2020 crash + recovery,Neutral,Maximum return/risk ratio,"B (point-in-time, the actual test)",cap off,2020-02-19,2020-08-31,PLUSP.L,0.0124538447421668,OPTIMAL
2020 crash + recovery,Neutral,Maximum return/risk ratio,"B (point-in-time, the actual test)",cap off,2020-02-19,2020-08-31,MKC.N,0.0112860896769923,OPTIMAL
2020 crash + recovery,Neutral,Maximum return/risk ratio,"B (point-in-time, the actual test)",cap off,2020-02-19,2020-08-31,UTG.L,0.01126516150926,OPTIMAL
2020 crash + recovery,Neutral,Maximum return/risk ratio,"B (point-in-time, the actual test)",cap off,2020-02-19,2020-08-31,ELV.N,0.0109462594656675,OPTIMAL
2020 crash + recovery,Neutral,Maximum return/risk ratio,"B (point-in-time, the actual test)",cap off,2020-02-19,2020-08-31,PGR.N,0.0104842139783433,OPTIMAL
2020 crash + recovery,Neutral,Maximum return/risk ratio,"B (point-in-time, the actual test)",cap off,2020-02-19,2020-08-31,ZURN.S,0.0100869337850123,OPTIMAL
2020 crash + recovery,Neutral,Maximum return/risk ratio,"B (point-in-time, the actual test)",cap off,2020-02-19,2020-08-31,GIVN.S,0.0100817027410309,OPTIMAL
2020 crash + recovery,Neutral,Maximum return/risk ratio,"B (point-in-time, the actual test)",cap off,2020-02-19,2020-08-31,LHX.N,0.0100375042158993,OPTIMAL
2020 crash + recovery,Neutral,Maximum return/risk ratio,"B (point-in-time, the actual test)",cap off,2020-02-19,2020-08-31,AZN.L,0.0100256732704611,OPTIMAL
2020 crash + recovery,Neutral,Maximum return/risk ratio,"B (point-in-time, the actual test)",cap off,2020-02-19,2020-08-31,PODD.OQ,0.0100079170591949,OPTIMAL
2020 crash + recovery,Neutral,Maximum return/risk ratio,"B (point-in-time, the actual test)",cap off,2020-02-19,2020-08-31,TPL.N,0.0100003390020521,OPTIMAL
2020 crash + recovery,Neutral,Maximum return/risk ratio,"B (point-in-time, the actual test)",cap off,2020-02-19,2020-08-31,KDP.OQ,0.0100001406324683,OPTIMAL
2020 crash + recovery,Risk Prone,Highest non-degenerate return,"B (point-in-time, the actual test)",cap off,2020-02-19,2020-08-31,KDP.OQ,0.2,OPTIMAL
2020 crash + recovery,Risk Prone,Highest non-degenerate return,"B (point-in-time, the actual test)",cap off,2020-02-19,2020-08-31,ARGX.BR,0.2,OPTIMAL
2020 crash + recovery,Risk Prone,Highest non-degenerate return,"B (point-in-time, the actual test)",cap off,2020-02-19,2020-08-31,MSFT.OQ,0.1698445194585855,OPTIMAL
2020 crash + recovery,Risk Prone,Highest non-degenerate return,"B (point-in-time, the actual test)",cap off,2020-02-19,2020-08-31,GAW.L,0.1001554805414143,OPTIMAL
2020 crash + recovery,Risk Prone,Highest non-degenerate return,"B (point-in-time, the actual test)",cap off,2020-02-19,2020-08-31,PODD.OQ,0.0799999999999999,OPTIMAL
2020 crash + recovery,Risk Prone,Highest non-degenerate return,"B (point-in-time, the actual test)",cap off,2020-02-19,2020-08-31,SATG_p.DE,0.01,OPTIMAL
2020 crash + recovery,Risk Prone,Highest non-degenerate return,"B (point-in-time, the actual test)",cap off,2020-02-19,2020-08-31,PUMG.DE,0.01,OPTIMAL
2020 crash + recovery,Risk Prone,Highest non-degenerate return,"B (point-in-time, the actual test)",cap off,2020-02-19,2020-08-31,LRCX.OQ,0.01,OPTIMAL
2020 crash + recovery,Risk Prone,Highest non-degenerate return,"B (point-in-time, the actual test)",cap off,2020-02-19,2020-08-31,AMD.OQ,0.01,OPTIMAL
2020 crash + recovery,Risk Prone,Highest non-degenerate return,"B (point-in-time, the actual test)",cap off,2020-02-19,2020-08-31,MA.N,0.01,OPTIMAL
2020 crash + recovery,Risk Prone,Highest non-degenerate return,"B (point-in-time, the actual test)",cap off,2020-02-19,2020-08-31,DXCM.OQ,0.01,OPTIMAL
2020 crash + recovery,Risk Prone,Highest non-degenerate return,"B (point-in-time, the actual test)",cap off,2020-02-19,2020-08-31,CDNS.OQ,0.01,OPTIMAL
2020 crash + recovery,Risk Prone,Highest non-degenerate return,"B (point-in-time, the actual test)",cap off,2020-02-19,2020-08-31,CSGP.OQ,0.01,OPTIMAL
2020 crash + recovery,Risk Prone,Highest non-degenerate return,"B (point-in-time, the actual test)",cap off,2020-02-19,2020-08-31,PYPL.OQ,0.01,OPTIMAL
2020 crash + recovery,Risk Prone,Highest non-degenerate return,"B (point-in-time, the actual test)",cap off,2020-02-19,2020-08-31,DECK.N,0.01,OPTIMAL
2020 crash + recovery,Risk Prone,Highest non-degenerate return,"B (point-in-time, the actual test)",cap off,2020-02-19,2020-08-31,NOW.N,0.01,OPTIMAL
2020 crash + recovery,Risk Prone,Highest non-degenerate return,"B (point-in-time, the actual test)",cap off,2020-02-19,2020-08-31,ASMI.AS,0.01,OPTIMAL
2020 crash + recovery,Risk Prone,Highest non-degenerate return,"B (point-in-time, the actual test)",cap off,2020-02-19,2020-08-31,LONN.S,0.01,OPTIMAL
2020 crash + recovery,Risk Prone,Highest non-degenerate return,"B (point-in-time, the actual test)",cap off,2020-02-19,2020-08-31,ALSO.PA,0.01,OPTIMAL
2020 crash + recovery,Risk Prone,Highest non-degenerate return,"B (point-in-time, the actual test)",cap off,2020-02-19,2020-08-31,WDPP.BR,0.01,OPTIMAL
2020 crash + recovery,Risk Prone,Highest non-degenerate return,"B (point-in-time, the actual test)",cap off,2020-02-19,2020-08-31,NESTE.HE,0.01,OPTIMAL
2020 crash + recovery,Risk Prone,Highest non-degenerate return,"B (point-in-time, the actual test)",cap off,2020-02-19,2020-08-31,MTXGn.DE,0.01,OPTIMAL
2020 crash + recovery,Risk Prone,Highest non-degenerate return,"B (point-in-time, the actual test)",cap off,2020-02-19,2020-08-31,PRTP.PA,0.01,OPTIMAL
2020 crash + recovery,Risk Prone,Highest non-degenerate return,"B (point-in-time, the actual test)",cap off,2020-02-19,2020-08-31,ARDS.AS,0.01,OPTIMAL
2020 crash + recovery,Risk Prone,Highest non-degenerate return,"B (point-in-time, the actual test)",cap off,2020-02-19,2020-08-31,STMMI.MI,0.01,OPTIMAL
2020 crash + recovery,Risk Prone,Highest non-degenerate return,"B (point-in-time, the actual test)",cap off,2020-02-19,2020-08-31,EDEN.PA,0.01,OPTIMAL
2020 crash + recovery,Risk Prone,Highest non-degenerate return,"B (point-in-time, the actual test)",cap off,2020-02-19,2020-08-31,EVOG.ST,0.01,OPTIMAL
2020 crash + recovery,Risk Prone,Highest non-degenerate return,"B (point-in-time, the actual test)",cap off,2020-02-19,2020-08-31,CLNX.MC,0.01,OPTIMAL
2020 crash + recovery,Risk Prone,Highest non-degenerate return,"B (point-in-time, the actual test)",cap off,2020-02-19,2020-08-31,LSEG.L,0.01,OPTIMAL
2020 crash + recovery,Risk Prone,Highest non-degenerate return,"B (point-in-time, the actual test)",cap off,2020-02-19,2020-08-31,SPGI.N,0.01,OPTIMAL
2020 crash + recovery,Neutral,Maximum return/risk ratio,"B (point-in-time, the actual test)",cap 25%,2020-02-19,2020-08-31,NEE.N,0.1574169441999502,OPTIMAL
2020 crash + recovery,Neutral,Maximum return/risk ratio,"B (point-in-time, the actual test)",cap 25%,2020-02-19,2020-08-31,WDPP.BR,0.0748090761221034,OPTIMAL
2020 crash + recovery,Neutral,Maximum return/risk ratio,"B (point-in-time, the actual test)",cap 25%,2020-02-19,2020-08-31,AMT.N,0.0512287513209374,OPTIMAL
2020 crash + recovery,Neutral,Maximum return/risk ratio,"B (point-in-time, the actual test)",cap 25%,2020-02-19,2020-08-31,DECK.N,0.0446991375614146,OPTIMAL
2020 crash + recovery,Neutral,Maximum return/risk ratio,"B (point-in-time, the actual test)",cap 25%,2020-02-19,2020-08-31,ORSTED.CO,0.043697164201528,OPTIMAL
2020 crash + recovery,Neutral,Maximum return/risk ratio,"B (point-in-time, the actual test)",cap 25%,2020-02-19,2020-08-31,ALSO.PA,0.0429710204908037,OPTIMAL
2020 crash + recovery,Neutral,Maximum return/risk ratio,"B (point-in-time, the actual test)",cap 25%,2020-02-19,2020-08-31,EDPR.LS,0.0386134231587768,OPTIMAL
2020 crash + recovery,Neutral,Maximum return/risk ratio,"B (point-in-time, the actual test)",cap 25%,2020-02-19,2020-08-31,TEGG.DE,0.0380382394766287,OPTIMAL
2020 crash + recovery,Neutral,Maximum return/risk ratio,"B (point-in-time, the actual test)",cap 25%,2020-02-19,2020-08-31,GAW.L,0.0379622116007238,OPTIMAL
2020 crash + recovery,Neutral,Maximum return/risk ratio,"B (point-in-time, the actual test)",cap 25%,2020-02-19,2020-08-31,VID.MC,0.0344694946861454,OPTIMAL
2020 crash + recovery,Neutral,Maximum return/risk ratio,"B (point-in-time, the actual test)",cap 25%,2020-02-19,2020-08-31,NESTE.HE,0.0330088091866994,OPTIMAL
2020 crash + recovery,Neutral,Maximum return/risk ratio,"B (point-in-time, the actual test)",cap 25%,2020-02-19,2020-08-31,WEC.N,0.0303521991907078,OPTIMAL
2020 crash + recovery,Neutral,Maximum return/risk ratio,"B (point-in-time, the actual test)",cap 25%,2020-02-19,2020-08-31,CLNX.MC,0.0302414152004801,OPTIMAL
2020 crash + recovery,Neutral,Maximum return/risk ratio,"B (point-in-time, the actual test)",cap 25%,2020-02-19,2020-08-31,EVOG.ST,0.0300757746844149,OPTIMAL
2020 crash + recovery,Neutral,Maximum return/risk ratio,"B (point-in-time, the actual test)",cap 25%,2020-02-19,2020-08-31,CPRT.OQ,0.0255883007285078,OPTIMAL
2020 crash + recovery,Neutral,Maximum return/risk ratio,"B (point-in-time, the actual test)",cap 25%,2020-02-19,2020-08-31,CME.OQ,0.0240974068959681,OPTIMAL
2020 crash + recovery,Neutral,Maximum return/risk ratio,"B (point-in-time, the actual test)",cap 25%,2020-02-19,2020-08-31,CSGP.OQ,0.0240779271625226,OPTIMAL
2020 crash + recovery,Neutral,Maximum return/risk ratio,"B (point-in-time, the actual test)",cap 25%,2020-02-19,2020-08-31,ARGX.BR,0.0234968940740609,OPTIMAL
2020 crash + recovery,Neutral,Maximum return/risk ratio,"B (point-in-time, the actual test)",cap 25%,2020-02-19,2020-08-31,NEM.N,0.0225815477605921,OPTIMAL
2020 crash + recovery,Neutral,Maximum return/risk ratio,"B (point-in-time, the actual test)",cap 25%,2020-02-19,2020-08-31,COST.OQ,0.0176161515139059,OPTIMAL
2020 crash + recovery,Neutral,Maximum return/risk ratio,"B (point-in-time, the actual test)",cap 25%,2020-02-19,2020-08-31,GTT.PA,0.0173349550792111,OPTIMAL
2020 crash + recovery,Neutral,Maximum return/risk ratio,"B (point-in-time, the actual test)",cap 25%,2020-02-19,2020-08-31,LULU.OQ,0.0159715890685345,OPTIMAL
2020 crash + recovery,Neutral,Maximum return/risk ratio,"B (point-in-time, the actual test)",cap 25%,2020-02-19,2020-08-31,IBE.MC,0.0157165425444622,OPTIMAL
2020 crash + recovery,Neutral,Maximum return/risk ratio,"B (point-in-time, the actual test)",cap 25%,2020-02-19,2020-08-31,ES.N,0.0131908927948517,OPTIMAL
2020 crash + recovery,Neutral,Maximum return/risk ratio,"B (point-in-time, the actual test)",cap 25%,2020-02-19,2020-08-31,ELV.N,0.0130992234188684,OPTIMAL
2020 crash + recovery,Neutral,Maximum return/risk ratio,"B (point-in-time, the actual test)",cap 25%,2020-02-19,2020-08-31,PLUSP.L,0.0123724058851292,OPTIMAL
2020 crash + recovery,Neutral,Maximum return/risk ratio,"B (point-in-time, the actual test)",cap 25%,2020-02-19,2020-08-31,PGR.N,0.011807773349052,OPTIMAL
2020 crash + recovery,Neutral,Maximum return/risk ratio,"B (point-in-time, the actual test)",cap 25%,2020-02-19,2020-08-31,UTG.L,0.0116739709026649,OPTIMAL
2020 crash + recovery,Neutral,Maximum return/risk ratio,"B (point-in-time, the actual test)",cap 25%,2020-02-19,2020-08-31,GIVN.S,0.0111615720509159,OPTIMAL
2020 crash + recovery,Neutral,Maximum return/risk ratio,"B (point-in-time, the actual test)",cap 25%,2020-02-19,2020-08-31,MKC.N,0.011144786106854,OPTIMAL
2020 crash + recovery,Neutral,Maximum return/risk ratio,"B (point-in-time, the actual test)",cap 25%,2020-02-19,2020-08-31,ZURN.S,0.0107914228359904,OPTIMAL
2020 crash + recovery,Neutral,Maximum return/risk ratio,"B (point-in-time, the actual test)",cap 25%,2020-02-19,2020-08-31,LHX.N,0.0105656028023587,OPTIMAL
2020 crash + recovery,Neutral,Maximum return/risk ratio,"B (point-in-time, the actual test)",cap 25%,2020-02-19,2020-08-31,PODD.OQ,0.0101002425639646,OPTIMAL
2020 crash + recovery,Neutral,Maximum return/risk ratio,"B (point-in-time, the actual test)",cap 25%,2020-02-19,2020-08-31,KDP.OQ,0.0100271313802693,OPTIMAL
2020 crash + recovery,1/N Equal Weight,benchmark,"B (point-in-time, the actual test)",not applicable,2020-02-19,2020-08-31,FER.MC,0.0010060362173038,benchmark
2020 crash + recovery,1/N Equal Weight,benchmark,"B (point-in-time, the actual test)",not applicable,2020-02-19,2020-08-31,CARLb.CO,0.0010060362173038,benchmark
2020 crash + recovery,1/N Equal Weight,benchmark,"B (point-in-time, the actual test)",not applicable,2020-02-19,2020-08-31,ULVR.L,0.0010060362173038,benchmark
2020 crash + recovery,1/N Equal Weight,benchmark,"B (point-in-time, the actual test)",not applicable,2020-02-19,2020-08-31,INVEb.ST,0.0010060362173038,benchmark
2020 crash + recovery,1/N Equal Weight,benchmark,"B (point-in-time, the actual test)",not applicable,2020-02-19,2020-08-31,LAGRb.ST,0.0010060362173038,benchmark
2020 crash + recovery,1/N Equal Weight,benchmark,"B (point-in-time, the actual test)",not applicable,2020-02-19,2020-08-31,STERV.HE,0.0010060362173038,benchmark
2020 crash + recovery,1/N Equal Weight,benchmark,"B (point-in-time, the actual test)",not applicable,2020-02-19,2020-08-31,VIS.MC,0.0010060362173038,benchmark
2020 crash + recovery,1/N Equal Weight,benchmark,"B (point-in-time, the actual test)",not applicable,2020-02-19,2020-08-31,PHG.AS,0.0010060362173038,benchmark
2020 crash + recovery,1/N Equal Weight,benchmark,"B (point-in-time, the actual test)",not applicable,2020-02-19,2020-08-31,BEIJb.ST,0.0010060362173038,benchmark
2020 crash + recovery,1/N Equal Weight,benchmark,"B (point-in-time, the actual test)",not applicable,2020-02-19,2020-08-31,IPN.PA,0.0010060362173038,benchmark
2020 crash + recovery,1/N Equal Weight,benchmark,"B (point-in-time, the actual test)",not applicable,2020-02-19,2020-08-31,SCHP.S,0.0010060362173038,benchmark
2020 crash + recovery,1/N Equal Weight,benchmark,"B (point-in-time, the actual test)",not applicable,2020-02-19,2020-08-31,SQN.S,0.0010060362173038,benchmark
2020 crash + recovery,1/N Equal Weight,benchmark,"B (point-in-time, the actual test)",not applicable,2020-02-19,2020-08-31,DAST.PA,0.0010060362173038,benchmark
2020 crash + recovery,1/N Equal Weight,benchmark,"B (point-in-time, the actual test)",not applicable,2020-02-19,2020-08-31,GEBN.S,0.0010060362173038,benchmark
2020 crash + recovery,1/N Equal Weight,benchmark,"B (point-in-time, the actual test)",not applicable,2020-02-19,2020-08-31,SKFb.ST,0.0010060362173038,benchmark
2020 crash + recovery,1/N Equal Weight,benchmark,"B (point-in-time, the actual test)",not applicable,2020-02-19,2020-08-31,TLXGn.DE,0.0010060362173038,benchmark
2020 crash + recovery,1/N Equal Weight,benchmark,"B (point-in-time, the actual test)",not applicable,2020-02-19,2020-08-31,GBLB.BR,0.0010060362173038,benchmark
2020 crash + recovery,1/N Equal Weight,benchmark,"B (point-in-time, the actual test)",not applicable,2020-02-19,2020-08-31,FRES.L,0.0010060362173038,benchmark
2020 crash + recovery,1/N Equal Weight,benchmark,"B (point-in-time, the actual test)",not applicable,2020-02-19,2020-08-31,AIXGn.DE,0.0010060362173038,benchmark
2020 crash + recovery,1/N Equal Weight,benchmark,"B (point-in-time, the actual test)",not applicable,2020-02-19,2020-08-31,VOD.L,0.0010060362173038,benchmark
2020 crash + recovery,1/N Equal Weight,benchmark,"B (point-in-time, the actual test)",not applicable,2020-02-19,2020-08-31,SATG_p.DE,0.0010060362173038,benchmark
2020 crash + recovery,1/N Equal Weight,benchmark,"B (point-in-time, the actual test)",not applicable,2020-02-19,2020-08-31,AZMT.MI,0.0010060362173038,benchmark
2020 crash + recovery,1/N Equal Weight,benchmark,"B (point-in-time, the actual test)",not applicable,2020-02-19,2020-08-31,MICP.PA,0.0010060362173038,benchmark
2020 crash + recovery,1/N Equal Weight,benchmark,"B (point-in-time, the actual test)",not applicable,2020-02-19,2020-08-31,PRY.MI,0.0010060362173038,benchmark
2020 crash + recovery,1/N Equal Weight,benchmark,"B (point-in-time, the actual test)",not applicable,2020-02-19,2020-08-31,ORSTED.CO,0.0010060362173038,benchmark
2020 crash + recovery,1/N Equal Weight,benchmark,"B (point-in-time, the actual test)",not applicable,2020-02-19,2020-08-31,BAYGn.DE,0.0010060362173038,benchmark
2020 crash + recovery,1/N Equal Weight,benchmark,"B (point-in-time, the actual test)",not applicable,2020-02-19,2020-08-31,BAB.L,0.0010060362173038,benchmark
2020 crash + recovery,1/N Equal Weight,benchmark,"B (point-in-time, the actual test)",not applicable,2020-02-19,2020-08-31,RENA.PA,0.0010060362173038,benchmark
2020 crash + recovery,1/N Equal Weight,benchmark,"B (point-in-time, the actual test)",not applicable,2020-02-19,2020-08-31,HSX.L,0.0010060362173038,benchmark
2020 crash + recovery,1/N Equal Weight,benchmark,"B (point-in-time, the actual test)",not applicable,2020-02-19,2020-08-31,HMb.ST,0.0010060362173038,benchmark
2020 crash + recovery,1/N Equal Weight,benchmark,"B (point-in-time, the actual test)",not applicable,2020-02-19,2020-08-31,GETIb.ST,0.0010060362173038,benchmark
2020 crash + recovery,1/N Equal Weight,benchmark,"B (point-in-time, the actual test)",not applicable,2020-02-19,2020-08-31,TRN.MI,0.0010060362173038,benchmark
2020 crash + recovery,1/N Equal Weight,benchmark,"B (point-in-time, the actual test)",not applicable,2020-02-19,2020-08-31,CWK.L,0.0010060362173038,benchmark
2020 crash + recovery,1/N Equal Weight,benchmark,"B (point-in-time, the actual test)",not applicable,2020-02-19,2020-08-31,LDOF.MI,0.0010060362173038,benchmark
2020 crash + recovery,1/N Equal Weight,benchmark,"B (point-in-time, the actual test)",not applicable,2020-02-19,2020-08-31,SIKA.S,0.0010060362173038,benchmark
2020 crash + recovery,1/N Equal Weight,benchmark,"B (point-in-time, the actual test)",not applicable,2020-02-19,2020-08-31,SOON.S,0.0010060362173038,benchmark
2020 crash + recovery,1/N Equal Weight,benchmark,"B (point-in-time, the actual test)",not applicable,2020-02-19,2020-08-31,RAAG.DE,0.0010060362173038,benchmark
2020 crash + recovery,1/N Equal Weight,benchmark,"B (point-in-time, the actual test)",not applicable,2020-02-19,2020-08-31,BRBY.L,0.0010060362173038,benchmark
2020 crash + recovery,1/N Equal Weight,benchmark,"B (point-in-time, the actual test)",not applicable,2020-02-19,2020-08-31,TEMN.S,0.0010060362173038,benchmark
2020 crash + recovery,1/N Equal Weight,benchmark,"B (point-in-time, the actual test)",not applicable,2020-02-19,2020-08-31,STDM.PA,0.0010060362173038,benchmark
2020 crash + recovery,1/N Equal Weight,benchmark,"B (point-in-time, the actual test)",not applicable,2020-02-19,2020-08-31,SRP.L,0.0010060362173038,benchmark
2020 crash + recovery,1/N Equal Weight,benchmark,"B (point-in-time, the actual test)",not applicable,2020-02-19,2020-08-31,MAERSKb.CO,0.0010060362173038,benchmark
2020 crash + recovery,1/N Equal Weight,benchmark,"B (point-in-time, the actual test)",not applicable,2020-02-19,2020-08-31,VATN.S,0.0010060362173038,benchmark
2020 crash + recovery,1/N Equal Weight,benchmark,"B (point-in-time, the actual test)",not applicable,2020-02-19,2020-08-31,VLLP.PA,0.0010060362173038,benchmark
2020 crash + recovery,1/N Equal Weight,benchmark,"B (point-in-time, the actual test)",not applicable,2020-02-19,2020-08-31,KNIN.S,0.0010060362173038,benchmark
2020 crash + recovery,1/N Equal Weight,benchmark,"B (point-in-time, the actual test)",not applicable,2020-02-19,2020-08-31,MRL.MC,0.0010060362173038,benchmark
2020 crash + recovery,1/N Equal Weight,benchmark,"B (point-in-time, the actual test)",not applicable,2020-02-19,2020-08-31,BT.L,0.0010060362173038,benchmark
2020 crash + recovery,1/N Equal Weight,benchmark,"B (point-in-time, the actual test)",not applicable,2020-02-19,2020-08-31,RKT.L,0.0010060362173038,benchmark
2020 crash + recovery,1/N Equal Weight,benchmark,"B (point-in-time, the actual test)",not applicable,2020-02-19,2020-08-31,VACN.S,0.0010060362173038,benchmark
2020 crash + recovery,1/N Equal Weight,benchmark,"B (point-in-time, the actual test)",not applicable,2020-02-19,2020-08-31,SSE.L,0.0010060362173038,benchmark
2020 crash + recovery,1/N Equal Weight,benchmark,"B (point-in-time, the actual test)",not applicable,2020-02-19,2020-08-31,BEAN.S,0.0010060362173038,benchmark
2020 crash + recovery,1/N Equal Weight,benchmark,"B (point-in-time, the actual test)",not applicable,2020-02-19,2020-08-31,LGEN.L,0.0010060362173038,benchmark
2020 crash + recovery,1/N Equal Weight,benchmark,"B (point-in-time, the actual test)",not applicable,2020-02-19,2020-08-31,SGE.L,0.0010060362173038,benchmark
2020 crash + recovery,1/N Equal Weight,benchmark,"B (point-in-time, the actual test)",not applicable,2020-02-19,2020-08-31,EDPR.LS,0.0010060362173038,benchmark
2020 crash + recovery,1/N Equal Weight,benchmark,"B (point-in-time, the actual test)",not applicable,2020-02-19,2020-08-31,LOGN.S,0.0010060362173038,benchmark
2020 crash + recovery,1/N Equal Weight,benchmark,"B (point-in-time, the actual test)",not applicable,2020-02-19,2020-08-31,BTRW.L,0.0010060362173038,benchmark
2020 crash + recovery,1/N Equal Weight,benchmark,"B (point-in-time, the actual test)",not applicable,2020-02-19,2020-08-31,LAND.L,0.0010060362173038,benchmark
2020 crash + recovery,1/N Equal Weight,benchmark,"B (point-in-time, the actual test)",not applicable,2020-02-19,2020-08-31,IMB.L,0.0010060362173038,benchmark
2020 crash + recovery,1/N Equal Weight,benchmark,"B (point-in-time, the actual test)",not applicable,2020-02-19,2020-08-31,GF.S,0.0010060362173038,benchmark
2020 crash + recovery,1/N Equal Weight,benchmark,"B (point-in-time, the actual test)",not applicable,2020-02-19,2020-08-31,KGH.WA,0.0010060362173038,benchmark
2020 crash + recovery,1/N Equal Weight,benchmark,"B (point-in-time, the actual test)",not applicable,2020-02-19,2020-08-31,YAR.OL,0.0010060362173038,benchmark
2020 crash + recovery,1/N Equal Weight,benchmark,"B (point-in-time, the actual test)",not applicable,2020-02-19,2020-08-31,ADP.PA,0.0010060362173038,benchmark
2020 crash + recovery,1/N Equal Weight,benchmark,"B (point-in-time, the actual test)",not applicable,2020-02-19,2020-08-31,QQ.L,0.0010060362173038,benchmark
2020 crash + recovery,1/N Equal Weight,benchmark,"B (point-in-time, the actual test)",not applicable,2020-02-19,2020-08-31,SAF.PA,0.0010060362173038,benchmark
2020 crash + recovery,1/N Equal Weight,benchmark,"B (point-in-time, the actual test)",not applicable,2020-02-19,2020-08-31,ACS.MC,0.0010060362173038,benchmark
2020 crash + recovery,1/N Equal Weight,benchmark,"B (point-in-time, the actual test)",not applicable,2020-02-19,2020-08-31,INF.L,0.0010060362173038,benchmark
2020 crash + recovery,1/N Equal Weight,benchmark,"B (point-in-time, the actual test)",not applicable,2020-02-19,2020-08-31,SAPG.DE,0.0010060362173038,benchmark
2020 crash + recovery,1/N Equal Weight,benchmark,"B (point-in-time, the actual test)",not applicable,2020-02-19,2020-08-31,TCAPI.L,0.0010060362173038,benchmark
2020 crash + recovery,1/N Equal Weight,benchmark,"B (point-in-time, the actual test)",not applicable,2020-02-19,2020-08-31,HWDN.L,0.0010060362173038,benchmark
2020 crash + recovery,1/N Equal Weight,benchmark,"B (point-in-time, the actual test)",not applicable,2020-02-19,2020-08-31,SAMPO.HE,0.0010060362173038,benchmark
2020 crash + recovery,1/N Equal Weight,benchmark,"B (point-in-time, the actual test)",not applicable,2020-02-19,2020-08-31,ARGX.BR,0.0010060362173038,benchmark
2020 crash + recovery,1/N Equal Weight,benchmark,"B (point-in-time, the actual test)",not applicable,2020-02-19,2020-08-31,IMI.L,0.0010060362173038,benchmark
2020 crash + recovery,1/N Equal Weight,benchmark,"B (point-in-time, the actual test)",not applicable,2020-02-19,2020-08-31,SAABb.ST,0.0010060362173038,benchmark
2020 crash + recovery,1/N Equal Weight,benchmark,"B (point-in-time, the actual test)",not applicable,2020-02-19,2020-08-31,NAFG.DE,0.0010060362173038,benchmark
2020 crash + recovery,1/N Equal Weight,benchmark,"B (point-in-time, the actual test)",not applicable,2020-02-19,2020-08-31,INVP.L,0.0010060362173038,benchmark
2020 crash + recovery,1/N Equal Weight,benchmark,"B (point-in-time, the actual test)",not applicable,2020-02-19,2020-08-31,RYA.I,0.0010060362173038,benchmark
2020 crash + recovery,1/N Equal Weight,benchmark,"B (point-in-time, the actual test)",not applicable,2020-02-19,2020-08-31,SFZN.S,0.0010060362173038,benchmark
2020 crash + recovery,1/N Equal Weight,benchmark,"B (point-in-time, the actual test)",not applicable,2020-02-19,2020-08-31,SALM.OL,0.0010060362173038,benchmark
2020 crash + recovery,1/N Equal Weight,benchmark,"B (point-in-time, the actual test)",not applicable,2020-02-19,2020-08-31,CARR.PA,0.0010060362173038,benchmark
2020 crash + recovery,1/N Equal Weight,benchmark,"B (point-in-time, the actual test)",not applicable,2020-02-19,2020-08-31,RBIV.VI,0.0010060362173038,benchmark
2020 crash + recovery,1/N Equal Weight,benchmark,"B (point-in-time, the actual test)",not applicable,2020-02-19,2020-08-31,HNKG_p.DE,0.0010060362173038,benchmark
2020 crash + recovery,1/N Equal Weight,benchmark,"B (point-in-time, the actual test)",not applicable,2020-02-19,2020-08-31,FPE3_p.DE,0.0010060362173038,benchmark
2020 crash + recovery,1/N Equal Weight,benchmark,"B (point-in-time, the actual test)",not applicable,2020-02-19,2020-08-31,LIFCOb.ST,0.0010060362173038,benchmark
2020 crash + recovery,1/N Equal Weight,benchmark,"B (point-in-time, the actual test)",not applicable,2020-02-19,2020-08-31,ATCOa.ST,0.0010060362173038,benchmark
2020 crash + recovery,1/N Equal Weight,benchmark,"B (point-in-time, the actual test)",not applicable,2020-02-19,2020-08-31,ERST.VI,0.0010060362173038,benchmark
2020 crash + recovery,1/N Equal Weight,benchmark,"B (point-in-time, the actual test)",not applicable,2020-02-19,2020-08-31,BCU.MI,0.0010060362173038,benchmark
2020 crash + recovery,1/N Equal Weight,benchmark,"B (point-in-time, the actual test)",not applicable,2020-02-19,2020-08-31,VALMT.HE,0.0010060362173038,benchmark
2020 crash + recovery,1/N Equal Weight,benchmark,"B (point-in-time, the actual test)",not applicable,2020-02-19,2020-08-31,ENEI.MI,0.0010060362173038,benchmark
2020 crash + recovery,1/N Equal Weight,benchmark,"B (point-in-time, the actual test)",not applicable,2020-02-19,2020-08-31,FNTGn.DE,0.0010060362173038,benchmark
2020 crash + recovery,1/N Equal Weight,benchmark,"B (point-in-time, the actual test)",not applicable,2020-02-19,2020-08-31,INCH.L,0.0010060362173038,benchmark
2020 crash + recovery,1/N Equal Weight,benchmark,"B (point-in-time, the actual test)",not applicable,2020-02-19,2020-08-31,ORK.OL,0.0010060362173038,benchmark
2020 crash + recovery,1/N Equal Weight,benchmark,"B (point-in-time, the actual test)",not applicable,2020-02-19,2020-08-31,AKZO.AS,0.0010060362173038,benchmark
2020 crash + recovery,1/N Equal Weight,benchmark,"B (point-in-time, the actual test)",not applicable,2020-02-19,2020-08-31,SB1NO.OL,0.0010060362173038,benchmark
2020 crash + recovery,1/N Equal Weight,benchmark,"B (point-in-time, the actual test)",not applicable,2020-02-19,2020-08-31,PZU.WA,0.0010060362173038,benchmark
2020 crash + recovery,1/N Equal Weight,benchmark,"B (point-in-time, the actual test)",not applicable,2020-02-19,2020-08-31,RWEG.DE,0.0010060362173038,benchmark
2020 crash + recovery,1/N Equal Weight,benchmark,"B (point-in-time, the actual test)",not applicable,2020-02-19,2020-08-31,KSP.I,0.0010060362173038,benchmark
2020 crash + recovery,1/N Equal Weight,benchmark,"B (point-in-time, the actual test)",not applicable,2020-02-19,2020-08-31,LATOb.ST,0.0010060362173038,benchmark
2020 crash + recovery,1/N Equal Weight,benchmark,"B (point-in-time, the actual test)",not applicable,2020-02-19,2020-08-31,SGEF.PA,0.0010060362173038,benchmark
2020 crash + recovery,1/N Equal Weight,benchmark,"B (point-in-time, the actual test)",not applicable,2020-02-19,2020-08-31,BGN.MI,0.0010060362173038,benchmark
2020 crash + recovery,1/N Equal Weight,benchmark,"B (point-in-time, the actual test)",not applicable,2020-02-19,2020-08-31,AAK.ST,0.0010060362173038,benchmark
2020 crash + recovery,1/N Equal Weight,benchmark,"B (point-in-time, the actual test)",not applicable,2020-02-19,2020-08-31,PKN.WA,0.0010060362173038,benchmark
2020 crash + recovery,1/N Equal Weight,benchmark,"B (point-in-time, the actual test)",not applicable,2020-02-19,2020-08-31,WIHL.ST,0.0010060362173038,benchmark
2020 crash + recovery,1/N Equal Weight,benchmark,"B (point-in-time, the actual test)",not applicable,2020-02-19,2020-08-31,ENX.PA,0.0010060362173038,benchmark
2020 crash + recovery,1/N Equal Weight,benchmark,"B (point-in-time, the actual test)",not applicable,2020-02-19,2020-08-31,TW.L,0.0010060362173038,benchmark
2020 crash + recovery,1/N Equal Weight,benchmark,"B (point-in-time, the actual test)",not applicable,2020-02-19,2020-08-31,ALVG.DE,0.0010060362173038,benchmark
2020 crash + recovery,1/N Equal Weight,benchmark,"B (point-in-time, the actual test)",not applicable,2020-02-19,2020-08-31,DHLn.DE,0.0010060362173038,benchmark
2020 crash + recovery,1/N Equal Weight,benchmark,"B (point-in-time, the actual test)",not applicable,2020-02-19,2020-08-31,LHAG.DE,0.0010060362173038,benchmark
2020 crash + recovery,1/N Equal Weight,benchmark,"B (point-in-time, the actual test)",not applicable,2020-02-19,2020-08-31,PAFR.L,0.0010060362173038,benchmark
2020 crash + recovery,1/N Equal Weight,benchmark,"B (point-in-time, the actual test)",not applicable,2020-02-19,2020-08-31,LSEG.L,0.0010060362173038,benchmark
2020 crash + recovery,1/N Equal Weight,benchmark,"B (point-in-time, the actual test)",not applicable,2020-02-19,2020-08-31,TENR.MI,0.0010060362173038,benchmark
2020 crash + recovery,1/N Equal Weight,benchmark,"B (point-in-time, the actual test)",not applicable,2020-02-19,2020-08-31,PKO.WA,0.0010060362173038,benchmark
2020 crash + recovery,1/N Equal Weight,benchmark,"B (point-in-time, the actual test)",not applicable,2020-02-19,2020-08-31,DRX.L,0.0010060362173038,benchmark
2020 crash + recovery,1/N Equal Weight,benchmark,"B (point-in-time, the actual test)",not applicable,2020-02-19,2020-08-31,SMIN.L,0.0010060362173038,benchmark
2020 crash + recovery,1/N Equal Weight,benchmark,"B (point-in-time, the actual test)",not applicable,2020-02-19,2020-08-31,QIA.DE,0.0010060362173038,benchmark
2020 crash + recovery,1/N Equal Weight,benchmark,"B (point-in-time, the actual test)",not applicable,2020-02-19,2020-08-31,MT.AS,0.0010060362173038,benchmark
2020 crash + recovery,1/N Equal Weight,benchmark,"B (point-in-time, the actual test)",not applicable,2020-02-19,2020-08-31,AM.PA,0.0010060362173038,benchmark
2020 crash + recovery,1/N Equal Weight,benchmark,"B (point-in-time, the actual test)",not applicable,2020-02-19,2020-08-31,RBREW.CO,0.0010060362173038,benchmark
2020 crash + recovery,1/N Equal Weight,benchmark,"B (point-in-time, the actual test)",not applicable,2020-02-19,2020-08-31,NEXS.PA,0.0010060362173038,benchmark
2020 crash + recovery,1/N Equal Weight,benchmark,"B (point-in-time, the actual test)",not applicable,2020-02-19,2020-08-31,TKAG.DE,0.0010060362173038,benchmark
2020 crash + recovery,1/N Equal Weight,benchmark,"B (point-in-time, the actual test)",not applicable,2020-02-19,2020-08-31,BARN.S,0.0010060362173038,benchmark
2020 crash + recovery,1/N Equal Weight,benchmark,"B (point-in-time, the actual test)",not applicable,2020-02-19,2020-08-31,AENA.MC,0.0010060362173038,benchmark
2020 crash + recovery,1/N Equal Weight,benchmark,"B (point-in-time, the actual test)",not applicable,2020-02-19,2020-08-31,ITV.L,0.0010060362173038,benchmark
2020 crash + recovery,1/N Equal Weight,benchmark,"B (point-in-time, the actual test)",not applicable,2020-02-19,2020-08-31,BAMI.MI,0.0010060362173038,benchmark
2020 crash + recovery,1/N Equal Weight,benchmark,"B (point-in-time, the actual test)",not applicable,2020-02-19,2020-08-31,RACE.MI,0.0010060362173038,benchmark
2020 crash + recovery,1/N Equal Weight,benchmark,"B (point-in-time, the actual test)",not applicable,2020-02-19,2020-08-31,EZJ.L,0.0010060362173038,benchmark
2020 crash + recovery,1/N Equal Weight,benchmark,"B (point-in-time, the actual test)",not applicable,2020-02-19,2020-08-31,III.L,0.0010060362173038,benchmark
2020 crash + recovery,1/N Equal Weight,benchmark,"B (point-in-time, the actual test)",not applicable,2020-02-19,2020-08-31,LUNDb.ST,0.0010060362173038,benchmark
2020 crash + recovery,1/N Equal Weight,benchmark,"B (point-in-time, the actual test)",not applicable,2020-02-19,2020-08-31,ERICb.ST,0.0010060362173038,benchmark
2020 crash + recovery,1/N Equal Weight,benchmark,"B (point-in-time, the actual test)",not applicable,2020-02-19,2020-08-31,NEKG.DE,0.0010060362173038,benchmark
2020 crash + recovery,1/N Equal Weight,benchmark,"B (point-in-time, the actual test)",not applicable,2020-02-19,2020-08-31,MAP.MC,0.0010060362173038,benchmark
2020 crash + recovery,1/N Equal Weight,benchmark,"B (point-in-time, the actual test)",not applicable,2020-02-19,2020-08-31,CLNX.MC,0.0010060362173038,benchmark
2020 crash + recovery,1/N Equal Weight,benchmark,"B (point-in-time, the actual test)",not applicable,2020-02-19,2020-08-31,CTEC.L,0.0010060362173038,benchmark
2020 crash + recovery,1/N Equal Weight,benchmark,"B (point-in-time, the actual test)",not applicable,2020-02-19,2020-08-31,ROPC.S,0.0010060362173038,benchmark
2020 crash + recovery,1/N Equal Weight,benchmark,"B (point-in-time, the actual test)",not applicable,2020-02-19,2020-08-31,PSON.L,0.0010060362173038,benchmark
2020 crash + recovery,1/N Equal Weight,benchmark,"B (point-in-time, the actual test)",not applicable,2020-02-19,2020-08-31,IBE.MC,0.0010060362173038,benchmark
2020 crash + recovery,1/N Equal Weight,benchmark,"B (point-in-time, the actual test)",not applicable,2020-02-19,2020-08-31,SEBa.ST,0.0010060362173038,benchmark
2020 crash + recovery,1/N Equal Weight,benchmark,"B (point-in-time, the actual test)",not applicable,2020-02-19,2020-08-31,LEGn.DE,0.0010060362173038,benchmark
2020 crash + recovery,1/N Equal Weight,benchmark,"B (point-in-time, the actual test)",not applicable,2020-02-19,2020-08-31,BMWG.DE,0.0010060362173038,benchmark
2020 crash + recovery,1/N Equal Weight,benchmark,"B (point-in-time, the actual test)",not applicable,2020-02-19,2020-08-31,SJP.L,0.0010060362173038,benchmark
2020 crash + recovery,1/N Equal Weight,benchmark,"B (point-in-time, the actual test)",not applicable,2020-02-19,2020-08-31,GAW.L,0.0010060362173038,benchmark
2020 crash + recovery,1/N Equal Weight,benchmark,"B (point-in-time, the actual test)",not applicable,2020-02-19,2020-08-31,SY1G.DE,0.0010060362173038,benchmark
2020 crash + recovery,1/N Equal Weight,benchmark,"B (point-in-time, the actual test)",not applicable,2020-02-19,2020-08-31,ABNd.AS,0.0010060362173038,benchmark
2020 crash + recovery,1/N Equal Weight,benchmark,"B (point-in-time, the actual test)",not applicable,2020-02-19,2020-08-31,PNN.L,0.0010060362173038,benchmark
2020 crash + recovery,1/N Equal Weight,benchmark,"B (point-in-time, the actual test)",not applicable,2020-02-19,2020-08-31,EVOG.ST,0.0010060362173038,benchmark
2020 crash + recovery,1/N Equal Weight,benchmark,"B (point-in-time, the actual test)",not applicable,2020-02-19,2020-08-31,OMVV.VI,0.0010060362173038,benchmark
2020 crash + recovery,1/N Equal Weight,benchmark,"B (point-in-time, the actual test)",not applicable,2020-02-19,2020-08-31,NTGY.MC,0.0010060362173038,benchmark
2020 crash + recovery,1/N Equal Weight,benchmark,"B (point-in-time, the actual test)",not applicable,2020-02-19,2020-08-31,NOVN.S,0.0010060362173038,benchmark
2020 crash + recovery,1/N Equal Weight,benchmark,"B (point-in-time, the actual test)",not applicable,2020-02-19,2020-08-31,PST.MI,0.0010060362173038,benchmark
2020 crash + recovery,1/N Equal Weight,benchmark,"B (point-in-time, the actual test)",not applicable,2020-02-19,2020-08-31,GALP.LS,0.0010060362173038,benchmark
2020 crash + recovery,1/N Equal Weight,benchmark,"B (point-in-time, the actual test)",not applicable,2020-02-19,2020-08-31,VWS.CO,0.0010060362173038,benchmark
2020 crash + recovery,1/N Equal Weight,benchmark,"B (point-in-time, the actual test)",not applicable,2020-02-19,2020-08-31,PERP.PA,0.0010060362173038,benchmark
2020 crash + recovery,1/N Equal Weight,benchmark,"B (point-in-time, the actual test)",not applicable,2020-02-19,2020-08-31,BLND.L,0.0010060362173038,benchmark
2020 crash + recovery,1/N Equal Weight,benchmark,"B (point-in-time, the actual test)",not applicable,2020-02-19,2020-08-31,MNDI.L,0.0010060362173038,benchmark
2020 crash + recovery,1/N Equal Weight,benchmark,"B (point-in-time, the actual test)",not applicable,2020-02-19,2020-08-31,BAER.S,0.0010060362173038,benchmark
2020 crash + recovery,1/N Equal Weight,benchmark,"B (point-in-time, the actual test)",not applicable,2020-02-19,2020-08-31,EUFI.PA,0.0010060362173038,benchmark
2020 crash + recovery,1/N Equal Weight,benchmark,"B (point-in-time, the actual test)",not applicable,2020-02-19,2020-08-31,PRU.L,0.0010060362173038,benchmark
2020 crash + recovery,1/N Equal Weight,benchmark,"B (point-in-time, the actual test)",not applicable,2020-02-19,2020-08-31,VERB.VI,0.0010060362173038,benchmark
2020 crash + recovery,1/N Equal Weight,benchmark,"B (point-in-time, the actual test)",not applicable,2020-02-19,2020-08-31,NDAFI.HE,0.0010060362173038,benchmark
2020 crash + recovery,1/N Equal Weight,benchmark,"B (point-in-time, the actual test)",not applicable,2020-02-19,2020-08-31,PEO.WA,0.0010060362173038,benchmark
2020 crash + recovery,1/N Equal Weight,benchmark,"B (point-in-time, the actual test)",not applicable,2020-02-19,2020-08-31,EVKn.DE,0.0010060362173038,benchmark
2020 crash + recovery,1/N Equal Weight,benchmark,"B (point-in-time, the actual test)",not applicable,2020-02-19,2020-08-31,CMBN.S,0.0010060362173038,benchmark
2020 crash + recovery,1/N Equal Weight,benchmark,"B (point-in-time, the actual test)",not applicable,2020-02-19,2020-08-31,ACCP.PA,0.0010060362173038,benchmark
2020 crash + recovery,1/N Equal Weight,benchmark,"B (point-in-time, the actual test)",not applicable,2020-02-19,2020-08-31,ORNBV.HE,0.0010060362173038,benchmark
2020 crash + recovery,1/N Equal Weight,benchmark,"B (point-in-time, the actual test)",not applicable,2020-02-19,2020-08-31,BBOXT.L,0.0010060362173038,benchmark
2020 crash + recovery,1/N Equal Weight,benchmark,"B (point-in-time, the actual test)",not applicable,2020-02-19,2020-08-31,SUBC.OL,0.0010060362173038,benchmark
2020 crash + recovery,1/N Equal Weight,benchmark,"B (point-in-time, the actual test)",not applicable,2020-02-19,2020-08-31,SBMO.AS,0.0010060362173038,benchmark
2020 crash + recovery,1/N Equal Weight,benchmark,"B (point-in-time, the actual test)",not applicable,2020-02-19,2020-08-31,ADDTb.ST,0.0010060362173038,benchmark
2020 crash + recovery,1/N Equal Weight,benchmark,"B (point-in-time, the actual test)",not applicable,2020-02-19,2020-08-31,AKE.PA,0.0010060362173038,benchmark
2020 crash + recovery,1/N Equal Weight,benchmark,"B (point-in-time, the actual test)",not applicable,2020-02-19,2020-08-31,WRT1V.HE,0.0010060362173038,benchmark
2020 crash + recovery,1/N Equal Weight,benchmark,"B (point-in-time, the actual test)",not applicable,2020-02-19,2020-08-31,EBP.WA,0.0010060362173038,benchmark
2020 crash + recovery,1/N Equal Weight,benchmark,"B (point-in-time, the actual test)",not applicable,2020-02-19,2020-08-31,GRLS.MC,0.0010060362173038,benchmark
2020 crash + recovery,1/N Equal Weight,benchmark,"B (point-in-time, the actual test)",not applicable,2020-02-19,2020-08-31,G24n.DE,0.0010060362173038,benchmark
2020 crash + recovery,1/N Equal Weight,benchmark,"B (point-in-time, the actual test)",not applicable,2020-02-19,2020-08-31,FRAG.DE,0.0010060362173038,benchmark
2020 crash + recovery,1/N Equal Weight,benchmark,"B (point-in-time, the actual test)",not applicable,2020-02-19,2020-08-31,FREG.DE,0.0010060362173038,benchmark
2020 crash + recovery,1/N Equal Weight,benchmark,"B (point-in-time, the actual test)",not applicable,2020-02-19,2020-08-31,EDP.LS,0.0010060362173038,benchmark
2020 crash + recovery,1/N Equal Weight,benchmark,"B (point-in-time, the actual test)",not applicable,2020-02-19,2020-08-31,TRYG.CO,0.0010060362173038,benchmark
2020 crash + recovery,1/N Equal Weight,benchmark,"B (point-in-time, the actual test)",not applicable,2020-02-19,2020-08-31,NOVOb.CO,0.0010060362173038,benchmark
2020 crash + recovery,1/N Equal Weight,benchmark,"B (point-in-time, the actual test)",not applicable,2020-02-19,2020-08-31,DPLM.L,0.0010060362173038,benchmark
2020 crash + recovery,1/N Equal Weight,benchmark,"B (point-in-time, the actual test)",not applicable,2020-02-19,2020-08-31,BAVA.CO,0.0010060362173038,benchmark
2020 crash + recovery,1/N Equal Weight,benchmark,"B (point-in-time, the actual test)",not applicable,2020-02-19,2020-08-31,AOO.BR,0.0010060362173038,benchmark
2020 crash + recovery,1/N Equal Weight,benchmark,"B (point-in-time, the actual test)",not applicable,2020-02-19,2020-08-31,IGG.L,0.0010060362173038,benchmark
2020 crash + recovery,1/N Equal Weight,benchmark,"B (point-in-time, the actual test)",not applicable,2020-02-19,2020-08-31,AD.AS,0.0010060362173038,benchmark
2020 crash + recovery,1/N Equal Weight,benchmark,"B (point-in-time, the actual test)",not applicable,2020-02-19,2020-08-31,TLIT.MI,0.0010060362173038,benchmark
2020 crash + recovery,1/N Equal Weight,benchmark,"B (point-in-time, the actual test)",not applicable,2020-02-19,2020-08-31,AMBUb.CO,0.0010060362173038,benchmark
2020 crash + recovery,1/N Equal Weight,benchmark,"B (point-in-time, the actual test)",not applicable,2020-02-19,2020-08-31,HIK.L,0.0010060362173038,benchmark
2020 crash + recovery,1/N Equal Weight,benchmark,"B (point-in-time, the actual test)",not applicable,2020-02-19,2020-08-31,CAPP.PA,0.0010060362173038,benchmark
2020 crash + recovery,1/N Equal Weight,benchmark,"B (point-in-time, the actual test)",not applicable,2020-02-19,2020-08-31,BGEO.L,0.0010060362173038,benchmark
2020 crash + recovery,1/N Equal Weight,benchmark,"B (point-in-time, the actual test)",not applicable,2020-02-19,2020-08-31,BIRG.I,0.0010060362173038,benchmark
2020 crash + recovery,1/N Equal Weight,benchmark,"B (point-in-time, the actual test)",not applicable,2020-02-19,2020-08-31,DCC.L,0.0010060362173038,benchmark
2020 crash + recovery,1/N Equal Weight,benchmark,"B (point-in-time, the actual test)",not applicable,2020-02-19,2020-08-31,KNEBV.HE,0.0010060362173038,benchmark
2020 crash + recovery,1/N Equal Weight,benchmark,"B (point-in-time, the actual test)",not applicable,2020-02-19,2020-08-31,DLN.L,0.0010060362173038,benchmark
2020 crash + recovery,1/N Equal Weight,benchmark,"B (point-in-time, the actual test)",not applicable,2020-02-19,2020-08-31,WTB.L,0.0010060362173038,benchmark
2020 crash + recovery,1/N Equal Weight,benchmark,"B (point-in-time, the actual test)",not applicable,2020-02-19,2020-08-31,GL9.I,0.0010060362173038,benchmark
2020 crash + recovery,1/N Equal Weight,benchmark,"B (point-in-time, the actual test)",not applicable,2020-02-19,2020-08-31,NN.AS,0.0010060362173038,benchmark
2020 crash + recovery,1/N Equal Weight,benchmark,"B (point-in-time, the actual test)",not applicable,2020-02-19,2020-08-31,ROCKb.CO,0.0010060362173038,benchmark
2020 crash + recovery,1/N Equal Weight,benchmark,"B (point-in-time, the actual test)",not applicable,2020-02-19,2020-08-31,UPM.HE,0.0010060362173038,benchmark
2020 crash + recovery,1/N Equal Weight,benchmark,"B (point-in-time, the actual test)",not applicable,2020-02-19,2020-08-31,BKT.MC,0.0010060362173038,benchmark
2020 crash + recovery,1/N Equal Weight,benchmark,"B (point-in-time, the actual test)",not applicable,2020-02-19,2020-08-31,AKRBP.OL,0.0010060362173038,benchmark
2020 crash + recovery,1/N Equal Weight,benchmark,"B (point-in-time, the actual test)",not applicable,2020-02-19,2020-08-31,MONC.MI,0.0010060362173038,benchmark
2020 crash + recovery,1/N Equal Weight,benchmark,"B (point-in-time, the actual test)",not applicable,2020-02-19,2020-08-31,ADEN.S,0.0010060362173038,benchmark
2020 crash + recovery,1/N Equal Weight,benchmark,"B (point-in-time, the actual test)",not applicable,2020-02-19,2020-08-31,EONGn.DE,0.0010060362173038,benchmark
2020 crash + recovery,1/N Equal Weight,benchmark,"B (point-in-time, the actual test)",not applicable,2020-02-19,2020-08-31,LISP.S,0.0010060362173038,benchmark
2020 crash + recovery,1/N Equal Weight,benchmark,"B (point-in-time, the actual test)",not applicable,2020-02-19,2020-08-31,WEIR.L,0.0010060362173038,benchmark
2020 crash + recovery,1/N Equal Weight,benchmark,"B (point-in-time, the actual test)",not applicable,2020-02-19,2020-08-31,ACKB.BR,0.0010060362173038,benchmark
2020 crash + recovery,1/N Equal Weight,benchmark,"B (point-in-time, the actual test)",not applicable,2020-02-19,2020-08-31,VNAn.DE,0.0010060362173038,benchmark
2020 crash + recovery,1/N Equal Weight,benchmark,"B (point-in-time, the actual test)",not applicable,2020-02-19,2020-08-31,MTO.L,0.0010060362173038,benchmark
2020 crash + recovery,1/N Equal Weight,benchmark,"B (point-in-time, the actual test)",not applicable,2020-02-19,2020-08-31,EDEN.PA,0.0010060362173038,benchmark
2020 crash + recovery,1/N Equal Weight,benchmark,"B (point-in-time, the actual test)",not applicable,2020-02-19,2020-08-31,HOTG.DE,0.0010060362173038,benchmark
2020 crash + recovery,1/N Equal Weight,benchmark,"B (point-in-time, the actual test)",not applicable,2020-02-19,2020-08-31,BAES.L,0.0010060362173038,benchmark
2020 crash + recovery,1/N Equal Weight,benchmark,"B (point-in-time, the actual test)",not applicable,2020-02-19,2020-08-31,ENAG.MC,0.0010060362173038,benchmark
2020 crash + recovery,1/N Equal Weight,benchmark,"B (point-in-time, the actual test)",not applicable,2020-02-19,2020-08-31,VEND.OL,0.0010060362173038,benchmark
2020 crash + recovery,1/N Equal Weight,benchmark,"B (point-in-time, the actual test)",not applicable,2020-02-19,2020-08-31,BIOX.PA,0.0010060362173038,benchmark
2020 crash + recovery,1/N Equal Weight,benchmark,"B (point-in-time, the actual test)",not applicable,2020-02-19,2020-08-31,NKT.CO,0.0010060362173038,benchmark
2020 crash + recovery,1/N Equal Weight,benchmark,"B (point-in-time, the actual test)",not applicable,2020-02-19,2020-08-31,SDR.L,0.0010060362173038,benchmark
2020 crash + recovery,1/N Equal Weight,benchmark,"B (point-in-time, the actual test)",not applicable,2020-02-19,2020-08-31,TRELb.ST,0.0010060362173038,benchmark
2020 crash + recovery,1/N Equal Weight,benchmark,"B (point-in-time, the actual test)",not applicable,2020-02-19,2020-08-31,BWY.L,0.0010060362173038,benchmark
2020 crash + recovery,1/N Equal Weight,benchmark,"B (point-in-time, the actual test)",not applicable,2020-02-19,2020-08-31,INGA.AS,0.0010060362173038,benchmark
2020 crash + recovery,1/N Equal Weight,benchmark,"B (point-in-time, the actual test)",not applicable,2020-02-19,2020-08-31,BAKKA.OL,0.0010060362173038,benchmark
2020 crash + recovery,1/N Equal Weight,benchmark,"B (point-in-time, the actual test)",not applicable,2020-02-19,2020-08-31,HRA.MI,0.0010060362173038,benchmark
2020 crash + recovery,1/N Equal Weight,benchmark,"B (point-in-time, the actual test)",not applicable,2020-02-19,2020-08-31,BCVN.S,0.0010060362173038,benchmark
2020 crash + recovery,1/N Equal Weight,benchmark,"B (point-in-time, the actual test)",not applicable,2020-02-19,2020-08-31,STB.OL,0.0010060362173038,benchmark
2020 crash + recovery,1/N Equal Weight,benchmark,"B (point-in-time, the actual test)",not applicable,2020-02-19,2020-08-31,BOUY.PA,0.0010060362173038,benchmark
2020 crash + recovery,1/N Equal Weight,benchmark,"B (point-in-time, the actual test)",not applicable,2020-02-19,2020-08-31,AXAF.PA,0.0010060362173038,benchmark
2020 crash + recovery,1/N Equal Weight,benchmark,"B (point-in-time, the actual test)",not applicable,2020-02-19,2020-08-31,TEGG.DE,0.0010060362173038,benchmark
2020 crash + recovery,1/N Equal Weight,benchmark,"B (point-in-time, the actual test)",not applicable,2020-02-19,2020-08-31,GASI.MI,0.0010060362173038,benchmark
2020 crash + recovery,1/N Equal Weight,benchmark,"B (point-in-time, the actual test)",not applicable,2020-02-19,2020-08-31,UU.L,0.0010060362173038,benchmark
2020 crash + recovery,1/N Equal Weight,benchmark,"B (point-in-time, the actual test)",not applicable,2020-02-19,2020-08-31,ACPP.WA,0.0010060362173038,benchmark
2020 crash + recovery,1/N Equal Weight,benchmark,"B (point-in-time, the actual test)",not applicable,2020-02-19,2020-08-31,MWDP.PA,0.0010060362173038,benchmark
2020 crash + recovery,1/N Equal Weight,benchmark,"B (point-in-time, the actual test)",not applicable,2020-02-19,2020-08-31,A2.MI,0.0010060362173038,benchmark
2020 crash + recovery,1/N Equal Weight,benchmark,"B (point-in-time, the actual test)",not applicable,2020-02-19,2020-08-31,ZELA.CO,0.0010060362173038,benchmark
2020 crash + recovery,1/N Equal Weight,benchmark,"B (point-in-time, the actual test)",not applicable,2020-02-19,2020-08-31,REDE.MC,0.0010060362173038,benchmark
2020 crash + recovery,1/N Equal Weight,benchmark,"B (point-in-time, the actual test)",not applicable,2020-02-19,2020-08-31,TEPRF.PA,0.0010060362173038,benchmark
2020 crash + recovery,1/N Equal Weight,benchmark,"B (point-in-time, the actual test)",not applicable,2020-02-19,2020-08-31,STMMI.MI,0.0010060362173038,benchmark
2020 crash + recovery,1/N Equal Weight,benchmark,"B (point-in-time, the actual test)",not applicable,2020-02-19,2020-08-31,EQNR.OL,0.0010060362173038,benchmark
2020 crash + recovery,1/N Equal Weight,benchmark,"B (point-in-time, the actual test)",not applicable,2020-02-19,2020-08-31,VLOF.PA,0.0010060362173038,benchmark
2020 crash + recovery,1/N Equal Weight,benchmark,"B (point-in-time, the actual test)",not applicable,2020-02-19,2020-08-31,ALKb.CO,0.0010060362173038,benchmark
2020 crash + recovery,1/N Equal Weight,benchmark,"B (point-in-time, the actual test)",not applicable,2020-02-19,2020-08-31,SECUb.ST,0.0010060362173038,benchmark
2020 crash + recovery,1/N Equal Weight,benchmark,"B (point-in-time, the actual test)",not applicable,2020-02-19,2020-08-31,EMG.L,0.0010060362173038,benchmark
2020 crash + recovery,1/N Equal Weight,benchmark,"B (point-in-time, the actual test)",not applicable,2020-02-19,2020-08-31,EXHO.PA,0.0010060362173038,benchmark
2020 crash + recovery,1/N Equal Weight,benchmark,"B (point-in-time, the actual test)",not applicable,2020-02-19,2020-08-31,SSABb.ST,0.0010060362173038,benchmark
2020 crash + recovery,1/N Equal Weight,benchmark,"B (point-in-time, the actual test)",not applicable,2020-02-19,2020-08-31,AZN.L,0.0010060362173038,benchmark
2020 crash + recovery,1/N Equal Weight,benchmark,"B (point-in-time, the actual test)",not applicable,2020-02-19,2020-08-31,BKGH.L,0.0010060362173038,benchmark
2020 crash + recovery,1/N Equal Weight,benchmark,"B (point-in-time, the actual test)",not applicable,2020-02-19,2020-08-31,ICGIN.L,0.0010060362173038,benchmark
2020 crash + recovery,1/N Equal Weight,benchmark,"B (point-in-time, the actual test)",not applicable,2020-02-19,2020-08-31,AUTOA.L,0.0010060362173038,benchmark
2020 crash + recovery,1/N Equal Weight,benchmark,"B (point-in-time, the actual test)",not applicable,2020-02-19,2020-08-31,RMV.L,0.0010060362173038,benchmark
2020 crash + recovery,1/N Equal Weight,benchmark,"B (point-in-time, the actual test)",not applicable,2020-02-19,2020-08-31,VZN.S,0.0010060362173038,benchmark
2020 crash + recovery,1/N Equal Weight,benchmark,"B (point-in-time, the actual test)",not applicable,2020-02-19,2020-08-31,IETB.BR,0.0010060362173038,benchmark
2020 crash + recovery,1/N Equal Weight,benchmark,"B (point-in-time, the actual test)",not applicable,2020-02-19,2020-08-31,IMCD.AS,0.0010060362173038,benchmark
2020 crash + recovery,1/N Equal Weight,benchmark,"B (point-in-time, the actual test)",not applicable,2020-02-19,2020-08-31,SWEDa.ST,0.0010060362173038,benchmark
2020 crash + recovery,1/N Equal Weight,benchmark,"B (point-in-time, the actual test)",not applicable,2020-02-19,2020-08-31,SCHN.PA,0.0010060362173038,benchmark
2020 crash + recovery,1/N Equal Weight,benchmark,"B (point-in-time, the actual test)",not applicable,2020-02-19,2020-08-31,KPN.AS,0.0010060362173038,benchmark
2020 crash + recovery,1/N Equal Weight,benchmark,"B (point-in-time, the actual test)",not applicable,2020-02-19,2020-08-31,WBSV.VI,0.0010060362173038,benchmark
2020 crash + recovery,1/N Equal Weight,benchmark,"B (point-in-time, the actual test)",not applicable,2020-02-19,2020-08-31,TEL2b.ST,0.0010060362173038,benchmark
2020 crash + recovery,1/N Equal Weight,benchmark,"B (point-in-time, the actual test)",not applicable,2020-02-19,2020-08-31,WLSNc.AS,0.0010060362173038,benchmark
2020 crash + recovery,1/N Equal Weight,benchmark,"B (point-in-time, the actual test)",not applicable,2020-02-19,2020-08-31,BP.L,0.0010060362173038,benchmark
2020 crash + recovery,1/N Equal Weight,benchmark,"B (point-in-time, the actual test)",not applicable,2020-02-19,2020-08-31,LLOY.L,0.0010060362173038,benchmark
2020 crash + recovery,1/N Equal Weight,benchmark,"B (point-in-time, the actual test)",not applicable,2020-02-19,2020-08-31,ARDS.AS,0.0010060362173038,benchmark
2020 crash + recovery,1/N Equal Weight,benchmark,"B (point-in-time, the actual test)",not applicable,2020-02-19,2020-08-31,SFSN.S,0.0010060362173038,benchmark
2020 crash + recovery,1/N Equal Weight,benchmark,"B (point-in-time, the actual test)",not applicable,2020-02-19,2020-08-31,CCH.L,0.0010060362173038,benchmark
2020 crash + recovery,1/N Equal Weight,benchmark,"B (point-in-time, the actual test)",not applicable,2020-02-19,2020-08-31,MOWI.OL,0.0010060362173038,benchmark
2020 crash + recovery,1/N Equal Weight,benchmark,"B (point-in-time, the actual test)",not applicable,2020-02-19,2020-08-31,SAN.MC,0.0010060362173038,benchmark
2020 crash + recovery,1/N Equal Weight,benchmark,"B (point-in-time, the actual test)",not applicable,2020-02-19,2020-08-31,HLMA.L,0.0010060362173038,benchmark
2020 crash + recovery,1/N Equal Weight,benchmark,"B (point-in-time, the actual test)",not applicable,2020-02-19,2020-08-31,SIEGn.DE,0.0010060362173038,benchmark
2020 crash + recovery,1/N Equal Weight,benchmark,"B (point-in-time, the actual test)",not applicable,2020-02-19,2020-08-31,THULE.ST,0.0010060362173038,benchmark
2020 crash + recovery,1/N Equal Weight,benchmark,"B (point-in-time, the actual test)",not applicable,2020-02-19,2020-08-31,KEMIRA.HE,0.0010060362173038,benchmark
2020 crash + recovery,1/N Equal Weight,benchmark,"B (point-in-time, the actual test)",not applicable,2020-02-19,2020-08-31,HUH1V.HE,0.0010060362173038,benchmark
2020 crash + recovery,1/N Equal Weight,benchmark,"B (point-in-time, the actual test)",not applicable,2020-02-19,2020-08-31,ABBN.S,0.0010060362173038,benchmark
2020 crash + recovery,1/N Equal Weight,benchmark,"B (point-in-time, the actual test)",not applicable,2020-02-19,2020-08-31,UNPI.MI,0.0010060362173038,benchmark
2020 crash + recovery,1/N Equal Weight,benchmark,"B (point-in-time, the actual test)",not applicable,2020-02-19,2020-08-31,RS1R.L,0.0010060362173038,benchmark
2020 crash + recovery,1/N Equal Weight,benchmark,"B (point-in-time, the actual test)",not applicable,2020-02-19,2020-08-31,BC8G.DE,0.0010060362173038,benchmark
2020 crash + recovery,1/N Equal Weight,benchmark,"B (point-in-time, the actual test)",not applicable,2020-02-19,2020-08-31,RHMG.DE,0.0010060362173038,benchmark
2020 crash + recovery,1/N Equal Weight,benchmark,"B (point-in-time, the actual test)",not applicable,2020-02-19,2020-08-31,AIRP.PA,0.0010060362173038,benchmark
2020 crash + recovery,1/N Equal Weight,benchmark,"B (point-in-time, the actual test)",not applicable,2020-02-19,2020-08-31,GETP.PA,0.0010060362173038,benchmark
2020 crash + recovery,1/N Equal Weight,benchmark,"B (point-in-time, the actual test)",not applicable,2020-02-19,2020-08-31,HEIO.AS,0.0010060362173038,benchmark
2020 crash + recovery,1/N Equal Weight,benchmark,"B (point-in-time, the actual test)",not applicable,2020-02-19,2020-08-31,ROR.L,0.0010060362173038,benchmark
2020 crash + recovery,1/N Equal Weight,benchmark,"B (point-in-time, the actual test)",not applicable,2020-02-19,2020-08-31,FHZN.S,0.0010060362173038,benchmark
2020 crash + recovery,1/N Equal Weight,benchmark,"B (point-in-time, the actual test)",not applicable,2020-02-19,2020-08-31,DTEGn.DE,0.0010060362173038,benchmark
2020 crash + recovery,1/N Equal Weight,benchmark,"B (point-in-time, the actual test)",not applicable,2020-02-19,2020-08-31,STAN.L,0.0010060362173038,benchmark
2020 crash + recovery,1/N Equal Weight,benchmark,"B (point-in-time, the actual test)",not applicable,2020-02-19,2020-08-31,RR.L,0.0010060362173038,benchmark
2020 crash + recovery,1/N Equal Weight,benchmark,"B (point-in-time, the actual test)",not applicable,2020-02-19,2020-08-31,ADSGn.DE,0.0010060362173038,benchmark
2020 crash + recovery,1/N Equal Weight,benchmark,"B (point-in-time, the actual test)",not applicable,2020-02-19,2020-08-31,MYCR.ST,0.0010060362173038,benchmark
2020 crash + recovery,1/N Equal Weight,benchmark,"B (point-in-time, the actual test)",not applicable,2020-02-19,2020-08-31,SASY.PA,0.0010060362173038,benchmark
2020 crash + recovery,1/N Equal Weight,benchmark,"B (point-in-time, the actual test)",not applicable,2020-02-19,2020-08-31,FOUG.PA,0.0010060362173038,benchmark
2020 crash + recovery,1/N Equal Weight,benchmark,"B (point-in-time, the actual test)",not applicable,2020-02-19,2020-08-31,UBSG.S,0.0010060362173038,benchmark
2020 crash + recovery,1/N Equal Weight,benchmark,"B (point-in-time, the actual test)",not applicable,2020-02-19,2020-08-31,STLAM.MI,0.0010060362173038,benchmark
2020 crash + recovery,1/N Equal Weight,benchmark,"B (point-in-time, the actual test)",not applicable,2020-02-19,2020-08-31,RAND.AS,0.0010060362173038,benchmark
2020 crash + recovery,1/N Equal Weight,benchmark,"B (point-in-time, the actual test)",not applicable,2020-02-19,2020-08-31,NOD.OL,0.0010060362173038,benchmark
2020 crash + recovery,1/N Equal Weight,benchmark,"B (point-in-time, the actual test)",not applicable,2020-02-19,2020-08-31,MKS.L,0.0010060362173038,benchmark
2020 crash + recovery,1/N Equal Weight,benchmark,"B (point-in-time, the actual test)",not applicable,2020-02-19,2020-08-31,JMAT.L,0.0010060362173038,benchmark
2020 crash + recovery,1/N Equal Weight,benchmark,"B (point-in-time, the actual test)",not applicable,2020-02-19,2020-08-31,ENT.L,0.0010060362173038,benchmark
2020 crash + recovery,1/N Equal Weight,benchmark,"B (point-in-time, the actual test)",not applicable,2020-02-19,2020-08-31,ASRNL.AS,0.0010060362173038,benchmark
2020 crash + recovery,1/N Equal Weight,benchmark,"B (point-in-time, the actual test)",not applicable,2020-02-19,2020-08-31,PSPN.S,0.0010060362173038,benchmark
2020 crash + recovery,1/N Equal Weight,benchmark,"B (point-in-time, the actual test)",not applicable,2020-02-19,2020-08-31,UTG.L,0.0010060362173038,benchmark
2020 crash + recovery,1/N Equal Weight,benchmark,"B (point-in-time, the actual test)",not applicable,2020-02-19,2020-08-31,SABE.MC,0.0010060362173038,benchmark
2020 crash + recovery,1/N Equal Weight,benchmark,"B (point-in-time, the actual test)",not applicable,2020-02-19,2020-08-31,IFXGn.DE,0.0010060362173038,benchmark
2020 crash + recovery,1/N Equal Weight,benchmark,"B (point-in-time, the actual test)",not applicable,2020-02-19,2020-08-31,CAGR.PA,0.0010060362173038,benchmark
2020 crash + recovery,1/N Equal Weight,benchmark,"B (point-in-time, the actual test)",not applicable,2020-02-19,2020-08-31,TELIA.ST,0.0010060362173038,benchmark
2020 crash + recovery,1/N Equal Weight,benchmark,"B (point-in-time, the actual test)",not applicable,2020-02-19,2020-08-31,PRTP.PA,0.0010060362173038,benchmark
2020 crash + recovery,1/N Equal Weight,benchmark,"B (point-in-time, the actual test)",not applicable,2020-02-19,2020-08-31,RECI.MI,0.0010060362173038,benchmark
2020 crash + recovery,1/N Equal Weight,benchmark,"B (point-in-time, the actual test)",not applicable,2020-02-19,2020-08-31,BATS.L,0.0010060362173038,benchmark
2020 crash + recovery,1/N Equal Weight,benchmark,"B (point-in-time, the actual test)",not applicable,2020-02-19,2020-08-31,SDFGn.DE,0.0010060362173038,benchmark
2020 crash + recovery,1/N Equal Weight,benchmark,"B (point-in-time, the actual test)",not applicable,2020-02-19,2020-08-31,ANA.MC,0.0010060362173038,benchmark
2020 crash + recovery,1/N Equal Weight,benchmark,"B (point-in-time, the actual test)",not applicable,2020-02-19,2020-08-31,ASSAb.ST,0.0010060362173038,benchmark
2020 crash + recovery,1/N Equal Weight,benchmark,"B (point-in-time, the actual test)",not applicable,2020-02-19,2020-08-31,ITRK.L,0.0010060362173038,benchmark
2020 crash + recovery,1/N Equal Weight,benchmark,"B (point-in-time, the actual test)",not applicable,2020-02-19,2020-08-31,NIBEb.ST,0.0010060362173038,benchmark
2020 crash + recovery,1/N Equal Weight,benchmark,"B (point-in-time, the actual test)",not applicable,2020-02-19,2020-08-31,HBANC.S,0.0010060362173038,benchmark
2020 crash + recovery,1/N Equal Weight,benchmark,"B (point-in-time, the actual test)",not applicable,2020-02-19,2020-08-31,FRO.OL,0.0010060362173038,benchmark
2020 crash + recovery,1/N Equal Weight,benchmark,"B (point-in-time, the actual test)",not applicable,2020-02-19,2020-08-31,SCOR.PA,0.0010060362173038,benchmark
2020 crash + recovery,1/N Equal Weight,benchmark,"B (point-in-time, the actual test)",not applicable,2020-02-19,2020-08-31,BALF.L,0.0010060362173038,benchmark
2020 crash + recovery,1/N Equal Weight,benchmark,"B (point-in-time, the actual test)",not applicable,2020-02-19,2020-08-31,JMT.LS,0.0010060362173038,benchmark
2020 crash + recovery,1/N Equal Weight,benchmark,"B (point-in-time, the actual test)",not applicable,2020-02-19,2020-08-31,SUN.S,0.0010060362173038,benchmark
2020 crash + recovery,1/N Equal Weight,benchmark,"B (point-in-time, the actual test)",not applicable,2020-02-19,2020-08-31,KCRA.HE,0.0010060362173038,benchmark
2020 crash + recovery,1/N Equal Weight,benchmark,"B (point-in-time, the actual test)",not applicable,2020-02-19,2020-08-31,KOG.OL,0.0010060362173038,benchmark
2020 crash + recovery,1/N Equal Weight,benchmark,"B (point-in-time, the actual test)",not applicable,2020-02-19,2020-08-31,ALLN.S,0.0010060362173038,benchmark
2020 crash + recovery,1/N Equal Weight,benchmark,"B (point-in-time, the actual test)",not applicable,2020-02-19,2020-08-31,ELI.BR,0.0010060362173038,benchmark
2020 crash + recovery,1/N Equal Weight,benchmark,"B (point-in-time, the actual test)",not applicable,2020-02-19,2020-08-31,HNRGn.DE,0.0010060362173038,benchmark
2020 crash + recovery,1/N Equal Weight,benchmark,"B (point-in-time, the actual test)",not applicable,2020-02-19,2020-08-31,CNA.L,0.0010060362173038,benchmark
2020 crash + recovery,1/N Equal Weight,benchmark,"B (point-in-time, the actual test)",not applicable,2020-02-19,2020-08-31,DSV.CO,0.0010060362173038,benchmark
2020 crash + recovery,1/N Equal Weight,benchmark,"B (point-in-time, the actual test)",not applicable,2020-02-19,2020-08-31,DB1Gn.DE,0.0010060362173038,benchmark
2020 crash + recovery,1/N Equal Weight,benchmark,"B (point-in-time, the actual test)",not applicable,2020-02-19,2020-08-31,BVI.PA,0.0010060362173038,benchmark
2020 crash + recovery,1/N Equal Weight,benchmark,"B (point-in-time, the actual test)",not applicable,2020-02-19,2020-08-31,IG.MI,0.0010060362173038,benchmark
2020 crash + recovery,1/N Equal Weight,benchmark,"B (point-in-time, the actual test)",not applicable,2020-02-19,2020-08-31,TTEF.PA,0.0010060362173038,benchmark
2020 crash + recovery,1/N Equal Weight,benchmark,"B (point-in-time, the actual test)",not applicable,2020-02-19,2020-08-31,MBGn.DE,0.0010060362173038,benchmark
2020 crash + recovery,1/N Equal Weight,benchmark,"B (point-in-time, the actual test)",not applicable,2020-02-19,2020-08-31,FBK.MI,0.0010060362173038,benchmark
2020 crash + recovery,1/N Equal Weight,benchmark,"B (point-in-time, the actual test)",not applicable,2020-02-19,2020-08-31,SAGAb.ST,0.0010060362173038,benchmark
2020 crash + recovery,1/N Equal Weight,benchmark,"B (point-in-time, the actual test)",not applicable,2020-02-19,2020-08-31,MTXGn.DE,0.0010060362173038,benchmark
2020 crash + recovery,1/N Equal Weight,benchmark,"B (point-in-time, the actual test)",not applicable,2020-02-19,2020-08-31,ALSYDB.CO,0.0010060362173038,benchmark
2020 crash + recovery,1/N Equal Weight,benchmark,"B (point-in-time, the actual test)",not applicable,2020-02-19,2020-08-31,SBNOR.OL,0.0010060362173038,benchmark
2020 crash + recovery,1/N Equal Weight,benchmark,"B (point-in-time, the actual test)",not applicable,2020-02-19,2020-08-31,SOGN.PA,0.0010060362173038,benchmark
2020 crash + recovery,1/N Equal Weight,benchmark,"B (point-in-time, the actual test)",not applicable,2020-02-19,2020-08-31,DBKGn.DE,0.0010060362173038,benchmark
2020 crash + recovery,1/N Equal Weight,benchmark,"B (point-in-time, the actual test)",not applicable,2020-02-19,2020-08-31,NWG.L,0.0010060362173038,benchmark
2020 crash + recovery,1/N Equal Weight,benchmark,"B (point-in-time, the actual test)",not applicable,2020-02-19,2020-08-31,SAND.ST,0.0010060362173038,benchmark
2020 crash + recovery,1/N Equal Weight,benchmark,"B (point-in-time, the actual test)",not applicable,2020-02-19,2020-08-31,NDXG.DE,0.0010060362173038,benchmark
2020 crash + recovery,1/N Equal Weight,benchmark,"B (point-in-time, the actual test)",not applicable,2020-02-19,2020-08-31,INWT.MI,0.0010060362173038,benchmark
2020 crash + recovery,1/N Equal Weight,benchmark,"B (point-in-time, the actual test)",not applicable,2020-02-19,2020-08-31,SRENH.S,0.0010060362173038,benchmark
2020 crash + recovery,1/N Equal Weight,benchmark,"B (point-in-time, the actual test)",not applicable,2020-02-19,2020-08-31,RILBA.CO,0.0010060362173038,benchmark
2020 crash + recovery,1/N Equal Weight,benchmark,"B (point-in-time, the actual test)",not applicable,2020-02-19,2020-08-31,JYSK.CO,0.0010060362173038,benchmark
2020 crash + recovery,1/N Equal Weight,benchmark,"B (point-in-time, the actual test)",not applicable,2020-02-19,2020-08-31,LOTB.BR,0.0010060362173038,benchmark
2020 crash + recovery,1/N Equal Weight,benchmark,"B (point-in-time, the actual test)",not applicable,2020-02-19,2020-08-31,AALB.AS,0.0010060362173038,benchmark
2020 crash + recovery,1/N Equal Weight,benchmark,"B (point-in-time, the actual test)",not applicable,2020-02-19,2020-08-31,NOKIA.HE,0.0010060362173038,benchmark
2020 crash + recovery,1/N Equal Weight,benchmark,"B (point-in-time, the actual test)",not applicable,2020-02-19,2020-08-31,BNRGn.DE,0.0010060362173038,benchmark
2020 crash + recovery,1/N Equal Weight,benchmark,"B (point-in-time, the actual test)",not applicable,2020-02-19,2020-08-31,AMA.MC,0.0010060362173038,benchmark
2020 crash + recovery,1/N Equal Weight,benchmark,"B (point-in-time, the actual test)",not applicable,2020-02-19,2020-08-31,BZU.MI,0.0010060362173038,benchmark
2020 crash + recovery,1/N Equal Weight,benchmark,"B (point-in-time, the actual test)",not applicable,2020-02-19,2020-08-31,BEZG.L,0.0010060362173038,benchmark
2020 crash + recovery,1/N Equal Weight,benchmark,"B (point-in-time, the actual test)",not applicable,2020-02-19,2020-08-31,AAL.L,0.0010060362173038,benchmark
2020 crash + recovery,1/N Equal Weight,benchmark,"B (point-in-time, the actual test)",not applicable,2020-02-19,2020-08-31,BOLL.PA,0.0010060362173038,benchmark
2020 crash + recovery,1/N Equal Weight,benchmark,"B (point-in-time, the actual test)",not applicable,2020-02-19,2020-08-31,AVANZ.ST,0.0010060362173038,benchmark
2020 crash + recovery,1/N Equal Weight,benchmark,"B (point-in-time, the actual test)",not applicable,2020-02-19,2020-08-31,RTO.L,0.0010060362173038,benchmark
2020 crash + recovery,1/N Equal Weight,benchmark,"B (point-in-time, the actual test)",not applicable,2020-02-19,2020-08-31,ABVX.PA,0.0010060362173038,benchmark
2020 crash + recovery,1/N Equal Weight,benchmark,"B (point-in-time, the actual test)",not applicable,2020-02-19,2020-08-31,BYG.L,0.0010060362173038,benchmark
2020 crash + recovery,1/N Equal Weight,benchmark,"B (point-in-time, the actual test)",not applicable,2020-02-19,2020-08-31,NSISb.CO,0.0010060362173038,benchmark
2020 crash + recovery,1/N Equal Weight,benchmark,"B (point-in-time, the actual test)",not applicable,2020-02-19,2020-08-31,ANTO.L,0.0010060362173038,benchmark
2020 crash + recovery,1/N Equal Weight,benchmark,"B (point-in-time, the actual test)",not applicable,2020-02-19,2020-08-31,MBK.WA,0.0010060362173038,benchmark
2020 crash + recovery,1/N Equal Weight,benchmark,"B (point-in-time, the actual test)",not applicable,2020-02-19,2020-08-31,RXL.PA,0.0010060362173038,benchmark
2020 crash + recovery,1/N Equal Weight,benchmark,"B (point-in-time, the actual test)",not applicable,2020-02-19,2020-08-31,ASML.AS,0.0010060362173038,benchmark
2020 crash + recovery,1/N Equal Weight,benchmark,"B (point-in-time, the actual test)",not applicable,2020-02-19,2020-08-31,BOL.ST,0.0010060362173038,benchmark
2020 crash + recovery,1/N Equal Weight,benchmark,"B (point-in-time, the actual test)",not applicable,2020-02-19,2020-08-31,CPG.L,0.0010060362173038,benchmark
2020 crash + recovery,1/N Equal Weight,benchmark,"B (point-in-time, the actual test)",not applicable,2020-02-19,2020-08-31,HSBA.L,0.0010060362173038,benchmark
2020 crash + recovery,1/N Equal Weight,benchmark,"B (point-in-time, the actual test)",not applicable,2020-02-19,2020-08-31,BNZL.L,0.0010060362173038,benchmark
2020 crash + recovery,1/N Equal Weight,benchmark,"B (point-in-time, the actual test)",not applicable,2020-02-19,2020-08-31,REY.MI,0.0010060362173038,benchmark
2020 crash + recovery,1/N Equal Weight,benchmark,"B (point-in-time, the actual test)",not applicable,2020-02-19,2020-08-31,VOWG_p.DE,0.0010060362173038,benchmark
2020 crash + recovery,1/N Equal Weight,benchmark,"B (point-in-time, the actual test)",not applicable,2020-02-19,2020-08-31,LOIM.PA,0.0010060362173038,benchmark
2020 crash + recovery,1/N Equal Weight,benchmark,"B (point-in-time, the actual test)",not applicable,2020-02-19,2020-08-31,DEMANT.CO,0.0010060362173038,benchmark
2020 crash + recovery,1/N Equal Weight,benchmark,"B (point-in-time, the actual test)",not applicable,2020-02-19,2020-08-31,PSN.L,0.0010060362173038,benchmark
2020 crash + recovery,1/N Equal Weight,benchmark,"B (point-in-time, the actual test)",not applicable,2020-02-19,2020-08-31,EMSN.S,0.0010060362173038,benchmark
2020 crash + recovery,1/N Equal Weight,benchmark,"B (point-in-time, the actual test)",not applicable,2020-02-19,2020-08-31,GFCP.PA,0.0010060362173038,benchmark
2020 crash + recovery,1/N Equal Weight,benchmark,"B (point-in-time, the actual test)",not applicable,2020-02-19,2020-08-31,UCB.BR,0.0010060362173038,benchmark
2020 crash + recovery,1/N Equal Weight,benchmark,"B (point-in-time, the actual test)",not applicable,2020-02-19,2020-08-31,NESTE.HE,0.0010060362173038,benchmark
2020 crash + recovery,1/N Equal Weight,benchmark,"B (point-in-time, the actual test)",not applicable,2020-02-19,2020-08-31,METSO.HE,0.0010060362173038,benchmark
2020 crash + recovery,1/N Equal Weight,benchmark,"B (point-in-time, the actual test)",not applicable,2020-02-19,2020-08-31,AIR.PA,0.0010060362173038,benchmark
2020 crash + recovery,1/N Equal Weight,benchmark,"B (point-in-time, the actual test)",not applicable,2020-02-19,2020-08-31,MRCG.DE,0.0010060362173038,benchmark
2020 crash + recovery,1/N Equal Weight,benchmark,"B (point-in-time, the actual test)",not applicable,2020-02-19,2020-08-31,CRDI.MI,0.0010060362173038,benchmark
2020 crash + recovery,1/N Equal Weight,benchmark,"B (point-in-time, the actual test)",not applicable,2020-02-19,2020-08-31,LEGD.PA,0.0010060362173038,benchmark
2020 crash + recovery,1/N Equal Weight,benchmark,"B (point-in-time, the actual test)",not applicable,2020-02-19,2020-08-31,G1AG.DE,0.0010060362173038,benchmark
2020 crash + recovery,1/N Equal Weight,benchmark,"B (point-in-time, the actual test)",not applicable,2020-02-19,2020-08-31,NHY.OL,0.0010060362173038,benchmark
2020 crash + recovery,1/N Equal Weight,benchmark,"B (point-in-time, the actual test)",not applicable,2020-02-19,2020-08-31,SPSN.S,0.0010060362173038,benchmark
2020 crash + recovery,1/N Equal Weight,benchmark,"B (point-in-time, the actual test)",not applicable,2020-02-19,2020-08-31,TPE.WA,0.0010060362173038,benchmark
2020 crash + recovery,1/N Equal Weight,benchmark,"B (point-in-time, the actual test)",not applicable,2020-02-19,2020-08-31,SHCS.L,0.0010060362173038,benchmark
2020 crash + recovery,1/N Equal Weight,benchmark,"B (point-in-time, the actual test)",not applicable,2020-02-19,2020-08-31,RUBF.PA,0.0010060362173038,benchmark
2020 crash + recovery,1/N Equal Weight,benchmark,"B (point-in-time, the actual test)",not applicable,2020-02-19,2020-08-31,NESN.S,0.0010060362173038,benchmark
2020 crash + recovery,1/N Equal Weight,benchmark,"B (point-in-time, the actual test)",not applicable,2020-02-19,2020-08-31,PNDORA.CO,0.0010060362173038,benchmark
2020 crash + recovery,1/N Equal Weight,benchmark,"B (point-in-time, the actual test)",not applicable,2020-02-19,2020-08-31,GLEN.L,0.0010060362173038,benchmark
2020 crash + recovery,1/N Equal Weight,benchmark,"B (point-in-time, the actual test)",not applicable,2020-02-19,2020-08-31,GBFG.DE,0.0010060362173038,benchmark
2020 crash + recovery,1/N Equal Weight,benchmark,"B (point-in-time, the actual test)",not applicable,2020-02-19,2020-08-31,CONG.DE,0.0010060362173038,benchmark
2020 crash + recovery,1/N Equal Weight,benchmark,"B (point-in-time, the actual test)",not applicable,2020-02-19,2020-08-31,BUCN.S,0.0010060362173038,benchmark
2020 crash + recovery,1/N Equal Weight,benchmark,"B (point-in-time, the actual test)",not applicable,2020-02-19,2020-08-31,SOPR.PA,0.0010060362173038,benchmark
2020 crash + recovery,1/N Equal Weight,benchmark,"B (point-in-time, the actual test)",not applicable,2020-02-19,2020-08-31,SPMI.MI,0.0010060362173038,benchmark
2020 crash + recovery,1/N Equal Weight,benchmark,"B (point-in-time, the actual test)",not applicable,2020-02-19,2020-08-31,ZALG.DE,0.0010060362173038,benchmark
2020 crash + recovery,1/N Equal Weight,benchmark,"B (point-in-time, the actual test)",not applicable,2020-02-19,2020-08-31,HIAB.HE,0.0010060362173038,benchmark
2020 crash + recovery,1/N Equal Weight,benchmark,"B (point-in-time, the actual test)",not applicable,2020-02-19,2020-08-31,SKAb.ST,0.0010060362173038,benchmark
2020 crash + recovery,1/N Equal Weight,benchmark,"B (point-in-time, the actual test)",not applicable,2020-02-19,2020-08-31,ZURN.S,0.0010060362173038,benchmark
2020 crash + recovery,1/N Equal Weight,benchmark,"B (point-in-time, the actual test)",not applicable,2020-02-19,2020-08-31,MUVGn.DE,0.0010060362173038,benchmark
2020 crash + recovery,1/N Equal Weight,benchmark,"B (point-in-time, the actual test)",not applicable,2020-02-19,2020-08-31,SRG.MI,0.0010060362173038,benchmark
2020 crash + recovery,1/N Equal Weight,benchmark,"B (point-in-time, the actual test)",not applicable,2020-02-19,2020-08-31,ABI.BR,0.0010060362173038,benchmark
2020 crash + recovery,1/N Equal Weight,benchmark,"B (point-in-time, the actual test)",not applicable,2020-02-19,2020-08-31,LVMH.PA,0.0010060362173038,benchmark
2020 crash + recovery,1/N Equal Weight,benchmark,"B (point-in-time, the actual test)",not applicable,2020-02-19,2020-08-31,WDPP.BR,0.0010060362173038,benchmark
2020 crash + recovery,1/N Equal Weight,benchmark,"B (point-in-time, the actual test)",not applicable,2020-02-19,2020-08-31,PSHG_p.DE,0.0010060362173038,benchmark
2020 crash + recovery,1/N Equal Weight,benchmark,"B (point-in-time, the actual test)",not applicable,2020-02-19,2020-08-31,COLOb.CO,0.0010060362173038,benchmark
2020 crash + recovery,1/N Equal Weight,benchmark,"B (point-in-time, the actual test)",not applicable,2020-02-19,2020-08-31,AGES.BR,0.0010060362173038,benchmark
2020 crash + recovery,1/N Equal Weight,benchmark,"B (point-in-time, the actual test)",not applicable,2020-02-19,2020-08-31,HOLMb.ST,0.0010060362173038,benchmark
2020 crash + recovery,1/N Equal Weight,benchmark,"B (point-in-time, the actual test)",not applicable,2020-02-19,2020-08-31,JD.L,0.0010060362173038,benchmark
2020 crash + recovery,1/N Equal Weight,benchmark,"B (point-in-time, the actual test)",not applicable,2020-02-19,2020-08-31,CAMX.ST,0.0010060362173038,benchmark
2020 crash + recovery,1/N Equal Weight,benchmark,"B (point-in-time, the actual test)",not applicable,2020-02-19,2020-08-31,GMAB.CO,0.0010060362173038,benchmark
2020 crash + recovery,1/N Equal Weight,benchmark,"B (point-in-time, the actual test)",not applicable,2020-02-19,2020-08-31,SPIE.PA,0.0010060362173038,benchmark
2020 crash + recovery,1/N Equal Weight,benchmark,"B (point-in-time, the actual test)",not applicable,2020-02-19,2020-08-31,GTT.PA,0.0010060362173038,benchmark
2020 crash + recovery,1/N Equal Weight,benchmark,"B (point-in-time, the actual test)",not applicable,2020-02-19,2020-08-31,ANDR.VI,0.0010060362173038,benchmark
2020 crash + recovery,1/N Equal Weight,benchmark,"B (point-in-time, the actual test)",not applicable,2020-02-19,2020-08-31,VIE.PA,0.0010060362173038,benchmark
2020 crash + recovery,1/N Equal Weight,benchmark,"B (point-in-time, the actual test)",not applicable,2020-02-19,2020-08-31,CFR.S,0.0010060362173038,benchmark
2020 crash + recovery,1/N Equal Weight,benchmark,"B (point-in-time, the actual test)",not applicable,2020-02-19,2020-08-31,SPX.L,0.0010060362173038,benchmark
2020 crash + recovery,1/N Equal Weight,benchmark,"B (point-in-time, the actual test)",not applicable,2020-02-19,2020-08-31,EXPN.L,0.0010060362173038,benchmark
2020 crash + recovery,1/N Equal Weight,benchmark,"B (point-in-time, the actual test)",not applicable,2020-02-19,2020-08-31,ISS.CO,0.0010060362173038,benchmark
2020 crash + recovery,1/N Equal Weight,benchmark,"B (point-in-time, the actual test)",not applicable,2020-02-19,2020-08-31,ELIS.PA,0.0010060362173038,benchmark
2020 crash + recovery,1/N Equal Weight,benchmark,"B (point-in-time, the actual test)",not applicable,2020-02-19,2020-08-31,ESLX.PA,0.0010060362173038,benchmark
2020 crash + recovery,1/N Equal Weight,benchmark,"B (point-in-time, the actual test)",not applicable,2020-02-19,2020-08-31,SCYR.MC,0.0010060362173038,benchmark
2020 crash + recovery,1/N Equal Weight,benchmark,"B (point-in-time, the actual test)",not applicable,2020-02-19,2020-08-31,CRDA.L,0.0010060362173038,benchmark
2020 crash + recovery,1/N Equal Weight,benchmark,"B (point-in-time, the actual test)",not applicable,2020-02-19,2020-08-31,KGX.DE,0.0010060362173038,benchmark
2020 crash + recovery,1/N Equal Weight,benchmark,"B (point-in-time, the actual test)",not applicable,2020-02-19,2020-08-31,HEIG.DE,0.0010060362173038,benchmark
2020 crash + recovery,1/N Equal Weight,benchmark,"B (point-in-time, the actual test)",not applicable,2020-02-19,2020-08-31,FMEG.DE,0.0010060362173038,benchmark
2020 crash + recovery,1/N Equal Weight,benchmark,"B (point-in-time, the actual test)",not applicable,2020-02-19,2020-08-31,CDR.WA,0.0010060362173038,benchmark
2020 crash + recovery,1/N Equal Weight,benchmark,"B (point-in-time, the actual test)",not applicable,2020-02-19,2020-08-31,KYGa.I,0.0010060362173038,benchmark
2020 crash + recovery,1/N Equal Weight,benchmark,"B (point-in-time, the actual test)",not applicable,2020-02-19,2020-08-31,INGP.WA,0.0010060362173038,benchmark
2020 crash + recovery,1/N Equal Weight,benchmark,"B (point-in-time, the actual test)",not applicable,2020-02-19,2020-08-31,AXFO.ST,0.0010060362173038,benchmark
2020 crash + recovery,1/N Equal Weight,benchmark,"B (point-in-time, the actual test)",not applicable,2020-02-19,2020-08-31,TBCG.L,0.0010060362173038,benchmark
2020 crash + recovery,1/N Equal Weight,benchmark,"B (point-in-time, the actual test)",not applicable,2020-02-19,2020-08-31,TSCO.L,0.0010060362173038,benchmark
2020 crash + recovery,1/N Equal Weight,benchmark,"B (point-in-time, the actual test)",not applicable,2020-02-19,2020-08-31,HEXAb.ST,0.0010060362173038,benchmark
2020 crash + recovery,1/N Equal Weight,benchmark,"B (point-in-time, the actual test)",not applicable,2020-02-19,2020-08-31,KESKOB.HE,0.0010060362173038,benchmark
2020 crash + recovery,1/N Equal Weight,benchmark,"B (point-in-time, the actual test)",not applicable,2020-02-19,2020-08-31,MRON.L,0.0010060362173038,benchmark
2020 crash + recovery,1/N Equal Weight,benchmark,"B (point-in-time, the actual test)",not applicable,2020-02-19,2020-08-31,PHP.L,0.0010060362173038,benchmark
2020 crash + recovery,1/N Equal Weight,benchmark,"B (point-in-time, the actual test)",not applicable,2020-02-19,2020-08-31,BNPP.PA,0.0010060362173038,benchmark
2020 crash + recovery,1/N Equal Weight,benchmark,"B (point-in-time, the actual test)",not applicable,2020-02-19,2020-08-31,DNB.OL,0.0010060362173038,benchmark
2020 crash + recovery,1/N Equal Weight,benchmark,"B (point-in-time, the actual test)",not applicable,2020-02-19,2020-08-31,HOCM.L,0.0010060362173038,benchmark
2020 crash + recovery,1/N Equal Weight,benchmark,"B (point-in-time, the actual test)",not applicable,2020-02-19,2020-08-31,ELISA.HE,0.0010060362173038,benchmark
2020 crash + recovery,1/N Equal Weight,benchmark,"B (point-in-time, the actual test)",not applicable,2020-02-19,2020-08-31,IDR.MC,0.0010060362173038,benchmark
2020 crash + recovery,1/N Equal Weight,benchmark,"B (point-in-time, the actual test)",not applicable,2020-02-19,2020-08-31,DANO.PA,0.0010060362173038,benchmark
2020 crash + recovery,1/N Equal Weight,benchmark,"B (point-in-time, the actual test)",not applicable,2020-02-19,2020-08-31,AV.L,0.0010060362173038,benchmark
2020 crash + recovery,1/N Equal Weight,benchmark,"B (point-in-time, the actual test)",not applicable,2020-02-19,2020-08-31,SGOB.PA,0.0010060362173038,benchmark
2020 crash + recovery,1/N Equal Weight,benchmark,"B (point-in-time, the actual test)",not applicable,2020-02-19,2020-08-31,CPRI.MI,0.0010060362173038,benchmark
2020 crash + recovery,1/N Equal Weight,benchmark,"B (point-in-time, the actual test)",not applicable,2020-02-19,2020-08-31,ENGIE.PA,0.0010060362173038,benchmark
2020 crash + recovery,1/N Equal Weight,benchmark,"B (point-in-time, the actual test)",not applicable,2020-02-19,2020-08-31,NXT.L,0.0010060362173038,benchmark
2020 crash + recovery,1/N Equal Weight,benchmark,"B (point-in-time, the actual test)",not applicable,2020-02-19,2020-08-31,FLS.CO,0.0010060362173038,benchmark
2020 crash + recovery,1/N Equal Weight,benchmark,"B (point-in-time, the actual test)",not applicable,2020-02-19,2020-08-31,TEL.OL,0.0010060362173038,benchmark
2020 crash + recovery,1/N Equal Weight,benchmark,"B (point-in-time, the actual test)",not applicable,2020-02-19,2020-08-31,SCMN.S,0.0010060362173038,benchmark
2020 crash + recovery,1/N Equal Weight,benchmark,"B (point-in-time, the actual test)",not applicable,2020-02-19,2020-08-31,GIVN.S,0.0010060362173038,benchmark
2020 crash + recovery,1/N Equal Weight,benchmark,"B (point-in-time, the actual test)",not applicable,2020-02-19,2020-08-31,UMI.BR,0.0010060362173038,benchmark
2020 crash + recovery,1/N Equal Weight,benchmark,"B (point-in-time, the actual test)",not applicable,2020-02-19,2020-08-31,TCFP.PA,0.0010060362173038,benchmark
2020 crash + recovery,1/N Equal Weight,benchmark,"B (point-in-time, the actual test)",not applicable,2020-02-19,2020-08-31,SBRY.L,0.0010060362173038,benchmark
2020 crash + recovery,1/N Equal Weight,benchmark,"B (point-in-time, the actual test)",not applicable,2020-02-19,2020-08-31,DKSH.S,0.0010060362173038,benchmark
2020 crash + recovery,1/N Equal Weight,benchmark,"B (point-in-time, the actual test)",not applicable,2020-02-19,2020-08-31,OREP.PA,0.0010060362173038,benchmark
2020 crash + recovery,1/N Equal Weight,benchmark,"B (point-in-time, the actual test)",not applicable,2020-02-19,2020-08-31,ITX.MC,0.0010060362173038,benchmark
2020 crash + recovery,1/N Equal Weight,benchmark,"B (point-in-time, the actual test)",not applicable,2020-02-19,2020-08-31,BBVA.MC,0.0010060362173038,benchmark
2020 crash + recovery,1/N Equal Weight,benchmark,"B (point-in-time, the actual test)",not applicable,2020-02-19,2020-08-31,SGRO.L,0.0010060362173038,benchmark
2020 crash + recovery,1/N Equal Weight,benchmark,"B (point-in-time, the actual test)",not applicable,2020-02-19,2020-08-31,BFT.WA,0.0010060362173038,benchmark
2020 crash + recovery,1/N Equal Weight,benchmark,"B (point-in-time, the actual test)",not applicable,2020-02-19,2020-08-31,SHBa.ST,0.0010060362173038,benchmark
2020 crash + recovery,1/N Equal Weight,benchmark,"B (point-in-time, the actual test)",not applicable,2020-02-19,2020-08-31,WALLb.ST,0.0010060362173038,benchmark
2020 crash + recovery,1/N Equal Weight,benchmark,"B (point-in-time, the actual test)",not applicable,2020-02-19,2020-08-31,NG.L,0.0010060362173038,benchmark
2020 crash + recovery,1/N Equal Weight,benchmark,"B (point-in-time, the actual test)",not applicable,2020-02-19,2020-08-31,PLUSP.L,0.0010060362173038,benchmark
2020 crash + recovery,1/N Equal Weight,benchmark,"B (point-in-time, the actual test)",not applicable,2020-02-19,2020-08-31,TOM.OL,0.0010060362173038,benchmark
2020 crash + recovery,1/N Equal Weight,benchmark,"B (point-in-time, the actual test)",not applicable,2020-02-19,2020-08-31,DLG.MI,0.0010060362173038,benchmark
2020 crash + recovery,1/N Equal Weight,benchmark,"B (point-in-time, the actual test)",not applicable,2020-02-19,2020-08-31,IHG.L,0.0010060362173038,benchmark
2020 crash + recovery,1/N Equal Weight,benchmark,"B (point-in-time, the actual test)",not applicable,2020-02-19,2020-08-31,AMUN.PA,0.0010060362173038,benchmark
2020 crash + recovery,1/N Equal Weight,benchmark,"B (point-in-time, the actual test)",not applicable,2020-02-19,2020-08-31,ALSO.PA,0.0010060362173038,benchmark
2020 crash + recovery,1/N Equal Weight,benchmark,"B (point-in-time, the actual test)",not applicable,2020-02-19,2020-08-31,LOOMIS.ST,0.0010060362173038,benchmark
2020 crash + recovery,1/N Equal Weight,benchmark,"B (point-in-time, the actual test)",not applicable,2020-02-19,2020-08-31,EMII.MI,0.0010060362173038,benchmark
2020 crash + recovery,1/N Equal Weight,benchmark,"B (point-in-time, the actual test)",not applicable,2020-02-19,2020-08-31,GSK.L,0.0010060362173038,benchmark
2020 crash + recovery,1/N Equal Weight,benchmark,"B (point-in-time, the actual test)",not applicable,2020-02-19,2020-08-31,LONN.S,0.0010060362173038,benchmark
2020 crash + recovery,1/N Equal Weight,benchmark,"B (point-in-time, the actual test)",not applicable,2020-02-19,2020-08-31,PUBP.PA,0.0010060362173038,benchmark
2020 crash + recovery,1/N Equal Weight,benchmark,"B (point-in-time, the actual test)",not applicable,2020-02-19,2020-08-31,VOLVb.ST,0.0010060362173038,benchmark
2020 crash + recovery,1/N Equal Weight,benchmark,"B (point-in-time, the actual test)",not applicable,2020-02-19,2020-08-31,REL.L,0.0010060362173038,benchmark
2020 crash + recovery,1/N Equal Weight,benchmark,"B (point-in-time, the actual test)",not applicable,2020-02-19,2020-08-31,CVO.PA,0.0010060362173038,benchmark
2020 crash + recovery,1/N Equal Weight,benchmark,"B (point-in-time, the actual test)",not applicable,2020-02-19,2020-08-31,INDUc.ST,0.0010060362173038,benchmark
2020 crash + recovery,1/N Equal Weight,benchmark,"B (point-in-time, the actual test)",not applicable,2020-02-19,2020-08-31,ABDN.L,0.0010060362173038,benchmark
2020 crash + recovery,1/N Equal Weight,benchmark,"B (point-in-time, the actual test)",not applicable,2020-02-19,2020-08-31,SOBIV.ST,0.0010060362173038,benchmark
2020 crash + recovery,1/N Equal Weight,benchmark,"B (point-in-time, the actual test)",not applicable,2020-02-19,2020-08-31,CABK.MC,0.0010060362173038,benchmark
2020 crash + recovery,1/N Equal Weight,benchmark,"B (point-in-time, the actual test)",not applicable,2020-02-19,2020-08-31,LIGHT.AS,0.0010060362173038,benchmark
2020 crash + recovery,1/N Equal Weight,benchmark,"B (point-in-time, the actual test)",not applicable,2020-02-19,2020-08-31,ABF.L,0.0010060362173038,benchmark
2020 crash + recovery,1/N Equal Weight,benchmark,"B (point-in-time, the actual test)",not applicable,2020-02-19,2020-08-31,ADML.L,0.0010060362173038,benchmark
2020 crash + recovery,1/N Equal Weight,benchmark,"B (point-in-time, the actual test)",not applicable,2020-02-19,2020-08-31,VID.MC,0.0010060362173038,benchmark
2020 crash + recovery,1/N Equal Weight,benchmark,"B (point-in-time, the actual test)",not applicable,2020-02-19,2020-08-31,VOPA.AS,0.0010060362173038,benchmark
2020 crash + recovery,1/N Equal Weight,benchmark,"B (point-in-time, the actual test)",not applicable,2020-02-19,2020-08-31,WPP.L,0.0010060362173038,benchmark
2020 crash + recovery,1/N Equal Weight,benchmark,"B (point-in-time, the actual test)",not applicable,2020-02-19,2020-08-31,LMPL.L,0.0010060362173038,benchmark
2020 crash + recovery,1/N Equal Weight,benchmark,"B (point-in-time, the actual test)",not applicable,2020-02-19,2020-08-31,FTKn.DE,0.0010060362173038,benchmark
2020 crash + recovery,1/N Equal Weight,benchmark,"B (point-in-time, the actual test)",not applicable,2020-02-19,2020-08-31,CBKG.DE,0.0010060362173038,benchmark
2020 crash + recovery,1/N Equal Weight,benchmark,"B (point-in-time, the actual test)",not applicable,2020-02-19,2020-08-31,SVT.L,0.0010060362173038,benchmark
2020 crash + recovery,1/N Equal Weight,benchmark,"B (point-in-time, the actual test)",not applicable,2020-02-19,2020-08-31,DIOR.PA,0.0010060362173038,benchmark
2020 crash + recovery,1/N Equal Weight,benchmark,"B (point-in-time, the actual test)",not applicable,2020-02-19,2020-08-31,SECTb.ST,0.0010060362173038,benchmark
2020 crash + recovery,1/N Equal Weight,benchmark,"B (point-in-time, the actual test)",not applicable,2020-02-19,2020-08-31,ICAG.L,0.0010060362173038,benchmark
2020 crash + recovery,1/N Equal Weight,benchmark,"B (point-in-time, the actual test)",not applicable,2020-02-19,2020-08-31,GJFG.OL,0.0010060362173038,benchmark
2020 crash + recovery,1/N Equal Weight,benchmark,"B (point-in-time, the actual test)",not applicable,2020-02-19,2020-08-31,EVDG.DE,0.0010060362173038,benchmark
2020 crash + recovery,1/N Equal Weight,benchmark,"B (point-in-time, the actual test)",not applicable,2020-02-19,2020-08-31,ENI.MI,0.0010060362173038,benchmark
2020 crash + recovery,1/N Equal Weight,benchmark,"B (point-in-time, the actual test)",not applicable,2020-02-19,2020-08-31,BEIG.DE,0.0010060362173038,benchmark
2020 crash + recovery,1/N Equal Weight,benchmark,"B (point-in-time, the actual test)",not applicable,2020-02-19,2020-08-31,DANSKE.CO,0.0010060362173038,benchmark
2020 crash + recovery,1/N Equal Weight,benchmark,"B (point-in-time, the actual test)",not applicable,2020-02-19,2020-08-31,HRMS.PA,0.0010060362173038,benchmark
2020 crash + recovery,1/N Equal Weight,benchmark,"B (point-in-time, the actual test)",not applicable,2020-02-19,2020-08-31,DGE.L,0.0010060362173038,benchmark
2020 crash + recovery,1/N Equal Weight,benchmark,"B (point-in-time, the actual test)",not applicable,2020-02-19,2020-08-31,ALFA.ST,0.0010060362173038,benchmark
2020 crash + recovery,1/N Equal Weight,benchmark,"B (point-in-time, the actual test)",not applicable,2020-02-19,2020-08-31,AEGN.AS,0.0010060362173038,benchmark
2020 crash + recovery,1/N Equal Weight,benchmark,"B (point-in-time, the actual test)",not applicable,2020-02-19,2020-08-31,BASFn.DE,0.0010060362173038,benchmark
2020 crash + recovery,1/N Equal Weight,benchmark,"B (point-in-time, the actual test)",not applicable,2020-02-19,2020-08-31,RIO.L,0.0010060362173038,benchmark
2020 crash + recovery,1/N Equal Weight,benchmark,"B (point-in-time, the actual test)",not applicable,2020-02-19,2020-08-31,LPPP.WA,0.0010060362173038,benchmark
2020 crash + recovery,1/N Equal Weight,benchmark,"B (point-in-time, the actual test)",not applicable,2020-02-19,2020-08-31,SN.L,0.0010060362173038,benchmark
2020 crash + recovery,1/N Equal Weight,benchmark,"B (point-in-time, the actual test)",not applicable,2020-02-19,2020-08-31,ITPG.MI,0.0010060362173038,benchmark
2020 crash + recovery,1/N Equal Weight,benchmark,"B (point-in-time, the actual test)",not applicable,2020-02-19,2020-08-31,SDLF.L,0.0010060362173038,benchmark
2020 crash + recovery,1/N Equal Weight,benchmark,"B (point-in-time, the actual test)",not applicable,2020-02-19,2020-08-31,REP.MC,0.0010060362173038,benchmark
2020 crash + recovery,1/N Equal Weight,benchmark,"B (point-in-time, the actual test)",not applicable,2020-02-19,2020-08-31,CAST.ST,0.0010060362173038,benchmark
2020 crash + recovery,1/N Equal Weight,benchmark,"B (point-in-time, the actual test)",not applicable,2020-02-19,2020-08-31,SWECb.ST,0.0010060362173038,benchmark
2020 crash + recovery,1/N Equal Weight,benchmark,"B (point-in-time, the actual test)",not applicable,2020-02-19,2020-08-31,MOBN.S,0.0010060362173038,benchmark
2020 crash + recovery,1/N Equal Weight,benchmark,"B (point-in-time, the actual test)",not applicable,2020-02-19,2020-08-31,SGSN.S,0.0010060362173038,benchmark
2020 crash + recovery,1/N Equal Weight,benchmark,"B (point-in-time, the actual test)",not applicable,2020-02-19,2020-08-31,BCP.LS,0.0010060362173038,benchmark
2020 crash + recovery,1/N Equal Weight,benchmark,"B (point-in-time, the actual test)",not applicable,2020-02-19,2020-08-31,TEF.MC,0.0010060362173038,benchmark
2020 crash + recovery,1/N Equal Weight,benchmark,"B (point-in-time, the actual test)",not applicable,2020-02-19,2020-08-31,BKWB.S,0.0010060362173038,benchmark
2020 crash + recovery,1/N Equal Weight,benchmark,"B (point-in-time, the actual test)",not applicable,2020-02-19,2020-08-31,KBC.BR,0.0010060362173038,benchmark
2020 crash + recovery,1/N Equal Weight,benchmark,"B (point-in-time, the actual test)",not applicable,2020-02-19,2020-08-31,VOES.VI,0.0010060362173038,benchmark
2020 crash + recovery,1/N Equal Weight,benchmark,"B (point-in-time, the actual test)",not applicable,2020-02-19,2020-08-31,SHEL.AS,0.0010060362173038,benchmark
2020 crash + recovery,1/N Equal Weight,benchmark,"B (point-in-time, the actual test)",not applicable,2020-02-19,2020-08-31,SOF.BR,0.0010060362173038,benchmark
2020 crash + recovery,1/N Equal Weight,benchmark,"B (point-in-time, the actual test)",not applicable,2020-02-19,2020-08-31,BALDb.ST,0.0010060362173038,benchmark
2020 crash + recovery,1/N Equal Weight,benchmark,"B (point-in-time, the actual test)",not applicable,2020-02-19,2020-08-31,BESI.AS,0.0010060362173038,benchmark
2020 crash + recovery,1/N Equal Weight,benchmark,"B (point-in-time, the actual test)",not applicable,2020-02-19,2020-08-31,ASMI.AS,0.0010060362173038,benchmark
2020 crash + recovery,1/N Equal Weight,benchmark,"B (point-in-time, the actual test)",not applicable,2020-02-19,2020-08-31,ELE.MC,0.0010060362173038,benchmark
2020 crash + recovery,1/N Equal Weight,benchmark,"B (point-in-time, the actual test)",not applicable,2020-02-19,2020-08-31,ORAN.PA,0.0010060362173038,benchmark
2020 crash + recovery,1/N Equal Weight,benchmark,"B (point-in-time, the actual test)",not applicable,2020-02-19,2020-08-31,SCAb.ST,0.0010060362173038,benchmark
2020 crash + recovery,1/N Equal Weight,benchmark,"B (point-in-time, the actual test)",not applicable,2020-02-19,2020-08-31,BMED.MI,0.0010060362173038,benchmark
2020 crash + recovery,1/N Equal Weight,benchmark,"B (point-in-time, the actual test)",not applicable,2020-02-19,2020-08-31,AIBG.I,0.0010060362173038,benchmark
2020 crash + recovery,1/N Equal Weight,benchmark,"B (point-in-time, the actual test)",not applicable,2020-02-19,2020-08-31,HEIN.AS,0.0010060362173038,benchmark
2020 crash + recovery,1/N Equal Weight,benchmark,"B (point-in-time, the actual test)",not applicable,2020-02-19,2020-08-31,KGF.L,0.0010060362173038,benchmark
2020 crash + recovery,1/N Equal Weight,benchmark,"B (point-in-time, the actual test)",not applicable,2020-02-19,2020-08-31,PUMG.DE,0.0010060362173038,benchmark
2020 crash + recovery,1/N Equal Weight,benchmark,"B (point-in-time, the actual test)",not applicable,2020-02-19,2020-08-31,HUBN.S,0.0010060362173038,benchmark
2020 crash + recovery,1/N Equal Weight,benchmark,"B (point-in-time, the actual test)",not applicable,2020-02-19,2020-08-31,ISP.MI,0.0010060362173038,benchmark
2020 crash + recovery,1/N Equal Weight,benchmark,"B (point-in-time, the actual test)",not applicable,2020-02-19,2020-08-31,PGHN.S,0.0010060362173038,benchmark
2020 crash + recovery,1/N Equal Weight,benchmark,"B (point-in-time, the actual test)",not applicable,2020-02-19,2020-08-31,UHR.S,0.0010060362173038,benchmark
2020 crash + recovery,1/N Equal Weight,benchmark,"B (point-in-time, the actual test)",not applicable,2020-02-19,2020-08-31,BARC.L,0.0010060362173038,benchmark
2020 crash + recovery,1/N Equal Weight,benchmark,"B (point-in-time, the actual test)",not applicable,2020-02-19,2020-08-31,AVOL.S,0.0010060362173038,benchmark
2020 crash + recovery,1/N Equal Weight,benchmark,"B (point-in-time, the actual test)",not applicable,2020-02-19,2020-08-31,TUI1n.DE,0.0010060362173038,benchmark
2020 crash + recovery,1/N Equal Weight,benchmark,"B (point-in-time, the actual test)",not applicable,2020-02-19,2020-08-31,STMN.S,0.0010060362173038,benchmark
2020 crash + recovery,1/N Equal Weight,benchmark,"B (point-in-time, the actual test)",not applicable,2020-02-19,2020-08-31,INDT.ST,0.0010060362173038,benchmark
2020 crash + recovery,1/N Equal Weight,benchmark,"B (point-in-time, the actual test)",not applicable,2020-02-19,2020-08-31,SLHN.S,0.0010060362173038,benchmark
2020 crash + recovery,1/N Equal Weight,benchmark,"B (point-in-time, the actual test)",not applicable,2020-02-19,2020-08-31,FORTUM.HE,0.0010060362173038,benchmark
2020 crash + recovery,1/N Equal Weight,benchmark,"B (point-in-time, the actual test)",not applicable,2020-02-19,2020-08-31,KLAC.OQ,0.0010060362173038,benchmark
2020 crash + recovery,1/N Equal Weight,benchmark,"B (point-in-time, the actual test)",not applicable,2020-02-19,2020-08-31,AME.N,0.0010060362173038,benchmark
2020 crash + recovery,1/N Equal Weight,benchmark,"B (point-in-time, the actual test)",not applicable,2020-02-19,2020-08-31,DUK.N,0.0010060362173038,benchmark
2020 crash + recovery,1/N Equal Weight,benchmark,"B (point-in-time, the actual test)",not applicable,2020-02-19,2020-08-31,CME.OQ,0.0010060362173038,benchmark
2020 crash + recovery,1/N Equal Weight,benchmark,"B (point-in-time, the actual test)",not applicable,2020-02-19,2020-08-31,FDX.N,0.0010060362173038,benchmark
2020 crash + recovery,1/N Equal Weight,benchmark,"B (point-in-time, the actual test)",not applicable,2020-02-19,2020-08-31,PG.N,0.0010060362173038,benchmark
2020 crash + recovery,1/N Equal Weight,benchmark,"B (point-in-time, the actual test)",not applicable,2020-02-19,2020-08-31,ACN.N,0.0010060362173038,benchmark
2020 crash + recovery,1/N Equal Weight,benchmark,"B (point-in-time, the actual test)",not applicable,2020-02-19,2020-08-31,FDS.N,0.0010060362173038,benchmark
2020 crash + recovery,1/N Equal Weight,benchmark,"B (point-in-time, the actual test)",not applicable,2020-02-19,2020-08-31,BAX.N,0.0010060362173038,benchmark
2020 crash + recovery,1/N Equal Weight,benchmark,"B (point-in-time, the actual test)",not applicable,2020-02-19,2020-08-31,ODFL.OQ,0.0010060362173038,benchmark
2020 crash + recovery,1/N Equal Weight,benchmark,"B (point-in-time, the actual test)",not applicable,2020-02-19,2020-08-31,XYL.N,0.0010060362173038,benchmark
2020 crash + recovery,1/N Equal Weight,benchmark,"B (point-in-time, the actual test)",not applicable,2020-02-19,2020-08-31,ADSK.OQ,0.0010060362173038,benchmark
2020 crash + recovery,1/N Equal Weight,benchmark,"B (point-in-time, the actual test)",not applicable,2020-02-19,2020-08-31,OMC.N,0.0010060362173038,benchmark
2020 crash + recovery,1/N Equal Weight,benchmark,"B (point-in-time, the actual test)",not applicable,2020-02-19,2020-08-31,UHS.N,0.0010060362173038,benchmark
2020 crash + recovery,1/N Equal Weight,benchmark,"B (point-in-time, the actual test)",not applicable,2020-02-19,2020-08-31,ERIE.OQ,0.0010060362173038,benchmark
2020 crash + recovery,1/N Equal Weight,benchmark,"B (point-in-time, the actual test)",not applicable,2020-02-19,2020-08-31,CLX.N,0.0010060362173038,benchmark
2020 crash + recovery,1/N Equal Weight,benchmark,"B (point-in-time, the actual test)",not applicable,2020-02-19,2020-08-31,DLTR.OQ,0.0010060362173038,benchmark
2020 crash + recovery,1/N Equal Weight,benchmark,"B (point-in-time, the actual test)",not applicable,2020-02-19,2020-08-31,CFG.N,0.0010060362173038,benchmark
2020 crash + recovery,1/N Equal Weight,benchmark,"B (point-in-time, the actual test)",not applicable,2020-02-19,2020-08-31,DHI.N,0.0010060362173038,benchmark
2020 crash + recovery,1/N Equal Weight,benchmark,"B (point-in-time, the actual test)",not applicable,2020-02-19,2020-08-31,EXPE.OQ,0.0010060362173038,benchmark
2020 crash + recovery,1/N Equal Weight,benchmark,"B (point-in-time, the actual test)",not applicable,2020-02-19,2020-08-31,CIEN.N,0.0010060362173038,benchmark
2020 crash + recovery,1/N Equal Weight,benchmark,"B (point-in-time, the actual test)",not applicable,2020-02-19,2020-08-31,ELV.N,0.0010060362173038,benchmark
2020 crash + recovery,1/N Equal Weight,benchmark,"B (point-in-time, the actual test)",not applicable,2020-02-19,2020-08-31,WY.N,0.0010060362173038,benchmark
2020 crash + recovery,1/N Equal Weight,benchmark,"B (point-in-time, the actual test)",not applicable,2020-02-19,2020-08-31,CMS.N,0.0010060362173038,benchmark
2020 crash + recovery,1/N Equal Weight,benchmark,"B (point-in-time, the actual test)",not applicable,2020-02-19,2020-08-31,CVS.N,0.0010060362173038,benchmark
2020 crash + recovery,1/N Equal Weight,benchmark,"B (point-in-time, the actual test)",not applicable,2020-02-19,2020-08-31,SPG.N,0.0010060362173038,benchmark
2020 crash + recovery,1/N Equal Weight,benchmark,"B (point-in-time, the actual test)",not applicable,2020-02-19,2020-08-31,MCHP.OQ,0.0010060362173038,benchmark
2020 crash + recovery,1/N Equal Weight,benchmark,"B (point-in-time, the actual test)",not applicable,2020-02-19,2020-08-31,UAL.OQ,0.0010060362173038,benchmark
2020 crash + recovery,1/N Equal Weight,benchmark,"B (point-in-time, the actual test)",not applicable,2020-02-19,2020-08-31,BG.N,0.0010060362173038,benchmark
2020 crash + recovery,1/N Equal Weight,benchmark,"B (point-in-time, the actual test)",not applicable,2020-02-19,2020-08-31,CCI.N,0.0010060362173038,benchmark
2020 crash + recovery,1/N Equal Weight,benchmark,"B (point-in-time, the actual test)",not applicable,2020-02-19,2020-08-31,WEC.N,0.0010060362173038,benchmark
2020 crash + recovery,1/N Equal Weight,benchmark,"B (point-in-time, the actual test)",not applicable,2020-02-19,2020-08-31,STLD.OQ,0.0010060362173038,benchmark
2020 crash + recovery,1/N Equal Weight,benchmark,"B (point-in-time, the actual test)",not applicable,2020-02-19,2020-08-31,FCX.N,0.0010060362173038,benchmark
2020 crash + recovery,1/N Equal Weight,benchmark,"B (point-in-time, the actual test)",not applicable,2020-02-19,2020-08-31,FSLR.OQ,0.0010060362173038,benchmark
2020 crash + recovery,1/N Equal Weight,benchmark,"B (point-in-time, the actual test)",not applicable,2020-02-19,2020-08-31,EW.N,0.0010060362173038,benchmark
2020 crash + recovery,1/N Equal Weight,benchmark,"B (point-in-time, the actual test)",not applicable,2020-02-19,2020-08-31,MDT.N,0.0010060362173038,benchmark
2020 crash + recovery,1/N Equal Weight,benchmark,"B (point-in-time, the actual test)",not applicable,2020-02-19,2020-08-31,ALGN.OQ,0.0010060362173038,benchmark
2020 crash + recovery,1/N Equal Weight,benchmark,"B (point-in-time, the actual test)",not applicable,2020-02-19,2020-08-31,WST.N,0.0010060362173038,benchmark
2020 crash + recovery,1/N Equal Weight,benchmark,"B (point-in-time, the actual test)",not applicable,2020-02-19,2020-08-31,V.N,0.0010060362173038,benchmark
2020 crash + recovery,1/N Equal Weight,benchmark,"B (point-in-time, the actual test)",not applicable,2020-02-19,2020-08-31,HPE.N,0.0010060362173038,benchmark
2020 crash + recovery,1/N Equal Weight,benchmark,"B (point-in-time, the actual test)",not applicable,2020-02-19,2020-08-31,INTC.OQ,0.0010060362173038,benchmark
2020 crash + recovery,1/N Equal Weight,benchmark,"B (point-in-time, the actual test)",not applicable,2020-02-19,2020-08-31,SYF.N,0.0010060362173038,benchmark
2020 crash + recovery,1/N Equal Weight,benchmark,"B (point-in-time, the actual test)",not applicable,2020-02-19,2020-08-31,LNT.OQ,0.0010060362173038,benchmark
2020 crash + recovery,1/N Equal Weight,benchmark,"B (point-in-time, the actual test)",not applicable,2020-02-19,2020-08-31,NOW.N,0.0010060362173038,benchmark
2020 crash + recovery,1/N Equal Weight,benchmark,"B (point-in-time, the actual test)",not applicable,2020-02-19,2020-08-31,TKO.N,0.0010060362173038,benchmark
2020 crash + recovery,1/N Equal Weight,benchmark,"B (point-in-time, the actual test)",not applicable,2020-02-19,2020-08-31,DE.N,0.0010060362173038,benchmark
2020 crash + recovery,1/N Equal Weight,benchmark,"B (point-in-time, the actual test)",not applicable,2020-02-19,2020-08-31,LHX.N,0.0010060362173038,benchmark
2020 crash + recovery,1/N Equal Weight,benchmark,"B (point-in-time, the actual test)",not applicable,2020-02-19,2020-08-31,TROW.OQ,0.0010060362173038,benchmark
2020 crash + recovery,1/N Equal Weight,benchmark,"B (point-in-time, the actual test)",not applicable,2020-02-19,2020-08-31,GPC.N,0.0010060362173038,benchmark
2020 crash + recovery,1/N Equal Weight,benchmark,"B (point-in-time, the actual test)",not applicable,2020-02-19,2020-08-31,NVR.N,0.0010060362173038,benchmark
2020 crash + recovery,1/N Equal Weight,benchmark,"B (point-in-time, the actual test)",not applicable,2020-02-19,2020-08-31,LVS.N,0.0010060362173038,benchmark
2020 crash + recovery,1/N Equal Weight,benchmark,"B (point-in-time, the actual test)",not applicable,2020-02-19,2020-08-31,DECK.N,0.0010060362173038,benchmark
2020 crash + recovery,1/N Equal Weight,benchmark,"B (point-in-time, the actual test)",not applicable,2020-02-19,2020-08-31,PLD.N,0.0010060362173038,benchmark
2020 crash + recovery,1/N Equal Weight,benchmark,"B (point-in-time, the actual test)",not applicable,2020-02-19,2020-08-31,URI.N,0.0010060362173038,benchmark
2020 crash + recovery,1/N Equal Weight,benchmark,"B (point-in-time, the actual test)",not applicable,2020-02-19,2020-08-31,NI.N,0.0010060362173038,benchmark
2020 crash + recovery,1/N Equal Weight,benchmark,"B (point-in-time, the actual test)",not applicable,2020-02-19,2020-08-31,NTRS.OQ,0.0010060362173038,benchmark
2020 crash + recovery,1/N Equal Weight,benchmark,"B (point-in-time, the actual test)",not applicable,2020-02-19,2020-08-31,NOC.N,0.0010060362173038,benchmark
2020 crash + recovery,1/N Equal Weight,benchmark,"B (point-in-time, the actual test)",not applicable,2020-02-19,2020-08-31,MS.N,0.0010060362173038,benchmark
2020 crash + recovery,1/N Equal Weight,benchmark,"B (point-in-time, the actual test)",not applicable,2020-02-19,2020-08-31,YUM.N,0.0010060362173038,benchmark
2020 crash + recovery,1/N Equal Weight,benchmark,"B (point-in-time, the actual test)",not applicable,2020-02-19,2020-08-31,RMD.N,0.0010060362173038,benchmark
2020 crash + recovery,1/N Equal Weight,benchmark,"B (point-in-time, the actual test)",not applicable,2020-02-19,2020-08-31,SYK.N,0.0010060362173038,benchmark
2020 crash + recovery,1/N Equal Weight,benchmark,"B (point-in-time, the actual test)",not applicable,2020-02-19,2020-08-31,CL.N,0.0010060362173038,benchmark
2020 crash + recovery,1/N Equal Weight,benchmark,"B (point-in-time, the actual test)",not applicable,2020-02-19,2020-08-31,SO.N,0.0010060362173038,benchmark
2020 crash + recovery,1/N Equal Weight,benchmark,"B (point-in-time, the actual test)",not applicable,2020-02-19,2020-08-31,GS.N,0.0010060362173038,benchmark
2020 crash + recovery,1/N Equal Weight,benchmark,"B (point-in-time, the actual test)",not applicable,2020-02-19,2020-08-31,SLB.N,0.0010060362173038,benchmark
2020 crash + recovery,1/N Equal Weight,benchmark,"B (point-in-time, the actual test)",not applicable,2020-02-19,2020-08-31,BA.N,0.0010060362173038,benchmark
2020 crash + recovery,1/N Equal Weight,benchmark,"B (point-in-time, the actual test)",not applicable,2020-02-19,2020-08-31,HST.OQ,0.0010060362173038,benchmark
2020 crash + recovery,1/N Equal Weight,benchmark,"B (point-in-time, the actual test)",not applicable,2020-02-19,2020-08-31,CBRE.N,0.0010060362173038,benchmark
2020 crash + recovery,1/N Equal Weight,benchmark,"B (point-in-time, the actual test)",not applicable,2020-02-19,2020-08-31,IBKR.OQ,0.0010060362173038,benchmark
2020 crash + recovery,1/N Equal Weight,benchmark,"B (point-in-time, the actual test)",not applicable,2020-02-19,2020-08-31,IFF.N,0.0010060362173038,benchmark
2020 crash + recovery,1/N Equal Weight,benchmark,"B (point-in-time, the actual test)",not applicable,2020-02-19,2020-08-31,CHD.N,0.0010060362173038,benchmark
2020 crash + recovery,1/N Equal Weight,benchmark,"B (point-in-time, the actual test)",not applicable,2020-02-19,2020-08-31,SHW.N,0.0010060362173038,benchmark
2020 crash + recovery,1/N Equal Weight,benchmark,"B (point-in-time, the actual test)",not applicable,2020-02-19,2020-08-31,BLK.N,0.0010060362173038,benchmark
2020 crash + recovery,1/N Equal Weight,benchmark,"B (point-in-time, the actual test)",not applicable,2020-02-19,2020-08-31,HON.OQ,0.0010060362173038,benchmark
2020 crash + recovery,1/N Equal Weight,benchmark,"B (point-in-time, the actual test)",not applicable,2020-02-19,2020-08-31,GPN.N,0.0010060362173038,benchmark
2020 crash + recovery,1/N Equal Weight,benchmark,"B (point-in-time, the actual test)",not applicable,2020-02-19,2020-08-31,ADP.OQ,0.0010060362173038,benchmark
2020 crash + recovery,1/N Equal Weight,benchmark,"B (point-in-time, the actual test)",not applicable,2020-02-19,2020-08-31,AMT.N,0.0010060362173038,benchmark
2020 crash + recovery,1/N Equal Weight,benchmark,"B (point-in-time, the actual test)",not applicable,2020-02-19,2020-08-31,GLW.N,0.0010060362173038,benchmark
2020 crash + recovery,1/N Equal Weight,benchmark,"B (point-in-time, the actual test)",not applicable,2020-02-19,2020-08-31,AWK.N,0.0010060362173038,benchmark
2020 crash + recovery,1/N Equal Weight,benchmark,"B (point-in-time, the actual test)",not applicable,2020-02-19,2020-08-31,PNW.N,0.0010060362173038,benchmark
2020 crash + recovery,1/N Equal Weight,benchmark,"B (point-in-time, the actual test)",not applicable,2020-02-19,2020-08-31,PGR.N,0.0010060362173038,benchmark
2020 crash + recovery,1/N Equal Weight,benchmark,"B (point-in-time, the actual test)",not applicable,2020-02-19,2020-08-31,LUV.N,0.0010060362173038,benchmark
2020 crash + recovery,1/N Equal Weight,benchmark,"B (point-in-time, the actual test)",not applicable,2020-02-19,2020-08-31,IVZ.N,0.0010060362173038,benchmark
2020 crash + recovery,1/N Equal Weight,benchmark,"B (point-in-time, the actual test)",not applicable,2020-02-19,2020-08-31,CTAS.OQ,0.0010060362173038,benchmark
2020 crash + recovery,1/N Equal Weight,benchmark,"B (point-in-time, the actual test)",not applicable,2020-02-19,2020-08-31,PODD.OQ,0.0010060362173038,benchmark
2020 crash + recovery,1/N Equal Weight,benchmark,"B (point-in-time, the actual test)",not applicable,2020-02-19,2020-08-31,ABBV.N,0.0010060362173038,benchmark
2020 crash + recovery,1/N Equal Weight,benchmark,"B (point-in-time, the actual test)",not applicable,2020-02-19,2020-08-31,REG.OQ,0.0010060362173038,benchmark
2020 crash + recovery,1/N Equal Weight,benchmark,"B (point-in-time, the actual test)",not applicable,2020-02-19,2020-08-31,HUM.N,0.0010060362173038,benchmark
2020 crash + recovery,1/N Equal Weight,benchmark,"B (point-in-time, the actual test)",not applicable,2020-02-19,2020-08-31,GE.N,0.0010060362173038,benchmark
2020 crash + recovery,1/N Equal Weight,benchmark,"B (point-in-time, the actual test)",not applicable,2020-02-19,2020-08-31,GD.N,0.0010060362173038,benchmark
2020 crash + recovery,1/N Equal Weight,benchmark,"B (point-in-time, the actual test)",not applicable,2020-02-19,2020-08-31,MSI.N,0.0010060362173038,benchmark
2020 crash + recovery,1/N Equal Weight,benchmark,"B (point-in-time, the actual test)",not applicable,2020-02-19,2020-08-31,PWR.N,0.0010060362173038,benchmark
2020 crash + recovery,1/N Equal Weight,benchmark,"B (point-in-time, the actual test)",not applicable,2020-02-19,2020-08-31,TGT.N,0.0010060362173038,benchmark
2020 crash + recovery,1/N Equal Weight,benchmark,"B (point-in-time, the actual test)",not applicable,2020-02-19,2020-08-31,ARES.N,0.0010060362173038,benchmark
2020 crash + recovery,1/N Equal Weight,benchmark,"B (point-in-time, the actual test)",not applicable,2020-02-19,2020-08-31,HUBB.N,0.0010060362173038,benchmark
2020 crash + recovery,1/N Equal Weight,benchmark,"B (point-in-time, the actual test)",not applicable,2020-02-19,2020-08-31,AMAT.OQ,0.0010060362173038,benchmark
2020 crash + recovery,1/N Equal Weight,benchmark,"B (point-in-time, the actual test)",not applicable,2020-02-19,2020-08-31,INCY.OQ,0.0010060362173038,benchmark
2020 crash + recovery,1/N Equal Weight,benchmark,"B (point-in-time, the actual test)",not applicable,2020-02-19,2020-08-31,PYPL.OQ,0.0010060362173038,benchmark
2020 crash + recovery,1/N Equal Weight,benchmark,"B (point-in-time, the actual test)",not applicable,2020-02-19,2020-08-31,PSX.N,0.0010060362173038,benchmark
2020 crash + recovery,1/N Equal Weight,benchmark,"B (point-in-time, the actual test)",not applicable,2020-02-19,2020-08-31,NSC.N,0.0010060362173038,benchmark
2020 crash + recovery,1/N Equal Weight,benchmark,"B (point-in-time, the actual test)",not applicable,2020-02-19,2020-08-31,BXP.N,0.0010060362173038,benchmark
2020 crash + recovery,1/N Equal Weight,benchmark,"B (point-in-time, the actual test)",not applicable,2020-02-19,2020-08-31,CAH.N,0.0010060362173038,benchmark
2020 crash + recovery,1/N Equal Weight,benchmark,"B (point-in-time, the actual test)",not applicable,2020-02-19,2020-08-31,LDOS.N,0.0010060362173038,benchmark
2020 crash + recovery,1/N Equal Weight,benchmark,"B (point-in-time, the actual test)",not applicable,2020-02-19,2020-08-31,COF.N,0.0010060362173038,benchmark
2020 crash + recovery,1/N Equal Weight,benchmark,"B (point-in-time, the actual test)",not applicable,2020-02-19,2020-08-31,BALL.N,0.0010060362173038,benchmark
2020 crash + recovery,1/N Equal Weight,benchmark,"B (point-in-time, the actual test)",not applicable,2020-02-19,2020-08-31,OKE.N,0.0010060362173038,benchmark
2020 crash + recovery,1/N Equal Weight,benchmark,"B (point-in-time, the actual test)",not applicable,2020-02-19,2020-08-31,TSCO.OQ,0.0010060362173038,benchmark
2020 crash + recovery,1/N Equal Weight,benchmark,"B (point-in-time, the actual test)",not applicable,2020-02-19,2020-08-31,LOW.N,0.0010060362173038,benchmark
2020 crash + recovery,1/N Equal Weight,benchmark,"B (point-in-time, the actual test)",not applicable,2020-02-19,2020-08-31,MPWR.OQ,0.0010060362173038,benchmark
2020 crash + recovery,1/N Equal Weight,benchmark,"B (point-in-time, the actual test)",not applicable,2020-02-19,2020-08-31,LH.N,0.0010060362173038,benchmark
2020 crash + recovery,1/N Equal Weight,benchmark,"B (point-in-time, the actual test)",not applicable,2020-02-19,2020-08-31,JKHY.OQ,0.0010060362173038,benchmark
2020 crash + recovery,1/N Equal Weight,benchmark,"B (point-in-time, the actual test)",not applicable,2020-02-19,2020-08-31,TSLA.OQ,0.0010060362173038,benchmark
2020 crash + recovery,1/N Equal Weight,benchmark,"B (point-in-time, the actual test)",not applicable,2020-02-19,2020-08-31,RL.N,0.0010060362173038,benchmark
2020 crash + recovery,1/N Equal Weight,benchmark,"B (point-in-time, the actual test)",not applicable,2020-02-19,2020-08-31,AEP.OQ,0.0010060362173038,benchmark
2020 crash + recovery,1/N Equal Weight,benchmark,"B (point-in-time, the actual test)",not applicable,2020-02-19,2020-08-31,FE.N,0.0010060362173038,benchmark
2020 crash + recovery,1/N Equal Weight,benchmark,"B (point-in-time, the actual test)",not applicable,2020-02-19,2020-08-31,UNP.N,0.0010060362173038,benchmark
2020 crash + recovery,1/N Equal Weight,benchmark,"B (point-in-time, the actual test)",not applicable,2020-02-19,2020-08-31,VTR.N,0.0010060362173038,benchmark
2020 crash + recovery,1/N Equal Weight,benchmark,"B (point-in-time, the actual test)",not applicable,2020-02-19,2020-08-31,JBL.N,0.0010060362173038,benchmark
2020 crash + recovery,1/N Equal Weight,benchmark,"B (point-in-time, the actual test)",not applicable,2020-02-19,2020-08-31,CSGP.OQ,0.0010060362173038,benchmark
2020 crash + recovery,1/N Equal Weight,benchmark,"B (point-in-time, the actual test)",not applicable,2020-02-19,2020-08-31,RVTY.N,0.0010060362173038,benchmark
2020 crash + recovery,1/N Equal Weight,benchmark,"B (point-in-time, the actual test)",not applicable,2020-02-19,2020-08-31,ALL.N,0.0010060362173038,benchmark
2020 crash + recovery,1/N Equal Weight,benchmark,"B (point-in-time, the actual test)",not applicable,2020-02-19,2020-08-31,IP.N,0.0010060362173038,benchmark
2020 crash + recovery,1/N Equal Weight,benchmark,"B (point-in-time, the actual test)",not applicable,2020-02-19,2020-08-31,SNA.N,0.0010060362173038,benchmark
2020 crash + recovery,1/N Equal Weight,benchmark,"B (point-in-time, the actual test)",not applicable,2020-02-19,2020-08-31,EBAY.OQ,0.0010060362173038,benchmark
2020 crash + recovery,1/N Equal Weight,benchmark,"B (point-in-time, the actual test)",not applicable,2020-02-19,2020-08-31,TPL.N,0.0010060362173038,benchmark
2020 crash + recovery,1/N Equal Weight,benchmark,"B (point-in-time, the actual test)",not applicable,2020-02-19,2020-08-31,SJM.N,0.0010060362173038,benchmark
2020 crash + recovery,1/N Equal Weight,benchmark,"B (point-in-time, the actual test)",not applicable,2020-02-19,2020-08-31,KO.N,0.0010060362173038,benchmark
2020 crash + recovery,1/N Equal Weight,benchmark,"B (point-in-time, the actual test)",not applicable,2020-02-19,2020-08-31,FRT.N,0.0010060362173038,benchmark
2020 crash + recovery,1/N Equal Weight,benchmark,"B (point-in-time, the actual test)",not applicable,2020-02-19,2020-08-31,VRSN.OQ,0.0010060362173038,benchmark
2020 crash + recovery,1/N Equal Weight,benchmark,"B (point-in-time, the actual test)",not applicable,2020-02-19,2020-08-31,QCOM.OQ,0.0010060362173038,benchmark
2020 crash + recovery,1/N Equal Weight,benchmark,"B (point-in-time, the actual test)",not applicable,2020-02-19,2020-08-31,CNP.N,0.0010060362173038,benchmark
2020 crash + recovery,1/N Equal Weight,benchmark,"B (point-in-time, the actual test)",not applicable,2020-02-19,2020-08-31,CDNS.OQ,0.0010060362173038,benchmark
2020 crash + recovery,1/N Equal Weight,benchmark,"B (point-in-time, the actual test)",not applicable,2020-02-19,2020-08-31,MDLZ.OQ,0.0010060362173038,benchmark
2020 crash + recovery,1/N Equal Weight,benchmark,"B (point-in-time, the actual test)",not applicable,2020-02-19,2020-08-31,COHR.N,0.0010060362173038,benchmark
2020 crash + recovery,1/N Equal Weight,benchmark,"B (point-in-time, the actual test)",not applicable,2020-02-19,2020-08-31,UPS.N,0.0010060362173038,benchmark
2020 crash + recovery,1/N Equal Weight,benchmark,"B (point-in-time, the actual test)",not applicable,2020-02-19,2020-08-31,IBM.N,0.0010060362173038,benchmark
2020 crash + recovery,1/N Equal Weight,benchmark,"B (point-in-time, the actual test)",not applicable,2020-02-19,2020-08-31,MSCI.N,0.0010060362173038,benchmark
2020 crash + recovery,1/N Equal Weight,benchmark,"B (point-in-time, the actual test)",not applicable,2020-02-19,2020-08-31,MRK.N,0.0010060362173038,benchmark
2020 crash + recovery,1/N Equal Weight,benchmark,"B (point-in-time, the actual test)",not applicable,2020-02-19,2020-08-31,TRMB.OQ,0.0010060362173038,benchmark
2020 crash + recovery,1/N Equal Weight,benchmark,"B (point-in-time, the actual test)",not applicable,2020-02-19,2020-08-31,BIIB.OQ,0.0010060362173038,benchmark
2020 crash + recovery,1/N Equal Weight,benchmark,"B (point-in-time, the actual test)",not applicable,2020-02-19,2020-08-31,DXCM.OQ,0.0010060362173038,benchmark
2020 crash + recovery,1/N Equal Weight,benchmark,"B (point-in-time, the actual test)",not applicable,2020-02-19,2020-08-31,O.N,0.0010060362173038,benchmark
2020 crash + recovery,1/N Equal Weight,benchmark,"B (point-in-time, the actual test)",not applicable,2020-02-19,2020-08-31,VEEV.N,0.0010060362173038,benchmark
2020 crash + recovery,1/N Equal Weight,benchmark,"B (point-in-time, the actual test)",not applicable,2020-02-19,2020-08-31,BSX.N,0.0010060362173038,benchmark
2020 crash + recovery,1/N Equal Weight,benchmark,"B (point-in-time, the actual test)",not applicable,2020-02-19,2020-08-31,VTRS.OQ,0.0010060362173038,benchmark
2020 crash + recovery,1/N Equal Weight,benchmark,"B (point-in-time, the actual test)",not applicable,2020-02-19,2020-08-31,ORLY.OQ,0.0010060362173038,benchmark
2020 crash + recovery,1/N Equal Weight,benchmark,"B (point-in-time, the actual test)",not applicable,2020-02-19,2020-08-31,KMI.N,0.0010060362173038,benchmark
2020 crash + recovery,1/N Equal Weight,benchmark,"B (point-in-time, the actual test)",not applicable,2020-02-19,2020-08-31,CMI.N,0.0010060362173038,benchmark
2020 crash + recovery,1/N Equal Weight,benchmark,"B (point-in-time, the actual test)",not applicable,2020-02-19,2020-08-31,GWW.N,0.0010060362173038,benchmark
2020 crash + recovery,1/N Equal Weight,benchmark,"B (point-in-time, the actual test)",not applicable,2020-02-19,2020-08-31,ICE.N,0.0010060362173038,benchmark
2020 crash + recovery,1/N Equal Weight,benchmark,"B (point-in-time, the actual test)",not applicable,2020-02-19,2020-08-31,APO.N,0.0010060362173038,benchmark
2020 crash + recovery,1/N Equal Weight,benchmark,"B (point-in-time, the actual test)",not applicable,2020-02-19,2020-08-31,HAS.OQ,0.0010060362173038,benchmark
2020 crash + recovery,1/N Equal Weight,benchmark,"B (point-in-time, the actual test)",not applicable,2020-02-19,2020-08-31,DGX.N,0.0010060362173038,benchmark
2020 crash + recovery,1/N Equal Weight,benchmark,"B (point-in-time, the actual test)",not applicable,2020-02-19,2020-08-31,CPRT.OQ,0.0010060362173038,benchmark
2020 crash + recovery,1/N Equal Weight,benchmark,"B (point-in-time, the actual test)",not applicable,2020-02-19,2020-08-31,ADI.OQ,0.0010060362173038,benchmark
2020 crash + recovery,1/N Equal Weight,benchmark,"B (point-in-time, the actual test)",not applicable,2020-02-19,2020-08-31,SNPS.OQ,0.0010060362173038,benchmark
2020 crash + recovery,1/N Equal Weight,benchmark,"B (point-in-time, the actual test)",not applicable,2020-02-19,2020-08-31,NDSN.OQ,0.0010060362173038,benchmark
2020 crash + recovery,1/N Equal Weight,benchmark,"B (point-in-time, the actual test)",not applicable,2020-02-19,2020-08-31,PFG.OQ,0.0010060362173038,benchmark
2020 crash + recovery,1/N Equal Weight,benchmark,"B (point-in-time, the actual test)",not applicable,2020-02-19,2020-08-31,PKG.N,0.0010060362173038,benchmark
2020 crash + recovery,1/N Equal Weight,benchmark,"B (point-in-time, the actual test)",not applicable,2020-02-19,2020-08-31,TMO.N,0.0010060362173038,benchmark
2020 crash + recovery,1/N Equal Weight,benchmark,"B (point-in-time, the actual test)",not applicable,2020-02-19,2020-08-31,FICO.N,0.0010060362173038,benchmark
2020 crash + recovery,1/N Equal Weight,benchmark,"B (point-in-time, the actual test)",not applicable,2020-02-19,2020-08-31,IDXX.OQ,0.0010060362173038,benchmark
2020 crash + recovery,1/N Equal Weight,benchmark,"B (point-in-time, the actual test)",not applicable,2020-02-19,2020-08-31,TDY.N,0.0010060362173038,benchmark
2020 crash + recovery,1/N Equal Weight,benchmark,"B (point-in-time, the actual test)",not applicable,2020-02-19,2020-08-31,AES.N,0.0010060362173038,benchmark
2020 crash + recovery,1/N Equal Weight,benchmark,"B (point-in-time, the actual test)",not applicable,2020-02-19,2020-08-31,TMUS.OQ,0.0010060362173038,benchmark
2020 crash + recovery,1/N Equal Weight,benchmark,"B (point-in-time, the actual test)",not applicable,2020-02-19,2020-08-31,PH.N,0.0010060362173038,benchmark
2020 crash + recovery,1/N Equal Weight,benchmark,"B (point-in-time, the actual test)",not applicable,2020-02-19,2020-08-31,AIZ.N,0.0010060362173038,benchmark
2020 crash + recovery,1/N Equal Weight,benchmark,"B (point-in-time, the actual test)",not applicable,2020-02-19,2020-08-31,EIX.N,0.0010060362173038,benchmark
2020 crash + recovery,1/N Equal Weight,benchmark,"B (point-in-time, the actual test)",not applicable,2020-02-19,2020-08-31,TT.N,0.0010060362173038,benchmark
2020 crash + recovery,1/N Equal Weight,benchmark,"B (point-in-time, the actual test)",not applicable,2020-02-19,2020-08-31,DRI.N,0.0010060362173038,benchmark
2020 crash + recovery,1/N Equal Weight,benchmark,"B (point-in-time, the actual test)",not applicable,2020-02-19,2020-08-31,EFX.N,0.0010060362173038,benchmark
2020 crash + recovery,1/N Equal Weight,benchmark,"B (point-in-time, the actual test)",not applicable,2020-02-19,2020-08-31,CINF.OQ,0.0010060362173038,benchmark
2020 crash + recovery,1/N Equal Weight,benchmark,"B (point-in-time, the actual test)",not applicable,2020-02-19,2020-08-31,HLT.N,0.0010060362173038,benchmark
2020 crash + recovery,1/N Equal Weight,benchmark,"B (point-in-time, the actual test)",not applicable,2020-02-19,2020-08-31,CB.N,0.0010060362173038,benchmark
2020 crash + recovery,1/N Equal Weight,benchmark,"B (point-in-time, the actual test)",not applicable,2020-02-19,2020-08-31,WMT.OQ,0.0010060362173038,benchmark
2020 crash + recovery,1/N Equal Weight,benchmark,"B (point-in-time, the actual test)",not applicable,2020-02-19,2020-08-31,CBOE.Z,0.0010060362173038,benchmark
2020 crash + recovery,1/N Equal Weight,benchmark,"B (point-in-time, the actual test)",not applicable,2020-02-19,2020-08-31,KEYS.N,0.0010060362173038,benchmark
2020 crash + recovery,1/N Equal Weight,benchmark,"B (point-in-time, the actual test)",not applicable,2020-02-19,2020-08-31,CHRW.OQ,0.0010060362173038,benchmark
2020 crash + recovery,1/N Equal Weight,benchmark,"B (point-in-time, the actual test)",not applicable,2020-02-19,2020-08-31,TYL.N,0.0010060362173038,benchmark
2020 crash + recovery,1/N Equal Weight,benchmark,"B (point-in-time, the actual test)",not applicable,2020-02-19,2020-08-31,PM.N,0.0010060362173038,benchmark
2020 crash + recovery,1/N Equal Weight,benchmark,"B (point-in-time, the actual test)",not applicable,2020-02-19,2020-08-31,ES.N,0.0010060362173038,benchmark
2020 crash + recovery,1/N Equal Weight,benchmark,"B (point-in-time, the actual test)",not applicable,2020-02-19,2020-08-31,LII.N,0.0010060362173038,benchmark
2020 crash + recovery,1/N Equal Weight,benchmark,"B (point-in-time, the actual test)",not applicable,2020-02-19,2020-08-31,NWSA.OQ,0.0010060362173038,benchmark
2020 crash + recovery,1/N Equal Weight,benchmark,"B (point-in-time, the actual test)",not applicable,2020-02-19,2020-08-31,FIX.N,0.0010060362173038,benchmark
2020 crash + recovery,1/N Equal Weight,benchmark,"B (point-in-time, the actual test)",not applicable,2020-02-19,2020-08-31,NDAQ.OQ,0.0010060362173038,benchmark
2020 crash + recovery,1/N Equal Weight,benchmark,"B (point-in-time, the actual test)",not applicable,2020-02-19,2020-08-31,BAC.N,0.0010060362173038,benchmark
2020 crash + recovery,1/N Equal Weight,benchmark,"B (point-in-time, the actual test)",not applicable,2020-02-19,2020-08-31,RJF.N,0.0010060362173038,benchmark
2020 crash + recovery,1/N Equal Weight,benchmark,"B (point-in-time, the actual test)",not applicable,2020-02-19,2020-08-31,CAG.N,0.0010060362173038,benchmark
2020 crash + recovery,1/N Equal Weight,benchmark,"B (point-in-time, the actual test)",not applicable,2020-02-19,2020-08-31,FIS.N,0.0010060362173038,benchmark
2020 crash + recovery,1/N Equal Weight,benchmark,"B (point-in-time, the actual test)",not applicable,2020-02-19,2020-08-31,PHM.N,0.0010060362173038,benchmark
2020 crash + recovery,1/N Equal Weight,benchmark,"B (point-in-time, the actual test)",not applicable,2020-02-19,2020-08-31,FFIV.OQ,0.0010060362173038,benchmark
2020 crash + recovery,1/N Equal Weight,benchmark,"B (point-in-time, the actual test)",not applicable,2020-02-19,2020-08-31,DG.N,0.0010060362173038,benchmark
2020 crash + recovery,1/N Equal Weight,benchmark,"B (point-in-time, the actual test)",not applicable,2020-02-19,2020-08-31,WDC.OQ,0.0010060362173038,benchmark
2020 crash + recovery,1/N Equal Weight,benchmark,"B (point-in-time, the actual test)",not applicable,2020-02-19,2020-08-31,EL.N,0.0010060362173038,benchmark
2020 crash + recovery,1/N Equal Weight,benchmark,"B (point-in-time, the actual test)",not applicable,2020-02-19,2020-08-31,PEP.OQ,0.0010060362173038,benchmark
2020 crash + recovery,1/N Equal Weight,benchmark,"B (point-in-time, the actual test)",not applicable,2020-02-19,2020-08-31,TRGP.N,0.0010060362173038,benchmark
2020 crash + recovery,1/N Equal Weight,benchmark,"B (point-in-time, the actual test)",not applicable,2020-02-19,2020-08-31,USB.N,0.0010060362173038,benchmark
2020 crash + recovery,1/N Equal Weight,benchmark,"B (point-in-time, the actual test)",not applicable,2020-02-19,2020-08-31,AOS.N,0.0010060362173038,benchmark
2020 crash + recovery,1/N Equal Weight,benchmark,"B (point-in-time, the actual test)",not applicable,2020-02-19,2020-08-31,MSFT.OQ,0.0010060362173038,benchmark
2020 crash + recovery,1/N Equal Weight,benchmark,"B (point-in-time, the actual test)",not applicable,2020-02-19,2020-08-31,TRV.N,0.0010060362173038,benchmark
2020 crash + recovery,1/N Equal Weight,benchmark,"B (point-in-time, the actual test)",not applicable,2020-02-19,2020-08-31,PAYX.OQ,0.0010060362173038,benchmark
2020 crash + recovery,1/N Equal Weight,benchmark,"B (point-in-time, the actual test)",not applicable,2020-02-19,2020-08-31,HBAN.OQ,0.0010060362173038,benchmark
2020 crash + recovery,1/N Equal Weight,benchmark,"B (point-in-time, the actual test)",not applicable,2020-02-19,2020-08-31,COST.OQ,0.0010060362173038,benchmark
2020 crash + recovery,1/N Equal Weight,benchmark,"B (point-in-time, the actual test)",not applicable,2020-02-19,2020-08-31,WSM.N,0.0010060362173038,benchmark
2020 crash + recovery,1/N Equal Weight,benchmark,"B (point-in-time, the actual test)",not applicable,2020-02-19,2020-08-31,PANW.OQ,0.0010060362173038,benchmark
2020 crash + recovery,1/N Equal Weight,benchmark,"B (point-in-time, the actual test)",not applicable,2020-02-19,2020-08-31,MLM.N,0.0010060362173038,benchmark
2020 crash + recovery,1/N Equal Weight,benchmark,"B (point-in-time, the actual test)",not applicable,2020-02-19,2020-08-31,EVRG.OQ,0.0010060362173038,benchmark
2020 crash + recovery,1/N Equal Weight,benchmark,"B (point-in-time, the actual test)",not applicable,2020-02-19,2020-08-31,TXN.OQ,0.0010060362173038,benchmark
2020 crash + recovery,1/N Equal Weight,benchmark,"B (point-in-time, the actual test)",not applicable,2020-02-19,2020-08-31,MKC.N,0.0010060362173038,benchmark
2020 crash + recovery,1/N Equal Weight,benchmark,"B (point-in-time, the actual test)",not applicable,2020-02-19,2020-08-31,ISRG.OQ,0.0010060362173038,benchmark
2020 crash + recovery,1/N Equal Weight,benchmark,"B (point-in-time, the actual test)",not applicable,2020-02-19,2020-08-31,CMG.N,0.0010060362173038,benchmark
2020 crash + recovery,1/N Equal Weight,benchmark,"B (point-in-time, the actual test)",not applicable,2020-02-19,2020-08-31,CPT.N,0.0010060362173038,benchmark
2020 crash + recovery,1/N Equal Weight,benchmark,"B (point-in-time, the actual test)",not applicable,2020-02-19,2020-08-31,LLY.N,0.0010060362173038,benchmark
2020 crash + recovery,1/N Equal Weight,benchmark,"B (point-in-time, the actual test)",not applicable,2020-02-19,2020-08-31,MET.N,0.0010060362173038,benchmark
2020 crash + recovery,1/N Equal Weight,benchmark,"B (point-in-time, the actual test)",not applicable,2020-02-19,2020-08-31,T.N,0.0010060362173038,benchmark
2020 crash + recovery,1/N Equal Weight,benchmark,"B (point-in-time, the actual test)",not applicable,2020-02-19,2020-08-31,FAST.OQ,0.0010060362173038,benchmark
2020 crash + recovery,1/N Equal Weight,benchmark,"B (point-in-time, the actual test)",not applicable,2020-02-19,2020-08-31,COR.N,0.0010060362173038,benchmark
2020 crash + recovery,1/N Equal Weight,benchmark,"B (point-in-time, the actual test)",not applicable,2020-02-19,2020-08-31,XYZ.N,0.0010060362173038,benchmark
2020 crash + recovery,1/N Equal Weight,benchmark,"B (point-in-time, the actual test)",not applicable,2020-02-19,2020-08-31,ROST.OQ,0.0010060362173038,benchmark
2020 crash + recovery,1/N Equal Weight,benchmark,"B (point-in-time, the actual test)",not applicable,2020-02-19,2020-08-31,CPB.OQ,0.0010060362173038,benchmark
2020 crash + recovery,1/N Equal Weight,benchmark,"B (point-in-time, the actual test)",not applicable,2020-02-19,2020-08-31,MTD.N,0.0010060362173038,benchmark
2020 crash + recovery,1/N Equal Weight,benchmark,"B (point-in-time, the actual test)",not applicable,2020-02-19,2020-08-31,RTX.N,0.0010060362173038,benchmark
2020 crash + recovery,1/N Equal Weight,benchmark,"B (point-in-time, the actual test)",not applicable,2020-02-19,2020-08-31,INTU.OQ,0.0010060362173038,benchmark
2020 crash + recovery,1/N Equal Weight,benchmark,"B (point-in-time, the actual test)",not applicable,2020-02-19,2020-08-31,AMP.N,0.0010060362173038,benchmark
2020 crash + recovery,1/N Equal Weight,benchmark,"B (point-in-time, the actual test)",not applicable,2020-02-19,2020-08-31,MTB.N,0.0010060362173038,benchmark
2020 crash + recovery,1/N Equal Weight,benchmark,"B (point-in-time, the actual test)",not applicable,2020-02-19,2020-08-31,VLO.N,0.0010060362173038,benchmark
2020 crash + recovery,1/N Equal Weight,benchmark,"B (point-in-time, the actual test)",not applicable,2020-02-19,2020-08-31,ECL.N,0.0010060362173038,benchmark
2020 crash + recovery,1/N Equal Weight,benchmark,"B (point-in-time, the actual test)",not applicable,2020-02-19,2020-08-31,PSA.N,0.0010060362173038,benchmark
2020 crash + recovery,1/N Equal Weight,benchmark,"B (point-in-time, the actual test)",not applicable,2020-02-19,2020-08-31,KKR.N,0.0010060362173038,benchmark
2020 crash + recovery,1/N Equal Weight,benchmark,"B (point-in-time, the actual test)",not applicable,2020-02-19,2020-08-31,INVH.N,0.0010060362173038,benchmark
2020 crash + recovery,1/N Equal Weight,benchmark,"B (point-in-time, the actual test)",not applicable,2020-02-19,2020-08-31,MU.OQ,0.0010060362173038,benchmark
2020 crash + recovery,1/N Equal Weight,benchmark,"B (point-in-time, the actual test)",not applicable,2020-02-19,2020-08-31,WELL.N,0.0010060362173038,benchmark
2020 crash + recovery,1/N Equal Weight,benchmark,"B (point-in-time, the actual test)",not applicable,2020-02-19,2020-08-31,AKAM.OQ,0.0010060362173038,benchmark
2020 crash + recovery,1/N Equal Weight,benchmark,"B (point-in-time, the actual test)",not applicable,2020-02-19,2020-08-31,DHR.N,0.0010060362173038,benchmark
2020 crash + recovery,1/N Equal Weight,benchmark,"B (point-in-time, the actual test)",not applicable,2020-02-19,2020-08-31,PCAR.OQ,0.0010060362173038,benchmark
2020 crash + recovery,1/N Equal Weight,benchmark,"B (point-in-time, the actual test)",not applicable,2020-02-19,2020-08-31,PFE.N,0.0010060362173038,benchmark
2020 crash + recovery,1/N Equal Weight,benchmark,"B (point-in-time, the actual test)",not applicable,2020-02-19,2020-08-31,GM.N,0.0010060362173038,benchmark
2020 crash + recovery,1/N Equal Weight,benchmark,"B (point-in-time, the actual test)",not applicable,2020-02-19,2020-08-31,AMGN.OQ,0.0010060362173038,benchmark
2020 crash + recovery,1/N Equal Weight,benchmark,"B (point-in-time, the actual test)",not applicable,2020-02-19,2020-08-31,AXON.OQ,0.0010060362173038,benchmark
2020 crash + recovery,1/N Equal Weight,benchmark,"B (point-in-time, the actual test)",not applicable,2020-02-19,2020-08-31,NEM.N,0.0010060362173038,benchmark
2020 crash + recovery,1/N Equal Weight,benchmark,"B (point-in-time, the actual test)",not applicable,2020-02-19,2020-08-31,CSCO.OQ,0.0010060362173038,benchmark
2020 crash + recovery,1/N Equal Weight,benchmark,"B (point-in-time, the actual test)",not applicable,2020-02-19,2020-08-31,HPQ.N,0.0010060362173038,benchmark
2020 crash + recovery,1/N Equal Weight,benchmark,"B (point-in-time, the actual test)",not applicable,2020-02-19,2020-08-31,FTV.N,0.0010060362173038,benchmark
2020 crash + recovery,1/N Equal Weight,benchmark,"B (point-in-time, the actual test)",not applicable,2020-02-19,2020-08-31,ETN.N,0.0010060362173038,benchmark
2020 crash + recovery,1/N Equal Weight,benchmark,"B (point-in-time, the actual test)",not applicable,2020-02-19,2020-08-31,GNRC.N,0.0010060362173038,benchmark
2020 crash + recovery,1/N Equal Weight,benchmark,"B (point-in-time, the actual test)",not applicable,2020-02-19,2020-08-31,DPZ.OQ,0.0010060362173038,benchmark
2020 crash + recovery,1/N Equal Weight,benchmark,"B (point-in-time, the actual test)",not applicable,2020-02-19,2020-08-31,MGM.N,0.0010060362173038,benchmark
2020 crash + recovery,1/N Equal Weight,benchmark,"B (point-in-time, the actual test)",not applicable,2020-02-19,2020-08-31,AJG.N,0.0010060362173038,benchmark
2020 crash + recovery,1/N Equal Weight,benchmark,"B (point-in-time, the actual test)",not applicable,2020-02-19,2020-08-31,MPC.N,0.0010060362173038,benchmark
2020 crash + recovery,1/N Equal Weight,benchmark,"B (point-in-time, the actual test)",not applicable,2020-02-19,2020-08-31,ARE.N,0.0010060362173038,benchmark
2020 crash + recovery,1/N Equal Weight,benchmark,"B (point-in-time, the actual test)",not applicable,2020-02-19,2020-08-31,AFL.N,0.0010060362173038,benchmark
2020 crash + recovery,1/N Equal Weight,benchmark,"B (point-in-time, the actual test)",not applicable,2020-02-19,2020-08-31,CTSH.OQ,0.0010060362173038,benchmark
2020 crash + recovery,1/N Equal Weight,benchmark,"B (point-in-time, the actual test)",not applicable,2020-02-19,2020-08-31,CF.N,0.0010060362173038,benchmark
2020 crash + recovery,1/N Equal Weight,benchmark,"B (point-in-time, the actual test)",not applicable,2020-02-19,2020-08-31,ANET.N,0.0010060362173038,benchmark
2020 crash + recovery,1/N Equal Weight,benchmark,"B (point-in-time, the actual test)",not applicable,2020-02-19,2020-08-31,GOOGL.OQ,0.0010060362173038,benchmark
2020 crash + recovery,1/N Equal Weight,benchmark,"B (point-in-time, the actual test)",not applicable,2020-02-19,2020-08-31,GIS.N,0.0010060362173038,benchmark
2020 crash + recovery,1/N Equal Weight,benchmark,"B (point-in-time, the actual test)",not applicable,2020-02-19,2020-08-31,IQV.N,0.0010060362173038,benchmark
2020 crash + recovery,1/N Equal Weight,benchmark,"B (point-in-time, the actual test)",not applicable,2020-02-19,2020-08-31,TAP.N,0.0010060362173038,benchmark
2020 crash + recovery,1/N Equal Weight,benchmark,"B (point-in-time, the actual test)",not applicable,2020-02-19,2020-08-31,NCLH.N,0.0010060362173038,benchmark
2020 crash + recovery,1/N Equal Weight,benchmark,"B (point-in-time, the actual test)",not applicable,2020-02-19,2020-08-31,STX.OQ,0.0010060362173038,benchmark
2020 crash + recovery,1/N Equal Weight,benchmark,"B (point-in-time, the actual test)",not applicable,2020-02-19,2020-08-31,TECH.OQ,0.0010060362173038,benchmark
2020 crash + recovery,1/N Equal Weight,benchmark,"B (point-in-time, the actual test)",not applicable,2020-02-19,2020-08-31,BFb.N,0.0010060362173038,benchmark
2020 crash + recovery,1/N Equal Weight,benchmark,"B (point-in-time, the actual test)",not applicable,2020-02-19,2020-08-31,JCI.N,0.0010060362173038,benchmark
2020 crash + recovery,1/N Equal Weight,benchmark,"B (point-in-time, the actual test)",not applicable,2020-02-19,2020-08-31,KR.N,0.0010060362173038,benchmark
2020 crash + recovery,1/N Equal Weight,benchmark,"B (point-in-time, the actual test)",not applicable,2020-02-19,2020-08-31,AZO.N,0.0010060362173038,benchmark
2020 crash + recovery,1/N Equal Weight,benchmark,"B (point-in-time, the actual test)",not applicable,2020-02-19,2020-08-31,KDP.OQ,0.0010060362173038,benchmark
2020 crash + recovery,1/N Equal Weight,benchmark,"B (point-in-time, the actual test)",not applicable,2020-02-19,2020-08-31,BDX.N,0.0010060362173038,benchmark
2020 crash + recovery,1/N Equal Weight,benchmark,"B (point-in-time, the actual test)",not applicable,2020-02-19,2020-08-31,L.N,0.0010060362173038,benchmark
2020 crash + recovery,1/N Equal Weight,benchmark,"B (point-in-time, the actual test)",not applicable,2020-02-19,2020-08-31,WDAY.OQ,0.0010060362173038,benchmark
2020 crash + recovery,1/N Equal Weight,benchmark,"B (point-in-time, the actual test)",not applicable,2020-02-19,2020-08-31,BRO.N,0.0010060362173038,benchmark
2020 crash + recovery,1/N Equal Weight,benchmark,"B (point-in-time, the actual test)",not applicable,2020-02-19,2020-08-31,OXY.N,0.0010060362173038,benchmark
2020 crash + recovery,1/N Equal Weight,benchmark,"B (point-in-time, the actual test)",not applicable,2020-02-19,2020-08-31,DTE.N,0.0010060362173038,benchmark
2020 crash + recovery,1/N Equal Weight,benchmark,"B (point-in-time, the actual test)",not applicable,2020-02-19,2020-08-31,MCK.N,0.0010060362173038,benchmark
2020 crash + recovery,1/N Equal Weight,benchmark,"B (point-in-time, the actual test)",not applicable,2020-02-19,2020-08-31,APD.N,0.0010060362173038,benchmark
2020 crash + recovery,1/N Equal Weight,benchmark,"B (point-in-time, the actual test)",not applicable,2020-02-19,2020-08-31,CI.N,0.0010060362173038,benchmark
2020 crash + recovery,1/N Equal Weight,benchmark,"B (point-in-time, the actual test)",not applicable,2020-02-19,2020-08-31,ZBRA.OQ,0.0010060362173038,benchmark
2020 crash + recovery,1/N Equal Weight,benchmark,"B (point-in-time, the actual test)",not applicable,2020-02-19,2020-08-31,ADM.N,0.0010060362173038,benchmark
2020 crash + recovery,1/N Equal Weight,benchmark,"B (point-in-time, the actual test)",not applicable,2020-02-19,2020-08-31,PNC.N,0.0010060362173038,benchmark
2020 crash + recovery,1/N Equal Weight,benchmark,"B (point-in-time, the actual test)",not applicable,2020-02-19,2020-08-31,LIN.OQ,0.0010060362173038,benchmark
2020 crash + recovery,1/N Equal Weight,benchmark,"B (point-in-time, the actual test)",not applicable,2020-02-19,2020-08-31,LYB.N,0.0010060362173038,benchmark
2020 crash + recovery,1/N Equal Weight,benchmark,"B (point-in-time, the actual test)",not applicable,2020-02-19,2020-08-31,FITB.N,0.0010060362173038,benchmark
2020 crash + recovery,1/N Equal Weight,benchmark,"B (point-in-time, the actual test)",not applicable,2020-02-19,2020-08-31,CCL.N,0.0010060362173038,benchmark
2020 crash + recovery,1/N Equal Weight,benchmark,"B (point-in-time, the actual test)",not applicable,2020-02-19,2020-08-31,MCO.N,0.0010060362173038,benchmark
2020 crash + recovery,1/N Equal Weight,benchmark,"B (point-in-time, the actual test)",not applicable,2020-02-19,2020-08-31,PTC.OQ,0.0010060362173038,benchmark
2020 crash + recovery,1/N Equal Weight,benchmark,"B (point-in-time, the actual test)",not applicable,2020-02-19,2020-08-31,CMCSA.OQ,0.0010060362173038,benchmark
2020 crash + recovery,1/N Equal Weight,benchmark,"B (point-in-time, the actual test)",not applicable,2020-02-19,2020-08-31,DOC.N,0.0010060362173038,benchmark
2020 crash + recovery,1/N Equal Weight,benchmark,"B (point-in-time, the actual test)",not applicable,2020-02-19,2020-08-31,EQIX.OQ,0.0010060362173038,benchmark
2020 crash + recovery,1/N Equal Weight,benchmark,"B (point-in-time, the actual test)",not applicable,2020-02-19,2020-08-31,ALB.N,0.0010060362173038,benchmark
2020 crash + recovery,1/N Equal Weight,benchmark,"B (point-in-time, the actual test)",not applicable,2020-02-19,2020-08-31,BEN.N,0.0010060362173038,benchmark
2020 crash + recovery,1/N Equal Weight,benchmark,"B (point-in-time, the actual test)",not applicable,2020-02-19,2020-08-31,RCL.N,0.0010060362173038,benchmark
2020 crash + recovery,1/N Equal Weight,benchmark,"B (point-in-time, the actual test)",not applicable,2020-02-19,2020-08-31,HII.N,0.0010060362173038,benchmark
2020 crash + recovery,1/N Equal Weight,benchmark,"B (point-in-time, the actual test)",not applicable,2020-02-19,2020-08-31,AVY.N,0.0010060362173038,benchmark
2020 crash + recovery,1/N Equal Weight,benchmark,"B (point-in-time, the actual test)",not applicable,2020-02-19,2020-08-31,EMR.N,0.0010060362173038,benchmark
2020 crash + recovery,1/N Equal Weight,benchmark,"B (point-in-time, the actual test)",not applicable,2020-02-19,2020-08-31,FANG.OQ,0.0010060362173038,benchmark
2020 crash + recovery,1/N Equal Weight,benchmark,"B (point-in-time, the actual test)",not applicable,2020-02-19,2020-08-31,ROK.N,0.0010060362173038,benchmark
2020 crash + recovery,1/N Equal Weight,benchmark,"B (point-in-time, the actual test)",not applicable,2020-02-19,2020-08-31,DIS.N,0.0010060362173038,benchmark
2020 crash + recovery,1/N Equal Weight,benchmark,"B (point-in-time, the actual test)",not applicable,2020-02-19,2020-08-31,KHC.OQ,0.0010060362173038,benchmark
2020 crash + recovery,1/N Equal Weight,benchmark,"B (point-in-time, the actual test)",not applicable,2020-02-19,2020-08-31,NEE.N,0.0010060362173038,benchmark
2020 crash + recovery,1/N Equal Weight,benchmark,"B (point-in-time, the actual test)",not applicable,2020-02-19,2020-08-31,ADBE.OQ,0.0010060362173038,benchmark
2020 crash + recovery,1/N Equal Weight,benchmark,"B (point-in-time, the actual test)",not applicable,2020-02-19,2020-08-31,VRSK.OQ,0.0010060362173038,benchmark
2020 crash + recovery,1/N Equal Weight,benchmark,"B (point-in-time, the actual test)",not applicable,2020-02-19,2020-08-31,ALLE.N,0.0010060362173038,benchmark
2020 crash + recovery,1/N Equal Weight,benchmark,"B (point-in-time, the actual test)",not applicable,2020-02-19,2020-08-31,BLDR.N,0.0010060362173038,benchmark
2020 crash + recovery,1/N Equal Weight,benchmark,"B (point-in-time, the actual test)",not applicable,2020-02-19,2020-08-31,LITE.OQ,0.0010060362173038,benchmark
2020 crash + recovery,1/N Equal Weight,benchmark,"B (point-in-time, the actual test)",not applicable,2020-02-19,2020-08-31,NRG.N,0.0010060362173038,benchmark
2020 crash + recovery,1/N Equal Weight,benchmark,"B (point-in-time, the actual test)",not applicable,2020-02-19,2020-08-31,ACGL.OQ,0.0010060362173038,benchmark
2020 crash + recovery,1/N Equal Weight,benchmark,"B (point-in-time, the actual test)",not applicable,2020-02-19,2020-08-31,GOOG.OQ,0.0010060362173038,benchmark
2020 crash + recovery,1/N Equal Weight,benchmark,"B (point-in-time, the actual test)",not applicable,2020-02-19,2020-08-31,KIM.N,0.0010060362173038,benchmark
2020 crash + recovery,1/N Equal Weight,benchmark,"B (point-in-time, the actual test)",not applicable,2020-02-19,2020-08-31,CPAY.N,0.0010060362173038,benchmark
2020 crash + recovery,1/N Equal Weight,benchmark,"B (point-in-time, the actual test)",not applicable,2020-02-19,2020-08-31,BKR.OQ,0.0010060362173038,benchmark
2020 crash + recovery,1/N Equal Weight,benchmark,"B (point-in-time, the actual test)",not applicable,2020-02-19,2020-08-31,GRMN.N,0.0010060362173038,benchmark
2020 crash + recovery,1/N Equal Weight,benchmark,"B (point-in-time, the actual test)",not applicable,2020-02-19,2020-08-31,CNC.N,0.0010060362173038,benchmark
2020 crash + recovery,1/N Equal Weight,benchmark,"B (point-in-time, the actual test)",not applicable,2020-02-19,2020-08-31,AIG.N,0.0010060362173038,benchmark
2020 crash + recovery,1/N Equal Weight,benchmark,"B (point-in-time, the actual test)",not applicable,2020-02-19,2020-08-31,SBUX.OQ,0.0010060362173038,benchmark
2020 crash + recovery,1/N Equal Weight,benchmark,"B (point-in-time, the actual test)",not applicable,2020-02-19,2020-08-31,REGN.OQ,0.0010060362173038,benchmark
2020 crash + recovery,1/N Equal Weight,benchmark,"B (point-in-time, the actual test)",not applicable,2020-02-19,2020-08-31,JPM.N,0.0010060362173038,benchmark
2020 crash + recovery,1/N Equal Weight,benchmark,"B (point-in-time, the actual test)",not applicable,2020-02-19,2020-08-31,MAR.OQ,0.0010060362173038,benchmark
2020 crash + recovery,1/N Equal Weight,benchmark,"B (point-in-time, the actual test)",not applicable,2020-02-19,2020-08-31,EQT.N,0.0010060362173038,benchmark
2020 crash + recovery,1/N Equal Weight,benchmark,"B (point-in-time, the actual test)",not applicable,2020-02-19,2020-08-31,AEE.N,0.0010060362173038,benchmark
2020 crash + recovery,1/N Equal Weight,benchmark,"B (point-in-time, the actual test)",not applicable,2020-02-19,2020-08-31,WFC.N,0.0010060362173038,benchmark
2020 crash + recovery,1/N Equal Weight,benchmark,"B (point-in-time, the actual test)",not applicable,2020-02-19,2020-08-31,CSX.OQ,0.0010060362173038,benchmark
2020 crash + recovery,1/N Equal Weight,benchmark,"B (point-in-time, the actual test)",not applicable,2020-02-19,2020-08-31,NFLX.OQ,0.0010060362173038,benchmark
2020 crash + recovery,1/N Equal Weight,benchmark,"B (point-in-time, the actual test)",not applicable,2020-02-19,2020-08-31,SWK.N,0.0010060362173038,benchmark
2020 crash + recovery,1/N Equal Weight,benchmark,"B (point-in-time, the actual test)",not applicable,2020-02-19,2020-08-31,VZ.N,0.0010060362173038,benchmark
2020 crash + recovery,1/N Equal Weight,benchmark,"B (point-in-time, the actual test)",not applicable,2020-02-19,2020-08-31,CASY.OQ,0.0010060362173038,benchmark
2020 crash + recovery,1/N Equal Weight,benchmark,"B (point-in-time, the actual test)",not applicable,2020-02-19,2020-08-31,TFC.N,0.0010060362173038,benchmark
2020 crash + recovery,1/N Equal Weight,benchmark,"B (point-in-time, the actual test)",not applicable,2020-02-19,2020-08-31,ABT.N,0.0010060362173038,benchmark
2020 crash + recovery,1/N Equal Weight,benchmark,"B (point-in-time, the actual test)",not applicable,2020-02-19,2020-08-31,MA.N,0.0010060362173038,benchmark
2020 crash + recovery,1/N Equal Weight,benchmark,"B (point-in-time, the actual test)",not applicable,2020-02-19,2020-08-31,RSG.N,0.0010060362173038,benchmark
2020 crash + recovery,1/N Equal Weight,benchmark,"B (point-in-time, the actual test)",not applicable,2020-02-19,2020-08-31,STE.N,0.0010060362173038,benchmark
2020 crash + recovery,1/N Equal Weight,benchmark,"B (point-in-time, the actual test)",not applicable,2020-02-19,2020-08-31,AMZN.OQ,0.0010060362173038,benchmark
2020 crash + recovery,1/N Equal Weight,benchmark,"B (point-in-time, the actual test)",not applicable,2020-02-19,2020-08-31,MMM.N,0.0010060362173038,benchmark
2020 crash + recovery,1/N Equal Weight,benchmark,"B (point-in-time, the actual test)",not applicable,2020-02-19,2020-08-31,CDW.OQ,0.0010060362173038,benchmark
2020 crash + recovery,1/N Equal Weight,benchmark,"B (point-in-time, the actual test)",not applicable,2020-02-19,2020-08-31,COO.OQ,0.0010060362173038,benchmark
2020 crash + recovery,1/N Equal Weight,benchmark,"B (point-in-time, the actual test)",not applicable,2020-02-19,2020-08-31,WAB.N,0.0010060362173038,benchmark
2020 crash + recovery,1/N Equal Weight,benchmark,"B (point-in-time, the actual test)",not applicable,2020-02-19,2020-08-31,NTAP.OQ,0.0010060362173038,benchmark
2020 crash + recovery,1/N Equal Weight,benchmark,"B (point-in-time, the actual test)",not applicable,2020-02-19,2020-08-31,TTWO.OQ,0.0010060362173038,benchmark
2020 crash + recovery,1/N Equal Weight,benchmark,"B (point-in-time, the actual test)",not applicable,2020-02-19,2020-08-31,TSN.N,0.0010060362173038,benchmark
2020 crash + recovery,1/N Equal Weight,benchmark,"B (point-in-time, the actual test)",not applicable,2020-02-19,2020-08-31,DVN.N,0.0010060362173038,benchmark
2020 crash + recovery,1/N Equal Weight,benchmark,"B (point-in-time, the actual test)",not applicable,2020-02-19,2020-08-31,ORCL.N,0.0010060362173038,benchmark
2020 crash + recovery,1/N Equal Weight,benchmark,"B (point-in-time, the actual test)",not applicable,2020-02-19,2020-08-31,EG.N,0.0010060362173038,benchmark
2020 crash + recovery,1/N Equal Weight,benchmark,"B (point-in-time, the actual test)",not applicable,2020-02-19,2020-08-31,WBD.OQ,0.0010060362173038,benchmark
2020 crash + recovery,1/N Equal Weight,benchmark,"B (point-in-time, the actual test)",not applicable,2020-02-19,2020-08-31,BX.N,0.0010060362173038,benchmark
2020 crash + recovery,1/N Equal Weight,benchmark,"B (point-in-time, the actual test)",not applicable,2020-02-19,2020-08-31,TXT.N,0.0010060362173038,benchmark
2020 crash + recovery,1/N Equal Weight,benchmark,"B (point-in-time, the actual test)",not applicable,2020-02-19,2020-08-31,HCA.N,0.0010060362173038,benchmark
2020 crash + recovery,1/N Equal Weight,benchmark,"B (point-in-time, the actual test)",not applicable,2020-02-19,2020-08-31,IEX.N,0.0010060362173038,benchmark
2020 crash + recovery,1/N Equal Weight,benchmark,"B (point-in-time, the actual test)",not applicable,2020-02-19,2020-08-31,MNST.OQ,0.0010060362173038,benchmark
2020 crash + recovery,1/N Equal Weight,benchmark,"B (point-in-time, the actual test)",not applicable,2020-02-19,2020-08-31,PEG.N,0.0010060362173038,benchmark
2020 crash + recovery,1/N Equal Weight,benchmark,"B (point-in-time, the actual test)",not applicable,2020-02-19,2020-08-31,MO.N,0.0010060362173038,benchmark
2020 crash + recovery,1/N Equal Weight,benchmark,"B (point-in-time, the actual test)",not applicable,2020-02-19,2020-08-31,ETR.N,0.0010060362173038,benchmark
2020 crash + recovery,1/N Equal Weight,benchmark,"B (point-in-time, the actual test)",not applicable,2020-02-19,2020-08-31,EXR.N,0.0010060362173038,benchmark
2020 crash + recovery,1/N Equal Weight,benchmark,"B (point-in-time, the actual test)",not applicable,2020-02-19,2020-08-31,LMT.N,0.0010060362173038,benchmark
2020 crash + recovery,1/N Equal Weight,benchmark,"B (point-in-time, the actual test)",not applicable,2020-02-19,2020-08-31,C.N,0.0010060362173038,benchmark
2020 crash + recovery,1/N Equal Weight,benchmark,"B (point-in-time, the actual test)",not applicable,2020-02-19,2020-08-31,EXC.OQ,0.0010060362173038,benchmark
2020 crash + recovery,1/N Equal Weight,benchmark,"B (point-in-time, the actual test)",not applicable,2020-02-19,2020-08-31,CVX.N,0.0010060362173038,benchmark
2020 crash + recovery,1/N Equal Weight,benchmark,"B (point-in-time, the actual test)",not applicable,2020-02-19,2020-08-31,F.N,0.0010060362173038,benchmark
2020 crash + recovery,1/N Equal Weight,benchmark,"B (point-in-time, the actual test)",not applicable,2020-02-19,2020-08-31,XOM.N,0.0010060362173038,benchmark
2020 crash + recovery,1/N Equal Weight,benchmark,"B (point-in-time, the actual test)",not applicable,2020-02-19,2020-08-31,UDR.N,0.0010060362173038,benchmark
2020 crash + recovery,1/N Equal Weight,benchmark,"B (point-in-time, the actual test)",not applicable,2020-02-19,2020-08-31,STZ.N,0.0010060362173038,benchmark
2020 crash + recovery,1/N Equal Weight,benchmark,"B (point-in-time, the actual test)",not applicable,2020-02-19,2020-08-31,TJX.N,0.0010060362173038,benchmark
2020 crash + recovery,1/N Equal Weight,benchmark,"B (point-in-time, the actual test)",not applicable,2020-02-19,2020-08-31,BR.N,0.0010060362173038,benchmark
2020 crash + recovery,1/N Equal Weight,benchmark,"B (point-in-time, the actual test)",not applicable,2020-02-19,2020-08-31,HIG.N,0.0010060362173038,benchmark
2020 crash + recovery,1/N Equal Weight,benchmark,"B (point-in-time, the actual test)",not applicable,2020-02-19,2020-08-31,NXPI.OQ,0.0010060362173038,benchmark
2020 crash + recovery,1/N Equal Weight,benchmark,"B (point-in-time, the actual test)",not applicable,2020-02-19,2020-08-31,FISV.OQ,0.0010060362173038,benchmark
2020 crash + recovery,1/N Equal Weight,benchmark,"B (point-in-time, the actual test)",not applicable,2020-02-19,2020-08-31,EXPD.N,0.0010060362173038,benchmark
2020 crash + recovery,1/N Equal Weight,benchmark,"B (point-in-time, the actual test)",not applicable,2020-02-19,2020-08-31,RF.N,0.0010060362173038,benchmark
2020 crash + recovery,1/N Equal Weight,benchmark,"B (point-in-time, the actual test)",not applicable,2020-02-19,2020-08-31,AMD.OQ,0.0010060362173038,benchmark
2020 crash + recovery,1/N Equal Weight,benchmark,"B (point-in-time, the actual test)",not applicable,2020-02-19,2020-08-31,BMY.N,0.0010060362173038,benchmark
2020 crash + recovery,1/N Equal Weight,benchmark,"B (point-in-time, the actual test)",not applicable,2020-02-19,2020-08-31,PRU.N,0.0010060362173038,benchmark
2020 crash + recovery,1/N Equal Weight,benchmark,"B (point-in-time, the actual test)",not applicable,2020-02-19,2020-08-31,PPL.N,0.0010060362173038,benchmark
2020 crash + recovery,1/N Equal Weight,benchmark,"B (point-in-time, the actual test)",not applicable,2020-02-19,2020-08-31,BKNG.OQ,0.0010060362173038,benchmark
2020 crash + recovery,1/N Equal Weight,benchmark,"B (point-in-time, the actual test)",not applicable,2020-02-19,2020-08-31,TEL.N,0.0010060362173038,benchmark
2020 crash + recovery,1/N Equal Weight,benchmark,"B (point-in-time, the actual test)",not applicable,2020-02-19,2020-08-31,META.OQ,0.0010060362173038,benchmark
2020 crash + recovery,1/N Equal Weight,benchmark,"B (point-in-time, the actual test)",not applicable,2020-02-19,2020-08-31,APA.OQ,0.0010060362173038,benchmark
2020 crash + recovery,1/N Equal Weight,benchmark,"B (point-in-time, the actual test)",not applicable,2020-02-19,2020-08-31,COP.N,0.0010060362173038,benchmark
2020 crash + recovery,1/N Equal Weight,benchmark,"B (point-in-time, the actual test)",not applicable,2020-02-19,2020-08-31,DAL.N,0.0010060362173038,benchmark
2020 crash + recovery,1/N Equal Weight,benchmark,"B (point-in-time, the actual test)",not applicable,2020-02-19,2020-08-31,ESS.N,0.0010060362173038,benchmark
2020 crash + recovery,1/N Equal Weight,benchmark,"B (point-in-time, the actual test)",not applicable,2020-02-19,2020-08-31,DELL.N,0.0010060362173038,benchmark
2020 crash + recovery,1/N Equal Weight,benchmark,"B (point-in-time, the actual test)",not applicable,2020-02-19,2020-08-31,WM.N,0.0010060362173038,benchmark
2020 crash + recovery,1/N Equal Weight,benchmark,"B (point-in-time, the actual test)",not applicable,2020-02-19,2020-08-31,ED.N,0.0010060362173038,benchmark
2020 crash + recovery,1/N Equal Weight,benchmark,"B (point-in-time, the actual test)",not applicable,2020-02-19,2020-08-31,GILD.OQ,0.0010060362173038,benchmark
2020 crash + recovery,1/N Equal Weight,benchmark,"B (point-in-time, the actual test)",not applicable,2020-02-19,2020-08-31,LEN.N,0.0010060362173038,benchmark
2020 crash + recovery,1/N Equal Weight,benchmark,"B (point-in-time, the actual test)",not applicable,2020-02-19,2020-08-31,LULU.OQ,0.0010060362173038,benchmark
2020 crash + recovery,1/N Equal Weight,benchmark,"B (point-in-time, the actual test)",not applicable,2020-02-19,2020-08-31,WAT.N,0.0010060362173038,benchmark
2020 crash + recovery,1/N Equal Weight,benchmark,"B (point-in-time, the actual test)",not applicable,2020-02-19,2020-08-31,JNJ.N,0.0010060362173038,benchmark
2020 crash + recovery,1/N Equal Weight,benchmark,"B (point-in-time, the actual test)",not applicable,2020-02-19,2020-08-31,SWKS.OQ,0.0010060362173038,benchmark
2020 crash + recovery,1/N Equal Weight,benchmark,"B (point-in-time, the actual test)",not applicable,2020-02-19,2020-08-31,DOV.N,0.0010060362173038,benchmark
2020 crash + recovery,1/N Equal Weight,benchmark,"B (point-in-time, the actual test)",not applicable,2020-02-19,2020-08-31,NKE.N,0.0010060362173038,benchmark
2020 crash + recovery,1/N Equal Weight,benchmark,"B (point-in-time, the actual test)",not applicable,2020-02-19,2020-08-31,DVA.N,0.0010060362173038,benchmark
2020 crash + recovery,1/N Equal Weight,benchmark,"B (point-in-time, the actual test)",not applicable,2020-02-19,2020-08-31,DLR.N,0.0010060362173038,benchmark
2020 crash + recovery,1/N Equal Weight,benchmark,"B (point-in-time, the actual test)",not applicable,2020-02-19,2020-08-31,HAL.N,0.0010060362173038,benchmark
2020 crash + recovery,1/N Equal Weight,benchmark,"B (point-in-time, the actual test)",not applicable,2020-02-19,2020-08-31,TPR.N,0.0010060362173038,benchmark
2020 crash + recovery,1/N Equal Weight,benchmark,"B (point-in-time, the actual test)",not applicable,2020-02-19,2020-08-31,TER.OQ,0.0010060362173038,benchmark
2020 crash + recovery,1/N Equal Weight,benchmark,"B (point-in-time, the actual test)",not applicable,2020-02-19,2020-08-31,APTV.N,0.0010060362173038,benchmark
2020 crash + recovery,1/N Equal Weight,benchmark,"B (point-in-time, the actual test)",not applicable,2020-02-19,2020-08-31,AON.N,0.0010060362173038,benchmark
2020 crash + recovery,1/N Equal Weight,benchmark,"B (point-in-time, the actual test)",not applicable,2020-02-19,2020-08-31,CRM.N,0.0010060362173038,benchmark
2020 crash + recovery,1/N Equal Weight,benchmark,"B (point-in-time, the actual test)",not applicable,2020-02-19,2020-08-31,LRCX.OQ,0.0010060362173038,benchmark
2020 crash + recovery,1/N Equal Weight,benchmark,"B (point-in-time, the actual test)",not applicable,2020-02-19,2020-08-31,EME.N,0.0010060362173038,benchmark
2020 crash + recovery,1/N Equal Weight,benchmark,"B (point-in-time, the actual test)",not applicable,2020-02-19,2020-08-31,JBHT.OQ,0.0010060362173038,benchmark
2020 crash + recovery,1/N Equal Weight,benchmark,"B (point-in-time, the actual test)",not applicable,2020-02-19,2020-08-31,ITW.N,0.0010060362173038,benchmark
2020 crash + recovery,1/N Equal Weight,benchmark,"B (point-in-time, the actual test)",not applicable,2020-02-19,2020-08-31,J.N,0.0010060362173038,benchmark
2020 crash + recovery,1/N Equal Weight,benchmark,"B (point-in-time, the actual test)",not applicable,2020-02-19,2020-08-31,XEL.OQ,0.0010060362173038,benchmark
2020 crash + recovery,1/N Equal Weight,benchmark,"B (point-in-time, the actual test)",not applicable,2020-02-19,2020-08-31,APH.N,0.0010060362173038,benchmark
2020 crash + recovery,1/N Equal Weight,benchmark,"B (point-in-time, the actual test)",not applicable,2020-02-19,2020-08-31,STT.N,0.0010060362173038,benchmark
2020 crash + recovery,1/N Equal Weight,benchmark,"B (point-in-time, the actual test)",not applicable,2020-02-19,2020-08-31,ZTS.N,0.0010060362173038,benchmark
2020 crash + recovery,1/N Equal Weight,benchmark,"B (point-in-time, the actual test)",not applicable,2020-02-19,2020-08-31,SBAC.OQ,0.0010060362173038,benchmark
2020 crash + recovery,1/N Equal Weight,benchmark,"B (point-in-time, the actual test)",not applicable,2020-02-19,2020-08-31,GEN.OQ,0.0010060362173038,benchmark
2020 crash + recovery,1/N Equal Weight,benchmark,"B (point-in-time, the actual test)",not applicable,2020-02-19,2020-08-31,NVDA.OQ,0.0010060362173038,benchmark
2020 crash + recovery,1/N Equal Weight,benchmark,"B (point-in-time, the actual test)",not applicable,2020-02-19,2020-08-31,AAPL.OQ,0.0010060362173038,benchmark
2020 crash + recovery,1/N Equal Weight,benchmark,"B (point-in-time, the actual test)",not applicable,2020-02-19,2020-08-31,MAS.N,0.0010060362173038,benchmark
2020 crash + recovery,1/N Equal Weight,benchmark,"B (point-in-time, the actual test)",not applicable,2020-02-19,2020-08-31,NUE.N,0.0010060362173038,benchmark
2020 crash + recovery,1/N Equal Weight,benchmark,"B (point-in-time, the actual test)",not applicable,2020-02-19,2020-08-31,PPG.N,0.0010060362173038,benchmark
2020 crash + recovery,1/N Equal Weight,benchmark,"B (point-in-time, the actual test)",not applicable,2020-02-19,2020-08-31,IRM.N,0.0010060362173038,benchmark
2020 crash + recovery,1/N Equal Weight,benchmark,"B (point-in-time, the actual test)",not applicable,2020-02-19,2020-08-31,VMC.N,0.0010060362173038,benchmark
2020 crash + recovery,1/N Equal Weight,benchmark,"B (point-in-time, the actual test)",not applicable,2020-02-19,2020-08-31,SCHW.N,0.0010060362173038,benchmark
2020 crash + recovery,1/N Equal Weight,benchmark,"B (point-in-time, the actual test)",not applicable,2020-02-19,2020-08-31,A.N,0.0010060362173038,benchmark
2020 crash + recovery,1/N Equal Weight,benchmark,"B (point-in-time, the actual test)",not applicable,2020-02-19,2020-08-31,SYY.N,0.0010060362173038,benchmark
2020 crash + recovery,1/N Equal Weight,benchmark,"B (point-in-time, the actual test)",not applicable,2020-02-19,2020-08-31,ROP.OQ,0.0010060362173038,benchmark
2020 crash + recovery,1/N Equal Weight,benchmark,"B (point-in-time, the actual test)",not applicable,2020-02-19,2020-08-31,ON.OQ,0.0010060362173038,benchmark
2020 crash + recovery,1/N Equal Weight,benchmark,"B (point-in-time, the actual test)",not applicable,2020-02-19,2020-08-31,SRE.N,0.0010060362173038,benchmark
2020 crash + recovery,1/N Equal Weight,benchmark,"B (point-in-time, the actual test)",not applicable,2020-02-19,2020-08-31,PSKY.OQ,0.0010060362173038,benchmark
2020 crash + recovery,1/N Equal Weight,benchmark,"B (point-in-time, the actual test)",not applicable,2020-02-19,2020-08-31,PCG.N,0.0010060362173038,benchmark
2020 crash + recovery,1/N Equal Weight,benchmark,"B (point-in-time, the actual test)",not applicable,2020-02-19,2020-08-31,KEY.N,0.0010060362173038,benchmark
2020 crash + recovery,1/N Equal Weight,benchmark,"B (point-in-time, the actual test)",not applicable,2020-02-19,2020-08-31,MRSH.N,0.0010060362173038,benchmark
2020 crash + recovery,1/N Equal Weight,benchmark,"B (point-in-time, the actual test)",not applicable,2020-02-19,2020-08-31,MCD.N,0.0010060362173038,benchmark
2020 crash + recovery,1/N Equal Weight,benchmark,"B (point-in-time, the actual test)",not applicable,2020-02-19,2020-08-31,ULTA.OQ,0.0010060362173038,benchmark
2020 crash + recovery,1/N Equal Weight,benchmark,"B (point-in-time, the actual test)",not applicable,2020-02-19,2020-08-31,TDG.N,0.0010060362173038,benchmark
2020 crash + recovery,1/N Equal Weight,benchmark,"B (point-in-time, the actual test)",not applicable,2020-02-19,2020-08-31,AXP.N,0.0010060362173038,benchmark
2020 crash + recovery,1/N Equal Weight,benchmark,"B (point-in-time, the actual test)",not applicable,2020-02-19,2020-08-31,MOS.N,0.0010060362173038,benchmark
2020 crash + recovery,1/N Equal Weight,benchmark,"B (point-in-time, the actual test)",not applicable,2020-02-19,2020-08-31,AVGO.OQ,0.0010060362173038,benchmark
2020 crash + recovery,1/N Equal Weight,benchmark,"B (point-in-time, the actual test)",not applicable,2020-02-19,2020-08-31,CAT.N,0.0010060362173038,benchmark
2020 crash + recovery,1/N Equal Weight,benchmark,"B (point-in-time, the actual test)",not applicable,2020-02-19,2020-08-31,UNH.N,0.0010060362173038,benchmark
2020 crash + recovery,1/N Equal Weight,benchmark,"B (point-in-time, the actual test)",not applicable,2020-02-19,2020-08-31,NWS.OQ,0.0010060362173038,benchmark
2020 crash + recovery,1/N Equal Weight,benchmark,"B (point-in-time, the actual test)",not applicable,2020-02-19,2020-08-31,WMB.N,0.0010060362173038,benchmark
2020 crash + recovery,1/N Equal Weight,benchmark,"B (point-in-time, the actual test)",not applicable,2020-02-19,2020-08-31,MAA.N,0.0010060362173038,benchmark
2020 crash + recovery,1/N Equal Weight,benchmark,"B (point-in-time, the actual test)",not applicable,2020-02-19,2020-08-31,GDDY.N,0.0010060362173038,benchmark
2020 crash + recovery,1/N Equal Weight,benchmark,"B (point-in-time, the actual test)",not applicable,2020-02-19,2020-08-31,GL.N,0.0010060362173038,benchmark
2020 crash + recovery,1/N Equal Weight,benchmark,"B (point-in-time, the actual test)",not applicable,2020-02-19,2020-08-31,SPGI.N,0.0010060362173038,benchmark
2020 crash + recovery,1/N Equal Weight,benchmark,"B (point-in-time, the actual test)",not applicable,2020-02-19,2020-08-31,CHTR.OQ,0.0010060362173038,benchmark
2020 crash + recovery,1/N Equal Weight,benchmark,"B (point-in-time, the actual test)",not applicable,2020-02-19,2020-08-31,WYNN.OQ,0.0010060362173038,benchmark
2020 crash + recovery,1/N Equal Weight,benchmark,"B (point-in-time, the actual test)",not applicable,2020-02-19,2020-08-31,HD.N,0.0010060362173038,benchmark
2020 crash + recovery,1/N Equal Weight,benchmark,"B (point-in-time, the actual test)",not applicable,2020-02-19,2020-08-31,HSIC.OQ,0.0010060362173038,benchmark
2020 crash + recovery,1/N Equal Weight,benchmark,"B (point-in-time, the actual test)",not applicable,2020-02-19,2020-08-31,HSY.N,0.0010060362173038,benchmark
2020 crash + recovery,1/N Equal Weight,benchmark,"B (point-in-time, the actual test)",not applicable,2020-02-19,2020-08-31,KMB.OQ,0.0010060362173038,benchmark
2020 crash + recovery,1/N Equal Weight,benchmark,"B (point-in-time, the actual test)",not applicable,2020-02-19,2020-08-31,EOG.N,0.0010060362173038,benchmark
2020 crash + recovery,1/N Equal Weight,benchmark,"B (point-in-time, the actual test)",not applicable,2020-02-19,2020-08-31,FTNT.OQ,0.0010060362173038,benchmark
2020 crash + recovery,1/N Equal Weight,benchmark,"B (point-in-time, the actual test)",not applicable,2020-02-19,2020-08-31,CRL.N,0.0010060362173038,benchmark
2020 crash + recovery,1/N Equal Weight,benchmark,"B (point-in-time, the actual test)",not applicable,2020-02-19,2020-08-31,ZBH.N,0.0010060362173038,benchmark
2020 crash + recovery,1/N Equal Weight,benchmark,"B (point-in-time, the actual test)",not applicable,2020-02-19,2020-08-31,LYV.N,0.0010060362173038,benchmark
2020 crash + recovery,1/N Equal Weight,benchmark,"B (point-in-time, the actual test)",not applicable,2020-02-19,2020-08-31,POOL.OQ,0.0010060362173038,benchmark
2020 crash + recovery,1/N Equal Weight,benchmark,"B (point-in-time, the actual test)",not applicable,2020-02-19,2020-08-31,BNY.N,0.0010060362173038,benchmark
2020 crash + recovery,1/N Equal Weight,benchmark,"B (point-in-time, the actual test)",not applicable,2020-02-19,2020-08-31,ATO.N,0.0010060362173038,benchmark
2020 crash + recovery,1/N Equal Weight,benchmark,"B (point-in-time, the actual test)",not applicable,2020-02-19,2020-08-31,VRTX.OQ,0.0010060362173038,benchmark
2020 crash + recovery,1/N Equal Weight,benchmark,"B (point-in-time, the actual test)",not applicable,2020-02-19,2020-08-31,D.N,0.0010060362173038,benchmark
2020 crash + recovery,1/N Equal Weight,benchmark,"B (point-in-time, the actual test)",not applicable,2020-02-19,2020-08-31,HRL.N,0.0010060362173038,benchmark
2020 crash + recovery,1/N Equal Weight,benchmark,"B (point-in-time, the actual test)",not applicable,2020-02-19,2020-08-31,BBY.N,0.0010060362173038,benchmark
2020 crash + recovery,1/N Equal Weight,benchmark,"B (point-in-time, the actual test)",not applicable,2020-02-19,2020-08-31,IT.N,0.0010060362173038,benchmark
2020 crash + recovery,1/N Equal Weight,benchmark,"B (point-in-time, the actual test)",not applicable,2020-02-19,2020-08-31,WRB.N,0.0010060362173038,benchmark
2020 crash + recovery,1/N Equal Weight,benchmark,"B (point-in-time, the actual test)",not applicable,2020-02-19,2020-08-31,WTW.OQ,0.0010060362173038,benchmark
2020 crash + recovery,1/N Equal Weight,benchmark,"B (point-in-time, the actual test)",not applicable,2020-02-19,2020-08-31,PNR.N,0.0010060362173038,benchmark
2022 inflation shock,Risk Averse,Minimum variance,"B (point-in-time, the actual test)",cap off,2022-01-03,2022-10-12,VZ.N,0.0908129365056545,OPTIMAL
2022 inflation shock,Risk Averse,Minimum variance,"B (point-in-time, the actual test)",cap off,2022-01-03,2022-10-12,ALLN.S,0.0707046363143109,OPTIMAL
2022 inflation shock,Risk Averse,Minimum variance,"B (point-in-time, the actual test)",cap off,2022-01-03,2022-10-12,MOBN.S,0.0706366684134928,OPTIMAL
2022 inflation shock,Risk Averse,Minimum variance,"B (point-in-time, the actual test)",cap off,2022-01-03,2022-10-12,CLX.N,0.0678304028102159,OPTIMAL
2022 inflation shock,Risk Averse,Minimum variance,"B (point-in-time, the actual test)",cap off,2022-01-03,2022-10-12,VOPA.AS,0.048528306969014,OPTIMAL
2022 inflation shock,Risk Averse,Minimum variance,"B (point-in-time, the actual test)",cap off,2022-01-03,2022-10-12,QIA.DE,0.0441961838312925,OPTIMAL
2022 inflation shock,Risk Averse,Minimum variance,"B (point-in-time, the actual test)",cap off,2022-01-03,2022-10-12,DPZ.OQ,0.0422916844638853,OPTIMAL
2022 inflation shock,Risk Averse,Minimum variance,"B (point-in-time, the actual test)",cap off,2022-01-03,2022-10-12,CTEC.L,0.0364780865029271,OPTIMAL
2022 inflation shock,Risk Averse,Minimum variance,"B (point-in-time, the actual test)",cap off,2022-01-03,2022-10-12,KR.N,0.0344255795147336,OPTIMAL
2022 inflation shock,Risk Averse,Minimum variance,"B (point-in-time, the actual test)",cap off,2022-01-03,2022-10-12,HLT.N,0.0337899964872548,OPTIMAL
2022 inflation shock,Risk Averse,Minimum variance,"B (point-in-time, the actual test)",cap off,2022-01-03,2022-10-12,KBX.DE,0.0335675247872549,OPTIMAL
2022 inflation shock,Risk Averse,Minimum variance,"B (point-in-time, the actual test)",cap off,2022-01-03,2022-10-12,COLOb.CO,0.0326807684561086,OPTIMAL
2022 inflation shock,Risk Averse,Minimum variance,"B (point-in-time, the actual test)",cap off,2022-01-03,2022-10-12,BARN.S,0.0268855065831612,OPTIMAL
2022 inflation shock,Risk Averse,Minimum variance,"B (point-in-time, the actual test)",cap off,2022-01-03,2022-10-12,VZN.S,0.0257085196884094,OPTIMAL
2022 inflation shock,Risk Averse,Minimum variance,"B (point-in-time, the actual test)",cap off,2022-01-03,2022-10-12,WMT.OQ,0.025351145110168,OPTIMAL
2022 inflation shock,Risk Averse,Minimum variance,"B (point-in-time, the actual test)",cap off,2022-01-03,2022-10-12,LISP.S,0.0244030833223723,OPTIMAL
2022 inflation shock,Risk Averse,Minimum variance,"B (point-in-time, the actual test)",cap off,2022-01-03,2022-10-12,GALE.S,0.0243835304292736,OPTIMAL
2022 inflation shock,Risk Averse,Minimum variance,"B (point-in-time, the actual test)",cap off,2022-01-03,2022-10-12,NESN.S,0.02383077169934,OPTIMAL
2022 inflation shock,Risk Averse,Minimum variance,"B (point-in-time, the actual test)",cap off,2022-01-03,2022-10-12,NSISb.CO,0.0232304686171809,OPTIMAL
2022 inflation shock,Risk Averse,Minimum variance,"B (point-in-time, the actual test)",cap off,2022-01-03,2022-10-12,BCVN.S,0.0208024171740911,OPTIMAL
2022 inflation shock,Risk Averse,Minimum variance,"B (point-in-time, the actual test)",cap off,2022-01-03,2022-10-12,ORNBV.HE,0.0204319830054349,OPTIMAL
2022 inflation shock,Risk Averse,Minimum variance,"B (point-in-time, the actual test)",cap off,2022-01-03,2022-10-12,AD.AS,0.0193738030593103,OPTIMAL
2022 inflation shock,Risk Averse,Minimum variance,"B (point-in-time, the actual test)",cap off,2022-01-03,2022-10-12,HRL.N,0.0173070663103142,OPTIMAL
2022 inflation shock,Risk Averse,Minimum variance,"B (point-in-time, the actual test)",cap off,2022-01-03,2022-10-12,GILD.OQ,0.0146983975502383,OPTIMAL
2022 inflation shock,Risk Averse,Minimum variance,"B (point-in-time, the actual test)",cap off,2022-01-03,2022-10-12,PSPN.S,0.0141271544081407,OPTIMAL
2022 inflation shock,Risk Averse,Minimum variance,"B (point-in-time, the actual test)",cap off,2022-01-03,2022-10-12,NEM.N,0.0118693982882993,OPTIMAL
2022 inflation shock,Risk Averse,Minimum variance,"B (point-in-time, the actual test)",cap off,2022-01-03,2022-10-12,GEN.OQ,0.0107310828313897,OPTIMAL
2022 inflation shock,Risk Averse,Minimum variance,"B (point-in-time, the actual test)",cap off,2022-01-03,2022-10-12,CPB.OQ,0.0105559121372463,OPTIMAL
2022 inflation shock,Risk Averse,Minimum variance,"B (point-in-time, the actual test)",cap off,2022-01-03,2022-10-12,CHRW.OQ,0.0103290987537481,OPTIMAL
2022 inflation shock,Risk Averse,Minimum variance,"B (point-in-time, the actual test)",cap off,2022-01-03,2022-10-12,LOTB.BR,0.0100168948134026,OPTIMAL
2022 inflation shock,Risk Averse,Minimum variance,"B (point-in-time, the actual test)",cap off,2022-01-03,2022-10-12,IMB.L,0.0100088768658732,OPTIMAL
2022 inflation shock,Risk Averse,Minimum variance,"B (point-in-time, the actual test)",cap off,2022-01-03,2022-10-12,SJM.N,0.0100046867016352,OPTIMAL
2022 inflation shock,Risk Averse,Minimum variance,"B (point-in-time, the actual test)",cap off,2022-01-03,2022-10-12,SBRY.L,0.0100043770663573,OPTIMAL
2022 inflation shock,Risk Averse,Minimum variance,"B (point-in-time, the actual test)",cap off,2022-01-03,2022-10-12,PODD.OQ,0.0100018462591344,OPTIMAL
2022 inflation shock,Risk Averse,Minimum variance,"B (point-in-time, the actual test)",cap off,2022-01-03,2022-10-12,EQT.N,0.0100008554548392,OPTIMAL
2022 inflation shock,Risk Averse,Minimum variance,"B (point-in-time, the actual test)",cap off,2022-01-03,2022-10-12,AXFO.ST,0.0100003488144934,OPTIMAL
2022 inflation shock,Neutral,Maximum return/risk ratio,"B (point-in-time, the actual test)",cap off,2022-01-03,2022-10-12,WST.N,0.0890889300220831,OPTIMAL
2022 inflation shock,Neutral,Maximum return/risk ratio,"B (point-in-time, the actual test)",cap off,2022-01-03,2022-10-12,EXR.N,0.0817761864856689,OPTIMAL
2022 inflation shock,Neutral,Maximum return/risk ratio,"B (point-in-time, the actual test)",cap off,2022-01-03,2022-10-12,LISP.S,0.0808889181398571,OPTIMAL
2022 inflation shock,Neutral,Maximum return/risk ratio,"B (point-in-time, the actual test)",cap off,2022-01-03,2022-10-12,EVOG.ST,0.0706538101804397,OPTIMAL
2022 inflation shock,Neutral,Maximum return/risk ratio,"B (point-in-time, the actual test)",cap off,2022-01-03,2022-10-12,IETB.BR,0.0622392316053113,OPTIMAL
2022 inflation shock,Neutral,Maximum return/risk ratio,"B (point-in-time, the actual test)",cap off,2022-01-03,2022-10-12,GETIb.ST,0.0570992140204333,OPTIMAL
2022 inflation shock,Neutral,Maximum return/risk ratio,"B (point-in-time, the actual test)",cap off,2022-01-03,2022-10-12,TGT.N,0.054138503990927,OPTIMAL
2022 inflation shock,Neutral,Maximum return/risk ratio,"B (point-in-time, the actual test)",cap off,2022-01-03,2022-10-12,COST.OQ,0.0528906084622578,OPTIMAL
2022 inflation shock,Neutral,Maximum return/risk ratio,"B (point-in-time, the actual test)",cap off,2022-01-03,2022-10-12,MRNA.OQ,0.0424227315320223,OPTIMAL
2022 inflation shock,Neutral,Maximum return/risk ratio,"B (point-in-time, the actual test)",cap off,2022-01-03,2022-10-12,KR.N,0.0422868537472148,OPTIMAL
2022 inflation shock,Neutral,Maximum return/risk ratio,"B (point-in-time, the actual test)",cap off,2022-01-03,2022-10-12,LOTB.BR,0.0395348830297378,OPTIMAL
2022 inflation shock,Neutral,Maximum return/risk ratio,"B (point-in-time, the actual test)",cap off,2022-01-03,2022-10-12,GEN.OQ,0.0392554229948316,OPTIMAL
2022 inflation shock,Neutral,Maximum return/risk ratio,"B (point-in-time, the actual test)",cap off,2022-01-03,2022-10-12,BEAN.S,0.0331514255795742,OPTIMAL
2022 inflation shock,Neutral,Maximum return/risk ratio,"B (point-in-time, the actual test)",cap off,2022-01-03,2022-10-12,SIGNC.S,0.027793385490513,OPTIMAL
2022 inflation shock,Neutral,Maximum return/risk ratio,"B (point-in-time, the actual test)",cap off,2022-01-03,2022-10-12,MOBN.S,0.0256967516771636,OPTIMAL
2022 inflation shock,Neutral,Maximum return/risk ratio,"B (point-in-time, the actual test)",cap off,2022-01-03,2022-10-12,TSLA.OQ,0.0240116292660588,OPTIMAL
2022 inflation shock,Neutral,Maximum return/risk ratio,"B (point-in-time, the actual test)",cap off,2022-01-03,2022-10-12,VACN.S,0.0213082830466764,OPTIMAL
2022 inflation shock,Neutral,Maximum return/risk ratio,"B (point-in-time, the actual test)",cap off,2022-01-03,2022-10-12,DPZ.OQ,0.0193173093535429,OPTIMAL
2022 inflation shock,Neutral,Maximum return/risk ratio,"B (point-in-time, the actual test)",cap off,2022-01-03,2022-10-12,NOVOb.CO,0.0171494185829541,OPTIMAL
2022 inflation shock,Neutral,Maximum return/risk ratio,"B (point-in-time, the actual test)",cap off,2022-01-03,2022-10-12,NEM.N,0.0153418458271649,OPTIMAL
2022 inflation shock,Neutral,Maximum return/risk ratio,"B (point-in-time, the actual test)",cap off,2022-01-03,2022-10-12,RILBA.CO,0.0118079846492944,OPTIMAL
2022 inflation shock,Neutral,Maximum return/risk ratio,"B (point-in-time, the actual test)",cap off,2022-01-03,2022-10-12,NOD.OL,0.0115508282456242,OPTIMAL
2022 inflation shock,Neutral,Maximum return/risk ratio,"B (point-in-time, the actual test)",cap off,2022-01-03,2022-10-12,SFZN.S,0.0102833673070285,OPTIMAL
2022 inflation shock,Neutral,Maximum return/risk ratio,"B (point-in-time, the actual test)",cap off,2022-01-03,2022-10-12,TSCO.L,0.0101437390521235,OPTIMAL
2022 inflation shock,Neutral,Maximum return/risk ratio,"B (point-in-time, the actual test)",cap off,2022-01-03,2022-10-12,AXFO.ST,0.0101123125546064,OPTIMAL
2022 inflation shock,Neutral,Maximum return/risk ratio,"B (point-in-time, the actual test)",cap off,2022-01-03,2022-10-12,ODFL.OQ,0.0100280800582346,OPTIMAL
2022 inflation shock,Neutral,Maximum return/risk ratio,"B (point-in-time, the actual test)",cap off,2022-01-03,2022-10-12,PNN.L,0.0100233635092065,OPTIMAL
2022 inflation shock,Neutral,Maximum return/risk ratio,"B (point-in-time, the actual test)",cap off,2022-01-03,2022-10-12,GIS.N,0.0100041184549139,OPTIMAL
2022 inflation shock,Neutral,Maximum return/risk ratio,"B (point-in-time, the actual test)",cap off,2022-01-03,2022-10-12,REY.MI,0.010000795613951,OPTIMAL
2022 inflation shock,Neutral,Maximum return/risk ratio,"B (point-in-time, the actual test)",cap off,2022-01-03,2022-10-12,PODD.OQ,0.0100000675205829,OPTIMAL
2022 inflation shock,Risk Prone,Highest non-degenerate return,"B (point-in-time, the actual test)",cap off,2022-01-03,2022-10-12,MRNA.OQ,0.1999999998260813,OPTIMAL
2022 inflation shock,Risk Prone,Highest non-degenerate return,"B (point-in-time, the actual test)",cap off,2022-01-03,2022-10-12,ASMI.AS,0.1999999998260813,OPTIMAL
2022 inflation shock,Risk Prone,Highest non-degenerate return,"B (point-in-time, the actual test)",cap off,2022-01-03,2022-10-12,TSLA.OQ,0.1999999987754395,OPTIMAL
2022 inflation shock,Risk Prone,Highest non-degenerate return,"B (point-in-time, the actual test)",cap off,2022-01-03,2022-10-12,EVOG.ST,0.100000000614444,OPTIMAL
2022 inflation shock,Risk Prone,Highest non-degenerate return,"B (point-in-time, the actual test)",cap off,2022-01-03,2022-10-12,NVDA.OQ,0.0490214183323427,OPTIMAL
2022 inflation shock,Risk Prone,Highest non-degenerate return,"B (point-in-time, the actual test)",cap off,2022-01-03,2022-10-12,NOD.OL,0.0109785820390298,OPTIMAL
2022 inflation shock,Risk Prone,Highest non-degenerate return,"B (point-in-time, the actual test)",cap off,2022-01-03,2022-10-12,SATG_p.DE,0.0100000004153039,OPTIMAL
2022 inflation shock,Risk Prone,Highest non-degenerate return,"B (point-in-time, the actual test)",cap off,2022-01-03,2022-10-12,SECTb.ST,0.0100000003285948,OPTIMAL
2022 inflation shock,Risk Prone,Highest non-degenerate return,"B (point-in-time, the actual test)",cap off,2022-01-03,2022-10-12,PODD.OQ,0.0100000000252965,OPTIMAL
2022 inflation shock,Risk Prone,Highest non-degenerate return,"B (point-in-time, the actual test)",cap off,2022-01-03,2022-10-12,PWR.N,0.009999999991304,OPTIMAL
2022 inflation shock,Risk Prone,Highest non-degenerate return,"B (point-in-time, the actual test)",cap off,2022-01-03,2022-10-12,LRCX.OQ,0.009999999991304,OPTIMAL
2022 inflation shock,Risk Prone,Highest non-degenerate return,"B (point-in-time, the actual test)",cap off,2022-01-03,2022-10-12,AMD.OQ,0.009999999991304,OPTIMAL
2022 inflation shock,Risk Prone,Highest non-degenerate return,"B (point-in-time, the actual test)",cap off,2022-01-03,2022-10-12,BLDR.N,0.009999999991304,OPTIMAL
2022 inflation shock,Risk Prone,Highest non-degenerate return,"B (point-in-time, the actual test)",cap off,2022-01-03,2022-10-12,DHR.N,0.009999999991304,OPTIMAL
2022 inflation shock,Risk Prone,Highest non-degenerate return,"B (point-in-time, the actual test)",cap off,2022-01-03,2022-10-12,DXCM.OQ,0.009999999991304,OPTIMAL
2022 inflation shock,Risk Prone,Highest non-degenerate return,"B (point-in-time, the actual test)",cap off,2022-01-03,2022-10-12,CDNS.OQ,0.009999999991304,OPTIMAL
2022 inflation shock,Risk Prone,Highest non-degenerate return,"B (point-in-time, the actual test)",cap off,2022-01-03,2022-10-12,SIKA.S,0.009999999991304,OPTIMAL
2022 inflation shock,Risk Prone,Highest non-degenerate return,"B (point-in-time, the actual test)",cap off,2022-01-03,2022-10-12,AMAT.OQ,0.009999999991304,OPTIMAL
2022 inflation shock,Risk Prone,Highest non-degenerate return,"B (point-in-time, the actual test)",cap off,2022-01-03,2022-10-12,TGT.N,0.009999999991304,OPTIMAL
2022 inflation shock,Risk Prone,Highest non-degenerate return,"B (point-in-time, the actual test)",cap off,2022-01-03,2022-10-12,SCHN.PA,0.009999999991304,OPTIMAL
2022 inflation shock,Risk Prone,Highest non-degenerate return,"B (point-in-time, the actual test)",cap off,2022-01-03,2022-10-12,ARDS.AS,0.009999999991304,OPTIMAL
2022 inflation shock,Risk Prone,Highest non-degenerate return,"B (point-in-time, the actual test)",cap off,2022-01-03,2022-10-12,VACN.S,0.009999999991304,OPTIMAL
2022 inflation shock,Risk Prone,Highest non-degenerate return,"B (point-in-time, the actual test)",cap off,2022-01-03,2022-10-12,WST.N,0.009999999991304,OPTIMAL
2022 inflation shock,Risk Prone,Highest non-degenerate return,"B (point-in-time, the actual test)",cap off,2022-01-03,2022-10-12,GETIb.ST,0.009999999991304,OPTIMAL
2022 inflation shock,Risk Prone,Highest non-degenerate return,"B (point-in-time, the actual test)",cap off,2022-01-03,2022-10-12,ATCOa.ST,0.009999999991304,OPTIMAL
2022 inflation shock,Risk Prone,Highest non-degenerate return,"B (point-in-time, the actual test)",cap off,2022-01-03,2022-10-12,LONN.S,0.009999999991304,OPTIMAL
2022 inflation shock,Risk Prone,Highest non-degenerate return,"B (point-in-time, the actual test)",cap off,2022-01-03,2022-10-12,DSV.CO,0.009999999991304,OPTIMAL
2022 inflation shock,Risk Prone,Highest non-degenerate return,"B (point-in-time, the actual test)",cap off,2022-01-03,2022-10-12,NIBEb.ST,0.009999999991304,OPTIMAL
2022 inflation shock,Risk Prone,Highest non-degenerate return,"B (point-in-time, the actual test)",cap off,2022-01-03,2022-10-12,NEXS.PA,0.009999999991304,OPTIMAL
2022 inflation shock,Risk Prone,Highest non-degenerate return,"B (point-in-time, the actual test)",cap off,2022-01-03,2022-10-12,FCX.N,0.009999999991304,OPTIMAL
2022 inflation shock,Neutral,Maximum return/risk ratio,"B (point-in-time, the actual test)",cap 25%,2022-01-03,2022-10-12,WST.N,0.0919636488194469,OPTIMAL
2022 inflation shock,Neutral,Maximum return/risk ratio,"B (point-in-time, the actual test)",cap 25%,2022-01-03,2022-10-12,EXR.N,0.0833742486762827,OPTIMAL
2022 inflation shock,Neutral,Maximum return/risk ratio,"B (point-in-time, the actual test)",cap 25%,2022-01-03,2022-10-12,LISP.S,0.0814081227166288,OPTIMAL
2022 inflation shock,Neutral,Maximum return/risk ratio,"B (point-in-time, the actual test)",cap 25%,2022-01-03,2022-10-12,EVOG.ST,0.0685980801220604,OPTIMAL
2022 inflation shock,Neutral,Maximum return/risk ratio,"B (point-in-time, the actual test)",cap 25%,2022-01-03,2022-10-12,IETB.BR,0.0603591496367446,OPTIMAL
2022 inflation shock,Neutral,Maximum return/risk ratio,"B (point-in-time, the actual test)",cap 25%,2022-01-03,2022-10-12,GETIb.ST,0.0556202034674834,OPTIMAL
2022 inflation shock,Neutral,Maximum return/risk ratio,"B (point-in-time, the actual test)",cap 25%,2022-01-03,2022-10-12,TGT.N,0.0536986047356721,OPTIMAL
2022 inflation shock,Neutral,Maximum return/risk ratio,"B (point-in-time, the actual test)",cap 25%,2022-01-03,2022-10-12,COST.OQ,0.0521351505103981,OPTIMAL
2022 inflation shock,Neutral,Maximum return/risk ratio,"B (point-in-time, the actual test)",cap 25%,2022-01-03,2022-10-12,KR.N,0.0421458633018509,OPTIMAL
2022 inflation shock,Neutral,Maximum return/risk ratio,"B (point-in-time, the actual test)",cap 25%,2022-01-03,2022-10-12,MRNA.OQ,0.0417914575649703,OPTIMAL
2022 inflation shock,Neutral,Maximum return/risk ratio,"B (point-in-time, the actual test)",cap 25%,2022-01-03,2022-10-12,LOTB.BR,0.0403365053279016,OPTIMAL
2022 inflation shock,Neutral,Maximum return/risk ratio,"B (point-in-time, the actual test)",cap 25%,2022-01-03,2022-10-12,GEN.OQ,0.0396222021923885,OPTIMAL
2022 inflation shock,Neutral,Maximum return/risk ratio,"B (point-in-time, the actual test)",cap 25%,2022-01-03,2022-10-12,BEAN.S,0.0330642500663145,OPTIMAL
2022 inflation shock,Neutral,Maximum return/risk ratio,"B (point-in-time, the actual test)",cap 25%,2022-01-03,2022-10-12,MOBN.S,0.0260632425657104,OPTIMAL
2022 inflation shock,Neutral,Maximum return/risk ratio,"B (point-in-time, the actual test)",cap 25%,2022-01-03,2022-10-12,SIGNC.S,0.0252904466825662,OPTIMAL
2022 inflation shock,Neutral,Maximum return/risk ratio,"B (point-in-time, the actual test)",cap 25%,2022-01-03,2022-10-12,TSLA.OQ,0.0236655254914273,OPTIMAL
2022 inflation shock,Neutral,Maximum return/risk ratio,"B (point-in-time, the actual test)",cap 25%,2022-01-03,2022-10-12,DPZ.OQ,0.0200581906932093,OPTIMAL
2022 inflation shock,Neutral,Maximum return/risk ratio,"B (point-in-time, the actual test)",cap 25%,2022-01-03,2022-10-12,NOVOb.CO,0.0163994645527805,OPTIMAL
2022 inflation shock,Neutral,Maximum return/risk ratio,"B (point-in-time, the actual test)",cap 25%,2022-01-03,2022-10-12,VACN.S,0.0159455813824137,OPTIMAL
2022 inflation shock,Neutral,Maximum return/risk ratio,"B (point-in-time, the actual test)",cap 25%,2022-01-03,2022-10-12,NEM.N,0.0143072024159005,OPTIMAL
2022 inflation shock,Neutral,Maximum return/risk ratio,"B (point-in-time, the actual test)",cap 25%,2022-01-03,2022-10-12,RILBA.CO,0.0130654646298784,OPTIMAL
2022 inflation shock,Neutral,Maximum return/risk ratio,"B (point-in-time, the actual test)",cap 25%,2022-01-03,2022-10-12,NOD.OL,0.0105070652024384,OPTIMAL
2022 inflation shock,Neutral,Maximum return/risk ratio,"B (point-in-time, the actual test)",cap 25%,2022-01-03,2022-10-12,TSCO.L,0.0102321120606249,OPTIMAL
2022 inflation shock,Neutral,Maximum return/risk ratio,"B (point-in-time, the actual test)",cap 25%,2022-01-03,2022-10-12,SFZN.S,0.0102237663665415,OPTIMAL
2022 inflation shock,Neutral,Maximum return/risk ratio,"B (point-in-time, the actual test)",cap 25%,2022-01-03,2022-10-12,ODFL.OQ,0.0100683956447633,OPTIMAL
2022 inflation shock,Neutral,Maximum return/risk ratio,"B (point-in-time, the actual test)",cap 25%,2022-01-03,2022-10-12,AXFO.ST,0.0100413518812651,OPTIMAL
2022 inflation shock,Neutral,Maximum return/risk ratio,"B (point-in-time, the actual test)",cap 25%,2022-01-03,2022-10-12,PNN.L,0.0100112074332492,OPTIMAL
2022 inflation shock,Neutral,Maximum return/risk ratio,"B (point-in-time, the actual test)",cap 25%,2022-01-03,2022-10-12,GIS.N,0.0100022397697866,OPTIMAL
2022 inflation shock,Neutral,Maximum return/risk ratio,"B (point-in-time, the actual test)",cap 25%,2022-01-03,2022-10-12,ASMI.AS,0.0100006747081575,OPTIMAL
2022 inflation shock,Neutral,Maximum return/risk ratio,"B (point-in-time, the actual test)",cap 25%,2022-01-03,2022-10-12,GIVN.S,0.0100003451032017,OPTIMAL
2022 inflation shock,Neutral,Maximum return/risk ratio,"B (point-in-time, the actual test)",cap 25%,2022-01-03,2022-10-12,REY.MI,0.0100002362779411,OPTIMAL
2022 inflation shock,1/N Equal Weight,benchmark,"B (point-in-time, the actual test)",not applicable,2022-01-03,2022-10-12,FER.MC,0.0009852216748768,benchmark
2022 inflation shock,1/N Equal Weight,benchmark,"B (point-in-time, the actual test)",not applicable,2022-01-03,2022-10-12,CARLb.CO,0.0009852216748768,benchmark
2022 inflation shock,1/N Equal Weight,benchmark,"B (point-in-time, the actual test)",not applicable,2022-01-03,2022-10-12,ULVR.L,0.0009852216748768,benchmark
2022 inflation shock,1/N Equal Weight,benchmark,"B (point-in-time, the actual test)",not applicable,2022-01-03,2022-10-12,INVEb.ST,0.0009852216748768,benchmark
2022 inflation shock,1/N Equal Weight,benchmark,"B (point-in-time, the actual test)",not applicable,2022-01-03,2022-10-12,LAGRb.ST,0.0009852216748768,benchmark
2022 inflation shock,1/N Equal Weight,benchmark,"B (point-in-time, the actual test)",not applicable,2022-01-03,2022-10-12,STERV.HE,0.0009852216748768,benchmark
2022 inflation shock,1/N Equal Weight,benchmark,"B (point-in-time, the actual test)",not applicable,2022-01-03,2022-10-12,EPIRa.ST,0.0009852216748768,benchmark
2022 inflation shock,1/N Equal Weight,benchmark,"B (point-in-time, the actual test)",not applicable,2022-01-03,2022-10-12,VIS.MC,0.0009852216748768,benchmark
2022 inflation shock,1/N Equal Weight,benchmark,"B (point-in-time, the actual test)",not applicable,2022-01-03,2022-10-12,PHG.AS,0.0009852216748768,benchmark
2022 inflation shock,1/N Equal Weight,benchmark,"B (point-in-time, the actual test)",not applicable,2022-01-03,2022-10-12,BEIJb.ST,0.0009852216748768,benchmark
2022 inflation shock,1/N Equal Weight,benchmark,"B (point-in-time, the actual test)",not applicable,2022-01-03,2022-10-12,IPN.PA,0.0009852216748768,benchmark
2022 inflation shock,1/N Equal Weight,benchmark,"B (point-in-time, the actual test)",not applicable,2022-01-03,2022-10-12,SCHP.S,0.0009852216748768,benchmark
2022 inflation shock,1/N Equal Weight,benchmark,"B (point-in-time, the actual test)",not applicable,2022-01-03,2022-10-12,SQN.S,0.0009852216748768,benchmark
2022 inflation shock,1/N Equal Weight,benchmark,"B (point-in-time, the actual test)",not applicable,2022-01-03,2022-10-12,DAST.PA,0.0009852216748768,benchmark
2022 inflation shock,1/N Equal Weight,benchmark,"B (point-in-time, the actual test)",not applicable,2022-01-03,2022-10-12,GEBN.S,0.0009852216748768,benchmark
2022 inflation shock,1/N Equal Weight,benchmark,"B (point-in-time, the actual test)",not applicable,2022-01-03,2022-10-12,SKFb.ST,0.0009852216748768,benchmark
2022 inflation shock,1/N Equal Weight,benchmark,"B (point-in-time, the actual test)",not applicable,2022-01-03,2022-10-12,TLXGn.DE,0.0009852216748768,benchmark
2022 inflation shock,1/N Equal Weight,benchmark,"B (point-in-time, the actual test)",not applicable,2022-01-03,2022-10-12,DHER.DE,0.0009852216748768,benchmark
2022 inflation shock,1/N Equal Weight,benchmark,"B (point-in-time, the actual test)",not applicable,2022-01-03,2022-10-12,GBLB.BR,0.0009852216748768,benchmark
2022 inflation shock,1/N Equal Weight,benchmark,"B (point-in-time, the actual test)",not applicable,2022-01-03,2022-10-12,GALE.S,0.0009852216748768,benchmark
2022 inflation shock,1/N Equal Weight,benchmark,"B (point-in-time, the actual test)",not applicable,2022-01-03,2022-10-12,FRES.L,0.0009852216748768,benchmark
2022 inflation shock,1/N Equal Weight,benchmark,"B (point-in-time, the actual test)",not applicable,2022-01-03,2022-10-12,AIXGn.DE,0.0009852216748768,benchmark
2022 inflation shock,1/N Equal Weight,benchmark,"B (point-in-time, the actual test)",not applicable,2022-01-03,2022-10-12,VOD.L,0.0009852216748768,benchmark
2022 inflation shock,1/N Equal Weight,benchmark,"B (point-in-time, the actual test)",not applicable,2022-01-03,2022-10-12,SATG_p.DE,0.0009852216748768,benchmark
2022 inflation shock,1/N Equal Weight,benchmark,"B (point-in-time, the actual test)",not applicable,2022-01-03,2022-10-12,AZMT.MI,0.0009852216748768,benchmark
2022 inflation shock,1/N Equal Weight,benchmark,"B (point-in-time, the actual test)",not applicable,2022-01-03,2022-10-12,MICP.PA,0.0009852216748768,benchmark
2022 inflation shock,1/N Equal Weight,benchmark,"B (point-in-time, the actual test)",not applicable,2022-01-03,2022-10-12,PRY.MI,0.0009852216748768,benchmark
2022 inflation shock,1/N Equal Weight,benchmark,"B (point-in-time, the actual test)",not applicable,2022-01-03,2022-10-12,ORSTED.CO,0.0009852216748768,benchmark
2022 inflation shock,1/N Equal Weight,benchmark,"B (point-in-time, the actual test)",not applicable,2022-01-03,2022-10-12,BAYGn.DE,0.0009852216748768,benchmark
2022 inflation shock,1/N Equal Weight,benchmark,"B (point-in-time, the actual test)",not applicable,2022-01-03,2022-10-12,BAB.L,0.0009852216748768,benchmark
2022 inflation shock,1/N Equal Weight,benchmark,"B (point-in-time, the actual test)",not applicable,2022-01-03,2022-10-12,RENA.PA,0.0009852216748768,benchmark
2022 inflation shock,1/N Equal Weight,benchmark,"B (point-in-time, the actual test)",not applicable,2022-01-03,2022-10-12,HSX.L,0.0009852216748768,benchmark
2022 inflation shock,1/N Equal Weight,benchmark,"B (point-in-time, the actual test)",not applicable,2022-01-03,2022-10-12,HMb.ST,0.0009852216748768,benchmark
2022 inflation shock,1/N Equal Weight,benchmark,"B (point-in-time, the actual test)",not applicable,2022-01-03,2022-10-12,GETIb.ST,0.0009852216748768,benchmark
2022 inflation shock,1/N Equal Weight,benchmark,"B (point-in-time, the actual test)",not applicable,2022-01-03,2022-10-12,TRN.MI,0.0009852216748768,benchmark
2022 inflation shock,1/N Equal Weight,benchmark,"B (point-in-time, the actual test)",not applicable,2022-01-03,2022-10-12,CWK.L,0.0009852216748768,benchmark
2022 inflation shock,1/N Equal Weight,benchmark,"B (point-in-time, the actual test)",not applicable,2022-01-03,2022-10-12,LDOF.MI,0.0009852216748768,benchmark
2022 inflation shock,1/N Equal Weight,benchmark,"B (point-in-time, the actual test)",not applicable,2022-01-03,2022-10-12,SIKA.S,0.0009852216748768,benchmark
2022 inflation shock,1/N Equal Weight,benchmark,"B (point-in-time, the actual test)",not applicable,2022-01-03,2022-10-12,SOON.S,0.0009852216748768,benchmark
2022 inflation shock,1/N Equal Weight,benchmark,"B (point-in-time, the actual test)",not applicable,2022-01-03,2022-10-12,RAAG.DE,0.0009852216748768,benchmark
2022 inflation shock,1/N Equal Weight,benchmark,"B (point-in-time, the actual test)",not applicable,2022-01-03,2022-10-12,BRBY.L,0.0009852216748768,benchmark
2022 inflation shock,1/N Equal Weight,benchmark,"B (point-in-time, the actual test)",not applicable,2022-01-03,2022-10-12,TEMN.S,0.0009852216748768,benchmark
2022 inflation shock,1/N Equal Weight,benchmark,"B (point-in-time, the actual test)",not applicable,2022-01-03,2022-10-12,STDM.PA,0.0009852216748768,benchmark
2022 inflation shock,1/N Equal Weight,benchmark,"B (point-in-time, the actual test)",not applicable,2022-01-03,2022-10-12,SRP.L,0.0009852216748768,benchmark
2022 inflation shock,1/N Equal Weight,benchmark,"B (point-in-time, the actual test)",not applicable,2022-01-03,2022-10-12,MAERSKb.CO,0.0009852216748768,benchmark
2022 inflation shock,1/N Equal Weight,benchmark,"B (point-in-time, the actual test)",not applicable,2022-01-03,2022-10-12,VATN.S,0.0009852216748768,benchmark
2022 inflation shock,1/N Equal Weight,benchmark,"B (point-in-time, the actual test)",not applicable,2022-01-03,2022-10-12,VLLP.PA,0.0009852216748768,benchmark
2022 inflation shock,1/N Equal Weight,benchmark,"B (point-in-time, the actual test)",not applicable,2022-01-03,2022-10-12,KNIN.S,0.0009852216748768,benchmark
2022 inflation shock,1/N Equal Weight,benchmark,"B (point-in-time, the actual test)",not applicable,2022-01-03,2022-10-12,MRL.MC,0.0009852216748768,benchmark
2022 inflation shock,1/N Equal Weight,benchmark,"B (point-in-time, the actual test)",not applicable,2022-01-03,2022-10-12,BT.L,0.0009852216748768,benchmark
2022 inflation shock,1/N Equal Weight,benchmark,"B (point-in-time, the actual test)",not applicable,2022-01-03,2022-10-12,RKT.L,0.0009852216748768,benchmark
2022 inflation shock,1/N Equal Weight,benchmark,"B (point-in-time, the actual test)",not applicable,2022-01-03,2022-10-12,VACN.S,0.0009852216748768,benchmark
2022 inflation shock,1/N Equal Weight,benchmark,"B (point-in-time, the actual test)",not applicable,2022-01-03,2022-10-12,SSE.L,0.0009852216748768,benchmark
2022 inflation shock,1/N Equal Weight,benchmark,"B (point-in-time, the actual test)",not applicable,2022-01-03,2022-10-12,BEAN.S,0.0009852216748768,benchmark
2022 inflation shock,1/N Equal Weight,benchmark,"B (point-in-time, the actual test)",not applicable,2022-01-03,2022-10-12,LGEN.L,0.0009852216748768,benchmark
2022 inflation shock,1/N Equal Weight,benchmark,"B (point-in-time, the actual test)",not applicable,2022-01-03,2022-10-12,SGE.L,0.0009852216748768,benchmark
2022 inflation shock,1/N Equal Weight,benchmark,"B (point-in-time, the actual test)",not applicable,2022-01-03,2022-10-12,EDPR.LS,0.0009852216748768,benchmark
2022 inflation shock,1/N Equal Weight,benchmark,"B (point-in-time, the actual test)",not applicable,2022-01-03,2022-10-12,LOGN.S,0.0009852216748768,benchmark
2022 inflation shock,1/N Equal Weight,benchmark,"B (point-in-time, the actual test)",not applicable,2022-01-03,2022-10-12,BTRW.L,0.0009852216748768,benchmark
2022 inflation shock,1/N Equal Weight,benchmark,"B (point-in-time, the actual test)",not applicable,2022-01-03,2022-10-12,LAND.L,0.0009852216748768,benchmark
2022 inflation shock,1/N Equal Weight,benchmark,"B (point-in-time, the actual test)",not applicable,2022-01-03,2022-10-12,IMB.L,0.0009852216748768,benchmark
2022 inflation shock,1/N Equal Weight,benchmark,"B (point-in-time, the actual test)",not applicable,2022-01-03,2022-10-12,QLT.L,0.0009852216748768,benchmark
2022 inflation shock,1/N Equal Weight,benchmark,"B (point-in-time, the actual test)",not applicable,2022-01-03,2022-10-12,ADYEN.AS,0.0009852216748768,benchmark
2022 inflation shock,1/N Equal Weight,benchmark,"B (point-in-time, the actual test)",not applicable,2022-01-03,2022-10-12,GF.S,0.0009852216748768,benchmark
2022 inflation shock,1/N Equal Weight,benchmark,"B (point-in-time, the actual test)",not applicable,2022-01-03,2022-10-12,KGH.WA,0.0009852216748768,benchmark
2022 inflation shock,1/N Equal Weight,benchmark,"B (point-in-time, the actual test)",not applicable,2022-01-03,2022-10-12,YAR.OL,0.0009852216748768,benchmark
2022 inflation shock,1/N Equal Weight,benchmark,"B (point-in-time, the actual test)",not applicable,2022-01-03,2022-10-12,ADP.PA,0.0009852216748768,benchmark
2022 inflation shock,1/N Equal Weight,benchmark,"B (point-in-time, the actual test)",not applicable,2022-01-03,2022-10-12,QQ.L,0.0009852216748768,benchmark
2022 inflation shock,1/N Equal Weight,benchmark,"B (point-in-time, the actual test)",not applicable,2022-01-03,2022-10-12,SAF.PA,0.0009852216748768,benchmark
2022 inflation shock,1/N Equal Weight,benchmark,"B (point-in-time, the actual test)",not applicable,2022-01-03,2022-10-12,ACS.MC,0.0009852216748768,benchmark
2022 inflation shock,1/N Equal Weight,benchmark,"B (point-in-time, the actual test)",not applicable,2022-01-03,2022-10-12,INF.L,0.0009852216748768,benchmark
2022 inflation shock,1/N Equal Weight,benchmark,"B (point-in-time, the actual test)",not applicable,2022-01-03,2022-10-12,SAPG.DE,0.0009852216748768,benchmark
2022 inflation shock,1/N Equal Weight,benchmark,"B (point-in-time, the actual test)",not applicable,2022-01-03,2022-10-12,TCAPI.L,0.0009852216748768,benchmark
2022 inflation shock,1/N Equal Weight,benchmark,"B (point-in-time, the actual test)",not applicable,2022-01-03,2022-10-12,HWDN.L,0.0009852216748768,benchmark
2022 inflation shock,1/N Equal Weight,benchmark,"B (point-in-time, the actual test)",not applicable,2022-01-03,2022-10-12,SAMPO.HE,0.0009852216748768,benchmark
2022 inflation shock,1/N Equal Weight,benchmark,"B (point-in-time, the actual test)",not applicable,2022-01-03,2022-10-12,ARGX.BR,0.0009852216748768,benchmark
2022 inflation shock,1/N Equal Weight,benchmark,"B (point-in-time, the actual test)",not applicable,2022-01-03,2022-10-12,IMI.L,0.0009852216748768,benchmark
2022 inflation shock,1/N Equal Weight,benchmark,"B (point-in-time, the actual test)",not applicable,2022-01-03,2022-10-12,SAABb.ST,0.0009852216748768,benchmark
2022 inflation shock,1/N Equal Weight,benchmark,"B (point-in-time, the actual test)",not applicable,2022-01-03,2022-10-12,NAFG.DE,0.0009852216748768,benchmark
2022 inflation shock,1/N Equal Weight,benchmark,"B (point-in-time, the actual test)",not applicable,2022-01-03,2022-10-12,INVP.L,0.0009852216748768,benchmark
2022 inflation shock,1/N Equal Weight,benchmark,"B (point-in-time, the actual test)",not applicable,2022-01-03,2022-10-12,RYA.I,0.0009852216748768,benchmark
2022 inflation shock,1/N Equal Weight,benchmark,"B (point-in-time, the actual test)",not applicable,2022-01-03,2022-10-12,SFZN.S,0.0009852216748768,benchmark
2022 inflation shock,1/N Equal Weight,benchmark,"B (point-in-time, the actual test)",not applicable,2022-01-03,2022-10-12,SALM.OL,0.0009852216748768,benchmark
2022 inflation shock,1/N Equal Weight,benchmark,"B (point-in-time, the actual test)",not applicable,2022-01-03,2022-10-12,CARR.PA,0.0009852216748768,benchmark
2022 inflation shock,1/N Equal Weight,benchmark,"B (point-in-time, the actual test)",not applicable,2022-01-03,2022-10-12,RBIV.VI,0.0009852216748768,benchmark
2022 inflation shock,1/N Equal Weight,benchmark,"B (point-in-time, the actual test)",not applicable,2022-01-03,2022-10-12,HNKG_p.DE,0.0009852216748768,benchmark
2022 inflation shock,1/N Equal Weight,benchmark,"B (point-in-time, the actual test)",not applicable,2022-01-03,2022-10-12,FPE3_p.DE,0.0009852216748768,benchmark
2022 inflation shock,1/N Equal Weight,benchmark,"B (point-in-time, the actual test)",not applicable,2022-01-03,2022-10-12,LIFCOb.ST,0.0009852216748768,benchmark
2022 inflation shock,1/N Equal Weight,benchmark,"B (point-in-time, the actual test)",not applicable,2022-01-03,2022-10-12,ATCOa.ST,0.0009852216748768,benchmark
2022 inflation shock,1/N Equal Weight,benchmark,"B (point-in-time, the actual test)",not applicable,2022-01-03,2022-10-12,ERST.VI,0.0009852216748768,benchmark
2022 inflation shock,1/N Equal Weight,benchmark,"B (point-in-time, the actual test)",not applicable,2022-01-03,2022-10-12,BCU.MI,0.0009852216748768,benchmark
2022 inflation shock,1/N Equal Weight,benchmark,"B (point-in-time, the actual test)",not applicable,2022-01-03,2022-10-12,VALMT.HE,0.0009852216748768,benchmark
2022 inflation shock,1/N Equal Weight,benchmark,"B (point-in-time, the actual test)",not applicable,2022-01-03,2022-10-12,ENEI.MI,0.0009852216748768,benchmark
2022 inflation shock,1/N Equal Weight,benchmark,"B (point-in-time, the actual test)",not applicable,2022-01-03,2022-10-12,FNTGn.DE,0.0009852216748768,benchmark
2022 inflation shock,1/N Equal Weight,benchmark,"B (point-in-time, the actual test)",not applicable,2022-01-03,2022-10-12,INCH.L,0.0009852216748768,benchmark
2022 inflation shock,1/N Equal Weight,benchmark,"B (point-in-time, the actual test)",not applicable,2022-01-03,2022-10-12,ORK.OL,0.0009852216748768,benchmark
2022 inflation shock,1/N Equal Weight,benchmark,"B (point-in-time, the actual test)",not applicable,2022-01-03,2022-10-12,AKZO.AS,0.0009852216748768,benchmark
2022 inflation shock,1/N Equal Weight,benchmark,"B (point-in-time, the actual test)",not applicable,2022-01-03,2022-10-12,SB1NO.OL,0.0009852216748768,benchmark
2022 inflation shock,1/N Equal Weight,benchmark,"B (point-in-time, the actual test)",not applicable,2022-01-03,2022-10-12,PZU.WA,0.0009852216748768,benchmark
2022 inflation shock,1/N Equal Weight,benchmark,"B (point-in-time, the actual test)",not applicable,2022-01-03,2022-10-12,RWEG.DE,0.0009852216748768,benchmark
2022 inflation shock,1/N Equal Weight,benchmark,"B (point-in-time, the actual test)",not applicable,2022-01-03,2022-10-12,KSP.I,0.0009852216748768,benchmark
2022 inflation shock,1/N Equal Weight,benchmark,"B (point-in-time, the actual test)",not applicable,2022-01-03,2022-10-12,LATOb.ST,0.0009852216748768,benchmark
2022 inflation shock,1/N Equal Weight,benchmark,"B (point-in-time, the actual test)",not applicable,2022-01-03,2022-10-12,SGEF.PA,0.0009852216748768,benchmark
2022 inflation shock,1/N Equal Weight,benchmark,"B (point-in-time, the actual test)",not applicable,2022-01-03,2022-10-12,BGN.MI,0.0009852216748768,benchmark
2022 inflation shock,1/N Equal Weight,benchmark,"B (point-in-time, the actual test)",not applicable,2022-01-03,2022-10-12,AAK.ST,0.0009852216748768,benchmark
2022 inflation shock,1/N Equal Weight,benchmark,"B (point-in-time, the actual test)",not applicable,2022-01-03,2022-10-12,PKN.WA,0.0009852216748768,benchmark
2022 inflation shock,1/N Equal Weight,benchmark,"B (point-in-time, the actual test)",not applicable,2022-01-03,2022-10-12,WIHL.ST,0.0009852216748768,benchmark
2022 inflation shock,1/N Equal Weight,benchmark,"B (point-in-time, the actual test)",not applicable,2022-01-03,2022-10-12,ENX.PA,0.0009852216748768,benchmark
2022 inflation shock,1/N Equal Weight,benchmark,"B (point-in-time, the actual test)",not applicable,2022-01-03,2022-10-12,TW.L,0.0009852216748768,benchmark
2022 inflation shock,1/N Equal Weight,benchmark,"B (point-in-time, the actual test)",not applicable,2022-01-03,2022-10-12,ALVG.DE,0.0009852216748768,benchmark
2022 inflation shock,1/N Equal Weight,benchmark,"B (point-in-time, the actual test)",not applicable,2022-01-03,2022-10-12,DHLn.DE,0.0009852216748768,benchmark
2022 inflation shock,1/N Equal Weight,benchmark,"B (point-in-time, the actual test)",not applicable,2022-01-03,2022-10-12,SHLG.DE,0.0009852216748768,benchmark
2022 inflation shock,1/N Equal Weight,benchmark,"B (point-in-time, the actual test)",not applicable,2022-01-03,2022-10-12,LHAG.DE,0.0009852216748768,benchmark
2022 inflation shock,1/N Equal Weight,benchmark,"B (point-in-time, the actual test)",not applicable,2022-01-03,2022-10-12,PAFR.L,0.0009852216748768,benchmark
2022 inflation shock,1/N Equal Weight,benchmark,"B (point-in-time, the actual test)",not applicable,2022-01-03,2022-10-12,LSEG.L,0.0009852216748768,benchmark
2022 inflation shock,1/N Equal Weight,benchmark,"B (point-in-time, the actual test)",not applicable,2022-01-03,2022-10-12,TENR.MI,0.0009852216748768,benchmark
2022 inflation shock,1/N Equal Weight,benchmark,"B (point-in-time, the actual test)",not applicable,2022-01-03,2022-10-12,PKO.WA,0.0009852216748768,benchmark
2022 inflation shock,1/N Equal Weight,benchmark,"B (point-in-time, the actual test)",not applicable,2022-01-03,2022-10-12,DRX.L,0.0009852216748768,benchmark
2022 inflation shock,1/N Equal Weight,benchmark,"B (point-in-time, the actual test)",not applicable,2022-01-03,2022-10-12,SMIN.L,0.0009852216748768,benchmark
2022 inflation shock,1/N Equal Weight,benchmark,"B (point-in-time, the actual test)",not applicable,2022-01-03,2022-10-12,QIA.DE,0.0009852216748768,benchmark
2022 inflation shock,1/N Equal Weight,benchmark,"B (point-in-time, the actual test)",not applicable,2022-01-03,2022-10-12,MT.AS,0.0009852216748768,benchmark
2022 inflation shock,1/N Equal Weight,benchmark,"B (point-in-time, the actual test)",not applicable,2022-01-03,2022-10-12,AM.PA,0.0009852216748768,benchmark
2022 inflation shock,1/N Equal Weight,benchmark,"B (point-in-time, the actual test)",not applicable,2022-01-03,2022-10-12,RBREW.CO,0.0009852216748768,benchmark
2022 inflation shock,1/N Equal Weight,benchmark,"B (point-in-time, the actual test)",not applicable,2022-01-03,2022-10-12,NEXS.PA,0.0009852216748768,benchmark
2022 inflation shock,1/N Equal Weight,benchmark,"B (point-in-time, the actual test)",not applicable,2022-01-03,2022-10-12,TKAG.DE,0.0009852216748768,benchmark
2022 inflation shock,1/N Equal Weight,benchmark,"B (point-in-time, the actual test)",not applicable,2022-01-03,2022-10-12,BARN.S,0.0009852216748768,benchmark
2022 inflation shock,1/N Equal Weight,benchmark,"B (point-in-time, the actual test)",not applicable,2022-01-03,2022-10-12,AENA.MC,0.0009852216748768,benchmark
2022 inflation shock,1/N Equal Weight,benchmark,"B (point-in-time, the actual test)",not applicable,2022-01-03,2022-10-12,ITV.L,0.0009852216748768,benchmark
2022 inflation shock,1/N Equal Weight,benchmark,"B (point-in-time, the actual test)",not applicable,2022-01-03,2022-10-12,BAMI.MI,0.0009852216748768,benchmark
2022 inflation shock,1/N Equal Weight,benchmark,"B (point-in-time, the actual test)",not applicable,2022-01-03,2022-10-12,RACE.MI,0.0009852216748768,benchmark
2022 inflation shock,1/N Equal Weight,benchmark,"B (point-in-time, the actual test)",not applicable,2022-01-03,2022-10-12,EZJ.L,0.0009852216748768,benchmark
2022 inflation shock,1/N Equal Weight,benchmark,"B (point-in-time, the actual test)",not applicable,2022-01-03,2022-10-12,III.L,0.0009852216748768,benchmark
2022 inflation shock,1/N Equal Weight,benchmark,"B (point-in-time, the actual test)",not applicable,2022-01-03,2022-10-12,LUNDb.ST,0.0009852216748768,benchmark
2022 inflation shock,1/N Equal Weight,benchmark,"B (point-in-time, the actual test)",not applicable,2022-01-03,2022-10-12,ERICb.ST,0.0009852216748768,benchmark
2022 inflation shock,1/N Equal Weight,benchmark,"B (point-in-time, the actual test)",not applicable,2022-01-03,2022-10-12,NEKG.DE,0.0009852216748768,benchmark
2022 inflation shock,1/N Equal Weight,benchmark,"B (point-in-time, the actual test)",not applicable,2022-01-03,2022-10-12,MAP.MC,0.0009852216748768,benchmark
2022 inflation shock,1/N Equal Weight,benchmark,"B (point-in-time, the actual test)",not applicable,2022-01-03,2022-10-12,CLNX.MC,0.0009852216748768,benchmark
2022 inflation shock,1/N Equal Weight,benchmark,"B (point-in-time, the actual test)",not applicable,2022-01-03,2022-10-12,CTEC.L,0.0009852216748768,benchmark
2022 inflation shock,1/N Equal Weight,benchmark,"B (point-in-time, the actual test)",not applicable,2022-01-03,2022-10-12,ROPC.S,0.0009852216748768,benchmark
2022 inflation shock,1/N Equal Weight,benchmark,"B (point-in-time, the actual test)",not applicable,2022-01-03,2022-10-12,PSON.L,0.0009852216748768,benchmark
2022 inflation shock,1/N Equal Weight,benchmark,"B (point-in-time, the actual test)",not applicable,2022-01-03,2022-10-12,IBE.MC,0.0009852216748768,benchmark
2022 inflation shock,1/N Equal Weight,benchmark,"B (point-in-time, the actual test)",not applicable,2022-01-03,2022-10-12,SEBa.ST,0.0009852216748768,benchmark
2022 inflation shock,1/N Equal Weight,benchmark,"B (point-in-time, the actual test)",not applicable,2022-01-03,2022-10-12,LEGn.DE,0.0009852216748768,benchmark
2022 inflation shock,1/N Equal Weight,benchmark,"B (point-in-time, the actual test)",not applicable,2022-01-03,2022-10-12,BMWG.DE,0.0009852216748768,benchmark
2022 inflation shock,1/N Equal Weight,benchmark,"B (point-in-time, the actual test)",not applicable,2022-01-03,2022-10-12,SJP.L,0.0009852216748768,benchmark
2022 inflation shock,1/N Equal Weight,benchmark,"B (point-in-time, the actual test)",not applicable,2022-01-03,2022-10-12,GAW.L,0.0009852216748768,benchmark
2022 inflation shock,1/N Equal Weight,benchmark,"B (point-in-time, the actual test)",not applicable,2022-01-03,2022-10-12,SY1G.DE,0.0009852216748768,benchmark
2022 inflation shock,1/N Equal Weight,benchmark,"B (point-in-time, the actual test)",not applicable,2022-01-03,2022-10-12,ABNd.AS,0.0009852216748768,benchmark
2022 inflation shock,1/N Equal Weight,benchmark,"B (point-in-time, the actual test)",not applicable,2022-01-03,2022-10-12,PNN.L,0.0009852216748768,benchmark
2022 inflation shock,1/N Equal Weight,benchmark,"B (point-in-time, the actual test)",not applicable,2022-01-03,2022-10-12,EVOG.ST,0.0009852216748768,benchmark
2022 inflation shock,1/N Equal Weight,benchmark,"B (point-in-time, the actual test)",not applicable,2022-01-03,2022-10-12,OMVV.VI,0.0009852216748768,benchmark
2022 inflation shock,1/N Equal Weight,benchmark,"B (point-in-time, the actual test)",not applicable,2022-01-03,2022-10-12,NTGY.MC,0.0009852216748768,benchmark
2022 inflation shock,1/N Equal Weight,benchmark,"B (point-in-time, the actual test)",not applicable,2022-01-03,2022-10-12,NOVN.S,0.0009852216748768,benchmark
2022 inflation shock,1/N Equal Weight,benchmark,"B (point-in-time, the actual test)",not applicable,2022-01-03,2022-10-12,PST.MI,0.0009852216748768,benchmark
2022 inflation shock,1/N Equal Weight,benchmark,"B (point-in-time, the actual test)",not applicable,2022-01-03,2022-10-12,GALP.LS,0.0009852216748768,benchmark
2022 inflation shock,1/N Equal Weight,benchmark,"B (point-in-time, the actual test)",not applicable,2022-01-03,2022-10-12,VWS.CO,0.0009852216748768,benchmark
2022 inflation shock,1/N Equal Weight,benchmark,"B (point-in-time, the actual test)",not applicable,2022-01-03,2022-10-12,PERP.PA,0.0009852216748768,benchmark
2022 inflation shock,1/N Equal Weight,benchmark,"B (point-in-time, the actual test)",not applicable,2022-01-03,2022-10-12,BLND.L,0.0009852216748768,benchmark
2022 inflation shock,1/N Equal Weight,benchmark,"B (point-in-time, the actual test)",not applicable,2022-01-03,2022-10-12,MNDI.L,0.0009852216748768,benchmark
2022 inflation shock,1/N Equal Weight,benchmark,"B (point-in-time, the actual test)",not applicable,2022-01-03,2022-10-12,BAER.S,0.0009852216748768,benchmark
2022 inflation shock,1/N Equal Weight,benchmark,"B (point-in-time, the actual test)",not applicable,2022-01-03,2022-10-12,EUFI.PA,0.0009852216748768,benchmark
2022 inflation shock,1/N Equal Weight,benchmark,"B (point-in-time, the actual test)",not applicable,2022-01-03,2022-10-12,PRU.L,0.0009852216748768,benchmark
2022 inflation shock,1/N Equal Weight,benchmark,"B (point-in-time, the actual test)",not applicable,2022-01-03,2022-10-12,VERB.VI,0.0009852216748768,benchmark
2022 inflation shock,1/N Equal Weight,benchmark,"B (point-in-time, the actual test)",not applicable,2022-01-03,2022-10-12,NDAFI.HE,0.0009852216748768,benchmark
2022 inflation shock,1/N Equal Weight,benchmark,"B (point-in-time, the actual test)",not applicable,2022-01-03,2022-10-12,PEO.WA,0.0009852216748768,benchmark
2022 inflation shock,1/N Equal Weight,benchmark,"B (point-in-time, the actual test)",not applicable,2022-01-03,2022-10-12,EVKn.DE,0.0009852216748768,benchmark
2022 inflation shock,1/N Equal Weight,benchmark,"B (point-in-time, the actual test)",not applicable,2022-01-03,2022-10-12,CMBN.S,0.0009852216748768,benchmark
2022 inflation shock,1/N Equal Weight,benchmark,"B (point-in-time, the actual test)",not applicable,2022-01-03,2022-10-12,ACCP.PA,0.0009852216748768,benchmark
2022 inflation shock,1/N Equal Weight,benchmark,"B (point-in-time, the actual test)",not applicable,2022-01-03,2022-10-12,ORNBV.HE,0.0009852216748768,benchmark
2022 inflation shock,1/N Equal Weight,benchmark,"B (point-in-time, the actual test)",not applicable,2022-01-03,2022-10-12,BBOXT.L,0.0009852216748768,benchmark
2022 inflation shock,1/N Equal Weight,benchmark,"B (point-in-time, the actual test)",not applicable,2022-01-03,2022-10-12,SUBC.OL,0.0009852216748768,benchmark
2022 inflation shock,1/N Equal Weight,benchmark,"B (point-in-time, the actual test)",not applicable,2022-01-03,2022-10-12,SBMO.AS,0.0009852216748768,benchmark
2022 inflation shock,1/N Equal Weight,benchmark,"B (point-in-time, the actual test)",not applicable,2022-01-03,2022-10-12,ADDTb.ST,0.0009852216748768,benchmark
2022 inflation shock,1/N Equal Weight,benchmark,"B (point-in-time, the actual test)",not applicable,2022-01-03,2022-10-12,AKE.PA,0.0009852216748768,benchmark
2022 inflation shock,1/N Equal Weight,benchmark,"B (point-in-time, the actual test)",not applicable,2022-01-03,2022-10-12,WRT1V.HE,0.0009852216748768,benchmark
2022 inflation shock,1/N Equal Weight,benchmark,"B (point-in-time, the actual test)",not applicable,2022-01-03,2022-10-12,EBP.WA,0.0009852216748768,benchmark
2022 inflation shock,1/N Equal Weight,benchmark,"B (point-in-time, the actual test)",not applicable,2022-01-03,2022-10-12,GRLS.MC,0.0009852216748768,benchmark
2022 inflation shock,1/N Equal Weight,benchmark,"B (point-in-time, the actual test)",not applicable,2022-01-03,2022-10-12,G24n.DE,0.0009852216748768,benchmark
2022 inflation shock,1/N Equal Weight,benchmark,"B (point-in-time, the actual test)",not applicable,2022-01-03,2022-10-12,FRAG.DE,0.0009852216748768,benchmark
2022 inflation shock,1/N Equal Weight,benchmark,"B (point-in-time, the actual test)",not applicable,2022-01-03,2022-10-12,FREG.DE,0.0009852216748768,benchmark
2022 inflation shock,1/N Equal Weight,benchmark,"B (point-in-time, the actual test)",not applicable,2022-01-03,2022-10-12,EDP.LS,0.0009852216748768,benchmark
2022 inflation shock,1/N Equal Weight,benchmark,"B (point-in-time, the actual test)",not applicable,2022-01-03,2022-10-12,TRYG.CO,0.0009852216748768,benchmark
2022 inflation shock,1/N Equal Weight,benchmark,"B (point-in-time, the actual test)",not applicable,2022-01-03,2022-10-12,NOVOb.CO,0.0009852216748768,benchmark
2022 inflation shock,1/N Equal Weight,benchmark,"B (point-in-time, the actual test)",not applicable,2022-01-03,2022-10-12,DPLM.L,0.0009852216748768,benchmark
2022 inflation shock,1/N Equal Weight,benchmark,"B (point-in-time, the actual test)",not applicable,2022-01-03,2022-10-12,BAVA.CO,0.0009852216748768,benchmark
2022 inflation shock,1/N Equal Weight,benchmark,"B (point-in-time, the actual test)",not applicable,2022-01-03,2022-10-12,AOO.BR,0.0009852216748768,benchmark
2022 inflation shock,1/N Equal Weight,benchmark,"B (point-in-time, the actual test)",not applicable,2022-01-03,2022-10-12,IGG.L,0.0009852216748768,benchmark
2022 inflation shock,1/N Equal Weight,benchmark,"B (point-in-time, the actual test)",not applicable,2022-01-03,2022-10-12,AD.AS,0.0009852216748768,benchmark
2022 inflation shock,1/N Equal Weight,benchmark,"B (point-in-time, the actual test)",not applicable,2022-01-03,2022-10-12,TLIT.MI,0.0009852216748768,benchmark
2022 inflation shock,1/N Equal Weight,benchmark,"B (point-in-time, the actual test)",not applicable,2022-01-03,2022-10-12,AMBUb.CO,0.0009852216748768,benchmark
2022 inflation shock,1/N Equal Weight,benchmark,"B (point-in-time, the actual test)",not applicable,2022-01-03,2022-10-12,HIK.L,0.0009852216748768,benchmark
2022 inflation shock,1/N Equal Weight,benchmark,"B (point-in-time, the actual test)",not applicable,2022-01-03,2022-10-12,CAPP.PA,0.0009852216748768,benchmark
2022 inflation shock,1/N Equal Weight,benchmark,"B (point-in-time, the actual test)",not applicable,2022-01-03,2022-10-12,BGEO.L,0.0009852216748768,benchmark
2022 inflation shock,1/N Equal Weight,benchmark,"B (point-in-time, the actual test)",not applicable,2022-01-03,2022-10-12,BIRG.I,0.0009852216748768,benchmark
2022 inflation shock,1/N Equal Weight,benchmark,"B (point-in-time, the actual test)",not applicable,2022-01-03,2022-10-12,DCC.L,0.0009852216748768,benchmark
2022 inflation shock,1/N Equal Weight,benchmark,"B (point-in-time, the actual test)",not applicable,2022-01-03,2022-10-12,KNEBV.HE,0.0009852216748768,benchmark
2022 inflation shock,1/N Equal Weight,benchmark,"B (point-in-time, the actual test)",not applicable,2022-01-03,2022-10-12,DLN.L,0.0009852216748768,benchmark
2022 inflation shock,1/N Equal Weight,benchmark,"B (point-in-time, the actual test)",not applicable,2022-01-03,2022-10-12,WTB.L,0.0009852216748768,benchmark
2022 inflation shock,1/N Equal Weight,benchmark,"B (point-in-time, the actual test)",not applicable,2022-01-03,2022-10-12,GL9.I,0.0009852216748768,benchmark
2022 inflation shock,1/N Equal Weight,benchmark,"B (point-in-time, the actual test)",not applicable,2022-01-03,2022-10-12,NN.AS,0.0009852216748768,benchmark
2022 inflation shock,1/N Equal Weight,benchmark,"B (point-in-time, the actual test)",not applicable,2022-01-03,2022-10-12,ROCKb.CO,0.0009852216748768,benchmark
2022 inflation shock,1/N Equal Weight,benchmark,"B (point-in-time, the actual test)",not applicable,2022-01-03,2022-10-12,UPM.HE,0.0009852216748768,benchmark
2022 inflation shock,1/N Equal Weight,benchmark,"B (point-in-time, the actual test)",not applicable,2022-01-03,2022-10-12,BKT.MC,0.0009852216748768,benchmark
2022 inflation shock,1/N Equal Weight,benchmark,"B (point-in-time, the actual test)",not applicable,2022-01-03,2022-10-12,AKRBP.OL,0.0009852216748768,benchmark
2022 inflation shock,1/N Equal Weight,benchmark,"B (point-in-time, the actual test)",not applicable,2022-01-03,2022-10-12,MONC.MI,0.0009852216748768,benchmark
2022 inflation shock,1/N Equal Weight,benchmark,"B (point-in-time, the actual test)",not applicable,2022-01-03,2022-10-12,ADEN.S,0.0009852216748768,benchmark
2022 inflation shock,1/N Equal Weight,benchmark,"B (point-in-time, the actual test)",not applicable,2022-01-03,2022-10-12,EONGn.DE,0.0009852216748768,benchmark
2022 inflation shock,1/N Equal Weight,benchmark,"B (point-in-time, the actual test)",not applicable,2022-01-03,2022-10-12,LISP.S,0.0009852216748768,benchmark
2022 inflation shock,1/N Equal Weight,benchmark,"B (point-in-time, the actual test)",not applicable,2022-01-03,2022-10-12,WEIR.L,0.0009852216748768,benchmark
2022 inflation shock,1/N Equal Weight,benchmark,"B (point-in-time, the actual test)",not applicable,2022-01-03,2022-10-12,ACKB.BR,0.0009852216748768,benchmark
2022 inflation shock,1/N Equal Weight,benchmark,"B (point-in-time, the actual test)",not applicable,2022-01-03,2022-10-12,VNAn.DE,0.0009852216748768,benchmark
2022 inflation shock,1/N Equal Weight,benchmark,"B (point-in-time, the actual test)",not applicable,2022-01-03,2022-10-12,MTO.L,0.0009852216748768,benchmark
2022 inflation shock,1/N Equal Weight,benchmark,"B (point-in-time, the actual test)",not applicable,2022-01-03,2022-10-12,EDEN.PA,0.0009852216748768,benchmark
2022 inflation shock,1/N Equal Weight,benchmark,"B (point-in-time, the actual test)",not applicable,2022-01-03,2022-10-12,HOTG.DE,0.0009852216748768,benchmark
2022 inflation shock,1/N Equal Weight,benchmark,"B (point-in-time, the actual test)",not applicable,2022-01-03,2022-10-12,BAES.L,0.0009852216748768,benchmark
2022 inflation shock,1/N Equal Weight,benchmark,"B (point-in-time, the actual test)",not applicable,2022-01-03,2022-10-12,ENAG.MC,0.0009852216748768,benchmark
2022 inflation shock,1/N Equal Weight,benchmark,"B (point-in-time, the actual test)",not applicable,2022-01-03,2022-10-12,VEND.OL,0.0009852216748768,benchmark
2022 inflation shock,1/N Equal Weight,benchmark,"B (point-in-time, the actual test)",not applicable,2022-01-03,2022-10-12,BIOX.PA,0.0009852216748768,benchmark
2022 inflation shock,1/N Equal Weight,benchmark,"B (point-in-time, the actual test)",not applicable,2022-01-03,2022-10-12,NKT.CO,0.0009852216748768,benchmark
2022 inflation shock,1/N Equal Weight,benchmark,"B (point-in-time, the actual test)",not applicable,2022-01-03,2022-10-12,SDR.L,0.0009852216748768,benchmark
2022 inflation shock,1/N Equal Weight,benchmark,"B (point-in-time, the actual test)",not applicable,2022-01-03,2022-10-12,TRELb.ST,0.0009852216748768,benchmark
2022 inflation shock,1/N Equal Weight,benchmark,"B (point-in-time, the actual test)",not applicable,2022-01-03,2022-10-12,BWY.L,0.0009852216748768,benchmark
2022 inflation shock,1/N Equal Weight,benchmark,"B (point-in-time, the actual test)",not applicable,2022-01-03,2022-10-12,INGA.AS,0.0009852216748768,benchmark
2022 inflation shock,1/N Equal Weight,benchmark,"B (point-in-time, the actual test)",not applicable,2022-01-03,2022-10-12,BAKKA.OL,0.0009852216748768,benchmark
2022 inflation shock,1/N Equal Weight,benchmark,"B (point-in-time, the actual test)",not applicable,2022-01-03,2022-10-12,HRA.MI,0.0009852216748768,benchmark
2022 inflation shock,1/N Equal Weight,benchmark,"B (point-in-time, the actual test)",not applicable,2022-01-03,2022-10-12,BCVN.S,0.0009852216748768,benchmark
2022 inflation shock,1/N Equal Weight,benchmark,"B (point-in-time, the actual test)",not applicable,2022-01-03,2022-10-12,BMPS.MI,0.0009852216748768,benchmark
2022 inflation shock,1/N Equal Weight,benchmark,"B (point-in-time, the actual test)",not applicable,2022-01-03,2022-10-12,STB.OL,0.0009852216748768,benchmark
2022 inflation shock,1/N Equal Weight,benchmark,"B (point-in-time, the actual test)",not applicable,2022-01-03,2022-10-12,BOUY.PA,0.0009852216748768,benchmark
2022 inflation shock,1/N Equal Weight,benchmark,"B (point-in-time, the actual test)",not applicable,2022-01-03,2022-10-12,AXAF.PA,0.0009852216748768,benchmark
2022 inflation shock,1/N Equal Weight,benchmark,"B (point-in-time, the actual test)",not applicable,2022-01-03,2022-10-12,TEGG.DE,0.0009852216748768,benchmark
2022 inflation shock,1/N Equal Weight,benchmark,"B (point-in-time, the actual test)",not applicable,2022-01-03,2022-10-12,GASI.MI,0.0009852216748768,benchmark
2022 inflation shock,1/N Equal Weight,benchmark,"B (point-in-time, the actual test)",not applicable,2022-01-03,2022-10-12,UU.L,0.0009852216748768,benchmark
2022 inflation shock,1/N Equal Weight,benchmark,"B (point-in-time, the actual test)",not applicable,2022-01-03,2022-10-12,ACPP.WA,0.0009852216748768,benchmark
2022 inflation shock,1/N Equal Weight,benchmark,"B (point-in-time, the actual test)",not applicable,2022-01-03,2022-10-12,MWDP.PA,0.0009852216748768,benchmark
2022 inflation shock,1/N Equal Weight,benchmark,"B (point-in-time, the actual test)",not applicable,2022-01-03,2022-10-12,A2.MI,0.0009852216748768,benchmark
2022 inflation shock,1/N Equal Weight,benchmark,"B (point-in-time, the actual test)",not applicable,2022-01-03,2022-10-12,ZELA.CO,0.0009852216748768,benchmark
2022 inflation shock,1/N Equal Weight,benchmark,"B (point-in-time, the actual test)",not applicable,2022-01-03,2022-10-12,REDE.MC,0.0009852216748768,benchmark
2022 inflation shock,1/N Equal Weight,benchmark,"B (point-in-time, the actual test)",not applicable,2022-01-03,2022-10-12,TEPRF.PA,0.0009852216748768,benchmark
2022 inflation shock,1/N Equal Weight,benchmark,"B (point-in-time, the actual test)",not applicable,2022-01-03,2022-10-12,STMMI.MI,0.0009852216748768,benchmark
2022 inflation shock,1/N Equal Weight,benchmark,"B (point-in-time, the actual test)",not applicable,2022-01-03,2022-10-12,EQNR.OL,0.0009852216748768,benchmark
2022 inflation shock,1/N Equal Weight,benchmark,"B (point-in-time, the actual test)",not applicable,2022-01-03,2022-10-12,VLOF.PA,0.0009852216748768,benchmark
2022 inflation shock,1/N Equal Weight,benchmark,"B (point-in-time, the actual test)",not applicable,2022-01-03,2022-10-12,ALKb.CO,0.0009852216748768,benchmark
2022 inflation shock,1/N Equal Weight,benchmark,"B (point-in-time, the actual test)",not applicable,2022-01-03,2022-10-12,SECUb.ST,0.0009852216748768,benchmark
2022 inflation shock,1/N Equal Weight,benchmark,"B (point-in-time, the actual test)",not applicable,2022-01-03,2022-10-12,EMG.L,0.0009852216748768,benchmark
2022 inflation shock,1/N Equal Weight,benchmark,"B (point-in-time, the actual test)",not applicable,2022-01-03,2022-10-12,EXHO.PA,0.0009852216748768,benchmark
2022 inflation shock,1/N Equal Weight,benchmark,"B (point-in-time, the actual test)",not applicable,2022-01-03,2022-10-12,SSABb.ST,0.0009852216748768,benchmark
2022 inflation shock,1/N Equal Weight,benchmark,"B (point-in-time, the actual test)",not applicable,2022-01-03,2022-10-12,AZN.L,0.0009852216748768,benchmark
2022 inflation shock,1/N Equal Weight,benchmark,"B (point-in-time, the actual test)",not applicable,2022-01-03,2022-10-12,BKGH.L,0.0009852216748768,benchmark
2022 inflation shock,1/N Equal Weight,benchmark,"B (point-in-time, the actual test)",not applicable,2022-01-03,2022-10-12,ICGIN.L,0.0009852216748768,benchmark
2022 inflation shock,1/N Equal Weight,benchmark,"B (point-in-time, the actual test)",not applicable,2022-01-03,2022-10-12,AUTOA.L,0.0009852216748768,benchmark
2022 inflation shock,1/N Equal Weight,benchmark,"B (point-in-time, the actual test)",not applicable,2022-01-03,2022-10-12,RMV.L,0.0009852216748768,benchmark
2022 inflation shock,1/N Equal Weight,benchmark,"B (point-in-time, the actual test)",not applicable,2022-01-03,2022-10-12,VZN.S,0.0009852216748768,benchmark
2022 inflation shock,1/N Equal Weight,benchmark,"B (point-in-time, the actual test)",not applicable,2022-01-03,2022-10-12,IETB.BR,0.0009852216748768,benchmark
2022 inflation shock,1/N Equal Weight,benchmark,"B (point-in-time, the actual test)",not applicable,2022-01-03,2022-10-12,IMCD.AS,0.0009852216748768,benchmark
2022 inflation shock,1/N Equal Weight,benchmark,"B (point-in-time, the actual test)",not applicable,2022-01-03,2022-10-12,SWEDa.ST,0.0009852216748768,benchmark
2022 inflation shock,1/N Equal Weight,benchmark,"B (point-in-time, the actual test)",not applicable,2022-01-03,2022-10-12,SCHN.PA,0.0009852216748768,benchmark
2022 inflation shock,1/N Equal Weight,benchmark,"B (point-in-time, the actual test)",not applicable,2022-01-03,2022-10-12,KPN.AS,0.0009852216748768,benchmark
2022 inflation shock,1/N Equal Weight,benchmark,"B (point-in-time, the actual test)",not applicable,2022-01-03,2022-10-12,WBSV.VI,0.0009852216748768,benchmark
2022 inflation shock,1/N Equal Weight,benchmark,"B (point-in-time, the actual test)",not applicable,2022-01-03,2022-10-12,TEL2b.ST,0.0009852216748768,benchmark
2022 inflation shock,1/N Equal Weight,benchmark,"B (point-in-time, the actual test)",not applicable,2022-01-03,2022-10-12,WLSNc.AS,0.0009852216748768,benchmark
2022 inflation shock,1/N Equal Weight,benchmark,"B (point-in-time, the actual test)",not applicable,2022-01-03,2022-10-12,BP.L,0.0009852216748768,benchmark
2022 inflation shock,1/N Equal Weight,benchmark,"B (point-in-time, the actual test)",not applicable,2022-01-03,2022-10-12,LLOY.L,0.0009852216748768,benchmark
2022 inflation shock,1/N Equal Weight,benchmark,"B (point-in-time, the actual test)",not applicable,2022-01-03,2022-10-12,ARDS.AS,0.0009852216748768,benchmark
2022 inflation shock,1/N Equal Weight,benchmark,"B (point-in-time, the actual test)",not applicable,2022-01-03,2022-10-12,SFSN.S,0.0009852216748768,benchmark
2022 inflation shock,1/N Equal Weight,benchmark,"B (point-in-time, the actual test)",not applicable,2022-01-03,2022-10-12,CCH.L,0.0009852216748768,benchmark
2022 inflation shock,1/N Equal Weight,benchmark,"B (point-in-time, the actual test)",not applicable,2022-01-03,2022-10-12,ESSITYb.ST,0.0009852216748768,benchmark
2022 inflation shock,1/N Equal Weight,benchmark,"B (point-in-time, the actual test)",not applicable,2022-01-03,2022-10-12,MOWI.OL,0.0009852216748768,benchmark
2022 inflation shock,1/N Equal Weight,benchmark,"B (point-in-time, the actual test)",not applicable,2022-01-03,2022-10-12,SAN.MC,0.0009852216748768,benchmark
2022 inflation shock,1/N Equal Weight,benchmark,"B (point-in-time, the actual test)",not applicable,2022-01-03,2022-10-12,HLMA.L,0.0009852216748768,benchmark
2022 inflation shock,1/N Equal Weight,benchmark,"B (point-in-time, the actual test)",not applicable,2022-01-03,2022-10-12,SIEGn.DE,0.0009852216748768,benchmark
2022 inflation shock,1/N Equal Weight,benchmark,"B (point-in-time, the actual test)",not applicable,2022-01-03,2022-10-12,THULE.ST,0.0009852216748768,benchmark
2022 inflation shock,1/N Equal Weight,benchmark,"B (point-in-time, the actual test)",not applicable,2022-01-03,2022-10-12,KEMIRA.HE,0.0009852216748768,benchmark
2022 inflation shock,1/N Equal Weight,benchmark,"B (point-in-time, the actual test)",not applicable,2022-01-03,2022-10-12,HUH1V.HE,0.0009852216748768,benchmark
2022 inflation shock,1/N Equal Weight,benchmark,"B (point-in-time, the actual test)",not applicable,2022-01-03,2022-10-12,DNP.WA,0.0009852216748768,benchmark
2022 inflation shock,1/N Equal Weight,benchmark,"B (point-in-time, the actual test)",not applicable,2022-01-03,2022-10-12,ABBN.S,0.0009852216748768,benchmark
2022 inflation shock,1/N Equal Weight,benchmark,"B (point-in-time, the actual test)",not applicable,2022-01-03,2022-10-12,UNPI.MI,0.0009852216748768,benchmark
2022 inflation shock,1/N Equal Weight,benchmark,"B (point-in-time, the actual test)",not applicable,2022-01-03,2022-10-12,BAWG.VI,0.0009852216748768,benchmark
2022 inflation shock,1/N Equal Weight,benchmark,"B (point-in-time, the actual test)",not applicable,2022-01-03,2022-10-12,RS1R.L,0.0009852216748768,benchmark
2022 inflation shock,1/N Equal Weight,benchmark,"B (point-in-time, the actual test)",not applicable,2022-01-03,2022-10-12,BC8G.DE,0.0009852216748768,benchmark
2022 inflation shock,1/N Equal Weight,benchmark,"B (point-in-time, the actual test)",not applicable,2022-01-03,2022-10-12,RHMG.DE,0.0009852216748768,benchmark
2022 inflation shock,1/N Equal Weight,benchmark,"B (point-in-time, the actual test)",not applicable,2022-01-03,2022-10-12,AIRP.PA,0.0009852216748768,benchmark
2022 inflation shock,1/N Equal Weight,benchmark,"B (point-in-time, the actual test)",not applicable,2022-01-03,2022-10-12,GETP.PA,0.0009852216748768,benchmark
2022 inflation shock,1/N Equal Weight,benchmark,"B (point-in-time, the actual test)",not applicable,2022-01-03,2022-10-12,HEIO.AS,0.0009852216748768,benchmark
2022 inflation shock,1/N Equal Weight,benchmark,"B (point-in-time, the actual test)",not applicable,2022-01-03,2022-10-12,ROR.L,0.0009852216748768,benchmark
2022 inflation shock,1/N Equal Weight,benchmark,"B (point-in-time, the actual test)",not applicable,2022-01-03,2022-10-12,FHZN.S,0.0009852216748768,benchmark
2022 inflation shock,1/N Equal Weight,benchmark,"B (point-in-time, the actual test)",not applicable,2022-01-03,2022-10-12,DTEGn.DE,0.0009852216748768,benchmark
2022 inflation shock,1/N Equal Weight,benchmark,"B (point-in-time, the actual test)",not applicable,2022-01-03,2022-10-12,STAN.L,0.0009852216748768,benchmark
2022 inflation shock,1/N Equal Weight,benchmark,"B (point-in-time, the actual test)",not applicable,2022-01-03,2022-10-12,RR.L,0.0009852216748768,benchmark
2022 inflation shock,1/N Equal Weight,benchmark,"B (point-in-time, the actual test)",not applicable,2022-01-03,2022-10-12,ADSGn.DE,0.0009852216748768,benchmark
2022 inflation shock,1/N Equal Weight,benchmark,"B (point-in-time, the actual test)",not applicable,2022-01-03,2022-10-12,MYCR.ST,0.0009852216748768,benchmark
2022 inflation shock,1/N Equal Weight,benchmark,"B (point-in-time, the actual test)",not applicable,2022-01-03,2022-10-12,SASY.PA,0.0009852216748768,benchmark
2022 inflation shock,1/N Equal Weight,benchmark,"B (point-in-time, the actual test)",not applicable,2022-01-03,2022-10-12,SIGNC.S,0.0009852216748768,benchmark
2022 inflation shock,1/N Equal Weight,benchmark,"B (point-in-time, the actual test)",not applicable,2022-01-03,2022-10-12,FOUG.PA,0.0009852216748768,benchmark
2022 inflation shock,1/N Equal Weight,benchmark,"B (point-in-time, the actual test)",not applicable,2022-01-03,2022-10-12,UBSG.S,0.0009852216748768,benchmark
2022 inflation shock,1/N Equal Weight,benchmark,"B (point-in-time, the actual test)",not applicable,2022-01-03,2022-10-12,STLAM.MI,0.0009852216748768,benchmark
2022 inflation shock,1/N Equal Weight,benchmark,"B (point-in-time, the actual test)",not applicable,2022-01-03,2022-10-12,RAND.AS,0.0009852216748768,benchmark
2022 inflation shock,1/N Equal Weight,benchmark,"B (point-in-time, the actual test)",not applicable,2022-01-03,2022-10-12,NOD.OL,0.0009852216748768,benchmark
2022 inflation shock,1/N Equal Weight,benchmark,"B (point-in-time, the actual test)",not applicable,2022-01-03,2022-10-12,MKS.L,0.0009852216748768,benchmark
2022 inflation shock,1/N Equal Weight,benchmark,"B (point-in-time, the actual test)",not applicable,2022-01-03,2022-10-12,JMAT.L,0.0009852216748768,benchmark
2022 inflation shock,1/N Equal Weight,benchmark,"B (point-in-time, the actual test)",not applicable,2022-01-03,2022-10-12,ENT.L,0.0009852216748768,benchmark
2022 inflation shock,1/N Equal Weight,benchmark,"B (point-in-time, the actual test)",not applicable,2022-01-03,2022-10-12,ASRNL.AS,0.0009852216748768,benchmark
2022 inflation shock,1/N Equal Weight,benchmark,"B (point-in-time, the actual test)",not applicable,2022-01-03,2022-10-12,PSPN.S,0.0009852216748768,benchmark
2022 inflation shock,1/N Equal Weight,benchmark,"B (point-in-time, the actual test)",not applicable,2022-01-03,2022-10-12,UTG.L,0.0009852216748768,benchmark
2022 inflation shock,1/N Equal Weight,benchmark,"B (point-in-time, the actual test)",not applicable,2022-01-03,2022-10-12,SABE.MC,0.0009852216748768,benchmark
2022 inflation shock,1/N Equal Weight,benchmark,"B (point-in-time, the actual test)",not applicable,2022-01-03,2022-10-12,IFXGn.DE,0.0009852216748768,benchmark
2022 inflation shock,1/N Equal Weight,benchmark,"B (point-in-time, the actual test)",not applicable,2022-01-03,2022-10-12,CAGR.PA,0.0009852216748768,benchmark
2022 inflation shock,1/N Equal Weight,benchmark,"B (point-in-time, the actual test)",not applicable,2022-01-03,2022-10-12,TELIA.ST,0.0009852216748768,benchmark
2022 inflation shock,1/N Equal Weight,benchmark,"B (point-in-time, the actual test)",not applicable,2022-01-03,2022-10-12,PRTP.PA,0.0009852216748768,benchmark
2022 inflation shock,1/N Equal Weight,benchmark,"B (point-in-time, the actual test)",not applicable,2022-01-03,2022-10-12,RECI.MI,0.0009852216748768,benchmark
2022 inflation shock,1/N Equal Weight,benchmark,"B (point-in-time, the actual test)",not applicable,2022-01-03,2022-10-12,BATS.L,0.0009852216748768,benchmark
2022 inflation shock,1/N Equal Weight,benchmark,"B (point-in-time, the actual test)",not applicable,2022-01-03,2022-10-12,SDFGn.DE,0.0009852216748768,benchmark
2022 inflation shock,1/N Equal Weight,benchmark,"B (point-in-time, the actual test)",not applicable,2022-01-03,2022-10-12,ANA.MC,0.0009852216748768,benchmark
2022 inflation shock,1/N Equal Weight,benchmark,"B (point-in-time, the actual test)",not applicable,2022-01-03,2022-10-12,ASSAb.ST,0.0009852216748768,benchmark
2022 inflation shock,1/N Equal Weight,benchmark,"B (point-in-time, the actual test)",not applicable,2022-01-03,2022-10-12,ITRK.L,0.0009852216748768,benchmark
2022 inflation shock,1/N Equal Weight,benchmark,"B (point-in-time, the actual test)",not applicable,2022-01-03,2022-10-12,NIBEb.ST,0.0009852216748768,benchmark
2022 inflation shock,1/N Equal Weight,benchmark,"B (point-in-time, the actual test)",not applicable,2022-01-03,2022-10-12,HBANC.S,0.0009852216748768,benchmark
2022 inflation shock,1/N Equal Weight,benchmark,"B (point-in-time, the actual test)",not applicable,2022-01-03,2022-10-12,FRO.OL,0.0009852216748768,benchmark
2022 inflation shock,1/N Equal Weight,benchmark,"B (point-in-time, the actual test)",not applicable,2022-01-03,2022-10-12,SCOR.PA,0.0009852216748768,benchmark
2022 inflation shock,1/N Equal Weight,benchmark,"B (point-in-time, the actual test)",not applicable,2022-01-03,2022-10-12,BALF.L,0.0009852216748768,benchmark
2022 inflation shock,1/N Equal Weight,benchmark,"B (point-in-time, the actual test)",not applicable,2022-01-03,2022-10-12,JMT.LS,0.0009852216748768,benchmark
2022 inflation shock,1/N Equal Weight,benchmark,"B (point-in-time, the actual test)",not applicable,2022-01-03,2022-10-12,SUN.S,0.0009852216748768,benchmark
2022 inflation shock,1/N Equal Weight,benchmark,"B (point-in-time, the actual test)",not applicable,2022-01-03,2022-10-12,KCRA.HE,0.0009852216748768,benchmark
2022 inflation shock,1/N Equal Weight,benchmark,"B (point-in-time, the actual test)",not applicable,2022-01-03,2022-10-12,UNI.MC,0.0009852216748768,benchmark
2022 inflation shock,1/N Equal Weight,benchmark,"B (point-in-time, the actual test)",not applicable,2022-01-03,2022-10-12,KOG.OL,0.0009852216748768,benchmark
2022 inflation shock,1/N Equal Weight,benchmark,"B (point-in-time, the actual test)",not applicable,2022-01-03,2022-10-12,ALLN.S,0.0009852216748768,benchmark
2022 inflation shock,1/N Equal Weight,benchmark,"B (point-in-time, the actual test)",not applicable,2022-01-03,2022-10-12,ELI.BR,0.0009852216748768,benchmark
2022 inflation shock,1/N Equal Weight,benchmark,"B (point-in-time, the actual test)",not applicable,2022-01-03,2022-10-12,HNRGn.DE,0.0009852216748768,benchmark
2022 inflation shock,1/N Equal Weight,benchmark,"B (point-in-time, the actual test)",not applicable,2022-01-03,2022-10-12,CNA.L,0.0009852216748768,benchmark
2022 inflation shock,1/N Equal Weight,benchmark,"B (point-in-time, the actual test)",not applicable,2022-01-03,2022-10-12,DSV.CO,0.0009852216748768,benchmark
2022 inflation shock,1/N Equal Weight,benchmark,"B (point-in-time, the actual test)",not applicable,2022-01-03,2022-10-12,DB1Gn.DE,0.0009852216748768,benchmark
2022 inflation shock,1/N Equal Weight,benchmark,"B (point-in-time, the actual test)",not applicable,2022-01-03,2022-10-12,BVI.PA,0.0009852216748768,benchmark
2022 inflation shock,1/N Equal Weight,benchmark,"B (point-in-time, the actual test)",not applicable,2022-01-03,2022-10-12,IG.MI,0.0009852216748768,benchmark
2022 inflation shock,1/N Equal Weight,benchmark,"B (point-in-time, the actual test)",not applicable,2022-01-03,2022-10-12,TTEF.PA,0.0009852216748768,benchmark
2022 inflation shock,1/N Equal Weight,benchmark,"B (point-in-time, the actual test)",not applicable,2022-01-03,2022-10-12,MBGn.DE,0.0009852216748768,benchmark
2022 inflation shock,1/N Equal Weight,benchmark,"B (point-in-time, the actual test)",not applicable,2022-01-03,2022-10-12,FBK.MI,0.0009852216748768,benchmark
2022 inflation shock,1/N Equal Weight,benchmark,"B (point-in-time, the actual test)",not applicable,2022-01-03,2022-10-12,SAGAb.ST,0.0009852216748768,benchmark
2022 inflation shock,1/N Equal Weight,benchmark,"B (point-in-time, the actual test)",not applicable,2022-01-03,2022-10-12,MTXGn.DE,0.0009852216748768,benchmark
2022 inflation shock,1/N Equal Weight,benchmark,"B (point-in-time, the actual test)",not applicable,2022-01-03,2022-10-12,ALSYDB.CO,0.0009852216748768,benchmark
2022 inflation shock,1/N Equal Weight,benchmark,"B (point-in-time, the actual test)",not applicable,2022-01-03,2022-10-12,SBNOR.OL,0.0009852216748768,benchmark
2022 inflation shock,1/N Equal Weight,benchmark,"B (point-in-time, the actual test)",not applicable,2022-01-03,2022-10-12,SOGN.PA,0.0009852216748768,benchmark
2022 inflation shock,1/N Equal Weight,benchmark,"B (point-in-time, the actual test)",not applicable,2022-01-03,2022-10-12,DBKGn.DE,0.0009852216748768,benchmark
2022 inflation shock,1/N Equal Weight,benchmark,"B (point-in-time, the actual test)",not applicable,2022-01-03,2022-10-12,NWG.L,0.0009852216748768,benchmark
2022 inflation shock,1/N Equal Weight,benchmark,"B (point-in-time, the actual test)",not applicable,2022-01-03,2022-10-12,SAND.ST,0.0009852216748768,benchmark
2022 inflation shock,1/N Equal Weight,benchmark,"B (point-in-time, the actual test)",not applicable,2022-01-03,2022-10-12,NDXG.DE,0.0009852216748768,benchmark
2022 inflation shock,1/N Equal Weight,benchmark,"B (point-in-time, the actual test)",not applicable,2022-01-03,2022-10-12,INWT.MI,0.0009852216748768,benchmark
2022 inflation shock,1/N Equal Weight,benchmark,"B (point-in-time, the actual test)",not applicable,2022-01-03,2022-10-12,SRENH.S,0.0009852216748768,benchmark
2022 inflation shock,1/N Equal Weight,benchmark,"B (point-in-time, the actual test)",not applicable,2022-01-03,2022-10-12,RILBA.CO,0.0009852216748768,benchmark
2022 inflation shock,1/N Equal Weight,benchmark,"B (point-in-time, the actual test)",not applicable,2022-01-03,2022-10-12,JYSK.CO,0.0009852216748768,benchmark
2022 inflation shock,1/N Equal Weight,benchmark,"B (point-in-time, the actual test)",not applicable,2022-01-03,2022-10-12,LOTB.BR,0.0009852216748768,benchmark
2022 inflation shock,1/N Equal Weight,benchmark,"B (point-in-time, the actual test)",not applicable,2022-01-03,2022-10-12,AALB.AS,0.0009852216748768,benchmark
2022 inflation shock,1/N Equal Weight,benchmark,"B (point-in-time, the actual test)",not applicable,2022-01-03,2022-10-12,NOKIA.HE,0.0009852216748768,benchmark
2022 inflation shock,1/N Equal Weight,benchmark,"B (point-in-time, the actual test)",not applicable,2022-01-03,2022-10-12,BNRGn.DE,0.0009852216748768,benchmark
2022 inflation shock,1/N Equal Weight,benchmark,"B (point-in-time, the actual test)",not applicable,2022-01-03,2022-10-12,AMA.MC,0.0009852216748768,benchmark
2022 inflation shock,1/N Equal Weight,benchmark,"B (point-in-time, the actual test)",not applicable,2022-01-03,2022-10-12,BZU.MI,0.0009852216748768,benchmark
2022 inflation shock,1/N Equal Weight,benchmark,"B (point-in-time, the actual test)",not applicable,2022-01-03,2022-10-12,BEZG.L,0.0009852216748768,benchmark
2022 inflation shock,1/N Equal Weight,benchmark,"B (point-in-time, the actual test)",not applicable,2022-01-03,2022-10-12,AAL.L,0.0009852216748768,benchmark
2022 inflation shock,1/N Equal Weight,benchmark,"B (point-in-time, the actual test)",not applicable,2022-01-03,2022-10-12,BOLL.PA,0.0009852216748768,benchmark
2022 inflation shock,1/N Equal Weight,benchmark,"B (point-in-time, the actual test)",not applicable,2022-01-03,2022-10-12,AVANZ.ST,0.0009852216748768,benchmark
2022 inflation shock,1/N Equal Weight,benchmark,"B (point-in-time, the actual test)",not applicable,2022-01-03,2022-10-12,RTO.L,0.0009852216748768,benchmark
2022 inflation shock,1/N Equal Weight,benchmark,"B (point-in-time, the actual test)",not applicable,2022-01-03,2022-10-12,ABVX.PA,0.0009852216748768,benchmark
2022 inflation shock,1/N Equal Weight,benchmark,"B (point-in-time, the actual test)",not applicable,2022-01-03,2022-10-12,BYG.L,0.0009852216748768,benchmark
2022 inflation shock,1/N Equal Weight,benchmark,"B (point-in-time, the actual test)",not applicable,2022-01-03,2022-10-12,NSISb.CO,0.0009852216748768,benchmark
2022 inflation shock,1/N Equal Weight,benchmark,"B (point-in-time, the actual test)",not applicable,2022-01-03,2022-10-12,ANTO.L,0.0009852216748768,benchmark
2022 inflation shock,1/N Equal Weight,benchmark,"B (point-in-time, the actual test)",not applicable,2022-01-03,2022-10-12,MBK.WA,0.0009852216748768,benchmark
2022 inflation shock,1/N Equal Weight,benchmark,"B (point-in-time, the actual test)",not applicable,2022-01-03,2022-10-12,RXL.PA,0.0009852216748768,benchmark
2022 inflation shock,1/N Equal Weight,benchmark,"B (point-in-time, the actual test)",not applicable,2022-01-03,2022-10-12,ASML.AS,0.0009852216748768,benchmark
2022 inflation shock,1/N Equal Weight,benchmark,"B (point-in-time, the actual test)",not applicable,2022-01-03,2022-10-12,BOL.ST,0.0009852216748768,benchmark
2022 inflation shock,1/N Equal Weight,benchmark,"B (point-in-time, the actual test)",not applicable,2022-01-03,2022-10-12,CPG.L,0.0009852216748768,benchmark
2022 inflation shock,1/N Equal Weight,benchmark,"B (point-in-time, the actual test)",not applicable,2022-01-03,2022-10-12,HSBA.L,0.0009852216748768,benchmark
2022 inflation shock,1/N Equal Weight,benchmark,"B (point-in-time, the actual test)",not applicable,2022-01-03,2022-10-12,BNZL.L,0.0009852216748768,benchmark
2022 inflation shock,1/N Equal Weight,benchmark,"B (point-in-time, the actual test)",not applicable,2022-01-03,2022-10-12,REY.MI,0.0009852216748768,benchmark
2022 inflation shock,1/N Equal Weight,benchmark,"B (point-in-time, the actual test)",not applicable,2022-01-03,2022-10-12,VOWG_p.DE,0.0009852216748768,benchmark
2022 inflation shock,1/N Equal Weight,benchmark,"B (point-in-time, the actual test)",not applicable,2022-01-03,2022-10-12,LOIM.PA,0.0009852216748768,benchmark
2022 inflation shock,1/N Equal Weight,benchmark,"B (point-in-time, the actual test)",not applicable,2022-01-03,2022-10-12,DEMANT.CO,0.0009852216748768,benchmark
2022 inflation shock,1/N Equal Weight,benchmark,"B (point-in-time, the actual test)",not applicable,2022-01-03,2022-10-12,PSN.L,0.0009852216748768,benchmark
2022 inflation shock,1/N Equal Weight,benchmark,"B (point-in-time, the actual test)",not applicable,2022-01-03,2022-10-12,EMSN.S,0.0009852216748768,benchmark
2022 inflation shock,1/N Equal Weight,benchmark,"B (point-in-time, the actual test)",not applicable,2022-01-03,2022-10-12,GFCP.PA,0.0009852216748768,benchmark
2022 inflation shock,1/N Equal Weight,benchmark,"B (point-in-time, the actual test)",not applicable,2022-01-03,2022-10-12,UCB.BR,0.0009852216748768,benchmark
2022 inflation shock,1/N Equal Weight,benchmark,"B (point-in-time, the actual test)",not applicable,2022-01-03,2022-10-12,NESTE.HE,0.0009852216748768,benchmark
2022 inflation shock,1/N Equal Weight,benchmark,"B (point-in-time, the actual test)",not applicable,2022-01-03,2022-10-12,KBX.DE,0.0009852216748768,benchmark
2022 inflation shock,1/N Equal Weight,benchmark,"B (point-in-time, the actual test)",not applicable,2022-01-03,2022-10-12,METSO.HE,0.0009852216748768,benchmark
2022 inflation shock,1/N Equal Weight,benchmark,"B (point-in-time, the actual test)",not applicable,2022-01-03,2022-10-12,AIR.PA,0.0009852216748768,benchmark
2022 inflation shock,1/N Equal Weight,benchmark,"B (point-in-time, the actual test)",not applicable,2022-01-03,2022-10-12,MRCG.DE,0.0009852216748768,benchmark
2022 inflation shock,1/N Equal Weight,benchmark,"B (point-in-time, the actual test)",not applicable,2022-01-03,2022-10-12,CRDI.MI,0.0009852216748768,benchmark
2022 inflation shock,1/N Equal Weight,benchmark,"B (point-in-time, the actual test)",not applicable,2022-01-03,2022-10-12,LEGD.PA,0.0009852216748768,benchmark
2022 inflation shock,1/N Equal Weight,benchmark,"B (point-in-time, the actual test)",not applicable,2022-01-03,2022-10-12,G1AG.DE,0.0009852216748768,benchmark
2022 inflation shock,1/N Equal Weight,benchmark,"B (point-in-time, the actual test)",not applicable,2022-01-03,2022-10-12,NHY.OL,0.0009852216748768,benchmark
2022 inflation shock,1/N Equal Weight,benchmark,"B (point-in-time, the actual test)",not applicable,2022-01-03,2022-10-12,SPSN.S,0.0009852216748768,benchmark
2022 inflation shock,1/N Equal Weight,benchmark,"B (point-in-time, the actual test)",not applicable,2022-01-03,2022-10-12,TPE.WA,0.0009852216748768,benchmark
2022 inflation shock,1/N Equal Weight,benchmark,"B (point-in-time, the actual test)",not applicable,2022-01-03,2022-10-12,SHCS.L,0.0009852216748768,benchmark
2022 inflation shock,1/N Equal Weight,benchmark,"B (point-in-time, the actual test)",not applicable,2022-01-03,2022-10-12,RUBF.PA,0.0009852216748768,benchmark
2022 inflation shock,1/N Equal Weight,benchmark,"B (point-in-time, the actual test)",not applicable,2022-01-03,2022-10-12,NESN.S,0.0009852216748768,benchmark
2022 inflation shock,1/N Equal Weight,benchmark,"B (point-in-time, the actual test)",not applicable,2022-01-03,2022-10-12,PNDORA.CO,0.0009852216748768,benchmark
2022 inflation shock,1/N Equal Weight,benchmark,"B (point-in-time, the actual test)",not applicable,2022-01-03,2022-10-12,GLEN.L,0.0009852216748768,benchmark
2022 inflation shock,1/N Equal Weight,benchmark,"B (point-in-time, the actual test)",not applicable,2022-01-03,2022-10-12,GBFG.DE,0.0009852216748768,benchmark
2022 inflation shock,1/N Equal Weight,benchmark,"B (point-in-time, the actual test)",not applicable,2022-01-03,2022-10-12,CONG.DE,0.0009852216748768,benchmark
2022 inflation shock,1/N Equal Weight,benchmark,"B (point-in-time, the actual test)",not applicable,2022-01-03,2022-10-12,BUCN.S,0.0009852216748768,benchmark
2022 inflation shock,1/N Equal Weight,benchmark,"B (point-in-time, the actual test)",not applicable,2022-01-03,2022-10-12,SOPR.PA,0.0009852216748768,benchmark
2022 inflation shock,1/N Equal Weight,benchmark,"B (point-in-time, the actual test)",not applicable,2022-01-03,2022-10-12,SPMI.MI,0.0009852216748768,benchmark
2022 inflation shock,1/N Equal Weight,benchmark,"B (point-in-time, the actual test)",not applicable,2022-01-03,2022-10-12,ZALG.DE,0.0009852216748768,benchmark
2022 inflation shock,1/N Equal Weight,benchmark,"B (point-in-time, the actual test)",not applicable,2022-01-03,2022-10-12,HIAB.HE,0.0009852216748768,benchmark
2022 inflation shock,1/N Equal Weight,benchmark,"B (point-in-time, the actual test)",not applicable,2022-01-03,2022-10-12,SKAb.ST,0.0009852216748768,benchmark
2022 inflation shock,1/N Equal Weight,benchmark,"B (point-in-time, the actual test)",not applicable,2022-01-03,2022-10-12,AYV.PA,0.0009852216748768,benchmark
2022 inflation shock,1/N Equal Weight,benchmark,"B (point-in-time, the actual test)",not applicable,2022-01-03,2022-10-12,ZURN.S,0.0009852216748768,benchmark
2022 inflation shock,1/N Equal Weight,benchmark,"B (point-in-time, the actual test)",not applicable,2022-01-03,2022-10-12,MUVGn.DE,0.0009852216748768,benchmark
2022 inflation shock,1/N Equal Weight,benchmark,"B (point-in-time, the actual test)",not applicable,2022-01-03,2022-10-12,SRG.MI,0.0009852216748768,benchmark
2022 inflation shock,1/N Equal Weight,benchmark,"B (point-in-time, the actual test)",not applicable,2022-01-03,2022-10-12,ABI.BR,0.0009852216748768,benchmark
2022 inflation shock,1/N Equal Weight,benchmark,"B (point-in-time, the actual test)",not applicable,2022-01-03,2022-10-12,LVMH.PA,0.0009852216748768,benchmark
2022 inflation shock,1/N Equal Weight,benchmark,"B (point-in-time, the actual test)",not applicable,2022-01-03,2022-10-12,WDPP.BR,0.0009852216748768,benchmark
2022 inflation shock,1/N Equal Weight,benchmark,"B (point-in-time, the actual test)",not applicable,2022-01-03,2022-10-12,PSHG_p.DE,0.0009852216748768,benchmark
2022 inflation shock,1/N Equal Weight,benchmark,"B (point-in-time, the actual test)",not applicable,2022-01-03,2022-10-12,COLOb.CO,0.0009852216748768,benchmark
2022 inflation shock,1/N Equal Weight,benchmark,"B (point-in-time, the actual test)",not applicable,2022-01-03,2022-10-12,AGES.BR,0.0009852216748768,benchmark
2022 inflation shock,1/N Equal Weight,benchmark,"B (point-in-time, the actual test)",not applicable,2022-01-03,2022-10-12,HOLMb.ST,0.0009852216748768,benchmark
2022 inflation shock,1/N Equal Weight,benchmark,"B (point-in-time, the actual test)",not applicable,2022-01-03,2022-10-12,JD.L,0.0009852216748768,benchmark
2022 inflation shock,1/N Equal Weight,benchmark,"B (point-in-time, the actual test)",not applicable,2022-01-03,2022-10-12,CAMX.ST,0.0009852216748768,benchmark
2022 inflation shock,1/N Equal Weight,benchmark,"B (point-in-time, the actual test)",not applicable,2022-01-03,2022-10-12,GMAB.CO,0.0009852216748768,benchmark
2022 inflation shock,1/N Equal Weight,benchmark,"B (point-in-time, the actual test)",not applicable,2022-01-03,2022-10-12,SPIE.PA,0.0009852216748768,benchmark
2022 inflation shock,1/N Equal Weight,benchmark,"B (point-in-time, the actual test)",not applicable,2022-01-03,2022-10-12,GTT.PA,0.0009852216748768,benchmark
2022 inflation shock,1/N Equal Weight,benchmark,"B (point-in-time, the actual test)",not applicable,2022-01-03,2022-10-12,ANDR.VI,0.0009852216748768,benchmark
2022 inflation shock,1/N Equal Weight,benchmark,"B (point-in-time, the actual test)",not applicable,2022-01-03,2022-10-12,VIE.PA,0.0009852216748768,benchmark
2022 inflation shock,1/N Equal Weight,benchmark,"B (point-in-time, the actual test)",not applicable,2022-01-03,2022-10-12,CFR.S,0.0009852216748768,benchmark
2022 inflation shock,1/N Equal Weight,benchmark,"B (point-in-time, the actual test)",not applicable,2022-01-03,2022-10-12,SPX.L,0.0009852216748768,benchmark
2022 inflation shock,1/N Equal Weight,benchmark,"B (point-in-time, the actual test)",not applicable,2022-01-03,2022-10-12,EXPN.L,0.0009852216748768,benchmark
2022 inflation shock,1/N Equal Weight,benchmark,"B (point-in-time, the actual test)",not applicable,2022-01-03,2022-10-12,ISS.CO,0.0009852216748768,benchmark
2022 inflation shock,1/N Equal Weight,benchmark,"B (point-in-time, the actual test)",not applicable,2022-01-03,2022-10-12,ELIS.PA,0.0009852216748768,benchmark
2022 inflation shock,1/N Equal Weight,benchmark,"B (point-in-time, the actual test)",not applicable,2022-01-03,2022-10-12,ESLX.PA,0.0009852216748768,benchmark
2022 inflation shock,1/N Equal Weight,benchmark,"B (point-in-time, the actual test)",not applicable,2022-01-03,2022-10-12,SCYR.MC,0.0009852216748768,benchmark
2022 inflation shock,1/N Equal Weight,benchmark,"B (point-in-time, the actual test)",not applicable,2022-01-03,2022-10-12,CRDA.L,0.0009852216748768,benchmark
2022 inflation shock,1/N Equal Weight,benchmark,"B (point-in-time, the actual test)",not applicable,2022-01-03,2022-10-12,KGX.DE,0.0009852216748768,benchmark
2022 inflation shock,1/N Equal Weight,benchmark,"B (point-in-time, the actual test)",not applicable,2022-01-03,2022-10-12,HEIG.DE,0.0009852216748768,benchmark
2022 inflation shock,1/N Equal Weight,benchmark,"B (point-in-time, the actual test)",not applicable,2022-01-03,2022-10-12,FMEG.DE,0.0009852216748768,benchmark
2022 inflation shock,1/N Equal Weight,benchmark,"B (point-in-time, the actual test)",not applicable,2022-01-03,2022-10-12,CDR.WA,0.0009852216748768,benchmark
2022 inflation shock,1/N Equal Weight,benchmark,"B (point-in-time, the actual test)",not applicable,2022-01-03,2022-10-12,KYGa.I,0.0009852216748768,benchmark
2022 inflation shock,1/N Equal Weight,benchmark,"B (point-in-time, the actual test)",not applicable,2022-01-03,2022-10-12,INGP.WA,0.0009852216748768,benchmark
2022 inflation shock,1/N Equal Weight,benchmark,"B (point-in-time, the actual test)",not applicable,2022-01-03,2022-10-12,AXFO.ST,0.0009852216748768,benchmark
2022 inflation shock,1/N Equal Weight,benchmark,"B (point-in-time, the actual test)",not applicable,2022-01-03,2022-10-12,TBCG.L,0.0009852216748768,benchmark
2022 inflation shock,1/N Equal Weight,benchmark,"B (point-in-time, the actual test)",not applicable,2022-01-03,2022-10-12,TSCO.L,0.0009852216748768,benchmark
2022 inflation shock,1/N Equal Weight,benchmark,"B (point-in-time, the actual test)",not applicable,2022-01-03,2022-10-12,HEXAb.ST,0.0009852216748768,benchmark
2022 inflation shock,1/N Equal Weight,benchmark,"B (point-in-time, the actual test)",not applicable,2022-01-03,2022-10-12,KESKOB.HE,0.0009852216748768,benchmark
2022 inflation shock,1/N Equal Weight,benchmark,"B (point-in-time, the actual test)",not applicable,2022-01-03,2022-10-12,MRON.L,0.0009852216748768,benchmark
2022 inflation shock,1/N Equal Weight,benchmark,"B (point-in-time, the actual test)",not applicable,2022-01-03,2022-10-12,PHP.L,0.0009852216748768,benchmark
2022 inflation shock,1/N Equal Weight,benchmark,"B (point-in-time, the actual test)",not applicable,2022-01-03,2022-10-12,BNPP.PA,0.0009852216748768,benchmark
2022 inflation shock,1/N Equal Weight,benchmark,"B (point-in-time, the actual test)",not applicable,2022-01-03,2022-10-12,DNB.OL,0.0009852216748768,benchmark
2022 inflation shock,1/N Equal Weight,benchmark,"B (point-in-time, the actual test)",not applicable,2022-01-03,2022-10-12,HOCM.L,0.0009852216748768,benchmark
2022 inflation shock,1/N Equal Weight,benchmark,"B (point-in-time, the actual test)",not applicable,2022-01-03,2022-10-12,ELISA.HE,0.0009852216748768,benchmark
2022 inflation shock,1/N Equal Weight,benchmark,"B (point-in-time, the actual test)",not applicable,2022-01-03,2022-10-12,IDR.MC,0.0009852216748768,benchmark
2022 inflation shock,1/N Equal Weight,benchmark,"B (point-in-time, the actual test)",not applicable,2022-01-03,2022-10-12,DANO.PA,0.0009852216748768,benchmark
2022 inflation shock,1/N Equal Weight,benchmark,"B (point-in-time, the actual test)",not applicable,2022-01-03,2022-10-12,AV.L,0.0009852216748768,benchmark
2022 inflation shock,1/N Equal Weight,benchmark,"B (point-in-time, the actual test)",not applicable,2022-01-03,2022-10-12,SGOB.PA,0.0009852216748768,benchmark
2022 inflation shock,1/N Equal Weight,benchmark,"B (point-in-time, the actual test)",not applicable,2022-01-03,2022-10-12,CPRI.MI,0.0009852216748768,benchmark
2022 inflation shock,1/N Equal Weight,benchmark,"B (point-in-time, the actual test)",not applicable,2022-01-03,2022-10-12,ENGIE.PA,0.0009852216748768,benchmark
2022 inflation shock,1/N Equal Weight,benchmark,"B (point-in-time, the actual test)",not applicable,2022-01-03,2022-10-12,NXT.L,0.0009852216748768,benchmark
2022 inflation shock,1/N Equal Weight,benchmark,"B (point-in-time, the actual test)",not applicable,2022-01-03,2022-10-12,FLS.CO,0.0009852216748768,benchmark
2022 inflation shock,1/N Equal Weight,benchmark,"B (point-in-time, the actual test)",not applicable,2022-01-03,2022-10-12,TEL.OL,0.0009852216748768,benchmark
2022 inflation shock,1/N Equal Weight,benchmark,"B (point-in-time, the actual test)",not applicable,2022-01-03,2022-10-12,SCMN.S,0.0009852216748768,benchmark
2022 inflation shock,1/N Equal Weight,benchmark,"B (point-in-time, the actual test)",not applicable,2022-01-03,2022-10-12,GIVN.S,0.0009852216748768,benchmark
2022 inflation shock,1/N Equal Weight,benchmark,"B (point-in-time, the actual test)",not applicable,2022-01-03,2022-10-12,UMI.BR,0.0009852216748768,benchmark
2022 inflation shock,1/N Equal Weight,benchmark,"B (point-in-time, the actual test)",not applicable,2022-01-03,2022-10-12,TCFP.PA,0.0009852216748768,benchmark
2022 inflation shock,1/N Equal Weight,benchmark,"B (point-in-time, the actual test)",not applicable,2022-01-03,2022-10-12,SBRY.L,0.0009852216748768,benchmark
2022 inflation shock,1/N Equal Weight,benchmark,"B (point-in-time, the actual test)",not applicable,2022-01-03,2022-10-12,DKSH.S,0.0009852216748768,benchmark
2022 inflation shock,1/N Equal Weight,benchmark,"B (point-in-time, the actual test)",not applicable,2022-01-03,2022-10-12,OREP.PA,0.0009852216748768,benchmark
2022 inflation shock,1/N Equal Weight,benchmark,"B (point-in-time, the actual test)",not applicable,2022-01-03,2022-10-12,ITX.MC,0.0009852216748768,benchmark
2022 inflation shock,1/N Equal Weight,benchmark,"B (point-in-time, the actual test)",not applicable,2022-01-03,2022-10-12,BBVA.MC,0.0009852216748768,benchmark
2022 inflation shock,1/N Equal Weight,benchmark,"B (point-in-time, the actual test)",not applicable,2022-01-03,2022-10-12,SGRO.L,0.0009852216748768,benchmark
2022 inflation shock,1/N Equal Weight,benchmark,"B (point-in-time, the actual test)",not applicable,2022-01-03,2022-10-12,BFT.WA,0.0009852216748768,benchmark
2022 inflation shock,1/N Equal Weight,benchmark,"B (point-in-time, the actual test)",not applicable,2022-01-03,2022-10-12,SHBa.ST,0.0009852216748768,benchmark
2022 inflation shock,1/N Equal Weight,benchmark,"B (point-in-time, the actual test)",not applicable,2022-01-03,2022-10-12,WALLb.ST,0.0009852216748768,benchmark
2022 inflation shock,1/N Equal Weight,benchmark,"B (point-in-time, the actual test)",not applicable,2022-01-03,2022-10-12,NG.L,0.0009852216748768,benchmark
2022 inflation shock,1/N Equal Weight,benchmark,"B (point-in-time, the actual test)",not applicable,2022-01-03,2022-10-12,PLUSP.L,0.0009852216748768,benchmark
2022 inflation shock,1/N Equal Weight,benchmark,"B (point-in-time, the actual test)",not applicable,2022-01-03,2022-10-12,TOM.OL,0.0009852216748768,benchmark
2022 inflation shock,1/N Equal Weight,benchmark,"B (point-in-time, the actual test)",not applicable,2022-01-03,2022-10-12,DLG.MI,0.0009852216748768,benchmark
2022 inflation shock,1/N Equal Weight,benchmark,"B (point-in-time, the actual test)",not applicable,2022-01-03,2022-10-12,IHG.L,0.0009852216748768,benchmark
2022 inflation shock,1/N Equal Weight,benchmark,"B (point-in-time, the actual test)",not applicable,2022-01-03,2022-10-12,AMUN.PA,0.0009852216748768,benchmark
2022 inflation shock,1/N Equal Weight,benchmark,"B (point-in-time, the actual test)",not applicable,2022-01-03,2022-10-12,ALSO.PA,0.0009852216748768,benchmark
2022 inflation shock,1/N Equal Weight,benchmark,"B (point-in-time, the actual test)",not applicable,2022-01-03,2022-10-12,LOOMIS.ST,0.0009852216748768,benchmark
2022 inflation shock,1/N Equal Weight,benchmark,"B (point-in-time, the actual test)",not applicable,2022-01-03,2022-10-12,EMII.MI,0.0009852216748768,benchmark
2022 inflation shock,1/N Equal Weight,benchmark,"B (point-in-time, the actual test)",not applicable,2022-01-03,2022-10-12,GSK.L,0.0009852216748768,benchmark
2022 inflation shock,1/N Equal Weight,benchmark,"B (point-in-time, the actual test)",not applicable,2022-01-03,2022-10-12,LONN.S,0.0009852216748768,benchmark
2022 inflation shock,1/N Equal Weight,benchmark,"B (point-in-time, the actual test)",not applicable,2022-01-03,2022-10-12,PUBP.PA,0.0009852216748768,benchmark
2022 inflation shock,1/N Equal Weight,benchmark,"B (point-in-time, the actual test)",not applicable,2022-01-03,2022-10-12,VOLVb.ST,0.0009852216748768,benchmark
2022 inflation shock,1/N Equal Weight,benchmark,"B (point-in-time, the actual test)",not applicable,2022-01-03,2022-10-12,REL.L,0.0009852216748768,benchmark
2022 inflation shock,1/N Equal Weight,benchmark,"B (point-in-time, the actual test)",not applicable,2022-01-03,2022-10-12,CVO.PA,0.0009852216748768,benchmark
2022 inflation shock,1/N Equal Weight,benchmark,"B (point-in-time, the actual test)",not applicable,2022-01-03,2022-10-12,INDUc.ST,0.0009852216748768,benchmark
2022 inflation shock,1/N Equal Weight,benchmark,"B (point-in-time, the actual test)",not applicable,2022-01-03,2022-10-12,ABDN.L,0.0009852216748768,benchmark
2022 inflation shock,1/N Equal Weight,benchmark,"B (point-in-time, the actual test)",not applicable,2022-01-03,2022-10-12,SOBIV.ST,0.0009852216748768,benchmark
2022 inflation shock,1/N Equal Weight,benchmark,"B (point-in-time, the actual test)",not applicable,2022-01-03,2022-10-12,CABK.MC,0.0009852216748768,benchmark
2022 inflation shock,1/N Equal Weight,benchmark,"B (point-in-time, the actual test)",not applicable,2022-01-03,2022-10-12,LIGHT.AS,0.0009852216748768,benchmark
2022 inflation shock,1/N Equal Weight,benchmark,"B (point-in-time, the actual test)",not applicable,2022-01-03,2022-10-12,ABF.L,0.0009852216748768,benchmark
2022 inflation shock,1/N Equal Weight,benchmark,"B (point-in-time, the actual test)",not applicable,2022-01-03,2022-10-12,ADML.L,0.0009852216748768,benchmark
2022 inflation shock,1/N Equal Weight,benchmark,"B (point-in-time, the actual test)",not applicable,2022-01-03,2022-10-12,VID.MC,0.0009852216748768,benchmark
2022 inflation shock,1/N Equal Weight,benchmark,"B (point-in-time, the actual test)",not applicable,2022-01-03,2022-10-12,VOPA.AS,0.0009852216748768,benchmark
2022 inflation shock,1/N Equal Weight,benchmark,"B (point-in-time, the actual test)",not applicable,2022-01-03,2022-10-12,WPP.L,0.0009852216748768,benchmark
2022 inflation shock,1/N Equal Weight,benchmark,"B (point-in-time, the actual test)",not applicable,2022-01-03,2022-10-12,LMPL.L,0.0009852216748768,benchmark
2022 inflation shock,1/N Equal Weight,benchmark,"B (point-in-time, the actual test)",not applicable,2022-01-03,2022-10-12,FTKn.DE,0.0009852216748768,benchmark
2022 inflation shock,1/N Equal Weight,benchmark,"B (point-in-time, the actual test)",not applicable,2022-01-03,2022-10-12,CBKG.DE,0.0009852216748768,benchmark
2022 inflation shock,1/N Equal Weight,benchmark,"B (point-in-time, the actual test)",not applicable,2022-01-03,2022-10-12,SVT.L,0.0009852216748768,benchmark
2022 inflation shock,1/N Equal Weight,benchmark,"B (point-in-time, the actual test)",not applicable,2022-01-03,2022-10-12,DIOR.PA,0.0009852216748768,benchmark
2022 inflation shock,1/N Equal Weight,benchmark,"B (point-in-time, the actual test)",not applicable,2022-01-03,2022-10-12,SECTb.ST,0.0009852216748768,benchmark
2022 inflation shock,1/N Equal Weight,benchmark,"B (point-in-time, the actual test)",not applicable,2022-01-03,2022-10-12,ICAG.L,0.0009852216748768,benchmark
2022 inflation shock,1/N Equal Weight,benchmark,"B (point-in-time, the actual test)",not applicable,2022-01-03,2022-10-12,GJFG.OL,0.0009852216748768,benchmark
2022 inflation shock,1/N Equal Weight,benchmark,"B (point-in-time, the actual test)",not applicable,2022-01-03,2022-10-12,EVDG.DE,0.0009852216748768,benchmark
2022 inflation shock,1/N Equal Weight,benchmark,"B (point-in-time, the actual test)",not applicable,2022-01-03,2022-10-12,ENI.MI,0.0009852216748768,benchmark
2022 inflation shock,1/N Equal Weight,benchmark,"B (point-in-time, the actual test)",not applicable,2022-01-03,2022-10-12,BEIG.DE,0.0009852216748768,benchmark
2022 inflation shock,1/N Equal Weight,benchmark,"B (point-in-time, the actual test)",not applicable,2022-01-03,2022-10-12,DANSKE.CO,0.0009852216748768,benchmark
2022 inflation shock,1/N Equal Weight,benchmark,"B (point-in-time, the actual test)",not applicable,2022-01-03,2022-10-12,HRMS.PA,0.0009852216748768,benchmark
2022 inflation shock,1/N Equal Weight,benchmark,"B (point-in-time, the actual test)",not applicable,2022-01-03,2022-10-12,DGE.L,0.0009852216748768,benchmark
2022 inflation shock,1/N Equal Weight,benchmark,"B (point-in-time, the actual test)",not applicable,2022-01-03,2022-10-12,ALFA.ST,0.0009852216748768,benchmark
2022 inflation shock,1/N Equal Weight,benchmark,"B (point-in-time, the actual test)",not applicable,2022-01-03,2022-10-12,AEGN.AS,0.0009852216748768,benchmark
2022 inflation shock,1/N Equal Weight,benchmark,"B (point-in-time, the actual test)",not applicable,2022-01-03,2022-10-12,BASFn.DE,0.0009852216748768,benchmark
2022 inflation shock,1/N Equal Weight,benchmark,"B (point-in-time, the actual test)",not applicable,2022-01-03,2022-10-12,RIO.L,0.0009852216748768,benchmark
2022 inflation shock,1/N Equal Weight,benchmark,"B (point-in-time, the actual test)",not applicable,2022-01-03,2022-10-12,LPPP.WA,0.0009852216748768,benchmark
2022 inflation shock,1/N Equal Weight,benchmark,"B (point-in-time, the actual test)",not applicable,2022-01-03,2022-10-12,SN.L,0.0009852216748768,benchmark
2022 inflation shock,1/N Equal Weight,benchmark,"B (point-in-time, the actual test)",not applicable,2022-01-03,2022-10-12,ITPG.MI,0.0009852216748768,benchmark
2022 inflation shock,1/N Equal Weight,benchmark,"B (point-in-time, the actual test)",not applicable,2022-01-03,2022-10-12,SDLF.L,0.0009852216748768,benchmark
2022 inflation shock,1/N Equal Weight,benchmark,"B (point-in-time, the actual test)",not applicable,2022-01-03,2022-10-12,REP.MC,0.0009852216748768,benchmark
2022 inflation shock,1/N Equal Weight,benchmark,"B (point-in-time, the actual test)",not applicable,2022-01-03,2022-10-12,CAST.ST,0.0009852216748768,benchmark
2022 inflation shock,1/N Equal Weight,benchmark,"B (point-in-time, the actual test)",not applicable,2022-01-03,2022-10-12,SWECb.ST,0.0009852216748768,benchmark
2022 inflation shock,1/N Equal Weight,benchmark,"B (point-in-time, the actual test)",not applicable,2022-01-03,2022-10-12,MOBN.S,0.0009852216748768,benchmark
2022 inflation shock,1/N Equal Weight,benchmark,"B (point-in-time, the actual test)",not applicable,2022-01-03,2022-10-12,SGSN.S,0.0009852216748768,benchmark
2022 inflation shock,1/N Equal Weight,benchmark,"B (point-in-time, the actual test)",not applicable,2022-01-03,2022-10-12,BCP.LS,0.0009852216748768,benchmark
2022 inflation shock,1/N Equal Weight,benchmark,"B (point-in-time, the actual test)",not applicable,2022-01-03,2022-10-12,TEF.MC,0.0009852216748768,benchmark
2022 inflation shock,1/N Equal Weight,benchmark,"B (point-in-time, the actual test)",not applicable,2022-01-03,2022-10-12,BKWB.S,0.0009852216748768,benchmark
2022 inflation shock,1/N Equal Weight,benchmark,"B (point-in-time, the actual test)",not applicable,2022-01-03,2022-10-12,KBC.BR,0.0009852216748768,benchmark
2022 inflation shock,1/N Equal Weight,benchmark,"B (point-in-time, the actual test)",not applicable,2022-01-03,2022-10-12,VOES.VI,0.0009852216748768,benchmark
2022 inflation shock,1/N Equal Weight,benchmark,"B (point-in-time, the actual test)",not applicable,2022-01-03,2022-10-12,SHEL.AS,0.0009852216748768,benchmark
2022 inflation shock,1/N Equal Weight,benchmark,"B (point-in-time, the actual test)",not applicable,2022-01-03,2022-10-12,SOF.BR,0.0009852216748768,benchmark
2022 inflation shock,1/N Equal Weight,benchmark,"B (point-in-time, the actual test)",not applicable,2022-01-03,2022-10-12,BALDb.ST,0.0009852216748768,benchmark
2022 inflation shock,1/N Equal Weight,benchmark,"B (point-in-time, the actual test)",not applicable,2022-01-03,2022-10-12,BESI.AS,0.0009852216748768,benchmark
2022 inflation shock,1/N Equal Weight,benchmark,"B (point-in-time, the actual test)",not applicable,2022-01-03,2022-10-12,ASMI.AS,0.0009852216748768,benchmark
2022 inflation shock,1/N Equal Weight,benchmark,"B (point-in-time, the actual test)",not applicable,2022-01-03,2022-10-12,ELE.MC,0.0009852216748768,benchmark
2022 inflation shock,1/N Equal Weight,benchmark,"B (point-in-time, the actual test)",not applicable,2022-01-03,2022-10-12,ORAN.PA,0.0009852216748768,benchmark
2022 inflation shock,1/N Equal Weight,benchmark,"B (point-in-time, the actual test)",not applicable,2022-01-03,2022-10-12,PIRC.MI,0.0009852216748768,benchmark
2022 inflation shock,1/N Equal Weight,benchmark,"B (point-in-time, the actual test)",not applicable,2022-01-03,2022-10-12,SCAb.ST,0.0009852216748768,benchmark
2022 inflation shock,1/N Equal Weight,benchmark,"B (point-in-time, the actual test)",not applicable,2022-01-03,2022-10-12,BMED.MI,0.0009852216748768,benchmark
2022 inflation shock,1/N Equal Weight,benchmark,"B (point-in-time, the actual test)",not applicable,2022-01-03,2022-10-12,AIBG.I,0.0009852216748768,benchmark
2022 inflation shock,1/N Equal Weight,benchmark,"B (point-in-time, the actual test)",not applicable,2022-01-03,2022-10-12,HEIN.AS,0.0009852216748768,benchmark
2022 inflation shock,1/N Equal Weight,benchmark,"B (point-in-time, the actual test)",not applicable,2022-01-03,2022-10-12,KGF.L,0.0009852216748768,benchmark
2022 inflation shock,1/N Equal Weight,benchmark,"B (point-in-time, the actual test)",not applicable,2022-01-03,2022-10-12,PUMG.DE,0.0009852216748768,benchmark
2022 inflation shock,1/N Equal Weight,benchmark,"B (point-in-time, the actual test)",not applicable,2022-01-03,2022-10-12,HUBN.S,0.0009852216748768,benchmark
2022 inflation shock,1/N Equal Weight,benchmark,"B (point-in-time, the actual test)",not applicable,2022-01-03,2022-10-12,ISP.MI,0.0009852216748768,benchmark
2022 inflation shock,1/N Equal Weight,benchmark,"B (point-in-time, the actual test)",not applicable,2022-01-03,2022-10-12,PGHN.S,0.0009852216748768,benchmark
2022 inflation shock,1/N Equal Weight,benchmark,"B (point-in-time, the actual test)",not applicable,2022-01-03,2022-10-12,UHR.S,0.0009852216748768,benchmark
2022 inflation shock,1/N Equal Weight,benchmark,"B (point-in-time, the actual test)",not applicable,2022-01-03,2022-10-12,BARC.L,0.0009852216748768,benchmark
2022 inflation shock,1/N Equal Weight,benchmark,"B (point-in-time, the actual test)",not applicable,2022-01-03,2022-10-12,AVOL.S,0.0009852216748768,benchmark
2022 inflation shock,1/N Equal Weight,benchmark,"B (point-in-time, the actual test)",not applicable,2022-01-03,2022-10-12,TUI1n.DE,0.0009852216748768,benchmark
2022 inflation shock,1/N Equal Weight,benchmark,"B (point-in-time, the actual test)",not applicable,2022-01-03,2022-10-12,STMN.S,0.0009852216748768,benchmark
2022 inflation shock,1/N Equal Weight,benchmark,"B (point-in-time, the actual test)",not applicable,2022-01-03,2022-10-12,INDT.ST,0.0009852216748768,benchmark
2022 inflation shock,1/N Equal Weight,benchmark,"B (point-in-time, the actual test)",not applicable,2022-01-03,2022-10-12,SLHN.S,0.0009852216748768,benchmark
2022 inflation shock,1/N Equal Weight,benchmark,"B (point-in-time, the actual test)",not applicable,2022-01-03,2022-10-12,FORTUM.HE,0.0009852216748768,benchmark
2022 inflation shock,1/N Equal Weight,benchmark,"B (point-in-time, the actual test)",not applicable,2022-01-03,2022-10-12,KLAC.OQ,0.0009852216748768,benchmark
2022 inflation shock,1/N Equal Weight,benchmark,"B (point-in-time, the actual test)",not applicable,2022-01-03,2022-10-12,AME.N,0.0009852216748768,benchmark
2022 inflation shock,1/N Equal Weight,benchmark,"B (point-in-time, the actual test)",not applicable,2022-01-03,2022-10-12,DUK.N,0.0009852216748768,benchmark
2022 inflation shock,1/N Equal Weight,benchmark,"B (point-in-time, the actual test)",not applicable,2022-01-03,2022-10-12,CME.OQ,0.0009852216748768,benchmark
2022 inflation shock,1/N Equal Weight,benchmark,"B (point-in-time, the actual test)",not applicable,2022-01-03,2022-10-12,FDX.N,0.0009852216748768,benchmark
2022 inflation shock,1/N Equal Weight,benchmark,"B (point-in-time, the actual test)",not applicable,2022-01-03,2022-10-12,PG.N,0.0009852216748768,benchmark
2022 inflation shock,1/N Equal Weight,benchmark,"B (point-in-time, the actual test)",not applicable,2022-01-03,2022-10-12,IR.N,0.0009852216748768,benchmark
2022 inflation shock,1/N Equal Weight,benchmark,"B (point-in-time, the actual test)",not applicable,2022-01-03,2022-10-12,ACN.N,0.0009852216748768,benchmark
2022 inflation shock,1/N Equal Weight,benchmark,"B (point-in-time, the actual test)",not applicable,2022-01-03,2022-10-12,FDS.N,0.0009852216748768,benchmark
2022 inflation shock,1/N Equal Weight,benchmark,"B (point-in-time, the actual test)",not applicable,2022-01-03,2022-10-12,BAX.N,0.0009852216748768,benchmark
2022 inflation shock,1/N Equal Weight,benchmark,"B (point-in-time, the actual test)",not applicable,2022-01-03,2022-10-12,ODFL.OQ,0.0009852216748768,benchmark
2022 inflation shock,1/N Equal Weight,benchmark,"B (point-in-time, the actual test)",not applicable,2022-01-03,2022-10-12,XYL.N,0.0009852216748768,benchmark
2022 inflation shock,1/N Equal Weight,benchmark,"B (point-in-time, the actual test)",not applicable,2022-01-03,2022-10-12,ADSK.OQ,0.0009852216748768,benchmark
2022 inflation shock,1/N Equal Weight,benchmark,"B (point-in-time, the actual test)",not applicable,2022-01-03,2022-10-12,OMC.N,0.0009852216748768,benchmark
2022 inflation shock,1/N Equal Weight,benchmark,"B (point-in-time, the actual test)",not applicable,2022-01-03,2022-10-12,UHS.N,0.0009852216748768,benchmark
2022 inflation shock,1/N Equal Weight,benchmark,"B (point-in-time, the actual test)",not applicable,2022-01-03,2022-10-12,ERIE.OQ,0.0009852216748768,benchmark
2022 inflation shock,1/N Equal Weight,benchmark,"B (point-in-time, the actual test)",not applicable,2022-01-03,2022-10-12,CLX.N,0.0009852216748768,benchmark
2022 inflation shock,1/N Equal Weight,benchmark,"B (point-in-time, the actual test)",not applicable,2022-01-03,2022-10-12,DLTR.OQ,0.0009852216748768,benchmark
2022 inflation shock,1/N Equal Weight,benchmark,"B (point-in-time, the actual test)",not applicable,2022-01-03,2022-10-12,CFG.N,0.0009852216748768,benchmark
2022 inflation shock,1/N Equal Weight,benchmark,"B (point-in-time, the actual test)",not applicable,2022-01-03,2022-10-12,DHI.N,0.0009852216748768,benchmark
2022 inflation shock,1/N Equal Weight,benchmark,"B (point-in-time, the actual test)",not applicable,2022-01-03,2022-10-12,EXPE.OQ,0.0009852216748768,benchmark
2022 inflation shock,1/N Equal Weight,benchmark,"B (point-in-time, the actual test)",not applicable,2022-01-03,2022-10-12,CIEN.N,0.0009852216748768,benchmark
2022 inflation shock,1/N Equal Weight,benchmark,"B (point-in-time, the actual test)",not applicable,2022-01-03,2022-10-12,ELV.N,0.0009852216748768,benchmark
2022 inflation shock,1/N Equal Weight,benchmark,"B (point-in-time, the actual test)",not applicable,2022-01-03,2022-10-12,WY.N,0.0009852216748768,benchmark
2022 inflation shock,1/N Equal Weight,benchmark,"B (point-in-time, the actual test)",not applicable,2022-01-03,2022-10-12,CMS.N,0.0009852216748768,benchmark
2022 inflation shock,1/N Equal Weight,benchmark,"B (point-in-time, the actual test)",not applicable,2022-01-03,2022-10-12,CVS.N,0.0009852216748768,benchmark
2022 inflation shock,1/N Equal Weight,benchmark,"B (point-in-time, the actual test)",not applicable,2022-01-03,2022-10-12,SPG.N,0.0009852216748768,benchmark
2022 inflation shock,1/N Equal Weight,benchmark,"B (point-in-time, the actual test)",not applicable,2022-01-03,2022-10-12,MCHP.OQ,0.0009852216748768,benchmark
2022 inflation shock,1/N Equal Weight,benchmark,"B (point-in-time, the actual test)",not applicable,2022-01-03,2022-10-12,UAL.OQ,0.0009852216748768,benchmark
2022 inflation shock,1/N Equal Weight,benchmark,"B (point-in-time, the actual test)",not applicable,2022-01-03,2022-10-12,BG.N,0.0009852216748768,benchmark
2022 inflation shock,1/N Equal Weight,benchmark,"B (point-in-time, the actual test)",not applicable,2022-01-03,2022-10-12,CCI.N,0.0009852216748768,benchmark
2022 inflation shock,1/N Equal Weight,benchmark,"B (point-in-time, the actual test)",not applicable,2022-01-03,2022-10-12,WEC.N,0.0009852216748768,benchmark
2022 inflation shock,1/N Equal Weight,benchmark,"B (point-in-time, the actual test)",not applicable,2022-01-03,2022-10-12,STLD.OQ,0.0009852216748768,benchmark
2022 inflation shock,1/N Equal Weight,benchmark,"B (point-in-time, the actual test)",not applicable,2022-01-03,2022-10-12,FCX.N,0.0009852216748768,benchmark
2022 inflation shock,1/N Equal Weight,benchmark,"B (point-in-time, the actual test)",not applicable,2022-01-03,2022-10-12,FSLR.OQ,0.0009852216748768,benchmark
2022 inflation shock,1/N Equal Weight,benchmark,"B (point-in-time, the actual test)",not applicable,2022-01-03,2022-10-12,EW.N,0.0009852216748768,benchmark
2022 inflation shock,1/N Equal Weight,benchmark,"B (point-in-time, the actual test)",not applicable,2022-01-03,2022-10-12,MDT.N,0.0009852216748768,benchmark
2022 inflation shock,1/N Equal Weight,benchmark,"B (point-in-time, the actual test)",not applicable,2022-01-03,2022-10-12,ALGN.OQ,0.0009852216748768,benchmark
2022 inflation shock,1/N Equal Weight,benchmark,"B (point-in-time, the actual test)",not applicable,2022-01-03,2022-10-12,WST.N,0.0009852216748768,benchmark
2022 inflation shock,1/N Equal Weight,benchmark,"B (point-in-time, the actual test)",not applicable,2022-01-03,2022-10-12,V.N,0.0009852216748768,benchmark
2022 inflation shock,1/N Equal Weight,benchmark,"B (point-in-time, the actual test)",not applicable,2022-01-03,2022-10-12,HPE.N,0.0009852216748768,benchmark
2022 inflation shock,1/N Equal Weight,benchmark,"B (point-in-time, the actual test)",not applicable,2022-01-03,2022-10-12,INTC.OQ,0.0009852216748768,benchmark
2022 inflation shock,1/N Equal Weight,benchmark,"B (point-in-time, the actual test)",not applicable,2022-01-03,2022-10-12,SYF.N,0.0009852216748768,benchmark
2022 inflation shock,1/N Equal Weight,benchmark,"B (point-in-time, the actual test)",not applicable,2022-01-03,2022-10-12,MRNA.OQ,0.0009852216748768,benchmark
2022 inflation shock,1/N Equal Weight,benchmark,"B (point-in-time, the actual test)",not applicable,2022-01-03,2022-10-12,LNT.OQ,0.0009852216748768,benchmark
2022 inflation shock,1/N Equal Weight,benchmark,"B (point-in-time, the actual test)",not applicable,2022-01-03,2022-10-12,NOW.N,0.0009852216748768,benchmark
2022 inflation shock,1/N Equal Weight,benchmark,"B (point-in-time, the actual test)",not applicable,2022-01-03,2022-10-12,TKO.N,0.0009852216748768,benchmark
2022 inflation shock,1/N Equal Weight,benchmark,"B (point-in-time, the actual test)",not applicable,2022-01-03,2022-10-12,DE.N,0.0009852216748768,benchmark
2022 inflation shock,1/N Equal Weight,benchmark,"B (point-in-time, the actual test)",not applicable,2022-01-03,2022-10-12,LHX.N,0.0009852216748768,benchmark
2022 inflation shock,1/N Equal Weight,benchmark,"B (point-in-time, the actual test)",not applicable,2022-01-03,2022-10-12,TROW.OQ,0.0009852216748768,benchmark
2022 inflation shock,1/N Equal Weight,benchmark,"B (point-in-time, the actual test)",not applicable,2022-01-03,2022-10-12,GPC.N,0.0009852216748768,benchmark
2022 inflation shock,1/N Equal Weight,benchmark,"B (point-in-time, the actual test)",not applicable,2022-01-03,2022-10-12,NVR.N,0.0009852216748768,benchmark
2022 inflation shock,1/N Equal Weight,benchmark,"B (point-in-time, the actual test)",not applicable,2022-01-03,2022-10-12,LVS.N,0.0009852216748768,benchmark
2022 inflation shock,1/N Equal Weight,benchmark,"B (point-in-time, the actual test)",not applicable,2022-01-03,2022-10-12,DECK.N,0.0009852216748768,benchmark
2022 inflation shock,1/N Equal Weight,benchmark,"B (point-in-time, the actual test)",not applicable,2022-01-03,2022-10-12,PLD.N,0.0009852216748768,benchmark
2022 inflation shock,1/N Equal Weight,benchmark,"B (point-in-time, the actual test)",not applicable,2022-01-03,2022-10-12,URI.N,0.0009852216748768,benchmark
2022 inflation shock,1/N Equal Weight,benchmark,"B (point-in-time, the actual test)",not applicable,2022-01-03,2022-10-12,NI.N,0.0009852216748768,benchmark
2022 inflation shock,1/N Equal Weight,benchmark,"B (point-in-time, the actual test)",not applicable,2022-01-03,2022-10-12,NTRS.OQ,0.0009852216748768,benchmark
2022 inflation shock,1/N Equal Weight,benchmark,"B (point-in-time, the actual test)",not applicable,2022-01-03,2022-10-12,NOC.N,0.0009852216748768,benchmark
2022 inflation shock,1/N Equal Weight,benchmark,"B (point-in-time, the actual test)",not applicable,2022-01-03,2022-10-12,VRT.N,0.0009852216748768,benchmark
2022 inflation shock,1/N Equal Weight,benchmark,"B (point-in-time, the actual test)",not applicable,2022-01-03,2022-10-12,MS.N,0.0009852216748768,benchmark
2022 inflation shock,1/N Equal Weight,benchmark,"B (point-in-time, the actual test)",not applicable,2022-01-03,2022-10-12,YUM.N,0.0009852216748768,benchmark
2022 inflation shock,1/N Equal Weight,benchmark,"B (point-in-time, the actual test)",not applicable,2022-01-03,2022-10-12,RMD.N,0.0009852216748768,benchmark
2022 inflation shock,1/N Equal Weight,benchmark,"B (point-in-time, the actual test)",not applicable,2022-01-03,2022-10-12,SYK.N,0.0009852216748768,benchmark
2022 inflation shock,1/N Equal Weight,benchmark,"B (point-in-time, the actual test)",not applicable,2022-01-03,2022-10-12,CL.N,0.0009852216748768,benchmark
2022 inflation shock,1/N Equal Weight,benchmark,"B (point-in-time, the actual test)",not applicable,2022-01-03,2022-10-12,SO.N,0.0009852216748768,benchmark
2022 inflation shock,1/N Equal Weight,benchmark,"B (point-in-time, the actual test)",not applicable,2022-01-03,2022-10-12,GS.N,0.0009852216748768,benchmark
2022 inflation shock,1/N Equal Weight,benchmark,"B (point-in-time, the actual test)",not applicable,2022-01-03,2022-10-12,SLB.N,0.0009852216748768,benchmark
2022 inflation shock,1/N Equal Weight,benchmark,"B (point-in-time, the actual test)",not applicable,2022-01-03,2022-10-12,BA.N,0.0009852216748768,benchmark
2022 inflation shock,1/N Equal Weight,benchmark,"B (point-in-time, the actual test)",not applicable,2022-01-03,2022-10-12,HST.OQ,0.0009852216748768,benchmark
2022 inflation shock,1/N Equal Weight,benchmark,"B (point-in-time, the actual test)",not applicable,2022-01-03,2022-10-12,CBRE.N,0.0009852216748768,benchmark
2022 inflation shock,1/N Equal Weight,benchmark,"B (point-in-time, the actual test)",not applicable,2022-01-03,2022-10-12,IBKR.OQ,0.0009852216748768,benchmark
2022 inflation shock,1/N Equal Weight,benchmark,"B (point-in-time, the actual test)",not applicable,2022-01-03,2022-10-12,IFF.N,0.0009852216748768,benchmark
2022 inflation shock,1/N Equal Weight,benchmark,"B (point-in-time, the actual test)",not applicable,2022-01-03,2022-10-12,CHD.N,0.0009852216748768,benchmark
2022 inflation shock,1/N Equal Weight,benchmark,"B (point-in-time, the actual test)",not applicable,2022-01-03,2022-10-12,SHW.N,0.0009852216748768,benchmark
2022 inflation shock,1/N Equal Weight,benchmark,"B (point-in-time, the actual test)",not applicable,2022-01-03,2022-10-12,BLK.N,0.0009852216748768,benchmark
2022 inflation shock,1/N Equal Weight,benchmark,"B (point-in-time, the actual test)",not applicable,2022-01-03,2022-10-12,HON.OQ,0.0009852216748768,benchmark
2022 inflation shock,1/N Equal Weight,benchmark,"B (point-in-time, the actual test)",not applicable,2022-01-03,2022-10-12,GPN.N,0.0009852216748768,benchmark
2022 inflation shock,1/N Equal Weight,benchmark,"B (point-in-time, the actual test)",not applicable,2022-01-03,2022-10-12,ADP.OQ,0.0009852216748768,benchmark
2022 inflation shock,1/N Equal Weight,benchmark,"B (point-in-time, the actual test)",not applicable,2022-01-03,2022-10-12,AMT.N,0.0009852216748768,benchmark
2022 inflation shock,1/N Equal Weight,benchmark,"B (point-in-time, the actual test)",not applicable,2022-01-03,2022-10-12,GLW.N,0.0009852216748768,benchmark
2022 inflation shock,1/N Equal Weight,benchmark,"B (point-in-time, the actual test)",not applicable,2022-01-03,2022-10-12,AWK.N,0.0009852216748768,benchmark
2022 inflation shock,1/N Equal Weight,benchmark,"B (point-in-time, the actual test)",not applicable,2022-01-03,2022-10-12,PNW.N,0.0009852216748768,benchmark
2022 inflation shock,1/N Equal Weight,benchmark,"B (point-in-time, the actual test)",not applicable,2022-01-03,2022-10-12,PGR.N,0.0009852216748768,benchmark
2022 inflation shock,1/N Equal Weight,benchmark,"B (point-in-time, the actual test)",not applicable,2022-01-03,2022-10-12,LUV.N,0.0009852216748768,benchmark
2022 inflation shock,1/N Equal Weight,benchmark,"B (point-in-time, the actual test)",not applicable,2022-01-03,2022-10-12,IVZ.N,0.0009852216748768,benchmark
2022 inflation shock,1/N Equal Weight,benchmark,"B (point-in-time, the actual test)",not applicable,2022-01-03,2022-10-12,CTAS.OQ,0.0009852216748768,benchmark
2022 inflation shock,1/N Equal Weight,benchmark,"B (point-in-time, the actual test)",not applicable,2022-01-03,2022-10-12,PODD.OQ,0.0009852216748768,benchmark
2022 inflation shock,1/N Equal Weight,benchmark,"B (point-in-time, the actual test)",not applicable,2022-01-03,2022-10-12,ABBV.N,0.0009852216748768,benchmark
2022 inflation shock,1/N Equal Weight,benchmark,"B (point-in-time, the actual test)",not applicable,2022-01-03,2022-10-12,REG.OQ,0.0009852216748768,benchmark
2022 inflation shock,1/N Equal Weight,benchmark,"B (point-in-time, the actual test)",not applicable,2022-01-03,2022-10-12,HUM.N,0.0009852216748768,benchmark
2022 inflation shock,1/N Equal Weight,benchmark,"B (point-in-time, the actual test)",not applicable,2022-01-03,2022-10-12,GE.N,0.0009852216748768,benchmark
2022 inflation shock,1/N Equal Weight,benchmark,"B (point-in-time, the actual test)",not applicable,2022-01-03,2022-10-12,GD.N,0.0009852216748768,benchmark
2022 inflation shock,1/N Equal Weight,benchmark,"B (point-in-time, the actual test)",not applicable,2022-01-03,2022-10-12,MSI.N,0.0009852216748768,benchmark
2022 inflation shock,1/N Equal Weight,benchmark,"B (point-in-time, the actual test)",not applicable,2022-01-03,2022-10-12,PWR.N,0.0009852216748768,benchmark
2022 inflation shock,1/N Equal Weight,benchmark,"B (point-in-time, the actual test)",not applicable,2022-01-03,2022-10-12,TGT.N,0.0009852216748768,benchmark
2022 inflation shock,1/N Equal Weight,benchmark,"B (point-in-time, the actual test)",not applicable,2022-01-03,2022-10-12,ARES.N,0.0009852216748768,benchmark
2022 inflation shock,1/N Equal Weight,benchmark,"B (point-in-time, the actual test)",not applicable,2022-01-03,2022-10-12,HUBB.N,0.0009852216748768,benchmark
2022 inflation shock,1/N Equal Weight,benchmark,"B (point-in-time, the actual test)",not applicable,2022-01-03,2022-10-12,AMAT.OQ,0.0009852216748768,benchmark
2022 inflation shock,1/N Equal Weight,benchmark,"B (point-in-time, the actual test)",not applicable,2022-01-03,2022-10-12,INCY.OQ,0.0009852216748768,benchmark
2022 inflation shock,1/N Equal Weight,benchmark,"B (point-in-time, the actual test)",not applicable,2022-01-03,2022-10-12,PYPL.OQ,0.0009852216748768,benchmark
2022 inflation shock,1/N Equal Weight,benchmark,"B (point-in-time, the actual test)",not applicable,2022-01-03,2022-10-12,PSX.N,0.0009852216748768,benchmark
2022 inflation shock,1/N Equal Weight,benchmark,"B (point-in-time, the actual test)",not applicable,2022-01-03,2022-10-12,NSC.N,0.0009852216748768,benchmark
2022 inflation shock,1/N Equal Weight,benchmark,"B (point-in-time, the actual test)",not applicable,2022-01-03,2022-10-12,BXP.N,0.0009852216748768,benchmark
2022 inflation shock,1/N Equal Weight,benchmark,"B (point-in-time, the actual test)",not applicable,2022-01-03,2022-10-12,CAH.N,0.0009852216748768,benchmark
2022 inflation shock,1/N Equal Weight,benchmark,"B (point-in-time, the actual test)",not applicable,2022-01-03,2022-10-12,LDOS.N,0.0009852216748768,benchmark
2022 inflation shock,1/N Equal Weight,benchmark,"B (point-in-time, the actual test)",not applicable,2022-01-03,2022-10-12,COF.N,0.0009852216748768,benchmark
2022 inflation shock,1/N Equal Weight,benchmark,"B (point-in-time, the actual test)",not applicable,2022-01-03,2022-10-12,BALL.N,0.0009852216748768,benchmark
2022 inflation shock,1/N Equal Weight,benchmark,"B (point-in-time, the actual test)",not applicable,2022-01-03,2022-10-12,OKE.N,0.0009852216748768,benchmark
2022 inflation shock,1/N Equal Weight,benchmark,"B (point-in-time, the actual test)",not applicable,2022-01-03,2022-10-12,TSCO.OQ,0.0009852216748768,benchmark
2022 inflation shock,1/N Equal Weight,benchmark,"B (point-in-time, the actual test)",not applicable,2022-01-03,2022-10-12,LOW.N,0.0009852216748768,benchmark
2022 inflation shock,1/N Equal Weight,benchmark,"B (point-in-time, the actual test)",not applicable,2022-01-03,2022-10-12,MPWR.OQ,0.0009852216748768,benchmark
2022 inflation shock,1/N Equal Weight,benchmark,"B (point-in-time, the actual test)",not applicable,2022-01-03,2022-10-12,LH.N,0.0009852216748768,benchmark
2022 inflation shock,1/N Equal Weight,benchmark,"B (point-in-time, the actual test)",not applicable,2022-01-03,2022-10-12,JKHY.OQ,0.0009852216748768,benchmark
2022 inflation shock,1/N Equal Weight,benchmark,"B (point-in-time, the actual test)",not applicable,2022-01-03,2022-10-12,TSLA.OQ,0.0009852216748768,benchmark
2022 inflation shock,1/N Equal Weight,benchmark,"B (point-in-time, the actual test)",not applicable,2022-01-03,2022-10-12,RL.N,0.0009852216748768,benchmark
2022 inflation shock,1/N Equal Weight,benchmark,"B (point-in-time, the actual test)",not applicable,2022-01-03,2022-10-12,AEP.OQ,0.0009852216748768,benchmark
2022 inflation shock,1/N Equal Weight,benchmark,"B (point-in-time, the actual test)",not applicable,2022-01-03,2022-10-12,FE.N,0.0009852216748768,benchmark
2022 inflation shock,1/N Equal Weight,benchmark,"B (point-in-time, the actual test)",not applicable,2022-01-03,2022-10-12,UNP.N,0.0009852216748768,benchmark
2022 inflation shock,1/N Equal Weight,benchmark,"B (point-in-time, the actual test)",not applicable,2022-01-03,2022-10-12,VTR.N,0.0009852216748768,benchmark
2022 inflation shock,1/N Equal Weight,benchmark,"B (point-in-time, the actual test)",not applicable,2022-01-03,2022-10-12,JBL.N,0.0009852216748768,benchmark
2022 inflation shock,1/N Equal Weight,benchmark,"B (point-in-time, the actual test)",not applicable,2022-01-03,2022-10-12,CSGP.OQ,0.0009852216748768,benchmark
2022 inflation shock,1/N Equal Weight,benchmark,"B (point-in-time, the actual test)",not applicable,2022-01-03,2022-10-12,RVTY.N,0.0009852216748768,benchmark
2022 inflation shock,1/N Equal Weight,benchmark,"B (point-in-time, the actual test)",not applicable,2022-01-03,2022-10-12,ALL.N,0.0009852216748768,benchmark
2022 inflation shock,1/N Equal Weight,benchmark,"B (point-in-time, the actual test)",not applicable,2022-01-03,2022-10-12,IP.N,0.0009852216748768,benchmark
2022 inflation shock,1/N Equal Weight,benchmark,"B (point-in-time, the actual test)",not applicable,2022-01-03,2022-10-12,SNA.N,0.0009852216748768,benchmark
2022 inflation shock,1/N Equal Weight,benchmark,"B (point-in-time, the actual test)",not applicable,2022-01-03,2022-10-12,EBAY.OQ,0.0009852216748768,benchmark
2022 inflation shock,1/N Equal Weight,benchmark,"B (point-in-time, the actual test)",not applicable,2022-01-03,2022-10-12,TPL.N,0.0009852216748768,benchmark
2022 inflation shock,1/N Equal Weight,benchmark,"B (point-in-time, the actual test)",not applicable,2022-01-03,2022-10-12,SJM.N,0.0009852216748768,benchmark
2022 inflation shock,1/N Equal Weight,benchmark,"B (point-in-time, the actual test)",not applicable,2022-01-03,2022-10-12,KO.N,0.0009852216748768,benchmark
2022 inflation shock,1/N Equal Weight,benchmark,"B (point-in-time, the actual test)",not applicable,2022-01-03,2022-10-12,FRT.N,0.0009852216748768,benchmark
2022 inflation shock,1/N Equal Weight,benchmark,"B (point-in-time, the actual test)",not applicable,2022-01-03,2022-10-12,VRSN.OQ,0.0009852216748768,benchmark
2022 inflation shock,1/N Equal Weight,benchmark,"B (point-in-time, the actual test)",not applicable,2022-01-03,2022-10-12,QCOM.OQ,0.0009852216748768,benchmark
2022 inflation shock,1/N Equal Weight,benchmark,"B (point-in-time, the actual test)",not applicable,2022-01-03,2022-10-12,CNP.N,0.0009852216748768,benchmark
2022 inflation shock,1/N Equal Weight,benchmark,"B (point-in-time, the actual test)",not applicable,2022-01-03,2022-10-12,CDNS.OQ,0.0009852216748768,benchmark
2022 inflation shock,1/N Equal Weight,benchmark,"B (point-in-time, the actual test)",not applicable,2022-01-03,2022-10-12,MDLZ.OQ,0.0009852216748768,benchmark
2022 inflation shock,1/N Equal Weight,benchmark,"B (point-in-time, the actual test)",not applicable,2022-01-03,2022-10-12,COHR.N,0.0009852216748768,benchmark
2022 inflation shock,1/N Equal Weight,benchmark,"B (point-in-time, the actual test)",not applicable,2022-01-03,2022-10-12,UPS.N,0.0009852216748768,benchmark
2022 inflation shock,1/N Equal Weight,benchmark,"B (point-in-time, the actual test)",not applicable,2022-01-03,2022-10-12,IBM.N,0.0009852216748768,benchmark
2022 inflation shock,1/N Equal Weight,benchmark,"B (point-in-time, the actual test)",not applicable,2022-01-03,2022-10-12,MSCI.N,0.0009852216748768,benchmark
2022 inflation shock,1/N Equal Weight,benchmark,"B (point-in-time, the actual test)",not applicable,2022-01-03,2022-10-12,MRK.N,0.0009852216748768,benchmark
2022 inflation shock,1/N Equal Weight,benchmark,"B (point-in-time, the actual test)",not applicable,2022-01-03,2022-10-12,TRMB.OQ,0.0009852216748768,benchmark
2022 inflation shock,1/N Equal Weight,benchmark,"B (point-in-time, the actual test)",not applicable,2022-01-03,2022-10-12,BIIB.OQ,0.0009852216748768,benchmark
2022 inflation shock,1/N Equal Weight,benchmark,"B (point-in-time, the actual test)",not applicable,2022-01-03,2022-10-12,DXCM.OQ,0.0009852216748768,benchmark
2022 inflation shock,1/N Equal Weight,benchmark,"B (point-in-time, the actual test)",not applicable,2022-01-03,2022-10-12,O.N,0.0009852216748768,benchmark
2022 inflation shock,1/N Equal Weight,benchmark,"B (point-in-time, the actual test)",not applicable,2022-01-03,2022-10-12,VEEV.N,0.0009852216748768,benchmark
2022 inflation shock,1/N Equal Weight,benchmark,"B (point-in-time, the actual test)",not applicable,2022-01-03,2022-10-12,BSX.N,0.0009852216748768,benchmark
2022 inflation shock,1/N Equal Weight,benchmark,"B (point-in-time, the actual test)",not applicable,2022-01-03,2022-10-12,VTRS.OQ,0.0009852216748768,benchmark
2022 inflation shock,1/N Equal Weight,benchmark,"B (point-in-time, the actual test)",not applicable,2022-01-03,2022-10-12,ORLY.OQ,0.0009852216748768,benchmark
2022 inflation shock,1/N Equal Weight,benchmark,"B (point-in-time, the actual test)",not applicable,2022-01-03,2022-10-12,KMI.N,0.0009852216748768,benchmark
2022 inflation shock,1/N Equal Weight,benchmark,"B (point-in-time, the actual test)",not applicable,2022-01-03,2022-10-12,CMI.N,0.0009852216748768,benchmark
2022 inflation shock,1/N Equal Weight,benchmark,"B (point-in-time, the actual test)",not applicable,2022-01-03,2022-10-12,GWW.N,0.0009852216748768,benchmark
2022 inflation shock,1/N Equal Weight,benchmark,"B (point-in-time, the actual test)",not applicable,2022-01-03,2022-10-12,ICE.N,0.0009852216748768,benchmark
2022 inflation shock,1/N Equal Weight,benchmark,"B (point-in-time, the actual test)",not applicable,2022-01-03,2022-10-12,APO.N,0.0009852216748768,benchmark
2022 inflation shock,1/N Equal Weight,benchmark,"B (point-in-time, the actual test)",not applicable,2022-01-03,2022-10-12,HAS.OQ,0.0009852216748768,benchmark
2022 inflation shock,1/N Equal Weight,benchmark,"B (point-in-time, the actual test)",not applicable,2022-01-03,2022-10-12,DGX.N,0.0009852216748768,benchmark
2022 inflation shock,1/N Equal Weight,benchmark,"B (point-in-time, the actual test)",not applicable,2022-01-03,2022-10-12,CPRT.OQ,0.0009852216748768,benchmark
2022 inflation shock,1/N Equal Weight,benchmark,"B (point-in-time, the actual test)",not applicable,2022-01-03,2022-10-12,ADI.OQ,0.0009852216748768,benchmark
2022 inflation shock,1/N Equal Weight,benchmark,"B (point-in-time, the actual test)",not applicable,2022-01-03,2022-10-12,SNPS.OQ,0.0009852216748768,benchmark
2022 inflation shock,1/N Equal Weight,benchmark,"B (point-in-time, the actual test)",not applicable,2022-01-03,2022-10-12,NDSN.OQ,0.0009852216748768,benchmark
2022 inflation shock,1/N Equal Weight,benchmark,"B (point-in-time, the actual test)",not applicable,2022-01-03,2022-10-12,PFG.OQ,0.0009852216748768,benchmark
2022 inflation shock,1/N Equal Weight,benchmark,"B (point-in-time, the actual test)",not applicable,2022-01-03,2022-10-12,PKG.N,0.0009852216748768,benchmark
2022 inflation shock,1/N Equal Weight,benchmark,"B (point-in-time, the actual test)",not applicable,2022-01-03,2022-10-12,TMO.N,0.0009852216748768,benchmark
2022 inflation shock,1/N Equal Weight,benchmark,"B (point-in-time, the actual test)",not applicable,2022-01-03,2022-10-12,FICO.N,0.0009852216748768,benchmark
2022 inflation shock,1/N Equal Weight,benchmark,"B (point-in-time, the actual test)",not applicable,2022-01-03,2022-10-12,IDXX.OQ,0.0009852216748768,benchmark
2022 inflation shock,1/N Equal Weight,benchmark,"B (point-in-time, the actual test)",not applicable,2022-01-03,2022-10-12,TDY.N,0.0009852216748768,benchmark
2022 inflation shock,1/N Equal Weight,benchmark,"B (point-in-time, the actual test)",not applicable,2022-01-03,2022-10-12,AES.N,0.0009852216748768,benchmark
2022 inflation shock,1/N Equal Weight,benchmark,"B (point-in-time, the actual test)",not applicable,2022-01-03,2022-10-12,TMUS.OQ,0.0009852216748768,benchmark
2022 inflation shock,1/N Equal Weight,benchmark,"B (point-in-time, the actual test)",not applicable,2022-01-03,2022-10-12,PH.N,0.0009852216748768,benchmark
2022 inflation shock,1/N Equal Weight,benchmark,"B (point-in-time, the actual test)",not applicable,2022-01-03,2022-10-12,AIZ.N,0.0009852216748768,benchmark
2022 inflation shock,1/N Equal Weight,benchmark,"B (point-in-time, the actual test)",not applicable,2022-01-03,2022-10-12,EIX.N,0.0009852216748768,benchmark
2022 inflation shock,1/N Equal Weight,benchmark,"B (point-in-time, the actual test)",not applicable,2022-01-03,2022-10-12,TT.N,0.0009852216748768,benchmark
2022 inflation shock,1/N Equal Weight,benchmark,"B (point-in-time, the actual test)",not applicable,2022-01-03,2022-10-12,DRI.N,0.0009852216748768,benchmark
2022 inflation shock,1/N Equal Weight,benchmark,"B (point-in-time, the actual test)",not applicable,2022-01-03,2022-10-12,EFX.N,0.0009852216748768,benchmark
2022 inflation shock,1/N Equal Weight,benchmark,"B (point-in-time, the actual test)",not applicable,2022-01-03,2022-10-12,CINF.OQ,0.0009852216748768,benchmark
2022 inflation shock,1/N Equal Weight,benchmark,"B (point-in-time, the actual test)",not applicable,2022-01-03,2022-10-12,HLT.N,0.0009852216748768,benchmark
2022 inflation shock,1/N Equal Weight,benchmark,"B (point-in-time, the actual test)",not applicable,2022-01-03,2022-10-12,CB.N,0.0009852216748768,benchmark
2022 inflation shock,1/N Equal Weight,benchmark,"B (point-in-time, the actual test)",not applicable,2022-01-03,2022-10-12,WMT.OQ,0.0009852216748768,benchmark
2022 inflation shock,1/N Equal Weight,benchmark,"B (point-in-time, the actual test)",not applicable,2022-01-03,2022-10-12,CBOE.Z,0.0009852216748768,benchmark
2022 inflation shock,1/N Equal Weight,benchmark,"B (point-in-time, the actual test)",not applicable,2022-01-03,2022-10-12,KEYS.N,0.0009852216748768,benchmark
2022 inflation shock,1/N Equal Weight,benchmark,"B (point-in-time, the actual test)",not applicable,2022-01-03,2022-10-12,CHRW.OQ,0.0009852216748768,benchmark
2022 inflation shock,1/N Equal Weight,benchmark,"B (point-in-time, the actual test)",not applicable,2022-01-03,2022-10-12,TYL.N,0.0009852216748768,benchmark
2022 inflation shock,1/N Equal Weight,benchmark,"B (point-in-time, the actual test)",not applicable,2022-01-03,2022-10-12,PM.N,0.0009852216748768,benchmark
2022 inflation shock,1/N Equal Weight,benchmark,"B (point-in-time, the actual test)",not applicable,2022-01-03,2022-10-12,ES.N,0.0009852216748768,benchmark
2022 inflation shock,1/N Equal Weight,benchmark,"B (point-in-time, the actual test)",not applicable,2022-01-03,2022-10-12,LII.N,0.0009852216748768,benchmark
2022 inflation shock,1/N Equal Weight,benchmark,"B (point-in-time, the actual test)",not applicable,2022-01-03,2022-10-12,NWSA.OQ,0.0009852216748768,benchmark
2022 inflation shock,1/N Equal Weight,benchmark,"B (point-in-time, the actual test)",not applicable,2022-01-03,2022-10-12,FIX.N,0.0009852216748768,benchmark
2022 inflation shock,1/N Equal Weight,benchmark,"B (point-in-time, the actual test)",not applicable,2022-01-03,2022-10-12,NDAQ.OQ,0.0009852216748768,benchmark
2022 inflation shock,1/N Equal Weight,benchmark,"B (point-in-time, the actual test)",not applicable,2022-01-03,2022-10-12,BAC.N,0.0009852216748768,benchmark
2022 inflation shock,1/N Equal Weight,benchmark,"B (point-in-time, the actual test)",not applicable,2022-01-03,2022-10-12,RJF.N,0.0009852216748768,benchmark
2022 inflation shock,1/N Equal Weight,benchmark,"B (point-in-time, the actual test)",not applicable,2022-01-03,2022-10-12,CAG.N,0.0009852216748768,benchmark
2022 inflation shock,1/N Equal Weight,benchmark,"B (point-in-time, the actual test)",not applicable,2022-01-03,2022-10-12,FIS.N,0.0009852216748768,benchmark
2022 inflation shock,1/N Equal Weight,benchmark,"B (point-in-time, the actual test)",not applicable,2022-01-03,2022-10-12,PHM.N,0.0009852216748768,benchmark
2022 inflation shock,1/N Equal Weight,benchmark,"B (point-in-time, the actual test)",not applicable,2022-01-03,2022-10-12,FFIV.OQ,0.0009852216748768,benchmark
2022 inflation shock,1/N Equal Weight,benchmark,"B (point-in-time, the actual test)",not applicable,2022-01-03,2022-10-12,DG.N,0.0009852216748768,benchmark
2022 inflation shock,1/N Equal Weight,benchmark,"B (point-in-time, the actual test)",not applicable,2022-01-03,2022-10-12,WDC.OQ,0.0009852216748768,benchmark
2022 inflation shock,1/N Equal Weight,benchmark,"B (point-in-time, the actual test)",not applicable,2022-01-03,2022-10-12,EL.N,0.0009852216748768,benchmark
2022 inflation shock,1/N Equal Weight,benchmark,"B (point-in-time, the actual test)",not applicable,2022-01-03,2022-10-12,PEP.OQ,0.0009852216748768,benchmark
2022 inflation shock,1/N Equal Weight,benchmark,"B (point-in-time, the actual test)",not applicable,2022-01-03,2022-10-12,TRGP.N,0.0009852216748768,benchmark
2022 inflation shock,1/N Equal Weight,benchmark,"B (point-in-time, the actual test)",not applicable,2022-01-03,2022-10-12,USB.N,0.0009852216748768,benchmark
2022 inflation shock,1/N Equal Weight,benchmark,"B (point-in-time, the actual test)",not applicable,2022-01-03,2022-10-12,AOS.N,0.0009852216748768,benchmark
2022 inflation shock,1/N Equal Weight,benchmark,"B (point-in-time, the actual test)",not applicable,2022-01-03,2022-10-12,MSFT.OQ,0.0009852216748768,benchmark
2022 inflation shock,1/N Equal Weight,benchmark,"B (point-in-time, the actual test)",not applicable,2022-01-03,2022-10-12,TRV.N,0.0009852216748768,benchmark
2022 inflation shock,1/N Equal Weight,benchmark,"B (point-in-time, the actual test)",not applicable,2022-01-03,2022-10-12,PAYX.OQ,0.0009852216748768,benchmark
2022 inflation shock,1/N Equal Weight,benchmark,"B (point-in-time, the actual test)",not applicable,2022-01-03,2022-10-12,HBAN.OQ,0.0009852216748768,benchmark
2022 inflation shock,1/N Equal Weight,benchmark,"B (point-in-time, the actual test)",not applicable,2022-01-03,2022-10-12,COST.OQ,0.0009852216748768,benchmark
2022 inflation shock,1/N Equal Weight,benchmark,"B (point-in-time, the actual test)",not applicable,2022-01-03,2022-10-12,WSM.N,0.0009852216748768,benchmark
2022 inflation shock,1/N Equal Weight,benchmark,"B (point-in-time, the actual test)",not applicable,2022-01-03,2022-10-12,PANW.OQ,0.0009852216748768,benchmark
2022 inflation shock,1/N Equal Weight,benchmark,"B (point-in-time, the actual test)",not applicable,2022-01-03,2022-10-12,MLM.N,0.0009852216748768,benchmark
2022 inflation shock,1/N Equal Weight,benchmark,"B (point-in-time, the actual test)",not applicable,2022-01-03,2022-10-12,EVRG.OQ,0.0009852216748768,benchmark
2022 inflation shock,1/N Equal Weight,benchmark,"B (point-in-time, the actual test)",not applicable,2022-01-03,2022-10-12,TXN.OQ,0.0009852216748768,benchmark
2022 inflation shock,1/N Equal Weight,benchmark,"B (point-in-time, the actual test)",not applicable,2022-01-03,2022-10-12,MKC.N,0.0009852216748768,benchmark
2022 inflation shock,1/N Equal Weight,benchmark,"B (point-in-time, the actual test)",not applicable,2022-01-03,2022-10-12,ISRG.OQ,0.0009852216748768,benchmark
2022 inflation shock,1/N Equal Weight,benchmark,"B (point-in-time, the actual test)",not applicable,2022-01-03,2022-10-12,CMG.N,0.0009852216748768,benchmark
2022 inflation shock,1/N Equal Weight,benchmark,"B (point-in-time, the actual test)",not applicable,2022-01-03,2022-10-12,CPT.N,0.0009852216748768,benchmark
2022 inflation shock,1/N Equal Weight,benchmark,"B (point-in-time, the actual test)",not applicable,2022-01-03,2022-10-12,LLY.N,0.0009852216748768,benchmark
2022 inflation shock,1/N Equal Weight,benchmark,"B (point-in-time, the actual test)",not applicable,2022-01-03,2022-10-12,MET.N,0.0009852216748768,benchmark
2022 inflation shock,1/N Equal Weight,benchmark,"B (point-in-time, the actual test)",not applicable,2022-01-03,2022-10-12,T.N,0.0009852216748768,benchmark
2022 inflation shock,1/N Equal Weight,benchmark,"B (point-in-time, the actual test)",not applicable,2022-01-03,2022-10-12,FAST.OQ,0.0009852216748768,benchmark
2022 inflation shock,1/N Equal Weight,benchmark,"B (point-in-time, the actual test)",not applicable,2022-01-03,2022-10-12,COR.N,0.0009852216748768,benchmark
2022 inflation shock,1/N Equal Weight,benchmark,"B (point-in-time, the actual test)",not applicable,2022-01-03,2022-10-12,XYZ.N,0.0009852216748768,benchmark
2022 inflation shock,1/N Equal Weight,benchmark,"B (point-in-time, the actual test)",not applicable,2022-01-03,2022-10-12,ROST.OQ,0.0009852216748768,benchmark
2022 inflation shock,1/N Equal Weight,benchmark,"B (point-in-time, the actual test)",not applicable,2022-01-03,2022-10-12,CPB.OQ,0.0009852216748768,benchmark
2022 inflation shock,1/N Equal Weight,benchmark,"B (point-in-time, the actual test)",not applicable,2022-01-03,2022-10-12,MTD.N,0.0009852216748768,benchmark
2022 inflation shock,1/N Equal Weight,benchmark,"B (point-in-time, the actual test)",not applicable,2022-01-03,2022-10-12,RTX.N,0.0009852216748768,benchmark
2022 inflation shock,1/N Equal Weight,benchmark,"B (point-in-time, the actual test)",not applicable,2022-01-03,2022-10-12,INTU.OQ,0.0009852216748768,benchmark
2022 inflation shock,1/N Equal Weight,benchmark,"B (point-in-time, the actual test)",not applicable,2022-01-03,2022-10-12,AMP.N,0.0009852216748768,benchmark
2022 inflation shock,1/N Equal Weight,benchmark,"B (point-in-time, the actual test)",not applicable,2022-01-03,2022-10-12,MTB.N,0.0009852216748768,benchmark
2022 inflation shock,1/N Equal Weight,benchmark,"B (point-in-time, the actual test)",not applicable,2022-01-03,2022-10-12,VLO.N,0.0009852216748768,benchmark
2022 inflation shock,1/N Equal Weight,benchmark,"B (point-in-time, the actual test)",not applicable,2022-01-03,2022-10-12,ECL.N,0.0009852216748768,benchmark
2022 inflation shock,1/N Equal Weight,benchmark,"B (point-in-time, the actual test)",not applicable,2022-01-03,2022-10-12,PSA.N,0.0009852216748768,benchmark
2022 inflation shock,1/N Equal Weight,benchmark,"B (point-in-time, the actual test)",not applicable,2022-01-03,2022-10-12,KKR.N,0.0009852216748768,benchmark
2022 inflation shock,1/N Equal Weight,benchmark,"B (point-in-time, the actual test)",not applicable,2022-01-03,2022-10-12,INVH.N,0.0009852216748768,benchmark
2022 inflation shock,1/N Equal Weight,benchmark,"B (point-in-time, the actual test)",not applicable,2022-01-03,2022-10-12,MU.OQ,0.0009852216748768,benchmark
2022 inflation shock,1/N Equal Weight,benchmark,"B (point-in-time, the actual test)",not applicable,2022-01-03,2022-10-12,WELL.N,0.0009852216748768,benchmark
2022 inflation shock,1/N Equal Weight,benchmark,"B (point-in-time, the actual test)",not applicable,2022-01-03,2022-10-12,AKAM.OQ,0.0009852216748768,benchmark
2022 inflation shock,1/N Equal Weight,benchmark,"B (point-in-time, the actual test)",not applicable,2022-01-03,2022-10-12,VST.N,0.0009852216748768,benchmark
2022 inflation shock,1/N Equal Weight,benchmark,"B (point-in-time, the actual test)",not applicable,2022-01-03,2022-10-12,DHR.N,0.0009852216748768,benchmark
2022 inflation shock,1/N Equal Weight,benchmark,"B (point-in-time, the actual test)",not applicable,2022-01-03,2022-10-12,PCAR.OQ,0.0009852216748768,benchmark
2022 inflation shock,1/N Equal Weight,benchmark,"B (point-in-time, the actual test)",not applicable,2022-01-03,2022-10-12,PFE.N,0.0009852216748768,benchmark
2022 inflation shock,1/N Equal Weight,benchmark,"B (point-in-time, the actual test)",not applicable,2022-01-03,2022-10-12,GM.N,0.0009852216748768,benchmark
2022 inflation shock,1/N Equal Weight,benchmark,"B (point-in-time, the actual test)",not applicable,2022-01-03,2022-10-12,AMGN.OQ,0.0009852216748768,benchmark
2022 inflation shock,1/N Equal Weight,benchmark,"B (point-in-time, the actual test)",not applicable,2022-01-03,2022-10-12,AXON.OQ,0.0009852216748768,benchmark
2022 inflation shock,1/N Equal Weight,benchmark,"B (point-in-time, the actual test)",not applicable,2022-01-03,2022-10-12,NEM.N,0.0009852216748768,benchmark
2022 inflation shock,1/N Equal Weight,benchmark,"B (point-in-time, the actual test)",not applicable,2022-01-03,2022-10-12,CSCO.OQ,0.0009852216748768,benchmark
2022 inflation shock,1/N Equal Weight,benchmark,"B (point-in-time, the actual test)",not applicable,2022-01-03,2022-10-12,HPQ.N,0.0009852216748768,benchmark
2022 inflation shock,1/N Equal Weight,benchmark,"B (point-in-time, the actual test)",not applicable,2022-01-03,2022-10-12,FTV.N,0.0009852216748768,benchmark
2022 inflation shock,1/N Equal Weight,benchmark,"B (point-in-time, the actual test)",not applicable,2022-01-03,2022-10-12,ETN.N,0.0009852216748768,benchmark
2022 inflation shock,1/N Equal Weight,benchmark,"B (point-in-time, the actual test)",not applicable,2022-01-03,2022-10-12,GNRC.N,0.0009852216748768,benchmark
2022 inflation shock,1/N Equal Weight,benchmark,"B (point-in-time, the actual test)",not applicable,2022-01-03,2022-10-12,DPZ.OQ,0.0009852216748768,benchmark
2022 inflation shock,1/N Equal Weight,benchmark,"B (point-in-time, the actual test)",not applicable,2022-01-03,2022-10-12,MGM.N,0.0009852216748768,benchmark
2022 inflation shock,1/N Equal Weight,benchmark,"B (point-in-time, the actual test)",not applicable,2022-01-03,2022-10-12,AJG.N,0.0009852216748768,benchmark
2022 inflation shock,1/N Equal Weight,benchmark,"B (point-in-time, the actual test)",not applicable,2022-01-03,2022-10-12,MPC.N,0.0009852216748768,benchmark
2022 inflation shock,1/N Equal Weight,benchmark,"B (point-in-time, the actual test)",not applicable,2022-01-03,2022-10-12,ARE.N,0.0009852216748768,benchmark
2022 inflation shock,1/N Equal Weight,benchmark,"B (point-in-time, the actual test)",not applicable,2022-01-03,2022-10-12,AFL.N,0.0009852216748768,benchmark
2022 inflation shock,1/N Equal Weight,benchmark,"B (point-in-time, the actual test)",not applicable,2022-01-03,2022-10-12,CTSH.OQ,0.0009852216748768,benchmark
2022 inflation shock,1/N Equal Weight,benchmark,"B (point-in-time, the actual test)",not applicable,2022-01-03,2022-10-12,CF.N,0.0009852216748768,benchmark
2022 inflation shock,1/N Equal Weight,benchmark,"B (point-in-time, the actual test)",not applicable,2022-01-03,2022-10-12,ANET.N,0.0009852216748768,benchmark
2022 inflation shock,1/N Equal Weight,benchmark,"B (point-in-time, the actual test)",not applicable,2022-01-03,2022-10-12,GOOGL.OQ,0.0009852216748768,benchmark
2022 inflation shock,1/N Equal Weight,benchmark,"B (point-in-time, the actual test)",not applicable,2022-01-03,2022-10-12,GIS.N,0.0009852216748768,benchmark
2022 inflation shock,1/N Equal Weight,benchmark,"B (point-in-time, the actual test)",not applicable,2022-01-03,2022-10-12,IQV.N,0.0009852216748768,benchmark
2022 inflation shock,1/N Equal Weight,benchmark,"B (point-in-time, the actual test)",not applicable,2022-01-03,2022-10-12,TAP.N,0.0009852216748768,benchmark
2022 inflation shock,1/N Equal Weight,benchmark,"B (point-in-time, the actual test)",not applicable,2022-01-03,2022-10-12,NCLH.N,0.0009852216748768,benchmark
2022 inflation shock,1/N Equal Weight,benchmark,"B (point-in-time, the actual test)",not applicable,2022-01-03,2022-10-12,STX.OQ,0.0009852216748768,benchmark
2022 inflation shock,1/N Equal Weight,benchmark,"B (point-in-time, the actual test)",not applicable,2022-01-03,2022-10-12,TECH.OQ,0.0009852216748768,benchmark
2022 inflation shock,1/N Equal Weight,benchmark,"B (point-in-time, the actual test)",not applicable,2022-01-03,2022-10-12,BFb.N,0.0009852216748768,benchmark
2022 inflation shock,1/N Equal Weight,benchmark,"B (point-in-time, the actual test)",not applicable,2022-01-03,2022-10-12,JCI.N,0.0009852216748768,benchmark
2022 inflation shock,1/N Equal Weight,benchmark,"B (point-in-time, the actual test)",not applicable,2022-01-03,2022-10-12,KR.N,0.0009852216748768,benchmark
2022 inflation shock,1/N Equal Weight,benchmark,"B (point-in-time, the actual test)",not applicable,2022-01-03,2022-10-12,AZO.N,0.0009852216748768,benchmark
2022 inflation shock,1/N Equal Weight,benchmark,"B (point-in-time, the actual test)",not applicable,2022-01-03,2022-10-12,KDP.OQ,0.0009852216748768,benchmark
2022 inflation shock,1/N Equal Weight,benchmark,"B (point-in-time, the actual test)",not applicable,2022-01-03,2022-10-12,BDX.N,0.0009852216748768,benchmark
2022 inflation shock,1/N Equal Weight,benchmark,"B (point-in-time, the actual test)",not applicable,2022-01-03,2022-10-12,L.N,0.0009852216748768,benchmark
2022 inflation shock,1/N Equal Weight,benchmark,"B (point-in-time, the actual test)",not applicable,2022-01-03,2022-10-12,WDAY.OQ,0.0009852216748768,benchmark
2022 inflation shock,1/N Equal Weight,benchmark,"B (point-in-time, the actual test)",not applicable,2022-01-03,2022-10-12,BRO.N,0.0009852216748768,benchmark
2022 inflation shock,1/N Equal Weight,benchmark,"B (point-in-time, the actual test)",not applicable,2022-01-03,2022-10-12,OXY.N,0.0009852216748768,benchmark
2022 inflation shock,1/N Equal Weight,benchmark,"B (point-in-time, the actual test)",not applicable,2022-01-03,2022-10-12,DTE.N,0.0009852216748768,benchmark
2022 inflation shock,1/N Equal Weight,benchmark,"B (point-in-time, the actual test)",not applicable,2022-01-03,2022-10-12,MCK.N,0.0009852216748768,benchmark
2022 inflation shock,1/N Equal Weight,benchmark,"B (point-in-time, the actual test)",not applicable,2022-01-03,2022-10-12,APD.N,0.0009852216748768,benchmark
2022 inflation shock,1/N Equal Weight,benchmark,"B (point-in-time, the actual test)",not applicable,2022-01-03,2022-10-12,CI.N,0.0009852216748768,benchmark
2022 inflation shock,1/N Equal Weight,benchmark,"B (point-in-time, the actual test)",not applicable,2022-01-03,2022-10-12,ZBRA.OQ,0.0009852216748768,benchmark
2022 inflation shock,1/N Equal Weight,benchmark,"B (point-in-time, the actual test)",not applicable,2022-01-03,2022-10-12,ADM.N,0.0009852216748768,benchmark
2022 inflation shock,1/N Equal Weight,benchmark,"B (point-in-time, the actual test)",not applicable,2022-01-03,2022-10-12,PNC.N,0.0009852216748768,benchmark
2022 inflation shock,1/N Equal Weight,benchmark,"B (point-in-time, the actual test)",not applicable,2022-01-03,2022-10-12,LIN.OQ,0.0009852216748768,benchmark
2022 inflation shock,1/N Equal Weight,benchmark,"B (point-in-time, the actual test)",not applicable,2022-01-03,2022-10-12,LYB.N,0.0009852216748768,benchmark
2022 inflation shock,1/N Equal Weight,benchmark,"B (point-in-time, the actual test)",not applicable,2022-01-03,2022-10-12,FITB.N,0.0009852216748768,benchmark
2022 inflation shock,1/N Equal Weight,benchmark,"B (point-in-time, the actual test)",not applicable,2022-01-03,2022-10-12,CCL.N,0.0009852216748768,benchmark
2022 inflation shock,1/N Equal Weight,benchmark,"B (point-in-time, the actual test)",not applicable,2022-01-03,2022-10-12,MCO.N,0.0009852216748768,benchmark
2022 inflation shock,1/N Equal Weight,benchmark,"B (point-in-time, the actual test)",not applicable,2022-01-03,2022-10-12,PTC.OQ,0.0009852216748768,benchmark
2022 inflation shock,1/N Equal Weight,benchmark,"B (point-in-time, the actual test)",not applicable,2022-01-03,2022-10-12,CMCSA.OQ,0.0009852216748768,benchmark
2022 inflation shock,1/N Equal Weight,benchmark,"B (point-in-time, the actual test)",not applicable,2022-01-03,2022-10-12,DOC.N,0.0009852216748768,benchmark
2022 inflation shock,1/N Equal Weight,benchmark,"B (point-in-time, the actual test)",not applicable,2022-01-03,2022-10-12,EQIX.OQ,0.0009852216748768,benchmark
2022 inflation shock,1/N Equal Weight,benchmark,"B (point-in-time, the actual test)",not applicable,2022-01-03,2022-10-12,ALB.N,0.0009852216748768,benchmark
2022 inflation shock,1/N Equal Weight,benchmark,"B (point-in-time, the actual test)",not applicable,2022-01-03,2022-10-12,BEN.N,0.0009852216748768,benchmark
2022 inflation shock,1/N Equal Weight,benchmark,"B (point-in-time, the actual test)",not applicable,2022-01-03,2022-10-12,RCL.N,0.0009852216748768,benchmark
2022 inflation shock,1/N Equal Weight,benchmark,"B (point-in-time, the actual test)",not applicable,2022-01-03,2022-10-12,HII.N,0.0009852216748768,benchmark
2022 inflation shock,1/N Equal Weight,benchmark,"B (point-in-time, the actual test)",not applicable,2022-01-03,2022-10-12,AVY.N,0.0009852216748768,benchmark
2022 inflation shock,1/N Equal Weight,benchmark,"B (point-in-time, the actual test)",not applicable,2022-01-03,2022-10-12,EMR.N,0.0009852216748768,benchmark
2022 inflation shock,1/N Equal Weight,benchmark,"B (point-in-time, the actual test)",not applicable,2022-01-03,2022-10-12,FANG.OQ,0.0009852216748768,benchmark
2022 inflation shock,1/N Equal Weight,benchmark,"B (point-in-time, the actual test)",not applicable,2022-01-03,2022-10-12,ROK.N,0.0009852216748768,benchmark
2022 inflation shock,1/N Equal Weight,benchmark,"B (point-in-time, the actual test)",not applicable,2022-01-03,2022-10-12,DIS.N,0.0009852216748768,benchmark
2022 inflation shock,1/N Equal Weight,benchmark,"B (point-in-time, the actual test)",not applicable,2022-01-03,2022-10-12,KHC.OQ,0.0009852216748768,benchmark
2022 inflation shock,1/N Equal Weight,benchmark,"B (point-in-time, the actual test)",not applicable,2022-01-03,2022-10-12,NEE.N,0.0009852216748768,benchmark
2022 inflation shock,1/N Equal Weight,benchmark,"B (point-in-time, the actual test)",not applicable,2022-01-03,2022-10-12,ADBE.OQ,0.0009852216748768,benchmark
2022 inflation shock,1/N Equal Weight,benchmark,"B (point-in-time, the actual test)",not applicable,2022-01-03,2022-10-12,VRSK.OQ,0.0009852216748768,benchmark
2022 inflation shock,1/N Equal Weight,benchmark,"B (point-in-time, the actual test)",not applicable,2022-01-03,2022-10-12,ALLE.N,0.0009852216748768,benchmark
2022 inflation shock,1/N Equal Weight,benchmark,"B (point-in-time, the actual test)",not applicable,2022-01-03,2022-10-12,BLDR.N,0.0009852216748768,benchmark
2022 inflation shock,1/N Equal Weight,benchmark,"B (point-in-time, the actual test)",not applicable,2022-01-03,2022-10-12,LITE.OQ,0.0009852216748768,benchmark
2022 inflation shock,1/N Equal Weight,benchmark,"B (point-in-time, the actual test)",not applicable,2022-01-03,2022-10-12,NRG.N,0.0009852216748768,benchmark
2022 inflation shock,1/N Equal Weight,benchmark,"B (point-in-time, the actual test)",not applicable,2022-01-03,2022-10-12,ACGL.OQ,0.0009852216748768,benchmark
2022 inflation shock,1/N Equal Weight,benchmark,"B (point-in-time, the actual test)",not applicable,2022-01-03,2022-10-12,GOOG.OQ,0.0009852216748768,benchmark
2022 inflation shock,1/N Equal Weight,benchmark,"B (point-in-time, the actual test)",not applicable,2022-01-03,2022-10-12,KIM.N,0.0009852216748768,benchmark
2022 inflation shock,1/N Equal Weight,benchmark,"B (point-in-time, the actual test)",not applicable,2022-01-03,2022-10-12,CPAY.N,0.0009852216748768,benchmark
2022 inflation shock,1/N Equal Weight,benchmark,"B (point-in-time, the actual test)",not applicable,2022-01-03,2022-10-12,BKR.OQ,0.0009852216748768,benchmark
2022 inflation shock,1/N Equal Weight,benchmark,"B (point-in-time, the actual test)",not applicable,2022-01-03,2022-10-12,GRMN.N,0.0009852216748768,benchmark
2022 inflation shock,1/N Equal Weight,benchmark,"B (point-in-time, the actual test)",not applicable,2022-01-03,2022-10-12,CNC.N,0.0009852216748768,benchmark
2022 inflation shock,1/N Equal Weight,benchmark,"B (point-in-time, the actual test)",not applicable,2022-01-03,2022-10-12,AIG.N,0.0009852216748768,benchmark
2022 inflation shock,1/N Equal Weight,benchmark,"B (point-in-time, the actual test)",not applicable,2022-01-03,2022-10-12,SBUX.OQ,0.0009852216748768,benchmark
2022 inflation shock,1/N Equal Weight,benchmark,"B (point-in-time, the actual test)",not applicable,2022-01-03,2022-10-12,REGN.OQ,0.0009852216748768,benchmark
2022 inflation shock,1/N Equal Weight,benchmark,"B (point-in-time, the actual test)",not applicable,2022-01-03,2022-10-12,JPM.N,0.0009852216748768,benchmark
2022 inflation shock,1/N Equal Weight,benchmark,"B (point-in-time, the actual test)",not applicable,2022-01-03,2022-10-12,MAR.OQ,0.0009852216748768,benchmark
2022 inflation shock,1/N Equal Weight,benchmark,"B (point-in-time, the actual test)",not applicable,2022-01-03,2022-10-12,EQT.N,0.0009852216748768,benchmark
2022 inflation shock,1/N Equal Weight,benchmark,"B (point-in-time, the actual test)",not applicable,2022-01-03,2022-10-12,AEE.N,0.0009852216748768,benchmark
2022 inflation shock,1/N Equal Weight,benchmark,"B (point-in-time, the actual test)",not applicable,2022-01-03,2022-10-12,WFC.N,0.0009852216748768,benchmark
2022 inflation shock,1/N Equal Weight,benchmark,"B (point-in-time, the actual test)",not applicable,2022-01-03,2022-10-12,CSX.OQ,0.0009852216748768,benchmark
2022 inflation shock,1/N Equal Weight,benchmark,"B (point-in-time, the actual test)",not applicable,2022-01-03,2022-10-12,NFLX.OQ,0.0009852216748768,benchmark
2022 inflation shock,1/N Equal Weight,benchmark,"B (point-in-time, the actual test)",not applicable,2022-01-03,2022-10-12,SWK.N,0.0009852216748768,benchmark
2022 inflation shock,1/N Equal Weight,benchmark,"B (point-in-time, the actual test)",not applicable,2022-01-03,2022-10-12,VZ.N,0.0009852216748768,benchmark
2022 inflation shock,1/N Equal Weight,benchmark,"B (point-in-time, the actual test)",not applicable,2022-01-03,2022-10-12,CASY.OQ,0.0009852216748768,benchmark
2022 inflation shock,1/N Equal Weight,benchmark,"B (point-in-time, the actual test)",not applicable,2022-01-03,2022-10-12,TFC.N,0.0009852216748768,benchmark
2022 inflation shock,1/N Equal Weight,benchmark,"B (point-in-time, the actual test)",not applicable,2022-01-03,2022-10-12,ABT.N,0.0009852216748768,benchmark
2022 inflation shock,1/N Equal Weight,benchmark,"B (point-in-time, the actual test)",not applicable,2022-01-03,2022-10-12,MA.N,0.0009852216748768,benchmark
2022 inflation shock,1/N Equal Weight,benchmark,"B (point-in-time, the actual test)",not applicable,2022-01-03,2022-10-12,RSG.N,0.0009852216748768,benchmark
2022 inflation shock,1/N Equal Weight,benchmark,"B (point-in-time, the actual test)",not applicable,2022-01-03,2022-10-12,STE.N,0.0009852216748768,benchmark
2022 inflation shock,1/N Equal Weight,benchmark,"B (point-in-time, the actual test)",not applicable,2022-01-03,2022-10-12,AMZN.OQ,0.0009852216748768,benchmark
2022 inflation shock,1/N Equal Weight,benchmark,"B (point-in-time, the actual test)",not applicable,2022-01-03,2022-10-12,MMM.N,0.0009852216748768,benchmark
2022 inflation shock,1/N Equal Weight,benchmark,"B (point-in-time, the actual test)",not applicable,2022-01-03,2022-10-12,CDW.OQ,0.0009852216748768,benchmark
2022 inflation shock,1/N Equal Weight,benchmark,"B (point-in-time, the actual test)",not applicable,2022-01-03,2022-10-12,COO.OQ,0.0009852216748768,benchmark
2022 inflation shock,1/N Equal Weight,benchmark,"B (point-in-time, the actual test)",not applicable,2022-01-03,2022-10-12,WAB.N,0.0009852216748768,benchmark
2022 inflation shock,1/N Equal Weight,benchmark,"B (point-in-time, the actual test)",not applicable,2022-01-03,2022-10-12,NTAP.OQ,0.0009852216748768,benchmark
2022 inflation shock,1/N Equal Weight,benchmark,"B (point-in-time, the actual test)",not applicable,2022-01-03,2022-10-12,TTWO.OQ,0.0009852216748768,benchmark
2022 inflation shock,1/N Equal Weight,benchmark,"B (point-in-time, the actual test)",not applicable,2022-01-03,2022-10-12,TSN.N,0.0009852216748768,benchmark
2022 inflation shock,1/N Equal Weight,benchmark,"B (point-in-time, the actual test)",not applicable,2022-01-03,2022-10-12,DVN.N,0.0009852216748768,benchmark
2022 inflation shock,1/N Equal Weight,benchmark,"B (point-in-time, the actual test)",not applicable,2022-01-03,2022-10-12,ORCL.N,0.0009852216748768,benchmark
2022 inflation shock,1/N Equal Weight,benchmark,"B (point-in-time, the actual test)",not applicable,2022-01-03,2022-10-12,EG.N,0.0009852216748768,benchmark
2022 inflation shock,1/N Equal Weight,benchmark,"B (point-in-time, the actual test)",not applicable,2022-01-03,2022-10-12,WBD.OQ,0.0009852216748768,benchmark
2022 inflation shock,1/N Equal Weight,benchmark,"B (point-in-time, the actual test)",not applicable,2022-01-03,2022-10-12,BX.N,0.0009852216748768,benchmark
2022 inflation shock,1/N Equal Weight,benchmark,"B (point-in-time, the actual test)",not applicable,2022-01-03,2022-10-12,TXT.N,0.0009852216748768,benchmark
2022 inflation shock,1/N Equal Weight,benchmark,"B (point-in-time, the actual test)",not applicable,2022-01-03,2022-10-12,HCA.N,0.0009852216748768,benchmark
2022 inflation shock,1/N Equal Weight,benchmark,"B (point-in-time, the actual test)",not applicable,2022-01-03,2022-10-12,IEX.N,0.0009852216748768,benchmark
2022 inflation shock,1/N Equal Weight,benchmark,"B (point-in-time, the actual test)",not applicable,2022-01-03,2022-10-12,MNST.OQ,0.0009852216748768,benchmark
2022 inflation shock,1/N Equal Weight,benchmark,"B (point-in-time, the actual test)",not applicable,2022-01-03,2022-10-12,PEG.N,0.0009852216748768,benchmark
2022 inflation shock,1/N Equal Weight,benchmark,"B (point-in-time, the actual test)",not applicable,2022-01-03,2022-10-12,VICI.N,0.0009852216748768,benchmark
2022 inflation shock,1/N Equal Weight,benchmark,"B (point-in-time, the actual test)",not applicable,2022-01-03,2022-10-12,MO.N,0.0009852216748768,benchmark
2022 inflation shock,1/N Equal Weight,benchmark,"B (point-in-time, the actual test)",not applicable,2022-01-03,2022-10-12,ETR.N,0.0009852216748768,benchmark
2022 inflation shock,1/N Equal Weight,benchmark,"B (point-in-time, the actual test)",not applicable,2022-01-03,2022-10-12,EXR.N,0.0009852216748768,benchmark
2022 inflation shock,1/N Equal Weight,benchmark,"B (point-in-time, the actual test)",not applicable,2022-01-03,2022-10-12,LMT.N,0.0009852216748768,benchmark
2022 inflation shock,1/N Equal Weight,benchmark,"B (point-in-time, the actual test)",not applicable,2022-01-03,2022-10-12,C.N,0.0009852216748768,benchmark
2022 inflation shock,1/N Equal Weight,benchmark,"B (point-in-time, the actual test)",not applicable,2022-01-03,2022-10-12,EXC.OQ,0.0009852216748768,benchmark
2022 inflation shock,1/N Equal Weight,benchmark,"B (point-in-time, the actual test)",not applicable,2022-01-03,2022-10-12,CVX.N,0.0009852216748768,benchmark
2022 inflation shock,1/N Equal Weight,benchmark,"B (point-in-time, the actual test)",not applicable,2022-01-03,2022-10-12,F.N,0.0009852216748768,benchmark
2022 inflation shock,1/N Equal Weight,benchmark,"B (point-in-time, the actual test)",not applicable,2022-01-03,2022-10-12,XOM.N,0.0009852216748768,benchmark
2022 inflation shock,1/N Equal Weight,benchmark,"B (point-in-time, the actual test)",not applicable,2022-01-03,2022-10-12,UDR.N,0.0009852216748768,benchmark
2022 inflation shock,1/N Equal Weight,benchmark,"B (point-in-time, the actual test)",not applicable,2022-01-03,2022-10-12,STZ.N,0.0009852216748768,benchmark
2022 inflation shock,1/N Equal Weight,benchmark,"B (point-in-time, the actual test)",not applicable,2022-01-03,2022-10-12,TJX.N,0.0009852216748768,benchmark
2022 inflation shock,1/N Equal Weight,benchmark,"B (point-in-time, the actual test)",not applicable,2022-01-03,2022-10-12,BR.N,0.0009852216748768,benchmark
2022 inflation shock,1/N Equal Weight,benchmark,"B (point-in-time, the actual test)",not applicable,2022-01-03,2022-10-12,HIG.N,0.0009852216748768,benchmark
2022 inflation shock,1/N Equal Weight,benchmark,"B (point-in-time, the actual test)",not applicable,2022-01-03,2022-10-12,NXPI.OQ,0.0009852216748768,benchmark
2022 inflation shock,1/N Equal Weight,benchmark,"B (point-in-time, the actual test)",not applicable,2022-01-03,2022-10-12,FISV.OQ,0.0009852216748768,benchmark
2022 inflation shock,1/N Equal Weight,benchmark,"B (point-in-time, the actual test)",not applicable,2022-01-03,2022-10-12,EXPD.N,0.0009852216748768,benchmark
2022 inflation shock,1/N Equal Weight,benchmark,"B (point-in-time, the actual test)",not applicable,2022-01-03,2022-10-12,RF.N,0.0009852216748768,benchmark
2022 inflation shock,1/N Equal Weight,benchmark,"B (point-in-time, the actual test)",not applicable,2022-01-03,2022-10-12,AMD.OQ,0.0009852216748768,benchmark
2022 inflation shock,1/N Equal Weight,benchmark,"B (point-in-time, the actual test)",not applicable,2022-01-03,2022-10-12,BMY.N,0.0009852216748768,benchmark
2022 inflation shock,1/N Equal Weight,benchmark,"B (point-in-time, the actual test)",not applicable,2022-01-03,2022-10-12,PRU.N,0.0009852216748768,benchmark
2022 inflation shock,1/N Equal Weight,benchmark,"B (point-in-time, the actual test)",not applicable,2022-01-03,2022-10-12,PPL.N,0.0009852216748768,benchmark
2022 inflation shock,1/N Equal Weight,benchmark,"B (point-in-time, the actual test)",not applicable,2022-01-03,2022-10-12,BKNG.OQ,0.0009852216748768,benchmark
2022 inflation shock,1/N Equal Weight,benchmark,"B (point-in-time, the actual test)",not applicable,2022-01-03,2022-10-12,TEL.N,0.0009852216748768,benchmark
2022 inflation shock,1/N Equal Weight,benchmark,"B (point-in-time, the actual test)",not applicable,2022-01-03,2022-10-12,META.OQ,0.0009852216748768,benchmark
2022 inflation shock,1/N Equal Weight,benchmark,"B (point-in-time, the actual test)",not applicable,2022-01-03,2022-10-12,APA.OQ,0.0009852216748768,benchmark
2022 inflation shock,1/N Equal Weight,benchmark,"B (point-in-time, the actual test)",not applicable,2022-01-03,2022-10-12,COP.N,0.0009852216748768,benchmark
2022 inflation shock,1/N Equal Weight,benchmark,"B (point-in-time, the actual test)",not applicable,2022-01-03,2022-10-12,DAL.N,0.0009852216748768,benchmark
2022 inflation shock,1/N Equal Weight,benchmark,"B (point-in-time, the actual test)",not applicable,2022-01-03,2022-10-12,ESS.N,0.0009852216748768,benchmark
2022 inflation shock,1/N Equal Weight,benchmark,"B (point-in-time, the actual test)",not applicable,2022-01-03,2022-10-12,DELL.N,0.0009852216748768,benchmark
2022 inflation shock,1/N Equal Weight,benchmark,"B (point-in-time, the actual test)",not applicable,2022-01-03,2022-10-12,WM.N,0.0009852216748768,benchmark
2022 inflation shock,1/N Equal Weight,benchmark,"B (point-in-time, the actual test)",not applicable,2022-01-03,2022-10-12,ED.N,0.0009852216748768,benchmark
2022 inflation shock,1/N Equal Weight,benchmark,"B (point-in-time, the actual test)",not applicable,2022-01-03,2022-10-12,GILD.OQ,0.0009852216748768,benchmark
2022 inflation shock,1/N Equal Weight,benchmark,"B (point-in-time, the actual test)",not applicable,2022-01-03,2022-10-12,LEN.N,0.0009852216748768,benchmark
2022 inflation shock,1/N Equal Weight,benchmark,"B (point-in-time, the actual test)",not applicable,2022-01-03,2022-10-12,LULU.OQ,0.0009852216748768,benchmark
2022 inflation shock,1/N Equal Weight,benchmark,"B (point-in-time, the actual test)",not applicable,2022-01-03,2022-10-12,WAT.N,0.0009852216748768,benchmark
2022 inflation shock,1/N Equal Weight,benchmark,"B (point-in-time, the actual test)",not applicable,2022-01-03,2022-10-12,JNJ.N,0.0009852216748768,benchmark
2022 inflation shock,1/N Equal Weight,benchmark,"B (point-in-time, the actual test)",not applicable,2022-01-03,2022-10-12,SWKS.OQ,0.0009852216748768,benchmark
2022 inflation shock,1/N Equal Weight,benchmark,"B (point-in-time, the actual test)",not applicable,2022-01-03,2022-10-12,DOV.N,0.0009852216748768,benchmark
2022 inflation shock,1/N Equal Weight,benchmark,"B (point-in-time, the actual test)",not applicable,2022-01-03,2022-10-12,NKE.N,0.0009852216748768,benchmark
2022 inflation shock,1/N Equal Weight,benchmark,"B (point-in-time, the actual test)",not applicable,2022-01-03,2022-10-12,DD.N,0.0009852216748768,benchmark
2022 inflation shock,1/N Equal Weight,benchmark,"B (point-in-time, the actual test)",not applicable,2022-01-03,2022-10-12,DVA.N,0.0009852216748768,benchmark
2022 inflation shock,1/N Equal Weight,benchmark,"B (point-in-time, the actual test)",not applicable,2022-01-03,2022-10-12,DLR.N,0.0009852216748768,benchmark
2022 inflation shock,1/N Equal Weight,benchmark,"B (point-in-time, the actual test)",not applicable,2022-01-03,2022-10-12,HAL.N,0.0009852216748768,benchmark
2022 inflation shock,1/N Equal Weight,benchmark,"B (point-in-time, the actual test)",not applicable,2022-01-03,2022-10-12,TPR.N,0.0009852216748768,benchmark
2022 inflation shock,1/N Equal Weight,benchmark,"B (point-in-time, the actual test)",not applicable,2022-01-03,2022-10-12,TER.OQ,0.0009852216748768,benchmark
2022 inflation shock,1/N Equal Weight,benchmark,"B (point-in-time, the actual test)",not applicable,2022-01-03,2022-10-12,APTV.N,0.0009852216748768,benchmark
2022 inflation shock,1/N Equal Weight,benchmark,"B (point-in-time, the actual test)",not applicable,2022-01-03,2022-10-12,AON.N,0.0009852216748768,benchmark
2022 inflation shock,1/N Equal Weight,benchmark,"B (point-in-time, the actual test)",not applicable,2022-01-03,2022-10-12,CRM.N,0.0009852216748768,benchmark
2022 inflation shock,1/N Equal Weight,benchmark,"B (point-in-time, the actual test)",not applicable,2022-01-03,2022-10-12,LRCX.OQ,0.0009852216748768,benchmark
2022 inflation shock,1/N Equal Weight,benchmark,"B (point-in-time, the actual test)",not applicable,2022-01-03,2022-10-12,EME.N,0.0009852216748768,benchmark
2022 inflation shock,1/N Equal Weight,benchmark,"B (point-in-time, the actual test)",not applicable,2022-01-03,2022-10-12,JBHT.OQ,0.0009852216748768,benchmark
2022 inflation shock,1/N Equal Weight,benchmark,"B (point-in-time, the actual test)",not applicable,2022-01-03,2022-10-12,ITW.N,0.0009852216748768,benchmark
2022 inflation shock,1/N Equal Weight,benchmark,"B (point-in-time, the actual test)",not applicable,2022-01-03,2022-10-12,J.N,0.0009852216748768,benchmark
2022 inflation shock,1/N Equal Weight,benchmark,"B (point-in-time, the actual test)",not applicable,2022-01-03,2022-10-12,XEL.OQ,0.0009852216748768,benchmark
2022 inflation shock,1/N Equal Weight,benchmark,"B (point-in-time, the actual test)",not applicable,2022-01-03,2022-10-12,APH.N,0.0009852216748768,benchmark
2022 inflation shock,1/N Equal Weight,benchmark,"B (point-in-time, the actual test)",not applicable,2022-01-03,2022-10-12,STT.N,0.0009852216748768,benchmark
2022 inflation shock,1/N Equal Weight,benchmark,"B (point-in-time, the actual test)",not applicable,2022-01-03,2022-10-12,ZTS.N,0.0009852216748768,benchmark
2022 inflation shock,1/N Equal Weight,benchmark,"B (point-in-time, the actual test)",not applicable,2022-01-03,2022-10-12,SBAC.OQ,0.0009852216748768,benchmark
2022 inflation shock,1/N Equal Weight,benchmark,"B (point-in-time, the actual test)",not applicable,2022-01-03,2022-10-12,GEN.OQ,0.0009852216748768,benchmark
2022 inflation shock,1/N Equal Weight,benchmark,"B (point-in-time, the actual test)",not applicable,2022-01-03,2022-10-12,NVDA.OQ,0.0009852216748768,benchmark
2022 inflation shock,1/N Equal Weight,benchmark,"B (point-in-time, the actual test)",not applicable,2022-01-03,2022-10-12,AAPL.OQ,0.0009852216748768,benchmark
2022 inflation shock,1/N Equal Weight,benchmark,"B (point-in-time, the actual test)",not applicable,2022-01-03,2022-10-12,MAS.N,0.0009852216748768,benchmark
2022 inflation shock,1/N Equal Weight,benchmark,"B (point-in-time, the actual test)",not applicable,2022-01-03,2022-10-12,NUE.N,0.0009852216748768,benchmark
2022 inflation shock,1/N Equal Weight,benchmark,"B (point-in-time, the actual test)",not applicable,2022-01-03,2022-10-12,PPG.N,0.0009852216748768,benchmark
2022 inflation shock,1/N Equal Weight,benchmark,"B (point-in-time, the actual test)",not applicable,2022-01-03,2022-10-12,IRM.N,0.0009852216748768,benchmark
2022 inflation shock,1/N Equal Weight,benchmark,"B (point-in-time, the actual test)",not applicable,2022-01-03,2022-10-12,VMC.N,0.0009852216748768,benchmark
2022 inflation shock,1/N Equal Weight,benchmark,"B (point-in-time, the actual test)",not applicable,2022-01-03,2022-10-12,SCHW.N,0.0009852216748768,benchmark
2022 inflation shock,1/N Equal Weight,benchmark,"B (point-in-time, the actual test)",not applicable,2022-01-03,2022-10-12,A.N,0.0009852216748768,benchmark
2022 inflation shock,1/N Equal Weight,benchmark,"B (point-in-time, the actual test)",not applicable,2022-01-03,2022-10-12,SYY.N,0.0009852216748768,benchmark
2022 inflation shock,1/N Equal Weight,benchmark,"B (point-in-time, the actual test)",not applicable,2022-01-03,2022-10-12,ROP.OQ,0.0009852216748768,benchmark
2022 inflation shock,1/N Equal Weight,benchmark,"B (point-in-time, the actual test)",not applicable,2022-01-03,2022-10-12,ON.OQ,0.0009852216748768,benchmark
2022 inflation shock,1/N Equal Weight,benchmark,"B (point-in-time, the actual test)",not applicable,2022-01-03,2022-10-12,SRE.N,0.0009852216748768,benchmark
2022 inflation shock,1/N Equal Weight,benchmark,"B (point-in-time, the actual test)",not applicable,2022-01-03,2022-10-12,PSKY.OQ,0.0009852216748768,benchmark
2022 inflation shock,1/N Equal Weight,benchmark,"B (point-in-time, the actual test)",not applicable,2022-01-03,2022-10-12,PCG.N,0.0009852216748768,benchmark
2022 inflation shock,1/N Equal Weight,benchmark,"B (point-in-time, the actual test)",not applicable,2022-01-03,2022-10-12,KEY.N,0.0009852216748768,benchmark
2022 inflation shock,1/N Equal Weight,benchmark,"B (point-in-time, the actual test)",not applicable,2022-01-03,2022-10-12,MRSH.N,0.0009852216748768,benchmark
2022 inflation shock,1/N Equal Weight,benchmark,"B (point-in-time, the actual test)",not applicable,2022-01-03,2022-10-12,MCD.N,0.0009852216748768,benchmark
2022 inflation shock,1/N Equal Weight,benchmark,"B (point-in-time, the actual test)",not applicable,2022-01-03,2022-10-12,ULTA.OQ,0.0009852216748768,benchmark
2022 inflation shock,1/N Equal Weight,benchmark,"B (point-in-time, the actual test)",not applicable,2022-01-03,2022-10-12,TDG.N,0.0009852216748768,benchmark
2022 inflation shock,1/N Equal Weight,benchmark,"B (point-in-time, the actual test)",not applicable,2022-01-03,2022-10-12,AXP.N,0.0009852216748768,benchmark
2022 inflation shock,1/N Equal Weight,benchmark,"B (point-in-time, the actual test)",not applicable,2022-01-03,2022-10-12,MOS.N,0.0009852216748768,benchmark
2022 inflation shock,1/N Equal Weight,benchmark,"B (point-in-time, the actual test)",not applicable,2022-01-03,2022-10-12,AVGO.OQ,0.0009852216748768,benchmark
2022 inflation shock,1/N Equal Weight,benchmark,"B (point-in-time, the actual test)",not applicable,2022-01-03,2022-10-12,CAT.N,0.0009852216748768,benchmark
2022 inflation shock,1/N Equal Weight,benchmark,"B (point-in-time, the actual test)",not applicable,2022-01-03,2022-10-12,UNH.N,0.0009852216748768,benchmark
2022 inflation shock,1/N Equal Weight,benchmark,"B (point-in-time, the actual test)",not applicable,2022-01-03,2022-10-12,NWS.OQ,0.0009852216748768,benchmark
2022 inflation shock,1/N Equal Weight,benchmark,"B (point-in-time, the actual test)",not applicable,2022-01-03,2022-10-12,WMB.N,0.0009852216748768,benchmark
2022 inflation shock,1/N Equal Weight,benchmark,"B (point-in-time, the actual test)",not applicable,2022-01-03,2022-10-12,MAA.N,0.0009852216748768,benchmark
2022 inflation shock,1/N Equal Weight,benchmark,"B (point-in-time, the actual test)",not applicable,2022-01-03,2022-10-12,GDDY.N,0.0009852216748768,benchmark
2022 inflation shock,1/N Equal Weight,benchmark,"B (point-in-time, the actual test)",not applicable,2022-01-03,2022-10-12,GL.N,0.0009852216748768,benchmark
2022 inflation shock,1/N Equal Weight,benchmark,"B (point-in-time, the actual test)",not applicable,2022-01-03,2022-10-12,SPGI.N,0.0009852216748768,benchmark
2022 inflation shock,1/N Equal Weight,benchmark,"B (point-in-time, the actual test)",not applicable,2022-01-03,2022-10-12,CHTR.OQ,0.0009852216748768,benchmark
2022 inflation shock,1/N Equal Weight,benchmark,"B (point-in-time, the actual test)",not applicable,2022-01-03,2022-10-12,WYNN.OQ,0.0009852216748768,benchmark
2022 inflation shock,1/N Equal Weight,benchmark,"B (point-in-time, the actual test)",not applicable,2022-01-03,2022-10-12,HD.N,0.0009852216748768,benchmark
2022 inflation shock,1/N Equal Weight,benchmark,"B (point-in-time, the actual test)",not applicable,2022-01-03,2022-10-12,HSIC.OQ,0.0009852216748768,benchmark
2022 inflation shock,1/N Equal Weight,benchmark,"B (point-in-time, the actual test)",not applicable,2022-01-03,2022-10-12,HSY.N,0.0009852216748768,benchmark
2022 inflation shock,1/N Equal Weight,benchmark,"B (point-in-time, the actual test)",not applicable,2022-01-03,2022-10-12,KMB.OQ,0.0009852216748768,benchmark
2022 inflation shock,1/N Equal Weight,benchmark,"B (point-in-time, the actual test)",not applicable,2022-01-03,2022-10-12,EOG.N,0.0009852216748768,benchmark
2022 inflation shock,1/N Equal Weight,benchmark,"B (point-in-time, the actual test)",not applicable,2022-01-03,2022-10-12,FTNT.OQ,0.0009852216748768,benchmark
2022 inflation shock,1/N Equal Weight,benchmark,"B (point-in-time, the actual test)",not applicable,2022-01-03,2022-10-12,CRL.N,0.0009852216748768,benchmark
2022 inflation shock,1/N Equal Weight,benchmark,"B (point-in-time, the actual test)",not applicable,2022-01-03,2022-10-12,ZBH.N,0.0009852216748768,benchmark
2022 inflation shock,1/N Equal Weight,benchmark,"B (point-in-time, the actual test)",not applicable,2022-01-03,2022-10-12,LYV.N,0.0009852216748768,benchmark
2022 inflation shock,1/N Equal Weight,benchmark,"B (point-in-time, the actual test)",not applicable,2022-01-03,2022-10-12,POOL.OQ,0.0009852216748768,benchmark
2022 inflation shock,1/N Equal Weight,benchmark,"B (point-in-time, the actual test)",not applicable,2022-01-03,2022-10-12,BNY.N,0.0009852216748768,benchmark
2022 inflation shock,1/N Equal Weight,benchmark,"B (point-in-time, the actual test)",not applicable,2022-01-03,2022-10-12,ATO.N,0.0009852216748768,benchmark
2022 inflation shock,1/N Equal Weight,benchmark,"B (point-in-time, the actual test)",not applicable,2022-01-03,2022-10-12,VRTX.OQ,0.0009852216748768,benchmark
2022 inflation shock,1/N Equal Weight,benchmark,"B (point-in-time, the actual test)",not applicable,2022-01-03,2022-10-12,D.N,0.0009852216748768,benchmark
2022 inflation shock,1/N Equal Weight,benchmark,"B (point-in-time, the actual test)",not applicable,2022-01-03,2022-10-12,HRL.N,0.0009852216748768,benchmark
2022 inflation shock,1/N Equal Weight,benchmark,"B (point-in-time, the actual test)",not applicable,2022-01-03,2022-10-12,BBY.N,0.0009852216748768,benchmark
2022 inflation shock,1/N Equal Weight,benchmark,"B (point-in-time, the actual test)",not applicable,2022-01-03,2022-10-12,IT.N,0.0009852216748768,benchmark
2022 inflation shock,1/N Equal Weight,benchmark,"B (point-in-time, the actual test)",not applicable,2022-01-03,2022-10-12,WRB.N,0.0009852216748768,benchmark
2022 inflation shock,1/N Equal Weight,benchmark,"B (point-in-time, the actual test)",not applicable,2022-01-03,2022-10-12,WTW.OQ,0.0009852216748768,benchmark
2022 inflation shock,1/N Equal Weight,benchmark,"B (point-in-time, the actual test)",not applicable,2022-01-03,2022-10-12,PNR.N,0.0009852216748768,benchmark
