profile,date,indexed_wealth
Risk Averse,2018-04-02,1.0
Risk Averse,2018-04-03,1.0014149737743838
Risk Averse,2018-04-04,1.0049477915830811
Risk Averse,2018-04-05,1.0102402979241478
Risk Averse,2018-04-06,0.9986137396066405
Risk Averse,2018-04-09,1.001404004585178
Risk Averse,2018-04-10,1.0062173808133619
Risk Averse,2018-04-11,1.0051957198585717
Risk Averse,2018-04-12,1.0038610094894926
Risk Averse,2018-04-13,1.0037930977829121
Risk Averse,2018-04-16,1.0144374718830502
Risk Averse,2018-04-17,1.0185661457083763
Risk Averse,2018-04-18,1.0156548703757413
Risk Averse,2018-04-19,1.0139182191182414
Risk Averse,2018-04-20,1.0072295427817968
Risk Averse,2018-04-23,1.007659959850429
Risk Averse,2018-04-24,0.9975877726782596
Risk Averse,2018-04-25,0.9941206276934473
Risk Averse,2018-04-26,1.007367224301889
Risk Averse,2018-04-27,1.0031073631040297
Risk Averse,2018-04-30,1.00169558014407
Risk Averse,2018-05-01,0.9999067863026144
Risk Averse,2018-05-02,0.9969042799329112
Risk Averse,2018-05-03,0.9956634911113219
Risk Averse,2018-05-04,0.994952413644344
Risk Averse,2018-05-07,0.9945365439811189
Risk Averse,2018-05-08,0.990408355959541
Risk Averse,2018-05-09,0.9931951553526549
Risk Averse,2018-05-10,0.9984149909044963
Risk Averse,2018-05-11,1.0031907198146832
Risk Averse,2018-05-14,1.0045678216705687
Risk Averse,2018-05-15,0.9974778804179245
Risk Averse,2018-05-16,0.998774837688552
Risk Averse,2018-05-17,0.9990745348246081
Risk Averse,2018-05-18,0.9968028645630804
Risk Averse,2018-05-21,1.0021288072793884
Risk Averse,2018-05-22,0.9989096542291229
Risk Averse,2018-05-23,0.9994649874417391
Risk Averse,2018-05-24,0.9997334526504487
Risk Averse,2018-05-25,1.0000609463287642
Risk Averse,2018-05-28,1.0001662475780495
Risk Averse,2018-05-29,0.9926338203522094
Risk Averse,2018-05-30,0.9991439910171481
Risk Averse,2018-05-31,0.9924502512515598
Risk Averse,2018-06-01,0.9950245142150643
Risk Averse,2018-06-04,1.000488129067697
Risk Averse,2018-06-05,1.0009753898033307
Risk Averse,2018-06-06,1.0008421379408325
Risk Averse,2018-06-07,1.007842197148286
Risk Averse,2018-06-08,1.0081159501711787
Risk Averse,2018-06-11,1.009944747299274
Risk Averse,2018-06-12,1.0147781491930523
Risk Averse,2018-06-13,1.0108648847759802
Risk Averse,2018-06-14,1.0105414494940648
Risk Averse,2018-06-15,1.0068417286200426
Risk Averse,2018-06-18,1.0035157760419209
Risk Averse,2018-06-19,1.0016391803023748
Risk Averse,2018-06-20,1.0027485210992655
Risk Averse,2018-06-21,1.000051393353225
Risk Averse,2018-06-22,1.0090175185815433
Risk Averse,2018-06-25,1.0089340036214045
Risk Averse,2018-06-26,1.0079283939425319
Risk Averse,2018-06-27,1.0049394874316404
Risk Averse,2018-06-28,0.999906216382436
Risk Averse,2018-06-29,1.0079579645819932
Risk Averse,2018-07-02,1.0076865167958469
Risk Averse,2018-07-03,1.010170660785604
Risk Averse,2018-07-04,1.0107333086733703
Risk Averse,2018-07-05,1.0180396254868807
Risk Averse,2018-07-06,1.018828513336983
Risk Averse,2018-07-09,1.0208777213829145
Risk Averse,2018-07-10,1.184913509930587
Risk Averse,2018-07-11,1.199698545181725
Risk Averse,2018-07-12,1.2121605789159502
Risk Averse,2018-07-13,1.205281597611545
Risk Averse,2018-07-16,1.2116336047778247
Risk Averse,2018-07-17,1.2164884701032666
Risk Averse,2018-07-18,1.2121815893179282
Risk Averse,2018-07-19,1.2058629761802206
Risk Averse,2018-07-20,1.2091678659557172
Risk Averse,2018-07-23,1.2075981905941435
Risk Averse,2018-07-24,1.2090668885483544
Risk Averse,2018-07-25,1.2122252583548034
Risk Averse,2018-07-26,1.2176756877189476
Risk Averse,2018-07-27,1.2132500413205516
Risk Averse,2018-07-30,1.2112918900654972
Risk Averse,2018-07-31,1.2177869095839766
Risk Averse,2018-08-01,1.2176888466421887
Risk Averse,2018-08-02,1.2173435078877752
Risk Averse,2018-08-03,1.2208010431336507
Risk Averse,2018-08-06,1.2208822424546684
Risk Averse,2018-08-07,1.2251763384171654
Risk Averse,2018-08-08,1.2174051463606763
Risk Averse,2018-08-09,1.220478372321769
Risk Averse,2018-08-10,1.2125617991580635
Risk Averse,2018-08-13,1.2078824751425519
Risk Averse,2018-08-14,1.2115705395069958
Risk Averse,2018-08-15,1.207399923107115
Risk Averse,2018-08-16,1.2181136589366417
Risk Averse,2018-08-17,1.2214280428879831
Risk Averse,2018-08-20,1.2217664675951387
Risk Averse,2018-08-21,1.2222419413849401
Risk Averse,2018-08-22,1.2251239470006716
Risk Averse,2018-08-23,1.2269243784418842
Risk Averse,2018-08-24,1.2330321545116965
Risk Averse,2018-08-27,1.229464595387108
Risk Averse,2018-08-28,1.229893674265414
Risk Averse,2018-08-29,1.2295829643898881
Risk Averse,2018-08-30,1.230730493960656
Risk Averse,2018-08-31,1.2288964882134112
Risk Averse,2018-09-03,1.2277869245916848
Risk Averse,2018-09-04,1.2234851889085485
Risk Averse,2018-09-05,1.2287700147696388
Risk Averse,2018-09-06,1.2348436606974365
Risk Averse,2018-09-07,1.2281740293220023
Risk Averse,2018-09-10,1.2274102189628417
Risk Averse,2018-09-11,1.2290893904387141
Risk Averse,2018-09-12,1.2384573320526515
Risk Averse,2018-09-13,1.2443673316248822
Risk Averse,2018-09-14,1.2498007528774298
Risk Averse,2018-09-17,1.2441467293654782
Risk Averse,2018-09-18,1.2473000905080551
Risk Averse,2018-09-19,1.236881807000018
Risk Averse,2018-09-20,1.2410833525443035
Risk Averse,2018-09-21,1.247057824352645
Risk Averse,2018-09-24,1.2373713685843686
Risk Averse,2018-09-25,1.230977114903921
Risk Averse,2018-09-26,1.2269765933354249
Risk Averse,2018-09-27,1.2230842255643086
Risk Averse,2018-09-28,1.2206457214627777
Risk Averse,2018-10-01,1.2191207756900806
Risk Averse,2018-10-02,1.2213594953698033
Risk Averse,2018-10-03,1.2165829494531044
Risk Averse,2018-10-04,1.210347007956839
Risk Averse,2018-10-05,1.211299215988294
Risk Averse,2018-10-08,1.2123670401678526
Risk Averse,2018-10-09,1.211199244953325
Risk Averse,2018-10-10,1.1941323377732171
Risk Averse,2018-10-11,1.174948403228533
Risk Averse,2018-10-12,1.1757564448726825
Risk Averse,2018-10-15,1.1773286273997245
Risk Averse,2018-10-16,1.195128475030767
Risk Averse,2018-10-17,1.1921769174756622
Risk Averse,2018-10-18,1.191585893244068
Risk Averse,2018-10-19,1.199203912383436
Risk Averse,2018-10-22,1.190088189239589
Risk Averse,2018-10-23,1.180866850985646
Risk Averse,2018-10-24,1.174759114500612
Risk Averse,2018-10-25,1.1725968954896813
Risk Averse,2018-10-26,1.163042294748516
Risk Averse,2018-10-29,1.1756808259450668
Risk Averse,2018-10-30,1.1911785614135784
Risk Averse,2018-10-31,1.192992113349399
Risk Averse,2018-11-01,1.1960921592932579
Risk Averse,2018-11-02,1.200109994623327
Risk Averse,2018-11-05,1.2033892759974734
Risk Averse,2018-11-06,1.2126348504864817
Risk Averse,2018-11-07,1.2266313979366712
Risk Averse,2018-11-08,1.2181681755755358
Risk Averse,2018-11-09,1.2193220511676024
Risk Averse,2018-11-12,1.2088294906151258
Risk Averse,2018-11-13,1.210713511621182
Risk Averse,2018-11-14,1.2111274488113273
Risk Averse,2018-11-15,1.2067659170240737
Risk Averse,2018-11-16,1.212423356360307
Risk Averse,2018-11-19,1.2098428520144133
Risk Averse,2018-11-20,1.202302319080879
Risk Averse,2018-11-21,1.198062924428673
Risk Averse,2018-11-22,1.1970225022215801
Risk Averse,2018-11-23,1.1976888092814777
Risk Averse,2018-11-26,1.2033651689738154
Risk Averse,2018-11-27,1.2083150516023593
Risk Averse,2018-11-28,1.215483675328084
Risk Averse,2018-11-29,1.2230930686160073
Risk Averse,2018-11-30,1.2236386476296917
Risk Averse,2018-12-03,1.2269077110170892
Risk Averse,2018-12-04,1.2190427778649924
Risk Averse,2018-12-05,1.2141126482059148
Risk Averse,2018-12-06,1.2048284198712644
Risk Averse,2018-12-07,1.2043344959328646
Risk Averse,2018-12-10,1.2033999940074096
Risk Averse,2018-12-11,1.2050174819250281
Risk Averse,2018-12-12,1.2068802615762115
Risk Averse,2018-12-13,1.20899399917306
Risk Averse,2018-12-14,1.1935682894349489
Risk Averse,2018-12-17,1.1748715895827344
Risk Averse,2018-12-18,1.1699063340635105
Risk Averse,2018-12-19,1.1622716221961717
Risk Averse,2018-12-20,1.1508367002003945
Risk Averse,2018-12-21,1.1432496752930414
Risk Averse,2018-12-24,1.1172725889046335
Risk Averse,2018-12-25,1.1172725889046335
Risk Averse,2018-12-26,1.1357529721197557
Risk Averse,2018-12-27,1.1399009609045694
Risk Averse,2018-12-28,1.154219499720293
Risk Averse,2018-12-31,1.1590443305928997
Risk Averse,2019-01-01,1.159044330592899
Risk Averse,2019-01-02,1.1510832486724756
Risk Averse,2019-01-03,1.148436179979125
Risk Averse,2019-01-04,1.1658056917118327
Risk Averse,2019-01-07,1.1702872946843004
Risk Averse,2019-01-08,1.179114463932753
Risk Averse,2019-01-09,1.1800822390202852
Risk Averse,2019-01-10,1.1871272476320818
Risk Averse,2019-01-11,1.1887878687898124
Risk Averse,2019-01-14,1.1770773335269429
Risk Averse,2019-01-15,1.1824109943806629
Risk Averse,2019-01-16,1.1807521729286299
Risk Averse,2019-01-17,1.1868016495676978
Risk Averse,2019-01-18,1.1937288978279599
Risk Averse,2019-01-21,1.1900803947378518
Risk Averse,2019-01-22,1.187643904894573
Risk Averse,2019-01-23,1.1938865562719232
Risk Averse,2019-01-24,1.1915094046949322
Risk Averse,2019-01-25,1.1920761831252602
Risk Averse,2019-01-28,1.1936435093925926
Risk Averse,2019-01-29,1.1978191978342716
Risk Averse,2019-01-30,1.2030298604935767
Risk Averse,2019-01-31,1.2107924055591044
Risk Averse,2019-02-01,1.2090375507926274
Risk Averse,2019-02-04,1.2101720016095014
Risk Averse,2019-02-05,1.2147880238364979
Risk Averse,2019-02-06,1.2132597518092636
Risk Averse,2019-02-07,1.2144238738138378
Risk Averse,2019-02-08,1.2148370130270958
Risk Averse,2019-02-11,1.2149713018425428
Risk Averse,2019-02-12,1.2175382506372474
Risk Averse,2019-02-13,1.219546019427425
Risk Averse,2019-02-14,1.2167286513920108
Risk Averse,2019-02-15,1.2234108009534037
Risk Averse,2019-02-18,1.228738054484772
Risk Averse,2019-02-19,1.2290910354766589
Risk Averse,2019-02-20,1.2362419975927756
Risk Averse,2019-02-21,1.2390095848283804
Risk Averse,2019-02-22,1.2371135605899681
Risk Averse,2019-02-25,1.235340689305288
Risk Averse,2019-02-26,1.23479951058906
Risk Averse,2019-02-27,1.2362410971664715
Risk Averse,2019-02-28,1.2405980656873852
Risk Averse,2019-03-01,1.2402634239294898
Risk Averse,2019-03-04,1.238322717575349
Risk Averse,2019-03-05,1.2367606070857493
Risk Averse,2019-03-06,1.231669871892712
Risk Averse,2019-03-07,1.2265022116702824
Risk Averse,2019-03-08,1.2237816930314103
Risk Averse,2019-03-11,1.2312120178694272
Risk Averse,2019-03-12,1.2363542050466767
Risk Averse,2019-03-13,1.2411185279950145
Risk Averse,2019-03-14,1.241437291794001
Risk Averse,2019-03-15,1.24342395304756
Risk Averse,2019-03-18,1.246695163770949
Risk Averse,2019-03-19,1.2443471462488214
Risk Averse,2019-03-20,1.2416572894056361
Risk Averse,2019-03-21,1.252765323951235
Risk Averse,2019-03-22,1.2467574675888888
Risk Averse,2019-03-25,1.2478385749915437
Risk Averse,2019-03-26,1.2507350996848061
Risk Averse,2019-03-27,1.25012943894155
Risk Averse,2019-03-28,1.2484764414174025
Risk Averse,2019-03-29,1.256470062713535
Risk Averse,2019-04-01,1.2586537818561776
Risk Averse,2019-04-02,1.255246354345716
Risk Averse,2019-04-03,1.257820670292219
Risk Averse,2019-04-04,1.256757557041853
Risk Averse,2019-04-05,1.2615644862233288
Risk Averse,2019-04-08,1.2609941022477176
Risk Averse,2019-04-09,1.258074665792562
Risk Averse,2019-04-10,1.2603867607240224
Risk Averse,2019-04-11,1.262375066185074
Risk Averse,2019-04-12,1.2704423364108954
Risk Averse,2019-04-15,1.2738935210673872
Risk Averse,2019-04-16,1.2664143219280848
Risk Averse,2019-04-17,1.263947283722188
Risk Averse,2019-04-18,1.2604896777582173
Risk Averse,2019-04-19,1.2604896777582173
Risk Averse,2019-04-22,1.2575566010969825
Risk Averse,2019-04-23,1.2644947778886422
Risk Averse,2019-04-24,1.2666317881807283
Risk Averse,2019-04-25,1.261371194448311
Risk Averse,2019-04-26,1.2677307676696605
Risk Averse,2019-04-29,1.2664435315350122
Risk Averse,2019-04-30,1.2728448313059688
Risk Averse,2019-05-01,1.2646288811595272
Risk Averse,2019-05-02,1.2649610272312104
Risk Averse,2019-05-03,1.2655522594081434
Risk Averse,2019-05-06,1.2668123251961734
Risk Averse,2019-05-07,1.259687366273754
Risk Averse,2019-05-08,1.257300073933837
Risk Averse,2019-05-09,1.2542057815271022
Risk Averse,2019-05-10,1.2652509107416041
Risk Averse,2019-05-13,1.2605692148583791
Risk Averse,2019-05-14,1.2613868081858493
Risk Averse,2019-05-15,1.264443365339963
Risk Averse,2019-05-16,1.2726597143150518
Risk Averse,2019-05-17,1.2745207337656412
Risk Averse,2019-05-20,1.276448174489555
Risk Averse,2019-05-21,1.281660777867851
Risk Averse,2019-05-22,1.2845104042037274
Risk Averse,2019-05-23,1.2823590309889108
Risk Averse,2019-05-24,1.2877876450194403
Risk Averse,2019-05-27,1.2877754154847878
Risk Averse,2019-05-28,1.2774930681006293
Risk Averse,2019-05-29,1.2688064773551455
Risk Averse,2019-05-30,1.2701184060178001
Risk Averse,2019-05-31,1.272372648780705
Risk Averse,2019-06-03,1.2846259023820363
Risk Averse,2019-06-04,1.291970569727531
Risk Averse,2019-06-05,1.3062464798917506
Risk Averse,2019-06-06,1.3141333948825868
Risk Averse,2019-06-07,1.3188672736612435
Risk Averse,2019-06-10,1.3173153934277169
Risk Averse,2019-06-11,1.3147441802813946
Risk Averse,2019-06-12,1.3212106646973885
Risk Averse,2019-06-13,1.327520131263968
Risk Averse,2019-06-14,1.327287496166963
Risk Averse,2019-06-17,1.3215095648881452
Risk Averse,2019-06-18,1.322549718674148
Risk Averse,2019-06-19,1.328635738254553
Risk Averse,2019-06-20,1.3404325999213944
Risk Averse,2019-06-21,1.3340489702485088
Risk Averse,2019-06-24,1.3408483110672442
Risk Averse,2019-06-25,1.3385527685707774
Risk Averse,2019-06-26,1.3240598661871876
Risk Averse,2019-06-27,1.3285518688049098
Risk Averse,2019-06-28,1.3335023736863039
Risk Averse,2019-07-01,1.3352270004884697
Risk Averse,2019-07-02,1.3431623277663016
Risk Averse,2019-07-03,1.3556689796849628
Risk Averse,2019-07-04,1.3550760975651652
Risk Averse,2019-07-05,1.3512706074516552
Risk Averse,2019-07-08,1.3486155019791284
Risk Averse,2019-07-09,1.3467011291060307
Risk Averse,2019-07-10,1.3501228144367305
Risk Averse,2019-07-11,1.3548047674322559
Risk Averse,2019-07-12,1.354737175637328
Risk Averse,2019-07-15,1.357685977804665
Risk Averse,2019-07-16,1.3520629778392983
Risk Averse,2019-07-17,1.3491036866141108
Risk Averse,2019-07-18,1.3501640356758895
Risk Averse,2019-07-19,1.3489089650972494
Risk Averse,2019-07-22,1.347034713574162
Risk Averse,2019-07-23,1.3468139538995887
Risk Averse,2019-07-24,1.3462191937293775
Risk Averse,2019-07-25,1.3429719715500212
Risk Averse,2019-07-26,1.3475922018406414
Risk Averse,2019-07-29,1.3512857780237688
Risk Averse,2019-07-30,1.3403637172645109
Risk Averse,2019-07-31,1.3349926051010381
Risk Averse,2019-08-01,1.3346737408420606
Risk Averse,2019-08-02,1.3363371769559786
Risk Averse,2019-08-05,1.3193852826813828
Risk Averse,2019-08-06,1.3288132523205265
Risk Averse,2019-08-07,1.3311624400970739
Risk Averse,2019-08-08,1.3469106278781457
Risk Averse,2019-08-09,1.3490429463634779
Risk Averse,2019-08-12,1.3416526649108287
Risk Averse,2019-08-13,1.3491981890407043
Risk Averse,2019-08-14,1.3298852723059307
Risk Averse,2019-08-15,1.3351837108059983
Risk Averse,2019-08-16,1.3454606149255446
Risk Averse,2019-08-19,1.354989514716524
Risk Averse,2019-08-20,1.346226485198797
Risk Averse,2019-08-21,1.3579541468012892
Risk Averse,2019-08-22,1.3572440054470696
Risk Averse,2019-08-23,1.3484732438600475
Risk Averse,2019-08-26,1.357870370996191
Risk Averse,2019-08-27,1.358817227598299
Risk Averse,2019-08-28,1.3572096797154805
Risk Averse,2019-08-29,1.3658906863469635
Risk Averse,2019-08-30,1.3653050924865815
Risk Averse,2019-09-02,1.36434634701723
Risk Averse,2019-09-03,1.3667629125876217
Risk Averse,2019-09-04,1.3799316075286139
Risk Averse,2019-09-05,1.3771195785937371
Risk Averse,2019-09-06,1.373245936780196
Risk Averse,2019-09-09,1.3706570083651877
Risk Averse,2019-09-10,1.3632645722475534
Risk Averse,2019-09-11,1.3647383738957426
Risk Averse,2019-09-12,1.3667607755479148
Risk Averse,2019-09-13,1.3661933765007817
Risk Averse,2019-09-16,1.3609226165337767
Risk Averse,2019-09-17,1.3705702993844866
Risk Averse,2019-09-18,1.376850569281781
Risk Averse,2019-09-19,1.3823997797888734
Risk Averse,2019-09-20,1.3813108165563204
Risk Averse,2019-09-23,1.3790167556224104
Risk Averse,2019-09-24,1.3822249226775436
Risk Averse,2019-09-25,1.3785430022290983
Risk Averse,2019-09-26,1.3811904622393276
Risk Averse,2019-09-27,1.376065118661377
Risk Averse,2019-09-30,1.3758749727538284
Risk Averse,2019-10-01,1.3682995750393052
Risk Averse,2019-10-02,1.3509210068647144
Risk Averse,2019-10-03,1.3547790029119002
Risk Averse,2019-10-04,1.371085507584032
Risk Averse,2019-10-07,1.371449359630868
Risk Averse,2019-10-08,1.3605504735719383
Risk Averse,2019-10-09,1.3604897858847673
Risk Averse,2019-10-10,1.3645790269532176
Risk Averse,2019-10-11,1.377050597462738
Risk Averse,2019-10-14,1.374726108752397
Risk Averse,2019-10-15,1.3760078718293802
Risk Averse,2019-10-16,1.3747282329896167
Risk Averse,2019-10-17,1.3815724440160273
Risk Averse,2019-10-18,1.3847973441331551
Risk Averse,2019-10-21,1.3900689882023407
Risk Averse,2019-10-22,1.39078138464724
Risk Averse,2019-10-23,1.3876069145787966
Risk Averse,2019-10-24,1.3917331509220692
Risk Averse,2019-10-25,1.3850128252884433
Risk Averse,2019-10-28,1.3827622893476166
Risk Averse,2019-10-29,1.385312017685955
Risk Averse,2019-10-30,1.3887476141710444
Risk Averse,2019-10-31,1.3912854599706446
Risk Averse,2019-11-01,1.3902040967953817
Risk Averse,2019-11-04,1.3886272614024102
Risk Averse,2019-11-05,1.3816329375669578
Risk Averse,2019-11-06,1.3847301512311068
Risk Averse,2019-11-07,1.3824715498642384
Risk Averse,2019-11-08,1.3835810149833556
Risk Averse,2019-11-11,1.3848218219804755
Risk Averse,2019-11-12,1.3888167662431747
Risk Averse,2019-11-13,1.3966513526328874
Risk Averse,2019-11-14,1.3984891114372175
Risk Averse,2019-11-15,1.4061931197545954
Risk Averse,2019-11-18,1.4123848769318674
Risk Averse,2019-11-19,1.4133285745555881
Risk Averse,2019-11-20,1.4109207969880988
Risk Averse,2019-11-21,1.4075607436703987
Risk Averse,2019-11-22,1.4089417594875584
Risk Averse,2019-11-25,1.4094931967427708
Risk Averse,2019-11-26,1.412673107347475
Risk Averse,2019-11-27,1.4140190160732322
Risk Averse,2019-11-28,1.4149446521962536
Risk Averse,2019-11-29,1.4103707764942568
Risk Averse,2019-12-02,1.4050322840291767
Risk Averse,2019-12-03,1.4063338316973826
Risk Averse,2019-12-04,1.4165196407426468
Risk Averse,2019-12-05,1.4200708726539757
Risk Averse,2019-12-06,1.4267167630395972
Risk Averse,2019-12-09,1.422215745618374
Risk Averse,2019-12-10,1.4179322887568364
Risk Averse,2019-12-11,1.4177383061814437
Risk Averse,2019-12-12,1.4184733949383248
Risk Averse,2019-12-13,1.4277806881220285
Risk Averse,2019-12-16,1.4377267474326938
Risk Averse,2019-12-17,1.435205895369997
Risk Averse,2019-12-18,1.4344586423762637
Risk Averse,2019-12-19,1.4389592592390439
Risk Averse,2019-12-20,1.4465917589080295
Risk Averse,2019-12-23,1.443627882019563
Risk Averse,2019-12-24,1.4479553202102244
Risk Averse,2019-12-25,1.4479553202102244
Risk Averse,2019-12-26,1.4507767452182216
Risk Averse,2019-12-27,1.4603474133475163
Risk Averse,2019-12-30,1.4598633138430193
Risk Averse,2019-12-31,1.4658555638197162
Risk Averse,2020-01-01,1.4658555638197162
Risk Averse,2020-01-02,1.461434990092102
Risk Averse,2020-01-03,1.4635625980188496
Risk Averse,2020-01-06,1.4656962442121992
Risk Averse,2020-01-07,1.4657213476126079
Risk Averse,2020-01-08,1.4639939989504869
Risk Averse,2020-01-09,1.4682332698454732
Risk Averse,2020-01-10,1.47079581774184
Risk Averse,2020-01-13,1.4798674244052534
Risk Averse,2020-01-14,1.4850014110341019
Risk Averse,2020-01-15,1.491011707773359
Risk Averse,2020-01-16,1.5018862778284554
Risk Averse,2020-01-17,1.5065126295189846
Risk Averse,2020-01-20,1.5065368107251318
Risk Averse,2020-01-21,1.5137296678560417
Risk Averse,2020-01-22,1.5159855285337762
Risk Averse,2020-01-23,1.5208420664445803
Risk Averse,2020-01-24,1.523882845847273
Risk Averse,2020-01-27,1.5121079973126845
Risk Averse,2020-01-28,1.5149350866552962
Risk Averse,2020-01-29,1.5163584197589475
Risk Averse,2020-01-30,1.5226078288881066
Risk Averse,2020-01-31,1.5178773474360514
Risk Averse,2020-02-03,1.5185136122206853
Risk Averse,2020-02-04,1.5180349235267587
Risk Averse,2020-02-05,1.5311353132962433
Risk Averse,2020-02-06,1.5358108736008949
Risk Averse,2020-02-07,1.5291379184378342
Risk Averse,2020-02-10,1.5347825423730128
Risk Averse,2020-02-11,1.5350291874796582
Risk Averse,2020-02-12,1.5368299795273968
Risk Averse,2020-02-13,1.5441069867709702
Risk Averse,2020-02-14,1.5512876418608412
Risk Averse,2020-02-17,1.553210601369617
Risk Averse,2020-02-18,1.5561321259733696
Risk Averse,2020-02-19,1.5513572154863897
Risk Averse,2020-02-20,1.551361076027633
Risk Averse,2020-02-21,1.553281290396643
Risk Averse,2020-02-24,1.52871558943316
Risk Averse,2020-02-25,1.5022625020221527
Risk Averse,2020-02-26,1.4996991506575978
Risk Averse,2020-02-27,1.444139206891347
Risk Averse,2020-02-28,1.4016990951418289
Risk Averse,2020-03-02,1.4543521129281995
Risk Averse,2020-03-03,1.4621185601419602
Risk Averse,2020-03-04,1.5026917156540776
Risk Averse,2020-03-05,1.482793534040037
Risk Averse,2020-03-06,1.468669801466292
Risk Averse,2020-03-09,1.3877923482977537
Risk Averse,2020-03-10,1.3937364677724229
Risk Averse,2020-03-11,1.3410737453752433
Risk Averse,2020-03-12,1.2137803403696799
Risk Averse,2020-03-13,1.2334296495584003
Risk Averse,2020-03-16,1.1341681157731978
Risk Averse,2020-03-17,1.1748653229814248
Risk Averse,2020-03-18,1.1161980167005814
Risk Averse,2020-03-19,1.1133605563330387
Risk Averse,2020-03-20,1.076499265288518
Risk Averse,2020-03-23,1.0323841064889325
Risk Averse,2020-03-24,1.12621067641412
Risk Averse,2020-03-25,1.1619134872534824
Risk Averse,2020-03-26,1.227176995420707
Risk Averse,2020-03-27,1.210225389619201
Risk Averse,2020-03-30,1.2387929399245785
Risk Averse,2020-03-31,1.2312673035099029
Risk Averse,2020-04-01,1.2202740751217631
Risk Averse,2020-04-02,1.219711416098109
Risk Averse,2020-04-03,1.2119978862850769
Risk Averse,2020-04-06,1.2394094893256593
Risk Averse,2020-04-07,1.242622503433662
Risk Averse,2020-04-08,1.2514973034862182
Risk Averse,2020-04-09,1.2748357326600308
Risk Averse,2020-04-10,1.2748357326600308
Risk Averse,2020-04-13,1.2748938183539966
Risk Averse,2020-04-14,1.3050050609428194
Risk Averse,2020-04-15,1.2839313825185712
Risk Averse,2020-04-16,1.2983655634829296
Risk Averse,2020-04-17,1.3111024019377053
Risk Averse,2020-04-20,1.3087739086909354
Risk Averse,2020-04-21,1.2911217513456807
Risk Averse,2020-04-22,1.3111830587589
Risk Averse,2020-04-23,1.306374609121606
Risk Averse,2020-04-24,1.3086886607582227
Risk Averse,2020-04-27,1.321662648790683
Risk Averse,2020-04-28,1.3246516510478918
Risk Averse,2020-04-29,1.3234158610416216
Risk Averse,2020-04-30,1.3091269262791234
Risk Averse,2020-05-01,1.3081137551850461
Risk Averse,2020-05-04,1.3086213254974572
Risk Averse,2020-05-05,1.315204628540378
Risk Averse,2020-05-06,1.3025223473501126
Risk Averse,2020-05-07,1.315388160677979
Risk Averse,2020-05-08,1.3373395823645648
Risk Averse,2020-05-11,1.3317446010157086
Risk Averse,2020-05-12,1.32567308517295
Risk Averse,2020-05-13,1.320736242961268
Risk Averse,2020-05-14,1.3021929758349702
Risk Averse,2020-05-15,1.3097710939115925
Risk Averse,2020-05-18,1.327943734898994
Risk Averse,2020-05-19,1.3289476872184174
Risk Averse,2020-05-20,1.3353429395551444
Risk Averse,2020-05-21,1.3282548659617468
Risk Averse,2020-05-22,1.3209130502709314
Risk Averse,2020-05-25,1.329147127923628
Risk Averse,2020-05-26,1.3318721072214441
Risk Averse,2020-05-27,1.3356075852083984
Risk Averse,2020-05-28,1.3509415157029183
Risk Averse,2020-05-29,1.3675773600544354
Risk Averse,2020-06-01,1.3712349899126501
Risk Averse,2020-06-02,1.386425930675743
Risk Averse,2020-06-03,1.3845356744900277
Risk Averse,2020-06-04,1.3845284241165303
Risk Averse,2020-06-05,1.3834229738856403
Risk Averse,2020-06-08,1.3867117602701908
Risk Averse,2020-06-09,1.386467912577462
Risk Averse,2020-06-10,1.3944955346025003
Risk Averse,2020-06-11,1.36327862249463
Risk Averse,2020-06-12,1.35439572757054
Risk Averse,2020-06-15,1.3533006087504063
Risk Averse,2020-06-16,1.3709506130665066
Risk Averse,2020-06-17,1.3727198657214228
Risk Averse,2020-06-18,1.3707935177407549
Risk Averse,2020-06-19,1.3743140724492058
Risk Averse,2020-06-22,1.3720819090310774
Risk Averse,2020-06-23,1.3746517805873668
Risk Averse,2020-06-24,1.360692674958704
Risk Averse,2020-06-25,1.3555590685414665
Risk Averse,2020-06-26,1.3507744169307103
Risk Averse,2020-06-29,1.3677779363704499
Risk Averse,2020-06-30,1.3692052741037157
Risk Averse,2020-07-01,1.371661282810934
Risk Averse,2020-07-02,1.3825246022829922
Risk Averse,2020-07-03,1.3766225965414263
Risk Averse,2020-07-06,1.3895680007527191
Risk Averse,2020-07-07,1.3861629582563488
Risk Averse,2020-07-08,1.3860653086388124
Risk Averse,2020-07-09,1.3931666755555896
Risk Averse,2020-07-10,1.4003461898534493
Risk Averse,2020-07-13,1.403074289107403
Risk Averse,2020-07-14,1.4170105936850375
Risk Averse,2020-07-15,1.4195569076798351
Risk Averse,2020-07-16,1.419175995702791
Risk Averse,2020-07-17,1.4214386700094737
Risk Averse,2020-07-20,1.4264109606654185
Risk Averse,2020-07-21,1.4261537317435724
Risk Averse,2020-07-22,1.4325019335508553
Risk Averse,2020-07-23,1.431351009069813
Risk Averse,2020-07-24,1.4272092903286018
Risk Averse,2020-07-27,1.4351184009235975
Risk Averse,2020-07-28,1.4404394006408505
Risk Averse,2020-07-29,1.4482140385621267
Risk Averse,2020-07-30,1.435394015887006
Risk Averse,2020-07-31,1.4448153686679184
Risk Averse,2020-08-03,1.4366817688964615
Risk Averse,2020-08-04,1.4492176188876982
Risk Averse,2020-08-05,1.4536712338747704
Risk Averse,2020-08-06,1.4463462680173165
Risk Averse,2020-08-07,1.4509329642265092
Risk Averse,2020-08-10,1.443756260293918
Risk Averse,2020-08-11,1.4386354578862564
Risk Averse,2020-08-12,1.4472665164026826
Risk Averse,2020-08-13,1.4538428135953165
Risk Averse,2020-08-14,1.4575713544151503
Risk Averse,2020-08-17,1.4757592500652188
Risk Averse,2020-08-18,1.4762244107369873
Risk Averse,2020-08-19,1.4767400043521208
Risk Averse,2020-08-20,1.4753889267028084
Risk Averse,2020-08-21,1.4724583894898742
Risk Averse,2020-08-24,1.481330180952014
Risk Averse,2020-08-25,1.4750630984182382
Risk Averse,2020-08-26,1.485348983178167
Risk Averse,2020-08-27,1.482233134446261
Risk Averse,2020-08-28,1.4812990181756438
Risk Averse,2020-08-31,1.4841784538468776
Risk Averse,2020-09-01,1.4859995344434966
Risk Averse,2020-09-02,1.4990792651151803
Risk Averse,2020-09-03,1.4724265019344023
Risk Averse,2020-09-04,1.4519720600270103
Risk Averse,2020-09-07,1.4621279103824665
Risk Averse,2020-09-08,1.4477624362617179
Risk Averse,2020-09-09,1.4712002464772593
Risk Averse,2020-09-10,1.4730280080239617
Risk Averse,2020-09-11,1.4694048521732959
Risk Averse,2020-09-14,1.473266973745965
Risk Averse,2020-09-15,1.4782977349149817
Risk Averse,2020-09-16,1.476147554286309
Risk Averse,2020-09-17,1.471316680782754
Risk Averse,2020-09-18,1.4728227577572428
Risk Averse,2020-09-21,1.458819331649827
Risk Averse,2020-09-22,1.4618045759425111
Risk Averse,2020-09-23,1.4473640930516267
Risk Averse,2020-09-24,1.445104526609558
Risk Averse,2020-09-25,1.4469318454190263
Risk Averse,2020-09-28,1.46049985548529
Risk Averse,2020-09-29,1.4607661087121409
Risk Averse,2020-09-30,1.4633050333716735
Risk Averse,2020-10-01,1.4711393261408678
Risk Averse,2020-10-02,1.4691777361751506
Risk Averse,2020-10-05,1.482409344081098
Risk Averse,2020-10-06,1.47957462091499
Risk Averse,2020-10-07,1.477766759702661
Risk Averse,2020-10-08,1.4764946592464094
Risk Averse,2020-10-09,1.4878315199543015
Risk Averse,2020-10-12,1.4980405919463253
Risk Averse,2020-10-13,1.4980858764418319
Risk Averse,2020-10-14,1.487550997829265
Risk Averse,2020-10-15,1.475583409952251
Risk Averse,2020-10-16,1.472741327276597
Risk Averse,2020-10-19,1.4667718953988833
Risk Averse,2020-10-20,1.4649844724304821
Risk Averse,2020-10-21,1.4554656556935792
Risk Averse,2020-10-22,1.4501339534375859
Risk Averse,2020-10-23,1.4550060059208743
Risk Averse,2020-10-26,1.441536890662103
Risk Averse,2020-10-27,1.4394746860022545
Risk Averse,2020-10-28,1.395329815336801
Risk Averse,2020-10-29,1.4024959486633986
Risk Averse,2020-10-30,1.4029051854050218
Risk Averse,2020-11-02,1.4165824444438024
Risk Averse,2020-11-03,1.434160107725733
Risk Averse,2020-11-04,1.4507198844660902
Risk Averse,2020-11-05,1.4685554495219928
Risk Averse,2020-11-06,1.472123210861169
Risk Averse,2020-11-09,1.4582282333837149
Risk Averse,2020-11-10,1.461253288041059
Risk Averse,2020-11-11,1.4695941204346328
Risk Averse,2020-11-12,1.4702416665515499
Risk Averse,2020-11-13,1.4789550455485125
Risk Averse,2020-11-16,1.4835286539109396
Risk Averse,2020-11-17,1.481413193729457
Risk Averse,2020-11-18,1.478280387028606
Risk Averse,2020-11-19,1.4744900575225113
Risk Averse,2020-11-20,1.475855324227908
Risk Averse,2020-11-23,1.4705670538619469
Risk Averse,2020-11-24,1.4540465134191207
Risk Averse,2020-11-25,1.4557492553037603
Risk Averse,2020-11-26,1.456563138483997
Risk Averse,2020-11-27,1.4613927836345282
Risk Averse,2020-11-30,1.4635251811721657
Risk Averse,2020-12-01,1.462222688508303
Risk Averse,2020-12-02,1.4679062737879507
Risk Averse,2020-12-03,1.4735709556710952
Risk Averse,2020-12-04,1.4742859034023854
Risk Averse,2020-12-07,1.4733076289287865
Risk Averse,2020-12-08,1.481835502740624
Risk Averse,2020-12-09,1.483294144387604
Risk Averse,2020-12-10,1.485043929289969
Risk Averse,2020-12-11,1.4874940873251121
Risk Averse,2020-12-14,1.4892916438107346
Risk Averse,2020-12-15,1.488060396358553
Risk Averse,2020-12-16,1.501031792252308
Risk Averse,2020-12-17,1.5105799926305001
Risk Averse,2020-12-18,1.5129214045622636
Risk Averse,2020-12-21,1.492282852006722
Risk Averse,2020-12-22,1.4986401730424617
Risk Averse,2020-12-23,1.4997961538319053
Risk Averse,2020-12-24,1.5040129380365455
Risk Averse,2020-12-25,1.5040129380365455
Risk Averse,2020-12-28,1.5126990212485607
Risk Averse,2020-12-29,1.5209400757959213
Risk Averse,2020-12-30,1.519275813153586
Risk Averse,2020-12-31,1.522155230520987
Risk Averse,2021-01-01,1.5221552305209867
Risk Averse,2021-01-04,1.5334791094726754
Risk Averse,2021-01-05,1.5239129090488976
Risk Averse,2021-01-06,1.5297324576048583
Risk Averse,2021-01-07,1.5245486867233278
Risk Averse,2021-01-08,1.5262093800803254
Risk Averse,2021-01-11,1.5107807512608737
Risk Averse,2021-01-12,1.5123532154057093
Risk Averse,2021-01-13,1.516135864437948
Risk Averse,2021-01-14,1.5174559919843011
Risk Averse,2021-01-15,1.5182479419850468
Risk Averse,2021-01-18,1.5146002948776776
Risk Averse,2021-01-19,1.5124411277703165
Risk Averse,2021-01-20,1.5135783416655801
Risk Averse,2021-01-21,1.5134625389015917
Risk Averse,2021-01-22,1.513366873564306
Risk Averse,2021-01-25,1.521932144271516
Risk Averse,2021-01-26,1.5297098248503487
Risk Averse,2021-01-27,1.5272090334417894
Risk Averse,2021-01-28,1.5044956714445525
Risk Averse,2021-01-29,1.4930979339043369
Risk Averse,2021-02-01,1.496946365552836
Risk Averse,2021-02-02,1.5069776952311795
Risk Averse,2021-02-03,1.5024773252435035
Risk Averse,2021-02-04,1.4968419517387066
Risk Averse,2021-02-05,1.4996935516206278
Risk Averse,2021-02-08,1.4989961374670124
Risk Averse,2021-02-09,1.5076824710798027
Risk Averse,2021-02-10,1.509973154046795
Risk Averse,2021-02-11,1.510660355404231
Risk Averse,2021-02-12,1.5160811358065494
Risk Averse,2021-02-15,1.5230399057709632
Risk Averse,2021-02-16,1.5180223614976953
Risk Averse,2021-02-17,1.5117076008412627
Risk Averse,2021-02-18,1.5033838922437641
Risk Averse,2021-02-19,1.499900115710259
Risk Averse,2021-02-22,1.4959550023685497
Risk Averse,2021-02-23,1.488893142918004
Risk Averse,2021-02-24,1.4787871076501466
Risk Averse,2021-02-25,1.47379296411584
Risk Averse,2021-02-26,1.4495465903509874
Risk Averse,2021-03-01,1.4538781931515796
Risk Averse,2021-03-02,1.4530811834237847
Risk Averse,2021-03-03,1.4444772486613902
Risk Averse,2021-03-04,1.4435240333285801
Risk Averse,2021-03-05,1.4447320012834948
Risk Averse,2021-03-08,1.449861545622368
Risk Averse,2021-03-09,1.4561735078414038
Risk Averse,2021-03-10,1.4728652731850436
Risk Averse,2021-03-11,1.4753406706570509
Risk Averse,2021-03-12,1.475151703276292
Risk Averse,2021-03-15,1.485260997021443
Risk Averse,2021-03-16,1.4945038999594276
Risk Averse,2021-03-17,1.4904169620653982
Risk Averse,2021-03-18,1.4846607448376208
Risk Averse,2021-03-19,1.4969805376412513
Risk Averse,2021-03-22,1.5056692012056285
Risk Averse,2021-03-23,1.5038299638922685
Risk Averse,2021-03-24,1.4914026823520314
Risk Averse,2021-03-25,1.4975794073208355
Risk Averse,2021-03-26,1.5057250020818582
Risk Averse,2021-03-29,1.518419364312396
Risk Averse,2021-03-30,1.5106882573790672
Risk Averse,2021-03-31,1.4964759394346663
Risk Averse,2021-04-01,1.5062848726919298
Risk Averse,2021-04-02,1.5062848726919298
Risk Averse,2021-04-05,1.5132954558479748
Risk Averse,2021-04-06,1.5226054241386506
Risk Averse,2021-04-07,1.5336697386728744
Risk Averse,2021-04-08,1.53722680304779
Risk Averse,2021-04-09,1.5407627924665843
Risk Averse,2021-04-12,1.5373598337606658
Risk Averse,2021-04-13,1.5397085226539473
Risk Averse,2021-04-14,1.53922030825605
Risk Averse,2021-04-15,1.5454572433268987
Risk Averse,2021-04-16,1.5592511744255937
Risk Averse,2021-04-19,1.5683089478480465
Risk Averse,2021-04-20,1.5701130281613425
Risk Averse,2021-04-21,1.565834664658247
Risk Averse,2021-04-22,1.5640532844001187
Risk Averse,2021-04-23,1.5587894050550648
Risk Averse,2021-04-26,1.5561431756469029
Risk Averse,2021-04-27,1.5506587864268386
Risk Averse,2021-04-28,1.5442352753958342
Risk Averse,2021-04-29,1.5560930953969832
Risk Averse,2021-04-30,1.549598569929641
Risk Averse,2021-05-03,1.5525009436893848
Risk Averse,2021-05-04,1.5515923233601432
Risk Averse,2021-05-05,1.5566564567735446
Risk Averse,2021-05-06,1.56538608484854
Risk Averse,2021-05-07,1.5678535038130692
Risk Averse,2021-05-10,1.584479640730981
Risk Averse,2021-05-11,1.5664751444936813
Risk Averse,2021-05-12,1.558159787428387
Risk Averse,2021-05-13,1.5599126844313267
Risk Averse,2021-05-14,1.5732787567240367
Risk Averse,2021-05-17,1.5821524090377816
Risk Averse,2021-05-18,1.591988286773729
Risk Averse,2021-05-19,1.5796545913107878
Risk Averse,2021-05-20,1.5845661352158251
Risk Averse,2021-05-21,1.5868988899946779
Risk Averse,2021-05-24,1.5894902112641531
Risk Averse,2021-05-25,1.5895247599573803
Risk Averse,2021-05-26,1.5950859273192537
Risk Averse,2021-05-27,1.5878162483643663
Risk Averse,2021-05-28,1.5881891359152958
Risk Averse,2021-05-31,1.592305526936675
Risk Averse,2021-06-01,1.5943343532878163
Risk Averse,2021-06-02,1.598477777880618
Risk Averse,2021-06-03,1.5979222334483254
Risk Averse,2021-06-04,1.5998271231091596
Risk Averse,2021-06-07,1.6084785320546895
Risk Averse,2021-06-08,1.610871197582758
Risk Averse,2021-06-09,1.6128268647613453
Risk Averse,2021-06-10,1.616851594464918
Risk Averse,2021-06-11,1.614851539015674
Risk Averse,2021-06-14,1.612356937245998
Risk Averse,2021-06-15,1.610024893426617
Risk Averse,2021-06-16,1.6063709263532666
Risk Averse,2021-06-17,1.589072227739442
Risk Averse,2021-06-18,1.5737627461918464
Risk Averse,2021-06-21,1.5797540278725501
Risk Averse,2021-06-22,1.5834521075543793
Risk Averse,2021-06-23,1.5783559065478359
Risk Averse,2021-06-24,1.5831981366707744
Risk Averse,2021-06-25,1.5908878933688448
Risk Averse,2021-06-28,1.5863015816864114
Risk Averse,2021-06-29,1.5844031228042932
Risk Averse,2021-06-30,1.5825705936140568
Risk Averse,2021-07-01,1.585377576722545
Risk Averse,2021-07-02,1.5861540388510484
Risk Averse,2021-07-05,1.590669457682925
Risk Averse,2021-07-06,1.5922912316078488
Risk Averse,2021-07-07,1.6081469974916873
Risk Averse,2021-07-08,1.6056994638801598
Risk Averse,2021-07-09,1.6171939209857777
Risk Averse,2021-07-12,1.6239489627288555
Risk Averse,2021-07-13,1.6208378708049047
Risk Averse,2021-07-14,1.6168270526071316
Risk Averse,2021-07-15,1.6160913186499524
Risk Averse,2021-07-16,1.6217392978385732
Risk Averse,2021-07-19,1.6088416685898028
Risk Averse,2021-07-20,1.6062858415542396
Risk Averse,2021-07-21,1.611994984055618
Risk Averse,2021-07-22,1.6257886197726694
Risk Averse,2021-07-23,1.631966980685024
Risk Averse,2021-07-26,1.6365976935839746
Risk Averse,2021-07-27,1.6463592025784701
Risk Averse,2021-07-28,1.6421904457793168
Risk Averse,2021-07-29,1.6522626511338683
Risk Averse,2021-07-30,1.6530676641682738
Risk Averse,2021-08-02,1.6539899482140146
Risk Averse,2021-08-03,1.656377359927673
Risk Averse,2021-08-04,1.6456926281877633
Risk Averse,2021-08-05,1.6450823429084007
Risk Averse,2021-08-06,1.636809832047298
Risk Averse,2021-08-09,1.636884342361753
Risk Averse,2021-08-10,1.630995463492524
Risk Averse,2021-08-11,1.6398192688877653
Risk Averse,2021-08-12,1.6416988229962597
Risk Averse,2021-08-13,1.650613776556341
Risk Averse,2021-08-16,1.658480721044888
Risk Averse,2021-08-17,1.672812135219535
Risk Averse,2021-08-18,1.6634726216294762
Risk Averse,2021-08-19,1.6598565992079015
Risk Averse,2021-08-20,1.6621799661227112
Risk Averse,2021-08-23,1.6650209936086773
Risk Averse,2021-08-24,1.6567970266926062
Risk Averse,2021-08-25,1.6560094339065483
Risk Averse,2021-08-26,1.6508255964893594
Risk Averse,2021-08-27,1.6620757821277365
Risk Averse,2021-08-30,1.6703597181796457
Risk Averse,2021-08-31,1.6677540559354875
Risk Averse,2021-09-01,1.6700764912428407
Risk Averse,2021-09-02,1.6840179708920122
Risk Averse,2021-09-03,1.6792793556003245
Risk Averse,2021-09-06,1.6755618300709976
Risk Averse,2021-09-07,1.664121153851528
Risk Averse,2021-09-08,1.6531698191026678
Risk Averse,2021-09-09,1.6514395437868798
Risk Averse,2021-09-10,1.6371864539166152
Risk Averse,2021-09-13,1.6393972371054526
Risk Averse,2021-09-14,1.6399851622217974
Risk Averse,2021-09-15,1.633883026884593
Risk Averse,2021-09-16,1.6319948368813626
Risk Averse,2021-09-17,1.6262680109911754
Risk Averse,2021-09-20,1.6049635131309752
Risk Averse,2021-09-21,1.6133689045251411
Risk Averse,2021-09-22,1.6146012065114508
Risk Averse,2021-09-23,1.6237977134321553
Risk Averse,2021-09-24,1.6175535894983033
Risk Averse,2021-09-27,1.606629799405903
Risk Averse,2021-09-28,1.581240865031237
Risk Averse,2021-09-29,1.586039056433754
Risk Averse,2021-09-30,1.572972546549239
Risk Averse,2021-10-01,1.574672181820587
Risk Averse,2021-10-04,1.5783612748476172
Risk Averse,2021-10-05,1.5769965449806365
Risk Averse,2021-10-06,1.5721965101804247
Risk Averse,2021-10-07,1.5857564593804567
Risk Averse,2021-10-08,1.5791657371318586
Risk Averse,2021-10-11,1.5842279354067579
Risk Averse,2021-10-12,1.5844189982101042
Risk Averse,2021-10-13,1.585217682120467
Risk Averse,2021-10-14,1.6003956273884228
Risk Averse,2021-10-15,1.6041918770585049
Risk Averse,2021-10-18,1.6055786226281288
Risk Averse,2021-10-19,1.6131103628303665
Risk Averse,2021-10-20,1.6110010268270392
Risk Averse,2021-10-21,1.6175229800811892
Risk Averse,2021-10-22,1.6229827324019772
Risk Averse,2021-10-25,1.622845419946528
Risk Averse,2021-10-26,1.6270899829617353
Risk Averse,2021-10-27,1.6237305895273968
Risk Averse,2021-10-28,1.6263814250231594
Risk Averse,2021-10-29,1.6267067306522798
Risk Averse,2021-11-01,1.6244433233480617
Risk Averse,2021-11-02,1.6256220338275156
Risk Averse,2021-11-03,1.6448475615352072
Risk Averse,2021-11-04,1.6578200413649822
Risk Averse,2021-11-05,1.6420679238924427
Risk Averse,2021-11-08,1.648827991055806
Risk Averse,2021-11-09,1.6507733173792678
Risk Averse,2021-11-10,1.654742875799333
Risk Averse,2021-11-11,1.647974614468613
Risk Averse,2021-11-12,1.656716426302459
Risk Averse,2021-11-15,1.6630984462805716
Risk Averse,2021-11-16,1.6514725172481217
Risk Averse,2021-11-17,1.6448507149041922
Risk Averse,2021-11-18,1.640528175449798
Risk Averse,2021-11-19,1.6362188969736917
Risk Averse,2021-11-22,1.639995709348936
Risk Averse,2021-11-23,1.6228331758391799
Risk Averse,2021-11-24,1.6179523882735474
Risk Averse,2021-11-25,1.6192926570770907
Risk Averse,2021-11-26,1.6204220947937047
Risk Averse,2021-11-29,1.6077404892915197
Risk Averse,2021-11-30,1.5999027381056967
Risk Averse,2021-12-01,1.5876470988107863
Risk Averse,2021-12-02,1.6010052883936299
Risk Averse,2021-12-03,1.5975833098782668
Risk Averse,2021-12-06,1.6111592932074952
Risk Averse,2021-12-07,1.6166538316825034
Risk Averse,2021-12-08,1.6146659109781667
Risk Averse,2021-12-09,1.6155969514929873
Risk Averse,2021-12-10,1.621631523036261
Risk Averse,2021-12-13,1.6241768893864286
Risk Averse,2021-12-14,1.6218113250029398
Risk Averse,2021-12-15,1.625671340249664
Risk Averse,2021-12-16,1.6514425738666365
Risk Averse,2021-12-17,1.6480937270063318
Risk Averse,2021-12-20,1.6391745245213425
Risk Averse,2021-12-21,1.64072601503695
Risk Averse,2021-12-22,1.6510684209455742
Risk Averse,2021-12-23,1.6565345401002958
Risk Averse,2021-12-24,1.6583093297598426
Risk Averse,2021-12-27,1.6697312518778844
Risk Averse,2021-12-28,1.6829442998687993
Risk Averse,2021-12-29,1.682214762298678
Risk Averse,2021-12-30,1.6883049440725397
Risk Averse,2021-12-31,1.6906984885709535
Risk Averse,2022-01-03,1.6946712526934962
Risk Averse,2022-01-04,1.689292744253225
Risk Averse,2022-01-05,1.691577476365073
Risk Averse,2022-01-06,1.6788541616887593
Risk Averse,2022-01-07,1.675075318533196
Risk Averse,2022-01-10,1.6607953697564362
Risk Averse,2022-01-11,1.6638543660996477
Risk Averse,2022-01-12,1.6665042261527905
Risk Averse,2022-01-13,1.673625162511192
Risk Averse,2022-01-14,1.668889367459524
Risk Averse,2022-01-17,1.66896055176241
Risk Averse,2022-01-18,1.6495835421659835
Risk Averse,2022-01-19,1.6530226733743862
Risk Averse,2022-01-20,1.6428978096976579
Risk Averse,2022-01-21,1.6260877592100447
Risk Averse,2022-01-24,1.603504593214258
Risk Averse,2022-01-25,1.595931614176957
Risk Averse,2022-01-26,1.5875293422233863
Risk Averse,2022-01-27,1.580523146617289
Risk Averse,2022-01-28,1.5932874861120556
Risk Averse,2022-01-31,1.6065483809530892
Risk Averse,2022-02-01,1.621738990690568
Risk Averse,2022-02-02,1.6298527099448632
Risk Averse,2022-02-03,1.609526073549822
Risk Averse,2022-02-04,1.5902062216592707
Risk Averse,2022-02-07,1.5917683451148517
Risk Averse,2022-02-08,1.5853307922954338
Risk Averse,2022-02-09,1.6026288933332034
Risk Averse,2022-02-10,1.6013372698178827
Risk Averse,2022-02-11,1.6069147707390645
Risk Averse,2022-02-14,1.5867657366881387
Risk Averse,2022-02-15,1.5996288387954314
Risk Averse,2022-02-16,1.592987443381797
Risk Averse,2022-02-17,1.5998936520191407
Risk Averse,2022-02-18,1.6098970359050795
Risk Averse,2022-02-21,1.6018092037564826
Risk Averse,2022-02-22,1.5937270719553125
Risk Averse,2022-02-23,1.5886897575412418
Risk Averse,2022-02-24,1.557655762698896
Risk Averse,2022-02-25,1.5961102120403121
Risk Averse,2022-02-28,1.60733885725631
Risk Averse,2022-03-01,1.598182971579607
Risk Averse,2022-03-02,1.6035491269074698
Risk Averse,2022-03-03,1.6073304614780808
Risk Averse,2022-03-04,1.588872919460243
Risk Averse,2022-03-07,1.5594308776977246
Risk Averse,2022-03-08,1.52805156030475
Risk Averse,2022-03-09,1.5511110559812666
Risk Averse,2022-03-10,1.557736344435803
Risk Averse,2022-03-11,1.542943403240235
Risk Averse,2022-03-14,1.5474284656868968
Risk Averse,2022-03-15,1.5536315617582457
Risk Averse,2022-03-16,1.5714492334904986
Risk Averse,2022-03-17,1.5888320097052056
Risk Averse,2022-03-18,1.592597008309808
Risk Averse,2022-03-21,1.5997992951618516
Risk Averse,2022-03-22,1.6052178293366115
Risk Averse,2022-03-23,1.5940330045392375
Risk Averse,2022-03-24,1.5984785253014628
Risk Averse,2022-03-25,1.6118427974148133
Risk Averse,2022-03-28,1.6117058601123557
Risk Averse,2022-03-29,1.6258532418833611
Risk Averse,2022-03-30,1.6350408356059567
Risk Averse,2022-03-31,1.6306854190968751
Risk Averse,2022-04-01,1.6401685115275852
Risk Averse,2022-04-04,1.64642676071294
Risk Averse,2022-04-05,1.6535892242807781
Risk Averse,2022-04-06,1.650113544012666
Risk Averse,2022-04-07,1.6571850761762597
Risk Averse,2022-04-08,1.6655344189170413
Risk Averse,2022-04-11,1.671446198653316
Risk Averse,2022-04-12,1.6561033170432449
Risk Averse,2022-04-13,1.6501547448813632
Risk Averse,2022-04-14,1.6564367053132192
Risk Averse,2022-04-15,1.6564367053132192
Risk Averse,2022-04-18,1.6528983518118925
Risk Averse,2022-04-19,1.6452711073007178
Risk Averse,2022-04-20,1.6489512451843982
Risk Averse,2022-04-21,1.6432089261806275
Risk Averse,2022-04-22,1.6104487100425313
Risk Averse,2022-04-25,1.5990818249286274
Risk Averse,2022-04-26,1.572286013099962
Risk Averse,2022-04-27,1.5687452188177982
Risk Averse,2022-04-28,1.5683174864739904
Risk Averse,2022-04-29,1.555097792847917
Risk Averse,2022-05-02,1.550897529482217
Risk Averse,2022-05-03,1.563609809385796
Risk Averse,2022-05-04,1.5623080600034978
Risk Averse,2022-05-05,1.5498810085400876
Risk Averse,2022-05-06,1.5367433556786059
Risk Averse,2022-05-09,1.5098662910332759
Risk Averse,2022-05-10,1.5099370028574892
Risk Averse,2022-05-11,1.5099534443251759
Risk Averse,2022-05-12,1.5016726495637445
Risk Averse,2022-05-13,1.514070835264832
Risk Averse,2022-05-16,1.5173142983104706
Risk Averse,2022-05-17,1.5246618080964545
Risk Averse,2022-05-18,1.4887302443668464
Risk Averse,2022-05-19,1.4787746288463477
Risk Averse,2022-05-20,1.4935817135685143
Risk Averse,2022-05-23,1.5093027791432194
Risk Averse,2022-05-24,1.513412568508518
Risk Averse,2022-05-25,1.5179874544293506
Risk Averse,2022-05-26,1.5284502061519076
Risk Averse,2022-05-27,1.5482920556088162
Risk Averse,2022-05-30,1.551937097312161
Risk Averse,2022-05-31,1.5321726298379346
Risk Averse,2022-06-01,1.5206909875142576
Risk Averse,2022-06-02,1.522044714722592
Risk Averse,2022-06-03,1.5187221614738977
Risk Averse,2022-06-06,1.5235721413743075
Risk Averse,2022-06-07,1.514048583329668
Risk Averse,2022-06-08,1.5101048596612383
Risk Averse,2022-06-09,1.4924973913886037
Risk Averse,2022-06-10,1.4732934451676396
Risk Averse,2022-06-13,1.4369378383059208
Risk Averse,2022-06-14,1.4171353136645362
Risk Averse,2022-06-15,1.4226480399485633
Risk Averse,2022-06-16,1.4002438052034667
Risk Averse,2022-06-17,1.4105432142969219
Risk Averse,2022-06-20,1.4122239652420252
Risk Averse,2022-06-21,1.4277535948386915
Risk Averse,2022-06-22,1.434606038511196
Risk Averse,2022-06-23,1.4429909921450306
Risk Averse,2022-06-24,1.4697960750215873
Risk Averse,2022-06-27,1.4813134778915593
Risk Averse,2022-06-28,1.4790395719797649
Risk Averse,2022-06-29,1.4801217994612332
Risk Averse,2022-06-30,1.4664219939564542
Risk Averse,2022-07-01,1.4782389205467903
Risk Averse,2022-07-04,1.4892121264235896
Risk Averse,2022-07-05,1.4796199114177915
Risk Averse,2022-07-06,1.482377143171954
Risk Averse,2022-07-07,1.4872576102547013
Risk Averse,2022-07-08,1.4829518156927917
Risk Averse,2022-07-11,1.4774090493685055
Risk Averse,2022-07-12,1.471867654786553
Risk Averse,2022-07-13,1.4792041481264462
Risk Averse,2022-07-14,1.4624180732008591
Risk Averse,2022-07-15,1.4836301939568646
Risk Averse,2022-07-18,1.48512188638197
Risk Averse,2022-07-19,1.5010815726220577
Risk Averse,2022-07-20,1.490879362158554
Risk Averse,2022-07-21,1.488450675404214
Risk Averse,2022-07-22,1.4901135750134247
Risk Averse,2022-07-25,1.4880896179027276
Risk Averse,2022-07-26,1.4831814638941543
Risk Averse,2022-07-27,1.4785485889255334
Risk Averse,2022-07-28,1.4885986408666423
Risk Averse,2022-07-29,1.5048473829561002
Risk Averse,2022-08-01,1.5120165569822508
Risk Averse,2022-08-02,1.5056193413967731
Risk Averse,2022-08-03,1.502345411218107
Risk Averse,2022-08-04,1.4954459437117338
Risk Averse,2022-08-05,1.495729037093955
Risk Averse,2022-08-08,1.502892179688687
Risk Averse,2022-08-09,1.5051397692169066
Risk Averse,2022-08-10,1.5242785081441854
Risk Averse,2022-08-11,1.5369767501915146
Risk Averse,2022-08-12,1.5328375082959969
Risk Averse,2022-08-15,1.5380953243795963
Risk Averse,2022-08-16,1.5378358575469349
Risk Averse,2022-08-17,1.5304933904422728
Risk Averse,2022-08-18,1.5299382047458874
Risk Averse,2022-08-19,1.517832205835707
Risk Averse,2022-08-22,1.5072199677210645
Risk Averse,2022-08-23,1.4835323211540308
Risk Averse,2022-08-24,1.4949397903312969
Risk Averse,2022-08-25,1.4971422783949522
Risk Averse,2022-08-26,1.4717976642525503
Risk Averse,2022-08-29,1.460178010868161
Risk Averse,2022-08-30,1.4477893059111888
Risk Averse,2022-08-31,1.4409050327193287
Risk Averse,2022-09-01,1.4292414454895892
Risk Averse,2022-09-02,1.430358257610946
Risk Averse,2022-09-05,1.4220558228755742
Risk Averse,2022-09-06,1.4231491566540972
Risk Averse,2022-09-07,1.422635631274733
Risk Averse,2022-09-08,1.4338333015932563
Risk Averse,2022-09-09,1.4568495863967925
Risk Averse,2022-09-12,1.481619758766017
Risk Averse,2022-09-13,1.4583437926792067
Risk Averse,2022-09-14,1.4329238694032367
Risk Averse,2022-09-15,1.4272000590832963
Risk Averse,2022-09-16,1.414096603512181
Risk Averse,2022-09-19,1.4090350142362627
Risk Averse,2022-09-20,1.384178872474175
Risk Averse,2022-09-21,1.3796919165065042
Risk Averse,2022-09-22,1.3616420179717283
Risk Averse,2022-09-23,1.3409962817862613
Risk Averse,2022-09-26,1.319423466149554
Risk Averse,2022-09-27,1.3114202672253832
Risk Averse,2022-09-28,1.32033909967724
Risk Averse,2022-09-29,1.3151551185792625
Risk Averse,2022-09-30,1.325647222773503
Risk Averse,2022-10-03,1.3366300760590057
Risk Averse,2022-10-04,1.3600789801367155
Risk Averse,2022-10-05,1.3556462221858423
Risk Averse,2022-10-06,1.343240678835248
Risk Averse,2022-10-07,1.3180339582315308
Risk Averse,2022-10-10,1.3087513096640746
Risk Averse,2022-10-11,1.3203275916044448
Risk Averse,2022-10-12,1.31358249165261
Risk Averse,2022-10-13,1.3227984380941598
Risk Averse,2022-10-14,1.3208965909593253
Risk Averse,2022-10-17,1.3381184361715763
Risk Averse,2022-10-18,1.3535705430760796
Risk Averse,2022-10-19,1.3371893941305872
Risk Averse,2022-10-20,1.3349383560408612
Risk Averse,2022-10-21,1.3248292480134367
Risk Averse,2022-10-24,1.3522437383872679
Risk Averse,2022-10-25,1.3677426734018936
Risk Averse,2022-10-26,1.387341507893681
Risk Averse,2022-10-27,1.3858869374262963
Risk Averse,2022-10-28,1.4042923257950164
Risk Averse,2022-10-31,1.4043308204330107
Risk Averse,2022-11-01,1.4076597887330404
Risk Averse,2022-11-02,1.3950231249836063
Risk Averse,2022-11-03,1.376440204231414
Risk Averse,2022-11-04,1.3925236925033144
Risk Averse,2022-11-07,1.4034461011125163
Risk Averse,2022-11-08,1.4097659169133558
Risk Averse,2022-11-09,1.4210022496163563
Risk Averse,2022-11-10,1.4410773491668631
Risk Averse,2022-11-11,1.4477427916328476
Risk Averse,2022-11-14,1.4517366710665138
Risk Averse,2022-11-15,1.4618579274010626
Risk Averse,2022-11-16,1.4601801232303484
Risk Averse,2022-11-17,1.4578700769779867
Risk Averse,2022-11-18,1.4724338939956436
Risk Averse,2022-11-21,1.47855345578553
Risk Averse,2022-11-22,1.487403392555929
Risk Averse,2022-11-23,1.4942099750649143
Risk Averse,2022-11-24,1.504509076180516
Risk Averse,2022-11-25,1.5051949415027386
Risk Averse,2022-11-28,1.499581013436963
Risk Averse,2022-11-29,1.488908127778366
Risk Averse,2022-11-30,1.498930753131982
Risk Averse,2022-12-01,1.5093057145080737
Risk Averse,2022-12-02,1.5168915456927043
Risk Averse,2022-12-05,1.5026517603162566
Risk Averse,2022-12-06,1.4905721063806447
Risk Averse,2022-12-07,1.492259233134292
Risk Averse,2022-12-08,1.496368311703289
Risk Averse,2022-12-09,1.5041735389083049
Risk Averse,2022-12-12,1.5082573735387699
Risk Averse,2022-12-13,1.5037695218976763
Risk Averse,2022-12-14,1.515685783454345
Risk Averse,2022-12-15,1.497781437509377
Risk Averse,2022-12-16,1.4855152643114757
Risk Averse,2022-12-19,1.4842862743090308
Risk Averse,2022-12-20,1.4776687164193585
Risk Averse,2022-12-21,1.4995163648378627
Risk Averse,2022-12-22,1.5007552262881638
Risk Averse,2022-12-23,1.4985000398892419
Risk Averse,2022-12-26,1.4985000398892419
Risk Averse,2022-12-27,1.4979705200721607
Risk Averse,2022-12-28,1.4919063956484957
Risk Averse,2022-12-29,1.5027521053492763
Risk Averse,2022-12-30,1.4953703548091026
Risk Averse,2023-01-02,1.4941497461701774
Risk Averse,2023-01-03,1.4971874040119255
Risk Averse,2023-01-04,1.517281441796017
Risk Averse,2023-01-05,1.5132528736935589
Risk Averse,2023-01-06,1.5177178546595322
Risk Averse,2023-01-09,1.5271295787434618
Risk Averse,2023-01-10,1.529947173274691
Risk Averse,2023-01-11,1.5333945725727307
Risk Averse,2023-01-12,1.5329389912501383
Risk Averse,2023-01-13,1.5315965409861962
Risk Averse,2023-01-16,1.5344461935003817
Risk Averse,2023-01-17,1.5372013718617148
Risk Averse,2023-01-18,1.5206028391956077
Risk Averse,2023-01-19,1.5130565905659206
Risk Averse,2023-01-20,1.522496889239019
Risk Averse,2023-01-23,1.526429801302182
Risk Averse,2023-01-24,1.519416746480251
Risk Averse,2023-01-25,1.5192659870649674
Risk Averse,2023-01-26,1.5166452809420856
Risk Averse,2023-01-27,1.5145676026385062
Risk Averse,2023-01-30,1.51761423003212
Risk Averse,2023-01-31,1.5149504043233697
Risk Averse,2023-02-01,1.525674799256744
Risk Averse,2023-02-02,1.5315935307824284
Risk Averse,2023-02-03,1.5348432371904475
Risk Averse,2023-02-06,1.522973046660948
Risk Averse,2023-02-07,1.5170232349767303
Risk Averse,2023-02-08,1.519763964953612
Risk Averse,2023-02-09,1.5140125853368827
Risk Averse,2023-02-10,1.5141855102937045
Risk Averse,2023-02-13,1.5221309985439646
Risk Averse,2023-02-14,1.5248635038039753
Risk Averse,2023-02-15,1.5276850416108065
Risk Averse,2023-02-16,1.5136666616743768
Risk Averse,2023-02-17,1.513849340072328
Risk Averse,2023-02-20,1.5184130230911386
Risk Averse,2023-02-21,1.5138416326559685
Risk Averse,2023-02-22,1.508870186026741
Risk Averse,2023-02-23,1.4872913213013421
Risk Averse,2023-02-24,1.4794180158627808
Risk Averse,2023-02-27,1.4827136676560808
Risk Averse,2023-02-28,1.4729204130697613
Risk Averse,2023-03-01,1.4671955560221759
Risk Averse,2023-03-02,1.4745731433318323
Risk Averse,2023-03-03,1.4775651065647764
Risk Averse,2023-03-06,1.4815427794482485
Risk Averse,2023-03-07,1.4735543214366014
Risk Averse,2023-03-08,1.4629740579004193
Risk Averse,2023-03-09,1.4541483489571072
Risk Averse,2023-03-10,1.4530891930823813
Risk Averse,2023-03-13,1.4634495819795328
Risk Averse,2023-03-14,1.473193045093218
Risk Averse,2023-03-15,1.4679763609631444
Risk Averse,2023-03-16,1.4701459782048865
Risk Averse,2023-03-17,1.4649332350851538
Risk Averse,2023-03-20,1.4855210142036261
Risk Averse,2023-03-21,1.4950492685461934
Risk Averse,2023-03-22,1.4861953443714488
Risk Averse,2023-03-23,1.491999199188092
Risk Averse,2023-03-24,1.48564480658729
Risk Averse,2023-03-27,1.4972925640050923
Risk Averse,2023-03-28,1.4978102531005093
Risk Averse,2023-03-29,1.5066604021329126
Risk Averse,2023-03-30,1.5155151169124443
Risk Averse,2023-03-31,1.5273310549016434
Risk Averse,2023-04-03,1.5368638302866187
Risk Averse,2023-04-04,1.5434780555061611
Risk Averse,2023-04-05,1.5626803722047145
Risk Averse,2023-04-06,1.5723131168732143
Risk Averse,2023-04-07,1.5723131168732143
Risk Averse,2023-04-10,1.5707886059315868
Risk Averse,2023-04-11,1.5731235172187987
Risk Averse,2023-04-12,1.572180784055632
Risk Averse,2023-04-13,1.5813569033756596
Risk Averse,2023-04-14,1.5825300045445216
Risk Averse,2023-04-17,1.587568603280435
Risk Averse,2023-04-18,1.580859691346662
Risk Averse,2023-04-19,1.576847347550077
Risk Averse,2023-04-20,1.5770589057797793
Risk Averse,2023-04-21,1.5858506293944612
Risk Averse,2023-04-24,1.5913857249016967
Risk Averse,2023-04-25,1.5946620140506476
Risk Averse,2023-04-26,1.5804414746777289
Risk Averse,2023-04-27,1.5799168492296554
Risk Averse,2023-04-28,1.579573409714732
Risk Averse,2023-05-01,1.583788247916279
Risk Averse,2023-05-02,1.5725808373030157
Risk Averse,2023-05-03,1.575471756148558
Risk Averse,2023-05-04,1.569344963196575
Risk Averse,2023-05-05,1.5764111291439453
Risk Averse,2023-05-08,1.580056366854714
Risk Averse,2023-05-09,1.5736436715155606
Risk Averse,2023-05-10,1.5699671450196306
Risk Averse,2023-05-11,1.5709440473089147
Risk Averse,2023-05-12,1.5673959596073024
Risk Averse,2023-05-15,1.5621329156010724
Risk Averse,2023-05-16,1.5561307763543422
Risk Averse,2023-05-17,1.5463965468581375
Risk Averse,2023-05-18,1.549060077451885
Risk Averse,2023-05-19,1.5515567198075244
Risk Averse,2023-05-22,1.547324865519167
Risk Averse,2023-05-23,1.5377089846013452
Risk Averse,2023-05-24,1.527211407571888
Risk Averse,2023-05-25,1.5077057152929707
Risk Averse,2023-05-26,1.511617531376806
Risk Averse,2023-05-29,1.5104945834670283
Risk Averse,2023-05-30,1.5038768719773052
Risk Averse,2023-05-31,1.4973433494521773
Risk Averse,2023-06-01,1.5068773328257157
Risk Averse,2023-06-02,1.5252344692359767
Risk Averse,2023-06-05,1.5231159896719408
Risk Averse,2023-06-06,1.5229733016701208
Risk Averse,2023-06-07,1.5165501037198625
Risk Averse,2023-06-08,1.5196507337232739
Risk Averse,2023-06-09,1.5256326517638024
Risk Averse,2023-06-12,1.52482020295415
Risk Averse,2023-06-13,1.5270188126563444
Risk Averse,2023-06-14,1.5334591147134402
Risk Averse,2023-06-15,1.5421284136692464
Risk Averse,2023-06-16,1.5600153575794693
Risk Averse,2023-06-19,1.5502393443961118
Risk Averse,2023-06-20,1.5427310521162
Risk Averse,2023-06-21,1.5416577745885913
Risk Averse,2023-06-22,1.5418510519133926
Risk Averse,2023-06-23,1.5356337019377153
Risk Averse,2023-06-26,1.538264471659594
Risk Averse,2023-06-27,1.5387578782101028
Risk Averse,2023-06-28,1.537181745299449
Risk Averse,2023-06-29,1.54240079647891
Risk Averse,2023-06-30,1.5510861543438965
Risk Averse,2023-07-03,1.5539802486218781
Risk Averse,2023-07-04,1.5562330797603892
Risk Averse,2023-07-05,1.5537296984163818
Risk Averse,2023-07-06,1.5445170682763898
Risk Averse,2023-07-07,1.5365965892312985
Risk Averse,2023-07-10,1.5421074877990981
Risk Averse,2023-07-11,1.5518551157219806
Risk Averse,2023-07-12,1.560782143324537
Risk Averse,2023-07-13,1.5756118821446734
Risk Averse,2023-07-14,1.5789157676925885
Risk Averse,2023-07-17,1.573953190254563
Risk Averse,2023-07-18,1.576915302198444
Risk Averse,2023-07-19,1.5855587969058973
Risk Averse,2023-07-20,1.5984476984989844
Risk Averse,2023-07-21,1.5994508598450363
Risk Averse,2023-07-24,1.6007101651976037
Risk Averse,2023-07-25,1.5987112149685208
Risk Averse,2023-07-26,1.597317492174691
Risk Averse,2023-07-27,1.5987771231691028
Risk Averse,2023-07-28,1.5875661692628442
Risk Averse,2023-07-31,1.5777650642576073
Risk Averse,2023-08-01,1.5708298073240947
Risk Averse,2023-08-02,1.5703954742647686
Risk Averse,2023-08-03,1.5576906875361403
Risk Averse,2023-08-04,1.5503289405913812
Risk Averse,2023-08-07,1.5584716884463543
Risk Averse,2023-08-08,1.5528610527157312
Risk Averse,2023-08-09,1.557398025918669
Risk Averse,2023-08-10,1.5640561593096967
Risk Averse,2023-08-11,1.5634060150857634
Risk Averse,2023-08-14,1.558451371185503
Risk Averse,2023-08-15,1.5523315742547117
Risk Averse,2023-08-16,1.5497634768105049
Risk Averse,2023-08-17,1.5439301778267014
Risk Averse,2023-08-18,1.5415797441056887
Risk Averse,2023-08-21,1.5370946658403
Risk Averse,2023-08-22,1.536638497919603
Risk Averse,2023-08-23,1.5404840313925101
Risk Averse,2023-08-24,1.540739109766094
Risk Averse,2023-08-25,1.5452153826294184
Risk Averse,2023-08-28,1.5484747381634982
Risk Averse,2023-08-29,1.5556671393226242
Risk Averse,2023-08-30,1.56340145568558
Risk Averse,2023-08-31,1.5581675700893856
Risk Averse,2023-09-01,1.5498379290971023
Risk Averse,2023-09-04,1.5453732195706777
Risk Averse,2023-09-05,1.5274002360008307
Risk Averse,2023-09-06,1.5245082636293998
Risk Averse,2023-09-07,1.530986399106103
Risk Averse,2023-09-08,1.5353691012700565
Risk Averse,2023-09-11,1.540094066769739
Risk Averse,2023-09-12,1.5361988697405309
Risk Averse,2023-09-13,1.535284060131822
Risk Averse,2023-09-14,1.5436767710871637
Risk Averse,2023-09-15,1.5351447556768851
Risk Averse,2023-09-18,1.5342264790589961
Risk Averse,2023-09-19,1.5371589045280256
Risk Averse,2023-09-20,1.5414578337133
Risk Averse,2023-09-21,1.5300824126341086
Risk Averse,2023-09-22,1.5232281805283518
Risk Averse,2023-09-25,1.5155692686021436
Risk Averse,2023-09-26,1.504081742562187
Risk Averse,2023-09-27,1.4873368108894565
Risk Averse,2023-09-28,1.4900734647854341
Risk Averse,2023-09-29,1.49254059207328
Risk Averse,2023-10-02,1.4792291256680428
Risk Averse,2023-10-03,1.4653984824489008
Risk Averse,2023-10-04,1.4684156564891604
Risk Averse,2023-10-05,1.4701755881184164
Risk Averse,2023-10-06,1.472016024156114
Risk Averse,2023-10-09,1.481489783903762
Risk Averse,2023-10-10,1.4938805765695378
Risk Averse,2023-10-11,1.4950788882749648
Risk Averse,2023-10-12,1.4848788824564934
Risk Averse,2023-10-13,1.4806295879544304
Risk Averse,2023-10-16,1.4870760794843223
Risk Averse,2023-10-17,1.4917607151301886
Risk Averse,2023-10-18,1.487528454108299
Risk Averse,2023-10-19,1.47889385464708
Risk Averse,2023-10-20,1.4784113235253586
Risk Averse,2023-10-23,1.4730236209232015
Risk Averse,2023-10-24,1.4865180517583598
Risk Averse,2023-10-25,1.4849911889744798
Risk Averse,2023-10-26,1.4800028680889725
Risk Averse,2023-10-27,1.4631956634446124
Risk Averse,2023-10-30,1.479012085440444
Risk Averse,2023-10-31,1.488648545412836
Risk Averse,2023-11-01,1.4906110923470732
Risk Averse,2023-11-02,1.4979588182927572
Risk Averse,2023-11-03,1.5035974472627693
Risk Averse,2023-11-06,1.5043077762263724
Risk Averse,2023-11-07,1.4962584028774455
Risk Averse,2023-11-08,1.4935616349411907
Risk Averse,2023-11-09,1.4911032898702448
Risk Averse,2023-11-10,1.492241420033206
Risk Averse,2023-11-13,1.4942968868498396
Risk Averse,2023-11-14,1.5082598681143429
Risk Averse,2023-11-15,1.5215130790857603
Risk Averse,2023-11-16,1.5117218815061664
Risk Averse,2023-11-17,1.5140336791851436
Risk Averse,2023-11-20,1.5174935650929107
Risk Averse,2023-11-21,1.5216969231512967
Risk Averse,2023-11-22,1.5278821669376763
Risk Averse,2023-11-23,1.5292792235401695
Risk Averse,2023-11-24,1.5345356363456446
Risk Averse,2023-11-27,1.5335654879420375
Risk Averse,2023-11-28,1.5307974222292087
Risk Averse,2023-11-29,1.5314345749012124
Risk Averse,2023-11-30,1.543256265188147
Risk Averse,2023-12-01,1.5452677402495152
Risk Averse,2023-12-04,1.5470957846470021
Risk Averse,2023-12-05,1.5436311677146155
Risk Averse,2023-12-06,1.5397879414111064
Risk Averse,2023-12-07,1.5401534894144764
Risk Averse,2023-12-08,1.5401024468142086
Risk Averse,2023-12-11,1.5414102560221736
Risk Averse,2023-12-12,1.5482425693712158
Risk Averse,2023-12-13,1.5572698079979654
Risk Averse,2023-12-14,1.5587018798461612
Risk Averse,2023-12-15,1.55202609488248
Risk Averse,2023-12-18,1.5576306744761137
Risk Averse,2023-12-19,1.562524602982889
Risk Averse,2023-12-20,1.5479678140496653
Risk Averse,2023-12-21,1.5572218308675476
Risk Averse,2023-12-22,1.5684226765004132
Risk Averse,2023-12-25,1.5684226765004132
Risk Averse,2023-12-26,1.5681628543086437
Risk Averse,2023-12-27,1.5723169279895866
Risk Averse,2023-12-28,1.5822922667013273
Risk Averse,2023-12-29,1.5832753617269906
Risk Averse,2024-01-01,1.5832753617269906
Risk Averse,2024-01-02,1.59018280173674
Risk Averse,2024-01-03,1.5849312916073912
Risk Averse,2024-01-04,1.5956555070561502
Risk Averse,2024-01-05,1.5908072559120885
Risk Averse,2024-01-08,1.5995395355174775
Risk Averse,2024-01-09,1.5979901755961907
Risk Averse,2024-01-10,1.5981363742655943
Risk Averse,2024-01-11,1.5957270936074515
Risk Averse,2024-01-12,1.604070076982039
Risk Averse,2024-01-15,1.6068378045792324
Risk Averse,2024-01-16,1.6029863902933283
Risk Averse,2024-01-17,1.5996952759787204
Risk Averse,2024-01-18,1.5970980290976984
Risk Averse,2024-01-19,1.5968422530740913
Risk Averse,2024-01-22,1.6038599857033204
Risk Averse,2024-01-23,1.6061447841320386
Risk Averse,2024-01-24,1.6009943973960443
Risk Averse,2024-01-25,1.6034531332325448
Risk Averse,2024-01-26,1.6105418597272778
Risk Averse,2024-01-29,1.6072583286442979
Risk Averse,2024-01-30,1.609087227300355
Risk Averse,2024-01-31,1.6066054317724183
Risk Averse,2024-02-01,1.6090160320298363
Risk Averse,2024-02-02,1.6114663890689287
Risk Averse,2024-02-05,1.5927639848245776
Risk Averse,2024-02-06,1.59859631584747
Risk Averse,2024-02-07,1.5984754764475568
Risk Averse,2024-02-08,1.5907300120098642
Risk Averse,2024-02-09,1.5831203108365972
Risk Averse,2024-02-12,1.5928538616460568
Risk Averse,2024-02-13,1.5831701534954283
Risk Averse,2024-02-14,1.5808804882597463
Risk Averse,2024-02-15,1.591662897157291
Risk Averse,2024-02-16,1.5957657774042862
Risk Averse,2024-02-19,1.5990666195347543
Risk Averse,2024-02-20,1.606651005376436
Risk Averse,2024-02-21,1.604995807210189
Risk Averse,2024-02-22,1.6122335270319186
Risk Averse,2024-02-23,1.619724346786611
Risk Averse,2024-02-26,1.614560806267615
Risk Averse,2024-02-27,1.613382882831822
Risk Averse,2024-02-28,1.6069012653030101
Risk Averse,2024-02-29,1.604237918634518
Risk Averse,2024-03-01,1.607611810559801
Risk Averse,2024-03-04,1.6115206908255433
Risk Averse,2024-03-05,1.6152412262206313
Risk Averse,2024-03-06,1.6180012292368382
Risk Averse,2024-03-07,1.6213113464948696
Risk Averse,2024-03-08,1.6263853522433604
Risk Averse,2024-03-11,1.6305223801803812
Risk Averse,2024-03-12,1.6319759466387824
Risk Averse,2024-03-13,1.6319643961199393
Risk Averse,2024-03-14,1.620694507131187
Risk Averse,2024-03-15,1.6239232267142834
Risk Averse,2024-03-18,1.6232046424502011
Risk Averse,2024-03-19,1.626308218039394
Risk Averse,2024-03-20,1.6258964280452326
Risk Averse,2024-03-21,1.6292673542268703
Risk Averse,2024-03-22,1.626263826884789
Risk Averse,2024-03-25,1.628843159717326
Risk Averse,2024-03-26,1.6307777565769153
Risk Averse,2024-03-27,1.6449489996108217
Risk Averse,2024-03-28,1.6525971686944978
Risk Averse,2024-03-29,1.6525971686944978
Risk Averse,2024-04-01,1.6500569569010277
Risk Averse,2024-04-02,1.638113312355216
Risk Averse,2024-04-03,1.628006441248304
Risk Averse,2024-04-04,1.6263980945258196
Risk Averse,2024-04-05,1.623797646356735
Risk Averse,2024-04-08,1.620570385110987
Risk Averse,2024-04-09,1.6200800989356394
Risk Averse,2024-04-10,1.6173946142423277
Risk Averse,2024-04-11,1.602964886842237
Risk Averse,2024-04-12,1.594879685126387
Risk Averse,2024-04-15,1.5923537875858258
Risk Averse,2024-04-16,1.5826697522860946
Risk Averse,2024-04-17,1.5855741143629574
Risk Averse,2024-04-18,1.5944064071922253
Risk Averse,2024-04-19,1.6062168567106139
Risk Averse,2024-04-22,1.6135030463623719
Risk Averse,2024-04-23,1.6229826875833286
Risk Averse,2024-04-24,1.6184239197378107
Risk Averse,2024-04-25,1.6122747074551904
Risk Averse,2024-04-26,1.6100814944914097
Risk Averse,2024-04-29,1.6190245819682612
Risk Averse,2024-04-30,1.6090623548510647
Risk Averse,2024-05-01,1.6104321002161859
Risk Averse,2024-05-02,1.6050959737372845
Risk Averse,2024-05-03,1.615159318084026
Risk Averse,2024-05-06,1.6195612839448394
Risk Averse,2024-05-07,1.627336186230122
Risk Averse,2024-05-08,1.6264235108324847
Risk Averse,2024-05-09,1.6314546583378295
Risk Averse,2024-05-10,1.6410567767829531
Risk Averse,2024-05-13,1.6433175056329938
Risk Averse,2024-05-14,1.638202059112147
Risk Averse,2024-05-15,1.6445820692061839
Risk Averse,2024-05-16,1.6552944365333606
Risk Averse,2024-05-17,1.656993949507564
Risk Averse,2024-05-20,1.655503315616127
Risk Averse,2024-05-21,1.6534532396797035
Risk Averse,2024-05-22,1.649878187601692
Risk Averse,2024-05-23,1.6412860720669489
Risk Averse,2024-05-24,1.6384100625343265
Risk Averse,2024-05-27,1.6407753625441175
Risk Averse,2024-05-28,1.6286686682489684
Risk Averse,2024-05-29,1.6190384396478121
Risk Averse,2024-05-30,1.6243744782163656
Risk Averse,2024-05-31,1.6458403069894167
Risk Averse,2024-06-03,1.6523104410520493
Risk Averse,2024-06-04,1.662209355216117
Risk Averse,2024-06-05,1.663847092855122
Risk Averse,2024-06-06,1.6685849958954624
Risk Averse,2024-06-07,1.6619016449809365
Risk Averse,2024-06-10,1.6520814593106312
Risk Averse,2024-06-11,1.6465126284170715
Risk Averse,2024-06-12,1.6400003734422668
Risk Averse,2024-06-13,1.6389356786757048
Risk Averse,2024-06-14,1.6337995424972103
Risk Averse,2024-06-17,1.6409210913353283
Risk Averse,2024-06-18,1.648044037130249
Risk Averse,2024-06-19,1.653230851270708
Risk Averse,2024-06-20,1.6560007046973824
Risk Averse,2024-06-21,1.6561040318255291
Risk Averse,2024-06-24,1.668459739069531
Risk Averse,2024-06-25,1.6550128422702164
Risk Averse,2024-06-26,1.6479678657148384
Risk Averse,2024-06-27,1.6436418324778226
Risk Averse,2024-06-28,1.6396037477716747
Risk Averse,2024-07-01,1.6415156487859168
Risk Averse,2024-07-02,1.6378452923077116
Risk Averse,2024-07-03,1.640382492304963
Risk Averse,2024-07-04,1.6487010181580475
Risk Averse,2024-07-05,1.654749923199539
Risk Averse,2024-07-08,1.6543622121797552
Risk Averse,2024-07-09,1.6536714402340411
Risk Averse,2024-07-10,1.6678416032059984
Risk Averse,2024-07-11,1.6700474674970778
Risk Averse,2024-07-12,1.6781962181392618
Risk Averse,2024-07-15,1.6769157316203573
Risk Averse,2024-07-16,1.684559802312061
Risk Averse,2024-07-17,1.704801602027224
Risk Averse,2024-07-18,1.7053994142723534
Risk Averse,2024-07-19,1.695324696338465
Risk Averse,2024-07-22,1.699836583411815
Risk Averse,2024-07-23,1.6906347143367608
Risk Averse,2024-07-24,1.7015267824947182
Risk Averse,2024-07-25,1.7084823063630026
Risk Averse,2024-07-26,1.7168097278684262
Risk Averse,2024-07-29,1.7115062738152953
Risk Averse,2024-07-30,1.7156102973320788
Risk Averse,2024-07-31,1.7160013022915808
Risk Averse,2024-08-01,1.7262660994890346
Risk Averse,2024-08-02,1.7278881393850931
Risk Averse,2024-08-05,1.710469485029345
Risk Averse,2024-08-06,1.7048969981238395
Risk Averse,2024-08-07,1.71644936670192
Risk Averse,2024-08-08,1.7240015338437333
Risk Averse,2024-08-09,1.7244223287253158
Risk Averse,2024-08-12,1.7244531312101812
Risk Averse,2024-08-13,1.7287398679450101
Risk Averse,2024-08-14,1.7400700632715598
Risk Averse,2024-08-15,1.7420368668086186
Risk Averse,2024-08-16,1.7456926074715349
Risk Averse,2024-08-19,1.7546226203239075
Risk Averse,2024-08-20,1.7566196520885105
Risk Averse,2024-08-21,1.7677671859147028
Risk Averse,2024-08-22,1.769010711785008
Risk Averse,2024-08-23,1.7756457337213065
Risk Averse,2024-08-26,1.7838717650901013
Risk Averse,2024-08-27,1.7861172447484364
Risk Averse,2024-08-28,1.791452241480133
Risk Averse,2024-08-29,1.7891618184792373
Risk Averse,2024-08-30,1.7954835550494537
Risk Averse,2024-09-02,1.796552051450601
Risk Averse,2024-09-03,1.7972870113200101
Risk Averse,2024-09-04,1.797908949562822
Risk Averse,2024-09-05,1.797414801576415
Risk Averse,2024-09-06,1.7893729460443633
Risk Averse,2024-09-09,1.7938109080916842
Risk Averse,2024-09-10,1.7941641688573686
Risk Averse,2024-09-11,1.7860785724740333
Risk Averse,2024-09-12,1.7860970938111818
Risk Averse,2024-09-13,1.8046500213824468
Risk Averse,2024-09-16,1.81734365047506
Risk Averse,2024-09-17,1.805125167838474
Risk Averse,2024-09-18,1.8009514399080326
Risk Averse,2024-09-19,1.795805045907303
Risk Averse,2024-09-20,1.794469951062236
Risk Averse,2024-09-23,1.7998939429757805
Risk Averse,2024-09-24,1.7993705781888023
Risk Averse,2024-09-25,1.8008003630448193
Risk Averse,2024-09-26,1.8003495849021314
Risk Averse,2024-09-27,1.804650781065381
Risk Averse,2024-09-30,1.8063013393533396
Risk Averse,2024-10-01,1.8053876394167436
Risk Averse,2024-10-02,1.7950429301281035
Risk Averse,2024-10-03,1.7807488596750056
Risk Averse,2024-10-04,1.785619964289951
Risk Averse,2024-10-07,1.7737787077618303
Risk Averse,2024-10-08,1.7814993930629888
Risk Averse,2024-10-09,1.788331782794217
Risk Averse,2024-10-10,1.7821996095038761
Risk Averse,2024-10-11,1.7906189527587093
Risk Averse,2024-10-14,1.7957596947902088
Risk Averse,2024-10-15,1.8044551109983162
Risk Averse,2024-10-16,1.8074083937290495
Risk Averse,2024-10-17,1.8093150901413488
Risk Averse,2024-10-18,1.8105363105705137
Risk Averse,2024-10-21,1.7996467205584283
Risk Averse,2024-10-22,1.7904501131070178
Risk Averse,2024-10-23,1.7857916231757798
Risk Averse,2024-10-24,1.78594664914021
Risk Averse,2024-10-25,1.7805689668008526
Risk Averse,2024-10-28,1.7831556668077175
Risk Averse,2024-10-29,1.77370072404244
Risk Averse,2024-10-30,1.7637549593352406
Risk Averse,2024-10-31,1.7565933902843474
Risk Averse,2024-11-01,1.766436443777662
Risk Averse,2024-11-04,1.762371557966705
Risk Averse,2024-11-05,1.7688041986565763
Risk Averse,2024-11-06,1.7530034600104378
Risk Averse,2024-11-07,1.768962900171924
Risk Averse,2024-11-08,1.776038994721504
Risk Averse,2024-11-11,1.776371123310438
Risk Averse,2024-11-12,1.760654708289589
Risk Averse,2024-11-13,1.7570923640034266
Risk Averse,2024-11-14,1.7445301693817605
Risk Averse,2024-11-15,1.737094551986422
Risk Averse,2024-11-18,1.7480300140640344
Risk Averse,2024-11-19,1.7544711868152822
Risk Averse,2024-11-20,1.7590438920520264
Risk Averse,2024-11-21,1.771343190638809
Risk Averse,2024-11-22,1.7799853384006832
Risk Averse,2024-11-25,1.7874353971140766
Risk Averse,2024-11-26,1.7926516173485676
Risk Averse,2024-11-27,1.797889787918315
Risk Averse,2024-11-28,1.799502336132419
Risk Averse,2024-11-29,1.8029563962903712
Risk Averse,2024-12-02,1.7936448943833176
Risk Averse,2024-12-03,1.7927337649338337
Risk Averse,2024-12-04,1.7859364403667082
Risk Averse,2024-12-05,1.7928312075026303
Risk Averse,2024-12-06,1.7901164867801607
Risk Averse,2024-12-09,1.7747744278910222
Risk Averse,2024-12-10,1.7716359475752963
Risk Averse,2024-12-11,1.7624875789652232
Risk Averse,2024-12-12,1.7542385713177895
Risk Averse,2024-12-13,1.7511357539358796
Risk Averse,2024-12-16,1.744553839738916
Risk Averse,2024-12-17,1.7403583998287113
Risk Averse,2024-12-18,1.724584439570099
Risk Averse,2024-12-19,1.7148518668477044
Risk Averse,2024-12-20,1.7152842355739348
Risk Averse,2024-12-23,1.7166007015585611
Risk Averse,2024-12-24,1.7252879700735204
Risk Averse,2024-12-25,1.7252879700735204
Risk Averse,2024-12-26,1.7269265926837791
Risk Averse,2024-12-27,1.7295985373085636
Risk Averse,2024-12-30,1.7178149356048795
Risk Averse,2024-12-31,1.7181597242199473
Risk Averse,2025-01-01,1.7181597242199473
Risk Averse,2025-01-02,1.7161744697037598
Risk Averse,2025-01-03,1.7218095510611853
Risk Averse,2025-01-06,1.7234652450568109
Risk Averse,2025-01-07,1.7235414314540731
Risk Averse,2025-01-08,1.7171495554730967
Risk Averse,2025-01-09,1.7217068213638647
Risk Averse,2025-01-10,1.7107671772182425
Risk Averse,2025-01-13,1.7131592642906655
Risk Averse,2025-01-14,1.7182043318150846
Risk Averse,2025-01-15,1.72760804969806
Risk Averse,2025-01-16,1.7386004819342975
Risk Averse,2025-01-17,1.7432718432422714
Risk Averse,2025-01-20,1.7438943045459545
Risk Averse,2025-01-21,1.756261953251215
Risk Averse,2025-01-22,1.7541413629161888
Risk Averse,2025-01-23,1.7605024717180737
Risk Averse,2025-01-24,1.7615760472030175
Risk Averse,2025-01-27,1.7946975645755892
Risk Averse,2025-01-28,1.7790440768706783
Risk Averse,2025-01-29,1.7777308000073495
Risk Averse,2025-01-30,1.7888053927396546
Risk Averse,2025-01-31,1.7801606192348882
Risk Averse,2025-02-03,1.7776942443379762
Risk Averse,2025-02-04,1.7790781610326372
Risk Averse,2025-02-05,1.795378555108055
Risk Averse,2025-02-06,1.7828870147324256
Risk Averse,2025-02-07,1.7884081862329984
Risk Averse,2025-02-10,1.7922248614454384
Risk Averse,2025-02-11,1.7986500967285948
Risk Averse,2025-02-12,1.7973482324620451
Risk Averse,2025-02-13,1.8001747678064577
Risk Averse,2025-02-14,1.7887775820610017
Risk Averse,2025-02-17,1.7920282452185508
Risk Averse,2025-02-18,1.7943925287098519
Risk Averse,2025-02-19,1.798773454642361
Risk Averse,2025-02-20,1.7960849701256207
Risk Averse,2025-02-21,1.8055428302531418
Risk Averse,2025-02-24,1.8170449990630164
Risk Averse,2025-02-25,1.8332532312120748
Risk Averse,2025-02-26,1.8068049254360514
Risk Averse,2025-02-27,1.81296821663326
Risk Averse,2025-02-28,1.8259519267316857
Risk Averse,2025-03-03,1.8424379861309141
Risk Averse,2025-03-04,1.8359244892428221
Risk Averse,2025-03-05,1.8413804357248351
Risk Averse,2025-03-06,1.8428182449397628
Risk Averse,2025-03-07,1.8649750687158653
Risk Averse,2025-03-10,1.8739062402197382
Risk Averse,2025-03-11,1.8545251322994063
Risk Averse,2025-03-12,1.8370676352450408
Risk Averse,2025-03-13,1.8389156663744795
Risk Averse,2025-03-14,1.8412067986070053
Risk Averse,2025-03-17,1.8596823533876876
Risk Averse,2025-03-18,1.8588603319839712
Risk Averse,2025-03-19,1.8591394751124017
Risk Averse,2025-03-20,1.858168238211871
Risk Averse,2025-03-21,1.856876663022249
Risk Averse,2025-03-24,1.8512546738136244
Risk Averse,2025-03-25,1.849629659635306
Risk Averse,2025-03-26,1.8561388849083478
Risk Averse,2025-03-27,1.8612688201937497
Risk Averse,2025-03-28,1.864899992375761
Risk Averse,2025-03-31,1.8765357311073383
Risk Averse,2025-04-01,1.8685743420264198
Risk Averse,2025-04-02,1.8753333100556615
Risk Averse,2025-04-03,1.9096205256664602
Risk Averse,2025-04-04,1.8393971989596025
Risk Averse,2025-04-07,1.7945897001330873
Risk Averse,2025-04-08,1.8050692354241842
Risk Averse,2025-04-09,1.83539165817919
Risk Averse,2025-04-10,1.8475104028145581
Risk Averse,2025-04-11,1.8951955666458493
Risk Averse,2025-04-14,1.9158157340738524
Risk Averse,2025-04-15,1.9241124073583555
Risk Averse,2025-04-16,1.92150813399965
Risk Averse,2025-04-17,1.9336006048534766
Risk Averse,2025-04-18,1.9336006048534766
Risk Averse,2025-04-21,1.9220422928635572
Risk Averse,2025-04-22,1.9464453925578982
Risk Averse,2025-04-23,1.9319550310592413
Risk Averse,2025-04-24,1.9351837142111752
Risk Averse,2025-04-25,1.9296262814243854
Risk Averse,2025-04-28,1.9381696245848625
Risk Averse,2025-04-29,1.9540003534337982
Risk Averse,2025-04-30,1.9717163171867464
Risk Averse,2025-05-01,1.9646171801089107
Risk Averse,2025-05-02,1.9792626937051494
Risk Averse,2025-05-05,1.9843157042240875
Risk Averse,2025-05-06,1.9815518819932614
Risk Averse,2025-05-07,1.9857358638363396
Risk Averse,2025-05-08,1.963742173100694
Risk Averse,2025-05-09,1.9549402443084218
Risk Averse,2025-05-12,1.9321113027420527
Risk Averse,2025-05-13,1.9186435243909632
Risk Averse,2025-05-14,1.9184039170603535
Risk Averse,2025-05-15,1.9486684651440591
Risk Averse,2025-05-16,1.9700204482566173
Risk Averse,2025-05-19,1.9865626422213265
Risk Averse,2025-05-20,2.001310485243515
Risk Averse,2025-05-21,2.0066734545350604
Risk Averse,2025-05-22,2.0006888543113974
Risk Averse,2025-05-23,2.0037601389089628
Risk Averse,2025-05-26,2.0137162332394762
Risk Averse,2025-05-27,2.016083325698352
Risk Averse,2025-05-28,1.9972705419721029
Risk Averse,2025-05-29,1.9974398396671915
Risk Averse,2025-05-30,2.011292107841273
Risk Averse,2025-06-02,2.0241417115089857
Risk Averse,2025-06-03,2.012981614193185
Risk Averse,2025-06-04,2.009952825947047
Risk Averse,2025-06-05,2.0190189399139973
Risk Averse,2025-06-06,2.0191072025240833
Risk Averse,2025-06-09,2.0145309738238124
Risk Averse,2025-06-10,2.0154785798617185
Risk Averse,2025-06-11,2.0109949214100835
Risk Averse,2025-06-12,2.0329469946426393
Risk Averse,2025-06-13,2.0248472630805225
Risk Averse,2025-06-16,2.023723180540585
Risk Averse,2025-06-17,2.0169682425226667
Risk Averse,2025-06-18,2.015047399561242
Risk Averse,2025-06-19,2.008073135165967
Risk Averse,2025-06-20,2.0138685646124093
Risk Averse,2025-06-23,2.0216263361524103
Risk Averse,2025-06-24,2.0330168495782757
Risk Averse,2025-06-25,2.017772174529603
Risk Averse,2025-06-26,2.027381894942405
Risk Averse,2025-06-27,2.0409991044634204
Risk Averse,2025-06-30,2.0495925679284257
Risk Averse,2025-07-01,2.0747091077975335
Risk Averse,2025-07-02,2.069761022137912
Risk Averse,2025-07-03,2.0759827409588616
Risk Averse,2025-07-04,2.078652861232962
Risk Averse,2025-07-07,2.07606599922305
Risk Averse,2025-07-08,2.066365137509188
Risk Averse,2025-07-09,2.071267034084682
Risk Averse,2025-07-10,2.0765165462181225
Risk Averse,2025-07-11,2.067247209122299
Risk Averse,2025-07-14,2.0784968799532817
Risk Averse,2025-07-15,2.059430575633178
Risk Averse,2025-07-16,2.0644694070856704
Risk Averse,2025-07-17,2.069652922561926
Risk Averse,2025-07-18,2.075899053632874
Risk Averse,2025-07-21,2.075837661572688
Risk Averse,2025-07-22,2.0937854814218273
Risk Averse,2025-07-23,2.109082564383559
Risk Averse,2025-07-24,2.10979052546348
Risk Averse,2025-07-25,2.1160978670142447
Risk Averse,2025-07-28,2.0888334256102556
Risk Averse,2025-07-29,2.0831760700338084
Risk Averse,2025-07-30,2.0824844014141783
Risk Averse,2025-07-31,2.056851110127169
Risk Averse,2025-08-01,2.0601427169142608
Risk Averse,2025-08-04,2.0895891879995823
Risk Averse,2025-08-05,2.0849735532555487
Risk Averse,2025-08-06,2.0894548423577914
Risk Averse,2025-08-07,2.0916835067638693
Risk Averse,2025-08-08,2.0961387875432322
Risk Averse,2025-08-11,2.094199533167531
Risk Averse,2025-08-12,2.0947615154260597
Risk Averse,2025-08-13,2.1138782226409996
Risk Averse,2025-08-14,2.109549115433511
Risk Averse,2025-08-15,2.1087806326504284
Risk Averse,2025-08-18,2.107514651039509
Risk Averse,2025-08-19,2.1193915740287017
Risk Averse,2025-08-20,2.132203308954223
Risk Averse,2025-08-21,2.137249583714389
Risk Averse,2025-08-22,2.1390488847304594
Risk Averse,2025-08-25,2.134668438638787
Risk Averse,2025-08-26,2.122227331669364
Risk Averse,2025-08-27,2.1185220685681365
Risk Averse,2025-08-28,2.113559512098892
Risk Averse,2025-08-29,2.1210064727069198
Risk Averse,2025-09-01,2.125104080245664
Risk Averse,2025-09-02,2.1174994219958756
Risk Averse,2025-09-03,2.133405108340666
Risk Averse,2025-09-04,2.1389031741966478
Risk Averse,2025-09-05,2.1392067645327306
Risk Averse,2025-09-08,2.143639959812758
Risk Averse,2025-09-09,2.1441927824255465
Risk Averse,2025-09-10,2.1352602133056084
Risk Averse,2025-09-11,2.1501328225322136
Risk Averse,2025-09-12,2.1458009071073856
Risk Averse,2025-09-15,2.1440138041442207
Risk Averse,2025-09-16,2.139333117988805
Risk Averse,2025-09-17,2.1432751665335585
Risk Averse,2025-09-18,2.1296526141343493
Risk Averse,2025-09-19,2.1214413314271776
Risk Averse,2025-09-22,2.121155575390846
Risk Averse,2025-09-23,2.130776479305537
Risk Averse,2025-09-24,2.128351259837812
Risk Averse,2025-09-25,2.1142362342001264
Risk Averse,2025-09-26,2.1244103809185413
Risk Averse,2025-09-29,2.1319589820098197
Risk Averse,2025-09-30,2.147168537512343
Risk Averse,2025-10-01,2.147374685429474
Risk Averse,2025-10-02,2.151169475463735
Risk Averse,2025-10-03,2.151649310232878
Risk Averse,2025-10-06,2.157677064504565
Risk Averse,2025-10-07,2.16222208040554
Risk Averse,2025-10-08,2.1670782116552054
Risk Averse,2025-10-09,2.160485113204742
Risk Averse,2025-10-10,2.145915264554854
Risk Averse,2025-10-13,2.1450098991399362
Risk Averse,2025-10-14,2.145101077694394
Risk Averse,2025-10-15,2.1620619692016594
Risk Averse,2025-10-16,2.1594000322981364
Risk Averse,2025-10-17,2.174037102618104
Risk Averse,2025-10-20,2.1802205356513102
Risk Averse,2025-10-21,2.1733886847866493
Risk Averse,2025-10-22,2.1745908713289968
Risk Averse,2025-10-23,2.1841619176775136
Risk Averse,2025-10-24,2.182943791299914
Risk Averse,2025-10-27,2.190493641411763
Risk Averse,2025-10-28,2.172355467518055
Risk Averse,2025-10-29,2.155294046159672
Risk Averse,2025-10-30,2.140206147638106
Risk Averse,2025-10-31,2.1387224670918497
Risk Averse,2025-11-03,2.1321034258584417
Risk Averse,2025-11-04,2.1294623629308207
Risk Averse,2025-11-05,2.135513525385837
Risk Averse,2025-11-06,2.1428920735580936
Risk Averse,2025-11-07,2.160503119955055
Risk Averse,2025-11-10,2.1700387512906367
Risk Averse,2025-11-11,2.1879580203706794
Risk Averse,2025-11-12,2.1912943127278592
Risk Averse,2025-11-13,2.1929364449613806
Risk Averse,2025-11-14,2.1862813352344803
Risk Averse,2025-11-17,2.1817772578889674
Risk Averse,2025-11-18,2.1798687935393355
Risk Averse,2025-11-19,2.164763133244905
Risk Averse,2025-11-20,2.161042472841098
Risk Averse,2025-11-21,2.1715335744545445
Risk Averse,2025-11-24,2.1774165651656094
Risk Averse,2025-11-25,2.1990948497633798
Risk Averse,2025-11-26,2.216158395037184
Risk Averse,2025-11-27,2.218406933148665
Risk Averse,2025-11-28,2.2238015560763205
Risk Averse,2025-12-01,2.2162153894232617
Risk Averse,2025-12-02,2.20287353095434
Risk Averse,2025-12-03,2.206974913016822
Risk Averse,2025-12-04,2.205419233771172
Risk Averse,2025-12-05,2.1958995083904895
Risk Averse,2025-12-08,2.189579997367077
Risk Averse,2025-12-09,2.183183471446847
Risk Averse,2025-12-10,2.1868300414807007
Risk Averse,2025-12-11,2.2073653795177464
Risk Averse,2025-12-12,2.2160146581476834
Risk Averse,2025-12-15,2.225708495697681
Risk Averse,2025-12-16,2.220197020192487
Risk Averse,2025-12-17,2.2234092838504
Risk Averse,2025-12-18,2.2267409682975057
Risk Averse,2025-12-19,2.2313811755235236
Risk Averse,2025-12-22,2.244240384398331
Risk Averse,2025-12-23,2.2514832235326745
Risk Averse,2025-12-24,2.25714455679671
Risk Averse,2025-12-25,2.25714455679671
Risk Averse,2025-12-26,2.2575070975018834
Risk Averse,2025-12-29,2.259056959600744
Risk Averse,2025-12-30,2.2615266965646814
Risk Averse,2025-12-31,2.2512151441989796
Neutral,2018-04-02,1.0
Neutral,2018-04-03,0.9996936752918666
Neutral,2018-04-04,0.9983238928601358
Neutral,2018-04-05,1.008797796284914
Neutral,2018-04-06,0.9898134854153033
Neutral,2018-04-09,1.003167681097711
Neutral,2018-04-10,1.021958896928332
Neutral,2018-04-11,1.0211550433978753
Neutral,2018-04-12,1.0365776689607673
Neutral,2018-04-13,1.0357286217680288
Neutral,2018-04-16,1.0441958823200945
Neutral,2018-04-17,1.0589447435011092
Neutral,2018-04-18,1.064114089420124
Neutral,2018-04-19,1.0639832962193883
Neutral,2018-04-20,1.0550235200679952
Neutral,2018-04-23,1.05460007904795
Neutral,2018-04-24,1.0401402028041111
Neutral,2018-04-25,1.0256089775982857
Neutral,2018-04-26,1.0409677748675663
Neutral,2018-04-27,1.0361588440626432
Neutral,2018-04-30,1.0368628567705045
Neutral,2018-05-01,1.0376403206062093
Neutral,2018-05-02,1.0355944838217903
Neutral,2018-05-03,1.036966483636473
Neutral,2018-05-04,1.0434737270999332
Neutral,2018-05-07,1.0596819882313977
Neutral,2018-05-08,1.0643640392049922
Neutral,2018-05-09,1.0751856549045276
Neutral,2018-05-10,1.0830399659393013
Neutral,2018-05-11,1.0839357042210422
Neutral,2018-05-14,1.079416036070095
Neutral,2018-05-15,1.0721765667594425
Neutral,2018-05-16,1.0757126576280343
Neutral,2018-05-17,1.0855727418975663
Neutral,2018-05-18,1.0876592062208825
Neutral,2018-05-21,1.0964942735846235
Neutral,2018-05-22,1.090850282093953
Neutral,2018-05-23,1.0928409253701818
Neutral,2018-05-24,1.0971909204509231
Neutral,2018-05-25,1.099459346302469
Neutral,2018-05-28,1.0964292026959859
Neutral,2018-05-29,1.0850002678318125
Neutral,2018-05-30,1.0953428634932403
Neutral,2018-05-31,1.0966418540228742
Neutral,2018-06-01,1.0987026296510558
Neutral,2018-06-04,1.1158992358727042
Neutral,2018-06-05,1.115179038466361
Neutral,2018-06-06,1.1179514489431517
Neutral,2018-06-07,1.1244620587736696
Neutral,2018-06-08,1.1181321393192472
Neutral,2018-06-11,1.1197410836098394
Neutral,2018-06-12,1.125310755927668
Neutral,2018-06-13,1.131111119304211
Neutral,2018-06-14,1.1322056332093589
Neutral,2018-06-15,1.1154546582199072
Neutral,2018-06-18,1.1154822111849592
Neutral,2018-06-19,1.1066858390392507
Neutral,2018-06-20,1.1137589594083914
Neutral,2018-06-21,1.0963009618092174
Neutral,2018-06-22,1.1026584776677728
Neutral,2018-06-25,1.0881531931224693
Neutral,2018-06-26,1.090438803001147
Neutral,2018-06-27,1.0853148467136775
Neutral,2018-06-28,1.07317707479899
Neutral,2018-06-29,1.082284595005248
Neutral,2018-07-02,1.0805953737284297
Neutral,2018-07-03,1.0809879187188531
Neutral,2018-07-04,1.078673559443738
Neutral,2018-07-05,1.0928403940924567
Neutral,2018-07-06,1.1007681499935873
Neutral,2018-07-09,1.1059061379324426
Neutral,2018-07-10,1.1128414111282185
Neutral,2018-07-11,1.1095933692464215
Neutral,2018-07-12,1.1205998843473188
Neutral,2018-07-13,1.1240771191240295
Neutral,2018-07-16,1.128554544584701
Neutral,2018-07-17,1.138743551793705
Neutral,2018-07-18,1.133501975899269
Neutral,2018-07-19,1.1241023859171888
Neutral,2018-07-20,1.1271883249725885
Neutral,2018-07-23,1.1298747709503276
Neutral,2018-07-24,1.1379558800758887
Neutral,2018-07-25,1.1483284428407643
Neutral,2018-07-26,1.1471145275621517
Neutral,2018-07-27,1.1406255349291858
Neutral,2018-07-30,1.1285422643261722
Neutral,2018-07-31,1.1295746246361564
Neutral,2018-08-01,1.1321173099036088
Neutral,2018-08-02,1.1341090403854857
Neutral,2018-08-03,1.1375518307400392
Neutral,2018-08-06,1.1403616847082632
Neutral,2018-08-07,1.1503915389726573
Neutral,2018-08-08,1.1490873744819514
Neutral,2018-08-09,1.1600437540076887
Neutral,2018-08-10,1.1490394812661195
Neutral,2018-08-13,1.1412065703140424
Neutral,2018-08-14,1.1454993586582845
Neutral,2018-08-15,1.137775147106478
Neutral,2018-08-16,1.1493744539919732
Neutral,2018-08-17,1.1458616213489894
Neutral,2018-08-20,1.155279223758372
Neutral,2018-08-21,1.1597087339511714
Neutral,2018-08-22,1.1675184359815853
Neutral,2018-08-23,1.1686854840376624
Neutral,2018-08-24,1.1816732414265512
Neutral,2018-08-27,1.1876826159143716
Neutral,2018-08-28,1.18760715222632
Neutral,2018-08-29,1.187949575176128
Neutral,2018-08-30,1.1913381897914177
Neutral,2018-08-31,1.1893084273676304
Neutral,2018-09-03,1.1889458513068476
Neutral,2018-09-04,1.18840570324832
Neutral,2018-09-05,1.1594149655647565
Neutral,2018-09-06,1.1556545381455925
Neutral,2018-09-07,1.1489134999870128
Neutral,2018-09-10,1.1473246905608512
Neutral,2018-09-11,1.151307436017081
Neutral,2018-09-12,1.1514367700595654
Neutral,2018-09-13,1.155461178527174
Neutral,2018-09-14,1.1653721388320977
Neutral,2018-09-17,1.1600431535472533
Neutral,2018-09-18,1.1651489453004702
Neutral,2018-09-19,1.1434305189991396
Neutral,2018-09-20,1.1498819922968733
Neutral,2018-09-21,1.1492844913918163
Neutral,2018-09-24,1.147424029754402
Neutral,2018-09-25,1.1517319588783375
Neutral,2018-09-26,1.1462863802099668
Neutral,2018-09-27,1.1383937481034823
Neutral,2018-09-28,1.1320163702993993
Neutral,2018-10-01,1.1453170854680528
Neutral,2018-10-02,1.1395260475896456
Neutral,2018-10-03,1.1372683365771865
Neutral,2018-10-04,1.1218884101327162
Neutral,2018-10-05,1.116834720512576
Neutral,2018-10-08,1.1006225547950326
Neutral,2018-10-09,1.0955615156568252
Neutral,2018-10-10,1.0577115813555595
Neutral,2018-10-11,1.0413643719929897
Neutral,2018-10-12,1.0560758018269816
Neutral,2018-10-15,1.0516365762779987
Neutral,2018-10-16,1.077924266185808
Neutral,2018-10-17,1.0716876196510556
Neutral,2018-10-18,1.0664873735163454
Neutral,2018-10-19,1.0585756379544076
Neutral,2018-10-22,1.0510389741665558
Neutral,2018-10-23,1.029678508978312
Neutral,2018-10-24,1.0140710634454266
Neutral,2018-10-25,1.0146118533447541
Neutral,2018-10-26,0.9972433898025834
Neutral,2018-10-29,0.9976067597823651
Neutral,2018-10-30,1.009927707853908
Neutral,2018-10-31,1.028662526834473
Neutral,2018-11-01,1.0361376370966027
Neutral,2018-11-02,1.044036146786257
Neutral,2018-11-05,1.043447342257334
Neutral,2018-11-06,1.054118418644116
Neutral,2018-11-07,1.072080946282871
Neutral,2018-11-08,1.060942197482728
Neutral,2018-11-09,1.0540046892471828
Neutral,2018-11-12,1.0338128394838197
Neutral,2018-11-13,1.0326998490278547
Neutral,2018-11-14,1.023204065677774
Neutral,2018-11-15,1.0223272703738944
Neutral,2018-11-16,1.0195763442361303
Neutral,2018-11-19,1.0006659480215023
Neutral,2018-11-20,0.9854053632814829
Neutral,2018-11-21,0.9917918519454944
Neutral,2018-11-22,0.9889019001438895
Neutral,2018-11-23,0.987081765697729
Neutral,2018-11-26,0.9972962424122027
Neutral,2018-11-27,0.9943313819070544
Neutral,2018-11-28,1.0083341149230929
Neutral,2018-11-29,1.0188213989237902
Neutral,2018-11-30,1.0269522364462613
Neutral,2018-12-03,1.0530512549915765
Neutral,2018-12-04,1.038410840177594
Neutral,2018-12-05,1.0254115192088578
Neutral,2018-12-06,1.0175824252069827
Neutral,2018-12-07,1.0100789460416055
Neutral,2018-12-10,1.004252363186804
Neutral,2018-12-11,1.007663554054591
Neutral,2018-12-12,1.0190989719598131
Neutral,2018-12-13,1.0156959781735446
Neutral,2018-12-14,0.9949387218221952
Neutral,2018-12-17,0.9742710026038931
Neutral,2018-12-18,0.9691661615860048
Neutral,2018-12-19,0.9659579635767027
Neutral,2018-12-20,0.9499667892743519
Neutral,2018-12-21,0.9386264698857998
Neutral,2018-12-24,0.9210419014589745
Neutral,2018-12-25,0.9210419014589745
Neutral,2018-12-26,0.9429722319004941
Neutral,2018-12-27,0.9462308660035038
Neutral,2018-12-28,0.9611384432245151
Neutral,2018-12-31,0.969304888747842
Neutral,2019-01-01,0.969304888747842
Neutral,2019-01-02,0.9690442055130084
Neutral,2019-01-03,0.962532040241834
Neutral,2019-01-04,0.987281440900532
Neutral,2019-01-07,0.9974448345377509
Neutral,2019-01-08,1.0027702534259058
Neutral,2019-01-09,1.0048809914706454
Neutral,2019-01-10,1.012570700739278
Neutral,2019-01-11,1.0135436593670444
Neutral,2019-01-14,0.9961137921764366
Neutral,2019-01-15,1.0016824845597332
Neutral,2019-01-16,1.0027545372306443
Neutral,2019-01-17,1.0103629767506472
Neutral,2019-01-18,1.0233090383033194
Neutral,2019-01-21,1.0228864574700007
Neutral,2019-01-22,1.022257523177
Neutral,2019-01-23,1.0298678581873824
Neutral,2019-01-24,1.0274755293052291
Neutral,2019-01-25,1.025017167090288
Neutral,2019-01-28,1.0207315201693283
Neutral,2019-01-29,1.0242780672499103
Neutral,2019-01-30,1.0316106869337365
Neutral,2019-01-31,1.0436314584205717
Neutral,2019-02-01,1.0414364212563896
Neutral,2019-02-04,1.0453549956528165
Neutral,2019-02-05,1.0489370857717926
Neutral,2019-02-06,1.0443753641394904
Neutral,2019-02-07,1.0436205591709953
Neutral,2019-02-08,1.0452015655996207
Neutral,2019-02-11,1.0453502279452263
Neutral,2019-02-12,1.0372989962932109
Neutral,2019-02-13,1.0389075343242877
Neutral,2019-02-14,1.0327510343541548
Neutral,2019-02-15,1.0376215798822939
Neutral,2019-02-18,1.0402730581016884
Neutral,2019-02-19,1.0406646920933187
Neutral,2019-02-20,1.0469263073718875
Neutral,2019-02-21,1.0468555584590808
Neutral,2019-02-22,1.0516597124098233
Neutral,2019-02-25,1.0558152925166755
Neutral,2019-02-26,1.0592976667737783
Neutral,2019-02-27,1.0637230774986013
Neutral,2019-02-28,1.066440530712859
Neutral,2019-03-01,1.0715814128862922
Neutral,2019-03-04,1.0684585466356173
Neutral,2019-03-05,1.0651125914308042
Neutral,2019-03-06,1.0529886012759397
Neutral,2019-03-07,1.0520254414656267
Neutral,2019-03-08,1.0464521157886493
Neutral,2019-03-11,1.0553151165349868
Neutral,2019-03-12,1.061074872621951
Neutral,2019-03-13,1.0622248951140352
Neutral,2019-03-14,1.0682389073827914
Neutral,2019-03-15,1.071702511764157
Neutral,2019-03-18,1.0725717556153733
Neutral,2019-03-19,1.07426176828182
Neutral,2019-03-20,1.0681775826071291
Neutral,2019-03-21,1.0779145790196603
Neutral,2019-03-22,1.0670011881331414
Neutral,2019-03-25,1.0675805312520146
Neutral,2019-03-26,1.0768508248486712
Neutral,2019-03-27,1.074551254055286
Neutral,2019-03-28,1.0746135419580856
Neutral,2019-03-29,1.081161486430029
Neutral,2019-04-01,1.0879224040022526
Neutral,2019-04-02,1.0899908094511852
Neutral,2019-04-03,1.0978989981121225
Neutral,2019-04-04,1.090576843197226
Neutral,2019-04-05,1.1014006409877435
Neutral,2019-04-08,1.0986129700624694
Neutral,2019-04-09,1.0982387912064875
Neutral,2019-04-10,1.1048622235849
Neutral,2019-04-11,1.1038654059663993
Neutral,2019-04-12,1.1151089859181853
Neutral,2019-04-15,1.11792348839051
Neutral,2019-04-16,1.1137742093994267
Neutral,2019-04-17,1.1006968476218204
Neutral,2019-04-18,1.1005383898080245
Neutral,2019-04-19,1.1005383898080245
Neutral,2019-04-22,1.0999336099297903
Neutral,2019-04-23,1.1135016609669295
Neutral,2019-04-24,1.1149672079600064
Neutral,2019-04-25,1.1034309557435786
Neutral,2019-04-26,1.104187022833069
Neutral,2019-04-29,1.1055520107369787
Neutral,2019-04-30,1.1129612396139552
Neutral,2019-05-01,1.1047471844410632
Neutral,2019-05-02,1.1009159617237976
Neutral,2019-05-03,1.1044560653767446
Neutral,2019-05-06,1.1029227127337293
Neutral,2019-05-07,1.0930890017013917
Neutral,2019-05-08,1.0935215217662655
Neutral,2019-05-09,1.0862462933985546
Neutral,2019-05-10,1.0989344693278515
Neutral,2019-05-13,1.0868915100988787
Neutral,2019-05-14,1.101666866595266
Neutral,2019-05-15,1.110144494354126
Neutral,2019-05-16,1.1237178902660547
Neutral,2019-05-17,1.1256792259433703
Neutral,2019-05-20,1.1173571740671
Neutral,2019-05-21,1.129045924188025
Neutral,2019-05-22,1.1256566278570297
Neutral,2019-05-23,1.1158691478803224
Neutral,2019-05-24,1.125132769638259
Neutral,2019-05-27,1.1259794563129921
Neutral,2019-05-28,1.1195422823405514
Neutral,2019-05-29,1.1059354703499442
Neutral,2019-05-30,1.1103500326793034
Neutral,2019-05-31,1.1046757567947718
Neutral,2019-06-03,1.1087745809707164
Neutral,2019-06-04,1.1164882978084383
Neutral,2019-06-05,1.1270438439103132
Neutral,2019-06-06,1.1306871134213317
Neutral,2019-06-07,1.1432152530076507
Neutral,2019-06-10,1.144578421014396
Neutral,2019-06-11,1.1482272804304714
Neutral,2019-06-12,1.150220360454869
Neutral,2019-06-13,1.147524473378109
Neutral,2019-06-14,1.150482812200554
Neutral,2019-06-17,1.1466160561040157
Neutral,2019-06-18,1.1565909945767194
Neutral,2019-06-19,1.1607619636959132
Neutral,2019-06-20,1.1759441495578653
Neutral,2019-06-21,1.1683127998865275
Neutral,2019-06-24,1.176452317936263
Neutral,2019-06-25,1.1692880874881006
Neutral,2019-06-26,1.1596212510034716
Neutral,2019-06-27,1.1660929615510338
Neutral,2019-06-28,1.1699665345096018
Neutral,2019-07-01,1.1778336801814295
Neutral,2019-07-02,1.1859554664328715
Neutral,2019-07-03,1.1987075901331854
Neutral,2019-07-04,1.1977404366007294
Neutral,2019-07-05,1.191934100381715
Neutral,2019-07-08,1.1901035096800807
Neutral,2019-07-09,1.1875728129631222
Neutral,2019-07-10,1.191970747756195
Neutral,2019-07-11,1.1983256899110646
Neutral,2019-07-12,1.1989620165209198
Neutral,2019-07-15,1.2051244806793129
Neutral,2019-07-16,1.2004638267738004
Neutral,2019-07-17,1.1983920166128323
Neutral,2019-07-18,1.2038083897376324
Neutral,2019-07-19,1.1993773682346458
Neutral,2019-07-22,1.2018218417619546
Neutral,2019-07-23,1.1978387913134654
Neutral,2019-07-24,1.1982770539341372
Neutral,2019-07-25,1.1947041292254263
Neutral,2019-07-26,1.1948837157559853
Neutral,2019-07-29,1.192703451334426
Neutral,2019-07-30,1.1851471747082303
Neutral,2019-07-31,1.1804421204906956
Neutral,2019-08-01,1.1830052879766249
Neutral,2019-08-02,1.1811067113932767
Neutral,2019-08-05,1.1592947200930885
Neutral,2019-08-06,1.1749715052640088
Neutral,2019-08-07,1.1778416570451762
Neutral,2019-08-08,1.1971478867386407
Neutral,2019-08-09,1.1962670644322413
Neutral,2019-08-12,1.1885833406805435
Neutral,2019-08-13,1.1941962270977158
Neutral,2019-08-14,1.1705318961307403
Neutral,2019-08-15,1.1759889352568451
Neutral,2019-08-16,1.1844810675089112
Neutral,2019-08-19,1.1955042927873987
Neutral,2019-08-20,1.1861178969021604
Neutral,2019-08-21,1.1993558287881454
Neutral,2019-08-22,1.1904351623116372
Neutral,2019-08-23,1.1788199051274746
Neutral,2019-08-26,1.188026583281612
Neutral,2019-08-27,1.1903039477706896
Neutral,2019-08-28,1.1865268849351187
Neutral,2019-08-29,1.1955247206403723
Neutral,2019-08-30,1.1952939006408045
Neutral,2019-09-02,1.1948120224065772
Neutral,2019-09-03,1.1963479532641463
Neutral,2019-09-04,1.212428663902453
Neutral,2019-09-05,1.2149266369493408
Neutral,2019-09-06,1.2147645388041608
Neutral,2019-09-09,1.199330210320907
Neutral,2019-09-10,1.1795745282610632
Neutral,2019-09-11,1.1804031002956106
Neutral,2019-09-12,1.1861574040678042
Neutral,2019-09-13,1.183540312339008
Neutral,2019-09-16,1.181462226570533
Neutral,2019-09-17,1.1946147413651553
Neutral,2019-09-18,1.1977011000305644
Neutral,2019-09-19,1.199502499521021
Neutral,2019-09-20,1.193231333014416
Neutral,2019-09-23,1.189384521464221
Neutral,2019-09-24,1.1927630117046022
Neutral,2019-09-25,1.1857425321523734
Neutral,2019-09-26,1.1900403871920087
Neutral,2019-09-27,1.1861258651486548
Neutral,2019-09-30,1.189683454703142
Neutral,2019-10-01,1.1804066914122406
Neutral,2019-10-02,1.1602812186528675
Neutral,2019-10-03,1.1682170853843308
Neutral,2019-10-04,1.187438915249237
Neutral,2019-10-07,1.1854423452252818
Neutral,2019-10-08,1.1723941478420314
Neutral,2019-10-09,1.1793554459120956
Neutral,2019-10-10,1.1819662033429468
Neutral,2019-10-11,1.19392726590106
Neutral,2019-10-14,1.188204495585155
Neutral,2019-10-15,1.189156674217475
Neutral,2019-10-16,1.189012735424599
Neutral,2019-10-17,1.1965806505576975
Neutral,2019-10-18,1.195702615840758
Neutral,2019-10-21,1.1922896070336593
Neutral,2019-10-22,1.190571173017781
Neutral,2019-10-23,1.1859531368608793
Neutral,2019-10-24,1.189127352439771
Neutral,2019-10-25,1.1810090654192311
Neutral,2019-10-28,1.1772774515910804
Neutral,2019-10-29,1.1819330823861791
Neutral,2019-10-30,1.1920651735603707
Neutral,2019-10-31,1.1902248289905402
Neutral,2019-11-01,1.1872585378293699
Neutral,2019-11-04,1.1792072575953878
Neutral,2019-11-05,1.1720982779946811
Neutral,2019-11-06,1.174090035254723
Neutral,2019-11-07,1.1722410854466683
Neutral,2019-11-08,1.1858803572638843
Neutral,2019-11-11,1.1924686708414347
Neutral,2019-11-12,1.1904861030534595
Neutral,2019-11-13,1.2029540868697082
Neutral,2019-11-14,1.2047013287407091
Neutral,2019-11-15,1.2129485993646847
Neutral,2019-11-18,1.2220172965816851
Neutral,2019-11-19,1.22117230924262
Neutral,2019-11-20,1.2225733150124376
Neutral,2019-11-21,1.2186182527244802
Neutral,2019-11-22,1.2151253986677344
Neutral,2019-11-25,1.218264041634701
Neutral,2019-11-26,1.2274904474846133
Neutral,2019-11-27,1.225435764675216
Neutral,2019-11-28,1.228571763847023
Neutral,2019-11-29,1.2238318125790055
Neutral,2019-12-02,1.2109962586523375
Neutral,2019-12-03,1.2114076967838587
Neutral,2019-12-04,1.222408050875689
Neutral,2019-12-05,1.2268501940325616
Neutral,2019-12-06,1.230241267045165
Neutral,2019-12-09,1.227965929443793
Neutral,2019-12-10,1.2284049777010164
Neutral,2019-12-11,1.2286375163998313
Neutral,2019-12-12,1.2247380006621316
Neutral,2019-12-13,1.2359623777752915
Neutral,2019-12-16,1.2504257918931068
Neutral,2019-12-17,1.2481017671068668
Neutral,2019-12-18,1.2515141256703632
Neutral,2019-12-19,1.2574946355192658
Neutral,2019-12-20,1.2645745505177757
Neutral,2019-12-23,1.262890927649383
Neutral,2019-12-24,1.2665022923748308
Neutral,2019-12-25,1.2665022923748308
Neutral,2019-12-26,1.2702364290421568
Neutral,2019-12-27,1.2774007857552978
Neutral,2019-12-30,1.2720617749757193
Neutral,2019-12-31,1.2748553801006075
Neutral,2020-01-01,1.2748553801006073
Neutral,2020-01-02,1.2739024682060482
Neutral,2020-01-03,1.276322430819314
Neutral,2020-01-06,1.2766063334605642
Neutral,2020-01-07,1.2720385766330697
Neutral,2020-01-08,1.269322842124548
Neutral,2020-01-09,1.2784758683820496
Neutral,2020-01-10,1.2840288163159579
Neutral,2020-01-13,1.2903867553567194
Neutral,2020-01-14,1.3013485452594171
Neutral,2020-01-15,1.3097485165736853
Neutral,2020-01-16,1.3154298708325531
Neutral,2020-01-17,1.3200063326380842
Neutral,2020-01-20,1.319459610867278
Neutral,2020-01-21,1.328497349824926
Neutral,2020-01-22,1.3359726840131478
Neutral,2020-01-23,1.3334003502287206
Neutral,2020-01-24,1.3399349650892372
Neutral,2020-01-27,1.3275169634052624
Neutral,2020-01-28,1.3292989174775791
Neutral,2020-01-29,1.3329217170570595
Neutral,2020-01-30,1.3347007123117318
Neutral,2020-01-31,1.3345972959595973
Neutral,2020-02-03,1.3334052274391732
Neutral,2020-02-04,1.3398126530786978
Neutral,2020-02-05,1.3506704202865323
Neutral,2020-02-06,1.358532634738921
Neutral,2020-02-07,1.3608181374884354
Neutral,2020-02-10,1.365123422933532
Neutral,2020-02-11,1.3709826389297595
Neutral,2020-02-12,1.3882695132631249
Neutral,2020-02-13,1.399629214507574
Neutral,2020-02-14,1.4023851575059942
Neutral,2020-02-17,1.4059226378645384
Neutral,2020-02-18,1.411367422263004
Neutral,2020-02-19,1.4098569938349048
Neutral,2020-02-20,1.4032278848112216
Neutral,2020-02-21,1.4073967646618628
Neutral,2020-02-24,1.3730578941146478
Neutral,2020-02-25,1.3481522114006572
Neutral,2020-02-26,1.3450665788549045
Neutral,2020-02-27,1.2979345903496746
Neutral,2020-02-28,1.2633957446397301
Neutral,2020-03-02,1.3130935733059628
Neutral,2020-03-03,1.3266457824477378
Neutral,2020-03-04,1.3712185685049858
Neutral,2020-03-05,1.3526192126771066
Neutral,2020-03-06,1.332809253979882
Neutral,2020-03-09,1.270601708896346
Neutral,2020-03-10,1.2628514260092134
Neutral,2020-03-11,1.2200282916551304
Neutral,2020-03-12,1.093299507480366
Neutral,2020-03-13,1.1204144961264313
Neutral,2020-03-16,1.0220202112785441
Neutral,2020-03-17,1.0554449346171306
Neutral,2020-03-18,1.0021420778851204
Neutral,2020-03-19,0.9971178430976049
Neutral,2020-03-20,0.9958432807582305
Neutral,2020-03-23,0.9652774461514854
Neutral,2020-03-24,1.053197993716035
Neutral,2020-03-25,1.0810052861759962
Neutral,2020-03-26,1.1461303205787479
Neutral,2020-03-27,1.1189292817552805
Neutral,2020-03-30,1.1618435210873406
Neutral,2020-03-31,1.1598728117636097
Neutral,2020-04-01,1.1420148396117467
Neutral,2020-04-02,1.1568468797293017
Neutral,2020-04-03,1.1526346436150787
Neutral,2020-04-06,1.1962827075477769
Neutral,2020-04-07,1.2047816733261119
Neutral,2020-04-08,1.2302278785719092
Neutral,2020-04-09,1.2547316060720872
Neutral,2020-04-10,1.2547316060720872
Neutral,2020-04-13,1.2551145793850305
Neutral,2020-04-14,1.3072719517094495
Neutral,2020-04-15,1.2887253508629615
Neutral,2020-04-16,1.3043904721716606
Neutral,2020-04-17,1.325611029099402
Neutral,2020-04-20,1.3240928082034156
Neutral,2020-04-21,1.3014602001500075
Neutral,2020-04-22,1.326712487753128
Neutral,2020-04-23,1.331017321310935
Neutral,2020-04-24,1.329282873557152
Neutral,2020-04-27,1.3378954274838153
Neutral,2020-04-28,1.3385181970459643
Neutral,2020-04-29,1.3406291572382243
Neutral,2020-04-30,1.3411943272415063
Neutral,2020-05-01,1.3350462723772742
Neutral,2020-05-04,1.3390558626695983
Neutral,2020-05-05,1.3521100366488583
Neutral,2020-05-06,1.347017587115129
Neutral,2020-05-07,1.367968952973186
Neutral,2020-05-08,1.3887722839067704
Neutral,2020-05-11,1.4018479198325755
Neutral,2020-05-12,1.4003789479807043
Neutral,2020-05-13,1.382301273592524
Neutral,2020-05-14,1.3686295532256192
Neutral,2020-05-15,1.3817264442895305
Neutral,2020-05-18,1.408745735984961
Neutral,2020-05-19,1.4196221667091418
Neutral,2020-05-20,1.430890723895379
Neutral,2020-05-21,1.4225966269495895
Neutral,2020-05-22,1.4230223559222672
Neutral,2020-05-25,1.4372679018132724
Neutral,2020-05-26,1.4657795928381268
Neutral,2020-05-27,1.451816835330977
Neutral,2020-05-28,1.4886672187871615
Neutral,2020-05-29,1.51264651434524
Neutral,2020-06-01,1.521182154686991
Neutral,2020-06-02,1.5288533107521043
Neutral,2020-06-03,1.5256800376217612
Neutral,2020-06-04,1.5172836342964913
Neutral,2020-06-05,1.5206666837195169
Neutral,2020-06-08,1.4944248613533357
Neutral,2020-06-09,1.5013231283950483
Neutral,2020-06-10,1.5282722273155434
Neutral,2020-06-11,1.4881211227937943
Neutral,2020-06-12,1.485356445441016
Neutral,2020-06-15,1.4956345457256721
Neutral,2020-06-16,1.5174400230120018
Neutral,2020-06-17,1.5219595616216268
Neutral,2020-06-18,1.5272453817216203
Neutral,2020-06-19,1.5400362358614594
Neutral,2020-06-22,1.5602545151002682
Neutral,2020-06-23,1.5786254487132783
Neutral,2020-06-24,1.5332679156663265
Neutral,2020-06-25,1.5391133446547505
Neutral,2020-06-26,1.528840712046365
Neutral,2020-06-29,1.5330053666706822
Neutral,2020-06-30,1.5363312669521916
Neutral,2020-07-01,1.5609765954192871
Neutral,2020-07-02,1.5881951832139942
Neutral,2020-07-03,1.5890662745028892
Neutral,2020-07-06,1.609808018935959
Neutral,2020-07-07,1.6217963448892299
Neutral,2020-07-08,1.6266675672757915
Neutral,2020-07-09,1.6427031783277581
Neutral,2020-07-10,1.6339713726207084
Neutral,2020-07-13,1.6320151625665589
Neutral,2020-07-14,1.634107730300687
Neutral,2020-07-15,1.651156302607142
Neutral,2020-07-16,1.653027853497972
Neutral,2020-07-17,1.6709278881495617
Neutral,2020-07-20,1.6923779192064095
Neutral,2020-07-21,1.6725020043520105
Neutral,2020-07-22,1.6827462452128321
Neutral,2020-07-23,1.6992000390516988
Neutral,2020-07-24,1.6717481042959097
Neutral,2020-07-27,1.6833808745587642
Neutral,2020-07-28,1.6925082340794382
Neutral,2020-07-29,1.702980966025142
Neutral,2020-07-30,1.682026759056479
Neutral,2020-07-31,1.6883465373822348
Neutral,2020-08-03,1.7113749816970707
Neutral,2020-08-04,1.7030873065949554
Neutral,2020-08-05,1.722948903700066
Neutral,2020-08-06,1.7172455729958613
Neutral,2020-08-07,1.7239488372514922
Neutral,2020-08-10,1.6856160251662733
Neutral,2020-08-11,1.6763101116808503
Neutral,2020-08-12,1.6947385124204444
Neutral,2020-08-13,1.7141244007776908
Neutral,2020-08-14,1.6968651585690506
Neutral,2020-08-17,1.735400890966018
Neutral,2020-08-18,1.7250557319450648
Neutral,2020-08-19,1.7273204906392208
Neutral,2020-08-20,1.7234195782933825
Neutral,2020-08-21,1.7175661335715366
Neutral,2020-08-24,1.7237674897491735
Neutral,2020-08-25,1.7282337197529
Neutral,2020-08-26,1.7406189777167134
Neutral,2020-08-27,1.731746602508458
Neutral,2020-08-28,1.7412019830076424
Neutral,2020-08-31,1.7492917178044616
Neutral,2020-09-01,1.7472530003618025
Neutral,2020-09-02,1.7563200925213773
Neutral,2020-09-03,1.6863103584279764
Neutral,2020-09-04,1.6561751391894717
Neutral,2020-09-07,1.6759154700630077
Neutral,2020-09-08,1.6459601690965868
Neutral,2020-09-09,1.6773252312743214
Neutral,2020-09-10,1.6797247897230094
Neutral,2020-09-11,1.6830139129155586
Neutral,2020-09-14,1.6975602580664797
Neutral,2020-09-15,1.712680372658297
Neutral,2020-09-16,1.7061007574021703
Neutral,2020-09-17,1.6996657122425056
Neutral,2020-09-18,1.7162382613198977
Neutral,2020-09-21,1.6810848740597015
Neutral,2020-09-22,1.6923313325152167
Neutral,2020-09-23,1.6849024720970616
Neutral,2020-09-24,1.6730061952727027
Neutral,2020-09-25,1.6869462610996144
Neutral,2020-09-28,1.713043578264758
Neutral,2020-09-29,1.7221350482959117
Neutral,2020-09-30,1.7247907063723977
Neutral,2020-10-01,1.7515280751180458
Neutral,2020-10-02,1.7419423637657336
Neutral,2020-10-05,1.761968034884763
Neutral,2020-10-06,1.7455658246904104
Neutral,2020-10-07,1.7695583014162026
Neutral,2020-10-08,1.7709036621472933
Neutral,2020-10-09,1.7980989591263676
Neutral,2020-10-12,1.8169084430687379
Neutral,2020-10-13,1.8241833087946373
Neutral,2020-10-14,1.8129417422084253
Neutral,2020-10-15,1.7926211976496356
Neutral,2020-10-16,1.8023445586575355
Neutral,2020-10-19,1.78807678968124
Neutral,2020-10-20,1.78554584548814
Neutral,2020-10-21,1.7780007633379669
Neutral,2020-10-22,1.7717396148898146
Neutral,2020-10-23,1.7858420630081646
Neutral,2020-10-26,1.7724229484039433
Neutral,2020-10-27,1.7618853018503324
Neutral,2020-10-28,1.7023957615377758
Neutral,2020-10-29,1.695942716029955
Neutral,2020-10-30,1.6844960907356485
Neutral,2020-11-02,1.6843089381310972
Neutral,2020-11-03,1.720026398863463
Neutral,2020-11-04,1.7743977819821337
Neutral,2020-11-05,1.811127584382734
Neutral,2020-11-06,1.8220749909793297
Neutral,2020-11-09,1.7404785121148563
Neutral,2020-11-10,1.714358007428138
Neutral,2020-11-11,1.7482395709808582
Neutral,2020-11-12,1.749668142769321
Neutral,2020-11-13,1.7503502446148502
Neutral,2020-11-16,1.74224901574395
Neutral,2020-11-17,1.7371598918999043
Neutral,2020-11-18,1.7376793955298788
Neutral,2020-11-19,1.7494547641742766
Neutral,2020-11-20,1.752680563859972
Neutral,2020-11-23,1.7538801742863157
Neutral,2020-11-24,1.7261770667335472
Neutral,2020-11-25,1.7370382519431935
Neutral,2020-11-26,1.742815817296366
Neutral,2020-11-27,1.780749815658286
Neutral,2020-11-30,1.8061655184972016
Neutral,2020-12-01,1.8026638635098178
Neutral,2020-12-02,1.80308828432634
Neutral,2020-12-03,1.8117713774395614
Neutral,2020-12-04,1.8097044633953379
Neutral,2020-12-07,1.8108504213569163
Neutral,2020-12-08,1.820194627008327
Neutral,2020-12-09,1.7984926146659042
Neutral,2020-12-10,1.8130817711140395
Neutral,2020-12-11,1.8272398622848283
Neutral,2020-12-14,1.8441593012993502
Neutral,2020-12-15,1.836876448598056
Neutral,2020-12-16,1.8446669194606722
Neutral,2020-12-17,1.8533341548357642
Neutral,2020-12-18,1.862298167885152
Neutral,2020-12-21,1.8410611170426014
Neutral,2020-12-22,1.862727052629626
Neutral,2020-12-23,1.8622260900663183
Neutral,2020-12-24,1.8713397340955717
Neutral,2020-12-25,1.8713397340955717
Neutral,2020-12-28,1.881877272660146
Neutral,2020-12-29,1.8908092816505957
Neutral,2020-12-30,1.8903332211694555
Neutral,2020-12-31,1.8877244643247115
Neutral,2021-01-01,1.887724464324712
Neutral,2021-01-04,1.9169732060839955
Neutral,2021-01-05,1.9110459518629423
Neutral,2021-01-06,1.935202894235362
Neutral,2021-01-07,1.9623106208924321
Neutral,2021-01-08,1.9744908641071968
Neutral,2021-01-11,1.927143065525441
Neutral,2021-01-12,1.9149180580272158
Neutral,2021-01-13,1.901464467168855
Neutral,2021-01-14,1.9042103496344656
Neutral,2021-01-15,1.8806637226543894
Neutral,2021-01-18,1.8802160805525883
Neutral,2021-01-19,1.897714825373943
Neutral,2021-01-20,1.9220658546916802
Neutral,2021-01-21,1.9481913986656099
Neutral,2021-01-22,1.9629790831562035
Neutral,2021-01-25,1.966121996253986
Neutral,2021-01-26,1.9367869951264522
Neutral,2021-01-27,1.8763919240509752
Neutral,2021-01-28,1.894628215761654
Neutral,2021-01-29,1.8751161281179847
Neutral,2021-02-01,1.9042775853590348
Neutral,2021-02-02,1.9297233512258285
Neutral,2021-02-03,1.9329584115958764
Neutral,2021-02-04,1.9242596571480242
Neutral,2021-02-05,1.9397786866924336
Neutral,2021-02-08,1.9382315937931194
Neutral,2021-02-09,1.9321426167088884
Neutral,2021-02-10,1.9295067677521753
Neutral,2021-02-11,1.9525360393785935
Neutral,2021-02-12,1.946261799137852
Neutral,2021-02-15,1.9547901871081046
Neutral,2021-02-16,1.9404659102332416
Neutral,2021-02-17,1.9279226108765193
Neutral,2021-02-18,1.9010784757056582
Neutral,2021-02-19,1.9167412680659646
Neutral,2021-02-22,1.8893139278071793
Neutral,2021-02-23,1.8577923438965485
Neutral,2021-02-24,1.8549776094180872
Neutral,2021-02-25,1.8513115603576211
Neutral,2021-02-26,1.8254299439085004
Neutral,2021-03-01,1.8539265814399195
Neutral,2021-03-02,1.8271492633790878
Neutral,2021-03-03,1.7693265818673782
Neutral,2021-03-04,1.721127304843991
Neutral,2021-03-05,1.692800352092175
Neutral,2021-03-08,1.6722715872118012
Neutral,2021-03-09,1.7371966961118461
Neutral,2021-03-10,1.7374746118904405
Neutral,2021-03-11,1.7841189662620633
Neutral,2021-03-12,1.7653936727384578
Neutral,2021-03-15,1.7753457559297952
Neutral,2021-03-16,1.7912349887324759
Neutral,2021-03-17,1.7650857385484489
Neutral,2021-03-18,1.7501508048232934
Neutral,2021-03-19,1.7753821655728483
Neutral,2021-03-22,1.8008234232549465
Neutral,2021-03-23,1.8149085008241173
Neutral,2021-03-24,1.7822486174980408
Neutral,2021-03-25,1.77638435007408
Neutral,2021-03-26,1.8057550434694398
Neutral,2021-03-29,1.7937967991990809
Neutral,2021-03-30,1.7807173833970729
Neutral,2021-03-31,1.8052026135991672
Neutral,2021-04-01,1.8108424838444754
Neutral,2021-04-02,1.8108424838444754
Neutral,2021-04-05,1.825234234959418
Neutral,2021-04-06,1.8494466178017506
Neutral,2021-04-07,1.8498462103672095
Neutral,2021-04-08,1.8712902149802593
Neutral,2021-04-09,1.8846267872470261
Neutral,2021-04-12,1.8828432117206504
Neutral,2021-04-13,1.9085776819187836
Neutral,2021-04-14,1.9049365925297108
Neutral,2021-04-15,1.9301737589521626
Neutral,2021-04-16,1.9398448672805613
Neutral,2021-04-19,1.9496929058587722
Neutral,2021-04-20,1.940880385243
Neutral,2021-04-21,1.952126412268632
Neutral,2021-04-22,1.9561617640049624
Neutral,2021-04-23,1.9693512952341758
Neutral,2021-04-26,1.9690068584463578
Neutral,2021-04-27,2.0252480281810827
Neutral,2021-04-28,2.0064311304352995
Neutral,2021-04-29,2.027563668363853
Neutral,2021-04-30,2.014882673096773
Neutral,2021-05-03,2.014675510679639
Neutral,2021-05-04,1.9675421707648875
Neutral,2021-05-05,1.9993884343205282
Neutral,2021-05-06,1.9711450959493757
Neutral,2021-05-07,2.0073196946404157
Neutral,2021-05-10,1.9984847088315312
Neutral,2021-05-11,1.9217167212718498
Neutral,2021-05-12,1.9085737473793973
Neutral,2021-05-13,1.9113148556780108
Neutral,2021-05-14,1.9341151628726
Neutral,2021-05-17,1.9182312276954891
Neutral,2021-05-18,1.939641815284129
Neutral,2021-05-19,1.9156252304610115
Neutral,2021-05-20,1.9608455394234918
Neutral,2021-05-21,1.961559852827431
Neutral,2021-05-24,1.9870993919053286
Neutral,2021-05-25,2.002102589746908
Neutral,2021-05-26,2.0102921381149814
Neutral,2021-05-27,2.028090433955638
Neutral,2021-05-28,2.0243087312676997
Neutral,2021-05-31,2.0361186462427967
Neutral,2021-06-01,2.033194622240395
Neutral,2021-06-02,2.0246299618254344
Neutral,2021-06-03,2.0146580253380626
Neutral,2021-06-04,2.0220776822401327
Neutral,2021-06-07,2.0388364597100392
Neutral,2021-06-08,2.0465669981308814
Neutral,2021-06-09,2.0590486097922733
Neutral,2021-06-10,2.0618899713284393
Neutral,2021-06-11,2.061995686349349
Neutral,2021-06-14,2.075094181705973
Neutral,2021-06-15,2.041927440411871
Neutral,2021-06-16,2.0435068731399104
Neutral,2021-06-17,2.0131324329327627
Neutral,2021-06-18,2.00331663999332
Neutral,2021-06-21,2.016422888546854
Neutral,2021-06-22,2.0315132970888357
Neutral,2021-06-23,2.018684121041069
Neutral,2021-06-24,2.0502685475190874
Neutral,2021-06-25,2.058130323232875
Neutral,2021-06-28,2.029132940253433
Neutral,2021-06-29,2.0400401147920184
Neutral,2021-06-30,2.0274928772890126
Neutral,2021-07-01,2.0351829450494257
Neutral,2021-07-02,2.0546436065874394
Neutral,2021-07-05,2.0598762975655864
Neutral,2021-07-06,2.0725996121649755
Neutral,2021-07-07,2.08989183747609
Neutral,2021-07-08,2.0700758981715905
Neutral,2021-07-09,2.0820359661816843
Neutral,2021-07-12,2.0970833631833607
Neutral,2021-07-13,2.0973423306653594
Neutral,2021-07-14,2.0877502984988965
Neutral,2021-07-15,2.0765015821355006
Neutral,2021-07-16,2.0864171088986425
Neutral,2021-07-19,2.0701828455006885
Neutral,2021-07-20,2.067656183511716
Neutral,2021-07-21,2.0832389084791507
Neutral,2021-07-22,2.1073899669951293
Neutral,2021-07-23,2.1426239746322207
Neutral,2021-07-26,2.151379695572018
Neutral,2021-07-27,2.1501955960111134
Neutral,2021-07-28,2.158547760531398
Neutral,2021-07-29,2.167186072737259
Neutral,2021-07-30,2.1688639120329958
Neutral,2021-08-02,2.170494445555477
Neutral,2021-08-03,2.1642544378553756
Neutral,2021-08-04,2.165248346083749
Neutral,2021-08-05,2.1602187338020333
Neutral,2021-08-06,2.143999650831718
Neutral,2021-08-09,2.145922002963193
Neutral,2021-08-10,2.1525148429725998
Neutral,2021-08-11,2.149206828590978
Neutral,2021-08-12,2.157069705881882
Neutral,2021-08-13,2.166297154258976
Neutral,2021-08-16,2.1671105176484255
Neutral,2021-08-17,2.1741645789964874
Neutral,2021-08-18,2.168917025975129
Neutral,2021-08-19,2.143918588042805
Neutral,2021-08-20,2.1644774175380355
Neutral,2021-08-23,2.183678427947451
Neutral,2021-08-24,2.180162007622611
Neutral,2021-08-25,2.186578611273536
Neutral,2021-08-26,2.181017523240093
Neutral,2021-08-27,2.1861505168517423
Neutral,2021-08-30,2.1989502620541503
Neutral,2021-08-31,2.18746080950502
Neutral,2021-09-01,2.201747634694054
Neutral,2021-09-02,2.2360280059176127
Neutral,2021-09-03,2.2309784342284273
Neutral,2021-09-06,2.2386186975341893
Neutral,2021-09-07,2.230217539054943
Neutral,2021-09-08,2.228296143409872
Neutral,2021-09-09,2.216981969730475
Neutral,2021-09-10,2.2044051077768527
Neutral,2021-09-13,2.153922008055433
Neutral,2021-09-14,2.167476254058542
Neutral,2021-09-15,2.166209153323913
Neutral,2021-09-16,2.177191455144061
Neutral,2021-09-17,2.166673863613722
Neutral,2021-09-20,2.126371660726294
Neutral,2021-09-21,2.1513932120011816
Neutral,2021-09-22,2.160149673442424
Neutral,2021-09-23,2.1938171781135143
Neutral,2021-09-24,2.162001735273861
Neutral,2021-09-27,2.0988673790361525
Neutral,2021-09-28,2.0386113078802226
Neutral,2021-09-29,2.0516088975146367
Neutral,2021-09-30,2.0348674506538034
Neutral,2021-10-01,2.045420120849216
Neutral,2021-10-04,2.0269029262317058
Neutral,2021-10-05,2.034877942457593
Neutral,2021-10-06,2.0081918945281925
Neutral,2021-10-07,2.0279506872611663
Neutral,2021-10-08,2.0071058357881375
Neutral,2021-10-11,1.9947721312929125
Neutral,2021-10-12,2.0168078745864984
Neutral,2021-10-13,2.0482616608132265
Neutral,2021-10-14,2.0865337086713067
Neutral,2021-10-15,2.111731685794391
Neutral,2021-10-18,2.1253290820864383
Neutral,2021-10-19,2.152001197074859
Neutral,2021-10-20,2.1566934280366468
Neutral,2021-10-21,2.1826515808838063
Neutral,2021-10-22,2.195527716725812
Neutral,2021-10-25,2.2087144757906874
Neutral,2021-10-26,2.21098277945667
Neutral,2021-10-27,2.213384261985163
Neutral,2021-10-28,2.1995000616557414
Neutral,2021-10-29,2.193226222737744
Neutral,2021-11-01,2.209903024082509
Neutral,2021-11-02,2.2183304772529313
Neutral,2021-11-03,2.2233607393071533
Neutral,2021-11-04,2.2319129699901135
Neutral,2021-11-05,2.180673700058439
Neutral,2021-11-08,2.1894427082852
Neutral,2021-11-09,2.182733640315945
Neutral,2021-11-10,2.1711305530353804
Neutral,2021-11-11,2.177237455415702
Neutral,2021-11-12,2.188516705194163
Neutral,2021-11-15,2.204307299576974
Neutral,2021-11-16,2.204234006793712
Neutral,2021-11-17,2.17633282199484
Neutral,2021-11-18,2.1886180967290985
Neutral,2021-11-19,2.18195564848305
Neutral,2021-11-22,2.150459891589351
Neutral,2021-11-23,2.0931705391411795
Neutral,2021-11-24,2.0873377564847564
Neutral,2021-11-25,2.0525072630227497
Neutral,2021-11-26,2.0324907444139533
Neutral,2021-11-29,2.054052387788367
Neutral,2021-11-30,2.0305699067999274
Neutral,2021-12-01,2.02351162932647
Neutral,2021-12-02,2.0032570793673434
Neutral,2021-12-03,1.9838248975006842
Neutral,2021-12-06,1.9831795008642557
Neutral,2021-12-07,2.0329910004772143
Neutral,2021-12-08,2.0492466716785
Neutral,2021-12-09,2.050643166746359
Neutral,2021-12-10,2.0528494514859745
Neutral,2021-12-13,2.0627939902570445
Neutral,2021-12-14,2.031142383774266
Neutral,2021-12-15,2.06480959095637
Neutral,2021-12-16,2.0579599713183803
Neutral,2021-12-17,2.053081587091408
Neutral,2021-12-20,2.025273879018688
Neutral,2021-12-21,2.0373925355460147
Neutral,2021-12-22,2.067797413276072
Neutral,2021-12-23,2.0905427308925395
Neutral,2021-12-24,2.0891246717515077
Neutral,2021-12-27,2.1257891906108886
Neutral,2021-12-28,2.1303530249620586
Neutral,2021-12-29,2.1285837081791303
Neutral,2021-12-30,2.149980054157993
Neutral,2021-12-31,2.14428666971289
Neutral,2022-01-03,2.1269768394375324
Neutral,2022-01-04,2.1108069990759546
Neutral,2022-01-05,2.0849534365538056
Neutral,2022-01-06,2.0594706522361768
Neutral,2022-01-07,2.0211181235391367
Neutral,2022-01-10,1.9908265716627025
Neutral,2022-01-11,2.0035930522516545
Neutral,2022-01-12,2.014712178003525
Neutral,2022-01-13,2.003932212551174
Neutral,2022-01-14,1.982592956146314
Neutral,2022-01-17,1.9781490225199954
Neutral,2022-01-18,1.933623712360715
Neutral,2022-01-19,1.925404025026992
Neutral,2022-01-20,1.925223950864611
Neutral,2022-01-21,1.891355202868823
Neutral,2022-01-24,1.8517614949274679
Neutral,2022-01-25,1.8356189091376087
Neutral,2022-01-26,1.8564004789549386
Neutral,2022-01-27,1.827655979136801
Neutral,2022-01-28,1.8486708092485025
Neutral,2022-01-31,1.8859366808685811
Neutral,2022-02-01,1.9139832264447427
Neutral,2022-02-02,1.9467406827217149
Neutral,2022-02-03,1.9006842642558706
Neutral,2022-02-04,1.9001688529543381
Neutral,2022-02-07,1.896639799520662
Neutral,2022-02-08,1.8836520782706736
Neutral,2022-02-09,1.9225870541032648
Neutral,2022-02-10,1.9009130375169407
Neutral,2022-02-11,1.8784683278359111
Neutral,2022-02-14,1.8349637808884784
Neutral,2022-02-15,1.8640579560279198
Neutral,2022-02-16,1.8562518210343686
Neutral,2022-02-17,1.844303626137972
Neutral,2022-02-18,1.8181175773539455
Neutral,2022-02-21,1.8005432153186596
Neutral,2022-02-22,1.7949517644389705
Neutral,2022-02-23,1.7807809362994043
Neutral,2022-02-24,1.7820525691892835
Neutral,2022-02-25,1.833702003303158
Neutral,2022-02-28,1.8495666170635097
Neutral,2022-03-01,1.8548077973951689
Neutral,2022-03-02,1.8538783236518137
Neutral,2022-03-03,1.8469322030702855
Neutral,2022-03-04,1.823484184160912
Neutral,2022-03-07,1.791168123714662
Neutral,2022-03-08,1.7541261084102784
Neutral,2022-03-09,1.7997264768359524
Neutral,2022-03-10,1.7998349538447938
Neutral,2022-03-11,1.7871205908046677
Neutral,2022-03-14,1.8007080152058716
Neutral,2022-03-15,1.8244365270020928
Neutral,2022-03-16,1.869920856700798
Neutral,2022-03-17,1.8879299594779095
Neutral,2022-03-18,1.9176907302879127
Neutral,2022-03-21,1.9173426356832333
Neutral,2022-03-22,1.9346581641176115
Neutral,2022-03-23,1.9065667154845334
Neutral,2022-03-24,1.9164357309842184
Neutral,2022-03-25,1.923648901427461
Neutral,2022-03-28,1.9357165992137861
Neutral,2022-03-29,1.9782036173068291
Neutral,2022-03-30,1.9785502847999694
Neutral,2022-03-31,1.9468628592096804
Neutral,2022-04-01,1.9645900314038178
Neutral,2022-04-04,1.974412257245461
Neutral,2022-04-05,1.9739819543482708
Neutral,2022-04-06,1.951690103511506
Neutral,2022-04-07,1.9767102631849252
Neutral,2022-04-08,1.972447466705873
Neutral,2022-04-11,1.9468461990753927
Neutral,2022-04-12,1.9300791970231175
Neutral,2022-04-13,1.9298905137606306
Neutral,2022-04-14,1.9308806475729834
Neutral,2022-04-15,1.9308806475729834
Neutral,2022-04-18,1.9221109043005555
Neutral,2022-04-19,1.9136257833837378
Neutral,2022-04-20,1.9175694892961737
Neutral,2022-04-21,1.895980801310678
Neutral,2022-04-22,1.8517809886648657
Neutral,2022-04-25,1.8334295275168253
Neutral,2022-04-26,1.7862255972993173
Neutral,2022-04-27,1.7888076538567659
Neutral,2022-04-28,1.798882729476115
Neutral,2022-04-29,1.7793463473644944
Neutral,2022-05-02,1.7684781306531054
Neutral,2022-05-03,1.7829122764213252
Neutral,2022-05-04,1.8003911173037017
Neutral,2022-05-05,1.755964751235122
Neutral,2022-05-06,1.7297814911983922
Neutral,2022-05-09,1.6706199342470682
Neutral,2022-05-10,1.6735402121661551
Neutral,2022-05-11,1.6611844211154903
Neutral,2022-05-12,1.6461141833579025
Neutral,2022-05-13,1.6754610304222401
Neutral,2022-05-16,1.674706056818772
Neutral,2022-05-17,1.6819252115719427
Neutral,2022-05-18,1.616942192496559
Neutral,2022-05-19,1.6168666479010814
Neutral,2022-05-20,1.6283607851668234
Neutral,2022-05-23,1.654789847685003
Neutral,2022-05-24,1.6497645539881356
Neutral,2022-05-25,1.6459147757233585
Neutral,2022-05-26,1.6650041096332566
Neutral,2022-05-27,1.7085429388163333
Neutral,2022-05-30,1.7168218619324178
Neutral,2022-05-31,1.6888688816129689
Neutral,2022-06-01,1.6775661445275576
Neutral,2022-06-02,1.7116893761785092
Neutral,2022-06-03,1.696901527016188
Neutral,2022-06-06,1.6968814320505927
Neutral,2022-06-07,1.6987684903483906
Neutral,2022-06-08,1.6890160833450694
Neutral,2022-06-09,1.6614769692296538
Neutral,2022-06-10,1.6210746179312459
Neutral,2022-06-13,1.5544345595347737
Neutral,2022-06-14,1.5442320649129204
Neutral,2022-06-15,1.5634561606291224
Neutral,2022-06-16,1.5290228335188114
Neutral,2022-06-17,1.5160909218926273
Neutral,2022-06-20,1.5298481565644293
Neutral,2022-06-21,1.5576843878595688
Neutral,2022-06-22,1.5521836284006822
Neutral,2022-06-23,1.5649906886929166
Neutral,2022-06-24,1.5941578276104673
Neutral,2022-06-27,1.6114223969861985
Neutral,2022-06-28,1.591744527314675
Neutral,2022-06-29,1.5853781386172217
Neutral,2022-06-30,1.5695447817013677
Neutral,2022-07-01,1.573383619578416
Neutral,2022-07-04,1.5757162661573105
Neutral,2022-07-05,1.557917566945945
Neutral,2022-07-06,1.5651776812886562
Neutral,2022-07-07,1.601815389250884
Neutral,2022-07-08,1.6051924456165518
Neutral,2022-07-11,1.5929499531058946
Neutral,2022-07-12,1.5841882798664109
Neutral,2022-07-13,1.585738586100273
Neutral,2022-07-14,1.566788981426805
Neutral,2022-07-15,1.5935046145864158
Neutral,2022-07-18,1.5944242488537244
Neutral,2022-07-19,1.6196859059176707
Neutral,2022-07-20,1.6100056843204316
Neutral,2022-07-21,1.6321898395646057
Neutral,2022-07-22,1.6350686417559475
Neutral,2022-07-25,1.636410004459469
Neutral,2022-07-26,1.6256723781044486
Neutral,2022-07-27,1.639913853965528
Neutral,2022-07-28,1.6513165962320058
Neutral,2022-07-29,1.6756220918988018
Neutral,2022-08-01,1.6774640190881778
Neutral,2022-08-02,1.679414578877517
Neutral,2022-08-03,1.7072729563233873
Neutral,2022-08-04,1.7031216452879538
Neutral,2022-08-05,1.674962896678838
Neutral,2022-08-08,1.6766910809884825
Neutral,2022-08-09,1.66174027795762
Neutral,2022-08-10,1.6808428769167556
Neutral,2022-08-11,1.6817717906915568
Neutral,2022-08-12,1.689272236918873
Neutral,2022-08-15,1.6991777205380012
Neutral,2022-08-16,1.6948847128429512
Neutral,2022-08-17,1.6831195743931768
Neutral,2022-08-18,1.6950159204990995
Neutral,2022-08-19,1.6757698526064897
Neutral,2022-08-22,1.6642514347890893
Neutral,2022-08-23,1.6523716201123182
Neutral,2022-08-24,1.657506770292446
Neutral,2022-08-25,1.662897692274347
Neutral,2022-08-26,1.6297856336271288
Neutral,2022-08-29,1.614319291078227
Neutral,2022-08-30,1.5942185268536069
Neutral,2022-08-31,1.5821927068298038
Neutral,2022-09-01,1.5790641980801496
Neutral,2022-09-02,1.5801842703946198
Neutral,2022-09-05,1.5734442912815674
Neutral,2022-09-06,1.5794703226626539
Neutral,2022-09-07,1.5967546417868437
Neutral,2022-09-08,1.6134272041742717
Neutral,2022-09-09,1.6483853695173545
Neutral,2022-09-12,1.6549344160800243
Neutral,2022-09-13,1.6171635293737971
Neutral,2022-09-14,1.6078646285005451
Neutral,2022-09-15,1.595817606131799
Neutral,2022-09-16,1.5862148821978364
Neutral,2022-09-19,1.577127827182394
Neutral,2022-09-20,1.5686350602177446
Neutral,2022-09-21,1.5490992958497798
Neutral,2022-09-22,1.5363858530236316
Neutral,2022-09-23,1.4963520985599537
Neutral,2022-09-26,1.4827600135444674
Neutral,2022-09-27,1.4857201326990812
Neutral,2022-09-28,1.500159620154049
Neutral,2022-09-29,1.4769735197120561
Neutral,2022-09-30,1.4788824785102603
Neutral,2022-10-03,1.4787928731223132
Neutral,2022-10-04,1.5214441441259214
Neutral,2022-10-05,1.519803695352324
Neutral,2022-10-06,1.5122963064283288
Neutral,2022-10-07,1.477480902802539
Neutral,2022-10-10,1.4760974277942926
Neutral,2022-10-11,1.4830510059509003
Neutral,2022-10-12,1.4791579966664716
Neutral,2022-10-13,1.5034961518109882
Neutral,2022-10-14,1.46835260731114
Neutral,2022-10-17,1.4961456164735178
Neutral,2022-10-18,1.5133311936800855
Neutral,2022-10-19,1.4921270352546274
Neutral,2022-10-20,1.472036949302896
Neutral,2022-10-21,1.4908600612277092
Neutral,2022-10-24,1.5231233024989022
Neutral,2022-10-25,1.5590519683368207
Neutral,2022-10-26,1.582577896285652
Neutral,2022-10-27,1.5706375168158104
Neutral,2022-10-28,1.5982479230291282
Neutral,2022-10-31,1.6021236038577755
Neutral,2022-11-01,1.6091070116374697
Neutral,2022-11-02,1.5858800356135254
Neutral,2022-11-03,1.5846944945884198
Neutral,2022-11-04,1.5870537275606804
Neutral,2022-11-07,1.5980739425999693
Neutral,2022-11-08,1.5965882344205578
Neutral,2022-11-09,1.5936774453023688
Neutral,2022-11-10,1.6157664231210673
Neutral,2022-11-11,1.6088490093897454
Neutral,2022-11-14,1.6134680390312557
Neutral,2022-11-15,1.6224618840593388
Neutral,2022-11-16,1.6246499685512403
Neutral,2022-11-17,1.6234270781021893
Neutral,2022-11-18,1.6328645058243518
Neutral,2022-11-21,1.6264974162195298
Neutral,2022-11-22,1.638598107693685
Neutral,2022-11-23,1.6494728190511514
Neutral,2022-11-24,1.6573712724722334
Neutral,2022-11-25,1.6667538436474985
Neutral,2022-11-28,1.6667364223827765
Neutral,2022-11-29,1.6550239062808743
Neutral,2022-11-30,1.6892100124745464
Neutral,2022-12-01,1.7034096455499892
Neutral,2022-12-02,1.7105397087893215
Neutral,2022-12-05,1.67450995213589
Neutral,2022-12-06,1.6590260501205265
Neutral,2022-12-07,1.6606843590811646
Neutral,2022-12-08,1.6683656014758435
Neutral,2022-12-09,1.6599879687193042
Neutral,2022-12-12,1.655586806236795
Neutral,2022-12-13,1.6639826690239254
Neutral,2022-12-14,1.6750223198500818
Neutral,2022-12-15,1.6500589120773534
Neutral,2022-12-16,1.6329894915076426
Neutral,2022-12-19,1.6255976093591304
Neutral,2022-12-20,1.6241979020314532
Neutral,2022-12-21,1.6492096983637687
Neutral,2022-12-22,1.635427817050985
Neutral,2022-12-23,1.6327308159873644
Neutral,2022-12-26,1.6327308159873644
Neutral,2022-12-27,1.6120370799542627
Neutral,2022-12-28,1.6011024762626656
Neutral,2022-12-29,1.6160236598445705
Neutral,2022-12-30,1.6116658093409226
Neutral,2023-01-02,1.6163762923810365
Neutral,2023-01-03,1.6079665029611854
Neutral,2023-01-04,1.6038278416953164
Neutral,2023-01-05,1.5906788025963903
Neutral,2023-01-06,1.6013105779799075
Neutral,2023-01-09,1.6016149398180652
Neutral,2023-01-10,1.6039187530124357
Neutral,2023-01-11,1.6004862593956264
Neutral,2023-01-12,1.606933586264973
Neutral,2023-01-13,1.6215481976090673
Neutral,2023-01-16,1.62897036860395
Neutral,2023-01-17,1.6305493632398695
Neutral,2023-01-18,1.6224599174010328
Neutral,2023-01-19,1.5997814584012147
Neutral,2023-01-20,1.6154965169117896
Neutral,2023-01-23,1.629227205208757
Neutral,2023-01-24,1.6244628782150201
Neutral,2023-01-25,1.617342692928091
Neutral,2023-01-26,1.6193753133634157
Neutral,2023-01-27,1.6211339000019163
Neutral,2023-01-30,1.6157858843392932
Neutral,2023-01-31,1.6115278751239117
Neutral,2023-02-01,1.6155961597668378
Neutral,2023-02-02,1.6099479835108328
Neutral,2023-02-03,1.6020801710922523
Neutral,2023-02-06,1.597066806077727
Neutral,2023-02-07,1.5920248889291733
Neutral,2023-02-08,1.5875260933641058
Neutral,2023-02-09,1.5949148325518785
Neutral,2023-02-10,1.5899881678501293
Neutral,2023-02-13,1.611957066911552
Neutral,2023-02-14,1.6205053868138966
Neutral,2023-02-15,1.6207393660557916
Neutral,2023-02-16,1.6105201994742564
Neutral,2023-02-17,1.6112288834924882
Neutral,2023-02-20,1.6109325264076668
Neutral,2023-02-21,1.6061713509025952
Neutral,2023-02-22,1.596951821359186
Neutral,2023-02-23,1.600612856410226
Neutral,2023-02-24,1.588022111368234
Neutral,2023-02-27,1.593957597463334
Neutral,2023-02-28,1.5874007890878357
Neutral,2023-03-01,1.5822153446345755
Neutral,2023-03-02,1.5880131473392205
Neutral,2023-03-03,1.6026275719475
Neutral,2023-03-06,1.6025987781786013
Neutral,2023-03-07,1.5975490256255507
Neutral,2023-03-08,1.581929862625378
Neutral,2023-03-09,1.571052017119297
Neutral,2023-03-10,1.5570603481699403
Neutral,2023-03-13,1.5549941919809191
Neutral,2023-03-14,1.5771317842913553
Neutral,2023-03-15,1.5556129631867432
Neutral,2023-03-16,1.5654380250534092
Neutral,2023-03-17,1.5531282971084353
Neutral,2023-03-20,1.5826076697601392
Neutral,2023-03-21,1.5982796366094383
Neutral,2023-03-22,1.588130461997237
Neutral,2023-03-23,1.6065437178018325
Neutral,2023-03-24,1.6061986102279553
Neutral,2023-03-27,1.6197436518179662
Neutral,2023-03-28,1.6224127750417627
Neutral,2023-03-29,1.6382910911856303
Neutral,2023-03-30,1.647173333299139
Neutral,2023-03-31,1.659809193487567
Neutral,2023-04-03,1.6637407513234035
Neutral,2023-04-04,1.6656623775719455
Neutral,2023-04-05,1.663041325093439
Neutral,2023-04-06,1.6708698218908793
Neutral,2023-04-07,1.6708698218908793
Neutral,2023-04-10,1.6754392634055495
Neutral,2023-04-11,1.6775336457626886
Neutral,2023-04-12,1.6828208729340137
Neutral,2023-04-13,1.6957022757038114
Neutral,2023-04-14,1.7000070086939925
Neutral,2023-04-17,1.709210921853039
Neutral,2023-04-18,1.7062024227613595
Neutral,2023-04-19,1.6983708256660923
Neutral,2023-04-20,1.699703703309284
Neutral,2023-04-21,1.7153137781444365
Neutral,2023-04-24,1.7185755685378377
Neutral,2023-04-25,1.7183952635492068
Neutral,2023-04-26,1.695004959984444
Neutral,2023-04-27,1.6919272316574019
Neutral,2023-04-28,1.6905488038237197
Neutral,2023-05-01,1.7002162739892528
Neutral,2023-05-02,1.6876396045262774
Neutral,2023-05-03,1.6856508478467316
Neutral,2023-05-04,1.6722117528503497
Neutral,2023-05-05,1.689310048240342
Neutral,2023-05-08,1.7020201618910786
Neutral,2023-05-09,1.6952718247488683
Neutral,2023-05-10,1.6955124233003154
Neutral,2023-05-11,1.696377183521375
Neutral,2023-05-12,1.7136135370417784
Neutral,2023-05-15,1.7044113831956318
Neutral,2023-05-16,1.687518929703998
Neutral,2023-05-17,1.6798118595370104
Neutral,2023-05-18,1.683080903052173
Neutral,2023-05-19,1.6850267222273216
Neutral,2023-05-22,1.68544533109412
Neutral,2023-05-23,1.6605161964774504
Neutral,2023-05-24,1.6485911116136345
Neutral,2023-05-25,1.6381071817724935
Neutral,2023-05-26,1.6334923555192438
Neutral,2023-05-29,1.6315257221793342
Neutral,2023-05-30,1.6261788269925963
Neutral,2023-05-31,1.6110279052272478
Neutral,2023-06-01,1.609403505493703
Neutral,2023-06-02,1.6317677379686708
Neutral,2023-06-05,1.6295395048132222
Neutral,2023-06-06,1.6346836088257495
Neutral,2023-06-07,1.6245435777530224
Neutral,2023-06-08,1.6378933163222338
Neutral,2023-06-09,1.6442745463984294
Neutral,2023-06-12,1.6513593340706159
Neutral,2023-06-13,1.6555658155715138
Neutral,2023-06-14,1.6614577889173678
Neutral,2023-06-15,1.6645317493958816
Neutral,2023-06-16,1.6794670705616694
Neutral,2023-06-19,1.6702920831010308
Neutral,2023-06-20,1.668331351034722
Neutral,2023-06-21,1.6711423079133092
Neutral,2023-06-22,1.6714470038913951
Neutral,2023-06-23,1.6515393305029988
Neutral,2023-06-26,1.6549778287484904
Neutral,2023-06-27,1.655601195374944
Neutral,2023-06-28,1.6489741062349776
Neutral,2023-06-29,1.6540931573132156
Neutral,2023-06-30,1.6730557283226972
Neutral,2023-07-03,1.6695483431433877
Neutral,2023-07-04,1.6663811560899624
Neutral,2023-07-05,1.6646555413718853
Neutral,2023-07-06,1.6533937032608994
Neutral,2023-07-07,1.6453255406292446
Neutral,2023-07-10,1.6604384271439465
Neutral,2023-07-11,1.663260795142997
Neutral,2023-07-12,1.6642125439681175
Neutral,2023-07-13,1.6763279762963332
Neutral,2023-07-14,1.684144179990479
Neutral,2023-07-17,1.6876498481437276
Neutral,2023-07-18,1.6942250821142388
Neutral,2023-07-19,1.6924526085518705
Neutral,2023-07-20,1.7104487588584698
Neutral,2023-07-21,1.707107957734431
Neutral,2023-07-24,1.7004118509317696
Neutral,2023-07-25,1.6935209651891225
Neutral,2023-07-26,1.6762033151204996
Neutral,2023-07-27,1.6899135554103037
Neutral,2023-07-28,1.6847378893847897
Neutral,2023-07-31,1.684563886445192
Neutral,2023-08-01,1.682011290847095
Neutral,2023-08-02,1.6820073488830283
Neutral,2023-08-03,1.6807103000236734
Neutral,2023-08-04,1.675926686074691
Neutral,2023-08-07,1.6933069779312095
Neutral,2023-08-08,1.7229088978914517
Neutral,2023-08-09,1.7154083960417912
Neutral,2023-08-10,1.7180577636591037
Neutral,2023-08-11,1.7193703779033143
Neutral,2023-08-14,1.7299710145031433
Neutral,2023-08-15,1.724405439266894
Neutral,2023-08-16,1.720612879464544
Neutral,2023-08-17,1.7013408654428674
Neutral,2023-08-18,1.699825615960974
Neutral,2023-08-21,1.7120198451833901
Neutral,2023-08-22,1.713300418688599
Neutral,2023-08-23,1.7235373733114834
Neutral,2023-08-24,1.7098352758340543
Neutral,2023-08-25,1.7180042234130544
Neutral,2023-08-28,1.7286284524531952
Neutral,2023-08-29,1.7334779110379015
Neutral,2023-08-30,1.7398121654648624
Neutral,2023-08-31,1.7297991918301499
Neutral,2023-09-01,1.7371880876185588
Neutral,2023-09-04,1.7360168227822053
Neutral,2023-09-05,1.7302186875636765
Neutral,2023-09-06,1.7298600326283413
Neutral,2023-09-07,1.7388326228315014
Neutral,2023-09-08,1.7515036108432072
Neutral,2023-09-11,1.759247909924676
Neutral,2023-09-12,1.7504129972658646
Neutral,2023-09-13,1.7418542292965147
Neutral,2023-09-14,1.7536108637024437
Neutral,2023-09-15,1.7383371321729735
Neutral,2023-09-18,1.7310588169476424
Neutral,2023-09-19,1.739422679240575
Neutral,2023-09-20,1.7409231596345298
Neutral,2023-09-21,1.7024103336830128
Neutral,2023-09-22,1.6987197955441224
Neutral,2023-09-25,1.697630230699703
Neutral,2023-09-26,1.6861684947390305
Neutral,2023-09-27,1.687272581218192
Neutral,2023-09-28,1.6906939404250683
Neutral,2023-09-29,1.6861597528437993
Neutral,2023-10-02,1.6636342109175881
Neutral,2023-10-03,1.6380856842322458
Neutral,2023-10-04,1.6338110637283458
Neutral,2023-10-05,1.644375203011944
Neutral,2023-10-06,1.6610498686717512
Neutral,2023-10-09,1.678834248772292
Neutral,2023-10-10,1.7110531707515242
Neutral,2023-10-11,1.731443538816203
Neutral,2023-10-12,1.7385402394018539
Neutral,2023-10-13,1.721107514296358
Neutral,2023-10-16,1.72936872055911
Neutral,2023-10-17,1.7332653525058819
Neutral,2023-10-18,1.7256234286117662
Neutral,2023-10-19,1.6912039556007956
Neutral,2023-10-20,1.6739607929483615
Neutral,2023-10-23,1.6684829700030979
Neutral,2023-10-24,1.6790857074321666
Neutral,2023-10-25,1.669900820317478
Neutral,2023-10-26,1.654787794834568
Neutral,2023-10-27,1.6428113556567503
Neutral,2023-10-30,1.656172770526264
Neutral,2023-10-31,1.660530618010735
Neutral,2023-11-01,1.675939198854476
Neutral,2023-11-02,1.6988606844359004
Neutral,2023-11-03,1.6892236900736783
Neutral,2023-11-06,1.70779032915151
Neutral,2023-11-07,1.696895217899809
Neutral,2023-11-08,1.7057616018289605
Neutral,2023-11-09,1.695656184418264
Neutral,2023-11-10,1.7029964841975553
Neutral,2023-11-13,1.713781980632138
Neutral,2023-11-14,1.7314164193745405
Neutral,2023-11-15,1.7245646163204802
Neutral,2023-11-16,1.707585149744789
Neutral,2023-11-17,1.7245468858676123
Neutral,2023-11-20,1.7455042451156555
Neutral,2023-11-21,1.742226862383863
Neutral,2023-11-22,1.745021810293682
Neutral,2023-11-23,1.751979868390445
Neutral,2023-11-24,1.7564040392859865
Neutral,2023-11-27,1.7532067344086824
Neutral,2023-11-28,1.7443600717619374
Neutral,2023-11-29,1.7453552334660902
Neutral,2023-11-30,1.7518406140289111
Neutral,2023-12-01,1.7567168542678824
Neutral,2023-12-04,1.7470863900415374
Neutral,2023-12-05,1.7342224177075178
Neutral,2023-12-06,1.718201160557489
Neutral,2023-12-07,1.709445292047709
Neutral,2023-12-08,1.7277019472081185
Neutral,2023-12-11,1.7182715950847227
Neutral,2023-12-12,1.7241814958768322
Neutral,2023-12-13,1.7440257644208719
Neutral,2023-12-14,1.744618115935866
Neutral,2023-12-15,1.7485965596331632
Neutral,2023-12-18,1.7686122695456983
Neutral,2023-12-19,1.773143686119459
Neutral,2023-12-20,1.7648367952022894
Neutral,2023-12-21,1.770582499981127
Neutral,2023-12-22,1.7727770704762007
Neutral,2023-12-25,1.7727770704762007
Neutral,2023-12-26,1.7770951285938943
Neutral,2023-12-27,1.7862435754261674
Neutral,2023-12-28,1.7810782427128624
Neutral,2023-12-29,1.7813141044268646
Neutral,2024-01-01,1.7813141044268646
Neutral,2024-01-02,1.7889802450399799
Neutral,2024-01-03,1.7969588626555506
Neutral,2024-01-04,1.8057607983296478
Neutral,2024-01-05,1.8069119475799968
Neutral,2024-01-08,1.8297446989285768
Neutral,2024-01-09,1.8299149792161828
Neutral,2024-01-10,1.8354472494711898
Neutral,2024-01-11,1.8383885881342161
Neutral,2024-01-12,1.851379215675871
Neutral,2024-01-15,1.8500476147625458
Neutral,2024-01-16,1.8399613899747207
Neutral,2024-01-17,1.8313737791169702
Neutral,2024-01-18,1.8322967984457643
Neutral,2024-01-19,1.8491265410789481
Neutral,2024-01-22,1.8575252424558975
Neutral,2024-01-23,1.852132528526319
Neutral,2024-01-24,1.863224265770702
Neutral,2024-01-25,1.8661184375684012
Neutral,2024-01-26,1.8649717817639615
Neutral,2024-01-29,1.8720986357524512
Neutral,2024-01-30,1.891013965832052
Neutral,2024-01-31,1.89346074880079
Neutral,2024-02-01,1.9141326965267744
Neutral,2024-02-02,1.9167314122390517
Neutral,2024-02-05,1.9534736052432398
Neutral,2024-02-06,1.9518194099388433
Neutral,2024-02-07,1.972638952874588
Neutral,2024-02-08,1.9673381541244628
Neutral,2024-02-09,1.9865829693930777
Neutral,2024-02-12,1.9931437049719067
Neutral,2024-02-13,1.9973508437620338
Neutral,2024-02-14,2.019085915674606
Neutral,2024-02-15,2.0490840128975747
Neutral,2024-02-16,2.0416319395289535
Neutral,2024-02-19,2.0452478956282474
Neutral,2024-02-20,2.031086460991899
Neutral,2024-02-21,2.017515670681841
Neutral,2024-02-22,2.0830827182433325
Neutral,2024-02-23,2.082463059781703
Neutral,2024-02-26,2.089845099702611
Neutral,2024-02-27,2.0710093578485775
Neutral,2024-02-28,2.0628894668879614
Neutral,2024-02-29,2.076534885088826
Neutral,2024-03-01,2.1173739961050515
Neutral,2024-03-04,2.1563460266748233
Neutral,2024-03-05,2.152959375955713
Neutral,2024-03-06,2.16743562950567
Neutral,2024-03-07,2.2004648139825975
Neutral,2024-03-08,2.186568334516697
Neutral,2024-03-11,2.1572008044151687
Neutral,2024-03-12,2.184438081789724
Neutral,2024-03-13,2.1944603356931305
Neutral,2024-03-14,2.192173395111805
Neutral,2024-03-15,2.178423485618509
Neutral,2024-03-18,2.173342100797326
Neutral,2024-03-19,2.1683110896725135
Neutral,2024-03-20,2.169978729752904
Neutral,2024-03-21,2.1965955311139838
Neutral,2024-03-22,2.187217864586216
Neutral,2024-03-25,2.194293767996146
Neutral,2024-03-26,2.1914377191154215
Neutral,2024-03-27,2.200284196530124
Neutral,2024-03-28,2.2090572515164726
Neutral,2024-03-29,2.2090572515164726
Neutral,2024-04-01,2.207477281414154
Neutral,2024-04-02,2.1954254902585166
Neutral,2024-04-03,2.2139848371596367
Neutral,2024-04-04,2.1927473002295343
Neutral,2024-04-05,2.216672521641905
Neutral,2024-04-08,2.2080553007429526
Neutral,2024-04-09,2.1503449400207892
Neutral,2024-04-10,2.162968919657766
Neutral,2024-04-11,2.1541525222627866
Neutral,2024-04-12,2.1412771664133228
Neutral,2024-04-15,2.139998227574737
Neutral,2024-04-16,2.130149463770568
Neutral,2024-04-17,2.1308384076033007
Neutral,2024-04-18,2.114699838340101
Neutral,2024-04-19,2.089181569368984
Neutral,2024-04-22,2.103602726720594
Neutral,2024-04-23,2.143709834295494
Neutral,2024-04-24,2.1503875593245936
Neutral,2024-04-25,2.1546674996049746
Neutral,2024-04-26,2.177448691568651
Neutral,2024-04-29,2.199959975925189
Neutral,2024-04-30,2.1886161090364387
Neutral,2024-05-01,2.1707042476204323
Neutral,2024-05-02,2.1551801014855547
Neutral,2024-05-03,2.145315105101473
Neutral,2024-05-06,2.1835782001342494
Neutral,2024-05-07,2.1896575672656873
Neutral,2024-05-08,2.207657237414527
Neutral,2024-05-09,2.222830579640495
Neutral,2024-05-10,2.2341835891345245
Neutral,2024-05-13,2.217346834260883
Neutral,2024-05-14,2.219255450491819
Neutral,2024-05-15,2.23846093297714
Neutral,2024-05-16,2.2310160985532734
Neutral,2024-05-17,2.231257015209958
Neutral,2024-05-20,2.23629518099536
Neutral,2024-05-21,2.25679412219355
Neutral,2024-05-22,2.2477943647689074
Neutral,2024-05-23,2.258914748165293
Neutral,2024-05-24,2.274657199116833
Neutral,2024-05-27,2.276958069562033
Neutral,2024-05-28,2.2708915061940944
Neutral,2024-05-29,2.2435622516864413
Neutral,2024-05-30,2.244002261501536
Neutral,2024-05-31,2.249493284504456
Neutral,2024-06-03,2.2417453994724843
Neutral,2024-06-04,2.23082988056095
Neutral,2024-06-05,2.2475135571450524
Neutral,2024-06-06,2.2489631247399493
Neutral,2024-06-07,2.255752251949026
Neutral,2024-06-10,2.2603784736010444
Neutral,2024-06-11,2.2493345010158654
Neutral,2024-06-12,2.248030702842176
Neutral,2024-06-13,2.258430555393651
Neutral,2024-06-14,2.2290148990724274
Neutral,2024-06-17,2.241355712577216
Neutral,2024-06-18,2.269146289229146
Neutral,2024-06-19,2.277202010617054
Neutral,2024-06-20,2.280324886543774
Neutral,2024-06-21,2.264979500420424
Neutral,2024-06-24,2.2790827428873848
Neutral,2024-06-25,2.2856536382591073
Neutral,2024-06-26,2.260708102526975
Neutral,2024-06-27,2.268629185500501
Neutral,2024-06-28,2.254989825677375
Neutral,2024-07-01,2.264905287406699
Neutral,2024-07-02,2.2563840423506267
Neutral,2024-07-03,2.2797916321996157
Neutral,2024-07-04,2.294185991310471
Neutral,2024-07-05,2.296079418740512
Neutral,2024-07-08,2.322488428010355
Neutral,2024-07-09,2.3103797805502517
Neutral,2024-07-10,2.3369258517929112
Neutral,2024-07-11,2.3219412169771467
Neutral,2024-07-12,2.336240806509469
Neutral,2024-07-15,2.3291202843236007
Neutral,2024-07-16,2.3292591005237746
Neutral,2024-07-17,2.2703964464676494
Neutral,2024-07-18,2.2506672911743606
Neutral,2024-07-19,2.2420681950118526
Neutral,2024-07-22,2.2639573412320115
Neutral,2024-07-23,2.275816796172433
Neutral,2024-07-24,2.2269526722398534
Neutral,2024-07-25,2.181833040022731
Neutral,2024-07-26,2.200372845134823
Neutral,2024-07-29,2.2031655895638163
Neutral,2024-07-30,2.197764088963832
Neutral,2024-07-31,2.2528016121350065
Neutral,2024-08-01,2.229548254839677
Neutral,2024-08-02,2.1715990682270934
Neutral,2024-08-05,2.1225367406237448
Neutral,2024-08-06,2.1519086751785257
Neutral,2024-08-07,2.140307928315337
Neutral,2024-08-08,2.1527244069140936
Neutral,2024-08-09,2.178418204699466
Neutral,2024-08-12,2.1951865743686034
Neutral,2024-08-13,2.222029909876359
Neutral,2024-08-14,2.2541619972098075
Neutral,2024-08-15,2.2842358093625332
Neutral,2024-08-16,2.2788245496945962
Neutral,2024-08-19,2.287726448900185
Neutral,2024-08-20,2.281941609859218
Neutral,2024-08-21,2.296872286745542
Neutral,2024-08-22,2.3074532693742817
Neutral,2024-08-23,2.3132194065267435
Neutral,2024-08-26,2.300314753424225
Neutral,2024-08-27,2.3098476974352544
Neutral,2024-08-28,2.2957115652370326
Neutral,2024-08-29,2.3105870187756197
Neutral,2024-08-30,2.330979632563019
Neutral,2024-09-02,2.3084315451237836
Neutral,2024-09-03,2.2644123615595606
Neutral,2024-09-04,2.256570278876121
Neutral,2024-09-05,2.202772156428586
Neutral,2024-09-06,2.16317495738849
Neutral,2024-09-09,2.179928628788114
Neutral,2024-09-10,2.179906076971447
Neutral,2024-09-11,2.208865107758458
Neutral,2024-09-12,2.236378848090656
Neutral,2024-09-13,2.2708244067776593
Neutral,2024-09-16,2.2847776454607738
Neutral,2024-09-17,2.255748509195376
Neutral,2024-09-18,2.249180961840446
Neutral,2024-09-19,2.2807207477770732
Neutral,2024-09-20,2.322418145021387
Neutral,2024-09-23,2.3316515223584275
Neutral,2024-09-24,2.3205373482144336
Neutral,2024-09-25,2.347775049998
Neutral,2024-09-26,2.3146505564552577
Neutral,2024-09-27,2.312843844479705
Neutral,2024-09-30,2.3173112250999135
Neutral,2024-10-01,2.3250405594842
Neutral,2024-10-02,2.3301463440821157
Neutral,2024-10-03,2.3300789309368737
Neutral,2024-10-04,2.347829443923683
Neutral,2024-10-07,2.3273592513467602
Neutral,2024-10-08,2.3320886884508463
Neutral,2024-10-09,2.3368753027174214
Neutral,2024-10-10,2.3295199591216456
Neutral,2024-10-11,2.348320402606877
Neutral,2024-10-14,2.3679344342233684
Neutral,2024-10-15,2.36216093490185
Neutral,2024-10-16,2.375750107153355
Neutral,2024-10-17,2.357501545198386
Neutral,2024-10-18,2.3592576474158333
Neutral,2024-10-21,2.347147759420197
Neutral,2024-10-22,2.3209932895071725
Neutral,2024-10-23,2.3036269538605385
Neutral,2024-10-24,2.3058172198523383
Neutral,2024-10-25,2.2964500456048333
Neutral,2024-10-28,2.309404906580883
Neutral,2024-10-29,2.291847570309227
Neutral,2024-10-30,2.269433411124452
Neutral,2024-10-31,2.259911889640604
Neutral,2024-11-01,2.262280066935177
Neutral,2024-11-04,2.2432842681117826
Neutral,2024-11-05,2.2657189282880994
Neutral,2024-11-06,2.2624369797883785
Neutral,2024-11-07,2.3190117176582343
Neutral,2024-11-08,2.3521971259462076
Neutral,2024-11-11,2.3388889466450355
Neutral,2024-11-12,2.3190888182190976
Neutral,2024-11-13,2.318340621443549
Neutral,2024-11-14,2.2866794038074305
Neutral,2024-11-15,2.267923012103333
Neutral,2024-11-18,2.283197091288295
Neutral,2024-11-19,2.3144515696694468
Neutral,2024-11-20,2.3273532298426507
Neutral,2024-11-21,2.3682948084965156
Neutral,2024-11-22,2.374704516308082
Neutral,2024-11-25,2.362543499683946
Neutral,2024-11-26,2.384322110581961
Neutral,2024-11-27,2.3753908703107736
Neutral,2024-11-28,2.3807008691904965
Neutral,2024-11-29,2.3937066969237373
Neutral,2024-12-02,2.3840722374467846
Neutral,2024-12-03,2.3916846219694303
Neutral,2024-12-04,2.399899207567595
Neutral,2024-12-05,2.410324060497488
Neutral,2024-12-06,2.4010435135927963
Neutral,2024-12-09,2.3485665367700106
Neutral,2024-12-10,2.3248575009333012
Neutral,2024-12-11,2.325116831048423
Neutral,2024-12-12,2.3104632046042948
Neutral,2024-12-13,2.312745291277945
Neutral,2024-12-16,2.308745120677372
Neutral,2024-12-17,2.2898956182324772
Neutral,2024-12-18,2.25634877777449
Neutral,2024-12-19,2.250856447090054
Neutral,2024-12-20,2.258793712792717
Neutral,2024-12-23,2.2687095071154793
Neutral,2024-12-24,2.285903337856791
Neutral,2024-12-25,2.285903337856791
Neutral,2024-12-26,2.2842091870588637
Neutral,2024-12-27,2.2753747990263427
Neutral,2024-12-30,2.2583818285371495
Neutral,2024-12-31,2.254154525986909
Neutral,2025-01-01,2.254154525986909
Neutral,2025-01-02,2.2659841618215104
Neutral,2025-01-03,2.2853642552747764
Neutral,2025-01-06,2.293161026909909
Neutral,2025-01-07,2.3002855481813245
Neutral,2025-01-08,2.308611599206361
Neutral,2025-01-09,2.312942204065517
Neutral,2025-01-10,2.3113487119655844
Neutral,2025-01-13,2.2842077618708894
Neutral,2025-01-14,2.303552063694698
Neutral,2025-01-15,2.3176991931239277
Neutral,2025-01-16,2.3328036336049176
Neutral,2025-01-17,2.3249312531596393
Neutral,2025-01-20,2.333605892819658
Neutral,2025-01-21,2.368762792526959
Neutral,2025-01-22,2.3898519900122985
Neutral,2025-01-23,2.4190611988986372
Neutral,2025-01-24,2.423243409788863
Neutral,2025-01-27,2.365051547043868
Neutral,2025-01-28,2.372017688005992
Neutral,2025-01-29,2.381394905216062
Neutral,2025-01-30,2.431391363043849
Neutral,2025-01-31,2.412172394751546
Neutral,2025-02-03,2.4016599372476293
Neutral,2025-02-04,2.412100928761135
Neutral,2025-02-05,2.446837757744498
Neutral,2025-02-06,2.4458919450310392
Neutral,2025-02-07,2.43942083369181
Neutral,2025-02-10,2.453542035619875
Neutral,2025-02-11,2.4624811494794763
Neutral,2025-02-12,2.4646237371059097
Neutral,2025-02-13,2.4807227124236215
Neutral,2025-02-14,2.490907332107245
Neutral,2025-02-17,2.521633502127215
Neutral,2025-02-18,2.53738475808425
Neutral,2025-02-19,2.530745634121253
Neutral,2025-02-20,2.4920853735642514
Neutral,2025-02-21,2.459243512945703
Neutral,2025-02-24,2.456440908008255
Neutral,2025-02-25,2.493411456609693
Neutral,2025-02-26,2.519617525626332
Neutral,2025-02-27,2.4972627842241635
Neutral,2025-02-28,2.5171968346450915
Neutral,2025-03-03,2.570445248338828
Neutral,2025-03-04,2.540387967446001
Neutral,2025-03-05,2.593476328578303
Neutral,2025-03-06,2.576984947945675
Neutral,2025-03-07,2.533071736264508
Neutral,2025-03-10,2.47596340902078
Neutral,2025-03-11,2.4983756266519803
Neutral,2025-03-12,2.5255535885743767
Neutral,2025-03-13,2.5002432110732307
Neutral,2025-03-14,2.567648329872716
Neutral,2025-03-17,2.5902581285175366
Neutral,2025-03-18,2.5887691584992285
Neutral,2025-03-19,2.608620034169842
Neutral,2025-03-20,2.593540614929549
Neutral,2025-03-21,2.578719315509642
Neutral,2025-03-24,2.59278556163209
Neutral,2025-03-25,2.5942127350733424
Neutral,2025-03-26,2.5758358158311285
Neutral,2025-03-27,2.5680199434706776
Neutral,2025-03-28,2.5487741730179767
Neutral,2025-03-31,2.5535292966249354
Neutral,2025-04-01,2.5597426871895204
Neutral,2025-04-02,2.5765445264599656
Neutral,2025-04-03,2.5803680390556463
Neutral,2025-04-04,2.415073435800758
Neutral,2025-04-07,2.3522544618301424
Neutral,2025-04-08,2.3836612861131243
Neutral,2025-04-09,2.418488912667577
Neutral,2025-04-10,2.463233646770522
Neutral,2025-04-11,2.5055598068104676
Neutral,2025-04-14,2.558596230864572
Neutral,2025-04-15,2.578386135136673
Neutral,2025-04-16,2.5755666269034228
Neutral,2025-04-17,2.5978906388911507
Neutral,2025-04-18,2.5978906388911507
Neutral,2025-04-21,2.5639272939606275
Neutral,2025-04-22,2.6061296380725616
Neutral,2025-04-23,2.620235193741656
Neutral,2025-04-24,2.6330119577350173
Neutral,2025-04-25,2.638898300377811
Neutral,2025-04-28,2.653924093436333
Neutral,2025-04-29,2.687497970064789
Neutral,2025-04-30,2.7151580718648316
Neutral,2025-05-01,2.698526683292963
Neutral,2025-05-02,2.735560724925065
Neutral,2025-05-05,2.7495052450300466
Neutral,2025-05-06,2.749821995756453
Neutral,2025-05-07,2.7551636516872895
Neutral,2025-05-08,2.718210365455825
Neutral,2025-05-09,2.7007336449742043
Neutral,2025-05-12,2.682621015944702
Neutral,2025-05-13,2.6827572310413497
Neutral,2025-05-14,2.6608051936553196
Neutral,2025-05-15,2.685209290080325
Neutral,2025-05-16,2.727719868163638
Neutral,2025-05-19,2.7590098243072454
Neutral,2025-05-20,2.759580068940217
Neutral,2025-05-21,2.7483277962276227
Neutral,2025-05-22,2.735936256753818
Neutral,2025-05-23,2.7437268676494266
Neutral,2025-05-26,2.7639774699183
Neutral,2025-05-27,2.7802958663771675
Neutral,2025-05-28,2.7628517954253224
Neutral,2025-05-29,2.7345594507559086
Neutral,2025-05-30,2.7598297938127234
Neutral,2025-06-02,2.784952913482364
Neutral,2025-06-03,2.7883928603892976
Neutral,2025-06-04,2.7847655959797644
Neutral,2025-06-05,2.8002138638076643
Neutral,2025-06-06,2.798276937168106
Neutral,2025-06-09,2.782977111440418
Neutral,2025-06-10,2.7777872918638296
Neutral,2025-06-11,2.7824509341246957
Neutral,2025-06-12,2.812424998689735
Neutral,2025-06-13,2.793257858699061
Neutral,2025-06-16,2.802725353615846
Neutral,2025-06-17,2.7841646805023648
Neutral,2025-06-18,2.787763935391926
Neutral,2025-06-19,2.7768407145525837
Neutral,2025-06-20,2.7795658480077963
Neutral,2025-06-23,2.780468089626787
Neutral,2025-06-24,2.810938380609044
Neutral,2025-06-25,2.794977353955737
Neutral,2025-06-26,2.8174322196678983
Neutral,2025-06-27,2.838762913619771
Neutral,2025-06-30,2.8689428153214
Neutral,2025-07-01,2.8376682554293193
Neutral,2025-07-02,2.8213595966606553
Neutral,2025-07-03,2.8497537585316457
Neutral,2025-07-04,2.8520829312793197
Neutral,2025-07-07,2.8702508573727914
Neutral,2025-07-08,2.839014396328212
Neutral,2025-07-09,2.8412208282467435
Neutral,2025-07-10,2.829521406554245
Neutral,2025-07-11,2.815289087582781
Neutral,2025-07-14,2.83914570233446
Neutral,2025-07-15,2.820442226662127
Neutral,2025-07-16,2.8151167854530357
Neutral,2025-07-17,2.8169909741395944
Neutral,2025-07-18,2.831230102552737
Neutral,2025-07-21,2.833642661349828
Neutral,2025-07-22,2.8312416165951864
Neutral,2025-07-23,2.845230082007113
Neutral,2025-07-24,2.8716607377504166
Neutral,2025-07-25,2.8738954951728566
Neutral,2025-07-28,2.851604139971623
Neutral,2025-07-29,2.8505391469511197
Neutral,2025-07-30,2.8743367274728455
Neutral,2025-07-31,2.85990664764769
Neutral,2025-08-01,2.849895358328518
Neutral,2025-08-04,2.9021682429313302
Neutral,2025-08-05,2.896086897157204
Neutral,2025-08-06,2.9025868181458025
Neutral,2025-08-07,2.904714712245684
Neutral,2025-08-08,2.922043240950024
Neutral,2025-08-11,2.9316598327614662
Neutral,2025-08-12,2.9176467916701228
Neutral,2025-08-13,2.909024279885351
Neutral,2025-08-14,2.9153372300853735
Neutral,2025-08-15,2.903837902375963
Neutral,2025-08-18,2.911003119196316
Neutral,2025-08-19,2.9011941496422198
Neutral,2025-08-20,2.9170202345257508
Neutral,2025-08-21,2.9049174708419723
Neutral,2025-08-22,2.8831323446381405
Neutral,2025-08-25,2.880968326048421
Neutral,2025-08-26,2.868722811568827
Neutral,2025-08-27,2.858258615554189
Neutral,2025-08-28,2.8647674814602393
Neutral,2025-08-29,2.8594788441473504
Neutral,2025-09-01,2.8716756446034357
Neutral,2025-09-02,2.8396681680953266
Neutral,2025-09-03,2.8586844268610054
Neutral,2025-09-04,2.8750017831874732
Neutral,2025-09-05,2.873752464285511
Neutral,2025-09-08,2.8988985052778613
Neutral,2025-09-09,2.9066387925379713
Neutral,2025-09-10,2.9118760349032855
Neutral,2025-09-11,2.9278641014003024
Neutral,2025-09-12,2.930200094532206
Neutral,2025-09-15,2.942836609408299
Neutral,2025-09-16,2.920396578885238
Neutral,2025-09-17,2.9202909996669124
Neutral,2025-09-18,2.9172796118147373
Neutral,2025-09-19,2.9108156743742115
Neutral,2025-09-22,2.9163403301069644
Neutral,2025-09-23,2.941053125165605
Neutral,2025-09-24,2.928726978506257
Neutral,2025-09-25,2.911351183723713
Neutral,2025-09-26,2.9254291550316136
Neutral,2025-09-29,2.9338022007297173
Neutral,2025-09-30,2.9546446385288996
Neutral,2025-10-01,2.941173434763702
Neutral,2025-10-02,2.94999971693996
Neutral,2025-10-03,2.9377973631904717
Neutral,2025-10-06,2.914982489617456
Neutral,2025-10-07,2.9339123941380048
Neutral,2025-10-08,2.948177072740999
Neutral,2025-10-09,2.938056723389088
Neutral,2025-10-10,2.9133421000628448
Neutral,2025-10-13,2.9240358745431028
Neutral,2025-10-14,2.920072930959261
Neutral,2025-10-15,2.9300614566912615
Neutral,2025-10-16,2.935817833044626
Neutral,2025-10-17,2.9222704912263127
Neutral,2025-10-20,2.9357112730962474
Neutral,2025-10-21,2.925800905189147
Neutral,2025-10-22,2.9142064566353096
Neutral,2025-10-23,2.928106875319755
Neutral,2025-10-24,2.9422274159022344
Neutral,2025-10-27,2.954898861067313
Neutral,2025-10-28,2.9494344251713067
Neutral,2025-10-29,2.942874922632452
Neutral,2025-10-30,2.919956936304723
Neutral,2025-10-31,2.9143289131952845
Neutral,2025-11-03,2.922856296857481
Neutral,2025-11-04,2.908482277541343
Neutral,2025-11-05,2.914963672867106
Neutral,2025-11-06,2.9180243365767864
Neutral,2025-11-07,2.93538172339661
Neutral,2025-11-10,2.9812875554544536
Neutral,2025-11-11,2.9703252538874803
Neutral,2025-11-12,2.971832261078323
Neutral,2025-11-13,2.9567976290949693
Neutral,2025-11-14,2.935052879207673
Neutral,2025-11-17,2.929445841636614
Neutral,2025-11-18,2.8977894401707673
Neutral,2025-11-19,2.8940944712538426
Neutral,2025-11-20,2.8848648506485413
Neutral,2025-11-21,2.869929683313339
Neutral,2025-11-24,2.884005710406389
Neutral,2025-11-25,2.91327186794071
Neutral,2025-11-26,2.9595587984893297
Neutral,2025-11-27,2.966800226993176
Neutral,2025-11-28,2.9759236535203626
Neutral,2025-12-01,2.9629982834935253
Neutral,2025-12-02,2.9602455155605427
Neutral,2025-12-03,2.953681762492859
Neutral,2025-12-04,2.9647761879009793
Neutral,2025-12-05,2.9500145282007235
Neutral,2025-12-08,2.9554244383361232
Neutral,2025-12-09,2.96195487962653
Neutral,2025-12-10,2.9606512288520066
Neutral,2025-12-11,2.9886308804675106
Neutral,2025-12-12,2.9732513998254824
Neutral,2025-12-15,2.9877293708187804
Neutral,2025-12-16,2.9700912042034813
Neutral,2025-12-17,2.966336494880254
Neutral,2025-12-18,2.9958651811035546
Neutral,2025-12-19,3.0116630517726044
Neutral,2025-12-22,3.0349913009285543
Neutral,2025-12-23,3.0477536530514504
Neutral,2025-12-24,3.049089717730967
Neutral,2025-12-25,3.049089717730967
Neutral,2025-12-26,3.0464535495433545
Neutral,2025-12-29,3.0345603889920567
Neutral,2025-12-30,3.0509555609769823
Neutral,2025-12-31,3.030618424711694
Risk Prone,2018-04-02,1.0
Risk Prone,2018-04-03,0.9993246956672548
Risk Prone,2018-04-04,0.9933911107964029
Risk Prone,2018-04-05,1.0044363797431344
Risk Prone,2018-04-06,0.9848992638826318
Risk Prone,2018-04-09,1.0016336782906003
Risk Prone,2018-04-10,1.0259795785822385
Risk Prone,2018-04-11,1.0255115753041704
Risk Prone,2018-04-12,1.0466857913731646
Risk Prone,2018-04-13,1.0456994514791782
Risk Prone,2018-04-16,1.0539219762499794
Risk Prone,2018-04-17,1.0700327046286002
Risk Prone,2018-04-18,1.0771095044281789
Risk Prone,2018-04-19,1.0754028885764233
Risk Prone,2018-04-20,1.0645552598333945
Risk Prone,2018-04-23,1.062761403651146
Risk Prone,2018-04-24,1.0502967436654158
Risk Prone,2018-04-25,1.0325009973346981
Risk Prone,2018-04-26,1.0521585477544135
Risk Prone,2018-04-27,1.047893701134862
Risk Prone,2018-04-30,1.050081123478751
Risk Prone,2018-05-01,1.0523115841061335
Risk Prone,2018-05-02,1.0504521229667834
Risk Prone,2018-05-03,1.0531759027470065
Risk Prone,2018-05-04,1.062351888415692
Risk Prone,2018-05-07,1.0817788323230562
Risk Prone,2018-05-08,1.0883239196090593
Risk Prone,2018-05-09,1.1013907755700547
Risk Prone,2018-05-10,1.1098144610526495
Risk Prone,2018-05-11,1.1090604080783433
Risk Prone,2018-05-14,1.1060600768939894
Risk Prone,2018-05-15,1.0976316268926412
Risk Prone,2018-05-16,1.1019491533013535
Risk Prone,2018-05-17,1.1153793381928556
Risk Prone,2018-05-18,1.1192626380459876
Risk Prone,2018-05-21,1.1271094184007844
Risk Prone,2018-05-22,1.1234294230469606
Risk Prone,2018-05-23,1.1247583079462375
Risk Prone,2018-05-24,1.1293409204590235
Risk Prone,2018-05-25,1.1341121146695017
Risk Prone,2018-05-28,1.1297811541038159
Risk Prone,2018-05-29,1.1155415181955177
Risk Prone,2018-05-30,1.1274018023691816
Risk Prone,2018-05-31,1.1318165916980023
Risk Prone,2018-06-01,1.134081727998888
Risk Prone,2018-06-04,1.1567899223706866
Risk Prone,2018-06-05,1.1557224342150318
Risk Prone,2018-06-06,1.1596914930332665
Risk Prone,2018-06-07,1.1643173004119727
Risk Prone,2018-06-08,1.1558790001919343
Risk Prone,2018-06-11,1.1589826690060985
Risk Prone,2018-06-12,1.1654408828825153
Risk Prone,2018-06-13,1.1732436288596684
Risk Prone,2018-06-14,1.1764039584149546
Risk Prone,2018-06-15,1.1537731293392954
Risk Prone,2018-06-18,1.1537580924889377
Risk Prone,2018-06-19,1.1411273109048132
Risk Prone,2018-06-20,1.1506101002273341
Risk Prone,2018-06-21,1.1297994230498019
Risk Prone,2018-06-22,1.1349292055697067
Risk Prone,2018-06-25,1.1139505663105846
Risk Prone,2018-06-26,1.1170736654069995
Risk Prone,2018-06-27,1.1126256463962154
Risk Prone,2018-06-28,1.0993428621725547
Risk Prone,2018-06-29,1.1096256311587374
Risk Prone,2018-07-02,1.1071157039059576
Risk Prone,2018-07-03,1.1063902072949052
Risk Prone,2018-07-04,1.1028938401184116
Risk Prone,2018-07-05,1.119039130290543
Risk Prone,2018-07-06,1.1287210618433867
Risk Prone,2018-07-09,1.139172825419297
Risk Prone,2018-07-10,1.1455593271567592
Risk Prone,2018-07-11,1.1383390530467308
Risk Prone,2018-07-12,1.1518950613104546
Risk Prone,2018-07-13,1.1531978303219639
Risk Prone,2018-07-16,1.1588086812817942
Risk Prone,2018-07-17,1.1723381986214167
Risk Prone,2018-07-18,1.1653672197695144
Risk Prone,2018-07-19,1.1517957335817495
Risk Prone,2018-07-20,1.1564012466958347
Risk Prone,2018-07-23,1.1619210246299871
Risk Prone,2018-07-24,1.1722319798323206
Risk Prone,2018-07-25,1.182021146675625
Risk Prone,2018-07-26,1.1786896257133888
Risk Prone,2018-07-27,1.1712105836198357
Risk Prone,2018-07-30,1.1588229215501353
Risk Prone,2018-07-31,1.1587389339147132
Risk Prone,2018-08-01,1.1624915178644595
Risk Prone,2018-08-02,1.1645954579520221
Risk Prone,2018-08-03,1.1697607980443332
Risk Prone,2018-08-06,1.1726825402921128
Risk Prone,2018-08-07,1.184581760546742
Risk Prone,2018-08-08,1.1830136495152037
Risk Prone,2018-08-09,1.1953750443710214
Risk Prone,2018-08-10,1.1830342578143036
Risk Prone,2018-08-13,1.172394797245071
Risk Prone,2018-08-14,1.1777731349546838
Risk Prone,2018-08-15,1.1658137881996495
Risk Prone,2018-08-16,1.1785420615515674
Risk Prone,2018-08-17,1.1692488450508034
Risk Prone,2018-08-20,1.180145727724343
Risk Prone,2018-08-21,1.187623125383827
Risk Prone,2018-08-22,1.2018292083546303
Risk Prone,2018-08-23,1.2035218665279797
Risk Prone,2018-08-24,1.219291858227921
Risk Prone,2018-08-27,1.2283037715118734
Risk Prone,2018-08-28,1.229105950715788
Risk Prone,2018-08-29,1.2291568890887297
Risk Prone,2018-08-30,1.2342600995123256
Risk Prone,2018-08-31,1.2322927356930597
Risk Prone,2018-09-03,1.2322717050011645
Risk Prone,2018-09-04,1.2300906764829485
Risk Prone,2018-09-05,1.1892601016711188
Risk Prone,2018-09-06,1.1813234514562174
Risk Prone,2018-09-07,1.1748363720657355
Risk Prone,2018-09-10,1.1725373618404529
Risk Prone,2018-09-11,1.1763855435225765
Risk Prone,2018-09-12,1.1765464788551667
Risk Prone,2018-09-13,1.1790581661525426
Risk Prone,2018-09-14,1.1946315296060936
Risk Prone,2018-09-17,1.186143811918529
Risk Prone,2018-09-18,1.1907164197079285
Risk Prone,2018-09-19,1.1699284533706102
Risk Prone,2018-09-20,1.1734516505104473
Risk Prone,2018-09-21,1.1721639298649946
Risk Prone,2018-09-24,1.173410231277296
Risk Prone,2018-09-25,1.181597712984299
Risk Prone,2018-09-26,1.1765643903195786
Risk Prone,2018-09-27,1.1645009645089663
Risk Prone,2018-09-28,1.157550573992715
Risk Prone,2018-10-01,1.1764668622485563
Risk Prone,2018-10-02,1.1589231366087895
Risk Prone,2018-10-03,1.1588402070338555
Risk Prone,2018-10-04,1.1317292826772063
Risk Prone,2018-10-05,1.1160604200990893
Risk Prone,2018-10-08,1.0902847234891389
Risk Prone,2018-10-09,1.0861874506048905
Risk Prone,2018-10-10,1.0338960590781738
Risk Prone,2018-10-11,1.0213547316155906
Risk Prone,2018-10-12,1.0465920575870995
Risk Prone,2018-10-15,1.0351493702305825
Risk Prone,2018-10-16,1.066683258847676
Risk Prone,2018-10-17,1.0557705006872522
Risk Prone,2018-10-18,1.0535221442303588
Risk Prone,2018-10-19,1.0354503897297502
Risk Prone,2018-10-22,1.0292167936317118
Risk Prone,2018-10-23,1.0029549743108241
Risk Prone,2018-10-24,0.971130572537734
Risk Prone,2018-10-25,0.9693794584527363
Risk Prone,2018-10-26,0.94193382336469
Risk Prone,2018-10-29,0.9307095555267496
Risk Prone,2018-10-30,0.947690958501412
Risk Prone,2018-10-31,0.9816135024399795
Risk Prone,2018-11-01,1.0061500114162942
Risk Prone,2018-11-02,1.0186829499466952
Risk Prone,2018-11-05,1.0069481078505897
Risk Prone,2018-11-06,1.0200236588014024
Risk Prone,2018-11-07,1.0375498312923825
Risk Prone,2018-11-08,1.0203850477325263
Risk Prone,2018-11-09,1.0046690819282194
Risk Prone,2018-11-12,0.9671495983070117
Risk Prone,2018-11-13,0.9723998598742035
Risk Prone,2018-11-14,0.9685554778055756
Risk Prone,2018-11-15,0.967072482628593
Risk Prone,2018-11-16,0.9428388983483491
Risk Prone,2018-11-19,0.9091564776573283
Risk Prone,2018-11-20,0.8896740093444009
Risk Prone,2018-11-21,0.9026713175239836
Risk Prone,2018-11-22,0.9015040472416432
Risk Prone,2018-11-23,0.9002627011231501
Risk Prone,2018-11-26,0.9203117460564672
Risk Prone,2018-11-27,0.9187367163129225
Risk Prone,2018-11-28,0.932347743098366
Risk Prone,2018-11-29,0.9438516414504649
Risk Prone,2018-11-30,0.9531200822360135
Risk Prone,2018-12-03,1.0010906953391128
Risk Prone,2018-12-04,0.9768431825632626
Risk Prone,2018-12-05,0.9579637213649191
Risk Prone,2018-12-06,0.9462362322416203
Risk Prone,2018-12-07,0.9371889450851474
Risk Prone,2018-12-10,0.9305637284609818
Risk Prone,2018-12-11,0.9347047147656993
Risk Prone,2018-12-12,0.9481804477842395
Risk Prone,2018-12-13,0.9415157854370915
Risk Prone,2018-12-14,0.92499158446069
Risk Prone,2018-12-17,0.9079265213141221
Risk Prone,2018-12-18,0.9014106258965671
Risk Prone,2018-12-19,0.8963072885566
Risk Prone,2018-12-20,0.8727734340399005
Risk Prone,2018-12-21,0.8578089860664904
Risk Prone,2018-12-24,0.8488180736758602
Risk Prone,2018-12-25,0.8488180736758602
Risk Prone,2018-12-26,0.8687264042441355
Risk Prone,2018-12-27,0.8666348111184929
Risk Prone,2018-12-28,0.8893170043818129
Risk Prone,2018-12-31,0.8985788483888012
Risk Prone,2019-01-01,0.8985788483888014
Risk Prone,2019-01-02,0.9026223034192303
Risk Prone,2019-01-03,0.8898943908636111
Risk Prone,2019-01-04,0.92953786589034
Risk Prone,2019-01-07,0.9567901589165441
Risk Prone,2019-01-08,0.95875173034755
Risk Prone,2019-01-09,0.9691037329573399
Risk Prone,2019-01-10,0.9674268415153761
Risk Prone,2019-01-11,0.9681012332580897
Risk Prone,2019-01-14,0.9507311008172276
Risk Prone,2019-01-15,0.9505156383280583
Risk Prone,2019-01-16,0.9472294926676462
Risk Prone,2019-01-17,0.9582708601066909
Risk Prone,2019-01-18,0.9744107005650752
Risk Prone,2019-01-21,0.9757609565054606
Risk Prone,2019-01-22,0.966961883893579
Risk Prone,2019-01-23,0.9751911685973697
Risk Prone,2019-01-24,0.9812246738634521
Risk Prone,2019-01-25,0.9922529690638193
Risk Prone,2019-01-28,0.9778257373703582
Risk Prone,2019-01-29,0.9751328522721019
Risk Prone,2019-01-30,0.9933640722298658
Risk Prone,2019-01-31,1.0143095999912604
Risk Prone,2019-02-01,1.0180403056129448
Risk Prone,2019-02-04,1.0278375004981548
Risk Prone,2019-02-05,1.0303112054707353
Risk Prone,2019-02-06,1.025048313297859
Risk Prone,2019-02-07,1.0140775152540755
Risk Prone,2019-02-08,1.0164993379438996
Risk Prone,2019-02-11,1.0140793956568765
Risk Prone,2019-02-12,0.9966222651269973
Risk Prone,2019-02-13,1.009191589575124
Risk Prone,2019-02-14,1.003790468860914
Risk Prone,2019-02-15,1.0130363549098016
Risk Prone,2019-02-18,1.0211288378060501
Risk Prone,2019-02-19,1.0192157264192148
Risk Prone,2019-02-20,1.026671751530562
Risk Prone,2019-02-21,1.0271179358270275
Risk Prone,2019-02-22,1.031270094772039
Risk Prone,2019-02-25,1.042367999153043
Risk Prone,2019-02-26,1.0451170349159848
Risk Prone,2019-02-27,1.047728631076735
Risk Prone,2019-02-28,1.047097553993993
Risk Prone,2019-03-01,1.0517069893246416
Risk Prone,2019-03-04,1.051216668084338
Risk Prone,2019-03-05,1.0496486691093165
Risk Prone,2019-03-06,1.0274963782076225
Risk Prone,2019-03-07,1.0232466491995904
Risk Prone,2019-03-08,1.0115659801308774
Risk Prone,2019-03-11,1.0278720966137396
Risk Prone,2019-03-12,1.03596257215737
Risk Prone,2019-03-13,1.0457398884767732
Risk Prone,2019-03-14,1.0500694433575541
Risk Prone,2019-03-15,1.0603098996794655
Risk Prone,2019-03-18,1.0641036037488687
Risk Prone,2019-03-19,1.0793332402416003
Risk Prone,2019-03-20,1.07128454744761
Risk Prone,2019-03-21,1.087333862757477
Risk Prone,2019-03-22,1.0594537119521872
Risk Prone,2019-03-25,1.0540981010354882
Risk Prone,2019-03-26,1.0653774284961484
Risk Prone,2019-03-27,1.060299704815539
Risk Prone,2019-03-28,1.0608023994057865
Risk Prone,2019-03-29,1.0703393925394027
Risk Prone,2019-04-01,1.0879833690775496
Risk Prone,2019-04-02,1.090913198949022
Risk Prone,2019-04-03,1.1027415514547243
Risk Prone,2019-04-04,1.0951523406341583
Risk Prone,2019-04-05,1.1120568279564425
Risk Prone,2019-04-08,1.1065948566258632
Risk Prone,2019-04-09,1.1012479226708685
Risk Prone,2019-04-10,1.1060677725898191
Risk Prone,2019-04-11,1.1057294283177812
Risk Prone,2019-04-12,1.1217356614030976
Risk Prone,2019-04-15,1.1199656220196674
Risk Prone,2019-04-16,1.117864035465779
Risk Prone,2019-04-17,1.0978798712347448
Risk Prone,2019-04-18,1.0945297287656373
Risk Prone,2019-04-19,1.0945297287656373
Risk Prone,2019-04-22,1.096486120111687
Risk Prone,2019-04-23,1.1200630866297374
Risk Prone,2019-04-24,1.1210555157037003
Risk Prone,2019-04-25,1.1084385447038116
Risk Prone,2019-04-26,1.1074759211441763
Risk Prone,2019-04-29,1.1097237424644402
Risk Prone,2019-04-30,1.1190866425616839
Risk Prone,2019-05-01,1.1118656409987455
Risk Prone,2019-05-02,1.1032425016753833
Risk Prone,2019-05-03,1.111576266309398
Risk Prone,2019-05-06,1.1066572419014984
Risk Prone,2019-05-07,1.089626600793551
Risk Prone,2019-05-08,1.0945251884390281
Risk Prone,2019-05-09,1.0731831085570365
Risk Prone,2019-05-10,1.0836021532593938
Risk Prone,2019-05-13,1.052998196681178
Risk Prone,2019-05-14,1.0814241722335216
Risk Prone,2019-05-15,1.091849279624171
Risk Prone,2019-05-16,1.1134544712540808
Risk Prone,2019-05-17,1.110329908321041
Risk Prone,2019-05-20,1.0938061969274273
Risk Prone,2019-05-21,1.1099534677605543
Risk Prone,2019-05-22,1.1013698273539227
Risk Prone,2019-05-23,1.080592173600853
Risk Prone,2019-05-24,1.0961454260708503
Risk Prone,2019-05-27,1.095718392838627
Risk Prone,2019-05-28,1.0960934006228238
Risk Prone,2019-05-29,1.06982007447778
Risk Prone,2019-05-30,1.0710298362601987
Risk Prone,2019-05-31,1.0544477648165944
Risk Prone,2019-06-03,1.0514921351107993
Risk Prone,2019-06-04,1.0668538645885723
Risk Prone,2019-06-05,1.0674180064412815
Risk Prone,2019-06-06,1.0736544955028975
Risk Prone,2019-06-07,1.090878223277782
Risk Prone,2019-06-10,1.096815322383905
Risk Prone,2019-06-11,1.104686297100795
Risk Prone,2019-06-12,1.1005074719276682
Risk Prone,2019-06-13,1.101012073641138
Risk Prone,2019-06-14,1.0984619563162148
Risk Prone,2019-06-17,1.0969567081423277
Risk Prone,2019-06-18,1.121270571273976
Risk Prone,2019-06-19,1.1306342477028932
Risk Prone,2019-06-20,1.1514127446222944
Risk Prone,2019-06-21,1.1395866717931846
Risk Prone,2019-06-24,1.1489543737653265
Risk Prone,2019-06-25,1.1390855599273502
Risk Prone,2019-06-26,1.1396601190957498
Risk Prone,2019-06-27,1.146627098700585
Risk Prone,2019-06-28,1.155148658217108
Risk Prone,2019-07-01,1.172313970881202
Risk Prone,2019-07-02,1.1767079162926173
Risk Prone,2019-07-03,1.1914397425450989
Risk Prone,2019-07-04,1.189657934508745
Risk Prone,2019-07-05,1.1832382776815735
Risk Prone,2019-07-08,1.1797123055425967
Risk Prone,2019-07-09,1.1747447954782466
Risk Prone,2019-07-10,1.1785620093783256
Risk Prone,2019-07-11,1.1842700670452524
Risk Prone,2019-07-12,1.1850671276795226
Risk Prone,2019-07-15,1.1902851712848688
Risk Prone,2019-07-16,1.1868850134385538
Risk Prone,2019-07-17,1.1812744929540833
Risk Prone,2019-07-18,1.1856426396497355
Risk Prone,2019-07-19,1.1814923354495848
Risk Prone,2019-07-22,1.1844497905219964
Risk Prone,2019-07-23,1.1817994082695564
Risk Prone,2019-07-24,1.1822249492976127
Risk Prone,2019-07-25,1.1765662914456112
Risk Prone,2019-07-26,1.1790649180259176
Risk Prone,2019-07-29,1.1736233610221378
Risk Prone,2019-07-30,1.1687878702293368
Risk Prone,2019-07-31,1.163844215032929
Risk Prone,2019-08-01,1.1671585122320127
Risk Prone,2019-08-02,1.157059072783995
Risk Prone,2019-08-05,1.1294766451341023
Risk Prone,2019-08-06,1.148596700492851
Risk Prone,2019-08-07,1.1497708474725654
Risk Prone,2019-08-08,1.174576776304625
Risk Prone,2019-08-09,1.1690561370548254
Risk Prone,2019-08-12,1.1622256831874502
Risk Prone,2019-08-13,1.1673868486249561
Risk Prone,2019-08-14,1.1390828765241026
Risk Prone,2019-08-15,1.1419499311276158
Risk Prone,2019-08-16,1.1522101944086498
Risk Prone,2019-08-19,1.1632692506039175
Risk Prone,2019-08-20,1.15321973371403
Risk Prone,2019-08-21,1.1687361707724722
Risk Prone,2019-08-22,1.1578669369906671
Risk Prone,2019-08-23,1.144124393211761
Risk Prone,2019-08-26,1.151906638342412
Risk Prone,2019-08-27,1.152746932686325
Risk Prone,2019-08-28,1.148529527633967
Risk Prone,2019-08-29,1.164048582291969
Risk Prone,2019-08-30,1.1631931463080503
Risk Prone,2019-09-02,1.163498416304308
Risk Prone,2019-09-03,1.1619667048365556
Risk Prone,2019-09-04,1.1801497726371244
Risk Prone,2019-09-05,1.1896751451038161
Risk Prone,2019-09-06,1.1865789914955474
Risk Prone,2019-09-09,1.1690910106325967
Risk Prone,2019-09-10,1.1490481057797448
Risk Prone,2019-09-11,1.1523260343012094
Risk Prone,2019-09-12,1.160170624268045
Risk Prone,2019-09-13,1.1594046527726816
Risk Prone,2019-09-16,1.1548025462936833
Risk Prone,2019-09-17,1.166331273729688
Risk Prone,2019-09-18,1.1705360124121207
Risk Prone,2019-09-19,1.1746884204633434
Risk Prone,2019-09-20,1.168093568756773
Risk Prone,2019-09-23,1.161558570648332
Risk Prone,2019-09-24,1.1628995087713934
Risk Prone,2019-09-25,1.1540228635967607
Risk Prone,2019-09-26,1.154421084588575
Risk Prone,2019-09-27,1.150913430860769
Risk Prone,2019-09-30,1.154968229345654
Risk Prone,2019-10-01,1.1469173904292533
Risk Prone,2019-10-02,1.1235437880330839
Risk Prone,2019-10-03,1.1317356234480969
Risk Prone,2019-10-04,1.1508036853650188
Risk Prone,2019-10-07,1.1491172628860635
Risk Prone,2019-10-08,1.1329673006829435
Risk Prone,2019-10-09,1.1369683150222147
Risk Prone,2019-10-10,1.1403704852068695
Risk Prone,2019-10-11,1.1581671472701118
Risk Prone,2019-10-14,1.1510721404679716
Risk Prone,2019-10-15,1.1542365731105975
Risk Prone,2019-10-16,1.1529307710886498
Risk Prone,2019-10-17,1.1605562645629455
Risk Prone,2019-10-18,1.1535786168418496
Risk Prone,2019-10-21,1.1476973243474085
Risk Prone,2019-10-22,1.1433370581613933
Risk Prone,2019-10-23,1.1371773734620696
Risk Prone,2019-10-24,1.1388401939722559
Risk Prone,2019-10-25,1.1278011796231366
Risk Prone,2019-10-28,1.1274021809701031
Risk Prone,2019-10-29,1.1341946217042618
Risk Prone,2019-10-30,1.1432701562999137
Risk Prone,2019-10-31,1.1400555254054265
Risk Prone,2019-11-01,1.142499087685313
Risk Prone,2019-11-04,1.138997105272268
Risk Prone,2019-11-05,1.1324509880966163
Risk Prone,2019-11-06,1.135606836529206
Risk Prone,2019-11-07,1.1395818139358251
Risk Prone,2019-11-08,1.1647723051832815
Risk Prone,2019-11-11,1.1766357676491122
Risk Prone,2019-11-12,1.1716515245901127
Risk Prone,2019-11-13,1.1866068324742647
Risk Prone,2019-11-14,1.186951338857128
Risk Prone,2019-11-15,1.1975158129198598
Risk Prone,2019-11-18,1.2067009927448316
Risk Prone,2019-11-19,1.2060554282116551
Risk Prone,2019-11-20,1.2078995139235587
Risk Prone,2019-11-21,1.2026911707127081
Risk Prone,2019-11-22,1.1963596106333263
Risk Prone,2019-11-25,1.2040834959788251
Risk Prone,2019-11-26,1.2142402985714646
Risk Prone,2019-11-27,1.2138992081299593
Risk Prone,2019-11-28,1.2199305040334882
Risk Prone,2019-11-29,1.2115341441307146
Risk Prone,2019-12-02,1.1957240611330646
Risk Prone,2019-12-03,1.1978749948382121
Risk Prone,2019-12-04,1.2093017792894025
Risk Prone,2019-12-05,1.2128102969190926
Risk Prone,2019-12-06,1.2179244392795678
Risk Prone,2019-12-09,1.2150262404233474
Risk Prone,2019-12-10,1.2133627016339925
Risk Prone,2019-12-11,1.2123351225353793
Risk Prone,2019-12-12,1.2052563068042679
Risk Prone,2019-12-13,1.2184949559330205
Risk Prone,2019-12-16,1.2336374386921805
Risk Prone,2019-12-17,1.2279615219083035
Risk Prone,2019-12-18,1.2333685289835552
Risk Prone,2019-12-19,1.240617565209704
Risk Prone,2019-12-20,1.2452059653324252
Risk Prone,2019-12-23,1.245978409681234
Risk Prone,2019-12-24,1.249702284673756
Risk Prone,2019-12-25,1.249702284673756
Risk Prone,2019-12-26,1.2516893765155637
Risk Prone,2019-12-27,1.2580748349970812
Risk Prone,2019-12-30,1.252646298520356
Risk Prone,2019-12-31,1.255010906097498
Risk Prone,2020-01-01,1.255010906097498
Risk Prone,2020-01-02,1.2599857896170048
Risk Prone,2020-01-03,1.2614701694755122
Risk Prone,2020-01-06,1.2670643951460763
Risk Prone,2020-01-07,1.2623070105675478
Risk Prone,2020-01-08,1.2681078019606384
Risk Prone,2020-01-09,1.2933890242105643
Risk Prone,2020-01-10,1.296303640295176
Risk Prone,2020-01-13,1.2906353480655062
Risk Prone,2020-01-14,1.307701678600712
Risk Prone,2020-01-15,1.3080513744407083
Risk Prone,2020-01-16,1.3134586832108104
Risk Prone,2020-01-17,1.3253030168513584
Risk Prone,2020-01-20,1.3190658784128564
Risk Prone,2020-01-21,1.3264642362503163
Risk Prone,2020-01-22,1.3322632726068362
Risk Prone,2020-01-23,1.324612327204789
Risk Prone,2020-01-24,1.3232891343272624
Risk Prone,2020-01-27,1.3046181162664436
Risk Prone,2020-01-28,1.3099919316712623
Risk Prone,2020-01-29,1.31191104014548
Risk Prone,2020-01-30,1.3129060852909178
Risk Prone,2020-01-31,1.3076915319750444
Risk Prone,2020-02-03,1.3177211513072
Risk Prone,2020-02-04,1.3409196522411784
Risk Prone,2020-02-05,1.350434762831575
Risk Prone,2020-02-06,1.3568614910402097
Risk Prone,2020-02-07,1.3576625748213296
Risk Prone,2020-02-10,1.3630225036699952
Risk Prone,2020-02-11,1.3671872543276453
Risk Prone,2020-02-12,1.391158708936759
Risk Prone,2020-02-13,1.4013780082646166
Risk Prone,2020-02-14,1.4021419600554814
Risk Prone,2020-02-17,1.4053103369709607
Risk Prone,2020-02-18,1.4053674393550004
Risk Prone,2020-02-19,1.425013611698604
Risk Prone,2020-02-20,1.4127497148663122
Risk Prone,2020-02-21,1.4059657849827825
Risk Prone,2020-02-24,1.3603996202715725
Risk Prone,2020-02-25,1.3353918586424698
Risk Prone,2020-02-26,1.3290379650916662
Risk Prone,2020-02-27,1.2779430704330728
Risk Prone,2020-02-28,1.2538133181556939
Risk Prone,2020-03-02,1.2889900352886758
Risk Prone,2020-03-03,1.3044759354966184
Risk Prone,2020-03-04,1.3365528547529966
Risk Prone,2020-03-05,1.3115644553242876
Risk Prone,2020-03-06,1.291510371215618
Risk Prone,2020-03-09,1.223541197330553
Risk Prone,2020-03-10,1.2249325066083363
Risk Prone,2020-03-11,1.1832895650503323
Risk Prone,2020-03-12,1.0681705521323397
Risk Prone,2020-03-13,1.1016989561928232
Risk Prone,2020-03-16,1.0008420514311107
Risk Prone,2020-03-17,1.008333346406175
Risk Prone,2020-03-18,0.95645015829639
Risk Prone,2020-03-19,0.9570338468502219
Risk Prone,2020-03-20,0.9816135466580015
Risk Prone,2020-03-23,0.9649197095708133
Risk Prone,2020-03-24,1.038230097227787
Risk Prone,2020-03-25,1.0715270581655547
Risk Prone,2020-03-26,1.1205474901967178
Risk Prone,2020-03-27,1.0882720957384446
Risk Prone,2020-03-30,1.12770318772405
Risk Prone,2020-03-31,1.1169394589724062
Risk Prone,2020-04-01,1.0997425098316487
Risk Prone,2020-04-02,1.1140255335359195
Risk Prone,2020-04-03,1.109969215740755
Risk Prone,2020-04-06,1.1520016217250388
Risk Prone,2020-04-07,1.1601859934440764
Risk Prone,2020-04-08,1.184690292908537
Risk Prone,2020-04-09,1.2082870009779683
Risk Prone,2020-04-10,1.2082870009779683
Risk Prone,2020-04-13,1.2086557983155912
Risk Prone,2020-04-14,1.2588825357945728
Risk Prone,2020-04-15,1.2410224479425649
Risk Prone,2020-04-16,1.2561077158631664
Risk Prone,2020-04-17,1.276542781788994
Risk Prone,2020-04-20,1.2750807587042516
Risk Prone,2020-04-21,1.2532859095294782
Risk Prone,2020-04-22,1.2776034693232616
Risk Prone,2020-04-23,1.2817489570148923
Risk Prone,2020-04-24,1.2800787108326572
Risk Prone,2020-04-27,1.2883724661700129
Risk Prone,2020-04-28,1.2889721835620893
Risk Prone,2020-04-29,1.2910050053604294
Risk Prone,2020-04-30,1.291549255274119
Risk Prone,2020-05-01,1.2856287741626198
Risk Prone,2020-05-04,1.2894899471864099
Risk Prone,2020-05-05,1.3020609134801677
Risk Prone,2020-05-06,1.2971569638665896
Risk Prone,2020-05-07,1.3173328029835085
Risk Prone,2020-05-08,1.337366086773005
Risk Prone,2020-05-11,1.3499577205871318
Risk Prone,2020-05-12,1.3485431235650842
Risk Prone,2020-05-13,1.3311346045914292
Risk Prone,2020-05-14,1.31796895074132
Risk Prone,2020-05-15,1.330581052922509
Risk Prone,2020-05-18,1.3566002101456394
Risk Prone,2020-05-19,1.3670740435913475
Risk Prone,2020-05-20,1.377925488714764
Risk Prone,2020-05-21,1.3699384024917423
Risk Prone,2020-05-22,1.3703483728640007
Risk Prone,2020-05-25,1.3840666117595848
Risk Prone,2020-05-26,1.4115229263008895
Risk Prone,2020-05-27,1.3980770082160563
Risk Prone,2020-05-28,1.4335633537386248
Risk Prone,2020-05-29,1.4566550420130095
Risk Prone,2020-06-01,1.4648747307656083
Risk Prone,2020-06-02,1.4722619346194794
Risk Prone,2020-06-03,1.469206122001553
Risk Prone,2020-06-04,1.4611205163279608
Risk Prone,2020-06-05,1.4643783402496076
Risk Prone,2020-06-08,1.4391078738856575
Risk Prone,2020-06-09,1.4457507976435673
Risk Prone,2020-06-10,1.471702360317308
Risk Prone,2020-06-11,1.4330374717995085
Risk Prone,2020-06-12,1.4303751305537038
Risk Prone,2020-06-15,1.4402727811019156
Risk Prone,2020-06-16,1.4612711162260876
Risk Prone,2020-06-17,1.4656233615397476
Risk Prone,2020-06-18,1.4707135239979356
Risk Prone,2020-06-19,1.4830309173861156
Risk Prone,2020-06-22,1.5025008055025642
Risk Prone,2020-06-23,1.5201917285438016
Risk Prone,2020-06-24,1.476513130418242
Risk Prone,2020-06-25,1.482142187523102
Risk Prone,2020-06-26,1.4722498022620094
Risk Prone,2020-06-29,1.4762602998232195
Risk Prone,2020-06-30,1.4794630900113754
Risk Prone,2020-07-01,1.5125191404214235
Risk Prone,2020-07-02,1.5413795444248546
Risk Prone,2020-07-03,1.5459720717055363
Risk Prone,2020-07-06,1.5707258767380372
Risk Prone,2020-07-07,1.5849807386798442
Risk Prone,2020-07-08,1.5887741203257741
Risk Prone,2020-07-09,1.6074070446002715
Risk Prone,2020-07-10,1.5959846800538633
Risk Prone,2020-07-13,1.597061304437348
Risk Prone,2020-07-14,1.5895794632255233
Risk Prone,2020-07-15,1.6117109997831658
Risk Prone,2020-07-16,1.61395006579115
Risk Prone,2020-07-17,1.6353690376993741
Risk Prone,2020-07-20,1.6651291765335072
Risk Prone,2020-07-21,1.633270257543616
Risk Prone,2020-07-22,1.6401329794472828
Risk Prone,2020-07-23,1.6542959885057014
Risk Prone,2020-07-24,1.6191527119977545
Risk Prone,2020-07-27,1.6313289856757593
Risk Prone,2020-07-28,1.6402794797400644
Risk Prone,2020-07-29,1.6508638053961027
Risk Prone,2020-07-30,1.624611390815351
Risk Prone,2020-07-31,1.6229033624378064
Risk Prone,2020-08-03,1.656139394296288
Risk Prone,2020-08-04,1.638633845767231
Risk Prone,2020-08-05,1.6602464587343981
Risk Prone,2020-08-06,1.6532500301669293
Risk Prone,2020-08-07,1.6566151772658209
Risk Prone,2020-08-10,1.6177577904521263
Risk Prone,2020-08-11,1.6138503402112652
Risk Prone,2020-08-12,1.6330316019931084
Risk Prone,2020-08-13,1.6555378888254138
Risk Prone,2020-08-14,1.6334673804440563
Risk Prone,2020-08-17,1.673584313577602
Risk Prone,2020-08-18,1.6632344167908244
Risk Prone,2020-08-19,1.6633434555140678
Risk Prone,2020-08-20,1.6614701610483844
Risk Prone,2020-08-21,1.6544511834406186
Risk Prone,2020-08-24,1.6582644213964357
Risk Prone,2020-08-25,1.6686724738152765
Risk Prone,2020-08-26,1.681503467208635
Risk Prone,2020-08-27,1.6728203676332511
Risk Prone,2020-08-28,1.687471515591718
Risk Prone,2020-08-31,1.6873703059664535
Risk Prone,2020-09-01,1.687652367326925
Risk Prone,2020-09-02,1.6939848678154579
Risk Prone,2020-09-03,1.6177081258445756
Risk Prone,2020-09-04,1.5840377026632715
Risk Prone,2020-09-07,1.607874161452113
Risk Prone,2020-09-08,1.5706979950960063
Risk Prone,2020-09-09,1.6000086273300118
Risk Prone,2020-09-10,1.5995975153282145
Risk Prone,2020-09-11,1.6037497843037696
Risk Prone,2020-09-14,1.622118005781999
Risk Prone,2020-09-15,1.6447482107501095
Risk Prone,2020-09-16,1.6363604482632848
Risk Prone,2020-09-17,1.6293616533033644
Risk Prone,2020-09-18,1.6441091819876819
Risk Prone,2020-09-21,1.6114633464673531
Risk Prone,2020-09-22,1.6194421737528133
Risk Prone,2020-09-23,1.6101966305007802
Risk Prone,2020-09-24,1.6018990412072507
Risk Prone,2020-09-25,1.6234214914414766
Risk Prone,2020-09-28,1.6549149871608728
Risk Prone,2020-09-29,1.66668493817076
Risk Prone,2020-09-30,1.6715800646400834
Risk Prone,2020-10-01,1.6974925724075658
Risk Prone,2020-10-02,1.6882025849657738
Risk Prone,2020-10-05,1.7076104542799657
Risk Prone,2020-10-06,1.6917142603385098
Risk Prone,2020-10-07,1.7149665573551869
Risk Prone,2020-10-08,1.716270413045928
Risk Prone,2020-10-09,1.7426267217355762
Risk Prone,2020-10-12,1.7608559238457628
Risk Prone,2020-10-13,1.7679063563854436
Risk Prone,2020-10-14,1.757011597658248
Risk Prone,2020-10-15,1.7373179518949635
Risk Prone,2020-10-16,1.7467413424327574
Risk Prone,2020-10-19,1.73291374114783
Risk Prone,2020-10-20,1.7304608778280823
Risk Prone,2020-10-21,1.7231485651737386
Risk Prone,2020-10-22,1.7170805762351293
Risk Prone,2020-10-23,1.730747956891902
Risk Prone,2020-10-26,1.7177428285742091
Risk Prone,2020-10-27,1.7075302736003442
Risk Prone,2020-10-28,1.649876014869893
Risk Prone,2020-10-29,1.643622048990302
Risk Prone,2020-10-30,1.6325285577170274
Risk Prone,2020-11-02,1.6323471788623884
Risk Prone,2020-11-03,1.6669627383614067
Risk Prone,2020-11-04,1.7196567375650733
Risk Prone,2020-11-05,1.7552534074938806
Risk Prone,2020-11-06,1.7658630812118392
Risk Prone,2020-11-09,1.686783893858408
Risk Prone,2020-11-10,1.6614692195901966
Risk Prone,2020-11-11,1.6943055202406565
Risk Prone,2020-11-12,1.6956900198867173
Risk Prone,2020-11-13,1.6963510785547795
Risk Prone,2020-11-16,1.6884997765796173
Risk Prone,2020-11-17,1.683567654709548
Risk Prone,2020-11-18,1.684071131396989
Risk Prone,2020-11-19,1.695483224126293
Risk Prone,2020-11-20,1.6986095063048836
Risk Prone,2020-11-23,1.6997721081594748
Risk Prone,2020-11-24,1.6729236551021278
Risk Prone,2020-11-25,1.6834497674053375
Risk Prone,2020-11-26,1.689049092025326
Risk Prone,2020-11-27,1.7258128078776913
Risk Prone,2020-11-30,1.7504444237818038
Risk Prone,2020-12-01,1.7470507965732776
Risk Prone,2020-12-02,1.7474621237988337
Risk Prone,2020-12-03,1.755877339218217
Risk Prone,2020-12-04,1.753874190488992
Risk Prone,2020-12-07,1.7549847950837485
Risk Prone,2020-12-08,1.7640407273943108
Risk Prone,2020-12-09,1.7430082328080752
Risk Prone,2020-12-10,1.7571473066032426
Risk Prone,2020-12-11,1.7708686136969147
Risk Prone,2020-12-14,1.787266079695008
Risk Prone,2020-12-15,1.7802079065820522
Risk Prone,2020-12-16,1.787758037586351
Risk Prone,2020-12-17,1.796157884486627
Risk Prone,2020-12-18,1.8048453533239592
Risk Prone,2020-12-21,1.7842634759466056
Risk Prone,2020-12-22,1.8052610067630936
Risk Prone,2020-12-23,1.8047754991412923
Risk Prone,2020-12-24,1.8136079827691562
Risk Prone,2020-12-25,1.8136079827691562
Risk Prone,2020-12-28,1.8238204330854992
Risk Prone,2020-12-29,1.8324768852048545
Risk Prone,2020-12-30,1.8320155114237362
Risk Prone,2020-12-31,1.8294872360109244
Risk Prone,2021-01-01,1.8294872360109249
Risk Prone,2021-01-04,1.8578336396992041
Risk Prone,2021-01-05,1.8520892441865422
Risk Prone,2021-01-06,1.8755009330037464
Risk Prone,2021-01-07,1.901772372958901
Risk Prone,2021-01-08,1.9135768496789143
Risk Prone,2021-01-11,1.8676897539742316
Risk Prone,2021-01-12,1.8558418939709227
Risk Prone,2021-01-13,1.8428033530084897
Risk Prone,2021-01-14,1.845464523649311
Risk Prone,2021-01-15,1.8226443216943768
Risk Prone,2021-01-18,1.8222104895716156
Risk Prone,2021-01-19,1.8391693895074348
Risk Prone,2021-01-20,1.8627691775922202
Risk Prone,2021-01-21,1.888088735683154
Risk Prone,2021-01-22,1.9024202128330119
Risk Prone,2021-01-25,1.9054661655156995
Risk Prone,2021-01-26,1.8770361636031123
Risk Prone,2021-01-27,1.8185043101792158
Risk Prone,2021-01-28,1.836178003320017
Risk Prone,2021-01-29,1.8172678731783338
Risk Prone,2021-02-01,1.8455296851187035
Risk Prone,2021-02-02,1.8701904365914954
Risk Prone,2021-02-03,1.873325693757771
Risk Prone,2021-02-04,1.8648953001636337
Risk Prone,2021-02-05,1.879935560012642
Risk Prone,2021-02-08,1.8784361956903013
Risk Prone,2021-02-09,1.8725350665443437
Risk Prone,2021-02-10,1.8699805348245442
Risk Prone,2021-02-11,1.8922993420929726
Risk Prone,2021-02-12,1.8862186652500155
Risk Prone,2021-02-15,1.894483948256192
Risk Prone,2021-02-16,1.8806015823691644
Risk Prone,2021-02-17,1.8684452499677637
Risk Prone,2021-02-18,1.8424292695718054
Risk Prone,2021-02-19,1.857608857083122
Risk Prone,2021-02-22,1.831027663763086
Risk Prone,2021-02-23,1.8004785362218612
Risk Prone,2021-02-24,1.7977506376866546
Risk Prone,2021-02-25,1.7941976880430677
Risk Prone,2021-02-26,1.7691145321928123
Risk Prone,2021-03-01,1.796732034438624
Risk Prone,2021-03-02,1.7707808098119828
Risk Prone,2021-03-03,1.7147419864684288
Risk Prone,2021-03-04,1.6680296808508894
Risk Prone,2021-03-05,1.6405766285257608
Risk Prone,2021-03-08,1.6206811861402384
Risk Prone,2021-03-09,1.683603323493447
Risk Prone,2021-03-10,1.6838726654335623
Risk Prone,2021-03-11,1.7290780185280252
Risk Prone,2021-03-12,1.7109304095207705
Risk Prone,2021-03-15,1.720575466050132
Risk Prone,2021-03-16,1.7359745082047873
Risk Prone,2021-03-17,1.710631975251999
Risk Prone,2021-03-18,1.6961577915788986
Risk Prone,2021-03-19,1.7206107524377867
Risk Prone,2021-03-22,1.7452671348055988
Risk Prone,2021-03-23,1.7589176808031788
Risk Prone,2021-03-24,1.727265370943415
Risk Prone,2021-03-25,1.7215820190541713
Risk Prone,2021-03-26,1.7500466121105647
Risk Prone,2021-03-29,1.738457285558319
Risk Prone,2021-03-30,1.7257813761676901
Risk Prone,2021-03-31,1.7495112249735354
Risk Prone,2021-04-01,1.7549771024474707
Risk Prone,2021-04-02,1.7549771024474707
Risk Prone,2021-04-05,1.76892486096108
Risk Prone,2021-04-06,1.7923902798824283
Risk Prone,2021-04-07,1.7927775448206797
Risk Prone,2021-04-08,1.8135599913429097
Risk Prone,2021-04-09,1.8264851237948618
Risk Prone,2021-04-12,1.8247565724508323
Risk Prone,2021-04-13,1.8496971215843259
Risk Prone,2021-04-14,1.846168361593992
Risk Prone,2021-04-15,1.8706269490179122
Risk Prone,2021-04-16,1.879999698897071
Risk Prone,2021-04-19,1.8895439206408016
Risk Prone,2021-04-20,1.8810032706209874
Risk Prone,2021-04-21,1.8919023521808527
Risk Prone,2021-04-22,1.89581321133109
Risk Prone,2021-04-23,1.908595839033828
Risk Prone,2021-04-26,1.9082620282903457
Risk Prone,2021-04-27,1.9627681302731954
Risk Prone,2021-04-28,1.9445317430790783
Risk Prone,2021-04-29,1.9650123318172423
Risk Prone,2021-04-30,1.9527225514920523
Risk Prone,2021-05-03,1.9525217801373917
Risk Prone,2021-05-04,1.9068425269443423
Risk Prone,2021-05-05,1.9377063176038158
Risk Prone,2021-05-06,1.9103343001145765
Risk Prone,2021-05-07,1.9453928946413734
Risk Prone,2021-05-10,1.9368304724907055
Risk Prone,2021-05-11,1.8624308151101332
Risk Prone,2021-05-12,1.8496933084274152
Risk Prone,2021-05-13,1.8523498521866395
Risk Prone,2021-05-14,1.8744467586885907
Risk Prone,2021-05-17,1.8590528507251503
Risk Prone,2021-05-18,1.8798029111546117
Risk Prone,2021-05-19,1.8565272497872707
Risk Prone,2021-05-20,1.9003524899739646
Risk Prone,2021-05-21,1.9010447664580148
Risk Prone,2021-05-24,1.9257963981922204
Risk Prone,2021-05-25,1.9403367400001732
Risk Prone,2021-05-26,1.9482736367725761
Risk Prone,2021-05-27,1.9655228464313994
Risk Prone,2021-05-28,1.9618578111316394
Risk Prone,2021-05-31,1.9733033844203465
Risk Prone,2021-06-01,1.970469567996774
Risk Prone,2021-06-02,1.9621691315686514
Risk Prone,2021-06-03,1.9525048342272044
Risk Prone,2021-06-04,1.9596955910640466
Risk Prone,2021-06-07,1.9759373520052068
Risk Prone,2021-06-08,1.9834293995130414
Risk Prone,2021-06-09,1.9955259473148574
Risk Prone,2021-06-10,1.9982796514499408
Risk Prone,2021-06-11,1.9983821051104529
Risk Prone,2021-06-14,2.0110765054420523
Risk Prone,2021-06-15,1.9789329744319042
Risk Prone,2021-06-16,1.980463680883346
Risk Prone,2021-06-17,1.951026307098061
Risk Prone,2021-06-18,1.941513336199281
Risk Prone,2021-06-21,1.9542152505378514
Risk Prone,2021-06-22,1.9688401125531996
Risk Prone,2021-06-23,1.9564067228972988
Risk Prone,2021-06-24,1.9870167542817945
Risk Prone,2021-06-25,1.9946359903475306
Risk Prone,2021-06-28,1.966533190897089
Risk Prone,2021-06-29,1.9771038737358178
Risk Prone,2021-06-30,1.9649437246818833
Risk Prone,2021-07-01,1.972396550069071
Risk Prone,2021-07-02,1.9912568406257551
Risk Prone,2021-07-05,1.9963281005132165
Risk Prone,2021-07-06,2.0086588945984967
Risk Prone,2021-07-07,2.0254176462525555
Risk Prone,2021-07-08,2.006213038423246
Risk Prone,2021-07-09,2.017804132451959
Risk Prone,2021-07-12,2.032387309854178
Risk Prone,2021-07-13,2.0326382880619684
Risk Prone,2021-07-14,2.0233421748062517
Risk Prone,2021-07-15,2.0124404868760153
Risk Prone,2021-07-16,2.0220501147609737
Risk Prone,2021-07-19,2.006316686374633
Risk Prone,2021-07-20,2.0038679731509093
Risk Prone,2021-07-21,2.01896996338781
Risk Prone,2021-07-22,2.0423759498684384
Risk Prone,2021-07-23,2.0765229710379867
Risk Prone,2021-07-26,2.08500857367977
Risk Prone,2021-07-27,2.083861004172789
Risk Prone,2021-07-28,2.0919555003091146
Risk Prone,2021-07-29,2.100327316334158
Risk Prone,2021-07-30,2.1019533934622765
Risk Prone,2021-08-02,2.1035336242235148
Risk Prone,2021-08-03,2.0974861238304796
Risk Prone,2021-08-04,2.098449369501095
Risk Prone,2021-08-05,2.0935749232323837
Risk Prone,2021-08-06,2.0778562069500213
Risk Prone,2021-08-09,2.0797192535726174
Risk Prone,2021-08-10,2.086108701224654
Risk Prone,2021-08-11,2.0829027407139487
Risk Prone,2021-08-12,2.0905230443726053
Risk Prone,2021-08-13,2.0994658214281974
Risk Prone,2021-08-16,2.1002540921569812
Risk Prone,2021-08-17,2.1070905322424966
Risk Prone,2021-08-18,2.102004868813168
Risk Prone,2021-08-19,2.077777644988022
Risk Prone,2021-08-20,2.0977022244802437
Risk Prone,2021-08-23,2.116310874273371
Risk Prone,2021-08-24,2.112902937245313
Risk Prone,2021-08-25,2.1191215855172194
Risk Prone,2021-08-26,2.113732059785159
Risk Prone,2021-08-27,2.1187066980189218
Risk Prone,2021-08-30,2.1311115647855203
Risk Prone,2021-08-31,2.1199765674993007
Risk Prone,2021-09-01,2.133822637103429
Risk Prone,2021-09-02,2.167045442011905
Risk Prone,2021-09-03,2.162151652093263
Risk Prone,2021-09-06,2.169556209517725
Risk Prone,2021-09-07,2.161414230910172
Risk Prone,2021-09-08,2.1595521112659037
Risk Prone,2021-09-09,2.148586985410065
Risk Prone,2021-09-10,2.136398125834388
Risk Prone,2021-09-13,2.0874724545724845
Risk Prone,2021-09-14,2.1006085454189365
Risk Prone,2021-09-15,2.0993805353652695
Risk Prone,2021-09-16,2.1100240277719693
Risk Prone,2021-09-17,2.099830909114043
Risk Prone,2021-09-20,2.0607720490107235
Risk Prone,2021-09-21,2.085021673120445
Risk Prone,2021-09-22,2.09350799341884
Risk Prone,2021-09-23,2.1261368390094653
Risk Prone,2021-09-24,2.09530291823173
Risk Prone,2021-09-27,2.034116287940337
Risk Prone,2021-09-28,1.975719146220094
Risk Prone,2021-09-29,1.9883157538206502
Risk Prone,2021-09-30,1.9720907888307486
Risk Prone,2021-10-01,1.9823179039596754
Risk Prone,2021-10-04,1.9643719739048968
Risk Prone,2021-10-05,1.9721009569572305
Risk Prone,2021-10-06,1.946238186733569
Risk Prone,2021-10-07,1.965387410991195
Risk Prone,2021-10-08,1.9451856334398874
Risk Prone,2021-10-11,1.933232429795405
Risk Prone,2021-10-12,1.9545883595687947
Risk Prone,2021-10-13,1.985071781018016
Risk Prone,2021-10-14,2.022163117373295
Risk Prone,2021-10-15,2.0465837245070104
Risk Prone,2021-10-18,2.0597616344347616
Risk Prone,2021-10-19,2.085610901555526
Risk Prone,2021-10-20,2.0901583748839903
Risk Prone,2021-10-21,2.115315705946756
Risk Prone,2021-10-22,2.127794606664144
Risk Prone,2021-10-25,2.1405745477251776
Risk Prone,2021-10-26,2.1427728731072646
Risk Prone,2021-10-27,2.145100268718442
Risk Prone,2021-10-28,2.131644402798951
Risk Prone,2021-10-29,2.1255641148977342
Risk Prone,2021-11-01,2.1417264287175386
Risk Prone,2021-11-02,2.14989389081211
Risk Prone,2021-11-03,2.154768966807526
Risk Prone,2021-11-04,2.1630573569669944
Risk Prone,2021-11-05,2.1133988437177895
Risk Prone,2021-11-08,2.1218973237271976
Risk Prone,2021-11-09,2.1153952338050477
Risk Prone,2021-11-10,2.104150107474756
Risk Prone,2021-11-11,2.1100686089126017
Risk Prone,2021-11-12,2.1209998882870287
Risk Prone,2021-11-15,2.136303335065588
Risk Prone,2021-11-16,2.1362323034007433
Risk Prone,2021-11-17,2.1091918838777715
Risk Prone,2021-11-18,2.1210981518432357
Risk Prone,2021-11-19,2.114641243402899
Risk Prone,2021-11-22,2.084117146102429
Risk Prone,2021-11-23,2.0285951983584534
Risk Prone,2021-11-24,2.0229423599161813
Risk Prone,2021-11-25,1.989186404310924
Risk Prone,2021-11-26,1.9697874051475222
Risk Prone,2021-11-29,1.9906838612174607
Risk Prone,2021-11-30,1.9679258263187667
Risk Prone,2021-12-01,1.9610853001773985
Risk Prone,2021-12-02,1.9414556130479141
Risk Prone,2021-12-03,1.9226229235507137
Risk Prone,2021-12-06,1.9219974377179958
Risk Prone,2021-12-07,1.9702722280651508
Risk Prone,2021-12-08,1.9860264038135598
Risk Prone,2021-12-09,1.987379816321626
Risk Prone,2021-12-10,1.9895180360917324
Risk Prone,2021-12-13,1.999155780949903
Risk Prone,2021-12-14,1.9684806420968404
Risk Prone,2021-12-15,2.0011091993761614
Risk Prone,2021-12-16,1.994470893873396
Risk Prone,2021-12-17,1.9897430101995488
Risk Prone,2021-12-20,1.9627931835997445
Risk Prone,2021-12-21,1.9745379736119224
Risk Prone,2021-12-22,2.004004845907563
Risk Prone,2021-12-23,2.026048459286927
Risk Prone,2021-12-24,2.0246741479679526
Risk Prone,2021-12-27,2.060207548384901
Risk Prone,2021-12-28,2.0646305862013445
Risk Prone,2021-12-29,2.062915853711513
Risk Prone,2021-12-30,2.083652111891865
Risk Prone,2021-12-31,2.078134371157523
Risk Prone,2022-01-03,2.0657474134422364
Risk Prone,2022-01-04,2.040892459120469
Risk Prone,2022-01-05,2.0061372259315458
Risk Prone,2022-01-06,1.9841959627659085
Risk Prone,2022-01-07,1.935867382453182
Risk Prone,2022-01-10,1.9053781574626116
Risk Prone,2022-01-11,1.9247633663806203
Risk Prone,2022-01-12,1.9399527844062858
Risk Prone,2022-01-13,1.92400821935993
Risk Prone,2022-01-14,1.903805808194017
Risk Prone,2022-01-17,1.9022240641495065
Risk Prone,2022-01-18,1.8547709620245827
Risk Prone,2022-01-19,1.8416730915120012
Risk Prone,2022-01-20,1.8458538821681305
Risk Prone,2022-01-21,1.8051971780080818
Risk Prone,2022-01-24,1.7568515061440442
Risk Prone,2022-01-25,1.73879623927554
Risk Prone,2022-01-26,1.7679140358418648
Risk Prone,2022-01-27,1.7269062759702538
Risk Prone,2022-01-28,1.7529037509429215
Risk Prone,2022-01-31,1.7985673547217602
Risk Prone,2022-02-01,1.8264391448527875
Risk Prone,2022-02-02,1.8515540339312246
Risk Prone,2022-02-03,1.8010998365720818
Risk Prone,2022-02-04,1.8068607404412669
Risk Prone,2022-02-07,1.8063272330795574
Risk Prone,2022-02-08,1.7939437122780897
Risk Prone,2022-02-09,1.8334442363699108
Risk Prone,2022-02-10,1.8095971487968885
Risk Prone,2022-02-11,1.7793185522096258
Risk Prone,2022-02-14,1.7310093545603125
Risk Prone,2022-02-15,1.7648999117012822
Risk Prone,2022-02-16,1.7616940156511647
Risk Prone,2022-02-17,1.743854613506972
Risk Prone,2022-02-18,1.7099001362361044
Risk Prone,2022-02-21,1.6898208145239295
Risk Prone,2022-02-22,1.688145526866786
Risk Prone,2022-02-23,1.6608260925917593
Risk Prone,2022-02-24,1.6688248821028855
Risk Prone,2022-02-25,1.7217690949103235
Risk Prone,2022-02-28,1.747755542367081
Risk Prone,2022-03-01,1.7451997308675187
Risk Prone,2022-03-02,1.7448853383463252
Risk Prone,2022-03-03,1.7246512656292694
Risk Prone,2022-03-04,1.688949703751274
Risk Prone,2022-03-07,1.6539622980123672
Risk Prone,2022-03-08,1.6173713054824146
Risk Prone,2022-03-09,1.6706195305156313
Risk Prone,2022-03-10,1.6600613013748051
Risk Prone,2022-03-11,1.6463662815604
Risk Prone,2022-03-14,1.6597019267003577
Risk Prone,2022-03-15,1.6915773221760944
Risk Prone,2022-03-16,1.7460848210615607
Risk Prone,2022-03-17,1.7689488045186388
Risk Prone,2022-03-18,1.8095229038685547
Risk Prone,2022-03-21,1.8035898443850953
Risk Prone,2022-03-22,1.8241046655776372
Risk Prone,2022-03-23,1.791941138759138
Risk Prone,2022-03-24,1.7994988774910448
Risk Prone,2022-03-25,1.8057017767492338
Risk Prone,2022-03-28,1.818612734930684
Risk Prone,2022-03-29,1.866030055275084
Risk Prone,2022-03-30,1.8610875489699543
Risk Prone,2022-03-31,1.821311392598378
Risk Prone,2022-04-01,1.837895355111712
Risk Prone,2022-04-04,1.8470841542823537
Risk Prone,2022-04-05,1.846681601239024
Risk Prone,2022-04-06,1.8258273321778815
Risk Prone,2022-04-07,1.8492339638480382
Risk Prone,2022-04-08,1.8452460713496532
Risk Prone,2022-04-11,1.8212958068614387
Risk Prone,2022-04-12,1.8056100939653972
Risk Prone,2022-04-13,1.8054335787198912
Risk Prone,2022-04-14,1.806359859677024
Risk Prone,2022-04-15,1.806359859677024
Risk Prone,2022-04-18,1.798155669404105
Risk Prone,2022-04-19,1.7902177464424185
Risk Prone,2022-04-20,1.7939071262430546
Risk Prone,2022-04-21,1.7737106736818318
Risk Prone,2022-04-22,1.7323612679228606
Risk Prone,2022-04-25,1.7151932762989819
Risk Prone,2022-04-26,1.6710334858577247
Risk Prone,2022-04-27,1.6734490278678709
Risk Prone,2022-04-28,1.6828743707573335
Risk Prone,2022-04-29,1.66459787267647
Risk Prone,2022-05-02,1.6544305376636095
Risk Prone,2022-05-03,1.667933838117323
Risk Prone,2022-05-04,1.6842854839859025
Risk Prone,2022-05-05,1.64272413503434
Risk Prone,2022-05-06,1.6182294103162258
Risk Prone,2022-05-09,1.5628831299300228
Risk Prone,2022-05-10,1.565615081704862
Risk Prone,2022-05-11,1.5540561047082613
Risk Prone,2022-05-12,1.5399577332758723
Risk Prone,2022-05-13,1.5674120280877926
Risk Prone,2022-05-16,1.5667057420653319
Risk Prone,2022-05-17,1.573459339903352
Risk Prone,2022-05-18,1.512667018344822
Risk Prone,2022-05-19,1.5125963455535971
Risk Prone,2022-05-20,1.5233492360569802
Risk Prone,2022-05-23,1.5480739116715718
Risk Prone,2022-05-24,1.543372694727625
Risk Prone,2022-05-25,1.539771185263593
Risk Prone,2022-05-26,1.5576294648864966
Risk Prone,2022-05-27,1.5983605134225618
Risk Prone,2022-05-30,1.6061055360976009
Risk Prone,2022-05-31,1.5799552187950472
Risk Prone,2022-06-01,1.569381385243381
Risk Prone,2022-06-02,1.6013040398177154
Risk Prone,2022-06-03,1.5874698459894478
Risk Prone,2022-06-06,1.587451046930439
Risk Prone,2022-06-07,1.5892164105049806
Risk Prone,2022-06-08,1.580092927617431
Risk Prone,2022-06-09,1.5543297866528774
Risk Prone,2022-06-10,1.5165329473123683
Risk Prone,2022-06-13,1.4541904474353167
Risk Prone,2022-06-14,1.444645902682304
Risk Prone,2022-06-15,1.4626302534416242
Risk Prone,2022-06-16,1.4304175011902747
Risk Prone,2022-06-17,1.4183195571253258
Risk Prone,2022-06-20,1.4311895998814828
Risk Prone,2022-06-21,1.4572306972012097
Risk Prone,2022-06-22,1.4520846768623759
Risk Prone,2022-06-23,1.464065821145651
Risk Prone,2022-06-24,1.491351997030479
Risk Prone,2022-06-27,1.507503189572664
Risk Prone,2022-06-28,1.4890943283396951
Risk Prone,2022-06-29,1.483138502427495
Risk Prone,2022-06-30,1.468326224717483
Risk Prone,2022-07-01,1.4719174993297302
Risk Prone,2022-07-04,1.4740997155905975
Risk Prone,2022-07-05,1.4574488387742144
Risk Prone,2022-07-06,1.464240754754015
Risk Prone,2022-07-07,1.4985157292827223
Risk Prone,2022-07-08,1.5016750022654812
Risk Prone,2022-07-11,1.4902220172860914
Risk Prone,2022-07-12,1.4820253766168179
Risk Prone,2022-07-13,1.4834757049706575
Risk Prone,2022-07-14,1.4657481435691149
Risk Prone,2022-07-15,1.490740909137528
Risk Prone,2022-07-18,1.4916012370030218
Risk Prone,2022-07-19,1.515233792110245
Risk Prone,2022-07-20,1.5061778394556828
Risk Prone,2022-07-21,1.5269313581178998
Risk Prone,2022-07-22,1.529624508898051
Risk Prone,2022-07-25,1.530879368305314
Risk Prone,2022-07-26,1.5208342019920575
Risk Prone,2022-07-27,1.534157257650805
Risk Prone,2022-07-28,1.54482464713772
Risk Prone,2022-07-29,1.567562702851956
Risk Prone,2022-08-01,1.5692858457834047
Risk Prone,2022-08-02,1.5711106156943733
Risk Prone,2022-08-03,1.5971724309791262
Risk Prone,2022-08-04,1.5932888343265488
Risk Prone,2022-08-05,1.5669460185496247
Risk Prone,2022-08-08,1.568562753779215
Risk Prone,2022-08-09,1.5545761148334918
Risk Prone,2022-08-10,1.5724468040543211
Risk Prone,2022-08-11,1.5733158130000637
Risk Prone,2022-08-12,1.5803325620734567
Risk Prone,2022-08-15,1.589599249801034
Risk Prone,2022-08-16,1.5855830943812932
Risk Prone,2022-08-17,1.574576679320928
Risk Prone,2022-08-18,1.5857058405715596
Risk Prone,2022-08-19,1.5677009346020854
Risk Prone,2022-08-22,1.5569253293783791
Risk Prone,2022-08-23,1.545811633459631
Risk Prone,2022-08-24,1.5506156223392418
Risk Prone,2022-08-25,1.555658888522989
Risk Prone,2022-08-26,1.5246821972982942
Risk Prone,2022-08-29,1.5102132655228024
Risk Prone,2022-08-30,1.4914087818330288
Risk Prone,2022-08-31,1.4801584963231489
Risk Prone,2022-09-01,1.477231742340127
Risk Prone,2022-09-02,1.4782795821801182
Risk Prone,2022-09-05,1.4719742583683215
Risk Prone,2022-09-06,1.4776116763069345
Risk Prone,2022-09-07,1.49378134495374
Risk Prone,2022-09-08,1.509378708515525
Risk Prone,2022-09-09,1.5420824526454742
Risk Prone,2022-09-12,1.5482091569784593
Risk Prone,2022-09-13,1.5128740814022987
Risk Prone,2022-09-14,1.5041748584349595
Risk Prone,2022-09-15,1.4929047379006388
Risk Prone,2022-09-16,1.4839212851534829
Risk Prone,2022-09-19,1.4754202462916537
Risk Prone,2022-09-20,1.4674751703690083
Risk Prone,2022-09-21,1.449199250194058
Risk Prone,2022-09-22,1.4373056860691502
Risk Prone,2022-09-23,1.3998536730789894
Risk Prone,2022-09-26,1.3871381296236478
Risk Prone,2022-09-27,1.3899073533079167
Risk Prone,2022-09-28,1.4034156509677171
Risk Prone,2022-09-29,1.38172480166872
Risk Prone,2022-09-30,1.383510653399736
Risk Prone,2022-10-03,1.3834268265841314
Risk Prone,2022-10-04,1.423327554783963
Risk Prone,2022-10-05,1.4217928971031748
Risk Prone,2022-10-06,1.4147696530614813
Risk Prone,2022-10-07,1.3821994640717428
Risk Prone,2022-10-10,1.3809052081450992
Risk Prone,2022-10-11,1.3874103561867512
Risk Prone,2022-10-12,1.3837684036333495
Risk Prone,2022-10-13,1.4065370126444279
Risk Prone,2022-10-14,1.3736598442958337
Risk Prone,2022-10-17,1.3996605068399737
Risk Prone,2022-10-18,1.4157378013482302
Risk Prone,2022-10-19,1.3959010803752774
Risk Prone,2022-10-20,1.3771065863260032
Risk Prone,2022-10-21,1.3947158123845524
Risk Prone,2022-10-24,1.4248984257162525
Risk Prone,2022-10-25,1.4585100836211269
Risk Prone,2022-10-26,1.4805188452511315
Risk Prone,2022-10-27,1.4693484903093363
Risk Prone,2022-10-28,1.495178325807353
Risk Prone,2022-10-31,1.4988040674017848
Risk Prone,2022-11-01,1.5053371213804714
Risk Prone,2022-11-02,1.4836080325297076
Risk Prone,2022-11-03,1.482498945998418
Risk Prone,2022-11-04,1.4847060341196205
Risk Prone,2022-11-07,1.495015565222437
Risk Prone,2022-11-08,1.49362566905156
Risk Prone,2022-11-09,1.4909025941532277
Risk Prone,2022-11-10,1.5115670732980915
Risk Prone,2022-11-11,1.5050957574698738
Risk Prone,2022-11-14,1.5094169099686414
Risk Prone,2022-11-15,1.5178307498728871
Risk Prone,2022-11-16,1.519877726728096
Risk Prone,2022-11-17,1.5187336994042298
Risk Prone,2022-11-18,1.5275625157463197
Risk Prone,2022-11-21,1.521606034127648
Risk Prone,2022-11-22,1.5329263626941623
Risk Prone,2022-11-23,1.54309977351911
Risk Prone,2022-11-24,1.5504888626538034
Risk Prone,2022-11-25,1.5592663600992642
Risk Prone,2022-11-28,1.5592500623165204
Risk Prone,2022-11-29,1.548292876035281
Risk Prone,2022-11-30,1.5802743504285974
Risk Prone,2022-12-01,1.5935582617060047
Risk Prone,2022-12-02,1.6002285134632415
Risk Prone,2022-12-05,1.5665222840002784
Risk Prone,2022-12-06,1.5520369251528112
Risk Prone,2022-12-07,1.553588291232949
Risk Prone,2022-12-08,1.5607741770885235
Risk Prone,2022-12-09,1.5529368104705767
Risk Prone,2022-12-12,1.5488194750701139
Risk Prone,2022-12-13,1.556673896080077
Risk Prone,2022-12-14,1.5670016095730288
Risk Prone,2022-12-15,1.5436480699236024
Risk Prone,2022-12-16,1.5276794412132637
Risk Prone,2022-12-19,1.5207642550171006
Risk Prone,2022-12-20,1.5194548135789723
Risk Prone,2022-12-21,1.5428536212525077
Risk Prone,2022-12-22,1.5299605212954819
Risk Prone,2022-12-23,1.5274374474488646
Risk Prone,2022-12-26,1.5274374474488646
Risk Prone,2022-12-27,1.5080782321789141
Risk Prone,2022-12-28,1.4978487914235756
Risk Prone,2022-12-29,1.5118077210524492
Risk Prone,2022-12-30,1.5077309044795775
Risk Prone,2023-01-02,1.512137612628031
Risk Prone,2023-01-03,1.5079465590159267
Risk Prone,2023-01-04,1.5140450696049996
Risk Prone,2023-01-05,1.503369973435439
Risk Prone,2023-01-06,1.5132480304225522
Risk Prone,2023-01-09,1.5149822115393805
Risk Prone,2023-01-10,1.5165051937148768
Risk Prone,2023-01-11,1.5110350830866741
Risk Prone,2023-01-12,1.511610310099884
Risk Prone,2023-01-13,1.5202327968478255
Risk Prone,2023-01-16,1.5262456792295518
Risk Prone,2023-01-17,1.530022691049696
Risk Prone,2023-01-18,1.519946395286402
Risk Prone,2023-01-19,1.5013477334364531
Risk Prone,2023-01-20,1.512216500548221
Risk Prone,2023-01-23,1.5208481701298588
Risk Prone,2023-01-24,1.513445466286743
Risk Prone,2023-01-25,1.5124106365194026
Risk Prone,2023-01-26,1.5122797776994688
Risk Prone,2023-01-27,1.514504072951204
Risk Prone,2023-01-30,1.513859433395017
Risk Prone,2023-01-31,1.5087305246990503
Risk Prone,2023-02-01,1.515511040497124
Risk Prone,2023-02-02,1.5080928105302023
Risk Prone,2023-02-03,1.5048429860183608
Risk Prone,2023-02-06,1.501611102224536
Risk Prone,2023-02-07,1.497950250189191
Risk Prone,2023-02-08,1.49567631147374
Risk Prone,2023-02-09,1.5007832732149828
Risk Prone,2023-02-10,1.4991618641470756
Risk Prone,2023-02-13,1.5137575543617035
Risk Prone,2023-02-14,1.5164378483604528
Risk Prone,2023-02-15,1.5162699413023761
Risk Prone,2023-02-16,1.5071134820460101
Risk Prone,2023-02-17,1.5100748904487593
Risk Prone,2023-02-20,1.5098340980611575
Risk Prone,2023-02-21,1.5130488746786426
Risk Prone,2023-02-22,1.505265288068701
Risk Prone,2023-02-23,1.5035341158925724
Risk Prone,2023-02-24,1.49463648629553
Risk Prone,2023-02-27,1.500608147474941
Risk Prone,2023-02-28,1.494098212379612
Risk Prone,2023-03-01,1.4890290313538386
Risk Prone,2023-03-02,1.5006411401951727
Risk Prone,2023-03-03,1.5110735384478813
Risk Prone,2023-03-06,1.51086094595589
Risk Prone,2023-03-07,1.5090783998754302
Risk Prone,2023-03-08,1.4940879870625559
Risk Prone,2023-03-09,1.4869276534205622
Risk Prone,2023-03-10,1.480738549385936
Risk Prone,2023-03-13,1.4815198261653195
Risk Prone,2023-03-14,1.4968977376012023
Risk Prone,2023-03-15,1.4829615836767198
Risk Prone,2023-03-16,1.490442599101338
Risk Prone,2023-03-17,1.4772679431044882
Risk Prone,2023-03-20,1.5044131895170392
Risk Prone,2023-03-21,1.5145460343653168
Risk Prone,2023-03-22,1.5078413217371822
Risk Prone,2023-03-23,1.5262515336423177
Risk Prone,2023-03-24,1.5281457309586606
Risk Prone,2023-03-27,1.538896118088463
Risk Prone,2023-03-28,1.540953929144017
Risk Prone,2023-03-29,1.5528893703627247
Risk Prone,2023-03-30,1.560506796645452
Risk Prone,2023-03-31,1.5712762151151562
Risk Prone,2023-04-03,1.5776190137925485
Risk Prone,2023-04-04,1.5775696313836083
Risk Prone,2023-04-05,1.5715856941942503
Risk Prone,2023-04-06,1.5763229456450036
Risk Prone,2023-04-07,1.5763229456450036
Risk Prone,2023-04-10,1.584191403509581
Risk Prone,2023-04-11,1.5872468218726028
Risk Prone,2023-04-12,1.5942457215414139
Risk Prone,2023-04-13,1.6100079143838104
Risk Prone,2023-04-14,1.6183800014391765
Risk Prone,2023-04-17,1.6248822000368648
Risk Prone,2023-04-18,1.6238278991249817
Risk Prone,2023-04-19,1.6144720064722193
Risk Prone,2023-04-20,1.6109411820456805
Risk Prone,2023-04-21,1.6251886171758627
Risk Prone,2023-04-24,1.630976575468641
Risk Prone,2023-04-25,1.6246748624728247
Risk Prone,2023-04-26,1.6027058126311164
Risk Prone,2023-04-27,1.6074311469675595
Risk Prone,2023-04-28,1.6039272416766692
Risk Prone,2023-05-01,1.6093632285794404
Risk Prone,2023-05-02,1.593977830589025
Risk Prone,2023-05-03,1.5914701953805195
Risk Prone,2023-05-04,1.5723143892954845
Risk Prone,2023-05-05,1.5933165066314856
Risk Prone,2023-05-08,1.6075170526538765
Risk Prone,2023-05-09,1.601444949711032
Risk Prone,2023-05-10,1.603662877333004
Risk Prone,2023-05-11,1.6015738981999064
Risk Prone,2023-05-12,1.6229638966515532
Risk Prone,2023-05-15,1.6198966459858228
Risk Prone,2023-05-16,1.5988815066363598
Risk Prone,2023-05-17,1.596015593084407
Risk Prone,2023-05-18,1.6034179597471265
Risk Prone,2023-05-19,1.6073218980703177
Risk Prone,2023-05-22,1.61055063277664
Risk Prone,2023-05-23,1.5860239804766942
Risk Prone,2023-05-24,1.5746419501041249
Risk Prone,2023-05-25,1.56779796492961
Risk Prone,2023-05-26,1.5638663566143556
Risk Prone,2023-05-29,1.5604589903550656
Risk Prone,2023-05-30,1.560621361372509
Risk Prone,2023-05-31,1.538848794093595
Risk Prone,2023-06-01,1.540762366139279
Risk Prone,2023-06-02,1.5613508197031574
Risk Prone,2023-06-05,1.5551883437473448
Risk Prone,2023-06-06,1.5670630031626782
Risk Prone,2023-06-07,1.5593874638023626
Risk Prone,2023-06-08,1.5690966854059192
Risk Prone,2023-06-09,1.5727333485387676
Risk Prone,2023-06-12,1.5827407022396556
Risk Prone,2023-06-13,1.5901113906085387
Risk Prone,2023-06-14,1.5949269334915201
Risk Prone,2023-06-15,1.6020836998284351
Risk Prone,2023-06-16,1.6167666744807483
Risk Prone,2023-06-19,1.606832224994133
Risk Prone,2023-06-20,1.603658458724834
Risk Prone,2023-06-21,1.6082024867006317
Risk Prone,2023-06-22,1.6067327079981522
Risk Prone,2023-06-23,1.5823294208695649
Risk Prone,2023-06-26,1.585380451090801
Risk Prone,2023-06-27,1.5913841393632175
Risk Prone,2023-06-28,1.5943684457302607
Risk Prone,2023-06-29,1.6011043648879895
Risk Prone,2023-06-30,1.6217350061875442
Risk Prone,2023-07-03,1.6183352094986605
Risk Prone,2023-07-04,1.6152651754114915
Risk Prone,2023-07-05,1.6135924936543191
Risk Prone,2023-07-06,1.6026761106615584
Risk Prone,2023-07-07,1.5948554376535609
Risk Prone,2023-07-10,1.6095047387440888
Risk Prone,2023-07-11,1.6122405310473091
Risk Prone,2023-07-12,1.6131630851264511
Risk Prone,2023-07-13,1.6249068784676697
Risk Prone,2023-07-14,1.6324833213390595
Risk Prone,2023-07-17,1.6358814536713877
Risk Prone,2023-07-18,1.6422549933708344
Risk Prone,2023-07-19,1.640536890157072
Risk Prone,2023-07-20,1.65798101137477
Risk Prone,2023-07-21,1.6547426888013812
Risk Prone,2023-07-24,1.6482519840249579
Risk Prone,2023-07-25,1.6415724751219922
Risk Prone,2023-07-26,1.624786041253858
Risk Prone,2023-07-27,1.6380757220725055
Risk Prone,2023-07-28,1.633058818790792
Risk Prone,2023-07-31,1.632890153364083
Risk Prone,2023-08-01,1.6304158582357169
Risk Prone,2023-08-02,1.6304120371907798
Risk Prone,2023-08-03,1.6291547751018114
Risk Prone,2023-08-04,1.624517897760655
Risk Prone,2023-08-07,1.641365051889663
Risk Prone,2023-08-08,1.670058937596635
Risk Prone,2023-08-09,1.6627885124651522
Risk Prone,2023-08-10,1.6653566111462181
Risk Prone,2023-08-11,1.6666289611543024
Risk Prone,2023-08-14,1.676904424888586
Risk Prone,2023-08-15,1.6715095728000398
Risk Prone,2023-08-16,1.6678333491749626
Risk Prone,2023-08-17,1.649152501161595
Risk Prone,2023-08-18,1.647683731719971
Risk Prone,2023-08-21,1.6595039048730158
Risk Prone,2023-08-22,1.6607451969867433
Risk Prone,2023-08-23,1.6706681346317007
Risk Prone,2023-08-24,1.6573863468459358
Risk Prone,2023-08-25,1.6653047132388215
Risk Prone,2023-08-28,1.6756030457190096
Risk Prone,2023-08-29,1.6803037479220138
Risk Prone,2023-08-30,1.6864437000876236
Risk Prone,2023-08-31,1.6767378728491453
Risk Prone,2023-09-01,1.683900115417806
Risk Prone,2023-09-04,1.682764778946656
Risk Prone,2023-09-05,1.677144500616822
Risk Prone,2023-09-06,1.676796847365392
Risk Prone,2023-09-07,1.685494204770951
Risk Prone,2023-09-08,1.6977765122121782
Risk Prone,2023-09-11,1.7052832561336106
Risk Prone,2023-09-12,1.696719353035315
Risk Prone,2023-09-13,1.6884231239314305
Risk Prone,2023-09-14,1.6998191254203698
Risk Prone,2023-09-15,1.6850139132106814
Risk Prone,2023-09-18,1.6779588591636652
Risk Prone,2023-09-19,1.6860661612921954
Risk Prone,2023-09-20,1.6875206146853376
Risk Prone,2023-09-21,1.650189163631164
Risk Prone,2023-09-22,1.6466118321710166
Risk Prone,2023-09-25,1.6455556895573586
Risk Prone,2023-09-26,1.6344455405501068
Risk Prone,2023-09-27,1.635515759349638
Risk Prone,2023-09-28,1.6388321688993046
Risk Prone,2023-09-29,1.6344370668111412
Risk Prone,2023-10-02,1.6126024923515654
Risk Prone,2023-10-03,1.587837662716348
Risk Prone,2023-10-04,1.5836941655261547
Risk Prone,2023-10-05,1.5939342514936605
Risk Prone,2023-10-06,1.6100974243989008
Risk Prone,2023-10-09,1.6273362714284059
Risk Prone,2023-10-10,1.658566883027775
Risk Prone,2023-10-11,1.6783317797492312
Risk Prone,2023-10-12,1.685210790157163
Risk Prone,2023-10-13,1.6683128111608683
Risk Prone,2023-10-16,1.6763206062168479
Risk Prone,2023-10-17,1.680097709589635
Risk Prone,2023-10-18,1.672690200512736
Risk Prone,2023-10-19,1.6393265394394858
Risk Prone,2023-10-20,1.6226123080977282
Risk Prone,2023-10-23,1.6173025165124009
Risk Prone,2023-10-24,1.627580016633317
Risk Prone,2023-10-25,1.618676874490703
Risk Prone,2023-10-26,1.604027438694795
Risk Prone,2023-10-27,1.5924183749108798
Risk Prone,2023-10-30,1.6053699304743092
Risk Prone,2023-10-31,1.6095941016704942
Risk Prone,2023-11-01,1.6245300267128822
Risk Prone,2023-11-02,1.6467483993181304
Risk Prone,2023-11-03,1.6374070182469118
Risk Prone,2023-11-06,1.6554041285822356
Risk Prone,2023-11-07,1.644843223159853
Risk Prone,2023-11-08,1.653437632152206
Risk Prone,2023-11-09,1.643642196836077
Risk Prone,2023-11-10,1.6507573340705801
Risk Prone,2023-11-13,1.6612119870931719
Risk Prone,2023-11-14,1.6783054921921892
Risk Prone,2023-11-15,1.671663867122466
Risk Prone,2023-11-16,1.6552052430216442
Risk Prone,2023-11-17,1.6716466805484598
Risk Prone,2023-11-20,1.691961176087633
Risk Prone,2023-11-21,1.6887843265572526
Risk Prone,2023-11-22,1.691493539878179
Risk Prone,2023-11-23,1.6982381606338306
Risk Prone,2023-11-24,1.7025266207808507
Risk Prone,2023-11-27,1.6994273927293282
Risk Prone,2023-11-28,1.6908521000721366
Risk Prone,2023-11-29,1.6918167353470535
Risk Prone,2023-11-30,1.698103177878002
Risk Prone,2023-12-01,1.7028298402122257
Risk Prone,2023-12-04,1.6934947889659901
Risk Prone,2023-12-05,1.6810254169662764
Risk Prone,2023-12-06,1.6654956093672297
Risk Prone,2023-12-07,1.657008325751088
Risk Prone,2023-12-08,1.674704960877052
Risk Prone,2023-12-11,1.6655638833263846
Risk Prone,2023-12-12,1.6712924988383544
Risk Prone,2023-12-13,1.6905280475563396
Risk Prone,2023-12-14,1.6911022287814905
Risk Prone,2023-12-15,1.6949586343421839
Risk Prone,2023-12-18,1.7143603654915673
Risk Prone,2023-12-19,1.718752781572443
Risk Prone,2023-12-20,1.7107007032316572
Risk Prone,2023-12-21,1.7162701594173166
Risk Prone,2023-12-22,1.7183974118065575
Risk Prone,2023-12-25,1.7183974118065575
Risk Prone,2023-12-26,1.722583014168552
Risk Prone,2023-12-27,1.7314508338286998
Risk Prone,2023-12-28,1.7264439468864634
Risk Prone,2023-12-29,1.7266725735793713
Risk Prone,2024-01-01,1.7266725735793713
Risk Prone,2024-01-02,1.734103556531212
Risk Prone,2024-01-03,1.7418374313024532
Risk Prone,2024-01-04,1.7503693689798698
Risk Prone,2024-01-05,1.751485206907462
Risk Prone,2024-01-08,1.7736175671885452
Risk Prone,2024-01-09,1.7737826241550285
Risk Prone,2024-01-10,1.7791451928874098
Risk Prone,2024-01-11,1.7819963064481428
Risk Prone,2024-01-12,1.7945884485268568
Risk Prone,2024-01-15,1.7932976942627559
Risk Prone,2024-01-16,1.7835208628388015
Risk Prone,2024-01-17,1.7751966755975956
Risk Prone,2024-01-18,1.776091381453206
Risk Prone,2024-01-19,1.7924048743699805
Risk Prone,2024-01-22,1.8005459468990883
Risk Prone,2024-01-23,1.795318653623735
Risk Prone,2024-01-24,1.8060701535673045
Risk Prone,2024-01-25,1.8088755470989084
Risk Prone,2024-01-26,1.807764064781477
Risk Prone,2024-01-29,1.8146723036413435
Risk Prone,2024-01-30,1.833007408936631
Risk Prone,2024-01-31,1.8353791372214527
Risk Prone,2024-02-01,1.8554169761922548
Risk Prone,2024-02-02,1.8579359767075303
Risk Prone,2024-02-05,1.893551108702403
Risk Prone,2024-02-06,1.891947655579595
Risk Prone,2024-02-07,1.9121285623002406
Risk Prone,2024-02-08,1.9069903647206228
Risk Prone,2024-02-09,1.925644848298414
Risk Prone,2024-02-12,1.93200433434207
Risk Prone,2024-02-13,1.9360824198094795
Risk Prone,2024-02-14,1.9571507717991408
Risk Prone,2024-02-15,1.9862286820934252
Risk Prone,2024-02-16,1.9790051999069191
Risk Prone,2024-02-19,1.9825102371198402
Risk Prone,2024-02-20,1.968783202270483
Risk Prone,2024-02-21,1.9556286938253182
Risk Prone,2024-02-22,2.0191844824836176
Risk Prone,2024-02-23,2.0185838319481375
Risk Prone,2024-02-26,2.025739428951958
Risk Prone,2024-02-27,2.0074814705258976
Risk Prone,2024-02-28,1.9996106559473188
Risk Prone,2024-02-29,2.012837503084441
Risk Prone,2024-03-01,2.052423880773719
Risk Prone,2024-03-04,2.0902004504164844
Risk Prone,2024-03-05,2.086917684677164
Risk Prone,2024-03-06,2.100949881419318
Risk Prone,2024-03-07,2.132965900841313
Risk Prone,2024-03-08,2.1194956937040943
Risk Prone,2024-03-11,2.0910290079836718
Risk Prone,2024-03-12,2.117430786145503
Risk Prone,2024-03-13,2.1271456089818876
Risk Prone,2024-03-14,2.1249288199443077
Risk Prone,2024-03-15,2.1116006867687656
Risk Prone,2024-03-18,2.106675172630223
Risk Prone,2024-03-19,2.1017984869828137
Risk Prone,2024-03-20,2.1034149724652202
Risk Prone,2024-03-21,2.129215307618
Risk Prone,2024-03-22,2.1201252995405753
Risk Prone,2024-03-25,2.126984150722891
Risk Prone,2024-03-26,2.124215710693761
Risk Prone,2024-03-27,2.132790823800874
Risk Prone,2024-03-28,2.1412947667011104
Risk Prone,2024-03-29,2.1412947667011104
Risk Prone,2024-04-01,2.139763261933945
Risk Prone,2024-04-02,2.1280811575823146
Risk Prone,2024-04-03,2.146071199427304
Risk Prone,2024-04-04,2.1254851206125376
Risk Prone,2024-04-05,2.1486764396095013
Risk Prone,2024-04-08,2.1403235506104648
Risk Prone,2024-04-09,2.084383446154607
Risk Prone,2024-04-10,2.0966201871956294
Risk Prone,2024-04-11,2.0880742314083505
Risk Prone,2024-04-12,2.075593825080744
Risk Prone,2024-04-15,2.074354117490498
Risk Prone,2024-04-16,2.0648074629717588
Risk Prone,2024-04-17,2.065475273560447
Risk Prone,2024-04-18,2.049831752378907
Risk Prone,2024-04-19,2.025096252307275
Risk Prone,2024-04-22,2.0390750429183275
Risk Prone,2024-04-23,2.077951871257066
Risk Prone,2024-04-24,2.0844247581179496
Risk Prone,2024-04-25,2.0885734119013146
Risk Prone,2024-04-26,2.1106557943735416
Risk Prone,2024-04-29,2.1324765486121584
Risk Prone,2024-04-30,2.1214806530615293
Risk Prone,2024-05-01,2.1041182351859216
Risk Prone,2024-05-02,2.0890702897995825
Risk Prone,2024-05-03,2.0795079006327746
Risk Prone,2024-05-06,2.116597281224983
Risk Prone,2024-05-07,2.122490164722894
Risk Prone,2024-05-08,2.139937697812223
Risk Prone,2024-05-09,2.1546456001445535
Risk Prone,2024-05-10,2.165650357852478
Risk Prone,2024-05-13,2.1493300677946228
Risk Prone,2024-05-14,2.1511801375219415
Risk Prone,2024-05-15,2.169796494843399
Risk Prone,2024-05-16,2.1625800295481525
Risk Prone,2024-05-17,2.1628135561241684
Risk Prone,2024-05-20,2.167697176964076
Risk Prone,2024-05-21,2.187567316355196
Risk Prone,2024-05-22,2.1788436250784136
Risk Prone,2024-05-23,2.189622892457765
Risk Prone,2024-05-24,2.204882446194745
Risk Prone,2024-05-27,2.207112737799809
Risk Prone,2024-05-28,2.2012322653119596
Risk Prone,2024-05-29,2.174741331401167
Risk Prone,2024-05-30,2.1751678439841764
Risk Prone,2024-05-31,2.180490430717461
Risk Prone,2024-06-03,2.1729802108439955
Risk Prone,2024-06-04,2.1623995237635447
Risk Prone,2024-06-05,2.1785714311843907
Risk Prone,2024-06-06,2.1799765335206027
Risk Prone,2024-06-07,2.1865574053170596
Risk Prone,2024-06-10,2.191041718345283
Risk Prone,2024-06-11,2.180336517887486
Risk Prone,2024-06-12,2.1790727135183423
Risk Prone,2024-06-13,2.1891535522234724
Risk Prone,2024-06-14,2.160640216547598
Risk Prone,2024-06-17,2.172602477533137
Risk Prone,2024-06-18,2.199540582603765
Risk Prone,2024-06-19,2.2073491960012173
Risk Prone,2024-06-20,2.2103762781985448
Risk Prone,2024-06-21,2.1955016093884083
Risk Prone,2024-06-24,2.20917223710405
Risk Prone,2024-06-25,2.2155415712905455
Risk Prone,2024-06-26,2.191361235955596
Risk Prone,2024-06-27,2.199039340950916
Risk Prone,2024-06-28,2.1858183663517456
Risk Prone,2024-07-01,2.1954296728472427
Risk Prone,2024-07-02,2.187169815647154
Risk Prone,2024-07-03,2.2098593813477803
Risk Prone,2024-07-04,2.223812195749911
Risk Prone,2024-07-05,2.22564754259042
Risk Prone,2024-07-08,2.2512464596417807
Risk Prone,2024-07-09,2.239509243043909
Risk Prone,2024-07-10,2.2652410177135605
Risk Prone,2024-07-11,2.2507160342212145
Risk Prone,2024-07-12,2.2645769860867744
Risk Prone,2024-07-15,2.2576748848024764
Risk Prone,2024-07-16,2.257809442837476
Risk Prone,2024-07-17,2.200752391464999
Risk Prone,2024-07-18,2.1816284249168474
Risk Prone,2024-07-19,2.1732931046808064
Risk Prone,2024-07-22,2.194510804772828
Risk Prone,2024-07-23,2.2060064727924864
Risk Prone,2024-07-24,2.1586412481997606
Risk Prone,2024-07-25,2.1149056536262476
Risk Prone,2024-07-26,2.132876753123523
Risk Prone,2024-07-29,2.135583830555053
Risk Prone,2024-07-30,2.130348020139031
Risk Prone,2024-07-31,2.183697275916682
Risk Prone,2024-08-01,2.1611572117103157
Risk Prone,2024-08-02,2.104985607310779
Risk Prone,2024-08-05,2.057428258913807
Risk Prone,2024-08-06,2.0858992139815693
Risk Prone,2024-08-07,2.0746543182094395
Risk Prone,2024-08-08,2.0866899232740534
Risk Prone,2024-08-09,2.111595567841086
Risk Prone,2024-08-12,2.1278495703998628
Risk Prone,2024-08-13,2.153869490799889
Risk Prone,2024-08-14,2.1850159313926185
Risk Prone,2024-08-15,2.214167234073061
Risk Prone,2024-08-16,2.2089219639469655
Risk Prone,2024-08-19,2.21755079879022
Risk Prone,2024-08-20,2.2119434087797853
Risk Prone,2024-08-21,2.226416089493716
Risk Prone,2024-08-22,2.2366725021393914
Risk Prone,2024-08-23,2.242261763938818
Risk Prone,2024-08-26,2.229752959046801
Risk Prone,2024-08-27,2.2389934814950347
Risk Prone,2024-08-28,2.2252909729354817
Risk Prone,2024-08-29,2.2397101242692083
Risk Prone,2024-08-30,2.2594771978261923
Risk Prone,2024-09-02,2.237620769433669
Risk Prone,2024-09-03,2.1949518674231756
Risk Prone,2024-09-04,2.1873503393964304
Risk Prone,2024-09-05,2.1352024659195568
Risk Prone,2024-09-06,2.096819904751269
Risk Prone,2024-09-09,2.1130596599076457
Risk Prone,2024-09-10,2.1130377998644185
Risk Prone,2024-09-11,2.141108516922745
Risk Prone,2024-09-12,2.167778277584342
Risk Prone,2024-09-13,2.2011672241596028
Risk Prone,2024-09-16,2.2146924494339473
Risk Prone,2024-09-17,2.186553777371791
Risk Prone,2024-09-18,2.1801876885021976
Risk Prone,2024-09-19,2.210759996450582
Risk Prone,2024-09-20,2.2511783325724792
Risk Prone,2024-09-23,2.260128477507477
Risk Prone,2024-09-24,2.2493552289126746
Risk Prone,2024-09-25,2.2757574184648366
Risk Prone,2024-09-26,2.2436490135676763
Risk Prone,2024-09-27,2.2418977221986855
Risk Prone,2024-09-30,2.2462280666188437
Risk Prone,2024-10-01,2.2524383349507446
Risk Prone,2024-10-02,2.266687734547871
Risk Prone,2024-10-03,2.271839719334031
Risk Prone,2024-10-04,2.295699030447416
Risk Prone,2024-10-07,2.274429939231203
Risk Prone,2024-10-08,2.278226642173924
Risk Prone,2024-10-09,2.277762205103675
Risk Prone,2024-10-10,2.273379739751623
Risk Prone,2024-10-11,2.295381329919489
Risk Prone,2024-10-14,2.323129770894573
Risk Prone,2024-10-15,2.310217387269489
Risk Prone,2024-10-16,2.33346053543682
Risk Prone,2024-10-17,2.309685628498221
Risk Prone,2024-10-18,2.3134623440378883
Risk Prone,2024-10-21,2.3031449614570856
Risk Prone,2024-10-22,2.271441811945713
Risk Prone,2024-10-23,2.2564625908948517
Risk Prone,2024-10-24,2.2599818598716745
Risk Prone,2024-10-25,2.2516640430974775
Risk Prone,2024-10-28,2.265758255514672
Risk Prone,2024-10-29,2.2558711317287328
Risk Prone,2024-10-30,2.2234922004503126
Risk Prone,2024-10-31,2.2111036688818166
Risk Prone,2024-11-01,2.210075726849341
Risk Prone,2024-11-04,2.1873191850569937
Risk Prone,2024-11-05,2.2179298198330146
Risk Prone,2024-11-06,2.21465213991396
Risk Prone,2024-11-07,2.284003928215569
Risk Prone,2024-11-08,2.327920117241833
Risk Prone,2024-11-11,2.3317634059840975
Risk Prone,2024-11-12,2.3104526389985294
Risk Prone,2024-11-13,2.311959669313247
Risk Prone,2024-11-14,2.2758036440887515
Risk Prone,2024-11-15,2.2539953782971587
Risk Prone,2024-11-18,2.2661657541627873
Risk Prone,2024-11-19,2.3006900303064026
Risk Prone,2024-11-20,2.31550636505234
Risk Prone,2024-11-21,2.3668936813103056
Risk Prone,2024-11-22,2.362447420318534
Risk Prone,2024-11-25,2.346473367663649
Risk Prone,2024-11-26,2.37489477002021
Risk Prone,2024-11-27,2.355747360581894
Risk Prone,2024-11-28,2.362412583924636
Risk Prone,2024-11-29,2.3794027114516063
Risk Prone,2024-12-02,2.3679691879803864
Risk Prone,2024-12-03,2.378014602078357
Risk Prone,2024-12-04,2.3962889478770975
Risk Prone,2024-12-05,2.4071538216576926
Risk Prone,2024-12-06,2.397276776583037
Risk Prone,2024-12-09,2.3282030650556282
Risk Prone,2024-12-10,2.2947018858253196
Risk Prone,2024-12-11,2.302367212151032
Risk Prone,2024-12-12,2.295850447069495
Risk Prone,2024-12-13,2.297397362989871
Risk Prone,2024-12-16,2.29169044745601
Risk Prone,2024-12-17,2.264009394846716
Risk Prone,2024-12-18,2.227470699248133
Risk Prone,2024-12-19,2.2212184874994207
Risk Prone,2024-12-20,2.2323223858995025
Risk Prone,2024-12-23,2.2488039098207477
Risk Prone,2024-12-24,2.2634970941240393
Risk Prone,2024-12-25,2.2634970941240393
Risk Prone,2024-12-26,2.261292723870853
Risk Prone,2024-12-27,2.248981085078887
Risk Prone,2024-12-30,2.2345719513720237
Risk Prone,2024-12-31,2.226296074140242
Risk Prone,2025-01-01,2.226296074140242
Risk Prone,2025-01-02,2.237979510884913
Risk Prone,2025-01-03,2.2571200912994644
Risk Prone,2025-01-06,2.2648205048612473
Risk Prone,2025-01-07,2.2718569762095173
Risk Prone,2025-01-08,2.280080127948423
Risk Prone,2025-01-09,2.28435721209924
Risk Prone,2025-01-10,2.2827834135129605
Risk Prone,2025-01-13,2.255977890667183
Risk Prone,2025-01-14,2.2750831217908
Risk Prone,2025-01-15,2.2890554108887975
Risk Prone,2025-01-16,2.3039731799047396
Risk Prone,2025-01-17,2.2961980919604965
Risk Prone,2025-01-20,2.304765524227025
Risk Prone,2025-01-21,2.3394879298540476
Risk Prone,2025-01-22,2.3603164919721764
Risk Prone,2025-01-23,2.389164712590028
Risk Prone,2025-01-24,2.3932952367305855
Risk Prone,2025-01-27,2.3358225505936976
Risk Prone,2025-01-28,2.3427025990096753
Risk Prone,2025-01-29,2.351963925871017
Risk Prone,2025-01-30,2.401342491758903
Risk Prone,2025-01-31,2.382361045205479
Risk Prone,2025-02-03,2.3719785081607796
Risk Prone,2025-02-04,2.3822904624428274
Risk Prone,2025-02-05,2.416597988879989
Risk Prone,2025-02-06,2.415663865195667
Risk Prone,2025-02-07,2.409272728472889
Risk Prone,2025-02-10,2.423219410500302
Risk Prone,2025-02-11,2.432048048405332
Risk Prone,2025-02-12,2.4341641564033596
Risk Prone,2025-02-13,2.450064169084083
Risk Prone,2025-02-14,2.4601229199624575
Risk Prone,2025-02-17,2.4904693540246368
Risk Prone,2025-02-18,2.50602594470893
Risk Prone,2025-02-19,2.4994688717824056
Risk Prone,2025-02-20,2.4612864023416257
Risk Prone,2025-02-21,2.4288504248965905
Risk Prone,2025-02-24,2.4260824565529497
Risk Prone,2025-02-25,2.4625960967055285
Risk Prone,2025-02-26,2.488478292401428
Risk Prone,2025-02-27,2.466399826862213
Risk Prone,2025-02-28,2.4860875180485107
Risk Prone,2025-03-03,2.5386778498087783
Risk Prone,2025-03-04,2.5089920382641
Risk Prone,2025-03-05,2.5614242955068187
Risk Prone,2025-03-06,2.545136727136368
Risk Prone,2025-03-07,2.5017662262937654
Risk Prone,2025-03-10,2.4453636845524165
Risk Prone,2025-03-11,2.467498915988368
Risk Prone,2025-03-12,2.4943409932432417
Risk Prone,2025-03-13,2.4693434194672648
Risk Prone,2025-03-14,2.5359154976589986
Risk Prone,2025-03-17,2.558245868261266
Risk Prone,2025-03-18,2.556775299998063
Risk Prone,2025-03-19,2.5763808443670246
Risk Prone,2025-03-20,2.561487787361414
Risk Prone,2025-03-21,2.5468496601470654
Risk Prone,2025-03-24,2.5607420655519633
Risk Prone,2025-03-25,2.5621516009643535
Risk Prone,2025-03-26,2.544001796817355
Risk Prone,2025-03-27,2.5362825185906615
Risk Prone,2025-03-28,2.517274601117083
Risk Prone,2025-03-31,2.52197095750977
Risk Prone,2025-04-01,2.5462543114171137
Risk Prone,2025-04-02,2.5618939956875666
Risk Prone,2025-04-03,2.50366350028287
Risk Prone,2025-04-04,2.285123398365753
Risk Prone,2025-04-07,2.2369457173739113
Risk Prone,2025-04-08,2.2912163504321046
Risk Prone,2025-04-09,2.3321826368875027
Risk Prone,2025-04-10,2.3954686531647664
Risk Prone,2025-04-11,2.4249628930358167
Risk Prone,2025-04-14,2.49964438158563
Risk Prone,2025-04-15,2.533841110932309
Risk Prone,2025-04-16,2.5291377079859942
Risk Prone,2025-04-17,2.5585904903430836
Risk Prone,2025-04-18,2.5585904903430836
Risk Prone,2025-04-21,2.5184616555387898
Risk Prone,2025-04-22,2.568978165800406
Risk Prone,2025-04-23,2.6129466191962227
Risk Prone,2025-04-24,2.6383108642972832
Risk Prone,2025-04-25,2.6681480385021037
Risk Prone,2025-04-28,2.687295234750114
Risk Prone,2025-04-29,2.724382961633643
Risk Prone,2025-04-30,2.7265438183178095
Risk Prone,2025-05-01,2.7297591324819046
Risk Prone,2025-05-02,2.781193737175172
Risk Prone,2025-05-05,2.78800245269374
Risk Prone,2025-05-06,2.7903141692202724
Risk Prone,2025-05-07,2.776196542436036
Risk Prone,2025-05-08,2.7765887511990237
Risk Prone,2025-05-09,2.764573582342433
Risk Prone,2025-05-12,2.7869762803977007
Risk Prone,2025-05-13,2.813803612067513
Risk Prone,2025-05-14,2.82526059186013
Risk Prone,2025-05-15,2.8115859139170367
Risk Prone,2025-05-16,2.855739055381684
Risk Prone,2025-05-19,2.886134708214638
Risk Prone,2025-05-20,2.871605104635321
Risk Prone,2025-05-21,2.8422173347988373
Risk Prone,2025-05-22,2.836998005654975
Risk Prone,2025-05-23,2.8271086659036633
Risk Prone,2025-05-26,2.858364912505673
Risk Prone,2025-05-27,2.887319731541811
Risk Prone,2025-05-28,2.8926732109470477
Risk Prone,2025-05-29,2.834132848229798
Risk Prone,2025-05-30,2.864976506919524
Risk Prone,2025-06-02,2.894679492149561
Risk Prone,2025-06-03,2.927497071239548
Risk Prone,2025-06-04,2.932502892213334
Risk Prone,2025-06-05,2.9430550822543107
Risk Prone,2025-06-06,2.9526545637390846
Risk Prone,2025-06-09,2.944755977682193
Risk Prone,2025-06-10,2.9121030142456616
Risk Prone,2025-06-11,2.921369826691098
Risk Prone,2025-06-12,2.9537265972028206
Risk Prone,2025-06-13,2.9177508925185194
Risk Prone,2025-06-16,2.9458669093708925
Risk Prone,2025-06-17,2.9155209529443527
Risk Prone,2025-06-18,2.9151692995908856
Risk Prone,2025-06-19,2.8920673154979393
Risk Prone,2025-06-20,2.912286295225867
Risk Prone,2025-06-23,2.8862784438520896
Risk Prone,2025-06-24,2.956069152892141
Risk Prone,2025-06-25,2.9623014495092
Risk Prone,2025-06-26,3.011629256128494
Risk Prone,2025-06-27,3.032283881493535
Risk Prone,2025-06-30,3.065455795616005
Risk Prone,2025-07-01,3.010356984162782
Risk Prone,2025-07-02,2.99529778556171
Risk Prone,2025-07-03,3.031918426158993
Risk Prone,2025-07-04,3.033488985099803
Risk Prone,2025-07-07,3.0532482673587444
Risk Prone,2025-07-08,3.02731069292611
Risk Prone,2025-07-09,3.0317857835915856
Risk Prone,2025-07-10,3.0154439228263175
Risk Prone,2025-07-11,3.0024763669159835
Risk Prone,2025-07-14,3.027033147179654
Risk Prone,2025-07-15,3.008304503115606
Risk Prone,2025-07-16,2.9973941868905456
Risk Prone,2025-07-17,3.005056210450371
Risk Prone,2025-07-18,3.028254929243236
Risk Prone,2025-07-21,3.0243418941701345
Risk Prone,2025-07-22,3.0069285013547074
Risk Prone,2025-07-23,3.0308621122634074
Risk Prone,2025-07-24,3.065040216140858
Risk Prone,2025-07-25,3.0632512589882848
Risk Prone,2025-07-28,3.044885847355751
Risk Prone,2025-07-29,3.0449647049895496
Risk Prone,2025-07-30,3.0726903310694014
Risk Prone,2025-07-31,3.0640317398922887
Risk Prone,2025-08-01,3.041075835020871
Risk Prone,2025-08-04,3.107979209122074
Risk Prone,2025-08-05,3.1048164574393047
Risk Prone,2025-08-06,3.11430118185288
Risk Prone,2025-08-07,3.1280918107819766
Risk Prone,2025-08-08,3.1469702340511794
Risk Prone,2025-08-11,3.1505575437787927
Risk Prone,2025-08-12,3.1359807472830528
Risk Prone,2025-08-13,3.123613614103444
Risk Prone,2025-08-14,3.1365471204706554
Risk Prone,2025-08-15,3.120551133047993
Risk Prone,2025-08-18,3.136040913737936
Risk Prone,2025-08-19,3.109787324528409
Risk Prone,2025-08-20,3.1113022079302097
Risk Prone,2025-08-21,3.102079866077973
Risk Prone,2025-08-22,3.085120681701338
Risk Prone,2025-08-25,3.0886861786098154
Risk Prone,2025-08-26,3.078138789130454
Risk Prone,2025-08-27,3.0675534131269466
Risk Prone,2025-08-28,3.0798831945891503
Risk Prone,2025-08-29,3.0700122121231024
Risk Prone,2025-09-01,3.090988712221773
Risk Prone,2025-09-02,3.0458028431941093
Risk Prone,2025-09-03,3.06664881962747
Risk Prone,2025-09-04,3.0803999431245916
Risk Prone,2025-09-05,3.0755575230563856
Risk Prone,2025-09-08,3.1037732264109508
Risk Prone,2025-09-09,3.110423984598312
Risk Prone,2025-09-10,3.126375766690251
Risk Prone,2025-09-11,3.1406037719107727
Risk Prone,2025-09-12,3.14137170903435
Risk Prone,2025-09-15,3.1674309647584677
Risk Prone,2025-09-16,3.141961465155112
Risk Prone,2025-09-17,3.132529362985759
Risk Prone,2025-09-18,3.143039616072637
Risk Prone,2025-09-19,3.137450825907601
Risk Prone,2025-09-22,3.143221232833338
Risk Prone,2025-09-23,3.1687307406371055
Risk Prone,2025-09-24,3.149206225748727
Risk Prone,2025-09-25,3.129272776636723
Risk Prone,2025-09-26,3.142140476767586
Risk Prone,2025-09-29,3.14584787847993
Risk Prone,2025-09-30,3.171167206980563
Risk Prone,2025-10-01,3.1665941364523906
Risk Prone,2025-10-02,3.1664570912597445
Risk Prone,2025-10-03,3.1651085634251683
Risk Prone,2025-10-06,3.1178693466845795
Risk Prone,2025-10-07,3.135773526763072
Risk Prone,2025-10-08,3.1605123780990816
Risk Prone,2025-10-09,3.136107703153083
Risk Prone,2025-10-10,3.0686923028779716
Risk Prone,2025-10-13,3.1084171782939474
Risk Prone,2025-10-14,3.102002946164901
Risk Prone,2025-10-15,3.109113557220327
Risk Prone,2025-10-16,3.1417103453799187
Risk Prone,2025-10-17,3.0835403751219066
Risk Prone,2025-10-20,3.1087016188986656
Risk Prone,2025-10-21,3.0960122795716982
Risk Prone,2025-10-22,3.063867352424748
Risk Prone,2025-10-23,3.096153120467613
Risk Prone,2025-10-24,3.11947076702541
Risk Prone,2025-10-27,3.1502128966547653
Risk Prone,2025-10-28,3.14902304383619
Risk Prone,2025-10-29,3.1686164669153247
Risk Prone,2025-10-30,3.1468068742582993
Risk Prone,2025-10-31,3.146133282606429
Risk Prone,2025-11-03,3.1575753220919585
Risk Prone,2025-11-04,3.104650403015485
Risk Prone,2025-11-05,3.101845015807787
Risk Prone,2025-11-06,3.084911972497691
Risk Prone,2025-11-07,3.092012640369837
Risk Prone,2025-11-10,3.1861956647119216
Risk Prone,2025-11-11,3.1559942817801487
Risk Prone,2025-11-12,3.1673906035113695
Risk Prone,2025-11-13,3.1282130644838886
Risk Prone,2025-11-14,3.1071712039897874
Risk Prone,2025-11-17,3.0855333128198055
Risk Prone,2025-11-18,3.0278134059843587
Risk Prone,2025-11-19,3.040196196700077
Risk Prone,2025-11-20,3.0278573306869
Risk Prone,2025-11-21,2.9887436868681214
Risk Prone,2025-11-24,3.022687811082775
Risk Prone,2025-11-25,3.0514044717393305
Risk Prone,2025-11-26,3.125586461278573
Risk Prone,2025-11-27,3.132072344799658
Risk Prone,2025-11-28,3.1451607768070726
Risk Prone,2025-12-01,3.142210072547226
Risk Prone,2025-12-02,3.157037266781756
Risk Prone,2025-12-03,3.173846183426333
Risk Prone,2025-12-04,3.201128718706393
Risk Prone,2025-12-05,3.183101810749289
Risk Prone,2025-12-08,3.2059235483187374
Risk Prone,2025-12-09,3.2383028377695404
Risk Prone,2025-12-10,3.2327536892391113
Risk Prone,2025-12-11,3.27404465445368
Risk Prone,2025-12-12,3.2369222455676367
Risk Prone,2025-12-15,3.2666391934142944
Risk Prone,2025-12-16,3.244492094254564
Risk Prone,2025-12-17,3.2291799064674365
Risk Prone,2025-12-18,3.306354535654499
Risk Prone,2025-12-19,3.3434893707381175
Risk Prone,2025-12-22,3.3845667382945215
Risk Prone,2025-12-23,3.4043707426043883
Risk Prone,2025-12-24,3.4034815057641263
Risk Prone,2025-12-25,3.4034815057641263
Risk Prone,2025-12-26,3.3964137515472266
Risk Prone,2025-12-29,3.367409586294367
Risk Prone,2025-12-30,3.3965609238485635
Risk Prone,2025-12-31,3.3716393189425107
1/N Equal Weight,2018-04-02,1.0
1/N Equal Weight,2018-04-03,1.0021864602091548
1/N Equal Weight,2018-04-04,1.002230145488709
1/N Equal Weight,2018-04-05,1.016059562880195
1/N Equal Weight,2018-04-06,1.0038818913557026
1/N Equal Weight,2018-04-09,1.0089695142367445
1/N Equal Weight,2018-04-10,1.022094237413494
1/N Equal Weight,2018-04-11,1.0177132626366232
1/N Equal Weight,2018-04-12,1.0220361532405076
1/N Equal Weight,2018-04-13,1.0223432014503615
1/N Equal Weight,2018-04-16,1.028172268395746
1/N Equal Weight,2018-04-17,1.037121719393591
1/N Equal Weight,2018-04-18,1.0415606339045094
1/N Equal Weight,2018-04-19,1.0404007633860772
1/N Equal Weight,2018-04-20,1.0330633363988375
1/N Equal Weight,2018-04-23,1.03241483345416
1/N Equal Weight,2018-04-24,1.0249788055782145
1/N Equal Weight,2018-04-25,1.0191534721292335
1/N Equal Weight,2018-04-26,1.0280057448817468
1/N Equal Weight,2018-04-27,1.025796159532037
1/N Equal Weight,2018-04-30,1.022494650559744
1/N Equal Weight,2018-05-01,1.0239447673805036
1/N Equal Weight,2018-05-02,1.0204394260039287
1/N Equal Weight,2018-05-03,1.01638017688878
1/N Equal Weight,2018-05-04,1.0231591005109317
1/N Equal Weight,2018-05-07,1.0258387970877711
1/N Equal Weight,2018-05-08,1.0267093953431752
1/N Equal Weight,2018-05-09,1.035124395126476
1/N Equal Weight,2018-05-10,1.0396648493612723
1/N Equal Weight,2018-05-11,1.0437837880198966
1/N Equal Weight,2018-05-14,1.044331425935877
1/N Equal Weight,2018-05-15,1.0368869545848554
1/N Equal Weight,2018-05-16,1.0354155737222224
1/N Equal Weight,2018-05-17,1.0409035109197642
1/N Equal Weight,2018-05-18,1.038345908616327
1/N Equal Weight,2018-05-21,1.0437633586452388
1/N Equal Weight,2018-05-22,1.0454194540309332
1/N Equal Weight,2018-05-23,1.0370004659197052
1/N Equal Weight,2018-05-24,1.0372648073668065
1/N Equal Weight,2018-05-25,1.0353946623284416
1/N Equal Weight,2018-05-28,1.032362114757029
1/N Equal Weight,2018-05-29,1.0165875941697076
1/N Equal Weight,2018-05-30,1.027481317376246
1/N Equal Weight,2018-05-31,1.025510338919573
1/N Equal Weight,2018-06-01,1.0338793580161894
1/N Equal Weight,2018-06-04,1.0422735831762249
1/N Equal Weight,2018-06-05,1.0399203568107902
1/N Equal Weight,2018-06-06,1.048454380869862
1/N Equal Weight,2018-06-07,1.0506073521334507
1/N Equal Weight,2018-06-08,1.0479520990680364
1/N Equal Weight,2018-06-11,1.0538690521836513
1/N Equal Weight,2018-06-12,1.0562269652351002
1/N Equal Weight,2018-06-13,1.053865665211372
1/N Equal Weight,2018-06-14,1.058555640239706
1/N Equal Weight,2018-06-15,1.0478451309532055
1/N Equal Weight,2018-06-18,1.0439835930778594
1/N Equal Weight,2018-06-19,1.0337296562348206
1/N Equal Weight,2018-06-20,1.038134532621859
1/N Equal Weight,2018-06-21,1.0286029616363443
1/N Equal Weight,2018-06-22,1.0389006033193429
1/N Equal Weight,2018-06-25,1.0258079173961758
1/N Equal Weight,2018-06-26,1.0252028886973805
1/N Equal Weight,2018-06-27,1.0208244738392063
1/N Equal Weight,2018-06-28,1.0165390035250716
1/N Equal Weight,2018-06-29,1.0254299863058138
1/N Equal Weight,2018-07-02,1.020141387201255
1/N Equal Weight,2018-07-03,1.024904821315527
1/N Equal Weight,2018-07-04,1.0236627629350836
1/N Equal Weight,2018-07-05,1.0327828385802191
1/N Equal Weight,2018-07-06,1.037700668636236
1/N Equal Weight,2018-07-09,1.049106004023081
1/N Equal Weight,2018-07-10,1.0555418832550214
1/N Equal Weight,2018-07-11,1.0477111265812857
1/N Equal Weight,2018-07-12,1.0514995954686126
1/N Equal Weight,2018-07-13,1.0510131416993163
1/N Equal Weight,2018-07-16,1.0541007987592352
1/N Equal Weight,2018-07-17,1.0578719893284645
1/N Equal Weight,2018-07-18,1.0567788247801455
1/N Equal Weight,2018-07-19,1.0528503782346403
1/N Equal Weight,2018-07-20,1.0544769170167503
1/N Equal Weight,2018-07-23,1.0558580422462198
1/N Equal Weight,2018-07-24,1.059275583655516
1/N Equal Weight,2018-07-25,1.0624101569616213
1/N Equal Weight,2018-07-26,1.0691904793882927
1/N Equal Weight,2018-07-27,1.0636575354692055
1/N Equal Weight,2018-07-30,1.062507110276205
1/N Equal Weight,2018-07-31,1.0692446052591444
1/N Equal Weight,2018-08-01,1.0642469311911187
1/N Equal Weight,2018-08-02,1.0597518291572074
1/N Equal Weight,2018-08-03,1.0633496650591645
1/N Equal Weight,2018-08-06,1.0631620697653044
1/N Equal Weight,2018-08-07,1.0703422832359728
1/N Equal Weight,2018-08-08,1.0675142401449982
1/N Equal Weight,2018-08-09,1.068815272158715
1/N Equal Weight,2018-08-10,1.0530034909963422
1/N Equal Weight,2018-08-13,1.047107665066776
1/N Equal Weight,2018-08-14,1.0502690813698516
1/N Equal Weight,2018-08-15,1.0372744692676739
1/N Equal Weight,2018-08-16,1.0458624956554645
1/N Equal Weight,2018-08-17,1.048589792006448
1/N Equal Weight,2018-08-20,1.0549975062108599
1/N Equal Weight,2018-08-21,1.0627404019776843
1/N Equal Weight,2018-08-22,1.0683906285974942
1/N Equal Weight,2018-08-23,1.066255930669404
1/N Equal Weight,2018-08-24,1.0701328289582117
1/N Equal Weight,2018-08-27,1.0782482967587648
1/N Equal Weight,2018-08-28,1.082928327749492
1/N Equal Weight,2018-08-29,1.0826449318080609
1/N Equal Weight,2018-08-30,1.080995098810703
1/N Equal Weight,2018-08-31,1.07648930985704
1/N Equal Weight,2018-09-03,1.0749759117497286
1/N Equal Weight,2018-09-04,1.0685520484848676
1/N Equal Weight,2018-09-05,1.063568352895408
1/N Equal Weight,2018-09-06,1.0641440121934773
1/N Equal Weight,2018-09-07,1.06141721052782
1/N Equal Weight,2018-09-10,1.0645391067302263
1/N Equal Weight,2018-09-11,1.0651093037244033
1/N Equal Weight,2018-09-12,1.0686705001868955
1/N Equal Weight,2018-09-13,1.071737823728852
1/N Equal Weight,2018-09-14,1.0772343207121537
1/N Equal Weight,2018-09-17,1.075069413254004
1/N Equal Weight,2018-09-18,1.080261000786601
1/N Equal Weight,2018-09-19,1.0785188811481152
1/N Equal Weight,2018-09-20,1.0896929575246619
1/N Equal Weight,2018-09-21,1.090608970895736
1/N Equal Weight,2018-09-24,1.0850909021339834
1/N Equal Weight,2018-09-25,1.0853460342880399
1/N Equal Weight,2018-09-26,1.081721958519884
1/N Equal Weight,2018-09-27,1.0818067798593538
1/N Equal Weight,2018-09-28,1.0727593562341426
1/N Equal Weight,2018-10-01,1.0744779671861235
1/N Equal Weight,2018-10-02,1.0679829725386467
1/N Equal Weight,2018-10-03,1.0705265851235388
1/N Equal Weight,2018-10-04,1.0574840349215413
1/N Equal Weight,2018-10-05,1.0500226936144175
1/N Equal Weight,2018-10-08,1.0411035710287841
1/N Equal Weight,2018-10-09,1.0377021072908839
1/N Equal Weight,2018-10-10,1.0157552817173288
1/N Equal Weight,2018-10-11,1.0000924087676366
1/N Equal Weight,2018-10-12,1.0052195347940809
1/N Equal Weight,2018-10-15,1.0032451175091275
1/N Equal Weight,2018-10-16,1.0246209301897418
1/N Equal Weight,2018-10-17,1.0185545933283633
1/N Equal Weight,2018-10-18,1.0092813447827134
1/N Equal Weight,2018-10-19,1.0027092292560833
1/N Equal Weight,2018-10-22,0.9980975418902991
1/N Equal Weight,2018-10-23,0.9846763616655713
1/N Equal Weight,2018-10-24,0.966170503344352
1/N Equal Weight,2018-10-25,0.9763178115055297
1/N Equal Weight,2018-10-26,0.9624419117996895
1/N Equal Weight,2018-10-29,0.9697211564484146
1/N Equal Weight,2018-10-30,0.9784631996008382
1/N Equal Weight,2018-10-31,0.9879617176062954
1/N Equal Weight,2018-11-01,1.0020304563936475
1/N Equal Weight,2018-11-02,1.0062559038411416
1/N Equal Weight,2018-11-05,1.0037185987643429
1/N Equal Weight,2018-11-06,1.009970553472506
1/N Equal Weight,2018-11-07,1.0266361324149438
1/N Equal Weight,2018-11-08,1.0236119309945162
1/N Equal Weight,2018-11-09,1.0134463200330963
1/N Equal Weight,2018-11-12,0.9943632589930284
1/N Equal Weight,2018-11-13,0.9974850606793799
1/N Equal Weight,2018-11-14,0.9939191450360711
1/N Equal Weight,2018-11-15,0.9908990983345036
1/N Equal Weight,2018-11-16,0.9936951740996275
1/N Equal Weight,2018-11-19,0.9858933340184548
1/N Equal Weight,2018-11-20,0.9717042731947626
1/N Equal Weight,2018-11-21,0.9794343355024556
1/N Equal Weight,2018-11-22,0.9767847176326058
1/N Equal Weight,2018-11-23,0.9758622599106677
1/N Equal Weight,2018-11-26,0.9886236179278118
1/N Equal Weight,2018-11-27,0.9855792497093775
1/N Equal Weight,2018-11-28,0.9935077008552776
1/N Equal Weight,2018-11-29,0.9978396044578046
1/N Equal Weight,2018-11-30,0.9970221911221304
1/N Equal Weight,2018-12-03,1.0070117698844174
1/N Equal Weight,2018-12-04,0.9903972606008234
1/N Equal Weight,2018-12-05,0.9841493035282836
1/N Equal Weight,2018-12-06,0.9683307930485678
1/N Equal Weight,2018-12-07,0.9613087341467619
1/N Equal Weight,2018-12-10,0.9534102631632214
1/N Equal Weight,2018-12-11,0.9578830172807172
1/N Equal Weight,2018-12-12,0.9677770927209884
1/N Equal Weight,2018-12-13,0.9675169748382183
1/N Equal Weight,2018-12-14,0.9536366479771287
1/N Equal Weight,2018-12-17,0.9398366510690015
1/N Equal Weight,2018-12-18,0.9391034159404992
1/N Equal Weight,2018-12-19,0.9356332377076393
1/N Equal Weight,2018-12-20,0.9230257513664311
1/N Equal Weight,2018-12-21,0.9132357037767896
1/N Equal Weight,2018-12-24,0.8996695771036923
1/N Equal Weight,2018-12-25,0.8996695771036923
1/N Equal Weight,2018-12-26,0.9178631770917097
1/N Equal Weight,2018-12-27,0.9141749787888072
1/N Equal Weight,2018-12-28,0.9260343650252905
1/N Equal Weight,2018-12-31,0.9323457511789264
1/N Equal Weight,2019-01-01,0.9323457511789477
1/N Equal Weight,2019-01-02,0.9292966935920053
1/N Equal Weight,2019-01-03,0.9129165871622031
1/N Equal Weight,2019-01-04,0.9429783581619837
1/N Equal Weight,2019-01-07,0.952585310164835
1/N Equal Weight,2019-01-08,0.9624194667952122
1/N Equal Weight,2019-01-09,0.970966660767364
1/N Equal Weight,2019-01-10,0.9774402314431242
1/N Equal Weight,2019-01-11,0.9782972996791754
1/N Equal Weight,2019-01-14,0.9703436721483734
1/N Equal Weight,2019-01-15,0.9734320332286773
1/N Equal Weight,2019-01-16,0.9777674147512109
1/N Equal Weight,2019-01-17,0.9819878033811286
1/N Equal Weight,2019-01-18,0.9977301458844063
1/N Equal Weight,2019-01-21,0.9955535219874024
1/N Equal Weight,2019-01-22,0.9871006351475345
1/N Equal Weight,2019-01-23,0.9891368715449136
1/N Equal Weight,2019-01-24,0.9926469717545857
1/N Equal Weight,2019-01-25,1.0008921684487273
1/N Equal Weight,2019-01-28,0.9973201832817767
1/N Equal Weight,2019-01-29,1.0021229834482959
1/N Equal Weight,2019-01-30,1.0095689569929738
1/N Equal Weight,2019-01-31,1.014715232801876
1/N Equal Weight,2019-02-01,1.0168074094502781
1/N Equal Weight,2019-02-04,1.0189100816439018
1/N Equal Weight,2019-02-05,1.027348583110462
1/N Equal Weight,2019-02-06,1.026780496033984
1/N Equal Weight,2019-02-07,1.0127756600467503
1/N Equal Weight,2019-02-08,1.0084345441516125
1/N Equal Weight,2019-02-11,1.0129464598457634
1/N Equal Weight,2019-02-12,1.0208562422667216
1/N Equal Weight,2019-02-13,1.027187117346323
1/N Equal Weight,2019-02-14,1.0240339633486182
1/N Equal Weight,2019-02-15,1.0345465566247039
1/N Equal Weight,2019-02-18,1.040434195088668
1/N Equal Weight,2019-02-19,1.0385835549629354
1/N Equal Weight,2019-02-20,1.0463502001792284
1/N Equal Weight,2019-02-21,1.0446338927706744
1/N Equal Weight,2019-02-22,1.0485461881686884
1/N Equal Weight,2019-02-25,1.0524908621046254
1/N Equal Weight,2019-02-26,1.0530491421166464
1/N Equal Weight,2019-02-27,1.0531957510833203
1/N Equal Weight,2019-02-28,1.054427882488479
1/N Equal Weight,2019-03-01,1.059775557430416
1/N Equal Weight,2019-03-04,1.0571521820249374
1/N Equal Weight,2019-03-05,1.0544344046235432
1/N Equal Weight,2019-03-06,1.0486903073978722
1/N Equal Weight,2019-03-07,1.0387175593793776
1/N Equal Weight,2019-03-08,1.030217275796159
1/N Equal Weight,2019-03-11,1.0413928445797238
1/N Equal Weight,2019-03-12,1.0458598275493187
1/N Equal Weight,2019-03-13,1.053157991826448
1/N Equal Weight,2019-03-14,1.0572535100442022
1/N Equal Weight,2019-03-15,1.063243975584349
1/N Equal Weight,2019-03-18,1.0691296076683616
1/N Equal Weight,2019-03-19,1.0728279262631149
1/N Equal Weight,2019-03-20,1.0639762457979776
1/N Equal Weight,2019-03-21,1.0722680512897114
1/N Equal Weight,2019-03-22,1.049894081386863
1/N Equal Weight,2019-03-25,1.0485028930704552
1/N Equal Weight,2019-03-26,1.054263995290688
1/N Equal Weight,2019-03-27,1.051594249979449
1/N Equal Weight,2019-03-28,1.0511662186561037
1/N Equal Weight,2019-03-29,1.0604786114556881
1/N Equal Weight,2019-04-01,1.0739583340946957
1/N Equal Weight,2019-04-02,1.0741495311991947
1/N Equal Weight,2019-04-03,1.086093409812488
1/N Equal Weight,2019-04-04,1.0847960077251098
1/N Equal Weight,2019-04-05,1.0891540139450493
1/N Equal Weight,2019-04-08,1.0886654193796974
1/N Equal Weight,2019-04-09,1.0832228499430907
1/N Equal Weight,2019-04-10,1.0881282272345154
1/N Equal Weight,2019-04-11,1.0907727468802222
1/N Equal Weight,2019-04-12,1.0999455233664661
1/N Equal Weight,2019-04-15,1.1010277199460008
1/N Equal Weight,2019-04-16,1.1028152878493591
1/N Equal Weight,2019-04-17,1.0997684903328995
1/N Equal Weight,2019-04-18,1.0995028625456147
1/N Equal Weight,2019-04-19,1.0995028625456147
1/N Equal Weight,2019-04-22,1.0987941872134053
1/N Equal Weight,2019-04-23,1.1037142375344768
1/N Equal Weight,2019-04-24,1.101800408211103
1/N Equal Weight,2019-04-25,1.0934299500494402
1/N Equal Weight,2019-04-26,1.0988584245376136
1/N Equal Weight,2019-04-29,1.1011588244699362
1/N Equal Weight,2019-04-30,1.1054629939327256
1/N Equal Weight,2019-05-01,1.100677696514602
1/N Equal Weight,2019-05-02,1.0976172953438403
1/N Equal Weight,2019-05-03,1.1006206689067517
1/N Equal Weight,2019-05-06,1.0958217358724143
1/N Equal Weight,2019-05-07,1.0809886047613149
1/N Equal Weight,2019-05-08,1.0806028286142024
1/N Equal Weight,2019-05-09,1.0701983881659944
1/N Equal Weight,2019-05-10,1.0774063773305844
1/N Equal Weight,2019-05-13,1.0573842968044704
1/N Equal Weight,2019-05-14,1.0676890407539807
1/N Equal Weight,2019-05-15,1.0698293236334353
1/N Equal Weight,2019-05-16,1.0808612001214046
1/N Equal Weight,2019-05-17,1.0736003371101563
1/N Equal Weight,2019-05-20,1.0642930956238912
1/N Equal Weight,2019-05-21,1.0741805948333567
1/N Equal Weight,2019-05-22,1.0716211837041372
1/N Equal Weight,2019-05-23,1.0548283378151129
1/N Equal Weight,2019-05-24,1.061347171924108
1/N Equal Weight,2019-05-27,1.0625188894193762
1/N Equal Weight,2019-05-28,1.0575574706798618
1/N Equal Weight,2019-05-29,1.043727842373343
1/N Equal Weight,2019-05-30,1.0468844559630415
1/N Equal Weight,2019-05-31,1.038759467681774
1/N Equal Weight,2019-06-03,1.0428853471902297
1/N Equal Weight,2019-06-04,1.060908749962582
1/N Equal Weight,2019-06-05,1.0685707375101003
1/N Equal Weight,2019-06-06,1.0715129429434562
1/N Equal Weight,2019-06-07,1.0811172573152086
1/N Equal Weight,2019-06-10,1.0860967387610299
1/N Equal Weight,2019-06-11,1.0908405633022447
1/N Equal Weight,2019-06-12,1.0891821890507518
1/N Equal Weight,2019-06-13,1.0910128114946258
1/N Equal Weight,2019-06-14,1.0853889547080542
1/N Equal Weight,2019-06-17,1.0827678461729238
1/N Equal Weight,2019-06-18,1.0939393245724858
1/N Equal Weight,2019-06-19,1.0979684385251942
1/N Equal Weight,2019-06-20,1.1104334547954933
1/N Equal Weight,2019-06-21,1.1072155478503694
1/N Equal Weight,2019-06-24,1.1079490788549147
1/N Equal Weight,2019-06-25,1.1035366580126211
1/N Equal Weight,2019-06-26,1.0993148240610826
1/N Equal Weight,2019-06-27,1.1046811587497916
1/N Equal Weight,2019-06-28,1.1134030947367417
1/N Equal Weight,2019-07-01,1.1210078992479418
1/N Equal Weight,2019-07-02,1.1203089925457643
1/N Equal Weight,2019-07-03,1.130411243425278
1/N Equal Weight,2019-07-04,1.1319658799961616
1/N Equal Weight,2019-07-05,1.1254258269209503
1/N Equal Weight,2019-07-08,1.1188253907713948
1/N Equal Weight,2019-07-09,1.114108462432685
1/N Equal Weight,2019-07-10,1.115750295032466
1/N Equal Weight,2019-07-11,1.120090325331778
1/N Equal Weight,2019-07-12,1.124213520056919
1/N Equal Weight,2019-07-15,1.1271298669797385
1/N Equal Weight,2019-07-16,1.1251934562658077
1/N Equal Weight,2019-07-17,1.117818098401075
1/N Equal Weight,2019-07-18,1.117059667883675
1/N Equal Weight,2019-07-19,1.1165215996364612
1/N Equal Weight,2019-07-22,1.1172061423361823
1/N Equal Weight,2019-07-23,1.1244400779228718
1/N Equal Weight,2019-07-24,1.1292021825834548
1/N Equal Weight,2019-07-25,1.123635618823164
1/N Equal Weight,2019-07-26,1.1270609505395301
1/N Equal Weight,2019-07-29,1.1237633091754724
1/N Equal Weight,2019-07-30,1.1150971982259186
1/N Equal Weight,2019-07-31,1.109135045171993
1/N Equal Weight,2019-08-01,1.1013246642653542
1/N Equal Weight,2019-08-02,1.0876682684516314
1/N Equal Weight,2019-08-05,1.063754192729387
1/N Equal Weight,2019-08-06,1.0690487050341626
1/N Equal Weight,2019-08-07,1.071718112834392
1/N Equal Weight,2019-08-08,1.090215654306516
1/N Equal Weight,2019-08-09,1.0808485318761374
1/N Equal Weight,2019-08-12,1.071217271571646
1/N Equal Weight,2019-08-13,1.0817598816691396
1/N Equal Weight,2019-08-14,1.0543790596971092
1/N Equal Weight,2019-08-15,1.051510944150319
1/N Equal Weight,2019-08-16,1.0645034871945966
1/N Equal Weight,2019-08-19,1.0776887986048505
1/N Equal Weight,2019-08-20,1.0690337147571731
1/N Equal Weight,2019-08-21,1.0823085588767019
1/N Equal Weight,2019-08-22,1.0797101542001668
1/N Equal Weight,2019-08-23,1.0636516819036614
1/N Equal Weight,2019-08-26,1.0699260540497126
1/N Equal Weight,2019-08-27,1.071188373635712
1/N Equal Weight,2019-08-28,1.0704340238308345
1/N Equal Weight,2019-08-29,1.083267292162685
1/N Equal Weight,2019-08-30,1.0862115116370343
1/N Equal Weight,2019-09-02,1.0844395609483732
1/N Equal Weight,2019-09-03,1.0775766933259459
1/N Equal Weight,2019-09-04,1.0938102804311463
1/N Equal Weight,2019-09-05,1.1085344995482664
1/N Equal Weight,2019-09-06,1.108947107807129
1/N Equal Weight,2019-09-09,1.1108173124957221
1/N Equal Weight,2019-09-10,1.1122328636474061
1/N Equal Weight,2019-09-11,1.119883225122742
1/N Equal Weight,2019-09-12,1.1213057815719731
1/N Equal Weight,2019-09-13,1.1318291579953743
1/N Equal Weight,2019-09-16,1.125530894178569
1/N Equal Weight,2019-09-17,1.1249160672323466
1/N Equal Weight,2019-09-18,1.1261981334005686
1/N Equal Weight,2019-09-19,1.129160356822099
1/N Equal Weight,2019-09-20,1.1258998806446092
1/N Equal Weight,2019-09-23,1.1180976585599451
1/N Equal Weight,2019-09-24,1.1160072639101823
1/N Equal Weight,2019-09-25,1.1136583265938418
1/N Equal Weight,2019-09-26,1.1144126349079362
1/N Equal Weight,2019-09-27,1.1135807835717608
1/N Equal Weight,2019-09-30,1.115287299597735
1/N Equal Weight,2019-10-01,1.1023475628865838
1/N Equal Weight,2019-10-02,1.0793246472741311
1/N Equal Weight,2019-10-03,1.0825165654214648
1/N Equal Weight,2019-10-04,1.0956563664931602
1/N Equal Weight,2019-10-07,1.0968793949371545
1/N Equal Weight,2019-10-08,1.081154060026017
1/N Equal Weight,2019-10-09,1.0870315799479648
1/N Equal Weight,2019-10-10,1.0964302933061887
1/N Equal Weight,2019-10-11,1.1200547952696749
1/N Equal Weight,2019-10-14,1.1160667353610723
1/N Equal Weight,2019-10-15,1.1274191621145064
1/N Equal Weight,2019-10-16,1.127013515689161
1/N Equal Weight,2019-10-17,1.1349564662823968
1/N Equal Weight,2019-10-18,1.135423525523246
1/N Equal Weight,2019-10-21,1.1458698352573367
1/N Equal Weight,2019-10-22,1.142092904797318
1/N Equal Weight,2019-10-23,1.1424664732439487
1/N Equal Weight,2019-10-24,1.1481207240321265
1/N Equal Weight,2019-10-25,1.1491717169644196
1/N Equal Weight,2019-10-28,1.153458553341706
1/N Equal Weight,2019-10-29,1.1539861873921196
1/N Equal Weight,2019-10-30,1.155582093718428
1/N Equal Weight,2019-10-31,1.152972949653004
1/N Equal Weight,2019-11-01,1.1633780307363262
1/N Equal Weight,2019-11-04,1.1727459837873633
1/N Equal Weight,2019-11-05,1.171351668482215
1/N Equal Weight,2019-11-06,1.1705413723606164
1/N Equal Weight,2019-11-07,1.1753691325919686
1/N Equal Weight,2019-11-08,1.17296544862853
1/N Equal Weight,2019-11-11,1.1730121381508622
1/N Equal Weight,2019-11-12,1.1737582042050791
1/N Equal Weight,2019-11-13,1.171355846293149
1/N Equal Weight,2019-11-14,1.1710270446084616
1/N Equal Weight,2019-11-15,1.1814472352734575
1/N Equal Weight,2019-11-18,1.1824268484084084
1/N Equal Weight,2019-11-19,1.1834597722427829
1/N Equal Weight,2019-11-20,1.1784514250705096
1/N Equal Weight,2019-11-21,1.174918605371778
1/N Equal Weight,2019-11-22,1.1771617633305613
1/N Equal Weight,2019-11-25,1.1855209083059381
1/N Equal Weight,2019-11-26,1.1902099875263432
1/N Equal Weight,2019-11-27,1.1933740227360368
1/N Equal Weight,2019-11-28,1.1928896865865655
1/N Equal Weight,2019-11-29,1.1855530388152151
1/N Equal Weight,2019-12-02,1.174816255606815
1/N Equal Weight,2019-12-03,1.1697851967508806
1/N Equal Weight,2019-12-04,1.1829594326798272
1/N Equal Weight,2019-12-05,1.1857588432064774
1/N Equal Weight,2019-12-06,1.1966969898823356
1/N Equal Weight,2019-12-09,1.1936191969029875
1/N Equal Weight,2019-12-10,1.1915999445731547
1/N Equal Weight,2019-12-11,1.193719640333304
1/N Equal Weight,2019-12-12,1.205448417739174
1/N Equal Weight,2019-12-13,1.215470706064834
1/N Equal Weight,2019-12-16,1.2270156604656253
1/N Equal Weight,2019-12-17,1.2241074290697798
1/N Equal Weight,2019-12-18,1.2201631389471592
1/N Equal Weight,2019-12-19,1.2238613270954992
1/N Equal Weight,2019-12-20,1.229611108093153
1/N Equal Weight,2019-12-23,1.2300219269439745
1/N Equal Weight,2019-12-24,1.2317898735159023
1/N Equal Weight,2019-12-25,1.2317898735159023
1/N Equal Weight,2019-12-26,1.2332398665350852
1/N Equal Weight,2019-12-27,1.239988895542513
1/N Equal Weight,2019-12-30,1.2356845427635381
1/N Equal Weight,2019-12-31,1.2387814858097752
1/N Equal Weight,2020-01-01,1.2387814858097848
1/N Equal Weight,2020-01-02,1.246204100292641
1/N Equal Weight,2020-01-03,1.2368852930215035
1/N Equal Weight,2020-01-06,1.2364205441032592
1/N Equal Weight,2020-01-07,1.237000378595033
1/N Equal Weight,2020-01-08,1.2369649942148273
1/N Equal Weight,2020-01-09,1.24187697913681
1/N Equal Weight,2020-01-10,1.239447576892566
1/N Equal Weight,2020-01-13,1.244860566272176
1/N Equal Weight,2020-01-14,1.2469476918572828
1/N Equal Weight,2020-01-15,1.248984866383447
1/N Equal Weight,2020-01-16,1.258146350736521
1/N Equal Weight,2020-01-17,1.2619481491283397
1/N Equal Weight,2020-01-20,1.260966697404392
1/N Equal Weight,2020-01-21,1.258952375000868
1/N Equal Weight,2020-01-22,1.2574606074858785
1/N Equal Weight,2020-01-23,1.2532820890998912
1/N Equal Weight,2020-01-24,1.2511506325166575
1/N Equal Weight,2020-01-27,1.2269031494615954
1/N Equal Weight,2020-01-28,1.2359916675045162
1/N Equal Weight,2020-01-29,1.2374193167595888
1/N Equal Weight,2020-01-30,1.2342295045038385
1/N Equal Weight,2020-01-31,1.2199278147705983
1/N Equal Weight,2020-02-03,1.227647883513761
1/N Equal Weight,2020-02-04,1.2454759517858054
1/N Equal Weight,2020-02-05,1.2595886104248828
1/N Equal Weight,2020-02-06,1.2600837981540918
1/N Equal Weight,2020-02-07,1.2516422075927391
1/N Equal Weight,2020-02-10,1.2545638474476166
1/N Equal Weight,2020-02-11,1.263253987488056
1/N Equal Weight,2020-02-12,1.272435624957916
1/N Equal Weight,2020-02-13,1.2701462682232694
1/N Equal Weight,2020-02-14,1.2716460694969427
1/N Equal Weight,2020-02-17,1.2722442037870636
1/N Equal Weight,2020-02-18,1.2667509470255596
1/N Equal Weight,2020-02-19,1.2741148777293296
1/N Equal Weight,2020-02-20,1.26887283119731
1/N Equal Weight,2020-02-21,1.2607740131977663
1/N Equal Weight,2020-02-24,1.2177489457944386
1/N Equal Weight,2020-02-25,1.1886164418900107
1/N Equal Weight,2020-02-26,1.1852132491330831
1/N Equal Weight,2020-02-27,1.1450608089422134
1/N Equal Weight,2020-02-28,1.118850218649091
1/N Equal Weight,2020-03-02,1.146053191841345
1/N Equal Weight,2020-03-03,1.1443606495248957
1/N Equal Weight,2020-03-04,1.1702722790387574
1/N Equal Weight,2020-03-05,1.143984651080056
1/N Equal Weight,2020-03-06,1.12086055910309
1/N Equal Weight,2020-03-09,1.0404748091344413
1/N Equal Weight,2020-03-10,1.051945578606244
1/N Equal Weight,2020-03-11,1.014872048902083
1/N Equal Weight,2020-03-12,0.8999996631309081
1/N Equal Weight,2020-03-13,0.9359151138692736
1/N Equal Weight,2020-03-16,0.8528530576657255
1/N Equal Weight,2020-03-17,0.8739352171396846
1/N Equal Weight,2020-03-18,0.827158325450988
1/N Equal Weight,2020-03-19,0.8325408590116683
1/N Equal Weight,2020-03-20,0.8229819341900101
1/N Equal Weight,2020-03-23,0.7940682790252102
1/N Equal Weight,2020-03-24,0.8687782800185083
1/N Equal Weight,2020-03-25,0.8927119733109921
1/N Equal Weight,2020-03-26,0.937747174036284
1/N Equal Weight,2020-03-27,0.9089477981213302
1/N Equal Weight,2020-03-30,0.9276550306159619
1/N Equal Weight,2020-03-31,0.9256391976418417
1/N Equal Weight,2020-04-01,0.8878312274633592
1/N Equal Weight,2020-04-02,0.8953849781812655
1/N Equal Weight,2020-04-03,0.8770297067313344
1/N Equal Weight,2020-04-06,0.9301589723565015
1/N Equal Weight,2020-04-07,0.9545403386082487
1/N Equal Weight,2020-04-08,0.9742344218740272
1/N Equal Weight,2020-04-09,0.9961372748039304
1/N Equal Weight,2020-04-10,0.9961372748039304
1/N Equal Weight,2020-04-13,0.9856824215800908
1/N Equal Weight,2020-04-14,1.0039106029373233
1/N Equal Weight,2020-04-15,0.9632411750618363
1/N Equal Weight,2020-04-16,0.961863988432517
1/N Equal Weight,2020-04-17,0.9945700796138485
1/N Equal Weight,2020-04-20,0.985305999761715
1/N Equal Weight,2020-04-21,0.9539464396465278
1/N Equal Weight,2020-04-22,0.9718261572224665
1/N Equal Weight,2020-04-23,0.9774690917361264
1/N Equal Weight,2020-04-24,0.9790121810398967
1/N Equal Weight,2020-04-27,1.003704884991311
1/N Equal Weight,2020-04-28,1.0198557060913902
1/N Equal Weight,2020-04-29,1.0494734008116489
1/N Equal Weight,2020-04-30,1.030720861859101
1/N Equal Weight,2020-05-01,1.011424651519208
1/N Equal Weight,2020-05-04,0.9974124125605965
1/N Equal Weight,2020-05-05,1.0071676437938857
1/N Equal Weight,2020-05-06,0.997195318195266
1/N Equal Weight,2020-05-07,1.0121619449317412
1/N Equal Weight,2020-05-08,1.0328952067268287
1/N Equal Weight,2020-05-11,1.0237211451718375
1/N Equal Weight,2020-05-12,1.01432538716279
1/N Equal Weight,2020-05-13,0.9911746978483555
1/N Equal Weight,2020-05-14,0.9808953881054914
1/N Equal Weight,2020-05-15,0.9872457299000148
1/N Equal Weight,2020-05-18,1.0348258084819155
1/N Equal Weight,2020-05-19,1.032057412754691
1/N Equal Weight,2020-05-20,1.0464114546930339
1/N Equal Weight,2020-05-21,1.042249022155399
1/N Equal Weight,2020-05-22,1.0393971017939316
1/N Equal Weight,2020-05-25,1.0483563818373791
1/N Equal Weight,2020-05-26,1.0788387404619155
1/N Equal Weight,2020-05-27,1.094294154508485
1/N Equal Weight,2020-05-28,1.0998556283374918
1/N Equal Weight,2020-05-29,1.0989335427726725
1/N Equal Weight,2020-06-01,1.1096311110746815
1/N Equal Weight,2020-06-02,1.1320496871970656
1/N Equal Weight,2020-06-03,1.1616351455917837
1/N Equal Weight,2020-06-04,1.1641481835229623
1/N Equal Weight,2020-06-05,1.201073352366004
1/N Equal Weight,2020-06-08,1.2111448703465384
1/N Equal Weight,2020-06-09,1.1877768410707166
1/N Equal Weight,2020-06-10,1.176574787325028
1/N Equal Weight,2020-06-11,1.1108895664237453
1/N Equal Weight,2020-06-12,1.1207928394999418
1/N Equal Weight,2020-06-15,1.1239488906106236
1/N Equal Weight,2020-06-16,1.1543285873810512
1/N Equal Weight,2020-06-17,1.1476534383539698
1/N Equal Weight,2020-06-18,1.143998241874116
1/N Equal Weight,2020-06-19,1.1388449666281184
1/N Equal Weight,2020-06-22,1.1364567478268657
1/N Equal Weight,2020-06-23,1.1502528048228973
1/N Equal Weight,2020-06-24,1.1138258773583445
1/N Equal Weight,2020-06-25,1.1185630832911544
1/N Equal Weight,2020-06-26,1.1055060980600235
1/N Equal Weight,2020-06-29,1.1225027136085257
1/N Equal Weight,2020-06-30,1.126078814181727
1/N Equal Weight,2020-07-01,1.1284652399306467
1/N Equal Weight,2020-07-02,1.1475848166649756
1/N Equal Weight,2020-07-03,1.1406180561632235
1/N Equal Weight,2020-07-06,1.1620597634989973
1/N Equal Weight,2020-07-07,1.148745267980686
1/N Equal Weight,2020-07-08,1.1468285935104574
1/N Equal Weight,2020-07-09,1.1373258393018688
1/N Equal Weight,2020-07-10,1.1471334645728402
1/N Equal Weight,2020-07-13,1.1544551223978845
1/N Equal Weight,2020-07-14,1.1610676402526394
1/N Equal Weight,2020-07-15,1.1865696222803834
1/N Equal Weight,2020-07-16,1.181775872599727
1/N Equal Weight,2020-07-17,1.185162398995867
1/N Equal Weight,2020-07-20,1.1903761543377835
1/N Equal Weight,2020-07-21,1.19878199165059
1/N Equal Weight,2020-07-22,1.2067347007614773
1/N Equal Weight,2020-07-23,1.2037387002934494
1/N Equal Weight,2020-07-24,1.1926600005427042
1/N Equal Weight,2020-07-27,1.2007551781333323
1/N Equal Weight,2020-07-28,1.1966243566471209
1/N Equal Weight,2020-07-29,1.206894363008644
1/N Equal Weight,2020-07-30,1.189005411125833
1/N Equal Weight,2020-07-31,1.19068759551975
1/N Equal Weight,2020-08-03,1.198755119819201
1/N Equal Weight,2020-08-04,1.2039319352637636
1/N Equal Weight,2020-08-05,1.2209173545563274
1/N Equal Weight,2020-08-06,1.2169991564519622
1/N Equal Weight,2020-08-07,1.2217768513608596
1/N Equal Weight,2020-08-10,1.228136112194199
1/N Equal Weight,2020-08-11,1.2415625375145956
1/N Equal Weight,2020-08-12,1.2497485865735412
1/N Equal Weight,2020-08-13,1.248288708742345
1/N Equal Weight,2020-08-14,1.2401404101578115
1/N Equal Weight,2020-08-17,1.24427587322803
1/N Equal Weight,2020-08-18,1.2414025087713236
1/N Equal Weight,2020-08-19,1.243261079574454
1/N Equal Weight,2020-08-20,1.2287279477859225
1/N Equal Weight,2020-08-21,1.224724534702612
1/N Equal Weight,2020-08-24,1.2461852193371141
1/N Equal Weight,2020-08-25,1.2425519313082185
1/N Equal Weight,2020-08-26,1.2473727290081515
1/N Equal Weight,2020-08-27,1.2475945274925246
1/N Equal Weight,2020-08-28,1.257648069695896
1/N Equal Weight,2020-08-31,1.2513150244830569
1/N Equal Weight,2020-09-01,1.253064576344729
1/N Equal Weight,2020-09-02,1.2637761510460461
1/N Equal Weight,2020-09-03,1.2378683634046332
1/N Equal Weight,2020-09-04,1.2320921955012663
1/N Equal Weight,2020-09-07,1.241240509556634
1/N Equal Weight,2020-09-08,1.2178606245476882
1/N Equal Weight,2020-09-09,1.2332995395964552
1/N Equal Weight,2020-09-10,1.2284019506027593
1/N Equal Weight,2020-09-11,1.229038478238063
1/N Equal Weight,2020-09-14,1.2409023383451208
1/N Equal Weight,2020-09-15,1.2472304617064613
1/N Equal Weight,2020-09-16,1.2530557891383343
1/N Equal Weight,2020-09-17,1.2435755776434578
1/N Equal Weight,2020-09-18,1.2352786640504674
1/N Equal Weight,2020-09-21,1.1952062794067195
1/N Equal Weight,2020-09-22,1.1966662571086364
1/N Equal Weight,2020-09-23,1.1830287649401026
1/N Equal Weight,2020-09-24,1.1760663350174714
1/N Equal Weight,2020-09-25,1.181806053527433
1/N Equal Weight,2020-09-28,1.210113143350304
1/N Equal Weight,2020-09-29,1.2046663114796248
1/N Equal Weight,2020-09-30,1.209137025386702
1/N Equal Weight,2020-10-01,1.2180761639513076
1/N Equal Weight,2020-10-02,1.2196803615087748
1/N Equal Weight,2020-10-05,1.2409173251478143
1/N Equal Weight,2020-10-06,1.2419769516380808
1/N Equal Weight,2020-10-07,1.2485475171123854
1/N Equal Weight,2020-10-08,1.2631612002092525
1/N Equal Weight,2020-10-09,1.2687105023169494
1/N Equal Weight,2020-10-12,1.2778859935412952
1/N Equal Weight,2020-10-13,1.2652428031324217
1/N Equal Weight,2020-10-14,1.2625173161746275
1/N Equal Weight,2020-10-15,1.248464280442796
1/N Equal Weight,2020-10-16,1.2559452822795074
1/N Equal Weight,2020-10-19,1.251601790002802
1/N Equal Weight,2020-10-20,1.256149218709089
1/N Equal Weight,2020-10-21,1.2474440531914703
1/N Equal Weight,2020-10-22,1.2520848946092087
1/N Equal Weight,2020-10-23,1.262190130334442
1/N Equal Weight,2020-10-26,1.2332952832153738
1/N Equal Weight,2020-10-27,1.2181281647428563
1/N Equal Weight,2020-10-28,1.175179988965063
1/N Equal Weight,2020-10-29,1.1783048247864867
1/N Equal Weight,2020-10-30,1.1794164917523495
1/N Equal Weight,2020-11-02,1.1981687157953755
1/N Equal Weight,2020-11-03,1.227865809893308
1/N Equal Weight,2020-11-04,1.2420417592970088
1/N Equal Weight,2020-11-05,1.2693371577740036
1/N Equal Weight,2020-11-06,1.2674711308105147
1/N Equal Weight,2020-11-09,1.3264865742272591
1/N Equal Weight,2020-11-10,1.3370118572006355
1/N Equal Weight,2020-11-11,1.340265303629133
1/N Equal Weight,2020-11-12,1.326993677404672
1/N Equal Weight,2020-11-13,1.3437155592783012
1/N Equal Weight,2020-11-16,1.3716517058122557
1/N Equal Weight,2020-11-17,1.3734821988409132
1/N Equal Weight,2020-11-18,1.3698925266666429
1/N Equal Weight,2020-11-19,1.3639675819040054
1/N Equal Weight,2020-11-20,1.366057711359078
1/N Equal Weight,2020-11-23,1.3807197217753127
1/N Equal Weight,2020-11-24,1.3998129903662893
1/N Equal Weight,2020-11-25,1.3970336747346606
1/N Equal Weight,2020-11-26,1.3948264323099147
1/N Equal Weight,2020-11-27,1.3988736889199378
1/N Equal Weight,2020-11-30,1.387502403200048
1/N Equal Weight,2020-12-01,1.4023740466731354
1/N Equal Weight,2020-12-02,1.407489334410634
1/N Equal Weight,2020-12-03,1.4175475296392246
1/N Equal Weight,2020-12-04,1.4338237412421615
1/N Equal Weight,2020-12-07,1.423931967104104
1/N Equal Weight,2020-12-08,1.4261949279351684
1/N Equal Weight,2020-12-09,1.4285171279994775
1/N Equal Weight,2020-12-10,1.4228509020913627
1/N Equal Weight,2020-12-11,1.4115846997047714
1/N Equal Weight,2020-12-14,1.4175465743491664
1/N Equal Weight,2020-12-15,1.4299227604003142
1/N Equal Weight,2020-12-16,1.4391902991683119
1/N Equal Weight,2020-12-17,1.4507791521253666
1/N Equal Weight,2020-12-18,1.4447631676515362
1/N Equal Weight,2020-12-21,1.4173086960167884
1/N Equal Weight,2020-12-22,1.430540197223545
1/N Equal Weight,2020-12-23,1.4398328641504015
1/N Equal Weight,2020-12-24,1.4468160968460066
1/N Equal Weight,2020-12-25,1.4468160968460066
1/N Equal Weight,2020-12-28,1.454637438878512
1/N Equal Weight,2020-12-29,1.4580686960388871
1/N Equal Weight,2020-12-30,1.4614759031376603
1/N Equal Weight,2020-12-31,1.4626941045037523
1/N Equal Weight,2021-01-01,1.4626941045037276
1/N Equal Weight,2021-01-04,1.458380701141921
1/N Equal Weight,2021-01-05,1.4624637417847983
1/N Equal Weight,2021-01-06,1.492834186493589
1/N Equal Weight,2021-01-07,1.5035325249146023
1/N Equal Weight,2021-01-08,1.5063312553176098
1/N Equal Weight,2021-01-11,1.4916531109085147
1/N Equal Weight,2021-01-12,1.4988175602843883
1/N Equal Weight,2021-01-13,1.497940659644292
1/N Equal Weight,2021-01-14,1.502805336086035
1/N Equal Weight,2021-01-15,1.4891881235216835
1/N Equal Weight,2021-01-18,1.488127234838795
1/N Equal Weight,2021-01-19,1.4940849565237702
1/N Equal Weight,2021-01-20,1.5030544183233612
1/N Equal Weight,2021-01-21,1.5021723116022723
1/N Equal Weight,2021-01-22,1.4925635503242844
1/N Equal Weight,2021-01-25,1.481080944035712
1/N Equal Weight,2021-01-26,1.4808683644141243
1/N Equal Weight,2021-01-27,1.4536570115175238
1/N Equal Weight,2021-01-28,1.4625388737114544
1/N Equal Weight,2021-01-29,1.443816402240755
1/N Equal Weight,2021-02-01,1.460243769576125
1/N Equal Weight,2021-02-02,1.4776725993574253
1/N Equal Weight,2021-02-03,1.4799686362240732
1/N Equal Weight,2021-02-04,1.492578382147385
1/N Equal Weight,2021-02-05,1.4986261435594852
1/N Equal Weight,2021-02-08,1.5126959166187308
1/N Equal Weight,2021-02-09,1.516543937043572
1/N Equal Weight,2021-02-10,1.5185302320558514
1/N Equal Weight,2021-02-11,1.5249547353101696
1/N Equal Weight,2021-02-12,1.5284340656279636
1/N Equal Weight,2021-02-15,1.54289560669523
1/N Equal Weight,2021-02-16,1.5440698505545707
1/N Equal Weight,2021-02-17,1.5320749718920477
1/N Equal Weight,2021-02-18,1.5223695124306185
1/N Equal Weight,2021-02-19,1.5375586773029286
1/N Equal Weight,2021-02-22,1.5344382746856169
1/N Equal Weight,2021-02-23,1.534696862764234
1/N Equal Weight,2021-02-24,1.5514418380539738
1/N Equal Weight,2021-02-25,1.5399648335467724
1/N Equal Weight,2021-02-26,1.5135352874534804
1/N Equal Weight,2021-03-01,1.5399669946107708
1/N Equal Weight,2021-03-02,1.5356301944749309
1/N Equal Weight,2021-03-03,1.5349914438721624
1/N Equal Weight,2021-03-04,1.519642985402626
1/N Equal Weight,2021-03-05,1.522682293734915
1/N Equal Weight,2021-03-08,1.5375823070674524
1/N Equal Weight,2021-03-09,1.5482596768485786
1/N Equal Weight,2021-03-10,1.5575817680504405
1/N Equal Weight,2021-03-11,1.5739179383308788
1/N Equal Weight,2021-03-12,1.575528633533902
1/N Equal Weight,2021-03-15,1.5826128043034602
1/N Equal Weight,2021-03-16,1.583259060970664
1/N Equal Weight,2021-03-17,1.5814846539826235
1/N Equal Weight,2021-03-18,1.5778924995750052
1/N Equal Weight,2021-03-19,1.5696731680612552
1/N Equal Weight,2021-03-22,1.572360541161367
1/N Equal Weight,2021-03-23,1.5554072361470657
1/N Equal Weight,2021-03-24,1.5524841264554758
1/N Equal Weight,2021-03-25,1.557342666967427
1/N Equal Weight,2021-03-26,1.5788898867061336
1/N Equal Weight,2021-03-29,1.5747924612702733
1/N Equal Weight,2021-03-30,1.5796228863558581
1/N Equal Weight,2021-03-31,1.575888546698706
1/N Equal Weight,2021-04-01,1.5935574658780567
1/N Equal Weight,2021-04-02,1.5935574658780567
1/N Equal Weight,2021-04-05,1.6006870783661082
1/N Equal Weight,2021-04-06,1.6135232995621194
1/N Equal Weight,2021-04-07,1.6164911478397925
1/N Equal Weight,2021-04-08,1.6203263270363715
1/N Equal Weight,2021-04-09,1.6254788202539472
1/N Equal Weight,2021-04-12,1.6245922759119078
1/N Equal Weight,2021-04-13,1.6259517246711153
1/N Equal Weight,2021-04-14,1.6337424685323299
1/N Equal Weight,2021-04-15,1.6437233110081382
1/N Equal Weight,2021-04-16,1.6562947667980925
1/N Equal Weight,2021-04-19,1.6577087895224887
1/N Equal Weight,2021-04-20,1.6382382773072341
1/N Equal Weight,2021-04-21,1.6454761910971434
1/N Equal Weight,2021-04-22,1.6509924437747638
1/N Equal Weight,2021-04-23,1.6606461602242857
1/N Equal Weight,2021-04-26,1.6690795535778844
1/N Equal Weight,2021-04-27,1.6691979968114905
1/N Equal Weight,2021-04-28,1.66849403020525
1/N Equal Weight,2021-04-29,1.677633803276477
1/N Equal Weight,2021-04-30,1.6659033441805715
1/N Equal Weight,2021-05-03,1.6717412510798062
1/N Equal Weight,2021-05-04,1.6575117095494436
1/N Equal Weight,2021-05-05,1.6725751009269114
1/N Equal Weight,2021-05-06,1.6800356291671315
1/N Equal Weight,2021-05-07,1.6979745135545334
1/N Equal Weight,2021-05-10,1.706678198572939
1/N Equal Weight,2021-05-11,1.6800280834273933
1/N Equal Weight,2021-05-12,1.6598232149670575
1/N Equal Weight,2021-05-13,1.6645191382608715
1/N Equal Weight,2021-05-14,1.6906402579928819
1/N Equal Weight,2021-05-17,1.6901384829605866
1/N Equal Weight,2021-05-18,1.6943263099082242
1/N Equal Weight,2021-05-19,1.6774872774030618
1/N Equal Weight,2021-05-20,1.6918349369880548
1/N Equal Weight,2021-05-21,1.698285698507822
1/N Equal Weight,2021-05-24,1.705759473574918
1/N Equal Weight,2021-05-25,1.7082984641131367
1/N Equal Weight,2021-05-26,1.709099648885175
1/N Equal Weight,2021-05-27,1.7139375648400572
1/N Equal Weight,2021-05-28,1.717159065662465
1/N Equal Weight,2021-05-31,1.7182086671244154
1/N Equal Weight,2021-06-01,1.731089307967522
1/N Equal Weight,2021-06-02,1.7305617886685547
1/N Equal Weight,2021-06-03,1.7282047166248675
1/N Equal Weight,2021-06-04,1.730083098180774
1/N Equal Weight,2021-06-07,1.736473911262172
1/N Equal Weight,2021-06-08,1.7392694578821315
1/N Equal Weight,2021-06-09,1.7367741914372776
1/N Equal Weight,2021-06-10,1.7339521609772752
1/N Equal Weight,2021-06-11,1.73991314212148
1/N Equal Weight,2021-06-14,1.7390697261796513
1/N Equal Weight,2021-06-15,1.736695022587135
1/N Equal Weight,2021-06-16,1.7346599527929192
1/N Equal Weight,2021-06-17,1.708925271307921
1/N Equal Weight,2021-06-18,1.6797218406993668
1/N Equal Weight,2021-06-21,1.6981781975263819
1/N Equal Weight,2021-06-22,1.7031834527777767
1/N Equal Weight,2021-06-23,1.7019048386304827
1/N Equal Weight,2021-06-24,1.7121330565333512
1/N Equal Weight,2021-06-25,1.721455064097151
1/N Equal Weight,2021-06-28,1.7089495197519047
1/N Equal Weight,2021-06-29,1.7083289832020088
1/N Equal Weight,2021-06-30,1.703084228203157
1/N Equal Weight,2021-07-01,1.7157932262618105
1/N Equal Weight,2021-07-02,1.7161618080996757
1/N Equal Weight,2021-07-05,1.726426854615792
1/N Equal Weight,2021-07-06,1.7135407411282597
1/N Equal Weight,2021-07-07,1.7216766036757887
1/N Equal Weight,2021-07-08,1.6974331303693462
1/N Equal Weight,2021-07-09,1.7233018331846024
1/N Equal Weight,2021-07-12,1.7298571631293977
1/N Equal Weight,2021-07-13,1.722319213363783
1/N Equal Weight,2021-07-14,1.7170929569007995
1/N Equal Weight,2021-07-15,1.7072053831206482
1/N Equal Weight,2021-07-16,1.6986520259151283
1/N Equal Weight,2021-07-19,1.6591644510275028
1/N Equal Weight,2021-07-20,1.678498938010879
1/N Equal Weight,2021-07-21,1.7020376700044693
1/N Equal Weight,2021-07-22,1.708471604388514
1/N Equal Weight,2021-07-23,1.7229104841756895
1/N Equal Weight,2021-07-26,1.7284931458805877
1/N Equal Weight,2021-07-27,1.725441720858694
1/N Equal Weight,2021-07-28,1.7309460467785867
1/N Equal Weight,2021-07-29,1.7474541568068784
1/N Equal Weight,2021-07-30,1.742350375721463
1/N Equal Weight,2021-08-02,1.7458064454173041
1/N Equal Weight,2021-08-03,1.752980404391573
1/N Equal Weight,2021-08-04,1.7500668237535775
1/N Equal Weight,2021-08-05,1.759367927615215
1/N Equal Weight,2021-08-06,1.7596840182261662
1/N Equal Weight,2021-08-09,1.7538533270648824
1/N Equal Weight,2021-08-10,1.757427068397571
1/N Equal Weight,2021-08-11,1.7661693074601448
1/N Equal Weight,2021-08-12,1.7694400229077412
1/N Equal Weight,2021-08-13,1.7729172726511995
1/N Equal Weight,2021-08-16,1.7694640879889074
1/N Equal Weight,2021-08-17,1.76101087749652
1/N Equal Weight,2021-08-18,1.7523322206081144
1/N Equal Weight,2021-08-19,1.7340313200629882
1/N Equal Weight,2021-08-20,1.7400666721903466
1/N Equal Weight,2021-08-23,1.7553751275746805
1/N Equal Weight,2021-08-24,1.7635010392703692
1/N Equal Weight,2021-08-25,1.7679961265359845
1/N Equal Weight,2021-08-26,1.7621836467747156
1/N Equal Weight,2021-08-27,1.774351152825025
1/N Equal Weight,2021-08-30,1.7796723981271367
1/N Equal Weight,2021-08-31,1.7799505869368295
1/N Equal Weight,2021-09-01,1.7842967200435842
1/N Equal Weight,2021-09-02,1.7958192598014195
1/N Equal Weight,2021-09-03,1.7908234460958672
1/N Equal Weight,2021-09-06,1.795492547028494
1/N Equal Weight,2021-09-07,1.7837505317888287
1/N Equal Weight,2021-09-08,1.7705858425491336
1/N Equal Weight,2021-09-09,1.7694383636248927
1/N Equal Weight,2021-09-10,1.76093920680607
1/N Equal Weight,2021-09-13,1.7616933179753167
1/N Equal Weight,2021-09-14,1.7576081792710796
1/N Equal Weight,2021-09-15,1.757311770727777
1/N Equal Weight,2021-09-16,1.7564408017667557
1/N Equal Weight,2021-09-17,1.7441874717715413
1/N Equal Weight,2021-09-20,1.7087675541939427
1/N Equal Weight,2021-09-21,1.7173746918397206
1/N Equal Weight,2021-09-22,1.7357093296412391
1/N Equal Weight,2021-09-23,1.7541212904273866
1/N Equal Weight,2021-09-24,1.7469046136844935
1/N Equal Weight,2021-09-27,1.7461517778445075
1/N Equal Weight,2021-09-28,1.7120774819732771
1/N Equal Weight,2021-09-29,1.7139444449243757
1/N Equal Weight,2021-09-30,1.6968327537257968
1/N Equal Weight,2021-10-01,1.706817722236853
1/N Equal Weight,2021-10-04,1.7002806903169108
1/N Equal Weight,2021-10-05,1.7127820415142174
1/N Equal Weight,2021-10-06,1.6995328495480493
1/N Equal Weight,2021-10-07,1.7201532537157351
1/N Equal Weight,2021-10-08,1.7176993795585531
1/N Equal Weight,2021-10-11,1.7148501159418454
1/N Equal Weight,2021-10-12,1.7171324604167497
1/N Equal Weight,2021-10-13,1.7257527215621336
1/N Equal Weight,2021-10-14,1.7535222449267411
1/N Equal Weight,2021-10-15,1.7627158698433179
1/N Equal Weight,2021-10-18,1.7601080346493372
1/N Equal Weight,2021-10-19,1.7735733590618252
1/N Equal Weight,2021-10-20,1.778357474148653
1/N Equal Weight,2021-10-21,1.7807887531928932
1/N Equal Weight,2021-10-22,1.78733482935208
1/N Equal Weight,2021-10-25,1.7868218144539443
1/N Equal Weight,2021-10-26,1.7930518615411686
1/N Equal Weight,2021-10-27,1.7798896365355794
1/N Equal Weight,2021-10-28,1.7897332455114865
1/N Equal Weight,2021-10-29,1.7903483410047425
1/N Equal Weight,2021-11-01,1.7984581334641363
1/N Equal Weight,2021-11-02,1.8025845908450862
1/N Equal Weight,2021-11-03,1.8085433506095994
1/N Equal Weight,2021-11-04,1.813989161662448
1/N Equal Weight,2021-11-05,1.817397298849102
1/N Equal Weight,2021-11-08,1.8239603906160093
1/N Equal Weight,2021-11-09,1.821807296380146
1/N Equal Weight,2021-11-10,1.8159522360489035
1/N Equal Weight,2021-11-11,1.8122164459945491
1/N Equal Weight,2021-11-12,1.817484695378047
1/N Equal Weight,2021-11-15,1.8224251154674451
1/N Equal Weight,2021-11-16,1.8189071761185314
1/N Equal Weight,2021-11-17,1.8093046178742358
1/N Equal Weight,2021-11-18,1.8051040320125225
1/N Equal Weight,2021-11-19,1.7899287215946869
1/N Equal Weight,2021-11-22,1.790554719682419
1/N Equal Weight,2021-11-23,1.7795080932821876
1/N Equal Weight,2021-11-24,1.7774277786737434
1/N Equal Weight,2021-11-25,1.7832894235802144
1/N Equal Weight,2021-11-26,1.733699168980215
1/N Equal Weight,2021-11-29,1.7456056636015287
1/N Equal Weight,2021-11-30,1.723329148186043
1/N Equal Weight,2021-12-01,1.7254119918325728
1/N Equal Weight,2021-12-02,1.7356117047186381
1/N Equal Weight,2021-12-03,1.7226097748633498
1/N Equal Weight,2021-12-06,1.7434511395433714
1/N Equal Weight,2021-12-07,1.7745778557385024
1/N Equal Weight,2021-12-08,1.7749509374100056
1/N Equal Weight,2021-12-09,1.7680283206719711
1/N Equal Weight,2021-12-10,1.7674979739575123
1/N Equal Weight,2021-12-13,1.7570891710899044
1/N Equal Weight,2021-12-14,1.7461451223828224
1/N Equal Weight,2021-12-15,1.7539244150608504
1/N Equal Weight,2021-12-16,1.7659490630646684
1/N Equal Weight,2021-12-17,1.7536748353806948
1/N Equal Weight,2021-12-20,1.7282668235530172
1/N Equal Weight,2021-12-21,1.7579410166536524
1/N Equal Weight,2021-12-22,1.7752987056108498
1/N Equal Weight,2021-12-23,1.79168708633208
1/N Equal Weight,2021-12-24,1.7919171782223215
1/N Equal Weight,2021-12-27,1.80851280886948
1/N Equal Weight,2021-12-28,1.8168762784358559
1/N Equal Weight,2021-12-29,1.819527287599944
1/N Equal Weight,2021-12-30,1.8208727420949662
1/N Equal Weight,2021-12-31,1.8196893274531922
1/N Equal Weight,2022-01-03,1.8279727794130523
1/N Equal Weight,2022-01-04,1.837801235984319
1/N Equal Weight,2022-01-05,1.8301178305742822
1/N Equal Weight,2022-01-06,1.8211313127000097
1/N Equal Weight,2022-01-07,1.8145882313545538
1/N Equal Weight,2022-01-10,1.7995380386329458
1/N Equal Weight,2022-01-11,1.8154390188696108
1/N Equal Weight,2022-01-12,1.8263505524671273
1/N Equal Weight,2022-01-13,1.8304072749452975
1/N Equal Weight,2022-01-14,1.8188874083705515
1/N Equal Weight,2022-01-17,1.8201726765977413
1/N Equal Weight,2022-01-18,1.7932185424290212
1/N Equal Weight,2022-01-19,1.7855255803511842
1/N Equal Weight,2022-01-20,1.777956783659981
1/N Equal Weight,2022-01-21,1.7474094197421108
1/N Equal Weight,2022-01-24,1.7130864515289426
1/N Equal Weight,2022-01-25,1.7080752826268488
1/N Equal Weight,2022-01-26,1.720751565795887
1/N Equal Weight,2022-01-27,1.7092315431996832
1/N Equal Weight,2022-01-28,1.7120640648364118
1/N Equal Weight,2022-01-31,1.7339852074423978
1/N Equal Weight,2022-02-01,1.7595213964621932
1/N Equal Weight,2022-02-02,1.7769728987025326
1/N Equal Weight,2022-02-03,1.7506277135338222
1/N Equal Weight,2022-02-04,1.7484308181105572
1/N Equal Weight,2022-02-07,1.751701174546716
1/N Equal Weight,2022-02-08,1.7575050106404406
1/N Equal Weight,2022-02-09,1.7900948956363414
1/N Equal Weight,2022-02-10,1.776892943521086
1/N Equal Weight,2022-02-11,1.7594233394334367
1/N Equal Weight,2022-02-14,1.7263429356009674
1/N Equal Weight,2022-02-15,1.7564264210838372
1/N Equal Weight,2022-02-16,1.7612845727044113
1/N Equal Weight,2022-02-17,1.7397631557532036
1/N Equal Weight,2022-02-18,1.7279135141582678
1/N Equal Weight,2022-02-21,1.7114744957988908
1/N Equal Weight,2022-02-22,1.7026959393765677
1/N Equal Weight,2022-02-23,1.6865124357996228
1/N Equal Weight,2022-02-24,1.6480303003913703
1/N Equal Weight,2022-02-25,1.7038950524736478
1/N Equal Weight,2022-02-28,1.7017644902244502
1/N Equal Weight,2022-03-01,1.6622063461575753
1/N Equal Weight,2022-03-02,1.6807937950023402
1/N Equal Weight,2022-03-03,1.6594092157514189
1/N Equal Weight,2022-03-04,1.6123322624159322
1/N Equal Weight,2022-03-07,1.5773737829392347
1/N Equal Weight,2022-03-08,1.570427085241174
1/N Equal Weight,2022-03-09,1.6324391906552282
1/N Equal Weight,2022-03-10,1.627673362065418
1/N Equal Weight,2022-03-11,1.624690362907506
1/N Equal Weight,2022-03-14,1.6312823976973378
1/N Equal Weight,2022-03-15,1.6408776399069935
1/N Equal Weight,2022-03-16,1.6831530683059848
1/N Equal Weight,2022-03-17,1.7022666879896782
1/N Equal Weight,2022-03-18,1.7116512621883906
1/N Equal Weight,2022-03-21,1.7163296407155368
1/N Equal Weight,2022-03-22,1.7285003976924538
1/N Equal Weight,2022-03-23,1.7060945298477184
1/N Equal Weight,2022-03-24,1.7128517343894287
1/N Equal Weight,2022-03-25,1.7231630792300656
1/N Equal Weight,2022-03-28,1.7240940539638596
1/N Equal Weight,2022-03-29,1.7612535131128029
1/N Equal Weight,2022-03-30,1.756232572621192
1/N Equal Weight,2022-03-31,1.734763406809859
1/N Equal Weight,2022-04-01,1.7397480036471422
1/N Equal Weight,2022-04-04,1.742104856354738
1/N Equal Weight,2022-04-05,1.7316092494157762
1/N Equal Weight,2022-04-06,1.7082279293923688
1/N Equal Weight,2022-04-07,1.7088077393766838
1/N Equal Weight,2022-04-08,1.7168528689349642
1/N Equal Weight,2022-04-11,1.7061423750866003
1/N Equal Weight,2022-04-12,1.6995482786177873
1/N Equal Weight,2022-04-13,1.7065921289493167
1/N Equal Weight,2022-04-14,1.7119010491921225
1/N Equal Weight,2022-04-15,1.7119010491921225
1/N Equal Weight,2022-04-18,1.7101258361880156
1/N Equal Weight,2022-04-19,1.7147792313714527
1/N Equal Weight,2022-04-20,1.7319980139955333
1/N Equal Weight,2022-04-21,1.7300344730103023
1/N Equal Weight,2022-04-22,1.6851146199453981
1/N Equal Weight,2022-04-25,1.6652057907167335
1/N Equal Weight,2022-04-26,1.632614783604931
1/N Equal Weight,2022-04-27,1.6291204755034476
1/N Equal Weight,2022-04-28,1.6411495040509227
1/N Equal Weight,2022-04-29,1.6280855396417127
1/N Equal Weight,2022-05-02,1.6161137591440145
1/N Equal Weight,2022-05-03,1.6295566555782064
1/N Equal Weight,2022-05-04,1.639712391337724
1/N Equal Weight,2022-05-05,1.6100955142781785
1/N Equal Weight,2022-05-06,1.5869064957093724
1/N Equal Weight,2022-05-09,1.5397620593797205
1/N Equal Weight,2022-05-10,1.5418275812256308
1/N Equal Weight,2022-05-11,1.5483842402732266
1/N Equal Weight,2022-05-12,1.5335297892501663
1/N Equal Weight,2022-05-13,1.5662180679865638
1/N Equal Weight,2022-05-16,1.5690427433965055
1/N Equal Weight,2022-05-17,1.6059006006449088
1/N Equal Weight,2022-05-18,1.5676456373228014
1/N Equal Weight,2022-05-19,1.5585977555587063
1/N Equal Weight,2022-05-20,1.5696791230900564
1/N Equal Weight,2022-05-23,1.5991734112241025
1/N Equal Weight,2022-05-24,1.588063431357023
1/N Equal Weight,2022-05-25,1.5969000169604959
1/N Equal Weight,2022-05-26,1.6235858413857123
1/N Equal Weight,2022-05-27,1.654154023250514
1/N Equal Weight,2022-05-30,1.6651805832839408
1/N Equal Weight,2022-05-31,1.6448632865695232
1/N Equal Weight,2022-06-01,1.6301541687552967
1/N Equal Weight,2022-06-02,1.6473066106185186
1/N Equal Weight,2022-06-03,1.639694914518431
1/N Equal Weight,2022-06-06,1.6499688423510561
1/N Equal Weight,2022-06-07,1.6488680937984261
1/N Equal Weight,2022-06-08,1.6390085770929315
1/N Equal Weight,2022-06-09,1.609934656567672
1/N Equal Weight,2022-06-10,1.5554669296373904
1/N Equal Weight,2022-06-13,1.4924578467785008
1/N Equal Weight,2022-06-14,1.4784152891120068
1/N Equal Weight,2022-06-15,1.4960992116182505
1/N Equal Weight,2022-06-16,1.448230591011696
1/N Equal Weight,2022-06-17,1.4612756707092585
1/N Equal Weight,2022-06-20,1.4710240608436898
1/N Equal Weight,2022-06-21,1.4863860479937085
1/N Equal Weight,2022-06-22,1.4756976328982492
1/N Equal Weight,2022-06-23,1.468155043637524
1/N Equal Weight,2022-06-24,1.5081124746574577
1/N Equal Weight,2022-06-27,1.518466180601065
1/N Equal Weight,2022-06-28,1.5119363822344178
1/N Equal Weight,2022-06-29,1.4949797646797225
1/N Equal Weight,2022-06-30,1.4690505705873373
1/N Equal Weight,2022-07-01,1.4804867770432906
1/N Equal Weight,2022-07-04,1.4847272306952322
1/N Equal Weight,2022-07-05,1.453539704315382
1/N Equal Weight,2022-07-06,1.4563732303615005
1/N Equal Weight,2022-07-07,1.4854602886162898
1/N Equal Weight,2022-07-08,1.4908886197630455
1/N Equal Weight,2022-07-11,1.4721772484001885
1/N Equal Weight,2022-07-12,1.4662738673102704
1/N Equal Weight,2022-07-13,1.4585763246298473
1/N Equal Weight,2022-07-14,1.4357943286454484
1/N Equal Weight,2022-07-15,1.465249938174959
1/N Equal Weight,2022-07-18,1.4776365251559387
1/N Equal Weight,2022-07-19,1.5181966471111923
1/N Equal Weight,2022-07-20,1.520091021012823
1/N Equal Weight,2022-07-21,1.5290798259526046
1/N Equal Weight,2022-07-22,1.5297867759881631
1/N Equal Weight,2022-07-25,1.535459879266648
1/N Equal Weight,2022-07-26,1.5145944674110958
1/N Equal Weight,2022-07-27,1.5363482970832292
1/N Equal Weight,2022-07-28,1.5562529731149182
1/N Equal Weight,2022-07-29,1.5850393162810172
1/N Equal Weight,2022-08-01,1.5859081116277034
1/N Equal Weight,2022-08-02,1.5744678600884292
1/N Equal Weight,2022-08-03,1.5869515043753295
1/N Equal Weight,2022-08-04,1.587925821916542
1/N Equal Weight,2022-08-05,1.5852791698247801
1/N Equal Weight,2022-08-08,1.5923360984230597
1/N Equal Weight,2022-08-09,1.5818334256112663
1/N Equal Weight,2022-08-10,1.6141073439925377
1/N Equal Weight,2022-08-11,1.6278126173759593
1/N Equal Weight,2022-08-12,1.6349148340813286
1/N Equal Weight,2022-08-15,1.6308051673483621
1/N Equal Weight,2022-08-16,1.6302000961243375
1/N Equal Weight,2022-08-17,1.6140233238852497
1/N Equal Weight,2022-08-18,1.6217251268782453
1/N Equal Weight,2022-08-19,1.5908943769069805
1/N Equal Weight,2022-08-22,1.5572559055720134
1/N Equal Weight,2022-08-23,1.5482153739663178
1/N Equal Weight,2022-08-24,1.555151585246263
1/N Equal Weight,2022-08-25,1.5701009946831939
1/N Equal Weight,2022-08-26,1.5334641883376583
1/N Equal Weight,2022-08-29,1.5199954176202983
1/N Equal Weight,2022-08-30,1.512450363895641
1/N Equal Weight,2022-08-31,1.499343421425085
1/N Equal Weight,2022-09-01,1.4806371710811101
1/N Equal Weight,2022-09-02,1.4923950126751715
1/N Equal Weight,2022-09-05,1.4781075452184935
1/N Equal Weight,2022-09-06,1.4811116023643087
1/N Equal Weight,2022-09-07,1.4912784735163376
1/N Equal Weight,2022-09-08,1.5104614503269131
1/N Equal Weight,2022-09-09,1.5387752319543835
1/N Equal Weight,2022-09-12,1.5694254075673746
1/N Equal Weight,2022-09-13,1.527080778888441
1/N Equal Weight,2022-09-14,1.5036959492992954
1/N Equal Weight,2022-09-15,1.494812095856416
1/N Equal Weight,2022-09-16,1.4727020952947931
1/N Equal Weight,2022-09-19,1.4793728358952587
1/N Equal Weight,2022-09-20,1.4570041259209885
1/N Equal Weight,2022-09-21,1.4447909660030704
1/N Equal Weight,2022-09-22,1.4189944024856915
1/N Equal Weight,2022-09-23,1.3793026811502331
1/N Equal Weight,2022-09-26,1.3568762665846186
1/N Equal Weight,2022-09-27,1.3523286765814926
1/N Equal Weight,2022-09-28,1.3607331186021647
1/N Equal Weight,2022-09-29,1.342540008895371
1/N Equal Weight,2022-09-30,1.3527671923939288
1/N Equal Weight,2022-10-03,1.3808048705767098
1/N Equal Weight,2022-10-04,1.4368681874126819
1/N Equal Weight,2022-10-05,1.4236000814119503
1/N Equal Weight,2022-10-06,1.4092915550438463
1/N Equal Weight,2022-10-07,1.3766791960346847
1/N Equal Weight,2022-10-10,1.3624048933550341
1/N Equal Weight,2022-10-11,1.3564926021532577
1/N Equal Weight,2022-10-12,1.3439944254971452
1/N Equal Weight,2022-10-13,1.3715873948933257
1/N Equal Weight,2022-10-14,1.3604666150081977
1/N Equal Weight,2022-10-17,1.3933483784091203
1/N Equal Weight,2022-10-18,1.4162263337773586
1/N Equal Weight,2022-10-19,1.3964792837217865
1/N Equal Weight,2022-10-20,1.396188015543318
1/N Equal Weight,2022-10-21,1.3985768766634232
1/N Equal Weight,2022-10-24,1.4282045466167288
1/N Equal Weight,2022-10-25,1.4558916450466481
1/N Equal Weight,2022-10-26,1.4789672848403437
1/N Equal Weight,2022-10-27,1.4803365851922257
1/N Equal Weight,2022-10-28,1.4875590594428059
1/N Equal Weight,2022-10-31,1.4840715510919735
1/N Equal Weight,2022-11-01,1.4959479851730773
1/N Equal Weight,2022-11-02,1.4722632809547669
1/N Equal Weight,2022-11-03,1.4474484631319884
1/N Equal Weight,2022-11-04,1.4839203384667459
1/N Equal Weight,2022-11-07,1.5064935222337328
1/N Equal Weight,2022-11-08,1.518369300284281
1/N Equal Weight,2022-11-09,1.5093977618554968
1/N Equal Weight,2022-11-10,1.5647859512179532
1/N Equal Weight,2022-11-11,1.6077541431457611
1/N Equal Weight,2022-11-14,1.6029372038520833
1/N Equal Weight,2022-11-15,1.6170709955712608
1/N Equal Weight,2022-11-16,1.5974085525231514
1/N Equal Weight,2022-11-17,1.5807073050959826
1/N Equal Weight,2022-11-18,1.5988237903532165
1/N Equal Weight,2022-11-21,1.5872817719669403
1/N Equal Weight,2022-11-22,1.6046664998932154
1/N Equal Weight,2022-11-23,1.616800878122969
1/N Equal Weight,2022-11-24,1.6324182437992047
1/N Equal Weight,2022-11-25,1.631598216818284
1/N Equal Weight,2022-11-28,1.6153072622994384
1/N Equal Weight,2022-11-29,1.6091276861823454
1/N Equal Weight,2022-11-30,1.6301724020685675
1/N Equal Weight,2022-12-01,1.647274483046811
1/N Equal Weight,2022-12-02,1.6564349058902095
1/N Equal Weight,2022-12-05,1.6422770151526942
1/N Equal Weight,2022-12-06,1.6206367316869854
1/N Equal Weight,2022-12-07,1.6136578907142276
1/N Equal Weight,2022-12-08,1.617634799007019
1/N Equal Weight,2022-12-09,1.6235900475694043
1/N Equal Weight,2022-12-12,1.6294628125920823
1/N Equal Weight,2022-12-13,1.6465963760890445
1/N Equal Weight,2022-12-14,1.6505281544362018
1/N Equal Weight,2022-12-15,1.6123762087045401
1/N Equal Weight,2022-12-16,1.5892572332369637
1/N Equal Weight,2022-12-19,1.58339999897195
1/N Equal Weight,2022-12-20,1.5812513442513463
1/N Equal Weight,2022-12-21,1.6109811395015632
1/N Equal Weight,2022-12-22,1.5951749615992328
1/N Equal Weight,2022-12-23,1.6021237963917634
1/N Equal Weight,2022-12-26,1.6021237963917634
1/N Equal Weight,2022-12-27,1.6021784656215246
1/N Equal Weight,2022-12-28,1.5929937717941784
1/N Equal Weight,2022-12-29,1.6120862512696152
1/N Equal Weight,2022-12-30,1.6001387027258205
1/N Equal Weight,2023-01-02,1.6105983746629278
1/N Equal Weight,2023-01-03,1.609029704805284
1/N Equal Weight,2023-01-04,1.6359309436698668
1/N Equal Weight,2023-01-05,1.629675822380885
1/N Equal Weight,2023-01-06,1.6456928055981843
1/N Equal Weight,2023-01-09,1.6749604184552498
1/N Equal Weight,2023-01-10,1.678283581143107
1/N Equal Weight,2023-01-11,1.6940990362472466
1/N Equal Weight,2023-01-12,1.7076113854214197
1/N Equal Weight,2023-01-13,1.7158982317394322
1/N Equal Weight,2023-01-16,1.7219986392855033
1/N Equal Weight,2023-01-17,1.723431299960999
1/N Equal Weight,2023-01-18,1.71739449261396
1/N Equal Weight,2023-01-19,1.6913975758014657
1/N Equal Weight,2023-01-20,1.7129576460865084
1/N Equal Weight,2023-01-23,1.7329038607453804
1/N Equal Weight,2023-01-24,1.7298703652814673
1/N Equal Weight,2023-01-25,1.7288785907964097
1/N Equal Weight,2023-01-26,1.7438762450438674
1/N Equal Weight,2023-01-27,1.746378207914707
1/N Equal Weight,2023-01-30,1.7370780236470982
1/N Equal Weight,2023-01-31,1.7397310074994345
1/N Equal Weight,2023-02-01,1.758334667247856
1/N Equal Weight,2023-02-02,1.796180235472349
1/N Equal Weight,2023-02-03,1.7847847096156813
1/N Equal Weight,2023-02-06,1.753485403866639
1/N Equal Weight,2023-02-07,1.7524014158205623
1/N Equal Weight,2023-02-08,1.7526242704714294
1/N Equal Weight,2023-02-09,1.754332124920233
1/N Equal Weight,2023-02-10,1.7370541254955194
1/N Equal Weight,2023-02-13,1.752935670521318
1/N Equal Weight,2023-02-14,1.760641138618768
1/N Equal Weight,2023-02-15,1.7641264487896473
1/N Equal Weight,2023-02-16,1.7589673405952673
1/N Equal Weight,2023-02-17,1.7475951014469318
1/N Equal Weight,2023-02-20,1.7529848222231001
1/N Equal Weight,2023-02-21,1.731799601689192
1/N Equal Weight,2023-02-22,1.7230940579227665
1/N Equal Weight,2023-02-23,1.7267052005236323
1/N Equal Weight,2023-02-24,1.7094893266673434
1/N Equal Weight,2023-02-27,1.7196547613636408
1/N Equal Weight,2023-02-28,1.7233090609008224
1/N Equal Weight,2023-03-01,1.7220590429455989
1/N Equal Weight,2023-03-02,1.7217280589981776
1/N Equal Weight,2023-03-03,1.7434227670497617
1/N Equal Weight,2023-03-06,1.7455243271186338
1/N Equal Weight,2023-03-07,1.7265617485782205
1/N Equal Weight,2023-03-08,1.7177641470115623
1/N Equal Weight,2023-03-09,1.6985873431102232
1/N Equal Weight,2023-03-10,1.6711360949563219
1/N Equal Weight,2023-03-13,1.6507679880382367
1/N Equal Weight,2023-03-14,1.6809360609497808
1/N Equal Weight,2023-03-15,1.6252444502643497
1/N Equal Weight,2023-03-16,1.6486682418335565
1/N Equal Weight,2023-03-17,1.6254360397814211
1/N Equal Weight,2023-03-20,1.6519722074212322
1/N Equal Weight,2023-03-21,1.6821367409785553
1/N Equal Weight,2023-03-22,1.6644342679110238
1/N Equal Weight,2023-03-23,1.6688245121565837
1/N Equal Weight,2023-03-24,1.6463894672773711
1/N Equal Weight,2023-03-27,1.6621949498539081
1/N Equal Weight,2023-03-28,1.667863406373203
1/N Equal Weight,2023-03-29,1.6927752763452708
1/N Equal Weight,2023-03-30,1.714806192550274
1/N Equal Weight,2023-03-31,1.7303694396460036
1/N Equal Weight,2023-04-03,1.7293055325222932
1/N Equal Weight,2023-04-04,1.7250834444753615
1/N Equal Weight,2023-04-05,1.7179227363165803
1/N Equal Weight,2023-04-06,1.7238901346467308
1/N Equal Weight,2023-04-07,1.7238901346467308
1/N Equal Weight,2023-04-10,1.7289883202602776
1/N Equal Weight,2023-04-11,1.7401282767548398
1/N Equal Weight,2023-04-12,1.7405336751842961
1/N Equal Weight,2023-04-13,1.7592353436097221
1/N Equal Weight,2023-04-14,1.7660580388703737
1/N Equal Weight,2023-04-17,1.7661164899325559
1/N Equal Weight,2023-04-18,1.7714352780068703
1/N Equal Weight,2023-04-19,1.7658079223025778
1/N Equal Weight,2023-04-20,1.7591571233863834
1/N Equal Weight,2023-04-21,1.7630188852122994
1/N Equal Weight,2023-04-24,1.768656407683456
1/N Equal Weight,2023-04-25,1.7507574687035241
1/N Equal Weight,2023-04-26,1.7411681254720692
1/N Equal Weight,2023-04-27,1.758464282610999
1/N Equal Weight,2023-04-28,1.7682893506084412
1/N Equal Weight,2023-05-01,1.7687061886566529
1/N Equal Weight,2023-05-02,1.7464182051365724
1/N Equal Weight,2023-05-03,1.751066877851509
1/N Equal Weight,2023-05-04,1.740887817494595
1/N Equal Weight,2023-05-05,1.7634924866772468
1/N Equal Weight,2023-05-08,1.7682595967480488
1/N Equal Weight,2023-05-09,1.754861103439323
1/N Equal Weight,2023-05-10,1.7533618664098116
1/N Equal Weight,2023-05-11,1.749280240425901
1/N Equal Weight,2023-05-12,1.748490941963462
1/N Equal Weight,2023-05-15,1.755262383057672
1/N Equal Weight,2023-05-16,1.7411743852619141
1/N Equal Weight,2023-05-17,1.7435369948190236
1/N Equal Weight,2023-05-18,1.751411461455803
1/N Equal Weight,2023-05-19,1.7547888597244248
1/N Equal Weight,2023-05-22,1.7599659736334583
1/N Equal Weight,2023-05-23,1.742165550662573
1/N Equal Weight,2023-05-24,1.7161998122190976
1/N Equal Weight,2023-05-25,1.709933051562024
1/N Equal Weight,2023-05-26,1.7255467503041981
1/N Equal Weight,2023-05-29,1.7212265031332274
1/N Equal Weight,2023-05-30,1.718685494190315
1/N Equal Weight,2023-05-31,1.696165714336314
1/N Equal Weight,2023-06-01,1.7133687309780152
1/N Equal Weight,2023-06-02,1.7535799144082334
1/N Equal Weight,2023-06-05,1.740264828102003
1/N Equal Weight,2023-06-06,1.7492918664537545
1/N Equal Weight,2023-06-07,1.7571568084871199
1/N Equal Weight,2023-06-08,1.7592391033907524
1/N Equal Weight,2023-06-09,1.762085126351585
1/N Equal Weight,2023-06-12,1.7702624469496249
1/N Equal Weight,2023-06-13,1.7832136033071742
1/N Equal Weight,2023-06-14,1.7899534281518037
1/N Equal Weight,2023-06-15,1.7962462297606743
1/N Equal Weight,2023-06-16,1.8131268238346345
1/N Equal Weight,2023-06-19,1.7977265134373785
1/N Equal Weight,2023-06-20,1.7847673475603067
1/N Equal Weight,2023-06-21,1.7769568461803689
1/N Equal Weight,2023-06-22,1.7738354988857996
1/N Equal Weight,2023-06-23,1.7538565624515403
1/N Equal Weight,2023-06-26,1.7603747227603936
1/N Equal Weight,2023-06-27,1.7736379476770743
1/N Equal Weight,2023-06-28,1.7792241297655942
1/N Equal Weight,2023-06-29,1.7875451484536433
1/N Equal Weight,2023-06-30,1.8006982100618063
1/N Equal Weight,2023-07-03,1.8072803978182326
1/N Equal Weight,2023-07-04,1.8100864223248756
1/N Equal Weight,2023-07-05,1.7962852870598325
1/N Equal Weight,2023-07-06,1.771118556088624
1/N Equal Weight,2023-07-07,1.7765679548160613
1/N Equal Weight,2023-07-10,1.7907352059216315
1/N Equal Weight,2023-07-11,1.8130032683137476
1/N Equal Weight,2023-07-12,1.8360252233674432
1/N Equal Weight,2023-07-13,1.8605757042527342
1/N Equal Weight,2023-07-14,1.8573777377354046
1/N Equal Weight,2023-07-17,1.8546036489189737
1/N Equal Weight,2023-07-18,1.8697970143053109
1/N Equal Weight,2023-07-19,1.8781717329005347
1/N Equal Weight,2023-07-20,1.8773103734513588
1/N Equal Weight,2023-07-21,1.872670352975009
1/N Equal Weight,2023-07-24,1.8739010599326411
1/N Equal Weight,2023-07-25,1.8764086847344228
1/N Equal Weight,2023-07-26,1.8779228920882387
1/N Equal Weight,2023-07-27,1.8861323440049542
1/N Equal Weight,2023-07-28,1.878739317776738
1/N Equal Weight,2023-07-31,1.8807396901105515
1/N Equal Weight,2023-08-01,1.8655694007533445
1/N Equal Weight,2023-08-02,1.847076843177296
1/N Equal Weight,2023-08-03,1.8347304476333963
1/N Equal Weight,2023-08-04,1.8380739849052097
1/N Equal Weight,2023-08-07,1.8487150286853637
1/N Equal Weight,2023-08-08,1.8325447935477042
1/N Equal Weight,2023-08-09,1.8377835509983769
1/N Equal Weight,2023-08-10,1.8502943067013895
1/N Equal Weight,2023-08-11,1.8374474442038862
1/N Equal Weight,2023-08-14,1.8321196806802877
1/N Equal Weight,2023-08-15,1.8131459799348209
1/N Equal Weight,2023-08-16,1.8047363938176395
1/N Equal Weight,2023-08-17,1.7874198478200911
1/N Equal Weight,2023-08-18,1.7784718185081099
1/N Equal Weight,2023-08-21,1.780926893589912
1/N Equal Weight,2023-08-22,1.7823560803309082
1/N Equal Weight,2023-08-23,1.7854878963676273
1/N Equal Weight,2023-08-24,1.7782832874234002
1/N Equal Weight,2023-08-25,1.7802441770457893
1/N Equal Weight,2023-08-28,1.7943509209269848
1/N Equal Weight,2023-08-29,1.8144359302249504
1/N Equal Weight,2023-08-30,1.8244975737560498
1/N Equal Weight,2023-08-31,1.8211109054799306
1/N Equal Weight,2023-09-01,1.8214745060872763
1/N Equal Weight,2023-09-04,1.8163182813692194
1/N Equal Weight,2023-09-05,1.7969478984693925
1/N Equal Weight,2023-09-06,1.7926308354112486
1/N Equal Weight,2023-09-07,1.7817346659647333
1/N Equal Weight,2023-09-08,1.7840135877542491
1/N Equal Weight,2023-09-11,1.7927234422224705
1/N Equal Weight,2023-09-12,1.7866581693646277
1/N Equal Weight,2023-09-13,1.7830083176396214
1/N Equal Weight,2023-09-14,1.8045462414673836
1/N Equal Weight,2023-09-15,1.7941642043862158
1/N Equal Weight,2023-09-18,1.7812005203364227
1/N Equal Weight,2023-09-19,1.7844204551399088
1/N Equal Weight,2023-09-20,1.789804565935302
1/N Equal Weight,2023-09-21,1.7583299738633968
1/N Equal Weight,2023-09-22,1.7535894411010078
1/N Equal Weight,2023-09-25,1.74666402311507
1/N Equal Weight,2023-09-26,1.7264153842296344
1/N Equal Weight,2023-09-27,1.717540818009529
1/N Equal Weight,2023-09-28,1.7273675180227914
1/N Equal Weight,2023-09-29,1.7377379279234209
1/N Equal Weight,2023-10-02,1.711557606045859
1/N Equal Weight,2023-10-03,1.6831753430901255
1/N Equal Weight,2023-10-04,1.6886689806509774
1/N Equal Weight,2023-10-05,1.6921167714061176
1/N Equal Weight,2023-10-06,1.7097077355020733
1/N Equal Weight,2023-10-09,1.7090892921557308
1/N Equal Weight,2023-10-10,1.7400326542409172
1/N Equal Weight,2023-10-11,1.7451759786116905
1/N Equal Weight,2023-10-12,1.7352847304635268
1/N Equal Weight,2023-10-13,1.711974349346749
1/N Equal Weight,2023-10-16,1.7277405708913922
1/N Equal Weight,2023-10-17,1.7327009538879727
1/N Equal Weight,2023-10-18,1.708703538519584
1/N Equal Weight,2023-10-19,1.6875335431674416
1/N Equal Weight,2023-10-20,1.6682620160173562
1/N Equal Weight,2023-10-23,1.6630310838005145
1/N Equal Weight,2023-10-24,1.6760808564146494
1/N Equal Weight,2023-10-25,1.6583665239373826
1/N Equal Weight,2023-10-26,1.652580439910024
1/N Equal Weight,2023-10-27,1.6437051873543091
1/N Equal Weight,2023-10-30,1.659334577651032
1/N Equal Weight,2023-10-31,1.6757368922648457
1/N Equal Weight,2023-11-01,1.6786701147671943
1/N Equal Weight,2023-11-02,1.7222491120279828
1/N Equal Weight,2023-11-03,1.7480318037864704
1/N Equal Weight,2023-11-06,1.744231231375603
1/N Equal Weight,2023-11-07,1.7359057016291028
1/N Equal Weight,2023-11-08,1.7364316497642567
1/N Equal Weight,2023-11-09,1.7432890848777822
1/N Equal Weight,2023-11-10,1.7421691315096166
1/N Equal Weight,2023-11-13,1.7467526132861695
1/N Equal Weight,2023-11-14,1.7951287318402325
1/N Equal Weight,2023-11-15,1.8185071384441074
1/N Equal Weight,2023-11-16,1.805489513823438
1/N Equal Weight,2023-11-17,1.8224836417304253
1/N Equal Weight,2023-11-20,1.8343207050954629
1/N Equal Weight,2023-11-21,1.830129666044988
1/N Equal Weight,2023-11-22,1.8357329332137116
1/N Equal Weight,2023-11-23,1.8365080705824848
1/N Equal Weight,2023-11-24,1.8435307139264163
1/N Equal Weight,2023-11-27,1.8446839326373832
1/N Equal Weight,2023-11-28,1.8413413967035102
1/N Equal Weight,2023-11-29,1.855164212668493
1/N Equal Weight,2023-11-30,1.8582265541117744
1/N Equal Weight,2023-12-01,1.8762014867421657
1/N Equal Weight,2023-12-04,1.8746195079274433
1/N Equal Weight,2023-12-05,1.86900475999751
1/N Equal Weight,2023-12-06,1.8730779782900033
1/N Equal Weight,2023-12-07,1.8744318251328007
1/N Equal Weight,2023-12-08,1.8854185481914125
1/N Equal Weight,2023-12-11,1.8922554156475226
1/N Equal Weight,2023-12-12,1.894904342059683
1/N Equal Weight,2023-12-13,1.9096486436087128
1/N Equal Weight,2023-12-14,1.9544982749227449
1/N Equal Weight,2023-12-15,1.9503099825447752
1/N Equal Weight,2023-12-18,1.9447643663310727
1/N Equal Weight,2023-12-19,1.9612262635884854
1/N Equal Weight,2023-12-20,1.9482886032967095
1/N Equal Weight,2023-12-21,1.9590733616112093
1/N Equal Weight,2023-12-22,1.9684056610542844
1/N Equal Weight,2023-12-25,1.9684056610542844
1/N Equal Weight,2023-12-26,1.9737524342425765
1/N Equal Weight,2023-12-27,1.9828481870780776
1/N Equal Weight,2023-12-28,1.9875550372454867
1/N Equal Weight,2023-12-29,1.9784016148950365
1/N Equal Weight,2024-01-01,1.9784016148950365
1/N Equal Weight,2024-01-02,1.9663770264894027
1/N Equal Weight,2024-01-03,1.9372041702906706
1/N Equal Weight,2024-01-04,1.948387082122537
1/N Equal Weight,2024-01-05,1.9431389126323506
1/N Equal Weight,2024-01-08,1.963023373707335
1/N Equal Weight,2024-01-09,1.9564822646543674
1/N Equal Weight,2024-01-10,1.95696331485257
1/N Equal Weight,2024-01-11,1.951488750595453
1/N Equal Weight,2024-01-12,1.9555091879668962
1/N Equal Weight,2024-01-15,1.9502350480022255
1/N Equal Weight,2024-01-16,1.9337691092813072
1/N Equal Weight,2024-01-17,1.9130517403112082
1/N Equal Weight,2024-01-18,1.923209462652538
1/N Equal Weight,2024-01-19,1.92916230721861
1/N Equal Weight,2024-01-22,1.9440675398001241
1/N Equal Weight,2024-01-23,1.9410610895539497
1/N Equal Weight,2024-01-24,1.9493562749026894
1/N Equal Weight,2024-01-25,1.9579225040460235
1/N Equal Weight,2024-01-26,1.965938118113699
1/N Equal Weight,2024-01-29,1.966165289548785
1/N Equal Weight,2024-01-30,1.971031824516513
1/N Equal Weight,2024-01-31,1.960295046010169
1/N Equal Weight,2024-02-01,1.9646041176674467
1/N Equal Weight,2024-02-02,1.9721621064365524
1/N Equal Weight,2024-02-05,1.94560029273423
1/N Equal Weight,2024-02-06,1.9564704834616504
1/N Equal Weight,2024-02-07,1.9617308983285917
1/N Equal Weight,2024-02-08,1.9625787387217384
1/N Equal Weight,2024-02-09,1.964803529134991
1/N Equal Weight,2024-02-12,1.9788177952484955
1/N Equal Weight,2024-02-13,1.9548819989105484
1/N Equal Weight,2024-02-14,1.9621785748398064
1/N Equal Weight,2024-02-15,1.9828875308214424
1/N Equal Weight,2024-02-16,1.9862967557411724
1/N Equal Weight,2024-02-19,1.9883521297215252
1/N Equal Weight,2024-02-20,1.9858233775517575
1/N Equal Weight,2024-02-21,1.9900189467678708
1/N Equal Weight,2024-02-22,2.013972465487498
1/N Equal Weight,2024-02-23,2.018339305850882
1/N Equal Weight,2024-02-26,2.0135433384917585
1/N Equal Weight,2024-02-27,2.018390574284424
1/N Equal Weight,2024-02-28,2.0103998512543053
1/N Equal Weight,2024-02-29,2.0185914888769494
1/N Equal Weight,2024-03-01,2.032211292663588
1/N Equal Weight,2024-03-04,2.0364993773326985
1/N Equal Weight,2024-03-05,2.0302451191376782
1/N Equal Weight,2024-03-06,2.0446073702960406
1/N Equal Weight,2024-03-07,2.0612141071693544
1/N Equal Weight,2024-03-08,2.065351620141868
1/N Equal Weight,2024-03-11,2.0615494114630075
1/N Equal Weight,2024-03-12,2.0745423342189646
1/N Equal Weight,2024-03-13,2.079405919579595
1/N Equal Weight,2024-03-14,2.0670310062614035
1/N Equal Weight,2024-03-15,2.0609678234666857
1/N Equal Weight,2024-03-18,2.061099203061202
1/N Equal Weight,2024-03-19,2.0655037028317205
1/N Equal Weight,2024-03-20,2.0747734964864866
1/N Equal Weight,2024-03-21,2.101771695616982
1/N Equal Weight,2024-03-22,2.0891301962293607
1/N Equal Weight,2024-03-25,2.0888188980941025
1/N Equal Weight,2024-03-26,2.0941277374159797
1/N Equal Weight,2024-03-27,2.1075816475494116
1/N Equal Weight,2024-03-28,2.1145408308315043
1/N Equal Weight,2024-03-29,2.1145408308315043
1/N Equal Weight,2024-04-01,2.109748709316642
1/N Equal Weight,2024-04-02,2.0864386210728982
1/N Equal Weight,2024-04-03,2.095085849213589
1/N Equal Weight,2024-04-04,2.096718683636698
1/N Equal Weight,2024-04-05,2.093186121354091
1/N Equal Weight,2024-04-08,2.1017703892863557
1/N Equal Weight,2024-04-09,2.1035986961543522
1/N Equal Weight,2024-04-10,2.088157371308282
1/N Equal Weight,2024-04-11,2.068034170295782
1/N Equal Weight,2024-04-12,2.0446455068604132
1/N Equal Weight,2024-04-15,2.037593739125417
1/N Equal Weight,2024-04-16,2.01345460478822
1/N Equal Weight,2024-04-17,2.013055417065175
1/N Equal Weight,2024-04-18,2.022354140435688
1/N Equal Weight,2024-04-19,2.020696106353633
1/N Equal Weight,2024-04-22,2.0336600062356736
1/N Equal Weight,2024-04-23,2.058401093849864
1/N Equal Weight,2024-04-24,2.0567011718684594
1/N Equal Weight,2024-04-25,2.0507424588124374
1/N Equal Weight,2024-04-26,2.0635171626936066
1/N Equal Weight,2024-04-29,2.078362521312416
1/N Equal Weight,2024-04-30,2.058112901132615
1/N Equal Weight,2024-05-01,2.054085536441588
1/N Equal Weight,2024-05-02,2.0602313936948593
1/N Equal Weight,2024-05-03,2.0795485023626257
1/N Equal Weight,2024-05-06,2.0986057252978196
1/N Equal Weight,2024-05-07,2.110476057680445
1/N Equal Weight,2024-05-08,2.1115008788074845
1/N Equal Weight,2024-05-09,2.123400657178693
1/N Equal Weight,2024-05-10,2.13894259352336
1/N Equal Weight,2024-05-13,2.1409715114505734
1/N Equal Weight,2024-05-14,2.1515783793056094
1/N Equal Weight,2024-05-15,2.17250923844519
1/N Equal Weight,2024-05-16,2.1755451760666618
1/N Equal Weight,2024-05-17,2.1728968020891624
1/N Equal Weight,2024-05-20,2.1789915876409003
1/N Equal Weight,2024-05-21,2.176521323104724
1/N Equal Weight,2024-05-22,2.1665975179106916
1/N Equal Weight,2024-05-23,2.15476377113857
1/N Equal Weight,2024-05-24,2.1590051724108283
1/N Equal Weight,2024-05-27,2.164831296449564
1/N Equal Weight,2024-05-28,2.1577876305281265
1/N Equal Weight,2024-05-29,2.1296069097237647
1/N Equal Weight,2024-05-30,2.1383789027478297
1/N Equal Weight,2024-05-31,2.1564651581048424
1/N Equal Weight,2024-06-03,2.156629979110332
1/N Equal Weight,2024-06-04,2.1478139261481797
1/N Equal Weight,2024-06-05,2.1604704213565076
1/N Equal Weight,2024-06-06,2.1618189854333063
1/N Equal Weight,2024-06-07,2.15682211716348
1/N Equal Weight,2024-06-10,2.1401971238831257
1/N Equal Weight,2024-06-11,2.1227224705004066
1/N Equal Weight,2024-06-12,2.146520338743597
1/N Equal Weight,2024-06-13,2.1292027681589376
1/N Equal Weight,2024-06-14,2.098207487702027
1/N Equal Weight,2024-06-17,2.1083470217213236
1/N Equal Weight,2024-06-18,2.1217637228771977
1/N Equal Weight,2024-06-19,2.1240930315853666
1/N Equal Weight,2024-06-20,2.1338372513502066
1/N Equal Weight,2024-06-21,2.1235162940177412
1/N Equal Weight,2024-06-24,2.1423244485043877
1/N Equal Weight,2024-06-25,2.1271059284338016
1/N Equal Weight,2024-06-26,2.1132660334703974
1/N Equal Weight,2024-06-27,2.112229763794177
1/N Equal Weight,2024-06-28,2.109605621819229
1/N Equal Weight,2024-07-01,2.1132779411838425
1/N Equal Weight,2024-07-02,2.110001760825341
1/N Equal Weight,2024-07-03,2.127244484512446
1/N Equal Weight,2024-07-04,2.1403305044750933
1/N Equal Weight,2024-07-05,2.142274563378651
1/N Equal Weight,2024-07-08,2.145034765607061
1/N Equal Weight,2024-07-09,2.131265059083655
1/N Equal Weight,2024-07-10,2.152156136430248
1/N Equal Weight,2024-07-11,2.1765465601660283
1/N Equal Weight,2024-07-12,2.196480787554622
1/N Equal Weight,2024-07-15,2.188609205662859
1/N Equal Weight,2024-07-16,2.203322522861587
1/N Equal Weight,2024-07-17,2.19952929620182
1/N Equal Weight,2024-07-18,2.1944363538323413
1/N Equal Weight,2024-07-19,2.1730128563144295
1/N Equal Weight,2024-07-22,2.1917947732048475
1/N Equal Weight,2024-07-23,2.183349616502897
1/N Equal Weight,2024-07-24,2.164846449254851
1/N Equal Weight,2024-07-25,2.1577886112051905
1/N Equal Weight,2024-07-26,2.1842630816579005
1/N Equal Weight,2024-07-29,2.1800490590949604
1/N Equal Weight,2024-07-30,2.1916341637016443
1/N Equal Weight,2024-07-31,2.203298577467473
1/N Equal Weight,2024-08-01,2.1736328335691333
1/N Equal Weight,2024-08-02,2.129962876247384
1/N Equal Weight,2024-08-05,2.0912796786439443
1/N Equal Weight,2024-08-06,2.096863975034043
1/N Equal Weight,2024-08-07,2.111970220499366
1/N Equal Weight,2024-08-08,2.1283193920484744
1/N Equal Weight,2024-08-09,2.1347554477174766
1/N Equal Weight,2024-08-12,2.134277662184516
1/N Equal Weight,2024-08-13,2.152458356925671
1/N Equal Weight,2024-08-14,2.1716424275118844
1/N Equal Weight,2024-08-15,2.1947586289950127
1/N Equal Weight,2024-08-16,2.2001932762616
1/N Equal Weight,2024-08-19,2.220870571922027
1/N Equal Weight,2024-08-20,2.2158704259935775
1/N Equal Weight,2024-08-21,2.2307755134218907
1/N Equal Weight,2024-08-22,2.233792843165001
1/N Equal Weight,2024-08-23,2.254995319635245
1/N Equal Weight,2024-08-26,2.2597722217123732
1/N Equal Weight,2024-08-27,2.261418257233035
1/N Equal Weight,2024-08-28,2.2567536343055115
1/N Equal Weight,2024-08-29,2.2635827018256647
1/N Equal Weight,2024-08-30,2.2761818217420813
1/N Equal Weight,2024-09-02,2.272029441977488
1/N Equal Weight,2024-09-03,2.242418316895825
1/N Equal Weight,2024-09-04,2.235946915728735
1/N Equal Weight,2024-09-05,2.234496519674454
1/N Equal Weight,2024-09-06,2.2115877343689774
1/N Equal Weight,2024-09-09,2.2242728411251225
1/N Equal Weight,2024-09-10,2.2198929412025046
1/N Equal Weight,2024-09-11,2.220141994783965
1/N Equal Weight,2024-09-12,2.2324742194005895
1/N Equal Weight,2024-09-13,2.2619720822179223
1/N Equal Weight,2024-09-16,2.274379833457507
1/N Equal Weight,2024-09-17,2.284849472099606
1/N Equal Weight,2024-09-18,2.2769870970721664
1/N Equal Weight,2024-09-19,2.3092786537961407
1/N Equal Weight,2024-09-20,2.2907515295504366
1/N Equal Weight,2024-09-23,2.295598374333471
1/N Equal Weight,2024-09-24,2.3041923788423384
1/N Equal Weight,2024-09-25,2.305004702740126
1/N Equal Weight,2024-09-26,2.325179745533359
1/N Equal Weight,2024-09-27,2.3371021574969095
1/N Equal Weight,2024-09-30,2.3303908669025097
1/N Equal Weight,2024-10-01,2.307428614338419
1/N Equal Weight,2024-10-02,2.3023329843861005
1/N Equal Weight,2024-10-03,2.2810799747051003
1/N Equal Weight,2024-10-04,2.2977023132205003
1/N Equal Weight,2024-10-07,2.281279367992948
1/N Equal Weight,2024-10-08,2.27894174014321
1/N Equal Weight,2024-10-09,2.292213368538166
1/N Equal Weight,2024-10-10,2.280589688616706
1/N Equal Weight,2024-10-11,2.299274471832295
1/N Equal Weight,2024-10-14,2.307896324333199
1/N Equal Weight,2024-10-15,2.301850857053855
1/N Equal Weight,2024-10-16,2.3109117910623582
1/N Equal Weight,2024-10-17,2.311630050364582
1/N Equal Weight,2024-10-18,2.3164827875756813
1/N Equal Weight,2024-10-21,2.2980710255732824
1/N Equal Weight,2024-10-22,2.2873922337949972
1/N Equal Weight,2024-10-23,2.274595015894741
1/N Equal Weight,2024-10-24,2.2779960692000363
1/N Equal Weight,2024-10-25,2.2753361495787097
1/N Equal Weight,2024-10-28,2.286978742336664
1/N Equal Weight,2024-10-29,2.271764193463837
1/N Equal Weight,2024-10-30,2.262646047827525
1/N Equal Weight,2024-10-31,2.2437970797263094
1/N Equal Weight,2024-11-01,2.2544164068007806
1/N Equal Weight,2024-11-04,2.255935835003268
1/N Equal Weight,2024-11-05,2.2712533892136872
1/N Equal Weight,2024-11-06,2.2700967933150724
1/N Equal Weight,2024-11-07,2.2948545791303046
1/N Equal Weight,2024-11-08,2.296721001201005
1/N Equal Weight,2024-11-11,2.3021855995168914
1/N Equal Weight,2024-11-12,2.2702596072010794
1/N Equal Weight,2024-11-13,2.26420546057667
1/N Equal Weight,2024-11-14,2.258508073377982
1/N Equal Weight,2024-11-15,2.250801526576199
1/N Equal Weight,2024-11-18,2.2534320079777905
1/N Equal Weight,2024-11-19,2.2493287585189585
1/N Equal Weight,2024-11-20,2.248696288285251
1/N Equal Weight,2024-11-21,2.2627530803019544
1/N Equal Weight,2024-11-22,2.272710842509489
1/N Equal Weight,2024-11-25,2.29612174933905
1/N Equal Weight,2024-11-26,2.2888654075479153
1/N Equal Weight,2024-11-27,2.28940586999247
1/N Equal Weight,2024-11-28,2.295908303341208
1/N Equal Weight,2024-11-29,2.3057091507027994
1/N Equal Weight,2024-12-02,2.301088131526153
1/N Equal Weight,2024-12-03,2.3013395082030814
1/N Equal Weight,2024-12-04,2.3085375841761713
1/N Equal Weight,2024-12-05,2.3160810398540246
1/N Equal Weight,2024-12-06,2.322375547514863
1/N Equal Weight,2024-12-09,2.312821867263582
1/N Equal Weight,2024-12-10,2.2994789640301327
1/N Equal Weight,2024-12-11,2.302917117466202
1/N Equal Weight,2024-12-12,2.2952946423656613
1/N Equal Weight,2024-12-13,2.288346162462188
1/N Equal Weight,2024-12-16,2.2787687357322124
1/N Equal Weight,2024-12-17,2.2616608839944576
1/N Equal Weight,2024-12-18,2.230260278807758
1/N Equal Weight,2024-12-19,2.2018483504031496
1/N Equal Weight,2024-12-20,2.2136595974706985
1/N Equal Weight,2024-12-23,2.215769736300809
1/N Equal Weight,2024-12-24,2.227865448614029
1/N Equal Weight,2024-12-25,2.227865448614029
1/N Equal Weight,2024-12-26,2.228930539876717
1/N Equal Weight,2024-12-27,2.2302926541676893
1/N Equal Weight,2024-12-30,2.2173208019179755
1/N Equal Weight,2024-12-31,2.216789969162129
1/N Equal Weight,2025-01-01,2.2167899691620856
1/N Equal Weight,2025-01-02,2.2154971217767065
1/N Equal Weight,2025-01-03,2.2182235893966653
1/N Equal Weight,2025-01-06,2.240770093201036
1/N Equal Weight,2025-01-07,2.23448547540298
1/N Equal Weight,2025-01-08,2.2147732476410615
1/N Equal Weight,2025-01-09,2.2188314375247153
1/N Equal Weight,2025-01-10,2.1920027236171604
1/N Equal Weight,2025-01-13,2.181543499895807
1/N Equal Weight,2025-01-14,2.196507143306896
1/N Equal Weight,2025-01-15,2.2328439554560617
1/N Equal Weight,2025-01-16,2.244990785797798
1/N Equal Weight,2025-01-17,2.264941993590826
1/N Equal Weight,2025-01-20,2.2697458114070375
1/N Equal Weight,2025-01-21,2.292624947671817
1/N Equal Weight,2025-01-22,2.301431224478017
1/N Equal Weight,2025-01-23,2.3064065590621645
1/N Equal Weight,2025-01-24,2.312274024470558
1/N Equal Weight,2025-01-27,2.3156119601402585
1/N Equal Weight,2025-01-28,2.3064962470201156
1/N Equal Weight,2025-01-29,2.304869104828746
1/N Equal Weight,2025-01-30,2.329908625990949
1/N Equal Weight,2025-01-31,2.321866398497787
1/N Equal Weight,2025-02-03,2.2884144161460473
1/N Equal Weight,2025-02-04,2.2998928992154863
1/N Equal Weight,2025-02-05,2.3231832389751883
1/N Equal Weight,2025-02-06,2.328029225123347
1/N Equal Weight,2025-02-07,2.3201274165323897
1/N Equal Weight,2025-02-10,2.3255643924712373
1/N Equal Weight,2025-02-11,2.326476161746934
1/N Equal Weight,2025-02-12,2.3287741784551406
1/N Equal Weight,2025-02-13,2.354652939508471
1/N Equal Weight,2025-02-14,2.3651556926725257
1/N Equal Weight,2025-02-17,2.3718087635226826
1/N Equal Weight,2025-02-18,2.3796404876770154
1/N Equal Weight,2025-02-19,2.365014763168218
1/N Equal Weight,2025-02-20,2.362260444448288
1/N Equal Weight,2025-02-21,2.3532296404155875
1/N Equal Weight,2025-02-24,2.354308186435184
1/N Equal Weight,2025-02-25,2.359437086198828
1/N Equal Weight,2025-02-26,2.3710326216362496
1/N Equal Weight,2025-02-27,2.3526022729866085
1/N Equal Weight,2025-02-28,2.354404671467852
1/N Equal Weight,2025-03-03,2.362678044822188
1/N Equal Weight,2025-03-04,2.3289622033123507
1/N Equal Weight,2025-03-05,2.379186379478098
1/N Equal Weight,2025-03-06,2.3873368607840395
1/N Equal Weight,2025-03-07,2.3961980708277224
1/N Equal Weight,2025-03-10,2.365465925005729
1/N Equal Weight,2025-03-11,2.3418293809032016
1/N Equal Weight,2025-03-12,2.346335470526796
1/N Equal Weight,2025-03-13,2.323840349215181
1/N Equal Weight,2025-03-14,2.368497223592608
1/N Equal Weight,2025-03-17,2.394779230201772
1/N Equal Weight,2025-03-18,2.400921239755242
1/N Equal Weight,2025-03-19,2.4068841156021685
1/N Equal Weight,2025-03-20,2.3882947233419727
1/N Equal Weight,2025-03-21,2.3748277080838314
1/N Equal Weight,2025-03-24,2.3903518521648803
1/N Equal Weight,2025-03-25,2.3973842836236896
1/N Equal Weight,2025-03-26,2.3832097833645727
1/N Equal Weight,2025-03-27,2.3750091936602846
1/N Equal Weight,2025-03-28,2.3516134510149254
1/N Equal Weight,2025-03-31,2.338616544114209
1/N Equal Weight,2025-04-01,2.348551819242737
1/N Equal Weight,2025-04-02,2.358693684541181
1/N Equal Weight,2025-04-03,2.3074287963382
1/N Equal Weight,2025-04-04,2.1775341810723603
1/N Equal Weight,2025-04-07,2.1105215330034817
1/N Equal Weight,2025-04-08,2.123082187488314
1/N Equal Weight,2025-04-09,2.1731642803515743
1/N Equal Weight,2025-04-10,2.1878393770410183
1/N Equal Weight,2025-04-11,2.2335418379269263
1/N Equal Weight,2025-04-14,2.281822049749515
1/N Equal Weight,2025-04-15,2.2989857782871668
1/N Equal Weight,2025-04-16,2.2856000210729133
1/N Equal Weight,2025-04-17,2.2930461758479
1/N Equal Weight,2025-04-18,2.2930461758479
1/N Equal Weight,2025-04-21,2.2722206310172797
1/N Equal Weight,2025-04-22,2.3185063576362426
1/N Equal Weight,2025-04-23,2.341682575262468
1/N Equal Weight,2025-04-24,2.363299400226306
1/N Equal Weight,2025-04-25,2.367473167184135
1/N Equal Weight,2025-04-28,2.376046266064016
1/N Equal Weight,2025-04-29,2.39160109779555
1/N Equal Weight,2025-04-30,2.4018162294755854
1/N Equal Weight,2025-05-01,2.4041399867667272
1/N Equal Weight,2025-05-02,2.4394418281879995
1/N Equal Weight,2025-05-05,2.4397721123624097
1/N Equal Weight,2025-05-06,2.4311977147077846
1/N Equal Weight,2025-05-07,2.4367571875451435
1/N Equal Weight,2025-05-08,2.447592773301599
1/N Equal Weight,2025-05-09,2.447594554353801
1/N Equal Weight,2025-05-12,2.4782742726321216
1/N Equal Weight,2025-05-13,2.490470387578049
1/N Equal Weight,2025-05-14,2.4962380123538996
1/N Equal Weight,2025-05-15,2.5072354669739587
1/N Equal Weight,2025-05-16,2.523382541175715
1/N Equal Weight,2025-05-19,2.5367425977463656
1/N Equal Weight,2025-05-20,2.542853201169344
1/N Equal Weight,2025-05-21,2.5270815954930606
1/N Equal Weight,2025-05-22,2.5127410955569993
1/N Equal Weight,2025-05-23,2.4991879761482254
1/N Equal Weight,2025-05-26,2.524121939251882
1/N Equal Weight,2025-05-27,2.5472511222905676
1/N Equal Weight,2025-05-28,2.5267122069364727
1/N Equal Weight,2025-05-29,2.5272488053415576
1/N Equal Weight,2025-05-30,2.5329089106610714
1/N Equal Weight,2025-06-02,2.543886582870028
1/N Equal Weight,2025-06-03,2.5467609117151535
1/N Equal Weight,2025-06-04,2.553724332500918
1/N Equal Weight,2025-06-05,2.5598201185002973
1/N Equal Weight,2025-06-06,2.568816102997062
1/N Equal Weight,2025-06-09,2.5699562268341896
1/N Equal Weight,2025-06-10,2.5795209790995055
1/N Equal Weight,2025-06-11,2.574251168046954
1/N Equal Weight,2025-06-12,2.590100734862464
1/N Equal Weight,2025-06-13,2.552069927443871
1/N Equal Weight,2025-06-16,2.5807369143045604
1/N Equal Weight,2025-06-17,2.5588949442081006
1/N Equal Weight,2025-06-18,2.5495234243757667
1/N Equal Weight,2025-06-19,2.5335902096553755
1/N Equal Weight,2025-06-20,2.542836088825342
1/N Equal Weight,2025-06-23,2.5412216353922443
1/N Equal Weight,2025-06-24,2.5871246542599646
1/N Equal Weight,2025-06-25,2.5724798627147867
1/N Equal Weight,2025-06-26,2.6014820066620015
1/N Equal Weight,2025-06-27,2.6242982266740236
1/N Equal Weight,2025-06-30,2.6285899963124133
1/N Equal Weight,2025-07-01,2.651335960947807
1/N Equal Weight,2025-07-02,2.6509163304229917
1/N Equal Weight,2025-07-03,2.6670377070367484
1/N Equal Weight,2025-07-04,2.6593704222424788
1/N Equal Weight,2025-07-07,2.64796557669972
1/N Equal Weight,2025-07-08,2.6539988422937215
1/N Equal Weight,2025-07-09,2.6642828224445836
1/N Equal Weight,2025-07-10,2.680753474598003
1/N Equal Weight,2025-07-11,2.658199810441966
1/N Equal Weight,2025-07-14,2.658556066514355
1/N Equal Weight,2025-07-15,2.6343815244708466
1/N Equal Weight,2025-07-16,2.624049709097205
1/N Equal Weight,2025-07-17,2.643632895273958
1/N Equal Weight,2025-07-18,2.658448190022678
1/N Equal Weight,2025-07-21,2.6598221920468488
1/N Equal Weight,2025-07-22,2.673258976532382
1/N Equal Weight,2025-07-23,2.7170638502556357
1/N Equal Weight,2025-07-24,2.725917413295294
1/N Equal Weight,2025-07-25,2.724427449474378
1/N Equal Weight,2025-07-28,2.702402662794382
1/N Equal Weight,2025-07-29,2.690038061299928
1/N Equal Weight,2025-07-30,2.681156901769715
1/N Equal Weight,2025-07-31,2.6524020504882615
1/N Equal Weight,2025-08-01,2.611359840197396
1/N Equal Weight,2025-08-04,2.655249158702308
1/N Equal Weight,2025-08-05,2.6529971278144133
1/N Equal Weight,2025-08-06,2.658941635257042
1/N Equal Weight,2025-08-07,2.676651625776279
1/N Equal Weight,2025-08-08,2.684732939384434
1/N Equal Weight,2025-08-11,2.6732614845774108
1/N Equal Weight,2025-08-12,2.6932326383397713
1/N Equal Weight,2025-08-13,2.724579384960154
1/N Equal Weight,2025-08-14,2.7179538027655856
1/N Equal Weight,2025-08-15,2.715494078551702
1/N Equal Weight,2025-08-18,2.7128630362377812
1/N Equal Weight,2025-08-19,2.730233388620518
1/N Equal Weight,2025-08-20,2.726873218325556
1/N Equal Weight,2025-08-21,2.721870770613881
1/N Equal Weight,2025-08-22,2.752968738205886
1/N Equal Weight,2025-08-25,2.747997012859522
1/N Equal Weight,2025-08-26,2.7332055268758184
1/N Equal Weight,2025-08-27,2.725217499022167
1/N Equal Weight,2025-08-28,2.733947694243327
1/N Equal Weight,2025-08-29,2.7199409101721934
1/N Equal Weight,2025-09-01,2.7284713860201775
1/N Equal Weight,2025-09-02,2.6868527779971885
1/N Equal Weight,2025-09-03,2.6945320099110757
1/N Equal Weight,2025-09-04,2.7128066016417134
1/N Equal Weight,2025-09-05,2.724594136148483
1/N Equal Weight,2025-09-08,2.7383926722997076
1/N Equal Weight,2025-09-09,2.73638076322113
1/N Equal Weight,2025-09-10,2.7298199301673414
1/N Equal Weight,2025-09-11,2.751919519340074
1/N Equal Weight,2025-09-12,2.74644252182234
1/N Equal Weight,2025-09-15,2.758837639667363
1/N Equal Weight,2025-09-16,2.745126853054795
1/N Equal Weight,2025-09-17,2.7496708739021627
1/N Equal Weight,2025-09-18,2.7623993697714266
1/N Equal Weight,2025-09-19,2.7442682735701607
1/N Equal Weight,2025-09-22,2.74830254430583
1/N Equal Weight,2025-09-23,2.7599733886977367
1/N Equal Weight,2025-09-24,2.749044719146547
1/N Equal Weight,2025-09-25,2.72475767876075
1/N Equal Weight,2025-09-26,2.7370763127445876
1/N Equal Weight,2025-09-29,2.754409627691204
1/N Equal Weight,2025-09-30,2.7651168523530307
1/N Equal Weight,2025-10-01,2.7779005923577875
1/N Equal Weight,2025-10-02,2.7914458009238907
1/N Equal Weight,2025-10-03,2.8021935003754392
1/N Equal Weight,2025-10-06,2.794111811033915
1/N Equal Weight,2025-10-07,2.7842229495292394
1/N Equal Weight,2025-10-08,2.791478900939929
1/N Equal Weight,2025-10-09,2.7780481232694303
1/N Equal Weight,2025-10-10,2.7260876260605884
1/N Equal Weight,2025-10-13,2.7475546361767145
1/N Equal Weight,2025-10-14,2.749710943511492
1/N Equal Weight,2025-10-15,2.7670389218042004
1/N Equal Weight,2025-10-16,2.7686340650473364
1/N Equal Weight,2025-10-17,2.765103436400287
1/N Equal Weight,2025-10-20,2.7869955526066135
1/N Equal Weight,2025-10-21,2.7930852009707343
1/N Equal Weight,2025-10-22,2.78797952532642
1/N Equal Weight,2025-10-23,2.8039726582090734
1/N Equal Weight,2025-10-24,2.816308135012301
1/N Equal Weight,2025-10-27,2.8266062712251334
1/N Equal Weight,2025-10-28,2.8102657845674437
1/N Equal Weight,2025-10-29,2.794220290998338
1/N Equal Weight,2025-10-30,2.773872300756731
1/N Equal Weight,2025-10-31,2.7690128337771616
1/N Equal Weight,2025-11-03,2.760324388297215
1/N Equal Weight,2025-11-04,2.7395539250265197
1/N Equal Weight,2025-11-05,2.7496102060285925
1/N Equal Weight,2025-11-06,2.737738683507823
1/N Equal Weight,2025-11-07,2.7437256417923517
1/N Equal Weight,2025-11-10,2.7712132580315925
1/N Equal Weight,2025-11-11,2.794211257787174
1/N Equal Weight,2025-11-12,2.8077135790138534
1/N Equal Weight,2025-11-13,2.7922029641785997
1/N Equal Weight,2025-11-14,2.775738306330449
1/N Equal Weight,2025-11-17,2.743825223991748
1/N Equal Weight,2025-11-18,2.7157964508604846
1/N Equal Weight,2025-11-19,2.7149720228822827
1/N Equal Weight,2025-11-20,2.6946225505246786
1/N Equal Weight,2025-11-21,2.7161193858376738
1/N Equal Weight,2025-11-24,2.733727023853
1/N Equal Weight,2025-11-25,2.7651026026131396
1/N Equal Weight,2025-11-26,2.791025982574559
1/N Equal Weight,2025-11-27,2.8005750181425992
1/N Equal Weight,2025-11-28,2.808523865947192
1/N Equal Weight,2025-12-01,2.8059693997156803
1/N Equal Weight,2025-12-02,2.7969070121253368
1/N Equal Weight,2025-12-03,2.814325928633016
1/N Equal Weight,2025-12-04,2.825321198223039
1/N Equal Weight,2025-12-05,2.8268608884783264
1/N Equal Weight,2025-12-08,2.816100589913964
1/N Equal Weight,2025-12-09,2.811643496050806
1/N Equal Weight,2025-12-10,2.826512525450796
1/N Equal Weight,2025-12-11,2.858218580234392
1/N Equal Weight,2025-12-12,2.8469267661752213
1/N Equal Weight,2025-12-15,2.86091660288547
1/N Equal Weight,2025-12-16,2.8512669458221716
1/N Equal Weight,2025-12-17,2.839904769559604
1/N Equal Weight,2025-12-18,2.857417600950739
1/N Equal Weight,2025-12-19,2.865718037619842
1/N Equal Weight,2025-12-22,2.8834804362336266
1/N Equal Weight,2025-12-23,2.887642751600568
1/N Equal Weight,2025-12-24,2.893163543577236
1/N Equal Weight,2025-12-25,2.893163543577236
1/N Equal Weight,2025-12-26,2.893345081744863
1/N Equal Weight,2025-12-29,2.892099405734145
1/N Equal Weight,2025-12-30,2.8995360865617354
1/N Equal Weight,2025-12-31,2.884753440659268
