,EUR,GBP,CHF,SEK,DKK,NOK,PLN
2014-12-31,1.2140931937935557,1.5587249629802822,1.0097338341613151,0.12925574541788382,0.16306829300110887,0.1342732460557234,0.28412319581770656
2015-01-02,1.2042969314514187,1.5439723320158103,1.0017430328772063,0.12716660096392285,0.16179397155661981,0.13318948868555294,0.2797281042826373
2015-01-05,1.191497474025355,1.5223017202009437,0.991571641051066,0.12557765722322686,0.16012553842212296,0.130826693878619,0.2772310166061379
2015-01-06,1.191398105677012,1.5192488833520708,0.9916699722332408,0.1264654180314393,0.16010502889895772,0.12978922230297996,0.27658691743880515
2015-01-07,1.183095925417633,1.5123330762367104,0.9850275807722615,0.12587641453620835,0.1589749296535936,0.12930087019485642,0.27445383686463937
2015-01-08,1.1768028619845603,1.5065913370998119,0.9798157946306095,0.12473960607232402,0.15817528985621868,0.13034920552159235,0.27430326969497476
2015-01-09,1.1812930433652675,1.5146925174189638,0.983574309039048,0.12450044197656902,0.15879065040650406,0.13037979634675811,0.2766557848724617
2015-01-12,1.180400627973134,1.5150826477584352,0.9828009828009827,0.1237179725098665,0.15867474850052363,0.12932428063368898,0.27602197134891937
2015-01-13,1.1782032400589102,1.516921256617569,0.9809691975671964,0.12459351366167878,0.15836566632354107,0.12925908691381005,0.27512587008556416
2015-01-14,1.177495702140687,1.518764333338396,0.9803921568627451,0.12393263022221122,0.15829547433238883,0.13002379435436684,0.2747101807592989
2015-01-15,1.1707956727391935,1.5260651935050666,1.1389132489778253,0.1237485923597619,0.15748031496062992,0.13134391089629086,0.2722273642946589
2015-01-16,1.1588022619820155,1.517358582180141,1.144151668745209,0.12316484382697804,0.15586520776832197,0.1317037193130334,0.2683699210992432
2015-01-19,1.160496692584426,1.5142337976983646,1.1467363882390715,0.12335779929686054,0.15609634266269143,0.13139050572205652,0.2688605689089638
2015-01-20,1.1579032687609276,1.5161622900115228,1.1479079377833898,0.1227927994302414,0.15573413069208247,0.13155644429242366,0.26756568737625086
2015-01-21,1.1592993194912995,1.511281718025057,1.159648858325699,0.12301787449716445,0.15591381084536468,0.13136461562713467,0.26924423144234133
2015-01-22,1.1618045147723444,1.5198954311943338,1.1684563523129594,0.12306480592680105,0.15604275571506593,0.13155990580310745,0.2702045448404442
2015-01-23,1.1197957492553359,1.498464074323818,1.1407841750419239,0.11998608161453271,0.1504505995456392,0.1286305986468061,0.2648585655260091
2015-01-26,1.124404065845102,1.5012986233091625,1.1228259282963362,0.1200927115733346,0.15102774379653544,0.1287316074715825,0.2667164537380311
2015-01-27,1.1305950321654286,1.513019533082172,1.111704019921736,0.12145355616012438,0.15179343948754534,0.12828736369467608,0.2672796279467579
2015-01-28,1.134404210908431,1.5194104687381296,1.1075914316726845,0.12211652358680652,0.1523902409289709,0.12898232942086935,0.2677662935789643
2015-01-29,1.1315033153047138,1.5132026935007943,1.0909170248510898,0.12134744199592272,0.15200109440787973,0.1282445880783831,0.26734393797620637
2015-01-30,1.1305055620873654,1.5051173991571343,1.0799602574625253,0.12076419583121996,0.1518672073139247,0.12797870434359723,0.2686871943683164
2015-02-02,1.1310042186457356,1.5027876711299462,1.0751994494978818,0.12074086595349062,0.15193412136497614,0.12966468711910997,0.27076056643110497
2015-02-03,1.1376046596286857,1.5088645794039985,1.0807539339443195,0.12086929194768777,0.15282107708295128,0.13171239281904035,0.27332859563767564
2015-02-04,1.1445969301910333,1.5228812914033352,1.0796104765400645,0.12140342357654486,0.15376099391106465,0.1326224768573778,0.27509559571951253
2015-02-05,1.1410054540060701,1.5249946625186812,1.077737183010551,0.12064035902570847,0.15324496207187188,0.1321056316630778,0.273920070123538
2015-02-06,1.1447017479595691,1.531792350229003,1.0866730418151787,0.12104925494183583,0.15377281604158016,0.13354700854700854,0.27483853236223715
2015-02-09,1.1274974067559644,1.5205656504219571,1.0812213476342876,0.11907880635404511,0.1514646632940535,0.13088319983246952,0.2695926455126304
2015-02-10,1.1297009681537296,1.5225103150073842,1.080333607017847,0.11984372378418541,0.151758885482745,0.13187392852433075,0.2689256420599704
2015-02-11,1.1314009005951169,1.529753709652746,1.0811278325549214,0.11961722488038279,0.1519872330724219,0.1315270288044193,0.26823314825246103
2015-02-12,1.132797897527102,1.5357916237924838,1.072823241642707,0.11763460339493466,0.15216531239538636,0.12957396081683425,0.2702556618561159
2015-02-13,1.1380966471672775,1.5377754540282027,1.0761135084528715,0.11869154441437592,0.1528888345284144,0.13151837969356217,0.2724795640326976
2015-02-16,1.140797189075726,1.5372553842369832,1.073594932631918,0.1190348653120499,0.1532520076012996,0.13259785721862735,0.27270991845973436
2015-02-17,1.141500388110132,1.5355086372360844,1.0737447923377572,0.1198609612849095,0.15334600993682143,0.1331575653470752,0.2726132708140232
2015-02-18,1.1372036163074999,1.5425909357356618,1.062112328999915,0.11909156950779454,0.15276738110878565,0.13303710404831906,0.2713483298510298
2015-02-19,1.1387057470479054,1.543162248078763,1.0547410610695074,0.11896972220569865,0.15296367112810708,0.13171759747102213,0.2731046537032991
2015-02-20,1.1298030753239712,1.537562655678219,1.0541184407480024,0.11866055960319909,0.15142337976983647,0.13147860843040837,0.27021184608733245
2015-02-23,1.1298030753239712,1.5367356660980744,1.0532302571988288,0.11811116622965535,0.151372952680815,0.13075655744135567,0.2706359945872801
2015-02-24,1.132797897527102,1.5424719655720256,1.0532746308272418,0.11899237258891705,0.15186028853454822,0.13133873573332983,0.2719016803523846
2015-02-25,1.1345972746973463,1.54829919333612,1.05318588730911,0.11954429713930496,0.15198954311943338,0.13143367856579571,0.2726430012541578
2015-02-26,1.1316953928680555,1.5500511516880056,1.0532302571988288,0.12020675561966582,0.1515427047341941,0.1321457832280572,0.27247213972371326
2015-02-27,1.1239996403201151,1.5443776930086022,1.0567920021981274,0.11996592967597204,0.1505502612047032,0.13109424365176126,0.27068727499120265
2015-03-02,1.1226998686441154,1.5392193079669991,1.0469011725293131,0.12015764683264443,0.15043023045911308,0.1304172046376358,0.27011696064395885
2015-03-03,1.1167943534877487,1.5349194167306217,1.0402363416968337,0.12039054693425472,0.14983967155143996,0.12971682816411773,0.26857894878199445
2015-03-04,1.1123965471211177,1.532449620718719,1.0402147003141449,0.12041664157986633,0.14916467780429596,0.1291305639131726,0.266588467382901
2015-03-05,1.106904872595249,1.5265544140320881,1.0347789194838524,0.12013310748309126,0.1484935331066332,0.12952193453961428,0.26738682852482687
2015-03-06,1.096298894930714,1.5184184153785416,1.0245796661919446,0.11930184559955144,0.14712589562888964,0.12834169693391687,0.2662335933548095
2015-03-09,1.0860003692401254,1.511281718025057,1.0158059404331397,0.11821728336682824,0.145764095388024,0.12659509823779622,0.26371308016877637
2015-03-10,1.0738024418267527,1.5064551603621519,1.0032706623592913,0.11690983913206136,0.144102601051949,0.12428999341263035,0.25957170668397145
2015-03-11,1.0577980875010577,1.5035106974786125,0.9927529038022436,0.1159823706796567,0.14181379848259235,0.1221896383186706,0.2557217747091165
2015-03-12,1.0613007301749025,1.4966923099949114,0.9978048293753742,0.11644561407594584,0.14231229008937213,0.12353609724761576,0.256535235114543
2015-03-13,1.0572053832898116,1.4780873549626783,0.9928514694201747,0.11551879490793153,0.1417253645885004,0.12256704417316273,0.25450473378804844
2015-03-16,1.0556986613740975,1.4804287321608338,0.9945300845350571,0.11533626287441036,0.1414027149321267,0.12154064927014839,0.25573485410326574
2015-03-17,1.0635016856501718,1.4771921531552825,0.9976057462090983,0.11588828369451849,0.14253338844624353,0.12096871748965717,0.2569307057886488
2015-03-18,1.0591986103314233,1.4650082772967667,0.996710854181202,0.11349578363163808,0.14200107920820199,0.11901078237688335,0.25544089097782774
2015-03-19,1.067703050427615,1.4864362690449648,1.0077394388906804,0.11505758632195413,0.1432993236271925,0.12364148913809518,0.2585983966899405
2015-03-20,1.0775978189420146,1.4853102813177674,1.0212314008231125,0.11586411456643647,0.14461315979754158,0.12368430817182223,0.2610966057441253
2015-03-23,1.091202723641998,1.4911129667183585,1.0332393085562548,0.11758066033298843,0.1463614542474094,0.12647981382171405,0.2647603918453799
2015-03-24,1.0950024090052997,1.491024035307449,1.0437541750167,0.11788282447247435,0.1467760637595221,0.1274226226124186,0.2662194180443522
2015-03-25,1.0985027407643382,1.4915132893834084,1.0444955086693126,0.11808466670602821,0.1470782897736465,0.12783636944710772,0.2688605689089638
2015-03-26,1.0972973566106679,1.4886712120761008,1.0452488214819537,0.11767336228098044,0.14693781591630423,0.1275851950139706,0.2691934962851298
2015-03-27,1.08559952233621,1.4875418371141689,1.0362694300518136,0.1165080215772856,0.1453826471272389,0.1255760802682305,0.2649217156330304
2015-03-30,1.0845045982994967,1.4799467219180111,1.0388962765957448,0.1163534818779452,0.14520110352838683,0.1253101426029423,0.26491469746741547
2015-03-31,1.075905105169724,1.4793118241394103,1.0282882086191119,0.11581178269077096,0.14403618188889047,0.1236170344273441,0.2633519435373433
2015-04-01,1.0755001075500108,1.4763198299279556,1.0315552758894586,0.11621825788831426,0.14395946101577797,0.12405562654294185,0.2648515507058294
2015-04-02,1.0830012129613587,1.4803191568102083,1.0413412475268145,0.1158976855232201,0.14496535328056595,0.125194050778707,0.2664393051262922
2015-04-07,1.0847045807074442,1.4887376993047594,1.0391877708383128,0.11571395510298543,0.14518002322880372,0.124249841581452,0.2673153519206608
2015-04-08,1.0862009037191518,1.4953271028037385,1.0406260406260406,0.11605370965682918,0.1453741931732279,0.12518778167250877,0.2703945055836465
2015-04-09,1.0774004481985864,1.4823818912228168,1.0312999535915022,0.11532695190866106,0.1441981859868203,0.12438275060014678,0.26823314825246103
2015-04-10,1.0570042385869969,1.4591297750021888,1.0173250455252958,0.11325284830913497,0.141468728337601,0.12272197336933177,0.2630609775345925
2015-04-13,1.0551973746689318,1.4625014625014625,1.0172526041666667,0.11308635273895146,0.14123096912691016,0.1234445980643887,0.2629088232201073
2015-04-14,1.0564012634559112,1.463764509565701,1.0212731190702329,0.11330546019012656,0.14143671414225706,0.12454540925621482,0.2634074386260668
2015-04-15,1.057898801400658,1.4758622725327273,1.0249997437500642,0.11361183380860951,0.1416751671766973,0.12571658453183143,0.26330340451302037
2015-04-16,1.0710995908399563,1.4899132870466938,1.0371830109422808,0.1156617587527036,0.14350702466885754,0.1279312241738841,0.265717170643567
2015-04-17,1.0813967320190758,1.5021555932763515,1.0502105672187274,0.1163778556216323,0.1449443413729128,0.1287846591713995,0.269092083310909
2015-04-20,1.0723055641935726,1.4902463377196251,1.0427854885971406,0.11527909067853273,0.14373391976772598,0.12701961182806626,0.26880997822639174
2015-04-21,1.0699993580003853,1.4888041924726059,1.0436997067203824,0.11522330276075032,0.14341235354013396,0.12700347989534913,0.2696362606843368
2015-04-22,1.0742984830905418,1.5069545954580388,1.0406910188365075,0.11553481063844537,0.14397189668576693,0.1272410326882213,0.2684275514038761
2015-04-23,1.0772031497420098,1.5023812743197968,1.0374627810227308,0.1148527587632655,0.14439390657714243,0.12649101281353958,0.26806058169146224
2015-04-24,1.0824033684392826,1.5119443604475356,1.0470107842110774,0.11537485289706255,0.1450810277540006,0.12771718306981023,0.2697162584960622
2015-04-27,1.0822042335829618,1.5110305228165608,1.0438849221261848,0.11566711005725522,0.14505156583165316,0.1283071159126485,0.27029949183695534
2015-04-28,1.0927051007474102,1.5282574808203686,1.0442446456355796,0.11648223645894,0.14646006034154485,0.1302066379344019,0.2730748225013654
2015-04-29,1.1001947344680008,1.5363815142576205,1.048712705154423,0.11865492773914901,0.14744260796484968,0.131211210685841,0.27422804804475404
2015-04-30,1.1215037121772873,1.543281324752689,1.06951871657754,0.12025445843404645,0.150271992306074,0.13375958052995546,0.2786369082448661
2015-05-04,1.1152001784320285,1.5113502403046881,1.0691185117870317,0.1194771679132118,0.14939867035183385,0.1317731393632722,0.2754972725770015
2015-05-05,1.111704019921736,1.5125160704832488,1.0714094391171587,0.11917388661796427,0.14892698110116612,0.13160145814415625,0.2766634389265459
2015-05-06,1.123002459375386,1.5225103150073842,1.0825088224469028,0.12066656208897952,0.15043928270550005,0.13348461589801774,0.2774002052761519
2015-05-07,1.1305055620873654,1.5225566771723078,1.0930156301235108,0.1216234295374661,0.15146695748322503,0.13575520621215822,0.27940765576976806
2015-05-08,1.122095176112838,1.5413545423718362,1.0804970286331712,0.1207277468580604,0.15033750770479726,0.13387776959635853,0.27583924089040907
2015-05-11,1.1142061281337048,1.548371113588505,1.071042231195176,0.12020675561966582,0.1493005270308604,0.1322576378785875,0.273972602739726
2015-05-12,1.1238985793921956,1.5688243230523047,1.081092768570471,0.12065928231858876,0.150595605620228,0.13388493928318004,0.27393507738665934
2015-05-13,1.122095176112838,1.5641129915225076,1.0779114387961886,0.12031088332250535,0.1503555909726503,0.13427144314947095,0.27453671928620454
2015-05-14,1.1419044682721844,1.579180089697429,1.0994568683070562,0.12159976652844828,0.15297537096527458,0.13541144768378718,0.2796889858477373
2015-05-15,1.132797897527102,1.5709438230488877,1.0826729028625872,0.12016197834681148,0.15174506828528073,0.13526857575716586,0.2801748290933543
2015-05-18,1.1389002778916677,1.5665632734906163,1.0865313572949715,0.12137100689387319,0.15258556235409004,0.1358824888236653,0.28041052100274805
2015-05-19,1.1180054782268434,1.5488027754545737,1.0729383489624686,0.12004369590530954,0.14988683543924336,0.13382043973396499,0.2761439262143429
2015-05-20,1.111802899581962,1.5534463206623894,1.0660639851603892,0.11964298533177,0.14903795996840397,0.13239596986667726,0.2734855736359907
2015-05-21,1.1133006022956258,1.5682584489923939,1.0710995908399563,0.12020964562196472,0.14928269664263216,0.13201668690922533,0.2718056046315675
2015-05-22,1.1163953825886976,1.564015139666552,1.0717079810093346,0.12072337445976289,0.14971852916516948,0.13269110836882822,0.27227183620126333
2015-05-25,1.0978032956054935,1.5461925009663702,1.0607828577490188,0.11877754154244514,0.14725371815638344,0.13084552377463168,0.26726534103057514
2015-05-26,1.0925976509150506,1.539740707664829,1.0555537962992283,0.11894142134998513,0.1465609473699638,0.13056023396393926,0.26397064646411317
2015-05-27,1.086295298513948,1.5364995467326337,1.0514915407505545,0.11717422635717048,0.1456855232295567,0.12893077706579337,0.2628051825181993
2015-05-28,1.0895976116020354,1.5294729436236274,1.0533633893020415,0.11764567475676757,0.14606216405702266,0.128323580741197,0.26389402016150315
2015-05-29,1.0969964237916585,1.525739220652406,1.0608278700698024,0.11761246692149369,0.1470566609314569,0.1285148820233383,0.26563247091324443
2015-06-01,1.0944032219230853,1.5215836642777805,1.0593332556488946,0.11675559551191492,0.14672653109135192,0.12569920181006852,0.2647603918453799
2015-06-02,1.1029006286533585,1.5227189669874528,1.0614021121902033,0.11756683674669048,0.14786118791678374,0.12712780157892728,0.26712255582861416
2015-06-03,1.113399766186049,1.5304560759106214,1.0678056593699947,0.11858598076535391,0.14925595904416483,0.12776450446536944,0.2698399848889608
2015-06-04,1.1316953928680555,1.5388876919762398,1.0726046057641772,0.12117246476910586,0.15170363178494492,0.1295303230486257,0.2714440825190011
2015-06-05,1.121805658387741,1.5331309600466072,1.070629423037804,0.12008550087662415,0.15036915627866412,0.12735446568433922,0.27069460234962917
2015-06-08,1.1161960040183057,1.5252737866447028,1.0660980810234542,0.11915258680265949,0.14961996528816804,0.12645262452422198,0.2686366689053056
2015-06-09,1.124897353116528,1.5296367112810707,1.074922068150059,0.12026458208057728,0.15078407720144754,0.1281492682676782,0.2700367249945993
2015-06-10,1.1279043537108053,1.548467017652524,1.0756273596575203,0.12048192771084336,0.15116243915711824,0.12965796229546456,0.27178344295265533
2015-06-11,1.1232042771618873,1.5458339774308238,1.0673725557168474,0.12135038710773487,0.1505343971097396,0.1278396379581453,0.27127471990885166
2015-06-12,1.1219944573473808,1.5486588614260053,1.0717309526616439,0.12190364735712891,0.15037593984962405,0.12903891813771035,0.27037988373665
2015-06-15,1.121805658387741,1.5507241881958875,1.0671561356142019,0.12222697549349142,0.15038046257030288,0.1287647596605761,0.2698399848889608
2015-06-16,1.1215037121772873,1.5615484314246006,1.0716620406588577,0.12197650732468927,0.15038950882786417,0.1285677552069941,0.2705774121976297
2015-06-17,1.1279043537108053,1.5730938035835078,1.0792259791277696,0.12235109871286645,0.15124474424513748,0.12927913951804737,0.27128943870215133
2015-06-18,1.1403938920503143,1.591191165706648,1.09014400802346,0.12374093597643972,0.1528584530724549,0.1291355665177303,0.27369515833264907
2015-06-19,1.12990520095364,1.5838322404890872,1.0813499572866767,0.1225790634959549,0.1514394317992519,0.12802621976980885,0.27076789775804183
2015-06-22,1.1344942991661469,1.5825038375718061,1.0872046880266149,0.12297702789118992,0.15204731712508932,0.12977574750830564,0.2725538293813028
2015-06-23,1.1203979653572949,1.577809684595844,1.0722595725973343,0.12168855032429998,0.15013662432813862,0.12840596830940704,0.2687016337059329
2015-06-24,1.1213025049897962,1.575299306868305,1.0731225720601807,0.12172410015458962,0.15026973417284026,0.12787069715104085,0.26908484245082476
2015-06-25,1.1205988480243843,1.5725495746253402,1.0665301508073632,0.12144028174145363,0.1502178158329578,0.12792958755500972,0.26855731012998174
2015-06-26,1.120197154699227,1.5726484973343606,1.0722710701265281,0.12091898428053205,0.1501456412720339,0.12768782879615914,0.2682691275887971
2015-06-29,1.1133006022956258,1.5713387806411063,1.0729613733905579,0.12042534230903551,0.14922700411866532,0.12641745572228613,0.26574541589157585
2015-06-30,1.1189061573405839,1.572821642025794,1.0745178101327029,0.12142111270307682,0.14997900293958846,0.1272782812340902,0.2669727954721414
2015-07-01,1.11000111000111,1.5654842042643788,1.0614922457991445,0.12005234282147015,0.14877852828279822,0.12695188523549575,0.2649076796736337
2015-07-02,1.1065986477364524,1.557923599426684,1.053208071786662,0.11837821840781297,0.14833053977483424,0.1258209819069428,0.2639358108108108
2015-07-03,1.1095946650688504,1.5623779392234982,1.0601980449948052,0.11838802860254771,0.1487254231238288,0.12537927229870358,0.26447330142022163
2015-07-06,1.100800281804872,1.554798886763997,1.0562227362506205,0.11748258320703955,0.14754049986721354,0.12355288681320038,0.26206137477397207
2015-07-07,1.093099264344195,1.5445923820703717,1.052775642982724,0.11717422635717048,0.14650082772967668,0.12168558877572129,0.2605795288722118
2015-07-08,1.102402134250532,1.536877372554444,1.0536186532646374,0.11736813689819486,0.14773230905599055,0.12154360376785173,0.2610012006055228
2015-07-09,1.1053998784060135,1.540404818386272,1.0523657181343662,0.11806375442739078,0.14813278622957618,0.12257004878287941,0.26236389872753507
2015-07-10,1.1185056764163077,1.5517589187343857,1.0689013831583898,0.11886225053785168,0.1498778495526146,0.12566760917373548,0.2678667095253402
2015-07-13,1.1048991227100966,1.5529155990371923,1.0544963725324785,0.11768721093078816,0.14806260086764683,0.12409719292149612,0.2664393051262922
2015-07-14,1.1030952853707503,1.557171553590059,1.0584362662602271,0.1172511637177999,0.14781966001478197,0.12266928361138373,0.2658089896600303
2015-07-15,1.1008972312434635,1.5626709171315614,1.054607580519289,0.11765536390804057,0.14751655873371786,0.12313602837054094,0.2666240068255746
2015-07-16,1.0866966594944687,1.5566625155666252,1.044201029582215,0.11711796121053125,0.14563672375626238,0.12267981794315017,0.2645082791091361
2015-07-17,1.0888976000696895,1.5593569212056948,1.043906716495814,0.11654060857505798,0.14592362357542063,0.12261663907792288,0.2652449537147556
2015-07-20,1.0851989712313752,1.5567352149072964,1.0391661730627344,0.11613457674753505,0.14543973704495541,0.12199436386038964,0.2635740643120717
2015-07-21,1.0866966594944687,1.5553067064825183,1.0408968367145133,0.11599716966906007,0.1456346027816209,0.12187541894675263,0.26415891800507185
2015-07-22,1.090203431960404,1.5614509001764438,1.040074053272593,0.11618180128264707,0.14610911428654919,0.1225084837124971,0.2645572634196672
2015-07-23,1.0999043083251756,1.5614752818462885,1.0458281913447258,0.11661127631041922,0.14741217919424504,0.12271594939194248,0.26678049301035106
2015-07-24,1.0939004113065547,1.547460617127294,1.0406152117131648,0.11604832252149794,0.14660606949127694,0.12160568141743582,0.26495681203963756
2015-07-27,1.105803255484784,1.5515663061860947,1.0436997067203824,0.1169782186556863,0.1482008417807813,0.12229573554770146,0.26784518548279096
2015-07-28,1.1024993660628646,1.5585306173339775,1.034340091021928,0.11662079582031068,0.14775850350187653,0.12220755731534437,0.26749411512946714
2015-07-29,1.102997948423816,1.563868384836732,1.0384108160870604,0.11639140100329388,0.14782840079236023,0.12258958233729299,0.2664748048072055
2015-07-30,1.0954942322228673,1.5627686008532717,1.030279927056181,0.11566443434308385,0.14683209749651274,0.12249797878335009,0.2644453259288642
2015-07-31,1.0966956559885066,1.5575838758917167,1.0380550999647062,0.1159030586817186,0.1469810100535011,0.12183532737152464,0.26467630088401883
2015-08-03,1.0950983398309169,1.558190629041557,1.0333033675356749,0.1154374502175996,0.14676744698025976,0.12167078319483143,0.26389402016150315
2015-08-04,1.0972973566106679,1.5614265192680032,1.0312999535915022,0.11617775196049956,0.14705882352941177,0.1219021613253203,0.2644243481939817
2015-08-05,1.0883050736782536,1.5629640049389664,1.0211062665291577,0.11482901958983073,0.14585126088415035,0.12098335269066977,0.2610012006055228
2015-08-06,1.088494611951671,1.5519034095317907,1.016053647632595,0.11414091837782926,0.14588317675205695,0.12059671253361634,0.26011861408802417
2015-08-07,1.0941038742218188,1.5516866834248828,1.0189006062458608,0.11427396039264533,0.14662326617987742,0.12101556260135052,0.2614174051708363
2015-08-10,1.095998509442027,1.5500031000062002,1.0148163182463974,0.11421653170079837,0.14687954408589515,0.12142701022415425,0.2611511542881019
2015-08-11,1.1054976397625391,1.559673092519808,1.0180500269783257,0.11533227227642838,0.14814375870344582,0.12170484141859164,0.263386625227171
2015-08-12,1.1154987394864244,1.5603545125452503,1.0267889230010987,0.11642256735045522,0.14948353438868708,0.12290598920885415,0.26629740093736687
2015-08-13,1.1109012742037614,1.5633305193383986,1.0239606799098915,0.11753091062949556,0.14885160983016033,0.12241999853096003,0.2652449537147556
2015-08-14,1.1170937688509575,1.5634771732332708,1.027221366204417,0.11845253606879724,0.149678191887442,0.12225387239140799,0.266851683834125
2015-08-17,1.11000111000111,1.562280304332203,1.023887290487063,0.1175226231049477,0.14872763508187456,0.12119889951399242,0.26613439787092485
2015-08-18,1.1059989382410194,1.5705737305837824,1.0242648339154572,0.1173075569528189,0.14819205690574985,0.12080212611741965,0.2656959906475011
2015-08-19,1.1040939804796184,1.56631789988096,1.026588645929576,0.11670790345922226,0.14793774779572755,0.12042969314514188,0.26457826224997355
2015-08-20,1.1183055434405789,1.5666859891271991,1.0381520892810796,0.11769829219778022,0.14985089835613563,0.12112696528501174,0.26687304849083293
2015-08-21,1.1280952112358285,1.5672507287715889,1.0479324293169576,0.1183558012095963,0.15116015418335726,0.12163526449588266,0.2683555173894375
2015-08-24,1.149702801825728,1.5745056052399546,1.066814598290963,0.12097603464753633,0.15404760070861895,0.1227129376250138,0.2709733362237156
2015-08-25,1.1506023403251602,1.5783326493891852,1.0620220900594732,0.12028917517712581,0.15416396879721272,0.12255352525215386,0.27238307956309754
2015-08-26,1.1401988506795584,1.558919357101657,1.057898801400658,0.11808606112134523,0.15276504735716467,0.11999616012287606,0.26948366928964107
2015-08-27,1.1284007176628563,1.5432098765432098,1.0476250340478135,0.1179092334720732,0.15120586678763134,0.1200105609293618,0.26640381490262943
2015-08-28,1.1267986523488118,1.539124545958259,1.042655016734613,0.1186690084017658,0.1509844184080203,0.12064181445288938,0.2657242313926607
2015-08-31,1.1215037121772873,1.5415208644849008,1.0360225024087524,0.11801220246173455,0.15027650877614812,0.11983797905232127,0.2651957144372547
2015-09-01,1.1235955056179776,1.5332955120440361,1.0379689024516825,0.1183305920079518,0.1505479947007106,0.1200941538165922,0.26515352389033253
2015-09-02,1.1255050704003422,1.5273471507338903,1.0357005996706472,0.11851430467657448,0.15080681646810434,0.1210023837469598,0.26570305027101715
2015-09-03,1.1229015776767166,1.5287948510189417,1.029897937114432,0.11957574525583231,0.15049361907055142,0.12109322967752872,0.2652730986550654
2015-09-04,1.1137965984651883,1.5226262257141117,1.0275908133381289,0.11830399394283551,0.149293840136156,0.12084884226809106,0.26342825531466507
2015-09-07,1.1146035355224146,1.5261117724262125,1.025294003055376,0.11832639151836426,0.14938304801171162,0.12030798845043311,0.26351155498168594
2015-09-08,1.1161960040183057,1.5408557913064918,1.022160438302396,0.11850728227249564,0.14959534459287627,0.12100384792236392,0.2640752086194148
2015-09-09,1.113895850737956,1.5361927000122897,1.0225785340314135,0.11846937566639022,0.149293840136156,0.12107563594977783,0.26478843404120106
2015-09-10,1.1185056764163077,1.5394562640475382,1.0239816502488275,0.1189881249851265,0.14991155218421132,0.12189473170969552,0.2655196219000584
2015-09-11,1.1267986523488118,1.5423054381689751,1.0214817614431495,0.12024433649175124,0.15103002476892408,0.12154064927014839,0.2677734636497523
2015-09-14,1.1305055620873654,1.5414495791842648,1.02969644548787,0.12110349504686704,0.15153351921445024,0.1221239802647648,0.2685428862989419
2015-09-15,1.1320028526471886,1.540974512281567,1.031810724640672,0.12135922330097088,0.15172434720599615,0.12229274437147646,0.2694546238413451
2015-09-16,1.1228007141012541,1.545165178157545,1.0260409185118302,0.1204064923180658,0.1504890895410083,0.12153474070563071,0.2675227394328518
2015-09-17,1.131196126784462,1.552457540286273,1.0330578512396695,0.12122093728028706,0.15159784124674064,0.12273703590058299,0.26909932456069535
2015-09-18,1.1419044682721844,1.5646758773919984,1.046364406868336,0.12245897624295861,0.15304560759106214,0.12362314719808136,0.2716874507566496
2015-09-21,1.124998593751758,1.5532291634307727,1.0315446349363537,0.12057926277838737,0.15078862450616726,0.12201073694485115,0.2687160745955823
2015-09-22,1.1154987394864244,1.5443776930086022,1.0271686097272867,0.11941724385001193,0.14952600257184723,0.12105951285652025,0.2657877950244525
2015-09-23,1.1150012265013491,1.5280239594156837,1.024632157055617,0.11887214112500595,0.1494656602645542,0.12071025916492643,0.26525198938992045
2015-09-24,1.1241007194244605,1.521722589971848,1.0286372613561554,0.11921508786151976,0.15065913370998116,0.11878882909851157,0.26574541589157585
2015-09-25,1.1151006935926313,1.5176579502511724,1.020970738978621,0.11873241276135972,0.14948353438868708,0.11721817819507449,0.26413100898045433
2015-09-28,1.1169939458928133,1.5193181300232455,1.0209290454313424,0.11816699359534895,0.1497387059581031,0.11657321380693143,0.2637965600928564
2015-09-29,1.1203979653572949,1.5158864904195972,1.0277914816642,0.11860848525103485,0.1501726986033939,0.11766367016519981,0.26452227277536766
2015-09-30,1.1202975510295534,1.5169902912621358,1.0263884469716409,0.11907597046915933,0.15017720910674595,0.11762353411670608,0.26392187912377935
2015-10-01,1.1152996810242912,1.5139128591758257,1.0229341844145747,0.11895981537436653,0.1494947078873408,0.11793982710021347,0.2626740215392698
2015-10-02,1.1159966966497779,1.516714190377965,1.0217009277044424,0.119470030942738,0.1496020585243253,0.11856629634460107,0.2628880885407082
2015-10-05,1.1235955056179776,1.5179574364734811,1.0272424703126926,0.12015475933001707,0.15060694599234917,0.11969740496026046,0.2646973186161624
2015-10-06,1.1223974409338346,1.5169672790157918,1.0263357760124803,0.12053130197912398,0.15043249341857842,0.11970313622216903,0.2641728747292228
2015-10-07,1.126595540934849,1.5311121999020088,1.0352824250455523,0.12123857326446981,0.15098897780462026,0.12169003115264798,0.26633286281194235
2015-10-08,1.1254037385912197,1.5278371936686428,1.029177172850306,0.12128415665061672,0.15083638777018568,0.12208074420421666,0.2659220848291451
2015-10-09,1.1361957892584051,1.533954073415042,1.040571898315314,0.12258958233729299,0.15230668474039327,0.12364148913809518,0.269432843863667
2015-10-12,1.1372941497588938,1.536688436419516,1.0407235109848367,0.12226732527999216,0.1524459960059149,0.12418657791465898,0.269207990093146
2015-10-13,1.1373976342129208,1.5205887719725077,1.042524577516915,0.1228818245493309,0.15245064410397136,0.12270992600591461,0.26831231553528306
2015-10-14,1.1410054540060701,1.5381539076800026,1.0466929735500685,0.12306329145079314,0.15292390506483974,0.12348423106369316,0.26924423144234133
2015-10-15,1.1439029970258523,1.5464316090620893,1.0520557168707654,0.12263919548687761,0.15331309600466073,0.12410797393732549,0.2704822698872089
2015-10-16,1.1360021811241878,1.544306143249838,1.0509721492380453,0.12142258702963926,0.15228581000822342,0.12347203358439313,0.2680318421828513
2015-10-19,1.133298578843582,1.5488507527414659,1.0460579306882016,0.12064035902570847,0.15193412136497614,0.12338519624415463,0.26749411512946714
2015-10-20,1.1372941497588938,1.5469339768578676,1.0508175360430414,0.12068695012008351,0.1524599411504627,0.12314512653161751,0.2678164921395859
2015-10-21,1.1353959693443088,1.544974198930878,1.0451068099159735,0.12050660978754686,0.15220700152207,0.12258056607705414,0.26554782516331193
2015-10-22,1.1312985044233772,1.5467664846638103,1.0392201691850436,0.12008694294669342,0.1516576177621402,0.12198692300185421,0.2640194318301827
2015-10-23,1.108401684770561,1.540404818386272,1.0269576379974326,0.11781615966445957,0.148583994532109,0.11979491111217595,0.26062027625749284
2015-10-26,1.101103305512123,1.5327079884740358,1.0173664452199038,0.11737089201877934,0.14759494044544152,0.11934740837102722,0.2580045924817462
2015-10-27,1.1060968055924254,1.5332720024532351,1.0166321011752268,0.11758895604524822,0.1482711582942886,0.11813488641330672,0.25771867429513945
2015-10-28,1.1084999778300004,1.529379377848469,1.017066373751551,0.11873664212776062,0.14859503395396526,0.11767474699929396,0.2581777812201482
2015-10-29,1.093003683422413,1.525041176111755,1.0072826535854225,0.11680605522590291,0.1465609473699638,0.11668611435239207,0.2559770644550248
2015-10-30,1.1016977161806343,1.5339776039269826,1.0107339950271887,0.11736951444231876,0.1477235796377818,0.11728967029873678,0.25835120262484823
2015-11-02,1.1032048099729714,1.5468382625912633,1.013499817570033,0.11755854415498919,0.14791148976452492,0.11815303180679616,0.2593831867818328
2015-11-03,1.097598454581376,1.5390771693292702,1.009845998485231,0.1168470005374962,0.14715620631300125,0.11750329009212257,0.2580179064427071
2015-11-04,1.0935056698268981,1.5414495791842648,1.0112859512155656,0.11674877997524925,0.1465931746217896,0.1172346686362091,0.25803787996077826
2015-11-05,1.0883050736782536,1.5272305201747152,1.0046111652484906,0.11588022619820154,0.14590020426028597,0.11693991627101996,0.2567262271513658
2015-11-06,1.086401512270905,1.5138211874413396,1.0031398276605776,0.11577289987959617,0.14563036101766497,0.1171769723813876,0.25535609407318505
2015-11-09,1.0775978189420146,1.5090239633005371,0.9964129135113591,0.11540148175502574,0.14445022245334257,0.11602677898058872,0.2527805864509606
2015-11-10,1.0710995908399563,1.5119900813450664,0.9950248756218907,0.1150456731322335,0.14357707935505176,0.11546410798203378,0.25242963523917705
2015-11-11,1.0716046207591248,1.5178422354780443,0.9937394415184339,0.11486727086851144,0.14363894913744812,0.1161872008179579,0.25384576331421027
2015-11-12,1.0726046057641772,1.5183953597837805,0.9960159362549801,0.11532163203173651,0.14377731769036117,0.11503640902345592,0.25374914359664036
2015-11-13,1.0764030914296787,1.522371245451916,0.998003992015968,0.1152604887044721,0.14427724315043788,0.1153455753437298,0.2536912070627632
2015-11-16,1.0723055641935726,1.5192719648744322,0.9937394415184339,0.1150456731322335,0.14372152517282513,0.1152392366552964,0.2528508938279097
2015-11-17,1.0669967243200564,1.5205887719725077,0.9874592673052237,0.11443218748569599,0.1430042329252946,0.11551345731777753,0.2512057877813505
2015-11-18,1.066598404368787,1.5217689041742122,0.9841551028442083,0.11466443453234111,0.14296130037598823,0.11551479166907322,0.25072710861498343
2015-11-19,1.0686957636899928,1.5271605503886623,0.9810654370646521,0.11480397221743872,0.14325210938731073,0.1154654411934508,0.25145845906256287
2015-11-20,1.0687985635347306,1.5246691467951454,0.9856100926473488,0.11517685405940822,0.14326647564469913,0.11612918210217045,0.25200977797938556
2015-11-23,1.0630946685802372,1.5133171912832928,0.9800078400627206,0.11493460221134175,0.14249479893983868,0.11586277213268605,0.25071453642882213
2015-11-24,1.0650988411724607,1.5082046332046333,0.9832841691248771,0.11499407780499304,0.1427653651224213,0.11565908328610587,0.24998125140614452
2015-11-25,1.0586043360433603,1.508523155830442,0.9783778495254868,0.11417480162128218,0.14189227538452806,0.1153030163269071,0.24847807181016277
2015-11-26,1.061199367525177,1.5099581741585757,0.9764671418806757,0.11440731291544155,0.14224751066856328,0.11543611765249111,0.24838549428713363
2015-11-27,1.057999534480205,1.5051853635775245,0.9706853038245001,0.11447803738852701,0.14181379848259235,0.1151436993367723,0.2481759070829404
2015-11-30,1.057898801400658,1.5009831439592933,0.9703085581214826,0.1149015867909136,0.141801732817175,0.11507082609346052,0.24762895277715874
2015-12-01,1.0599957600169598,1.506545942118505,0.971722864639005,0.11506950197919542,0.14208783870188552,0.11519808310389715,0.24836698706007998
2015-12-02,1.061199367525177,1.5033298756746194,0.9753242953281965,0.11518216058696829,0.14226774790155072,0.11609817261476303,0.24836081859725812
2015-12-03,1.0670991975414035,1.4983069131880975,0.9844457570387871,0.115675137942602,0.1430737974647323,0.11631829337799957,0.24897918534010557
2015-12-04,1.090203431960404,1.5139586992066856,1.0018333550397227,0.11757513050839485,0.14613260072189505,0.11786615119869877,0.2527678074920378
2015-12-07,1.0809057990596118,1.5060694599234916,0.9981036031540074,0.11724978895037988,0.14487924315083378,0.11589499913078749,0.2505951635133442
2015-12-08,1.087500271875068,1.4956625785222855,1.0050857338130943,0.11790367269940458,0.145764095388024,0.11366607181422417,0.2508214402167097
2015-12-09,1.0941038742218188,1.5088873464707124,1.0102540789008436,0.11816978634902628,0.14664476771468793,0.11472099853157124,0.2520733029164881
2015-12-10,1.0942954378823195,1.5125160704832488,1.0126787377972213,0.1179704366085859,0.14667057788207685,0.11595816229504396,0.25220680958385877
2015-12-11,1.0950024090052997,1.5157716035347792,1.01210477308611,0.11773293461112812,0.14676529294352472,0.11479738261967627,0.2519780275160006
2015-12-14,1.098297638660077,1.5128135306042176,1.0196798205363515,0.11730205278592375,0.14720602955897075,0.11477103179157581,0.2515659983396644
2015-12-15,1.0989977140847547,1.5154500128813253,1.0146824551256683,0.11832079132945242,0.1472905896042302,0.11575145846837669,0.25242963523917705
2015-12-16,1.0933024293179978,1.501163401636268,1.010070401907013,0.11757098348127683,0.14652229336693576,0.11441516687452088,0.25315814789499
2015-12-17,1.084104854621539,1.492025125703117,1.003149890656662,0.11654196676223107,0.14529815180750902,0.11398349518989652,0.25235956190380054
2015-12-18,1.0835997182640733,1.4912019087384432,1.0063196876383689,0.11694401889815345,0.1452285170716122,0.11406280297932042,0.2531389226407452
2015-12-21,1.087003782773164,1.4893363517216727,1.0061070699143804,0.11697000888972066,0.14569189078935865,0.11372036163074999,0.25635767022149303
2015-12-22,1.0951942874665965,1.487630353609735,1.0123916740908723,0.118246638839291,0.14678037252858547,0.11476444597463706,0.2584446799162639
2015-12-23,1.0915958039057299,1.4892254538414569,1.0096216947509769,0.11853678196344326,0.14629293697700274,0.11457903661946009,0.25703637064644647
2015-12-24,1.0947027334727255,1.4910018041121829,1.013048058999919,0.11911852293031568,0.14668778970838467,0.11508671784189387,0.25811114265802854
2015-12-28,1.096202753661317,1.4907128588891208,1.0114393793807968,0.11933031825395878,0.1468817014776299,0.11492931846914146,0.25820444628056494
2015-12-29,1.0951942874665965,1.479902918368555,1.0097746183051943,0.11960577935125827,0.14675237005077632,0.11514502515918801,0.2585181738276201
2015-12-30,1.0925976509150506,1.4805164041217576,1.0103561505430665,0.11891879035806448,0.14641288433382138,0.11362345188046813,0.2576854691163965
2015-12-31,1.088696068718496,1.4833494029518652,1.0048029581399087,0.11847218273149465,0.1458874332564993,0.11337097249620207,0.25533001404315075
2016-01-04,1.0897994768962511,1.4764942121426885,1.0006404098623118,0.11884953648680771,0.1460472316747236,0.11296243998870377,0.2537105163009007
2016-01-05,1.0745986374089278,1.467329899781368,0.9906875371507826,0.11650666418119117,0.1440382565609426,0.11207746794584417,0.24942009827151873
2016-01-06,1.0741946225817194,1.4626939897903959,0.9903931860948796,0.1163440059568131,0.14398848092152627,0.11163455312688382,0.24765961662291347
2016-01-07,1.086802951756817,1.457917219460279,0.9994003597841296,0.11713716762328685,0.14569189078935865,0.1120699316373417,0.24976896370856955
2016-01-08,1.0860947291822791,1.4574709963271733,1.0000900081007291,0.11723879197148752,0.14559431599790343,0.11218937566612441,0.24954458113942057
2016-01-11,1.0888027524933583,1.4574709963271733,1.0023053021950485,0.11742877944526645,0.14594492038704593,0.11251378293840995,0.24946365314573665
2016-01-12,1.0835997182640733,1.4432513566562752,0.9982032341784787,0.11716736185968035,0.1452306262344603,0.11242018167101357,0.24871291068719378
2016-01-13,1.081595569784546,1.441753171856978,0.9899029895070284,0.11698095550044452,0.1449590490686381,0.11315289218792432,0.2488862341023918
2016-01-14,1.0893008866909217,1.4389110321308833,0.9948269001193791,0.11731856683638753,0.14597261553732518,0.11338511253472419,0.24909702329057168
2016-01-15,1.0914051841746248,1.433219153540768,0.9966115208291807,0.11675968521588866,0.1462394524794899,0.11358731456870896,0.24732273143224592
2016-01-18,1.0891941052815022,1.428224574032021,0.9950248756218907,0.11660311796737445,0.14594066052742954,0.11243029321820472,0.24418235538300004
2016-01-19,1.086802951756817,1.421161088609394,0.9950248756218907,0.11657049600746051,0.14562824022834508,0.11296243998870377,0.2448639780601876
2016-01-20,1.0907028489158415,1.416490785727439,0.9977052778609199,0.11673787677149727,0.14613260072189505,0.11285025899134439,0.24399170428205444
2016-01-21,1.0893008866909217,1.411333004022299,0.9949258780220872,0.11646866992778943,0.1459598318542737,0.11226116437279687,0.242371361399937
2016-01-22,1.0808006571267996,1.4322953966025953,0.9870693909781859,0.1165433249810617,0.14483937313519307,0.11414743282423578,0.24240073689824018
2016-01-25,1.0815019899636615,1.4250901369511624,0.984930562395351,0.11659360134315828,0.14492753623188406,0.11434190516482387,0.24200183921397803
2016-01-26,1.0837054055225628,1.4241362613574866,0.9844457570387871,0.11697411362865398,0.1452242989296969,0.11424393364712335,0.24113235755105977
2016-01-27,1.0888027524933583,1.433301322937121,0.9837678307919332,0.11759310434036148,0.14590233297830432,0.1152073732718894,0.24352230664328853
2016-01-28,1.090298523735799,1.4303082314238718,0.9863878477017163,0.11717834544176235,0.1461027102052743,0.11541879710529658,0.24482201439553444
2016-01-29,1.092001092001092,1.429122661598045,0.9799118079372857,0.11681287745161026,0.14632504645820224,0.11513574504340618,0.24595405578237983
2016-02-01,1.088399834563225,1.4302264048398863,0.9808729769494849,0.1172401664810364,0.14584913365614607,0.11559090068429814,0.24763508493883415
2016-02-02,1.0919057030234869,1.439366678661389,0.9795278675678324,0.11685928972923702,0.14631220097443925,0.11466706417915581,0.24784990209928867
2016-02-03,1.0933024293179978,1.451357745170607,0.9836710603974032,0.1168306189686193,0.14650941322980002,0.11491743182523356,0.24857689726316837
2016-02-04,1.1205988480243843,1.4630149812734081,1.0033109260559847,0.1191667858334525,0.15015691397510397,0.11749362597079108,0.25380710659898476
2016-02-05,1.120197154699227,1.4552863275849524,1.0091021009505743,0.11875920383829745,0.15010282043199594,0.117096018735363,0.2538199908624803
2016-02-08,1.1100996869518884,1.4372152517282513,1.0045203415369162,0.11771076111778139,0.14874533311517352,0.11577424023154849,0.2502940955622857
2016-02-09,1.1235955056179776,1.4415245563708177,1.0217322448479151,0.11809721762955266,0.1505457282649605,0.11618855078020612,0.25232135647961246
2016-02-10,1.1256951167345837,1.4557524056308502,1.0270947597625357,0.1182927983344374,0.1508204633204633,0.11702339297625597,0.2541683611224075
2016-02-11,1.1347002689239638,1.4410675428357327,1.0290183165260343,0.11920656112912455,0.15202651342394113,0.1168770453482936,0.2550760126517702
2016-02-12,1.1274974067559644,1.4504315033722532,1.026030391020182,0.1192492069927735,0.15105512001329285,0.1165093790050099,0.25561718769970093
2016-02-15,1.1180054782268434,1.4481839772924752,1.0155377272265664,0.11785503830288746,0.14979029358897544,0.11607930538143658,0.25440761187574734
2016-02-16,1.1165948323991155,1.4392838123749623,1.0134279199391942,0.11785642730026283,0.14959086897335788,0.11625338587986374,0.2534147639441474
2016-02-17,1.1135981469726834,1.4307175048286718,1.0092446812805296,0.1175640724194686,0.1491869312248247,0.11605505651881252,0.2532094295191553
2016-02-18,1.108401684770561,1.4368022529059326,1.0050756319413037,0.11789672247111531,0.14850896994178447,0.11638598247227104,0.2529596276434281
2016-02-19,1.1095946650688504,1.427775953397393,1.0071710579324793,0.118246638839291,0.14869004074107117,0.11636160532470706,0.2534661495957215
2016-02-22,1.102596615028392,1.4092049265804232,1.0016326612378177,0.1178342072703706,0.1477628701459897,0.11614941460695037,0.2526209422761147
2016-02-23,1.1001947344680008,1.410775503294161,1.0074145712443585,0.11765536390804057,0.14744478192916755,0.11631288165164291,0.25194628505202693
2016-02-24,1.0981046713372717,1.3911495068375,1.006137438374082,0.1172731643817945,0.14715620631300125,0.11455541045203566,0.25139524360199106
2016-02-25,1.1027060406236906,1.397233477714126,1.0084101405723735,0.1175488709430946,0.14778033930365905,0.11557086227420343,0.25302363240726683
2016-02-26,1.100594320933304,1.3976826421792667,1.0070493454179255,0.11744808794512825,0.14753396969652263,0.1155548365476837,0.25225134323840276
2016-02-29,1.0888027524933583,1.3855980934170236,0.9976057462090983,0.11680059801906185,0.14594705041011122,0.11455803510058195,0.2500500100020004
2016-03-01,1.0872046880266149,1.397428731134712,1.0011012113324658,0.11609143361311369,0.14575559701492538,0.11557353366079168,0.2501125506477915
2016-03-02,1.08559952233621,1.4024065296048018,1.0010110211313425,0.1162493315663435,0.1455625263832079,0.1152193199755735,0.25073339518090415
2016-03-03,1.0900964735379082,1.407756739635391,1.005631536604988,0.11643883468014252,0.14619455571474518,0.11566711005725522,0.2515280327992555
2016-03-04,1.0969964237916585,1.415788877562578,1.0066033177645353,0.11752124196448507,0.14703287655119684,0.11691393964902436,0.2532735607729909
2016-03-07,1.0953022486555166,1.4144271570014144,0.9992006394884093,0.11738466956215518,0.14681269636198138,0.11703982865369085,0.2530812643939969
2016-03-08,1.1028033260548313,1.4209793389604115,1.0069378014520043,0.11765951689002364,0.14779999704400004,0.1169645363525779,0.254835503682373
2016-03-09,1.0972973566106679,1.4225762856533182,0.9995002498750625,0.1180902445648965,0.14706314891614458,0.11677877428998505,0.25430409683900007
2016-03-10,1.0857056000694851,1.4150075702905012,0.992358836955443,0.11755025273304338,0.1455625263832079,0.11683471393020294,0.2529532289479675
2016-03-11,1.1090040035044526,1.4292247884747313,1.012965964343598,0.11913271384322134,0.14866351500014865,0.11752814799144395,0.25731415485165837
2016-03-14,1.1119017968333036,1.4360388304899765,1.0136744685811598,0.11980352222355338,0.1490779528615513,0.11811116622965535,0.2595649691117687
2016-03-15,1.1109012742037614,1.4177157763411592,1.0141473556107703,0.12019953122182823,0.1489602574033248,0.11718383800506234,0.25902038490429197
2016-03-16,1.1064027527300488,1.4053036158462038,1.0094891984655763,0.11995441732141787,0.14838116152773245,0.11643883468014252,0.2571619606027876
2016-03-17,1.1310937676733401,1.4460897732531235,1.032119560729915,0.121709285201368,0.1517174414370676,0.11935453069798531,0.26369221844263374
2016-03-18,1.1279043537108053,1.4487084763932954,1.0329724816130899,0.12157611272537171,0.1513111107748642,0.11984803269454332,0.2646132677092429
2016-03-21,1.127103456826302,1.4394081153829545,1.0325245224574084,0.12179822905374955,0.15119900813450662,0.11936022917164,0.2646973186161624
2016-03-22,1.121201928467317,1.4230216441592076,1.0298555112717684,0.12145355616012438,0.15041439164899298,0.11868309240665574,0.26311635004999206
2016-03-23,1.1170937688509575,1.4143271338660632,1.0254306808859721,0.12100970497833927,0.14986212684330416,0.11775927648700528,0.26246030287918953
2016-03-24,1.1153992013741718,1.4130081530570433,1.0256515451440527,0.12033983970733352,0.14962668142983257,0.11748534370337302,0.26068142123510857
2016-03-29,1.1193946313833478,1.4268999172398047,1.0255568773844197,0.12076857118703428,0.15015691397510397,0.11803170331551054,0.26340050046095087
2016-03-30,1.132400235539249,1.4410883098916303,1.0376565564329518,0.12252799764746244,0.1519364297977726,0.12008550087662415,0.26621233095516983
2016-03-31,1.138498320714977,1.4383108477404136,1.0415364746073408,0.1234110823151919,0.15279305708348612,0.12093068253277223,0.267401128432762
2016-04-01,1.143196835631159,1.430963181317345,1.0443973305204233,0.1237057288123013,0.15344248208559022,0.12110056190660724,0.26936752505117983
2016-04-04,1.138005985911486,1.4271646519858996,1.042220346225599,0.12303603725531206,0.1528350909368791,0.12060253024108446,0.26877385367951406
2016-04-05,1.1366994793916385,1.4180374361883152,1.0436125692697842,0.12280637119453759,0.15273938079455024,0.11965873329264935,0.26778780494336285
2016-04-06,1.1335940599671257,1.402839346838,1.041243661429211,0.122382543354016,0.1523414886810274,0.11962867260024883,0.2658796628645875
2016-04-07,1.1364023773537735,1.4076972887750219,1.0441029067824925,0.12275511581945177,0.15270672673131253,0.12019519699992787,0.26530828823092434
2016-04-08,1.1362990739162548,1.4075387776933255,1.0449648369332372,0.1222777906848779,0.1526904049349539,0.12064763651280071,0.2645432660511627
2016-04-11,1.1390040548544353,1.4226774790155072,1.0471642791321103,0.12271745533084627,0.1530409231428484,0.1214166899381989,0.2661627318942802
2016-04-12,1.1396011396011396,1.4273479874393378,1.04800930632264,0.12368430817182223,0.1531018433461939,0.12186353721103109,0.265498473383778
2016-04-13,1.1298030753239712,1.4231431539698578,1.0377534712853613,0.12312541554827747,0.15179574364734813,0.12133713523023722,0.2635462787265444
2016-04-14,1.1252011297019342,1.4142871285728429,1.0343828871695147,0.12286521685710776,0.15120586678763134,0.12145945683330904,0.2617252931323283
2016-04-15,1.1284007176628563,1.4180374361883152,1.0334315093267195,0.12278224568727361,0.15163921996785248,0.12127533138484302,0.26261883502284783
2016-04-18,1.1305950321654286,1.417153222606428,1.035722053629688,0.12296039445694543,0.15192719648744324,0.12114604155309225,0.2625705658395694
2016-04-19,1.134301270417423,1.4362863380443527,1.0385510136257894,0.12359869974167871,0.15241346725396657,0.12252349387995148,0.2636227031871985
2016-04-20,1.1379023907329229,1.4385591391662111,1.0402255208929296,0.12416653215292352,0.15288182235132242,0.12323466344613414,0.2653998248361156
2016-04-21,1.1354991086331998,1.4429389781106157,1.0333033675356749,0.12363231748779131,0.1525995330454289,0.1234034676374406,0.2635462787265444
2016-04-22,1.126303696528732,1.4377938491179136,1.0247476558897373,0.12325289028027707,0.1513569147406499,0.12183681177430948,0.25888627126103503
2016-04-25,1.1264051904751178,1.4507892293407614,1.026514879333176,0.1230103082638325,0.151361496662479,0.12146388271447484,0.256522073724444
2016-04-26,1.1286936499695253,1.4567066775434099,1.0260935592107288,0.12329392037678623,0.15167141903779652,0.1223151817603601,0.2576987501610617
2016-04-27,1.1303011122162945,1.4589169000933706,1.0277281042527389,0.12337758476040073,0.15186490098408456,0.1228410682259293,0.2573671342169605
2016-04-28,1.135795738494389,1.459193649589237,1.03499311729577,0.12377463115159916,0.15259487586406847,0.12284257723727045,0.2588393642905213
2016-04-29,1.1403028644407955,1.4614541468761417,1.0381413117953615,0.1243657347527609,0.15318392794228028,0.1237439984160768,0.25936300446104366
2016-05-02,1.1493063935914676,1.4687954408589514,1.0449102422101941,0.12519248344329406,0.15444731030009112,0.12447719577773352,0.2621987991295
2016-05-03,1.1568985862699275,1.4625228519195612,1.0539295764257033,0.12533527185220464,0.1554460524474981,0.12427763623935872,0.263866167080057
2016-05-04,1.1504964392135206,1.4511050164700419,1.0465724751439036,0.12420354476916771,0.15462881353311375,0.12316636080353735,0.26185550813061353
2016-05-05,1.1439029970258523,1.450536698578474,1.0382059800664452,0.12356510027307886,0.15374680975369762,0.12301938785552603,0.2586050841759549
2016-05-06,1.1427004296553616,1.4492123530860976,1.0322474090590033,0.12319822594554637,0.15360983102918588,0.12219710392863689,0.258538224876548
2016-05-09,1.1394972538116184,1.4424394536039349,1.0309384632831267,0.12288333456216667,0.15317219618294886,0.12209415901543269,0.2581444576384945
2016-05-10,1.1375011375011375,1.4442518775274407,1.0267151276206905,0.12260461238551794,0.1528981850985429,0.12163230554035151,0.2573472643985794
2016-05-11,1.140901312036509,1.4449405406967504,1.0279288262080735,0.12278375325376947,0.1533272002453235,0.12205392342336846,0.25786487880350695
2016-05-12,1.1389002778916677,1.44368891391283,1.0294632378677757,0.12253550466247595,0.15306434825200516,0.12336388645587891,0.2577120325748009
2016-05-13,1.1348032818510911,1.4408599051914182,1.0293890575943176,0.12164858157753881,0.1525320317266626,0.12244548114951817,0.2583245072460024
2016-05-16,1.132400235539249,1.4370500237113255,1.0239606799098915,0.12128121475264696,0.15223480696626476,0.1225940909648155,0.2590270942340569
2016-05-17,1.131797860902043,1.4482468971310227,1.0214817614431495,0.12103167398908295,0.15215142109427301,0.12228078112962987,0.259463947484497
2016-05-18,1.1279043537108053,1.455646452589595,1.0174078482841415,0.120598166907863,0.15165531779371844,0.12156133377095413,0.25700994628492124
2016-05-19,1.1196954428395476,1.462031053539577,1.0097440298884233,0.11948716110453933,0.1505661286437003,0.11963439728190649,0.25489396411092985
2016-05-20,1.1218937566612441,1.4568552322955668,1.0086339062373921,0.11987676668384899,0.150854591259485,0.12017497476325531,0.25380710659898476
2016-05-23,1.1215037121772873,1.4481630052278684,1.0099071895292822,0.12002352461082373,0.15079771993847452,0.11974470429045275,0.2527805864509606
2016-05-24,1.1167943534877487,1.4596196231262133,1.0080340312288942,0.12000912069317267,0.15017720910674595,0.11962867260024883,0.25176867494146377
2016-05-25,1.1146035355224146,1.4680192016911582,1.0087763542822556,0.12030075187969924,0.14987335701332374,0.11991989351113455,0.2521432173474533
2016-05-26,1.1167943534877487,1.470047776552738,1.0083999717648007,0.12025445843404645,0.1501749538212017,0.120774405487989,0.253196607165464
2016-05-27,1.1167943534877487,1.4647507726560325,1.009030825891731,0.12050951422614815,0.1501749538212017,0.12031956877466551,0.2543299677000941
2016-05-30,1.113895850737956,1.4632504645820226,1.007323239954469,0.11999328037629893,0.14977907586310193,0.11974183660028977,0.2535047025122316
2016-05-31,1.1153992013741718,1.4640645359647453,1.009958187731028,0.12005234282147015,0.14996775693225955,0.11967878214871285,0.2542782312406235
2016-06-01,1.117405830623624,1.4444604940054888,1.0107646434527722,0.12041519158056979,0.1502178158329578,0.12004369590530954,0.2540844068399522
2016-06-02,1.118806010225887,1.44669646861392,1.0113882314865386,0.12037170783379074,0.1504098668872678,0.11983654295540883,0.254835503682373
2016-06-03,1.1153992013741718,1.4432305272121115,1.0094076795736262,0.12044709963384082,0.1499565126113427,0.12012589193474761,0.25430409683900007
2016-06-06,1.134906313483822,1.4416908149878178,1.0269681845256433,0.12274456855284153,0.152587890625,0.1221180148495506,0.2592486972752962
2016-06-07,1.1348032818510911,1.4571099680892918,1.0336130979451772,0.12302998240671252,0.15260186174271326,0.12304663467454165,0.2609603340292276
2016-06-08,1.1377988144136355,1.4578109510758646,1.039846934531237,0.12329392037678623,0.15300345787814804,0.12360022742441845,0.2632063801226542
2016-06-09,1.134301270417423,1.446110685311854,1.0391121825512282,0.12271594939194248,0.15253668507276,0.12264220363511491,0.2618349392542941
2016-06-10,1.1304033279073973,1.4403618188889047,1.038497087015671,0.12124445306627223,0.15202651342394113,0.1219095918466865,0.25932264924018467
2016-06-13,1.1267986523488118,1.4170929754701205,1.0348967173076127,0.12081672103419114,0.15154040824985981,0.12081672103419114,0.2567657782570739
2016-06-14,1.1224982320652845,1.412349584769222,1.0362801687064114,0.12046015780280671,0.15095934664794772,0.11985521490040031,0.2532030181799767
2016-06-15,1.123002459375386,1.418681193962093,1.038184423080916,0.1200552254036857,0.15103002476892408,0.1202168712357092,0.2545371242395703
2016-06-16,1.117405830623624,1.4138472196694425,1.0334849111202977,0.11897963068722635,0.1502787671129946,0.11912845621433593,0.2511553144464537
2016-06-17,1.1254037385912197,1.4287143000014286,1.0403012712481534,0.11996017322249013,0.15134088019855924,0.11933031825395878,0.25310688703839634
2016-06-20,1.1331958389048795,1.4645577035735209,1.0411569335845992,0.12140784537496811,0.15239488562763834,0.12110056190660724,0.25798462411640266
2016-06-21,1.1314009005951169,1.4740348756651582,1.0427637410191972,0.1213430245962311,0.15215605124615808,0.12072337445976289,0.25718841623373284
2016-06-22,1.1282988638030442,1.469270213484962,1.0418294525186227,0.12071463061323032,0.15168522282559233,0.12060253024108446,0.2576921094676081
2016-06-23,1.1389002778916677,1.486922516467667,1.0471642791321103,0.12242299593555653,0.15308543698237986,0.12247097437907216,0.2613900724050501
2016-06-24,1.1065986477364524,1.3704074221265983,1.023866324012737,0.1169645363525779,0.1487940244319788,0.11747292249136573,0.24839783397088774
2016-06-27,1.099795438048523,1.318704504694588,1.0244012374766949,0.11693718134618082,0.14788305408083288,0.11694401889815345,0.24648755237860487
2016-06-28,1.107297087808659,1.3386164060826728,1.0210228607018512,0.11726766344180592,0.14885825716752507,0.11806793629054159,0.24932060136129047
2016-06-29,1.1090040035044526,1.343435971841582,1.0217426843223802,0.11759033877776603,0.14910684996868756,0.1191639457565719,0.250557490416176
2016-06-30,1.1101982814130604,1.343255514063885,1.021627861835048,0.11780366840623417,0.14923368502738438,0.11936592818945761,0.2502565129257489
2016-07-01,1.1134989477434944,1.3282858471142989,1.027685856987236,0.11858316830509077,0.14970508099044882,0.11976334762509282,0.2532607319235152
2016-07-04,1.1137965984651883,1.3274571231349228,1.0275908133381289,0.11860285832888573,0.14968491325759278,0.12036156614469869,0.2514015637177263
2016-07-05,1.1146035355224146,1.3113378268509532,1.0285103056732627,0.11816140848398914,0.149812734082397,0.11959576630987263,0.25071453642882213
2016-07-06,1.106904872595249,1.2976564324829358,1.0229132569558101,0.11692077448321019,0.14875418371141688,0.11836280567194564,0.24839783397088774
2016-07-07,1.1079964100916313,1.3022189811438691,1.0240340798541776,0.11688797456517674,0.14890258792697816,0.11814605214966742,0.2502565129257489
2016-07-08,1.107002900347599,1.2986338372032622,1.0198046054375982,0.11691393964902436,0.14876524843796488,0.11785364933825176,0.2500125006250313
2016-07-11,1.1048991227100966,1.2983977771430055,1.0167458033816965,0.11660039877336381,0.1485641277057242,0.11746602295286089,0.24991877639767077
2016-07-12,1.1092008208086075,1.316170470399326,1.0172422562433243,0.11741361293428361,0.14912908613696016,0.11863240562792134,0.2511174727537542
2016-07-13,1.107199007949689,1.3276157349016902,1.014939915556999,0.117328202179958,0.14886047307858344,0.11886790210039584,0.25131942699170645
2016-07-14,1.1156978690170702,1.3391900578530105,1.02357288350717,0.11817257923471439,0.15000375009375233,0.11965014298192087,0.25290844714213456
2016-07-15,1.1128050476836961,1.3362909907261404,1.0210124359314696,0.11768721093078816,0.14961996528816804,0.11942152214672129,0.2523404577455904
2016-07-18,1.1053021343384213,1.3257500430868763,1.0169319164081965,0.11674196523424277,0.1485884101040119,0.11805399789863882,0.25232135647961246
2016-07-19,1.1034969819357545,1.314474998685525,1.0145280415550686,0.11625338587986374,0.14834154156529994,0.11803588290840417,0.2523468254769355
2016-07-20,1.1012973282526817,1.3172627280511098,1.0120433154539015,0.11631288165164291,0.14805602439963284,0.11772046099332525,0.2516799637580852
2016-07-21,1.1015035523489562,1.317661940652506,1.0131506960345282,0.1162709578401507,0.14807137040053306,0.11775650310288385,0.25210507739625876
2016-07-22,1.1013943652664273,1.3095004255876381,1.0141782113953064,0.11596219632399837,0.14805821649072415,0.11736124966258642,0.2528828646570908
2016-07-25,1.098201146521997,1.3125426576363732,1.0131917566718678,0.11551479166907322,0.14762108619595224,0.11670381738186657,0.25200977797938556
2016-07-26,1.0996986825609782,1.313697928298367,1.01168496130305,0.11560693641618497,0.1478240302743614,0.11653110215116413,0.25205424207289406
2016-07-27,1.0990943462586829,1.3104098962155362,1.0057630221167289,0.11524587707874752,0.14774540511790085,0.11644561407594584,0.25131942699170645
2016-07-28,1.1090040035044526,1.316794395723052,1.0181744132769943,0.11612918210217045,0.1490623975196017,0.11747292249136573,0.25414898213332654
2016-07-29,1.1112963271656386,1.3167077040567765,1.0267994660642776,0.11615616034196374,0.14942099364960776,0.11686611817501869,0.25471217524197654
2016-08-01,1.1163953825886976,1.3205504054089743,1.0330365075101755,0.11649444903950328,0.1500757882730779,0.1181935300861631,0.2565878941831524
2016-08-02,1.1192943968122495,1.327598109500292,1.0354325001553148,0.1171591255242871,0.15046418200147454,0.11861692663543087,0.25885276454752537
2016-08-03,1.1199964160114688,1.3347570742124935,1.0327377878756583,0.11771353234767869,0.1505638616619239,0.11885094902482797,0.2596795554286011
2016-08-04,1.1135981469726834,1.3162570913350795,1.027875997039717,0.11709190543657716,0.14971180477580656,0.1183193913650508,0.25933609958506226
2016-08-05,1.1155982953658048,1.3154086974823078,1.0280133641737343,0.11737778038617289,0.15000150001500015,0.11865351985666656,0.2604031040049998
2016-08-08,1.1086966162579273,1.3050400647299871,1.0187449062754685,0.11639952974589982,0.14908239784128688,0.11786476197211321,0.2591277759062994
2016-08-09,1.1078000199404003,1.2972019354252877,1.016425435030086,0.11676377520637998,0.14896469536719797,0.1183922334694844,0.2596256198561674
2016-08-10,1.1184056009752497,1.3074459044257043,1.0238977740462392,0.11796069549626065,0.1503555909726503,0.120815261383818,0.26202017555351764
2016-08-11,1.1152996810242912,1.296293895752045,1.0270736617230187,0.11825922421948913,0.14993402902722802,0.1208430007733952,0.2617801047120419
2016-08-12,1.11579746044498,1.2966804979253113,1.0248001639680262,0.11832639151836426,0.14997675360319151,0.121765601217656,0.2615678376186864
2016-08-15,1.1180054782268434,1.2898399308645796,1.0263463097718433,0.11818095868393684,0.15025844452458229,0.12185017302724571,0.26185550813061353
2016-08-16,1.129496809171514,1.2973870624562132,1.0411135750799054,0.11948287810356775,0.15182109402280353,0.1226376914680958,0.2645432660511627
2016-08-17,1.1275991159622931,1.3014732677390806,1.0380227742196664,0.11875638315559461,0.15153351921445024,0.12149339683388208,0.26279827604330913
2016-08-18,1.1321053763684323,1.315270288044193,1.0431226920910437,0.11947145826861962,0.15212827456110992,0.12253550466247595,0.2637409009389176
2016-08-19,1.1326054455669823,1.308797738397508,1.0436779209935814,0.11930184559955144,0.15219541891789057,0.1217226184969691,0.2634421349350615
2016-08-22,1.1305950321654286,1.3109939956474999,1.0385833722802098,0.1192307233727987,0.15192027224112786,0.1212033064261993,0.2628120893561104
2016-08-23,1.1339025524146455,1.3185654008438819,1.040658528716972,0.11977051968428491,0.15235773596404356,0.12208819651316112,0.2629295611705624
2016-08-24,1.1267986523488118,1.3236267372600927,1.034618329298322,0.11918098824875457,0.15138670219207945,0.12186947778928767,0.2618075191119489
2016-08-25,1.128999480660239,1.3193830564827886,1.035303861683404,0.11889758162318978,0.1516645180859938,0.12169743583502696,0.2618075191119489
2016-08-26,1.128999480660239,1.3212483154083978,1.0326524711373635,0.11896406095718483,0.15162082663674684,0.1220524337255285,0.2610761559146803
2016-08-29,1.1169939458928133,1.3067966493733911,1.0213044099924424,0.11765259541625489,0.15003075630504253,0.12045580476523164,0.25788482863553136
2016-08-30,1.1167943534877487,1.311251852143241,1.0198150055579918,0.117547489185631,0.15001050073505146,0.12025012025012025,0.25711567634278665
2016-08-31,1.1132014560675045,1.3126460318710456,1.0159710651440645,0.11698369247326923,0.14955954713369127,0.1200019200307205,0.2557152355137319
2016-09-01,1.1146035355224146,1.3261192446424783,1.015300579736631,0.11672425063031096,0.14977458924318898,0.11978486637998155,0.2553756575923183
2016-09-02,1.1192943968122495,1.3283917161492582,1.0213565657906831,0.1166126361452527,0.15043701954176883,0.12013455069678039,0.2548874671832386
2016-09-05,1.1155982953658048,1.333760136577038,1.0211479745529926,0.1168442699570013,0.14993178103962698,0.12066073820239634,0.25621973404391607
2016-09-06,1.1158970696542951,1.3358447214095834,1.0216069877917966,0.11701928477813144,0.1499565126113427,0.12114457393453347,0.25718841623373284
2016-09-07,1.1236965120460265,1.3382402141184344,1.0317681410633401,0.118206104163219,0.15095251034024695,0.12221651878467894,0.26019983347210657
2016-09-08,1.1295988794379115,1.3358625664591626,1.0347146774276992,0.11897396849569314,0.15176809834572771,0.12285012285012284,0.2620682425703653
2016-09-09,1.1267986523488118,1.332569326919233,1.0272635752881474,0.11858598076535391,0.15139357788442614,0.12185611230259309,0.25996308524189565
2016-09-12,1.1225990413004188,1.3289213145689645,1.0266097240473062,0.11744257058298493,0.15081818867355404,0.12108296604833631,0.25810448069378483
2016-09-13,1.1246949265011865,1.32687587076229,1.02947383592246,0.11791757561464537,0.15109391998065996,0.12183235867446393,0.2586853609954213
2016-09-14,1.121805658387741,1.3185480149259634,1.0249472152184163,0.11765951689002364,0.15069545954580388,0.12095115992162365,0.25835787733167986
2016-09-15,1.1254037385912197,1.3209167162010436,1.0286055194972177,0.1178425387996559,0.15113502403046883,0.1214697843911327,0.2601862933860644
2016-09-16,1.1225990413004188,1.3175577749084297,1.0260514462195134,0.1174632633643828,0.15074316379752178,0.12119889951399242,0.2600577328166853
2016-09-19,1.1164950985865172,1.3058410269133836,1.019170598966561,0.1166806683468683,0.14985988101125447,0.12069568995691164,0.26010508245331115
2016-09-20,1.1184056009752497,1.2972524193757622,1.022024630793602,0.11678832116788321,0.15008029295673186,0.12071463061323032,0.2602472348731295
2016-09-21,1.1150012265013491,1.3011515190943985,1.0245376773730854,0.11651209395535256,0.14957296917301105,0.12077878158365138,0.25981449245238897
2016-09-22,1.1237975366357997,1.3078905034070547,1.0341368576717442,0.11726628828744314,0.1507590719271532,0.123395853899309,0.26225380923657915
2016-09-23,1.1214030995581672,1.2973870624562132,1.0300358452474145,0.11703161023792526,0.15041891668296203,0.12319215512356173,0.2615883645495448
2016-09-26,1.1262022208707796,1.2931424655054247,1.0327377878756583,0.11722092627975945,0.15108935424409997,0.12332737251032867,0.2616362732529238
2016-09-27,1.1219944573473808,1.298414635729774,1.0312467773538208,0.1166167158400485,0.15060240963855423,0.12315119271930147,0.2616157388028464
2016-09-28,1.1224982320652845,1.3020833333333333,1.0306728232189974,0.1167269756040621,0.15064778547755348,0.12350405710827601,0.26169789594891657
2016-09-29,1.122095176112838,1.302677001237543,1.0317255610007738,0.11662079582031068,0.1505706628120577,0.12412183799617706,0.2605591599572683
2016-09-30,1.1160963414361929,1.296243486376481,1.0262093877634793,0.1160065891742651,0.1497858062969953,0.12419737446750376,0.2584046099382413
2016-10-03,1.1235955056179776,1.2867859946212346,1.0291242152927857,0.11712756362954896,0.1508932882665379,0.12536669759045208,0.26171159382360637
2016-10-04,1.1160963414361929,1.2749572889308207,1.0193576008399505,0.11625473738054824,0.14997675360319151,0.12515801199013757,0.25994281258123214
2016-10-05,1.121101369985874,1.2717306983073264,1.022996971928963,0.11646595700076867,0.15065005498727008,0.12474427423781247,0.2610761559146803
2016-10-06,1.1185056764163077,1.2663678038649544,1.0222126815705277,0.1161237879579632,0.15031039095732687,0.12436418808839805,0.26055237102657636
2016-10-07,1.1139951207013714,1.2329392037678624,1.017718478714418,0.11563768400846468,0.14972077076252788,0.12376390796915802,0.26019983347210657
2016-10-10,1.1159966966497779,1.2390345442830946,1.0182469859889216,0.11550678602367888,0.14998125234345705,0.12338519624415463,0.26062027625749284
2016-10-11,1.107898206312804,1.2278224568727363,1.0128941424331743,0.11384335154826958,0.14888706915804362,0.12256253753477711,0.25938991492010793
2016-10-12,1.1020012342413823,1.2245747664123634,1.0104480326576804,0.11323745895142114,0.14811962140624768,0.12205094406405233,0.2564365575956508
2016-10-13,1.1038014923396176,1.2206137245807192,1.012289190776021,0.1133671167341201,0.14837015385984956,0.12160716022959431,0.25658131061733463
2016-10-14,1.1001947344680008,1.2236607033601723,1.01037656734665,0.11334270299678105,0.1478808671734051,0.121908105669946,0.2557413943020817
2016-10-17,1.0993964313591837,1.2150077760497666,1.0112245929821013,0.11330802787377486,0.14776942059610185,0.12173002714579605,0.25401341190814875
2016-10-18,1.0992997460617586,1.22737035900583,1.0098256031183415,0.11330032517193324,0.14774103950595396,0.12273703590058299,0.2545630425374844
2016-10-19,1.0978997178397725,1.228923954185715,1.0115212267729439,0.11320925598876964,0.14754920766075486,0.12255352525215386,0.25425883549453343
2016-10-20,1.0979961570134504,1.2258807953514599,1.0117975595442863,0.11314905124520531,0.14757533720964552,0.12250998456374196,0.2536847713031787
2016-10-21,1.0886012562458496,1.218769043266301,1.005631536604988,0.11232799775344005,0.14635074419353422,0.12157906894749002,0.25169263295663336
2016-10-24,1.0890992060466789,1.223496017520463,1.0064716124681703,0.11222085063404781,0.14639573695613983,0.12120624454571899,0.25230225810521006
2016-10-25,1.0872046880266149,1.221597849987784,1.0022148949177683,0.11187434273823642,0.14615395857996813,0.12097749818533753,0.2525890376357666
2016-10-26,1.0925021576917615,1.2211503236048358,1.0080238700052417,0.11220322247654953,0.1468709151526723,0.12081818071983473,0.2526273241713824
2016-10-27,1.0927051007474102,1.2255803122778635,1.0082068033795093,0.11133006022956259,0.14691622836658536,0.12160272390101538,0.2524041495242182
2016-10-28,1.0922038489263637,1.2148306526070265,1.0061678086671295,0.11074810343872861,0.14683640955611355,0.12075836251660427,0.25220044891679905
2016-10-31,1.0945948904310516,1.2155542319520585,1.011644022701292,0.11095823532022547,0.14713671943970336,0.12115778378181906,0.2529212403257625
2016-11-01,1.1024993660628646,1.222643354933366,1.018661885746883,0.11158846175305474,0.1482074311205964,0.12221054432576442,0.25589191125668515
2016-11-02,1.1094961777856676,1.2319215512356172,1.0285526207520777,0.11217301565935299,0.14913575828076298,0.1222792858889704,0.25650233417124096
2016-11-03,1.1064027527300488,1.2479408975190935,1.0256831049478952,0.111680682592332,0.1486966736554103,0.1221523239479631,0.25619347731406755
2016-11-04,1.1092992556601995,1.2490944065552476,1.029611630492978,0.11134245599189428,0.1490757304710793,0.12177004943864009,0.25685151413967583
2016-11-07,1.1061946902654867,1.2423594891417782,1.025304515441086,0.11080455185099003,0.14866572511707427,0.12151406525305304,0.25546699366441855
2016-11-08,1.1038014923396176,1.2390038409119069,1.0241179783911105,0.11128669678826594,0.14832393948383268,0.12162638806115375,0.25501746869660574
2016-11-09,1.1021955735825766,1.2380068090374499,1.0212209717938767,0.11019283746556474,0.1481108461572641,0.12086490929088559,0.2540327702273593
2016-11-10,1.089502642043907,1.2410951423536127,1.0123609269176648,0.10995052226498075,0.14641074069193716,0.12007829104576184,0.2499562576549104
2016-11-11,1.0904055218135624,1.2659509823779624,1.0160226776261645,0.1105766572676508,0.1465137063572297,0.11963010371929993,0.24736555681986838
2016-11-14,1.077702338614075,1.2533527185220465,1.003542505042801,0.10986234248486647,0.14480371855949262,0.11797461186352697,0.2446004451728102
2016-11-15,1.0764957909014576,1.2425292926280738,1.0006504227748036,0.10927767457108513,0.14462570866597246,0.1184946440420893,0.24330308265005718
2016-11-16,1.0702054794520548,1.242822698913773,0.9966115208291807,0.10883998345632252,0.14380212827149844,0.1179676532694735,0.24085938629028375
2016-11-17,1.0716964955524595,1.245361030162644,0.9981036031540074,0.10894789022410582,0.14400921658986177,0.11792730960635865,0.2411149153686647
2016-11-18,1.062902574350035,1.2328024064302974,0.992358836955443,0.108191152127579,0.14286530658894794,0.11675286920176065,0.23923444976076558
2016-11-21,1.0630946685802372,1.2401255007006708,0.9910802775024778,0.10831889081455806,0.14287347125385758,0.11702613193526115,0.2399404947573002
2016-11-22,1.0616951024004926,1.2428690388893722,0.9895111814763508,0.1083670174145797,0.14270424545130217,0.1172332942555686,0.24017677010279567
2016-11-23,1.0601980449948052,1.2415574096146205,0.9879470460383324,0.10833531948085715,0.14250292130988684,0.11691667348680594,0.2401133334934089
2016-11-24,1.0547966879383999,1.2438739209393737,0.9832841691248771,0.10801002333016504,0.14182586620147783,0.11609278135085561,0.2384301757230395
2016-11-25,1.0591986103314233,1.2434563111625074,0.9865824782951854,0.10825791365348808,0.14240348603733818,0.11679377722754933,0.23969319271332695
2016-11-28,1.0587948796679618,1.2412183799617704,0.9848335631278313,0.10826377385862916,0.14233254575991347,0.1165460415137,0.23957834211787252
2016-11-29,1.0575967172197898,1.2469449847872711,0.9836710603974032,0.10828487585138984,0.14216864044129146,0.11652023956561254,0.23874325550303202
2016-11-30,1.0635016856501718,1.2475049900199602,0.9844457570387871,0.1090346075844473,0.1429367790626206,0.11791757561464537,0.2390800200827217
2016-12-01,1.0626992561105209,1.2636473918317834,0.9872642906506073,0.10851047668652408,0.14283469740469354,0.11856770215793219,0.2378686964795433
2016-12-02,1.0642033905520023,1.2623553025234482,0.9899029895070284,0.10861065253280042,0.1430410527821485,0.1184286881654212,0.2370567039635881
2016-12-05,1.0702054794520548,1.2715043167571554,0.9911785112498762,0.10918699364531698,0.1438517751309051,0.11912277984919056,0.23779516324637956
2016-12-06,1.073399025353685,1.274664763167287,0.9908838684106221,0.10949664392786361,0.14430430892666454,0.11952857928330665,0.239704683829522
2016-12-07,1.0729959118855759,1.260938642725645,0.9903931860948796,0.10978635575170718,0.14426267347586486,0.11934455967824707,0.2423243754089224
2016-12-08,1.076194575979337,1.2661914228193019,0.991571641051066,0.11068803683697866,0.144669646861392,0.11938587903822735,0.2416276035374281
2016-12-09,1.0558993094418516,1.2580040507730434,0.9816432708353785,0.10895619960775767,0.14198091776465244,0.11757651291577993,0.23752404930999266
2016-12-12,1.0596026490066226,1.2629292380747907,0.9836710603974032,0.10873820190509328,0.14247449706502538,0.11839363515817389,0.2379535990481856
2016-12-13,1.060996700300262,1.2708418056120374,0.9877518767285658,0.10917864902339698,0.1426655633863098,0.11855364552459988,0.2387375558049037
2016-12-14,1.06439595529537,1.2677002649493554,0.9903931860948796,0.1091095569060894,0.143143429716576,0.11797461186352697,0.2397161760475597
2016-12-15,1.0418945811062836,1.2463233461289198,0.9707795359673818,0.1066564276496123,0.14013452914798205,0.11577558061453679,0.23440063756973417
2016-12-16,1.043895819197244,1.2443692292376993,0.9709680551509855,0.10664050419630385,0.1404218271688151,0.1151914481868866,0.23617770010155642
2016-12-19,1.0421986222134214,1.2386508614816742,0.97323600973236,0.10656436487638533,0.1401875709699578,0.11517950726206794,0.23627256402986485
2016-12-20,1.0363983085979604,1.2341260536351184,0.9697439875872771,0.10655414548903025,0.13940779568393466,0.1147183664104623,0.2350397217129695
2016-12-21,1.0421008753647354,1.2370572881230129,0.9749439407234084,0.10811862775837648,0.14017578042865755,0.11545477636409818,0.2364010307084939
2016-12-22,1.0443973305204233,1.2338519624415463,0.97551458394303,0.10878315166547005,0.14048495406142003,0.1148013362875544,0.2368489614173042
2016-12-23,1.0446046171524077,1.224934772223379,0.9752291788570313,0.10829308440362999,0.14051258992805757,0.11488178664154586,0.23688262465948123
2016-12-27,1.0444955086693126,1.2244997918350353,0.9712509712509712,0.1081396732019076,0.14048100696785795,0.11468152939287599,0.23689945986923153
2016-12-28,1.0400956888033699,1.2218068079075337,0.9707795359673818,0.1085894233901618,0.13989144423927033,0.114577723798939,0.23623349318466372
2016-12-29,1.0453034515919972,1.2254451429481759,0.9756097560975611,0.10935774198134357,0.14061533269587714,0.11517420097898072,0.23680969972530072
2016-12-30,1.0540962179027702,1.231163202994189,0.9815469179426777,0.11034848050142348,0.14178765880217786,0.1160092807424594,0.23901144864839025
2017-01-02,1.0464958087842857,1.229150534065907,0.9770395701025891,0.10965272980470848,0.14075585896262932,0.11558021266759132,0.23718039941179261
2017-01-03,1.038497087015671,1.2280486307257767,0.970402717127608,0.10891703789223749,0.13969406998672906,0.11537219068715676,0.23637867864318637
2017-01-04,1.0436997067203824,1.228682361036025,0.9747538746466516,0.1095890410958904,0.14039028499227854,0.11608873823150416,0.23840743831207536
2017-01-05,1.0501002845771772,1.229044786392016,0.9810654370646521,0.1101418627191823,0.14125490860807413,0.11639952974589982,0.24040773151264544
2017-01-06,1.05889578347699,1.2363384600168141,0.9873617693522908,0.11086228686725348,0.14243391066545122,0.11782865357197563,0.24313744559799655
2017-01-09,1.051602115823457,1.2134744199592271,0.9808729769494849,0.11007760471132148,0.14146072343013963,0.11659496076579569,0.24021715630930363
2017-01-10,1.0567026650041211,1.2154360376785172,0.9841551028442083,0.11053876594521699,0.1421464108031272,0.11644019049615165,0.2416918429003021
2017-01-11,1.0502988100114483,1.2110642832921572,0.9796238244514107,0.10975502678022653,0.14128684054367177,0.11588559773791313,0.24032684450853162
2017-01-12,1.0678968838768927,1.2296946668142301,0.9941346058256287,0.11230402946857733,0.14364720247073187,0.11783698431589738,0.24400956517495484
2017-01-13,1.0660980810234542,1.2177301509985388,0.9937394415184339,0.11236838852494016,0.14338973329509608,0.117696906925286,0.24374192604869965
2017-01-16,1.0594005911455298,1.2064909211558184,0.9892175289346128,0.11171561672606214,0.1424663779348074,0.1169864295741694,0.24226566853211232
2017-01-17,1.0683988974123377,1.2310116453701654,0.9974067424695792,0.11242397328806394,0.14367196816229186,0.11823825007389892,0.2445226917057903
2017-01-18,1.0664050419630384,1.2281089578267383,0.9961151509114453,0.11186683372113836,0.14340824023748405,0.11805539158973391,0.24417639302632224
2017-01-19,1.0668032174785038,1.2325137117150429,0.9943323058566172,0.11173309198985464,0.14346378973946977,0.11828020580755812,0.2439619419370578
2017-01-20,1.0631963936378328,1.227777232099008,0.9911785112498762,0.11182930375075485,0.14298174123164473,0.11814605214966742,0.24330308265005718
2017-01-23,1.07150128044403,1.2437965646338884,0.9989012086704624,0.11265574656963252,0.1440922190201729,0.11913555243155662,0.2450860251948434
2017-01-24,1.07479498285702,1.244694489737494,1.0009308657051057,0.11315417256011315,0.14453791229439483,0.11998464196582836,0.2458089572784032
2017-01-25,1.0742984830905418,1.2590969756490644,1.0010210414622915,0.11328363957677232,0.14446065614030018,0.1200970384070329,0.24616596509366617
2017-01-26,1.0699993580003853,1.2567076772272001,1.0006504227748036,0.11303649948568392,0.14388075163304653,0.11993427601674284,0.2463478924937797
2017-01-27,1.068102196018115,1.254075746175069,0.99930048965724,0.11299307352459295,0.14362244531575394,0.1197561764247991,0.24610538232471144
2017-01-30,1.0630042626470932,1.2515487916296417,0.9963136395337252,0.11261768548132799,0.14292452156016408,0.11976334762509282,0.2454409346390791
2017-01-31,1.0755001075500108,1.2490632025980515,1.0081559818935186,0.1138031887653492,0.14460897732531236,0.12100531213320266,0.2487314695055218
2017-02-01,1.0790047260407,1.2632004446465566,1.0102949050827936,0.1144793479256342,0.14508523757707653,0.12146830891820325,0.2498500899460324
2017-02-02,1.0808006571267996,1.2557450335283924,1.0110405629473855,0.11475522710059444,0.14531081984364555,0.12202115846887851,0.250934731876239
2017-02-03,1.0741023189869068,1.2487668427427916,1.004298397139758,0.11375787773303302,0.14441475918838906,0.12127386063207937,0.2499562576549104
2017-02-06,1.0712028536844023,1.2463078131036802,1.0039354268733436,0.11322848375737402,0.14403203272407783,0.12109469605231292,0.25047590421801424
2017-02-07,1.067497891691664,1.2365372012216986,1.0015925321260803,0.11259359342453414,0.14357089530810313,0.12016197834681148,0.24805278563278269
2017-02-08,1.0664960273022983,1.2500781298831176,1.0026369351394167,0.11282988638030442,0.14345761544751603,0.12005378409527469,0.24734720126641765
2017-02-09,1.0691985287828243,1.2565497656534685,1.0018735034514543,0.11274338478189792,0.1438124685410225,0.120323911971026,0.24809586424194308
2017-02-10,1.062902574350035,1.2462146230823874,0.9962143853357243,0.11203352042931244,0.14297152007320144,0.11934028689404969,0.24745737546707577
2017-02-13,1.062902574350035,1.2520972629153833,0.9959167413604223,0.11214408271747542,0.14294086536399891,0.11940298507462686,0.2464025231618372
2017-02-14,1.0623041376746163,1.24833035814598,0.9966115208291807,0.11223092635406613,0.14286122460641734,0.11964155390450211,0.2469745616201531
2017-02-15,1.0554980895484578,1.2417886724037304,0.9908838684106221,0.11168317716302392,0.14197285479016414,0.11923498831497116,0.24538070816872376
2017-02-16,1.0652009501592474,1.2515644555694618,1.0004702210038718,0.11242397328806394,0.1432849507816194,0.12010425048942482,0.24671255520193422
2017-02-17,1.0649967517599073,1.2424212304939866,1.001221490218066,0.11272432139958517,0.14327263349427624,0.12014176728539679,0.24592986080369877
2017-02-20,1.061604934339735,1.246820607451,0.996810207336523,0.11200089600716806,0.14281633818908884,0.11986239796713373,0.24547708471414195
2017-02-21,1.053696366854927,1.2416961569503941,0.9903931860948796,0.11127926644707559,0.141753490679708,0.11955144298591686,0.2446842349947393
2017-02-22,1.0513036164844407,1.2448804292347722,0.9878494517435543,0.1110136657822578,0.14143271338660632,0.1192591620851272,0.2445645528137152
2017-02-23,1.0572948055106204,1.249344094350466,0.991571641051066,0.11132386338335487,0.14223537109208317,0.12005234282147015,0.24542888697999757
2017-02-24,1.0608953957139826,1.2554612564656256,0.9962143853357243,0.11145290000445811,0.1427022090301958,0.12005954953657014,0.24611143925969678
2017-02-27,1.0587052035360753,1.2414341046777237,0.9927529038022436,0.11080332409972299,0.1424298532972511,0.11978486637998155,0.2453626459907744
2017-02-28,1.0597037068435664,1.2422514565398328,0.9952229299363058,0.1107603699396356,0.1425638686131387,0.1194800229401644,0.2455976619102586
2017-03-01,1.0532968190436065,1.2312086775587594,0.9893153937475268,0.11056198657777482,0.1416992574958907,0.11885801221860366,0.24519419380149077
2017-03-02,1.0514030974335251,1.22884844612114,0.987166831194472,0.11044720071569786,0.14143871460496169,0.11836140471315112,0.24484599187111306
2017-03-03,1.0565017115327726,1.2234361427505291,0.9897070467141726,0.11077386622947914,0.1421221682157983,0.11830539354289162,0.2456579949394453
2017-03-06,1.0591986103314233,1.2273402309854315,0.9904912836767036,0.11110246980790382,0.14248667749565416,0.11811814176539373,0.24580291522257455
2017-03-07,1.0575967172197898,1.2196906864419184,0.9856100926473488,0.11107161897991825,0.14226572391913617,0.11824244430780873,0.24552530138230746
2017-03-08,1.0555983659337296,1.216781855348973,0.9863878477017163,0.11085614198454666,0.14200511218403863,0.11792730960635865,0.24475011013754958
2017-03-09,1.0550971744497668,1.2176115332164426,0.9852216748768474,0.1104533003446143,0.14193456816407637,0.11663983950358085,0.24439719432020918
2017-03-10,1.0606028466580404,1.21558378411232,0.9872642906506073,0.11073583965450418,0.14268591975343872,0.116033510477826,0.24517615907029197
2017-03-13,1.066302702011047,1.2220009042806692,0.9919650828290845,0.11148520591317533,0.14343498092314755,0.11679377722754933,0.24582708522825045
2017-03-14,1.0630946685802372,1.2140931937935557,0.9911785112498762,0.11194322239759995,0.1430083230844035,0.1161737029206069,0.24596615505706415
2017-03-15,1.0622025832766824,1.2198989923634322,0.9912767644726408,0.1111049386145214,0.14288572000114308,0.11627366169015393,0.24584521585209954
2017-03-16,1.0726046057641772,1.235574665777053,1.0028983763075288,0.11309786358135694,0.14427724315043788,0.11711110330370422,0.2495944090852365
2017-03-17,1.0736986772032298,1.2360175514492304,1.0036432249064102,0.11348676744291615,0.14442518775274407,0.11795930404010617,0.24980015987210233
2017-03-20,1.0751994494978818,1.238804306083768,1.0029889069426892,0.11308635273895146,0.14462152546785062,0.11779395481423893,0.25109855618330196
2017-03-21,1.080205238995409,1.2451439386393068,1.0048332479225073,0.11379800853485064,0.14527915389420773,0.11837401453632897,0.25340192078655954
2017-03-22,1.0806955356467423,1.245190451879615,1.008684775920677,0.11363248980148404,0.14531081984364555,0.11815721999692791,0.2524041495242182
2017-03-23,1.0785973919515062,1.2502187882879503,1.0080340312288942,0.11342369420972041,0.14505787809335927,0.11790784322973165,0.25269116086319304
2017-03-24,1.0804970286331712,1.2476917702250836,1.0081153283935682,0.11329262351728278,0.14527071197175936,0.11771076111778139,0.25307485954345293
2017-03-27,1.0888976000696895,1.260255327729398,1.016425435030086,0.1140172850204091,0.14634860237084735,0.11811674659233186,0.2553626149131767
2017-03-28,1.085894233901618,1.2560289389067525,1.0155274141625454,0.11392376221832351,0.14594279042615294,0.117547489185631,0.25568908207619534
2017-03-29,1.07479498285702,1.244198922523733,1.0033612602217428,0.11253910733980059,0.14443979027342452,0.11694265132379082,0.2535561246481909
2017-03-30,1.0736986772032298,1.2458730455366598,1.0036432249064102,0.11228511436238897,0.14434180138568128,0.11709464760365802,0.2542329791020491
2017-03-31,1.0690956519879833,1.2496407282906163,0.9995002498750625,0.11215666042327924,0.1437359857413902,0.11660855673589329,0.2529532289479675
2017-04-03,1.0660980810234542,1.2504063820741742,0.998003992015968,0.11204983976872913,0.14334245946991958,0.11655419187151064,0.25215593322910884
2017-04-04,1.0650988411724607,1.243935812912054,0.9979044007584074,0.11083279764147806,0.14320697704392157,0.11603620329542817,0.2501939002727113
2017-04-05,1.0678056593699947,1.2487356551491615,0.997207818109294,0.11152250524155775,0.14361006993810405,0.11648902090977925,0.2523468254769355
2017-04-06,1.066598404368787,1.24616803329761,0.9966115208291807,0.11122604469062475,0.14345761544751603,0.1163291183416121,0.25232135647961246
2017-04-07,1.0630042626470932,1.2422205935329995,0.9939369843951894,0.11077141211396163,0.14294699525415977,0.11606987406418663,0.2516039753428104
2017-04-10,1.0577980875010577,1.239587465291551,0.9902951079421667,0.11007518134886128,0.14224751066856328,0.11567915230317191,0.25009378516943853
2017-04-11,1.061604934339735,1.2441060475994974,0.9925558312655086,0.11068191125524356,0.14274091097249383,0.11634671320535193,0.2502940955622857
2017-04-12,1.0605016172649664,1.25,0.9931472837421791,0.11098532773967282,0.14260046202549698,0.1164930919596468,0.24961933052095556
2017-04-13,1.0630042626470932,1.254091473432072,0.9947279419078882,0.1109373093264996,0.1429224788474731,0.1167705924939863,0.2504131817498873
2017-04-18,1.0682048816963092,1.2660150908998835,0.9996001599360256,0.11137717881606059,0.14361213235294118,0.11726491316533182,0.25215593322910884
2017-04-19,1.0725010725010724,1.2855122766422418,1.0032706623592913,0.11149266378272309,0.14417739586787584,0.1171769723813876,0.253196607165464
2017-04-20,1.0744947188584568,1.280393336833075,1.0041067967989075,0.11169066154378832,0.14445856928232984,0.11664120000466566,0.25230225810521006
2017-04-21,1.069804760631185,1.2778246313475938,1.0016828271496114,0.11098655952764121,0.1438497058273516,0.11568182869834807,0.2503818322942487
2017-04-24,1.0847987155983208,1.2787887313136996,1.003885035085782,0.11320669277967714,0.14582573824279985,0.1173392159393591,0.25572831423895254
2017-04-25,1.0890992060466789,1.2823800974608874,1.0060058549540758,0.1134365606034825,0.1463914507392768,0.11690847235699173,0.2576323586242432
2017-04-26,1.0893008866909217,1.2829888508268863,1.005348453774078,0.1139380404935796,0.1464214595291086,0.11652159727805549,0.25787817834854815
2017-04-27,1.0881037615747038,1.288908938583489,1.0056416496545622,0.11305694678409514,0.14627581768182082,0.11654060857505798,0.2577452446002371
2017-04-28,1.093003683422413,1.2939121433654655,1.0091428340767352,0.11347775268658579,0.14694213418755694,0.11722092627975945,0.2588594651963449
2017-05-02,1.0915004857177162,1.2914056950991155,1.005803486114883,0.11335555102133352,0.14676529294352472,0.11639004632323845,0.25933609958506226
2017-05-03,1.0919057030234869,1.2931090220216468,1.0098969905069684,0.11341726210729272,0.14681700728212355,0.11631017597729626,0.2605184316790413
2017-05-04,1.0927051007474102,1.2890917059839637,1.0077495943807881,0.11330546019012656,0.14693781591630423,0.1152604887044721,0.2595043466978072
2017-05-05,1.096094614887157,1.2939456284046944,1.0112552711681009,0.1131580138505409,0.14738610738551783,0.115350897429982,0.2599022767439443
2017-05-08,1.0938046902345118,1.2949677553028929,1.0055203064825895,0.11324130589873962,0.1470415245265263,0.11578898615163725,0.2603624244948969
2017-05-09,1.0888027524933583,1.2915724895059735,0.9954210631096955,0.11259739674818718,0.14635288607891347,0.11566042100393244,0.25787152840454886
2017-05-10,1.0881984874041024,1.2957060302158645,0.9938382031405287,0.11219692804811003,0.14624586855421334,0.11523259699703851,0.2579912798947396
2017-05-11,1.0860003692401254,1.2854296548621376,0.991571641051066,0.11256444314369976,0.14596622341590157,0.11636160532470706,0.25708923567370234
2017-05-12,1.0875948926543841,1.2857602057216329,0.9920634920634921,0.11250239067580187,0.14617959625195515,0.11611569768116951,0.25791143321383436
2017-05-15,1.097201040146586,1.291922898041445,1.0025565191237658,0.11342498071775328,0.1474839242522565,0.11756821895905101,0.26068821689259647
2017-05-16,1.1059010882066707,1.287912937085453,1.009214124960893,0.11375787773303302,0.1486546751895347,0.1177523432716311,0.2634074386260668
2017-05-17,1.111704019921736,1.2965123816932451,1.0177599104371278,0.11393544417732913,0.14941652845637785,0.11863381300938394,0.2655337227827934
2017-05-18,1.112904123309777,1.3037299714483137,1.023447174774074,0.11396271140082964,0.14955507365587378,0.11825083366837737,0.2635184989986297
2017-05-19,1.1179054922696834,1.3012700395586092,1.0236252712606968,0.11419566284872501,0.15023361326863272,0.11902353095206923,0.26613439787092485
2017-05-22,1.124302932182047,1.3019816160195818,1.0304285552361225,0.11484748254318265,0.15105055662130115,0.11996017322249013,0.26815402767349567
2017-05-23,1.1215037121772873,1.2970841548199648,1.0277703549918806,0.11513972205271096,0.15065913370998116,0.11961436329274418,0.2671511006625347
2017-05-24,1.1192943968122495,1.2963947262662536,1.0241599328151083,0.1148963060837594,0.15041212923410144,0.11927338652926373,0.26734393797620637
2017-05-25,1.1214030995581672,1.2959914982957712,1.0284256859599326,0.11528174859356266,0.15070681496217259,0.12015475933001707,0.26831951487831707
2017-05-26,1.1195951543921718,1.2840926601263547,1.0282882086191119,0.11509599005570646,0.15045286311798514,0.11908306043465317,0.2676516246453616
2017-05-29,1.118806010225887,1.2846040208105851,1.0264200521421387,0.1150456731322335,0.1503668952243474,0.11893859200494784,0.2676731175888006
2017-05-30,1.1173059518888058,1.287316074715825,1.0247686584753493,0.1143745996889011,0.15018171988105608,0.11836000378752011,0.2675513698630137
2017-05-31,1.122095176112838,1.2843895296565542,1.0298236941835557,0.11501920820777069,0.1508250128201261,0.11888203335829857,0.26901245527667933
2017-06-01,1.1218937566612441,1.2861405494392428,1.0308746971805578,0.11476049484725377,0.15080454223281206,0.11822566915728744,0.2682043717312592
2017-06-02,1.1217049915872126,1.2853470437017995,1.029738858225554,0.11512514102829777,0.15078180365193528,0.1181753722524226,0.2675513698630137
2017-06-05,1.124897353116528,1.291055567031605,1.0362050027977534,0.11543611765249111,0.15120129428307907,0.11854802380444318,0.268867797703869
2017-06-06,1.1257965010244748,1.2906056812462088,1.0375058359703273,0.11546277480140403,0.15135004237801186,0.11830819284235433,0.2680965147453083
2017-06-07,1.1217049915872126,1.2906723112069076,1.0344898930337452,0.1145147437732608,0.150793172085168,0.11804563644304888,0.26762297275598135
2017-06-08,1.1229015776767166,1.2943308309603936,1.0343614886530546,0.11471573441013169,0.15096162555478398,0.11791062374719963,0.26694428872694265
2017-06-09,1.1176056416732791,1.275249948990002,1.0288171689009147,0.1144911441100031,0.15025844452458229,0.1173722696275778,0.26670934016109243
2017-06-12,1.122095176112838,1.2672665061462425,1.0335276365290007,0.11473021190670138,0.15088645794039984,0.11813488641330672,0.2678093197643278
2017-06-13,1.1217049915872126,1.2735770959895056,1.0338268133322306,0.11511321384581737,0.15083638777018568,0.11864788866082128,0.2674798052747018
2017-06-14,1.1202975510295534,1.2736419792396356,1.0302586979590576,0.11496367147981239,0.15065232456536803,0.11900370101510156,0.26694428872694265
2017-06-15,1.1165948323991155,1.2740801141575782,1.0268521846280227,0.1147842056932966,0.15016142353029505,0.11788699352800407,0.2650902632346314
2017-06-16,1.1166945840312674,1.2769108971575964,1.0259040779687099,0.11468679037548454,0.1501726986033939,0.11802613098540017,0.2647183396865735
2017-06-19,1.119896073644366,1.27962327890669,1.030269312398261,0.11492931846914146,0.1505819994277884,0.11848481617080771,0.2658513890735079
2017-06-20,1.1155982953658048,1.2656625743576762,1.0278231733012653,0.1143327540473795,0.14999025063370883,0.11751847978094555,0.26369917198459997
2017-06-21,1.1147029316687103,1.269438273563948,1.0267151276206905,0.11396790663749089,0.14981946754161238,0.11714265632687487,0.26310250473584507
2017-06-22,1.1168941407733375,1.266784899923993,1.0277914816642,0.1143392904103637,0.1501456412720339,0.1177481837342659,0.2634074386260668
2017-06-23,1.1173059518888058,1.272475091300088,1.0296752404291687,0.11436021179511223,0.1502313562886846,0.11809163911195088,0.2640124613881775
2017-06-26,1.1187058810368167,1.273706869101145,1.0281190561867064,0.11460004584001833,0.1504347564461293,0.11802195208308744,0.2656748140276302
2017-06-27,1.1278025894347452,1.2762264536219305,1.036290907583577,0.11546144165156047,0.15167371949462316,0.11846656873430318,0.26755852842809363
2017-06-28,1.1375011375011375,1.2849506578947367,1.0423398444828953,0.11633317822242903,0.15295899169432675,0.11846516531813821,0.2684347569323276
2017-06-29,1.141304968100526,1.2970841548199648,1.0437105999248528,0.11739982859625026,0.1534683855125844,0.1192577398273148,0.2686078057428349
2017-06-30,1.1412007714517216,1.297808002284142,1.0441029067824925,0.11838382403428395,0.15345661014348194,0.1192321449862883,0.2700513097488523
2017-07-03,1.1369062507105663,1.2962770921912268,1.0389286567691396,0.1179871394018052,0.15287948510189417,0.11959147551962496,0.2684203462622467
2017-07-04,1.135305737835199,1.2929752653831732,1.0364197914723379,0.11736124966258642,0.15266243282852957,0.11969453953510642,0.2675943270002676
2017-07-05,1.132900565317382,1.2912722905879164,1.0346076250581966,0.11771214671641966,0.15233452662045854,0.11929615269907545,0.266794728136172
2017-07-06,1.138498320714977,1.2935606550591159,1.0373551592858847,0.11821169350072108,0.15308778053335784,0.11946717639328595,0.2680246582685607
2017-07-07,1.1412007714517216,1.2896735836159867,1.0390581976496505,0.11868309240665574,0.15344719114916602,0.11935595526538798,0.2696435312516853
2017-07-10,1.1387057470479054,1.2874983906270119,1.0345219991103112,0.11839924224484964,0.15312059778281373,0.11965586971868905,0.26894010703816257
2017-07-11,1.1404979414012157,1.2913556651773033,1.0330578512396695,0.11832079132945242,0.1533648242439114,0.11990120141003814,0.2686078057428349
2017-07-12,1.1448983330280271,1.2874818143193727,1.038270656394709,0.11882694044393746,0.15394799636682727,0.12091313600309538,0.26974536037980146
2017-07-13,1.1416958750528035,1.2942303212279658,1.0368711376550124,0.1196372598282009,0.1535225754947265,0.12079191177358763,0.2697017099088408
2017-07-14,1.141500388110132,1.2974038948064923,1.0329404716406194,0.11973753532257293,0.15349900993138593,0.12163970319912419,0.27067994802945
2017-07-17,1.1461974898274974,1.3061309788145556,1.04086433374274,0.12014609765474818,0.1541307028360049,0.12251298637655592,0.27238307956309754
2017-07-18,1.1554949562645158,1.3015240847031875,1.0480752098770607,0.12079482998127682,0.1553687677703028,0.12416036552811612,0.2749292057295246
2017-07-19,1.1532961203118512,1.3033901176961278,1.0490317437005643,0.12064035902570847,0.15507722845977295,0.1239864110893446,0.27377008788019824
2017-07-20,1.1485012059262663,1.2945486556112211,1.0403986807744727,0.12003793198650774,0.1544377693008602,0.1234949058351343,0.27279919251439017
2017-07-21,1.164198565707367,1.29919060425355,1.0534743584341157,0.12102727954881029,0.15654596972400944,0.12475983731317215,0.2748083211959658
2017-07-24,1.164795228998742,1.3036449913959431,1.0569818939001574,0.12148158946511656,0.15664160401002505,0.12454385811963684,0.2746649088112503
2017-07-25,1.1693991627101994,1.3081300281247956,1.057037757388694,0.12239302849309702,0.15725990344241927,0.1256944619020086,0.27469508845181845
2017-07-26,1.1644019049615166,1.3042911177774879,1.0441138084051163,0.12166486197121408,0.15657293167157263,0.12534784025671236,0.2732464409651064
2017-07-27,1.1693991627101994,1.3142504172745075,1.0411352538808316,0.1220420068587608,0.15725743041358703,0.1257719251908589,0.2748914178899335
2017-07-28,1.172896702987368,1.3095004255876381,1.032759119263023,0.12300425594725578,0.1577237311125832,0.12585423562429993,0.27602197134891937
2017-07-31,1.1727041384729047,1.3114582103841261,1.0323966054799611,0.12289541600098315,0.15769637140649392,0.12602870933998764,0.27597626604112047
2017-08-01,1.1811953697141506,1.3206550449022716,1.0348645879686642,0.12360481069923243,0.15882848112323503,0.1265438347843693,0.2775156796358994
2017-08-02,1.1828999976342,1.322786317098336,1.032290032207449,0.12332433065719535,0.15902549178633335,0.12650701481397145,0.27807129748067405
2017-08-03,1.1860004506801713,1.3131459036413535,1.031214874243346,0.12342174444293597,0.15944894444798774,0.1264830133313096,0.2788855732492958
2017-08-04,1.1868027533823877,1.3145786775338504,1.0325351836363825,0.12355746657770528,0.15954306865138243,0.12677002649493554,0.2798376941374003
2017-08-07,1.1797043660858588,1.304478273914348,1.0276119326297617,0.12266176019625882,0.1585967360791715,0.12576717979676025,0.27746177963985463
2017-08-08,1.18140469017662,1.3028467200833822,1.029272510189798,0.1230875275408343,0.15882091353789465,0.12672504467057824,0.27762354247640203
2017-08-09,1.1731030922997514,1.2985663827134843,1.0387883572600918,0.12193188884689013,0.1576913979342427,0.12560289389067525,0.27492164733051083
2017-08-10,1.173199432171475,1.2991737255105753,1.034479191451064,0.12261663907792288,0.15772870662460567,0.12567076772272,0.2746422784323419
2017-08-11,1.1764982705475424,1.2979259143888067,1.0393065746533912,0.12244548114951817,0.15819530792716688,0.12519248344329406,0.2743183189773413
2017-08-14,1.1797043660858588,1.297302907255815,1.0328337860588095,0.12331520599805162,0.15863447444398618,0.12620048208584156,0.27552763542183284
2017-08-15,1.1743981209630063,1.2884937508053085,1.0286372613561554,0.12383594214384783,0.15791052789489476,0.1255540070561352,0.27445383686463937
2017-08-16,1.1710013232314953,1.2869184737146901,1.0266518828795532,0.12349643095314544,0.15746295683940353,0.12575769008274856,0.2739275735495535
2017-08-17,1.1697000888972067,1.286868790858084,1.0341261633919339,0.12301182143603999,0.15731432976229806,0.12544690459762906,0.27474037035001925
2017-08-18,1.1739982859625024,1.2874486629845634,1.0401389625653987,0.12309964916599987,0.1578731331502005,0.1259890137580003,0.2742506102076077
2017-08-21,1.1760970044809296,1.287912937085453,1.035121678553314,0.12357426195272049,0.1581352689090248,0.12659509823779622,0.2751864388122953
2017-08-22,1.1770937555176268,1.2834663860153501,1.0358186074454643,0.12339889928181841,0.15826040166489944,0.12653903096410088,0.27490653177919505
2017-08-23,1.179899236605194,1.2806556957162065,1.035722053629688,0.12360786640461799,0.15864705789031142,0.12669453946534906,0.2753683051080821
2017-08-24,1.180595728604654,1.283268742139979,1.0378934913699156,0.12411875682653162,0.15872763924382155,0.12751523807094947,0.2761363008781134
2017-08-25,1.1808048365766106,1.2823143208863357,1.036699149906697,0.1242251456539833,0.15872763924382155,0.12796069047588582,0.27719259341390395
2017-08-28,1.1925062904706822,1.2915891713163876,1.0470655986597561,0.1253211354094868,0.16029751218261093,0.12875149673614955,0.28005713165485757
2017-08-29,1.204804761388417,1.2959747025738058,1.0581450716893286,0.12633759933293748,0.16195118791196333,0.12966636843401927,0.28231042854723054
2017-08-30,1.1915968589506798,1.291756013124241,1.043253281031569,0.12530700215528043,0.1601794009290405,0.12834334411417425,0.2797281042826373
2017-08-31,1.1824943535894616,1.2857106122553934,1.0331112144222325,0.12471315973261499,0.15897240239094493,0.12743886120633627,0.27770063871146905
2017-09-01,1.191994564504786,1.294598933250479,1.0418620157946281,0.12576717979676025,0.16026154684445015,0.12878797635452754,0.2810883741848437
2017-09-04,1.1905045358222817,1.296058685537281,1.0443864229765012,0.12566918842838112,0.1600768368817032,0.12810330250313853,0.2807411566535654
2017-09-05,1.1890040901740702,1.296058685537281,1.0423398444828953,0.125568196087295,0.15985165766168996,0.12814105767629005,0.28068599657563087
2017-09-06,1.1931038596909862,1.3049549138077279,1.0466710626851299,0.1255760802682305,0.160377207191314,0.12861570912271225,0.2812939521800281
2017-09-07,1.1971030107140719,1.3096890798124525,1.0489877268435959,0.1256628716479429,0.1609165808444902,0.12880622391673965,0.28211928003159736
2017-09-08,1.2059962131718907,1.3213879859404318,1.0574289672091277,0.12643024211391365,0.1620929440941436,0.1295471033267696,0.2835351158240948
2017-09-11,1.199702473786501,1.3216150135465539,1.0520003787201364,0.12535412540426705,0.16125651073162078,0.12802294171115464,0.2826775214834916
2017-09-12,1.193303182539588,1.3276862411874826,1.042731121353048,0.12514234942246805,0.16039006864694938,0.12749898000815993,0.2804498415458395
2017-09-13,1.1979060602067586,1.32742188122229,1.0420140046682227,0.1254673659381195,0.16099948480164863,0.12745997756704394,0.2798925212718316
2017-09-14,1.188495364868077,1.3335467008054622,1.0338375014215266,0.12465253106964337,0.1597469608140705,0.1265038140899948,0.2774079005770084
2017-09-15,1.1963010371929992,1.3587694983423013,1.0420682971561956,0.12584948401711554,0.160774288975707,0.1281541951275775,0.27976723366159356
2017-09-18,1.194800229401644,1.353839488790209,1.042220346225599,0.1255760802682305,0.16055745548544548,0.12790995139421849,0.27861361863367884
2017-09-19,1.197203333014079,1.3509132173349183,1.0378827192527245,0.12567550584391102,0.1608829254951172,0.12815255279885174,0.279814203368963
2017-09-20,1.2006964039142702,1.3539678026456532,1.0411894548332015,0.12594458438287154,0.16135798883402716,0.1285000192750029,0.2807096339546373
2017-09-21,1.1905045358222817,1.3491635186184565,1.0276224926011182,0.12513765141655822,0.15999744004095934,0.12797706650968146,0.27812543457099154
2017-09-22,1.1961007116799236,1.3568152831673497,1.032183480935571,0.12543274296322313,0.16075102880658437,0.12834663860153503,0.28030048211682923
2017-09-25,1.1867041665183287,1.34947303078148,1.0263779123473262,0.12448959267005279,0.15949726462191172,0.1279803422194351,0.2780403714619363
2017-09-26,1.1787031907495373,1.3428586775527744,1.0292513225879496,0.12345831430017655,0.1584183511818009,0.12695672045399725,0.275239458328746
2017-09-27,1.1740947729300708,1.340824070473713,1.0253255408592228,0.12244847980212326,0.1577784790154623,0.12576717979676025,0.2728736322209185
2017-09-28,1.1778008103269575,1.3439776362121334,1.027749229188078,0.12294376552165039,0.1583029919265474,0.12586690833113068,0.273134491423577
2017-09-29,1.180595728604654,1.3388852441457242,1.030460409711059,0.1223540927444023,0.15863447444398618,0.1254295963675589,0.2742882220637446
2017-10-02,1.1743981209630063,1.3282329189246627,1.030269312398261,0.12226284065483978,0.15781084791768585,0.12524265764919532,0.2722792495983881
2017-10-03,1.1752952929423517,1.3236442573693894,1.0265570303758225,0.12284257723727045,0.15792050281888098,0.1251846473548484,0.2726801734245903
2017-10-04,1.1787031907495373,1.327844907714779,1.0288912667709276,0.12352083796536475,0.15837068241927055,0.12601918011921415,0.27430326969497476
2017-10-05,1.1742050631722325,1.3170545392284694,1.0235309771650238,0.12334714821393328,0.15777101115441047,0.1255823883258612,0.2730673657191229
2017-10-06,1.1706997272269635,1.307531380753138,1.0203977510433566,0.12269185939512915,0.15729453401494298,0.12491412154144027,0.2720126213856323
2017-10-09,1.1746050390556175,1.316898440792246,1.021659174499387,0.12319063751154913,0.15781333838336017,0.12523952058311522,0.2726727381796368
2017-10-10,1.1797043660858588,1.3194352816994326,1.023866324012737,0.12383287515169528,0.15850121253427588,0.12584156546907443,0.2747932181033772
2017-10-11,1.1829979534135406,1.3186871151081985,1.0265570303758225,0.12411721629907284,0.1589420815054994,0.12613362596334557,0.27607531334548063
2017-10-12,1.1856067342462504,1.3139050572205653,1.0263147091424114,0.12365066214929579,0.15927371187385522,0.12666565334143992,0.27746177963985463
2017-10-13,1.1810000708600041,1.3272633157692153,1.0240131073677743,0.1229573706795854,0.15865209182783077,0.12645902095425976,0.2775233813448783
2017-10-16,1.1803031018365517,1.3298756566261054,1.025104816967535,0.12309510327679166,0.15855901566563074,0.12673307479786075,0.27852049910873444
2017-10-17,1.1759033877776601,1.3190349939983907,1.02217088652881,0.12272799793816964,0.15796790092253254,0.126089094554212,0.27800172361068637
2017-10-18,1.1748948469112015,1.3159279924202547,1.0171387885877028,0.12245597707624109,0.15783575611218964,0.12555715989704314,0.27790901258927825
2017-10-19,1.1834039431019385,1.3175924949931486,1.025388622287847,0.12270239760484919,0.1589749296535936,0.12563918937595014,0.27915805929317183
2017-10-20,1.1817956202654314,1.318634949100691,1.0190563538163662,0.12253550466247595,0.15876291933256068,0.12553036579548593,0.2789711543826368
2017-10-23,1.1739982859625024,1.3177661228685134,1.0137258479816718,0.12173299085785237,0.1577162684330889,0.1250500200080032,0.27776234653630355
2017-10-24,1.1760970044809296,1.316985157577274,1.0127402726296815,0.12190661952944046,0.15800783718872455,0.12527246761706712,0.2773617351750153
2017-10-25,1.1784948264077122,1.3259082471492973,1.008125491461177,0.12167226359079185,0.1583380834758376,0.12486421017143857,0.2782415136338342
2017-10-26,1.1752952929423517,1.3204109118757756,1.0064209657615588,0.12089267148625449,0.15790304752881731,0.12389117399276475,0.2775233813448783
2017-10-27,1.160496692584426,1.3093289689034369,0.9977052778609199,0.119159685895068,0.1559673092519808,0.12171224790350652,0.2733061849189647
2017-10-30,1.1611974267865024,1.319853232320566,1.0007806088749225,0.11960005740802755,0.1560549313358302,0.12243798516051618,0.2736577089376608
2017-10-31,1.1638056444573757,1.32471386180585,1.0013718794748805,0.11946860365096053,0.15639906786155552,0.12219859716010459,0.2742205281487372
2017-11-01,1.1611974267865024,1.3288330188428523,0.9976057462090983,0.11905470563724031,0.15604275571506593,0.12273552948107418,0.2742656537121856
2017-11-02,1.164496820923679,1.3130079699583777,0.9998000399920016,0.1192947295588481,0.15647982974994523,0.12278827617539077,0.2748007694421545
2017-11-03,1.1657049600746052,1.3109080660173302,1.001893578864053,0.1190561230564088,0.15663669684533693,0.12290901045955678,0.2750426316078992
2017-11-06,1.1590037204019425,1.311234658554495,0.9997000899730081,0.11864929640967228,0.1557389814670612,0.12280184693977797,0.2732987154960372
2017-11-07,1.1562030292519367,1.3133011136793444,1.0004301849795412,0.11865351985666656,0.1553542854479641,0.12229423994129877,0.2727173557325188
2017-11-08,1.1590037204019425,1.3110111829253905,1.0007806088749225,0.11913129459977842,0.1557074568301076,0.1223481048278562,0.27373261797875836
2017-11-09,1.1629935453858231,1.312146540525646,1.003542505042801,0.1194600406164138,0.15627197574658938,0.12302392815402595,0.2746422784323419
2017-11-10,1.1654060857505797,1.3187740676267343,1.0054394273017022,0.11961436329274418,0.15659745059350436,0.12324377618930243,0.2754593284301573
2017-11-13,1.1655962607671955,1.3093975461889984,1.0056113111160274,0.11929757587325825,0.156631789988096,0.12280787935353933,0.275239458328746
2017-11-14,1.1744946736666548,1.3110455588331693,1.0087560020982125,0.11875074219213871,0.15783326493891853,0.12244248264377809,0.27713113845471676
2017-11-15,1.184006440995039,1.316863757275672,1.0141370707664847,0.11872254541137361,0.15908367801463572,0.12142406139200544,0.27876895628902765
2017-11-16,1.1770937555176268,1.3198706526760378,1.0072725075041802,0.11905754050932815,0.15817528985621868,0.12191256430887767,0.2780094523213789
2017-11-17,1.17949564766106,1.3195745691589031,1.0084609876866915,0.11861129891233439,0.1585137748470342,0.12139458094590656,0.27856705108919716
2017-11-20,1.1781060766711435,1.3246085781651522,1.0089901018071012,0.11830119484206791,0.1583180292571718,0.12108149995762146,0.27843519420854795
2017-11-21,1.1717971853431608,1.3240999430637026,1.0066134503689237,0.11780089293076842,0.15747039556563366,0.12094092036040395,0.2770850651149903
2017-11-22,1.1748948469112015,1.3229438145761951,1.0120638005019837,0.11889475436343748,0.1578731331502005,0.12147125989990767,0.2787068004459309
2017-11-23,1.1848060472500652,1.3311679667740475,1.020231184386382,0.12035722022964157,0.15920524740495445,0.12291354261412522,0.2812623052258536
2017-11-24,1.1877048790916434,1.332693640385948,1.019482306884564,0.12040939193257075,0.15959144589849983,0.12294074256208506,0.2820556213685339
2017-11-27,1.195200076492805,1.337291716815106,1.0199710328226679,0.12041084179219497,0.16059355377475149,0.1225430125974217,0.28398602788742794
2017-11-28,1.1888062008131435,1.327703868929074,1.0178117048346056,0.12000768049155144,0.15973675382968866,0.12199138740804899,0.2825816661015033
2017-11-29,1.1827041347336549,1.3395129530902563,1.0139725416235728,0.11928334565927905,0.15891682293487588,0.1214152157548384,0.28155531154095226
2017-11-30,1.1849043189762427,1.3467106592148677,1.0128223307067474,0.11943578535000657,0.15922552703649448,0.12041954168322436,0.2824220515137822
2017-12-01,1.188495364868077,1.3487995683841383,1.016590761223162,0.11946289482486741,0.15970103965376814,0.12035142616440006,0.28211132112731685
2017-12-04,1.1864929640967228,1.3525210993291494,1.0171491344060866,0.11908447852906853,0.15943623347842031,0.12025156627665076,0.282326369282891
2017-12-05,1.1846937566639024,1.3434540202861558,1.014909013406948,0.11885094902482797,0.15920271281422635,0.12060689389005476,0.2819363387747047
2017-12-06,1.1816978634902628,1.3377568493150687,1.0118999433336031,0.11904478464798457,0.15878560767252056,0.12110642832921573,0.28041052100274805
2017-12-07,1.178605944888386,1.3382760328145284,1.0073536818777071,0.11838382403428395,0.15838322404890876,0.12087805821487284,0.27975940691005735
2017-12-08,1.1742050631722325,1.3415615776764154,1.0032505317227818,0.1176913661613784,0.15778594758350822,0.12022698855439068,0.27943888671547534
2017-12-11,1.1796069549626065,1.3366660874446956,1.0100193923723335,0.1177717583323519,0.1584786053882726,0.11936307861252357,0.2806387337580333
2017-12-12,1.1765951689002365,1.336005344021376,1.008135654733701,0.11845534233593935,0.15809526820862252,0.11976191331632714,0.2798533568410153
2017-12-13,1.1735987231245892,1.3350778350377828,1.0076378952459644,0.11847358631393132,0.15767647939956797,0.11944719836596232,0.27845845399866337
2017-12-14,1.1844972993461576,1.3435262189141621,1.0136025461695959,0.11905895799599961,0.15913684177023824,0.12113576896986142,0.2805521265851195
2017-12-15,1.180595728604654,1.3377389536205904,1.011736139214893,0.11855505103794946,0.1585917056537943,0.12068112426535364,0.2799787216171571
2017-12-18,1.17949564766106,1.3371844244758238,1.0122686966028263,0.1184385067273072,0.15845098318835069,0.11965730148853682,0.28036335090277
2017-12-19,1.1822986249866991,1.3359339514254416,1.015455228578972,0.11881423394522665,0.15883604942977858,0.11957574525583231,0.2815473844247987
2017-12-20,1.1844972993461576,1.3411477542480854,1.0122174648001376,0.11949144441258006,0.15911405295315684,0.12003072786633377,0.2817456963344885
2017-12-21,1.185901997058963,1.3360231933626368,1.0114291493880854,0.11877471998859764,0.1592940089523233,0.11890182276494299,0.2823742022928785
2017-12-22,1.185297568954686,1.3382939428816145,1.0100601995878955,0.11933316626690058,0.15922299180001592,0.11977195419920472,0.2823821760370485
2017-12-27,1.189499101928178,1.3426603472119658,1.0104480326576804,0.12048337931782312,0.1597724839828085,0.1206330824165219,0.28400215841640397
2017-12-28,1.193402868940497,1.344411282299481,1.0196486290824183,0.12121652908590615,0.1602846655660453,0.12094823415578132,0.2854451517140981
2017-12-29,1.1992996090283274,1.351734951810649,1.0248631807653679,0.12183235867446393,0.161090258872046,0.1218769043266301,0.2871170576243935
2018-01-02,1.206505477534868,1.3563368055555556,1.029611630492978,0.12275812965713653,0.16208243512650536,0.12342936137648422,0.2897962732199264
2018-01-03,1.202298795296607,1.356391997287216,1.024453710059111,0.12237206001125824,0.16150914141740422,0.12338824110062312,0.28865027133125504
2018-01-04,1.206505477534868,1.3540594702919353,1.025672584797481,0.12283654141433993,0.16205616866806036,0.12354678098862136,0.2903347559736376
2018-01-05,1.2045000120450002,1.355160450997398,1.0244956919956152,0.12250998456374196,0.16176779850203019,0.12364301787878039,0.289863474303603
2018-01-08,1.1973036721303625,1.3542061643464602,1.0225471649879851,0.12196758101696568,0.16078204386134157,0.12371031991488732,0.2873810960715004
2018-01-09,1.1932035127911416,1.3517532239314392,1.0174803117559674,0.12139900210020274,0.16022816490682731,0.12337301832089323,0.28548589699668836
2018-01-10,1.1991989351113457,1.352429639847987,1.0227667887168368,0.12222996345324093,0.16103318894024057,0.12433635470675271,0.2867959160261558
2018-01-11,1.2017064231208316,1.3490907128595326,1.0239397104298498,0.12236906510034262,0.16135798883402716,0.12422668886183509,0.2875877142528471
2018-01-12,1.213695338196206,1.3639773579758576,1.02969644548787,0.12340651339577702,0.16294075474157596,0.12565497656534685,0.2909006283453572
2018-01-15,1.2277018648791327,1.3787778513125963,1.0405069349787217,0.12484862104698052,0.1648016612007449,0.12694866196110294,0.2945074363127669
2018-01-16,1.223002225864051,1.3763298787453375,1.0368818887840485,0.12450664242937359,0.1641793495214172,0.12698896465897114,0.2931949453191427
2018-01-17,1.220300926208403,1.377809008115295,1.036441275237345,0.12398333663955564,0.1638672675133142,0.12682469023069412,0.29254307696808357
2018-01-18,1.223496017520463,1.3870587419377212,1.0414496979795875,0.12446015408167074,0.1642845408247084,0.1274307413920534,0.2936512597639044
2018-01-19,1.2255052145246879,1.386866375424728,1.0422637969670123,0.12462767482147087,0.1645982157553412,0.12733338426668706,0.2937720329024677
2018-01-22,1.2239003255574865,1.3894485278792847,1.0403770326366275,0.12445550715619166,0.16440878600552414,0.1271940981938438,0.29345306218270384
2018-01-23,1.224904763654626,1.3946223362713377,1.0399010014246644,0.12442763288871193,0.16456029489204843,0.12709064104519344,0.2937720329024677
2018-01-24,1.2351931224446941,1.4167918166104672,1.052576180201042,0.12562656248037085,0.16590901549590203,0.12829888508268864,0.2971856518767274
2018-01-25,1.2406947890818858,1.4254761090204127,1.0622477161674102,0.12635994895058061,0.1666611112962901,0.12943140782542292,0.29918621349928193
2018-01-26,1.2435954832612048,1.4239334738281026,1.0691185117870317,0.1268922811425381,0.1670871693762636,0.1300085805663174,0.300228173411793
2018-01-29,1.237899532073977,1.4076576576576576,1.0705721137375814,0.12654543613884564,0.1663229326059477,0.12955717358070115,0.2987482448540615
2018-01-30,1.242097156839608,1.4126089474650732,1.0717883861010482,0.12697122831966276,0.16691425614661748,0.1298886853966151,0.2996703626011387
2018-01-31,1.2457023269719467,1.4170126539229997,1.071019289057396,0.12757380144413544,0.16738923017693041,0.13027618551328818,0.300147072065312
2018-02-01,1.2459040903031284,1.4235686017709195,1.0737793812883205,0.12709387153351465,0.1673976363453748,0.13018121224744844,0.29990403071017274
2018-02-02,1.2492036326841638,1.4219694276573054,1.0772727762396717,0.12717953935570847,0.167838740538091,0.13058410269133836,0.3007157033740302
2018-02-05,1.2439977110442118,1.4045732906343051,1.0725010725010724,0.1265022137887413,0.1671290570578601,0.12943810916810128,0.2991504128275697
2018-02-06,1.2328936012822094,1.3870779815241212,1.0655073946213187,0.12493284859388078,0.1656479318855704,0.12709710218607015,0.29605944873730644
2018-02-07,1.2338062924120914,1.3913817812469564,1.0626992561105209,0.1251501802162595,0.16576600470775452,0.12769924274349054,0.29662148132767774
2018-02-08,1.2252049155221212,1.4000112000896006,1.0603217016042668,0.12379761565792242,0.16462802298207202,0.12649261283141064,0.2938497252505069
2018-02-09,1.2272950417280315,1.38303021921029,1.0672130797635055,0.1234110823151919,0.16487774315345172,0.1252567763916028,0.29289438228574777
2018-02-12,1.2263017192750105,1.3840830449826989,1.0660753502057525,0.12362467548522685,0.16469580684475774,0.12580673569262898,0.2937375161555634
2018-02-13,1.2333041451352318,1.386750981126319,1.0703887651995205,0.12408949334259868,0.16557113763928671,0.126598303582732,0.295185524101898
2018-02-14,1.234796567265543,1.386789443758754,1.0719722144802006,0.12434408495187885,0.1657715005636231,0.1271051795360661,0.295980583673711
2018-02-15,1.2492972702854643,1.4090857851425995,1.082110548413626,0.1259636217060513,0.1677064466358087,0.12833016785585957,0.3008061605101673
2018-02-16,1.24640101706323,1.4035481697731866,1.081852997814657,0.12572132610854778,0.16734441153337684,0.1287465238438562,0.2996344459759094
2018-02-19,1.2410027302060065,1.4008348975989688,1.0779114387961886,0.12515801199013757,0.16662223407091442,0.1285016705217168,0.2993205423688228
2018-02-20,1.2340042202944335,1.3995997144816583,1.0695987934925608,0.12378688849277084,0.1656973372437905,0.12763404765855338,0.2975836209975003
2018-02-21,1.231193518997316,1.3917690776746323,1.065882177384112,0.12355441336364534,0.16533844780265203,0.12769108971575963,0.2960419195358063
2018-02-22,1.2275963663147558,1.3895836807292536,1.0667349377026796,0.12280486307257767,0.16486143396475264,0.1266961446363187,0.2935478189397053
2018-02-23,1.2299064041226464,1.3985622779782383,1.0690156503891217,0.1222777906848779,0.1651554938975045,0.12709548683926233,0.2949504483246814
2018-02-26,1.2319974374453302,1.4028787071069835,1.0685130572295594,0.12266627413458943,0.16545881730037393,0.12792958755500972,0.2954646181119811
2018-02-27,1.230103082638325,1.3915173104753424,1.0660412557965993,0.12203307096223077,0.16520187669331923,0.1277498147627686,0.2952029520295203
2018-02-28,1.2214038816215358,1.3814444383046915,1.0602430076973641,0.12102288542763437,0.1640231600702019,0.12702606574869163,0.29233782559125326
2018-03-01,1.2170928520136801,1.3749484394335214,1.0566021787136926,0.12028483448806776,0.1634360801490537,0.12599377590747018,0.29080757262919127
2018-03-02,1.231193518997316,1.3784167505203524,1.0694958396611838,0.12112989970444306,0.16530838278809118,0.12801310854231474,0.29353058588704944
2018-03-05,1.2306934957848747,1.3817307559448966,1.0656322929210047,0.12103313887342354,0.16526467137120096,0.12775144678513484,0.2936598831233665
2018-03-06,1.2410951423536127,1.3919046823673515,1.0675206832132373,0.12187393360308098,0.166602802259134,0.12910722354915757,0.29680636352843404
2018-03-07,1.2416961569503941,1.3871741874627197,1.063739256233512,0.12127974385718097,0.16666666666666666,0.1283071159126485,0.29607698001480387
2018-03-08,1.242097156839608,1.388368250794841,1.0588173010746995,0.12156872279899827,0.16671390227231048,0.1278739674177131,0.2954384306310565
2018-03-09,1.2291052114060963,1.3826668878933688,1.0509611039295437,0.12091752215813595,0.16499199788810243,0.12810002049600328,0.29251740478558474
2018-03-12,1.2301938785552602,1.3886381625539832,1.0531637037661135,0.12112696528501174,0.16513640266860427,0.12862067191439008,0.29281719422564495
2018-03-13,1.237807595187404,1.3962775241206942,1.0588509349653756,0.12186947778928767,0.16617920765753788,0.1291956280199478,0.2938842683751139
2018-03-14,1.236904275978082,1.3955760240039077,1.0568143388569498,0.12215680046908212,0.16604124464516987,0.12921065212616129,0.29434273267793015
2018-03-15,1.2340955930446373,1.394777951350145,1.055776682116199,0.12225686166636102,0.16568086551684144,0.12979933023545598,0.2929801945388492
2018-03-16,1.230103082638325,1.3938253536831835,1.0511931041732365,0.12204051745179398,0.165144584083365,0.12960754834361554,0.29168125072920315
2018-03-19,1.2309055772331705,1.4052443719962902,1.0505194818837915,0.12206733234051903,0.16525647805393973,0.1292891681534921,0.29188558085230587
2018-03-20,1.2275963663147558,1.3995409505682135,1.0473507263377286,0.12207329280500011,0.16481252575195715,0.12940795858945325,0.29036847759807194
2018-03-21,1.2286068826557566,1.405678942929435,1.049273902459498,0.12178487918939984,0.16494301218928858,0.1292874966062032,0.2900063801403631
2018-03-22,1.2316029312149763,1.4123894805231492,1.055264185388812,0.12169891687963977,0.16535211733386246,0.12922233995813195,0.2917323064356147
2018-03-23,1.2345983851453122,1.414447163326214,1.0549413452612035,0.12110642832921573,0.16576600470775452,0.12898732054639028,0.2921328620256493
2018-03-26,1.2410951423536127,1.4224953413277572,1.057250092509383,0.1218338430049099,0.1666305633779348,0.12980438479211828,0.2934014024587037
2018-03-27,1.2375931288829485,1.4073208832345863,1.0520225132817842,0.1211475092072107,0.16614607562969363,0.12945151393545548,0.29329813755682654
2018-03-28,1.2398026234223511,1.4152078232688472,1.0505857015286022,0.12060253024108446,0.16638658258598024,0.12857932701580238,0.2946810078090467
2018-03-29,1.2321036938468741,1.4082721908490472,1.0460141630317674,0.11980352222355338,0.16531658125309967,0.12732203562470557,0.29262012055948966
2018-04-03,1.2307995273729815,1.4062521972690583,1.0452706728407322,0.1195328655613861,0.1652264428399121,0.12775797529160757,0.29244041526538966
2018-04-04,1.2275963663147558,1.4017971038871835,1.0424593701460485,0.11898246198510339,0.16477993639494457,0.1274177518411865,0.2920390164125927
2018-04-05,1.226001029840865,1.4028196675317388,1.0393389804084603,0.11886790210039584,0.1646253127880943,0.1278756026137773,0.2916217083199673
2018-04-06,1.2234062075630971,1.4014631275051155,1.0369571529304409,0.1187958849105467,0.16427104722792607,0.12762427413694086,0.29140076347000027
2018-04-09,1.230405787828826,1.4128284826222097,1.0436016781114985,0.11950286806883365,0.16522371290727647,0.128323580741197,0.29328953542937586
2018-04-10,1.2360939431396785,1.4178162793665197,1.0482509932178161,0.12017930752683004,0.16599163402164532,0.1281328481369484,0.29480262963945636
2018-04-11,1.2384054291694013,1.4175750960407127,1.0446264415844895,0.12039344578081168,0.1663422991832593,0.12871503777786358,0.2954558884358565
2018-04-12,1.232301075798839,1.42059579787763,1.0376350222572712,0.11880717595342759,0.1655190677966102,0.1284010220721357,0.29449876310519496
2018-04-13,1.2316939486876302,1.4255777153691533,1.0390581976496505,0.11866337573571294,0.16540134636695944,0.12878134215914797,0.2949243519037367
2018-04-16,1.2369960787224306,1.430635631411036,1.0414171604719702,0.11889051372590982,0.16609916119923593,0.12892080395013342,0.29715915844526325
2018-04-17,1.235696809430838,1.4321928304426907,1.037710395782745,0.11891737620701137,0.16592277953840281,0.12874486629845636,0.2970267621112662
2018-04-18,1.238804306083768,1.422191882128737,1.0341475521727441,0.11907738839471772,0.16633123201543554,0.12891415606347734,0.29709735880448024
2018-04-19,1.2382060870211238,1.4236294007943853,1.0339016345984844,0.11931180948290263,0.1662510390689942,0.129213991290977,0.2971856518767274
2018-04-20,1.2309055772331705,1.4050074465394666,1.0283199308969007,0.11869436201780414,0.16527286550094206,0.12815255279885174,0.2953424495702767
2018-04-23,1.2237954792994994,1.396394509376789,1.0248736843184079,0.11794121809690052,0.16431963455313275,0.12713749920539064,0.2921243281140453
2018-04-24,1.2212994626282365,1.3962775241206942,1.0225262533615551,0.11768721093078816,0.16398012560877623,0.12683595038177622,0.29081602977956145
2018-04-25,1.218501730272457,1.3944862015590356,1.0166010958959812,0.11691667348680594,0.16358044886475168,0.1255540070561352,0.2884670859054982
2018-04-26,1.216796661109962,1.3970187619619732,1.0160330007518645,0.1164646005846523,0.1633079661625894,0.12578616352201258,0.2872490161721196
2018-04-27,1.2070006035003018,1.3762919941094705,1.0091937551090433,0.11475786091347256,0.16201153522130776,0.12496094970321775,0.286286859433152
2018-04-30,1.2079045272261681,1.3732302495159363,1.0092752394505506,0.1150456731322335,0.1621323648626739,0.12501562695336918,0.2857959416976279
2018-05-02,1.2006964039142702,1.3638099394468386,1.0041773778920309,0.11308763160573128,0.16119412608604541,0.12383747569689538,0.2808357672433161
2018-05-03,1.1991989351113457,1.3599521296850352,1.0028480885715432,0.11308379509216329,0.16097356814011138,0.12431471513283027,0.2813176920696543
2018-05-04,1.1969024165459792,1.3564839934888768,1.0015925321260803,0.11321950998596078,0.16067612513456625,0.12410797393732549,0.2813414359666892
2018-05-07,1.1902069769932992,1.3523381927352391,0.9948269001193791,0.11294075128187753,0.15978780179921065,0.12373481155188201,0.27980637398919944
2018-05-08,1.1869999762600005,1.3499284537919491,0.9970089730807579,0.11330674401740393,0.15932192588344007,0.12334714821393328,0.2773848159551746
2018-05-09,1.1879024019386566,1.3584557075516555,0.9987016878058523,0.11480265423736598,0.15945911468299528,0.12368124868588673,0.2784817176752346
2018-05-10,1.1878036323035075,1.3526857575716587,0.9975062344139651,0.11515298073490632,0.15944385981695847,0.12441679626749612,0.27986118885033023
2018-05-11,1.193402868940497,1.356134474294471,1.000080006400512,0.11627636566591476,0.16019223067681218,0.1250609672215205,0.280245495053667
2018-05-14,1.1987964084059604,1.3585664406917821,1.0019236934915037,0.11643612314284384,0.16090104585679807,0.12532741787920942,0.281214848143982
2018-05-15,1.188297644794068,1.3518811426099417,0.9977052778609199,0.11544944468817106,0.15952016334864727,0.12420508744038156,0.2774002052761519
2018-05-16,1.1783976149232274,1.347999568640138,0.99930048965724,0.11451605515093216,0.15820281601012498,0.12311480455524776,0.2747554676338059
2018-05-17,1.180498170227836,1.351460929264535,0.998801438274071,0.11466706417915581,0.15849618816667457,0.12352846713525131,0.27517886626307103
2018-05-18,1.1781060766711435,1.3490907128595326,1.000680462714646,0.11429747059697569,0.1581702861300476,0.1230103082638325,0.2742957456729846
2018-05-21,1.1759033877776601,1.341741580571582,1.0005102602327187,0.11466049028825648,0.15790055423094534,0.12340803633132591,0.2725909772386534
2018-05-22,1.1793982710021347,1.3449899125756557,1.004772670183371,0.11544811184613077,0.1583556350852745,0.12427763623935872,0.27516372241483683
2018-05-23,1.1707956727391935,1.3311679667740475,1.0094891984655763,0.11377340887887682,0.15716598299464063,0.12316029312149762,0.2717243628063692
2018-05-24,1.1728004128257454,1.3407341860402757,1.0104276129658072,0.11439946003454862,0.1574307304785894,0.12369960787224306,0.2725464010247745
2018-05-25,1.167501430189252,1.333671196703165,1.0070696287941348,0.1145488493568082,0.15674226868759697,0.12303906490310675,0.2709439687872548
2018-05-28,1.1644019049615166,1.3312742957558974,1.0057832537088258,0.11374105710938477,0.15635016182241748,0.12242299593555653,0.2704603234705469
2018-05-29,1.155802126675913,1.326330309300228,1.003562647398264,0.11202599002968688,0.15528914839431018,0.12087659708203895,0.26810370251213167
2018-05-30,1.1631964638827497,1.329362969265128,1.0103357345645958,0.11317082003576198,0.15627686008532715,0.12184868829887048,0.2696653453064747
2018-05-31,1.1699053546568081,1.3342762218634503,1.0150120278925305,0.11393284797940093,0.15716845314808411,0.12266326480545606,0.27170221437304715
2018-06-01,1.1669019919017,1.3308667935426344,1.0119716243156542,0.11335426608780422,0.15675455371978556,0.12241550269926182,0.2703506447862878
2018-06-04,1.1736951444231876,1.3387239283514953,1.0165390910107448,0.11441516687452088,0.15768393831404334,0.12350863325346441,0.273920070123538
2018-06-05,1.167501430189252,1.3359696467696254,1.0138902970698571,0.1139042976091488,0.15687012722167318,0.12288484461211398,0.272234775270193
2018-06-06,1.1764982705475424,1.3417595835178253,1.011695196471207,0.1144898333028027,0.15805528773965133,0.12353304508956145,0.2751864388122953
2018-06-07,1.1836000378752012,1.343129222462493,1.0192017611806432,0.11545610936002677,0.1589092469290788,0.12457178449081284,0.27782408179140966
2018-06-08,1.1754058088555073,1.3397462520598598,1.015723398204201,0.11426090334670187,0.15782330103216438,0.12361550632911392,0.27467245309967864
2018-06-11,1.178995024640996,1.337041394801583,1.0136744685811598,0.11499011085046686,0.15827292583330696,0.1240879535414702,0.27631179022408886
2018-06-12,1.1788004526593738,1.3368805229876606,1.0148987131084317,0.11608065283759157,0.15822284104933387,0.12482680281109959,0.27571755493672284
2018-06-13,1.1764013881536382,1.3336356240747902,1.0127402726296815,0.1160617912976869,0.15790055423094534,0.12465408491436265,0.2750804610348527
2018-06-14,1.1730067682490528,1.3377747454883546,1.0125146814628811,0.11545211046457929,0.15745056052399545,0.12443227773284389,0.2748914178899335
2018-06-15,1.159595069401765,1.3279859764680884,1.0018132820404932,0.11400688601591537,0.15564444582795062,0.12294376552165039,0.27089259108763375
2018-06-18,1.1613053071652537,1.3248542660307365,1.0051059381658827,0.1136040897472309,0.15587978550941514,0.12309661853588882,0.27084856856531514
2018-06-19,1.1534025374855825,1.315270288044193,1.0028682030607536,0.11173434043218843,0.15475803581100947,0.12154508107056908,0.26734393797620637
2018-06-20,1.157796019497285,1.317505698212145,1.0035525761194628,0.11267605633802817,0.15535669898086005,0.12226882022815364,0.26830511657857314
2018-06-21,1.1538017768547364,1.3205852833976017,1.0036532980047372,0.1117505727216852,0.154829919333612,0.12241550269926182,0.2667377967457989
2018-06-22,1.164795228998742,1.3287270794578794,1.0098867916906515,0.11314265025343953,0.15629395767559626,0.12348423106369316,0.2699565369975434
2018-06-25,1.1700011700011699,1.3289389751222622,1.013078847926734,0.11290887125001411,0.15701051970482022,0.12354372830263272,0.269774468544297
2018-06-26,1.1672016340822877,1.3239596986667725,1.011173466808231,0.11289994806602388,0.15664896533358397,0.12322858903265557,0.2688750268875027
2018-06-27,1.1616020815909303,1.3174015571686406,1.0069378014520043,0.11222840725444426,0.15590408780518225,0.12255052145246878,0.2678810608090008
2018-06-28,1.1583056305236699,1.3085237235351077,1.0023354415788788,0.1111704019921736,0.15545813512421106,0.12226134585289515,0.26547732823616865
2018-06-29,1.1658000886008069,1.3157202252513025,1.007688664510213,0.11152748037116346,0.1564308731971342,0.12256704417316273,0.2665813606312647
2018-07-02,1.1639004632323844,1.3129217761205787,1.0065729211752745,0.11138834432364997,0.15622070861713427,0.12249647822625098,0.26516758591429784
2018-07-03,1.1664936367772114,1.3203237433818773,1.0079527471752123,0.11311705352698972,0.15656557749213257,0.12323770087745244,0.265625415039711
2018-07-04,1.164198565707367,1.3213356060305756,1.0073536818777071,0.11356925453141327,0.15625488296509266,0.1232832803215228,0.2658584569575158
2018-07-05,1.17090534401199,1.3258906670555946,1.008267795926598,0.11438768273432316,0.15715363339200403,0.12402331638348009,0.2686944138431362
2018-07-06,1.1724016648103641,1.3233289663477446,1.0077394388906804,0.11392506009546921,0.15730938035835076,0.12416190712689347,0.2684347569323276
2018-07-09,1.1788977306218686,1.3344186605105486,1.0122789435856945,0.11496102821143632,0.1581702861300476,0.12512512512512514,0.2728661864221786
2018-07-10,1.171303074670571,1.3259258277091979,1.0054899752649467,0.11434190516482387,0.1571462245619549,0.1244137004366921,0.2710835208327686
2018-07-11,1.1735023176670774,1.3262599469496021,1.0070392040362133,0.11421522717408684,0.1574307304785894,0.12423440547625259,0.27155465037338766
2018-07-12,1.1658000886008069,1.320829480914014,1.0013718794748805,0.11280061363533818,0.15636972056730933,0.12344002666304575,0.26941106740664905
2018-07-13,1.1642934485207652,1.3157721608926198,0.9948269001193791,0.11221077672299648,0.1561670362619858,0.1227777232099008,0.2694546238413451
2018-07-16,1.172003187848671,1.3277391258165594,1.0020542111328223,0.11341983486072044,0.15721292919129667,0.12364148913809518,0.27247213972371326
2018-07-17,1.1706997272269635,1.3194701008075158,1.0050655302725737,0.11365702855064556,0.15705737305837822,0.1233943312644217,0.272212543554007
2018-07-18,1.1611030478955007,1.3028806691595116,1.0,0.11259739674818718,0.15576081369449074,0.12219113136768534,0.26937478113299035
2018-07-19,1.1588022619820155,1.2976732718236201,0.9971083856815237,0.11189061573405838,0.15546538563188908,0.12100677637947727,0.2677447856702991
2018-07-20,1.1669973159061735,1.304716550329441,1.0031800808563145,0.11231033592021473,0.1566023552994237,0.12168262737129021,0.2699565369975434
2018-07-23,1.171604981664382,1.3138877939823939,1.0087865306822423,0.11321181931393637,0.15724259387382852,0.1226376914680958,0.2712011498928755
2018-07-24,1.170603797438719,1.3126632624932726,1.006876969703072,0.11334398766817415,0.15711906482732615,0.12244098344597905,0.27110556850837714
2018-07-25,1.1690027237763463,1.315633674959544,1.0079324282100128,0.11357828383213128,0.15688489355359972,0.12242749231767484,0.27188689505165853
2018-07-26,1.171604981664382,1.3184784758388821,1.008613559800698,0.11403808872163303,0.15722528811534048,0.12273854235707098,0.2735154946527721
2018-07-27,1.162493315663435,1.3087806091064955,1.0024158221313366,0.1128528060850233,0.1560403208188996,0.1219095918466865,0.2708632411495436
2018-07-30,1.1684017432554008,1.3117850771329624,1.0074145712443585,0.11398739299433483,0.15684798293493946,0.12261513561233998,0.2731643356643357
2018-07-31,1.1735987231245892,1.3154086974823078,1.0124224231318275,0.11441909425844984,0.15753241229382944,0.12309813383229111,0.2744011195565678
2018-08-01,1.1696043228575772,1.3135598786270672,1.0092344956350607,0.11355893708834887,0.156963694297509,0.12262566064574673,0.2737850787132101
2018-08-02,1.1616965416293956,1.3031523254753248,1.005803486114883,0.11278280287821713,0.1559016572346164,0.12169447385394229,0.27129679869777534
2018-08-03,1.1588022619820155,1.3012869728161152,1.0052069721155585,0.1122939406189642,0.15548955887612145,0.12145503127467057,0.27193865064041556
2018-08-06,1.154294552884005,1.292891681534921,1.0026067776218168,0.11202473506150157,0.15489707089638935,0.12109029703449863,0.27013155406683054
2018-08-07,1.1602004826434007,1.2965628119854267,1.006248805079544,0.11237343941386015,0.15569048731122528,0.1221224888563229,0.2728438514638073
2018-08-08,1.1588962671951233,1.2864549161874623,1.0038951130385898,0.11156356334021308,0.15548714121342164,0.12160124519675082,0.27206442485580584
2018-08-09,1.1592993194912995,1.2889753934597388,1.0070392040362133,0.11160589725561097,0.15547263681592038,0.12146535807987563,0.271252644713286
2018-08-10,1.1455934746995682,1.2774981476276859,1.0057023322237084,0.10988165745492105,0.1536806516059628,0.12017208642776456,0.2669727954721414
2018-08-13,1.1403028644407955,1.276503401881566,1.0057326762546515,0.10954582301776833,0.15298707259236594,0.1196601651310279,0.2653998248361156
2018-08-14,1.1406020097407412,1.2772697082715987,1.0095605382976789,0.10997107760658947,0.15300814003304977,0.11971603356837582,0.26530124956888546
2018-08-15,1.1321053763684323,1.2701638511367968,1.0028380316295116,0.10882103292924457,0.15180957007529755,0.11853397183632829,0.2615541547877488
2018-08-16,1.1369967368193654,1.2704220341997612,1.0062791820962809,0.10863425020640508,0.15246691467951456,0.11827740783232994,0.2635462787265444
2018-08-17,1.1390948752121566,1.2716660096392283,1.0046717235143416,0.10855288153624039,0.15273938079455024,0.11768167107972932,0.2642007926023778
2018-08-20,1.1419957517758035,1.2762916071063917,1.0047524792267426,0.10884709160571229,0.15310887572152557,0.11807211844994922,0.2653505280475508
2018-08-21,1.1502053116481292,1.281706207303162,1.0114291493880854,0.10941996476677135,0.15421627290111653,0.11851570925726206,0.2669870511280203
2018-08-22,1.1616020815909303,1.2917059560561632,1.018859081600424,0.1105497639762539,0.1557365560417997,0.11999040076793857,0.2712673611111111
2018-08-23,1.1579032687609276,1.2882945556672076,1.0172215610282076,0.11008487543896345,0.15523611412959112,0.1200105609293618,0.27065064414853307
2018-08-24,1.1588022619820155,1.2847030408920979,1.01667344448963,0.10948345704963978,0.15535187199005748,0.11954001004136085,0.2708265626692666
2018-08-27,1.1633047160373187,1.2873326467559216,1.0179360328996925,0.10964671827372206,0.15597704017968556,0.11994290717618412,0.2723682418629988
2018-08-28,1.1710013232314953,1.2913556651773033,1.0247686584753493,0.10981649663412438,0.15702531248037183,0.12041954168322436,0.274092752987611
2018-08-29,1.1660039877336381,1.2883941455370027,1.024149443886852,0.1090500648847886,0.15635994058322258,0.11962008660494271,0.27219031546857564
2018-08-30,1.1691940745244302,1.3026091260795374,1.0311298089316465,0.1098454474554302,0.15679633723756214,0.12028772824596436,0.2726578689060966
2018-08-31,1.165093790050099,1.2983134907754827,1.0328017846814839,0.10970325270144259,0.15626709171315611,0.11992996090283274,0.27150304083405735
2018-09-03,1.1609008590666356,1.2876310164559244,1.0302586979590576,0.10972010401465859,0.15575110972665682,0.11965586971868905,0.2702775750695965
2018-09-04,1.1562030292519367,1.283845373663196,1.026725669168455,0.10944151992382871,0.15509887553315238,0.1189867091845841,0.26859337648733583
2018-09-05,1.1581983067140755,1.282215668675471,1.0260409185118302,0.10987803538072738,0.1553398058252427,0.1188085874847034,0.26779497616624715
2018-09-06,1.163399453202257,1.2952025696818983,1.0318426646304972,0.10985027407643382,0.15602084438480981,0.11900511722004045,0.26941106740664905
2018-09-07,1.1614941460695039,1.3010330202180531,1.0354861089538485,0.11044720071569786,0.1557389814670612,0.1188297644794068,0.2696071823353374
2018-09-10,1.1570993832660286,1.2951690195570522,1.0269787312704755,0.11053387863380125,0.1551518160520069,0.11925205113527952,0.2680390264822558
2018-09-11,1.1573940116433838,1.2994607237996232,1.0264305876315114,0.11038624145886455,0.1551590380139643,0.11957860499599411,0.26857894878199445
2018-09-12,1.1584934950590253,1.3012700395586092,1.0273163415210447,0.11060723371308483,0.15530844256693796,0.12026602845494233,0.268802752540186
2018-09-13,1.1619935160761803,1.3056193858366407,1.0315127133941926,0.11123841729979866,0.15577294535485078,0.12138279277529616,0.26961445133459155
2018-09-14,1.1688934086100689,1.3100150651732496,1.0368066355624677,0.11083771142293454,0.15669805851105503,0.12145060603852413,0.27152515680577805
2018-09-17,1.167106276697556,1.3131976362442548,1.0387128270647015,0.11165574301314189,0.15646024345213883,0.12205541315757354,0.27170221437304715
2018-09-18,1.1697000888972067,1.3148206584621858,1.040193059831905,0.11227755010385675,0.15679142037347715,0.12251598833647791,0.2719756309834639
2018-09-19,1.1666977786074295,1.3136634131602802,1.032108908131986,0.11231412013118289,0.1564015139666552,0.12220606386488897,0.27163579073178684
2018-09-20,1.1768998105191306,1.3284799532375058,1.0403986807744727,0.11387576154415534,0.1577784790154623,0.12274004885053945,0.274175417432073
2018-09-21,1.1759033877776601,1.3153221881699921,1.0472958820325917,0.11381743683132256,0.1576342255430499,0.12275360895610331,0.27380756804118067
2018-09-24,1.177301624676242,1.3160319006132708,1.0427854885971406,0.11367899325883571,0.15782081025203984,0.12302846878767748,0.27373261797875836
2018-09-25,1.177703713299808,1.3169678133066427,1.0352502717531964,0.113770820060071,0.15787562558216636,0.12304512064574079,0.274333369911116
2018-09-26,1.1736951444231876,1.3175751347220575,1.0323646311877355,0.11311321501691042,0.15736631731344225,0.12294527705718186,0.27406270554702916
2018-09-27,1.1706997272269635,1.3157894736842106,1.0295480284155256,0.1134314136957089,0.15694891312877657,0.12321188748290436,0.27366519799677075
2018-09-28,1.1575949806681638,1.3046314416177431,1.0229760419010987,0.11229015776767166,0.15524816419045845,0.12228377172065495,0.2706286704013423
2018-10-01,1.160604442793807,1.302897644361059,1.0168181725743803,0.1123519762712626,0.1556662515566625,0.12286068826557565,0.27119379508596847
2018-10-02,1.154294552884005,1.2963443090484834,1.0166424366885922,0.11118770708710445,0.15481314053936898,0.12228676245796392,0.26902692959565255
2018-10-03,1.1548010855130204,1.2990555865885502,1.0119204225779685,0.11125821920094348,0.15486828452401233,0.12227480038638837,0.26883165761600086
2018-10-04,1.1502053116481292,1.298482074454962,1.0081559818935186,0.11058032554847841,0.15424957581366652,0.12153030965922901,0.26704408897909043
2018-10-05,1.1506023403251602,1.3050570962479608,1.006380452066099,0.11017098536929314,0.15425909357356618,0.12094677132593945,0.2673010611852129
2018-10-08,1.1478025320523857,1.304172046376358,1.0071913462119533,0.1098756207972575,0.15386272367793455,0.12071608783302552,0.2664251079021687
2018-10-09,1.1434975014579594,1.304172046376358,1.0047423840527288,0.10948345704963978,0.15330134445279084,0.1204761216326924,0.264977874347492
2018-10-10,1.1499936750347874,1.315062728492149,1.0077089736484104,0.1097333479644464,0.15415446277169723,0.12173447276799843,0.266844563042028
2018-10-11,1.1575011864387161,1.3230138254944763,1.0126889930833343,0.1111704019921736,0.15515422329795817,0.12176115332164426,0.26814683720805516
2018-10-12,1.1573940116433838,1.3206376038351315,1.009071553263842,0.11172560192168035,0.15514218781513256,0.12224938875305624,0.2695635765695339
2018-10-15,1.1581044146940287,1.3153567905294312,1.0133868401584938,0.11144172155171453,0.15522165652551845,0.12242299593555653,0.2696871628910464
2018-10-16,1.1586948461253244,1.322821313297,1.0124941781584755,0.11231538159150897,0.15530361857431277,0.12300728203109625,0.2701534471579857
2018-10-17,1.1530035743110805,1.3110455588331693,1.006724922482181,0.11178055241949006,0.15454995054401582,0.1222777906848779,0.26851404328446377
2018-10-18,1.1504964392135206,1.309723386420788,1.0047120997478172,0.11134245599189428,0.15420913843354356,0.12162047115770526,0.26763013515321826
2018-10-19,1.1469994494402644,1.3031183622408422,1.0042883110883472,0.11097301136363635,0.15374208228276243,0.12135185971725015,0.2666382252559727
2018-10-22,1.149398864393922,1.2998661137902796,1.0033209924851259,0.11125698137558131,0.15406896126706315,0.12138868657441128,0.26789541363051866
2018-10-23,1.1478025320523857,1.3027957997863415,1.0047221943132725,0.11078491109510884,0.15385325476560457,0.12075398790045042,0.2671796515977343
2018-10-24,1.1389002778916677,1.2907889301941347,1.001401962747847,0.10994326927305512,0.1526601022822685,0.12005090158227087,0.26453626792233215
2018-10-25,1.141604639481255,1.2894573963276255,1.0007906245934288,0.10984303430397963,0.15300814003304977,0.12029785749515802,0.2649076796736337
2018-10-26,1.1344942991661469,1.2793122417388412,0.9981036031540074,0.10906076866029751,0.15206350171831756,0.1192207730274923,0.26275684481580747
2018-10-29,1.1380966471672775,1.2818212115774092,0.9997000899730081,0.10952782554407947,0.1525320317266626,0.11963582853793053,0.2635601707869907
2018-10-30,1.1372036163074999,1.27562409909048,0.998801438274071,0.10913575396435626,0.15241114430287142,0.119159685895068,0.2625912504595347
2018-10-31,1.131797860902043,1.273496001222556,0.9928514694201747,0.10881156014014928,0.15168752370117558,0.11847779726079333,0.26083100759018235
2018-11-01,1.1393025189978694,1.2921232168699606,0.996810207336523,0.11044232149759788,0.15271372285513576,0.11973753532257293,0.26330340451302037
2018-11-02,1.1416958750528035,1.2993087677355646,0.9996001599360256,0.11071254594570655,0.1530362389813908,0.11999760004799903,0.2642706131078224
2018-11-05,1.1369967368193654,1.298903725255884,0.9941346058256287,0.11010184420589045,0.15242043653213022,0.11938302850866721,0.26364355391510674
2018-11-06,1.1428049003474126,1.3088491289609048,0.997207818109294,0.11044720071569786,0.1532050496384361,0.11973036721303625,0.26522384892849565
2018-11-07,1.1486990982712078,1.3142504172745075,1.0037540401100113,0.11118647083022938,0.15398592568639224,0.12049934930351376,0.2675155827826971
2018-11-08,1.1424001827840293,1.3106503447010407,0.997207818109294,0.11142309577929313,0.1531440472908818,0.12015331563074484,0.26619815790874723
2018-11-09,1.1345972746973463,1.3033391549148918,0.9940357852882704,0.11053265687347326,0.15210282150733898,0.11890889200694427,0.2645992644140449
2018-11-12,1.1264940126843226,1.2865045670912132,0.9909820632246555,0.10968279735006362,0.15101177891875567,0.11810837624604338,0.26217130272920325
2018-11-13,1.1261007634963176,1.295185794402207,0.9905894006934125,0.1100957833314984,0.15092517130006944,0.11783837288774716,0.2619309550002619
2018-11-14,1.1295988794379115,1.2976732718236201,0.9912767644726408,0.11000616034497931,0.15137753557372086,0.117678901349777,0.2632410234810993
2018-11-15,1.1305055620873654,1.2792795097800918,0.9947279419078882,0.11023535247753954,0.15149678826808874,0.11772600449713336,0.26331727097980356
2018-11-16,1.1345972746973463,1.2842080930794026,0.9925558312655086,0.11056320898657762,0.15205425295745523,0.11804284955438824,0.26291573550677005
2018-11-19,1.1427004296553616,1.2827419892762768,1.003159953854642,0.11114198388441233,0.15312528710991333,0.11842307828949705,0.26394277720590176
2018-11-20,1.1421000936522077,1.2845875189476659,1.0082068033795093,0.11074074484224981,0.1530409231428484,0.11757927782807559,0.264515275757175
2018-11-21,1.140901312036509,1.280360549530748,1.0059957345780854,0.1106133510314695,0.1529005229197884,0.11726766344180592,0.265357569324665
2018-11-22,1.1403028644407955,1.2870509800893213,1.0045808888531704,0.11067088691648774,0.15282341254680218,0.11707682581309856,0.26516055471588046
2018-11-23,1.13520263367011,1.2830053116419902,1.0031800808563145,0.11016734419583347,0.15213521778156425,0.1165922419522205,0.26431252312734577
2018-11-26,1.1362990739162548,1.2848185836159933,1.0027374733021148,0.11039599041762804,0.15229508696049465,0.116795141322121,0.2647463729746902
2018-11-27,1.132797897527102,1.2764219340345144,1.0016828271496114,0.11016977161806343,0.1518141794443601,0.11639411045801083,0.2640403453647717
2018-11-28,1.1284007176628563,1.2787069715104087,1.0009709418135593,0.11004005457986707,0.15122873345935728,0.11622771333596783,0.2627085248916327
2018-11-29,1.1387057470479054,1.2774981476276859,1.0055607509527689,0.11037162124874453,0.15259487586406847,0.11700833099316671,0.26532940645811776
2018-11-30,1.1358989504293697,1.275315002805693,1.0016727935652538,0.11007275809309955,0.15222090297439644,0.11662215587717355,0.2647814229353669
2018-12-03,1.1331958389048795,1.27111642155305,1.0007906245934288,0.11071254594570655,0.15185798241484563,0.11695359281437126,0.26471133229213545
2018-12-04,1.140901312036509,1.2810822582918049,1.005378776454029,0.1115324559446799,0.15288182235132242,0.11826062276043946,0.2664251079021687
2018-12-05,1.1353959693443088,1.2773839177364756,1.0022952561365528,0.1115834811814459,0.1521375323292256,0.11768305599359803,0.2651183753545958
2018-12-06,1.1350995482303798,1.2763893498072652,1.004157210852931,0.11089794062524258,0.15208662854361846,0.1169864295741694,0.26471133229213545
2018-12-07,1.1371001671537244,1.2764219340345144,1.0063703241518813,0.11075791642207626,0.1523414886810274,0.11726353807547082,0.2650902632346314
2018-12-10,1.1425045985810094,1.2659990631606932,1.011510995124517,0.11056809889210766,0.1530690341343946,0.1179231376988479,0.2661839863713799
2018-12-11,1.1379023907329229,1.2611453722270565,1.011644022701292,0.11050822733752529,0.15245064410397136,0.11726353807547082,0.2647323555885
2018-12-12,1.1345972746973463,1.2587799904332722,1.0053181329231635,0.10952302721647227,0.15200802602377406,0.11665072440099854,0.2639497439687483
2018-12-13,1.1371001671537244,1.2655824843384167,1.0074450186881052,0.11037649422179052,0.1523298856002559,0.11675968521588866,0.26490066225165565
2018-12-14,1.128502589913444,1.2561867195940004,1.0027575833542242,0.10997954380485231,0.15116015418335726,0.11605909729234125,0.2625981460570888
2018-12-17,1.134095445472691,1.261654533755567,1.0077292836052523,0.11040208439135331,0.15190411812064225,0.11591649375789682,0.2647603918453799
2018-12-18,1.1376952569484737,1.2681343207872577,1.0085118399290007,0.11071377168606003,0.1523530935295641,0.11511056369643041,0.2655196219000584
2018-12-19,1.1404979414012157,1.2627538135165168,1.0067958721369243,0.11030709495234733,0.15272538448615544,0.11476708021071236,0.2662690382362339
2018-12-20,1.145094985629058,1.2676199168441333,1.010590993613065,0.11168442449016061,0.15335071308081583,0.11570190561038542,0.2670726170445744
2018-12-21,1.1413961557777472,1.26519819329698,1.0090206445623877,0.11110370419749795,0.1528584530724549,0.11479606479089896,0.2663683341324383
2018-12-24,1.140797189075726,1.2670256572695597,1.0084914984166684,0.11029857825132634,0.15279305708348612,0.11405109489051093,0.26624068157614483
2018-12-27,1.1376952569484737,1.2630887572469718,1.008684775920677,0.11075178310370798,0.15236005728738156,0.11411486802615513,0.2649217156330304
2018-12-28,1.145396650860193,1.2688101098789555,1.0202207757758779,0.11144917360437773,0.15338834862103876,0.11484088794974562,0.26619815790874723
2018-12-31,1.1450032060089768,1.28,1.0160639713876385,0.11165449632656706,0.15333425333885337,0.11509466536226047,0.26619107195144676
2019-01-02,1.1397050443345262,1.26401476369244,1.014054799521366,0.11157725609211817,0.15263447096892363,0.11499540018399264,0.26526606186004564
2019-01-03,1.1348032818510911,1.2565339766787293,1.0115007636830766,0.11038014923396176,0.15196413646379456,0.1144950767117014,0.2640612622128334
2019-01-04,1.1403028644407955,1.267170155608495,1.0130583217675841,0.11129165090034945,0.15269273640652914,0.11559223682537481,0.2654491399447866
2019-01-07,1.144505230388903,1.2756403714664764,1.0194199500484225,0.11194823513607308,0.1532637515901114,0.11676377520637998,0.26673068203035394
2019-01-08,1.1439946003454864,1.2747460068581336,1.0185166323766066,0.11231664308017163,0.15322148165172755,0.11703297989373404,0.26571011026969577
2019-01-09,1.1455016151572774,1.2740151862610203,1.0200334570973928,0.11200967763614778,0.15342600263892725,0.11728554338392251,0.2665955745134631
2019-01-10,1.1534956686237643,1.2756729174639623,1.0229655772083268,0.11275355455580738,0.1545117428924598,0.11831659153563104,0.26851404328446377
2019-01-11,1.1532961203118512,1.2812299807815504,1.018184780173906,0.11269510339775737,0.15450935554147804,0.11819213313161875,0.26837712353398996
2019-01-14,1.1466969394658686,1.284637025808358,1.0185685038247247,0.11188060102258869,0.15363343063450607,0.11716736185968035,0.2671368274830368
2019-01-15,1.1424001827840293,1.28323580741197,1.0140239512457285,0.11155982953658046,0.1530596626565035,0.11703161023792526,0.26610606987945395
2019-01-16,1.1389002778916677,1.285578381713933,1.010652274978271,0.11112469301803553,0.15258090602542,0.11698095550044452,0.2656183595410115
2019-01-17,1.1396011396011396,1.2911889267637642,1.007424720187784,0.11079350306898003,0.1526601022822685,0.11678559332920692,0.26604235394274767
2019-01-18,1.1401988506795584,1.2938451784859424,1.006269056220252,0.11122233344455568,0.1527417137620284,0.11728279226871832,0.26559014129395514
2019-01-21,1.1361957892584051,1.2867032090378034,1.0016727935652538,0.11083279764147806,0.15218615410369965,0.11660719699619862,0.2647814229353669
2019-01-22,1.1353959693443088,1.2902226924367146,1.002476116006536,0.1107297087808659,0.15205887719725078,0.11629800200032564,0.2651113467656416
2019-01-23,1.1366994793916385,1.3033561420658195,1.0028279748891875,0.11095207979673578,0.15223480696626476,0.1165093790050099,0.265048106231281
2019-01-24,1.134095445472691,1.3022868156482783,1.0051362462181748,0.11027546811936217,0.15190411812064225,0.11658272710315239,0.26447330142022163
2019-01-25,1.1345972746973463,1.3104614134636805,1.0031800808563145,0.11017705452662428,0.15196182718901013,0.11691530655193377,0.2644173563552712
2019-01-28,1.141800162135623,1.3141122514685204,1.0076785102480903,0.11031561296870346,0.15294963368562733,0.11732407255320645,0.2663967179924343
2019-01-29,1.142204454597373,1.3168810988055888,1.0061678086671295,0.11034848050142348,0.15300814003304977,0.11771076111778139,0.2657736671450593
2019-01-30,1.1428963278740984,1.3085408461025112,1.0022751646236958,0.11006064341452139,0.15310418739952536,0.11789950246409961,0.2663825253063399
2019-01-31,1.1488046687421738,1.3117506624340844,1.0069276623167391,0.11074932996655369,0.15387692923200025,0.11889475436343748,0.26880997822639174
2019-02-01,1.1471047077177206,1.3051763293220915,1.006583053167717,0.11042768642954162,0.1536546764800787,0.11864366561469283,0.2683987331579795
2019-02-04,1.144505230388903,1.3053467000835421,1.002104419280489,0.10992876615952862,0.15330839516771938,0.11795373854374315,0.2673082063619353
2019-02-05,1.1422957860708451,1.3009822415924022,0.9989012086704624,0.1098382083191459,0.15301984667411364,0.11802752401860114,0.2664464043057739
2019-02-06,1.1394063692816043,1.2966804979253113,1.0,0.10928603433767199,0.15262748210442773,0.11756269030460494,0.2654491399447866
2019-02-07,1.1344942991661469,1.2928749660620322,0.9989012086704624,0.10832593106137746,0.15200340487626923,0.1166548067613126,0.26369917198459997
2019-02-08,1.1345972746973463,1.2968318398153311,0.9990009990009991,0.10808473843493298,0.15202189115232592,0.1161399718941268,0.26346989856408903
2019-02-11,1.130901894260673,1.2907556083331182,0.9963136395337252,0.10785043301948857,0.15151974302251583,0.11517420097898072,0.26203390718759006
2019-02-12,1.1295988794379115,1.28794611233466,0.9925558312655086,0.10786322942508898,0.1513752440925811,0.11532429190884767,0.26112387716732816
2019-02-13,1.1305055620873654,1.2912222710017303,0.9942334460131238,0.10861537124733893,0.1515059693351918,0.11581848926362605,0.26117843710823235
2019-02-14,1.1267986523488118,1.2812628126281265,0.9909820632246555,0.10754422756358552,0.15101633996798453,0.11546810770865087,0.2597402597402597
2019-02-15,1.1259993244004054,1.2804425209352353,0.9929500546122529,0.10742984830905418,0.15091378295579735,0.11526314576177413,0.2600036400509607
2019-02-18,1.132797897527102,1.2928582510213582,0.9971083856815237,0.10820988389079457,0.15180957007529755,0.11617505256921129,0.261663657534605
2019-02-19,1.1293947573495364,1.2954039069381833,0.9950248756218907,0.10654733365297533,0.15135462388375964,0.11588291190581036,0.2605455824496496
2019-02-20,1.1341983486072045,1.3044952907720002,1.0,0.10730074252113825,0.15200802602377406,0.11652567060523435,0.2610625244746117
2019-02-21,1.1353959693443088,1.3079931461159142,0.9989012086704624,0.10692328254477414,0.15216068167985392,0.11608469539375929,0.2619378159624905
2019-02-22,1.1325028312570782,1.297808002284142,0.9981036031540074,0.10684217274242488,0.15176809834572771,0.11598371588628956,0.26112387716732816
2019-02-25,1.1354991086331998,1.3077536715184328,1.00035012254289,0.10733183784305939,0.15218152211958424,0.11631829337799957,0.26187608023883097
2019-02-26,1.1361054305839582,1.3202017268238586,0.9991008092716556,0.10732262253560428,0.15226030421608783,0.11625473738054824,0.26248785993647794
2019-02-27,1.1386020244343995,1.3316465809974032,1.002817918350565,0.10798203178991016,0.15260419051107144,0.1172332942555686,0.26389402016150315
2019-02-28,1.141604639481255,1.3299994680002127,1.0071507704703393,0.1088850174216028,0.15300579891977906,0.11736675938640657,0.26494277236117
2019-03-01,1.1383039271485487,1.3240999430637026,1.001763103061388,0.10840695972681445,0.15255995606273265,0.11702750146284377,0.26413100898045433
2019-03-04,1.1336968721303298,1.321719821832168,0.9987016878058523,0.1074160006874624,0.15193873830071716,0.11611839431484342,0.2637200348110446
2019-03-05,1.132900565317382,1.3118711217809962,0.9989012086704624,0.10736064588164564,0.15183492506946447,0.11557486940039757,0.26336581511719775
2019-03-06,1.1305055620873654,1.314993556531573,0.9951238929246692,0.1072834751263263,0.1515243348081702,0.11530966410294848,0.2629295611705624
2019-03-07,1.127103456826302,1.3124048506483281,0.9925558312655086,0.10670764240134879,0.15106652969967974,0.11517420097898072,0.26217130272920325
2019-03-08,1.122195912962485,1.3063186633747437,0.9909820632246555,0.10555315128933174,0.1504279675677302,0.1136596121934032,0.2609671442365406
2019-03-11,1.124404065845102,1.3037979634675811,0.9907856930545922,0.10627444312191806,0.15070681496217259,0.11508671784189387,0.26152679341998586
2019-03-12,1.1274974067559644,1.308831998324695,0.991768322919766,0.10665415257943069,0.15113502403046883,0.11580105378958948,0.26224693171089897
2019-03-13,1.1303011122162945,1.3161358252171624,0.9938382031405287,0.1070973407730286,0.1515128558658202,0.11623176614168652,0.2629019112968951
2019-03-14,1.129496809171514,1.325275657336726,0.9950248756218907,0.10719032714487844,0.15135920566688865,0.11625744047619048,0.2624809701296656
2019-03-15,1.13079958838895,1.3238895876083936,0.9954210631096955,0.10773191989054438,0.1515128558658202,0.11672152578378506,0.2626740215392698
2019-03-18,1.134906313483822,1.32488937173746,0.9990009990009991,0.10845398839542325,0.1520889416130553,0.1173392159393591,0.2640612622128334
2019-03-19,1.135795738494389,1.327668613913967,1.0004401936852214,0.10870510479172103,0.15220236826885028,0.11740120688440678,0.26488662852299216
2019-03-20,1.1353959693443088,1.315945309312945,1.0014119909071793,0.10884827638754341,0.15214910612400154,0.11715363527730266,0.2650691830567778
2019-03-21,1.1387057470479054,1.314129520605551,1.006897246136032,0.10918818583829229,0.152587890625,0.11839503688005398,0.2660069693825978
2019-03-22,1.1301989150090415,1.3158760444766102,1.0052473913830193,0.10792259791277696,0.15145778114350625,0.11721268241223701,0.26337275145513445
2019-03-25,1.1325028312570782,1.3224189687776882,1.0078308456708627,0.10842459069717011,0.15171513965378605,0.11724841421519774,0.26365745623286224
2019-03-26,1.1291014610572907,1.3232239027165786,1.0061475616013844,0.10829308440362999,0.15124474424513748,0.11712893553223389,0.26298487836949375
2019-03-27,1.1261007634963176,1.322978819109106,1.005803486114883,0.10796920718211166,0.1508227380359863,0.11615211280693195,0.26227444397817873
2019-03-28,1.121805658387741,1.3112002727296568,1.002948669087116,0.10708243205619687,0.15026070231852265,0.11519808310389715,0.2611852587039987
2019-03-29,1.1234945173467554,1.3089861901956934,1.0048332479225073,0.10804970286331712,0.15049814887276888,0.11631694039919972,0.2612398443010528
2019-04-01,1.1235955056179776,1.3117334557617892,1.0050049245241301,0.10783066272725313,0.1505343971097396,0.11658000886008067,0.2613627453542772
2019-04-02,1.1199964160114688,1.3023207355507516,1.000450202591166,0.10726161106939826,0.15004201176329374,0.11612783351913787,0.2607493937576595
2019-04-03,1.124302932182047,1.3166730305863146,1.0033008598288369,0.10779462967154976,0.15062282538295854,0.11684973124561814,0.2618897967735177
2019-04-04,1.1218937566612441,1.3134218579665602,1.0010711461263553,0.10779695365808963,0.15031039095732687,0.11649037789478589,0.26156099602427285
2019-04-05,1.1233052132594947,1.3071041108424286,0.9998000399920016,0.10774004481985866,0.15048456028411486,0.1162709578401507,0.26186236514088196
2019-04-08,1.1245937405112403,1.304903828587833,1.0000900081007291,0.10779811568893775,0.15064778547755348,0.1167746832486717,0.2622263012980202
2019-04-09,1.127700843520231,1.306199221505264,1.0006203846384758,0.10817242684839634,0.1510642476245147,0.117236043049075,0.2630540576088386
2019-04-10,1.1279043537108053,1.3102553687713734,0.9999000099990001,0.10803686217737492,0.15108707147929354,0.1176180002587596,0.2633242047609016
2019-04-11,1.1264051904751178,1.3072066301520282,0.9964129135113591,0.10792376265406116,0.15089556517933936,0.11747430249632894,0.26299179465600675
2019-04-12,1.1321053763684323,1.311974390259902,0.9996001599360256,0.10803686217737492,0.15166911865075153,0.11790228258819091,0.26453626792233215
2019-04-15,1.1312985044233772,1.3108221476510067,0.997207818109294,0.10814669017054733,0.1515702679762338,0.11782171218512148,0.26468330642386384
2019-04-16,1.1305055620873654,1.3085922164934964,0.9942334460131238,0.10803919662053392,0.15145548723230243,0.11792174712860545,0.26448029621793173
2019-04-17,1.1300967362806256,1.3050741282104823,0.9912767644726408,0.10823916525955753,0.15138211874413393,0.11799131583915425,0.26446630699248913
2019-04-18,1.124998593751758,1.3010330202180531,0.9883376161296699,0.10738831615120276,0.15067729443850106,0.11721405630963265,0.26293647454774927
2019-04-23,1.1245052177042103,1.3007453270724125,0.9803921568627451,0.10702398407483117,0.15061828807253777,0.11732544906315628,0.26234324990817987
2019-04-24,1.120900307126684,1.2951690195570522,0.9818360333824252,0.10674181290295034,0.15012084728206207,0.11667522284967564,0.26130810839060337
2019-04-25,1.1122975618437445,1.286868790858084,0.9784735812133072,0.10464301037012233,0.14897579143389197,0.11509996431901105,0.25897342932615114
2019-04-26,1.1133006022956258,1.2894407695382513,0.978952520802741,0.10528864883076955,0.14912908613696016,0.11518481403411775,0.25964584307005245
2019-04-29,1.1150012265013491,1.2914056950991155,0.9799118079372857,0.10507623280690141,0.14936073604970726,0.11508671784189387,0.2596391016487083
2019-04-30,1.121805658387741,1.300660735653712,0.9808729769494849,0.10548189403288925,0.15028328399032176,0.11603485687100405,0.2616841995080337
2019-05-02,1.121201928467317,1.3047846452942942,0.9818360333824252,0.10493179433368312,0.15018397536982803,0.11505361498458283,0.26196526340607235
2019-05-03,1.1154987394864244,1.3003393885804195,0.9800078400627206,0.10421008753647353,0.14941652845637785,0.11407971890757261,0.2603082049146189
2019-05-06,1.119896073644366,1.3102897050537874,0.9821253191907288,0.1044113808405116,0.1499970000599988,0.11438637429509396,0.26146525126810644
2019-05-07,1.1185056764163077,1.3059774588290607,0.9798157946306095,0.10439176140219014,0.14981946754161238,0.1145947928126146,0.260953524177344
2019-05-08,1.120197154699227,1.30111766007,0.9820288716488265,0.10421008753647353,0.15004651441947003,0.11397440134945692,0.26104889445793195
2019-05-09,1.1192943968122495,1.2996971705592597,0.9827044025157232,0.10366454154356503,0.14992054211268027,0.11413570735604633,0.26070180927055636
2019-05-10,1.123002459375386,1.3020324726898689,0.986971969996052,0.10387775665596727,0.15041891668296203,0.11436675129806262,0.26140373807345446
2019-05-13,1.1245052177042103,1.302252897512697,0.9934432743890325,0.1038098204090107,0.15060014156413307,0.11457247281768083,0.26121937202862966
2019-05-14,1.1225990413004188,1.2944648682234765,0.9928514694201747,0.10414713907808952,0.1502990951994469,0.1145632847585006,0.26070180927055636
2019-05-15,1.1183055434405789,1.2880622391673966,0.991768322919766,0.10384647337376422,0.1497162876349318,0.11410835729608836,0.2595043466978072
2019-05-16,1.1202975510295534,1.2808853479525046,0.9908838684106221,0.10412653456480316,0.15001725198397817,0.11488706601410813,0.2607629925161021
2019-05-17,1.117206091007608,1.275412595974798,0.9901970492127933,0.1037710395782745,0.14960429663539937,0.11405499731970757,0.2596256198561674
2019-05-20,1.1166945840312674,1.2744860634948956,0.99147332936744,0.10371722535678725,0.1495282384078233,0.11397440134945692,0.259888767607464
2019-05-21,1.1160963414361929,1.2739340356956317,0.99000099000099,0.10358937173046046,0.149441090322195,0.11398869232172168,0.25919494051476116
2019-05-22,1.1170937688509575,1.2654063219699847,0.9927529038022436,0.10381952014617789,0.14958415604619157,0.11445969301910332,0.25955823188932436
2019-05-23,1.113895850737956,1.264366362797284,0.9924573243350535,0.10374089673631139,0.14914910435962833,0.11419566284872501,0.2586585965184553
2019-05-24,1.1187058810368167,1.2666725778053631,0.9975062344139651,0.10445609710238787,0.14980375707822752,0.11466969394658684,0.2603217576925079
2019-05-27,1.1197957492553359,1.2692610362247099,0.9947279419078882,0.10450958875476825,0.14992953311943386,0.11482374555057986,0.2608105993427573
2019-05-28,1.119194180190263,1.2664479933131545,0.9945300845350571,0.10473068504341088,0.14984865286061078,0.11518614080353852,0.2605727388800584
2019-05-29,1.1155982953658048,1.2644942655185059,0.9945300845350571,0.10420031468495035,0.14936966003465377,0.11415134184902342,0.2594572155051632
2019-05-30,1.113399766186049,1.262674091190323,0.9916699722332408,0.1047186210651978,0.1490757304710793,0.11403288708463521,0.2596121394636413
2019-05-31,1.1151006935926313,1.2572606804294804,0.994431185361973,0.10481301358376655,0.1493161321149137,0.11388483965014579,0.26027432914291665
2019-06-03,1.1185056764163077,1.2621641065771372,1.0020642523598613,0.10533966775868789,0.14977234603402828,0.11439160823162013,0.2611306959133046
2019-06-04,1.124404065845102,1.2671059300557526,1.0059046603562916,0.10581562685177347,0.1505638616619239,0.11489894637666172,0.2626947224630257
2019-06-05,1.1256951167345837,1.270099321766962,1.008420309585035,0.10594342621040365,0.15073180290309454,0.11517552750391598,0.2631509697113234
2019-06-06,1.126595540934849,1.2721675190189043,1.0082372987306292,0.10610755061330164,0.15084321356382174,0.114861993315032,0.2632964718272775
2019-06-07,1.1272940433782748,1.271278015789273,1.007323239954469,0.10578764188767469,0.15095023170860566,0.11507347441341298,0.2639149138317806
2019-06-10,1.1300967362806256,1.2662395218679565,1.0090206445623877,0.10615711252653928,0.15132255916712065,0.1155428201691547,0.26504108136761195
2019-06-11,1.1320028526471886,1.2706964687345135,1.0077495943807881,0.1059647561221138,0.15156567340628693,0.11586545703129528,0.2652449537147556
2019-06-12,1.1322976584084425,1.27503856991674,1.0063095609471386,0.10602092853129208,0.15162542455118874,0.1157527983238995,0.26574541589157585
2019-06-13,1.128897518683254,1.2691643821707788,1.0073130930555836,0.10553644173333052,0.1511692944929026,0.1155241329913819,0.26516055471588046
2019-06-14,1.1264940126843226,1.2644143232854541,1.0048130545312044,0.10588397234310643,0.1508523155830442,0.11526846024390806,0.26484453625721704
2019-06-17,1.1234061674998597,1.2593031016635394,1.0017831740498087,0.10548857031340655,0.15044154593732606,0.11470520761642579,0.26367831245880025
2019-06-18,1.1187058810368167,1.2512982219052267,1.0010711461263553,0.1051281512163327,0.1498149785015506,0.11439291679059234,0.26265332387781365
2019-06-19,1.1206993163734171,1.2589384630879241,1.00277769421297,0.1048679712242287,0.15008479791081963,0.11457378551787352,0.26264642538215055
2019-06-20,1.1306973010255423,1.2682469023069411,1.0148060198293096,0.10632076976237308,0.1514440187184807,0.11695496064465574,0.2656959906475011
2019-06-21,1.1316057485572026,1.2654223347042075,1.01881756033947,0.10644526052477513,0.15157256536566882,0.11682788915369878,0.26573129251700683
2019-06-24,1.1394063692816043,1.2749898000815993,1.0256515451440527,0.10741138560687433,0.15260651935050665,0.11789811245121966,0.2678093197643278
2019-06-25,1.1387965198378354,1.2726208353483162,1.0252099117294267,0.10812798027745639,0.15254366562428495,0.11757789535567312,0.26755852842809363
2019-06-26,1.1361957892584051,1.2680378382490933,1.022411254703092,0.1077632656580025,0.15220236826885028,0.11745774457638865,0.26654583255590797
2019-06-27,1.1369967368193654,1.271407320763353,1.022390348635109,0.107785334727357,0.1523298856002559,0.11740672036067344,0.26743688489516476
2019-06-28,1.138005985911486,1.2693093687724508,1.0247686584753493,0.10773191989054438,0.152473888846535,0.11739431576723056,0.26778780494336285
2019-07-01,1.134906313483822,1.2649581298859007,1.0186722625729623,0.10762409057643461,0.15203575881047224,0.11718383800506234,0.26749411512946714
2019-07-02,1.1300967362806256,1.2634877315341266,1.0118180346446495,0.10705262707146833,0.15140962359567575,0.11684836587560324,0.26635414447048794
2019-07-03,1.129305477131564,1.2582731459345196,1.0159194579053772,0.1073940825860495,0.1512973749905439,0.11691257277807655,0.2661698163428267
2019-07-04,1.1287955751213454,1.2580040507730434,1.0151047588111093,0.1072926837118977,0.15124703177700138,0.1172195522213105,0.26597866851078544
2019-07-05,1.1259993244004054,1.2552563861168644,1.0120433154539015,0.10665415257943069,0.1508682467601044,0.11689617281930188,0.26525902543834057
2019-07-08,1.1215037121772873,1.2513295376337359,1.0079121100640025,0.1058290648943826,0.150271992306074,0.11580910027909994,0.26369917198459997
2019-07-09,1.1204983976872913,1.2453455211148334,1.0061070699143804,0.1053718572843565,0.15013211626231082,0.11553614548311439,0.26283972033853753
2019-07-10,1.1219944573473808,1.2476606363069245,1.0078105316200554,0.10575631629599078,0.1503284677019287,0.11575413821044103,0.2625292063742091
2019-07-11,1.128502589913444,1.2568182389462836,1.015383053256841,0.10665529010238908,0.15112588786459122,0.1171577529142991,0.26440337378704953
2019-07-12,1.1253024250267258,1.2532898859506203,1.0149708195889369,0.10664846532858392,0.1506977304921788,0.11696590443885607,0.26369221844263374
2019-07-15,1.1269002355221491,1.2538870498545491,1.017884225848152,0.10675092873307998,0.150918338087261,0.11711384637005633,0.26439638305747976
2019-07-16,1.122296667901193,1.2434099273848602,1.0133663015170093,0.10647472822325621,0.15028554253080853,0.11698779817265059,0.2637269898201382
2019-07-17,1.1215037121772873,1.2414186932826834,1.0108157282927324,0.10663936698871755,0.15019525382997898,0.11655555037530889,0.2630125456984298
2019-07-18,1.1216043428520155,1.248268028110996,1.013736124486796,0.10677828556784692,0.15020427781783224,0.11630205970947745,0.26331033756385275
2019-07-19,1.1225990413004188,1.252410890965108,1.017490664523153,0.10671561356142018,0.1503578516870151,0.1167692289727811,0.26369917198459997
2019-07-22,1.1215037121772873,1.2465563879782102,1.0189006062458608,0.10636374272737908,0.15021330289010396,0.11648902090977925,0.26400549131421935
2019-07-23,1.1173059518888058,1.2437965646338884,1.0171180975823102,0.10570936267825241,0.14965355202705735,0.11541213674029961,0.26291573550677005
2019-07-24,1.1139951207013714,1.2496719611102085,1.0143839646182873,0.10579995344802048,0.14923145799134457,0.1156136192843517,0.2618280836802555
2019-07-25,1.1114939590303328,1.2493909219255612,1.011470070600611,0.10591088658003156,0.14889815366289458,0.11571127722107796,0.26170474470702154
2019-07-26,1.1137965984651883,1.2426219322771048,1.007688664510213,0.10548857031340655,0.14917802905988006,0.11492799760949765,0.26102845210127906
2019-07-29,1.1119017968333036,1.2293923113804848,1.007424720187784,0.10512152047767219,0.14891145724752064,0.11470520761642579,0.25975375344173723
2019-07-30,1.1153992013741718,1.2169743583502695,1.0105092966855296,0.1047789687653894,0.14938527957455072,0.11455541045203566,0.25992929923060926
2019-07-31,1.1151006935926313,1.2170484141859164,1.009958187731028,0.10456204188755397,0.14932951049786458,0.11404459143525118,0.2598550009094925
2019-08-01,1.1037040307271202,1.2108589833627974,1.0044598015187431,0.10327697852871616,0.14783058614827407,0.11248467396317251,0.2567987468221155
2019-08-02,1.1106051687564553,1.213710068938732,1.0160123547102333,0.10357864208400228,0.14875418371141688,0.11206239634228338,0.2581977794990963
2019-08-05,1.1182055038074896,1.2170187907701295,1.0265359544218036,0.10391877708383128,0.14977683251954588,0.11213402258379215,0.25918822248717016
2019-08-06,1.1187058810368167,1.2182345345125842,1.0245481742551534,0.10429159931167545,0.14987111084467358,0.11238101659867614,0.2594437525944375
2019-08-07,1.120197154699227,1.2129592566985674,1.0257251877077094,0.10403770326366275,0.15009831439592933,0.11206490799471053,0.259463947484497
2019-08-08,1.1192943968122495,1.215111121912099,1.0247161536254459,0.10409185064901269,0.14997900293958846,0.11172934683023843,0.2589331952356292
2019-08-09,1.1197957492553359,1.2064181445288937,1.0276224926011182,0.10468134997068923,0.150044263057602,0.11244293521038073,0.25926886180969666
2019-08-12,1.1193946313833478,1.2086637014117192,1.0292407291141326,0.104310093044603,0.1499880009599232,0.11193695710575803,0.2586719780646163
2019-08-13,1.122195912962485,1.208882871338596,1.0339978492844735,0.10479214478082723,0.15036237331970048,0.1121327651939897,0.2587389065693808
2019-08-14,1.118806010225887,1.2072628935677034,1.0300146262076921,0.10425571842615568,0.1499565126113427,0.11184056009752497,0.2558984594912739
2019-08-15,1.1150012265013491,1.2137689954847795,1.0264200521421387,0.10390905879174547,0.14948353438868708,0.11133873697336777,0.2541166903842244
2019-08-16,1.1076036993963558,1.2167078319483142,1.0204498142781337,0.1033976466695618,0.14849132810643859,0.11114568977015073,0.25531697602573594
2019-08-19,1.1102968933892923,1.2123416378735528,1.0201167013506345,0.10350681074814724,0.14886933738257932,0.11141068205619556,0.2540585859099108
2019-08-20,1.1076036993963558,1.2088682575372935,1.0198878123406425,0.10288595092340141,0.14855088610603562,0.1111629871717913,0.254317031611607
2019-08-21,1.1103955228852516,1.2129592566985674,1.021054136290306,0.10379258090631681,0.14891810993134877,0.11186433093943667,0.2550955332772123
2019-08-22,1.1083034091412864,1.215908952737619,1.0163221334634225,0.1033976466695618,0.14865025567843976,0.11151006935926314,0.25394890548021737
2019-08-23,1.106500691562932,1.2232864814610933,1.0157853036182272,0.10325245224574083,0.14840538414733687,0.11110246980790382,0.2540779511154022
2019-08-26,1.1116051578479325,1.2241250566157837,1.0212209717938767,0.10339016345984843,0.14908017531828618,0.11130156044787748,0.25482251611752416
2019-08-27,1.1103955228852516,1.2278375325376945,1.0202103673777534,0.10372690779715166,0.14889150276193736,0.11112839775076123,0.2541166903842244
2019-08-28,1.1083034091412864,1.220286035046615,1.0194095579840157,0.103054536460695,0.1486104919007282,0.11070764325569038,0.2526081794528507
2019-08-29,1.107199007949689,1.223002225864051,1.01764598131602,0.10271791605891899,0.14847809948032664,0.11031682993557497,0.2527358657467081
2019-08-30,1.1035944069835455,1.2185759721189817,1.011644022701292,0.10181329478003238,0.1480100054763702,0.10994206053409852,0.2518955137409003
2019-09-02,1.096803913396363,1.2076565424793189,1.0085525254155236,0.102056437209777,0.14709776117207496,0.10991305877051252,0.251035521526296
2019-09-03,1.0936970240503976,1.2033839155705846,1.0099683879894559,0.10114905324486163,0.14667488045997243,0.1091631552518394,0.2504884524823406
2019-09-04,1.1017948237679178,1.2207627325553005,1.0156718161227745,0.10246426558737641,0.14772576189561698,0.11035822279118015,0.2538973239222059
2019-09-05,1.105803255484784,1.2344307422632053,1.0179463949428424,0.10351538238582254,0.14825357291110716,0.11132386338335487,0.25479654495885035
2019-09-06,1.1027060406236906,1.2302090125112257,1.009061371112591,0.10368603867489241,0.14778689130274145,0.11112592790149799,0.2541166903842244
2019-09-09,1.103302183435021,1.235849522962084,1.010070401907013,0.10350145419543146,0.14789836424409145,0.11182555213866367,0.2545954478333927
2019-09-10,1.103996467211305,1.23627732172881,1.0088679492741195,0.10275063448516794,0.1479727730097662,0.11137469789613196,0.2547381292031791
2019-09-11,1.1003036838167335,1.234445980643887,1.0063095609471386,0.10325351836363823,0.14747957407899007,0.11142806204314495,0.2539037704709915
2019-09-12,1.096298894930714,1.2329088017359355,1.0065222642724858,0.10311829731067482,0.14691406996048012,0.11125079266189772,0.2531645569620253
2019-09-13,1.1095946650688504,1.2454385811963682,1.0142605026675051,0.10420248627132243,0.148583994532109,0.11184056009752497,0.256568144499179
2019-09-16,1.1030952853707503,1.246292280465615,1.0090511891668266,0.1033805437816603,0.14773012660471851,0.11137593834228053,0.25510204081632654
2019-09-17,1.102596615028392,1.2414803411587978,1.0054697554697554,0.10305666055197148,0.14766032219482303,0.11169565168827977,0.25396180414465663
2019-09-18,1.1053021343384213,1.2458264812876862,1.0049140296047672,0.10301207301495736,0.1480187687798813,0.11175431930444112,0.2548549875121056
2019-09-19,1.1066966212552154,1.2471938139186831,1.0088374157620759,0.1032151519843113,0.1482074311205964,0.11189562376215467,0.25508251919495956
2019-09-20,1.102997948423816,1.2501406408220925,1.0080441926574062,0.10297494619559061,0.14772139744441984,0.11093977079843353,0.25312610742672
2019-09-23,1.0985027407643382,1.2434563111625074,1.0086339062373921,0.1025262467191601,0.14712589562888964,0.11015520868904287,0.2506831114787797
2019-09-24,1.1003036838167335,1.2481745447283348,1.0114905324486163,0.10305984685306759,0.14737307493920862,0.11088933244621867,0.25113639217459
2019-09-25,1.098201146521997,1.2385588129652336,1.0130070100085091,0.10280345008378482,0.14711723772674445,0.1105827712042464,0.250075022506752
2019-09-26,1.0938046902345118,1.2358647963912748,1.0068161453037061,0.10260935592107288,0.14653732305618242,0.11022320198401764,0.24932060136129047
2019-09-27,1.0935056698268981,1.2317242908347397,1.006907384658759,0.10218679746576742,0.14646220542788932,0.11028154879407126,0.2492895248541656
2019-09-30,1.0888976000696895,1.2293771975117405,1.0038749573353143,0.10180603913424145,0.14584487938628474,0.11004247639588881,0.24870672502984478
2019-10-01,1.0897994768962511,1.225114854517611,0.99930048965724,0.10086746015735325,0.14597900821861817,0.10956862831034218,0.24896058953867603
2019-10-02,1.0925021576917615,1.227943072559156,0.9986019572598361,0.10104684531748918,0.14632076437967312,0.10932665711880528,0.2500125006250313
2019-10-03,1.0950983398309169,1.2333649897014023,0.9995002498750625,0.1010897474778108,0.14668563800918252,0.10932904763466607,0.25232772324695313
2019-10-04,1.0978997178397725,1.23296960729918,1.006046338494351,0.10155892956888234,0.1470415245265263,0.10988286486605278,0.25387798623981317
2019-10-07,1.0992997460617586,1.2330152154077583,1.0063196876383689,0.10093669250645995,0.1472038626293554,0.10950503723171266,0.2537813419957365
2019-10-08,1.098599285910464,1.2234511108936088,1.008074678172159,0.10106420609012906,0.14708910658076663,0.10936731011100782,0.2535689834419454
2019-10-09,1.0981046713372717,1.2221502511518767,1.004944326084335,0.10058338362502514,0.14701990649533947,0.10923350847105859,0.2539811545983288
2019-10-10,1.102997948423816,1.2234511108936088,1.0074856181428011,0.10173871463307932,0.14768867227883622,0.10971288138940394,0.2554278416347382
2019-10-11,1.1043012533819225,1.2617978095190028,1.0016326612378177,0.10182780917468562,0.1478546293284443,0.1100170526431597,0.25647601949217746
2019-10-14,1.1030952853707503,1.2537612838515546,1.0043690051725003,0.10164667615368979,0.147693034796479,0.10980202694541741,0.2569439091446337
2019-10-15,1.1007033494402922,1.264334391159774,1.0027374733021148,0.10170456856922012,0.14735135931628968,0.10935535021050904,0.2562394301235074
2019-10-16,1.1024993660628646,1.2736906460158957,1.0025464680287932,0.10174596068536079,0.1475666263317888,0.10865785813630041,0.25666692333359
2019-10-17,1.1112963271656386,1.2797051559320733,1.011101898849366,0.10279816608071712,0.14875418371141688,0.10903104113741183,0.2593159245909291
2019-10-18,1.1144047963982437,1.2892911477269797,1.0134587319604345,0.10343186942760803,0.14918025450151418,0.10904293020162038,0.2601118480946807
2019-10-21,1.1173059518888058,1.3002379435436684,1.0155377272265664,0.10411786141912645,0.14955507365587378,0.10992876615952862,0.26112387716732816
2019-10-22,1.113003216579296,1.293209357662912,1.0114496095804506,0.10372475598751153,0.14898023032343607,0.10929678448860035,0.2601795238714713
2019-10-23,1.1122975618437445,1.2872663611554502,1.0108157282927324,0.10358078783547228,0.1488892859269847,0.1092896174863388,0.2599698434981542
2019-10-24,1.1128050476836961,1.289640319314943,1.0098969905069684,0.10403553853996525,0.1489602574033248,0.10977791926931818,0.2601795238714713
2019-10-25,1.1107038530316662,1.2825939179396413,1.0079832271591,0.10337413165729407,0.1486811977757293,0.10903698534542916,0.25964584307005245
2019-10-28,1.1086966162579273,1.2842905578958184,1.0036230793163319,0.10313212256221445,0.14840538414733687,0.10858470692987598,0.25955823188932436
2019-10-29,1.1094961777856676,1.2852148879292618,1.004893832966547,0.10280450694958466,0.1485155867108253,0.10798319781442008,0.2598820135658411
2019-10-30,1.1106051687564553,1.2883941455370027,1.006704652988906,0.10282353425051925,0.1486568850436308,0.10836349450597084,0.26052521884118385
2019-10-31,1.1153992013741718,1.2949677553028929,1.0133560325084614,0.10376027226695442,0.1493005270308604,0.10879853774765268,0.2619446772841576
2019-11-01,1.113895850737956,1.2951186976286377,1.0114393793807968,0.10410918971817643,0.14909351145038166,0.10959504630390707,0.26187608023883097
2019-11-04,1.11579746044498,1.2919062076093275,1.0124326732272304,0.10424593701460484,0.14934512164160157,0.10974900402778844,0.2619995808006707
2019-11-05,1.1109012742037614,1.2900562464523453,1.0090817356205852,0.10387775665596727,0.14869004074107117,0.10942116205274101,0.2605116448705257
2019-11-06,1.1090040035044526,1.2890418551890381,1.007262361627333,0.10419054366625685,0.14843402107763098,0.10952062821032342,0.2597605008182456
2019-11-07,1.1077018509697931,1.2814434178658842,1.0071812019700463,0.10425137090552741,0.14824697946779336,0.10998317257459608,0.25969978704617463
2019-11-08,1.1033995740877645,1.2806720967163567,1.0039152695512499,0.10309703492927544,0.1476581418699427,0.10936372186618254,0.25895331071807753
2019-11-11,1.1040939804796184,1.2876807581864305,1.0062893081761006,0.10310553882954591,0.14776068679167223,0.10941397872992253,0.2583445282628914
2019-11-12,1.1015035523489562,1.283499332580347,1.0047423840527288,0.10294102508672781,0.14741217919424504,0.10927767457108513,0.25767882910740053
2019-11-13,1.100594320933304,1.2833510863566946,1.0102846982279605,0.1025220422390814,0.14728625082848515,0.10855170317622284,0.2567064561673726
2019-11-14,1.0996986825609782,1.284043195213087,1.0114086900234647,0.10283305054244433,0.14717569834868865,0.1086684850526499,0.2561869139724343
2019-11-15,1.1033995740877645,1.2881120142207567,1.010070401907013,0.1035882986657827,0.14766468303775787,0.10996019440962371,0.2578914792655251
2019-11-18,1.1060968055924254,1.2962602890660446,1.009214124960893,0.10375919565871525,0.14802095976790314,0.10966716016888743,0.2577452446002371
2019-11-19,1.1077018509697931,1.2944481120474285,1.0089290218433133,0.10403337390634916,0.14824478178368122,0.10983338275835558,0.2583445282628914
2019-11-20,1.1059010882066707,1.2902060459055311,1.0074653180064277,0.10341796370029475,0.14798372179060304,0.10900370612600829,0.2575925401200381
2019-11-21,1.1091024034249082,1.2964619553239212,1.0084609876866915,0.10407451735442577,0.14840978910968966,0.10979238260449489,0.25811114265802854
2019-11-22,1.105803255484784,1.2861074671399542,1.0058237193349493,0.10406043830256613,0.1479793420838451,0.10939482781254103,0.2573009134182426
2019-11-25,1.100800281804872,1.2872663611554502,1.002004008016032,0.10369464002405715,0.14733182072664056,0.10891941052815021,0.25620660500627707
2019-11-26,1.1020012342413823,1.2856610226147773,1.0024560172422434,0.10415039316773421,0.1474839242522565,0.10914290080001746,0.2561869139724343
2019-11-27,1.1008972312434635,1.2883609472029685,1.0020943772484492,0.10427202485845073,0.14735353059059295,0.10897876003966826,0.2553756575923183
2019-11-28,1.1004974248360258,1.2919729719254274,1.0012716149509877,0.10434927790299692,0.14729275908796324,0.10881984874041024,0.2546732542148423
2019-11-29,1.098201146521997,1.2885933714756972,0.9985022466300548,0.1045959458611384,0.14698965192850422,0.10868383871318334,0.25430409683900007
2019-12-02,1.102304919586856,1.2935104580320531,1.0025464680287932,0.10459703990377073,0.14754049986721354,0.10875830641565251,0.2563445270443476
2019-12-03,1.1071009454642076,1.2994100678292055,1.0113268608414239,0.10478665437169922,0.14816790386866396,0.10889331721712239,0.25839793281653745
2019-12-04,1.1080946312815114,1.3096547750013097,1.0114086900234647,0.10501002845771772,0.14831074066383887,0.1089336485146897,0.25895331071807753
2019-12-05,1.1093977079843353,1.3133701076963489,1.0118589873315254,0.10523767929869611,0.148482508760468,0.10917864902339698,0.25949087889560685
2019-12-06,1.1093977079843353,1.3136288998357963,1.0114905324486163,0.10547299363997849,0.1484692817056151,0.10958663919694911,0.2593764589925818
2019-12-09,1.1075055652154653,1.315391394709496,1.0105807807747111,0.10504091343578324,0.148214021046391,0.1093960245484679,0.258538224876548
2019-12-10,1.1077018509697931,1.317540415552247,1.0141884970740662,0.1049306932770905,0.1482250055584377,0.10878670191355809,0.25818444696891457
2019-12-11,1.1075055652154653,1.3146132407845612,1.014569213911773,0.10588509349653755,0.14820523460888638,0.10911908165380879,0.2583445282628914
2019-12-12,1.1136973638783396,1.3170545392284694,1.018101850909165,0.10657912967482708,0.14902685463920598,0.10988648725866179,0.25999012037542574
2019-12-13,1.117405830623624,1.3380790537104932,1.0174803117559674,0.1069381469757892,0.1495237668027333,0.11104078528043351,0.26152679341998586
2019-12-16,1.1146035355224146,1.336201713010596,1.0176252696706964,0.1069541594472609,0.14914910435962833,0.11114939590303327,0.2612944527187688
2019-12-17,1.1161960040183057,1.317089232795522,1.0197318105338296,0.1065904899964825,0.14936296694597542,0.11090163025396474,0.26204764026099947
2019-12-18,1.1114939590303328,1.3067966493733911,1.01850625872096,0.1063807153039297,0.14875639652505057,0.11075914316726845,0.2602675550465879
2019-12-19,1.111704019921736,1.3067624959163673,1.0200022440049368,0.10609854432797182,0.14877631481068215,0.11140944083601645,0.2608582235554976
2019-12-20,1.1097054841645027,1.3034920552159235,1.0196590260216982,0.10635469290082425,0.1485133810556331,0.11156854213385993,0.2605387942264603
2019-12-23,1.1075055652154653,1.2921733062838388,1.018859081600424,0.10600856549209177,0.14822280852577593,0.11172185726415516,0.2599225430821615
2019-12-24,1.1079964100916313,1.2954039069381833,1.0185685038247247,0.10597486276255273,0.14830194275545008,0.11178555059972947,0.26010508245331115
2019-12-27,1.1152996810242912,1.3101180416355513,1.024149443886852,0.10686729219655032,0.14929606903450232,0.11313881000599636,0.26136957658128596
2019-12-30,1.1189061573405839,1.3131459036413535,1.0292513225879496,0.10717424388570938,0.14979253733578993,0.11364023773537735,0.2628535380086216
2019-12-31,1.1234061674998597,1.3204109118757756,1.0350145419543144,0.10753497575086296,0.1503578516870151,0.11389132489778253,0.2639079489074211
2020-01-02,1.1192943968122495,1.3194875110507078,1.0301844030081384,0.10687642947224418,0.14980151299528124,0.11374105710938477,0.26309558262516775
2020-01-03,1.1147029316687103,1.3096376232696414,1.0283199308969007,0.10630607645533018,0.14916245282737428,0.11337997029444778,0.2623226043388159
2020-01-06,1.1193946313833478,1.313611643853611,1.0317042722873915,0.10629816635663034,0.14978804990937822,0.11365832035734177,0.2639149138317806
2020-01-07,1.117206091007608,1.3115270108987895,1.0296752404291687,0.10597261667585095,0.14949694278752,0.11336583153837433,0.2631371207536247
2020-01-08,1.1114939590303328,1.3096890798124525,1.0299297587904506,0.1057484877966245,0.14873427135080466,0.11283370568456208,0.26196526340607235
2020-01-09,1.1110000111100002,1.3026939711323016,1.0279393926934068,0.1054785562095226,0.14866572511707427,0.11260373619196686,0.2618897967735177
2020-01-10,1.1091024034249082,1.3077536715184328,1.0248526774276199,0.10511820542199704,0.14841199168892846,0.11231916614251056,0.26119890296460757
2020-01-13,1.1125945705384956,1.2973365680258429,1.0291348063682861,0.10536186532646374,0.14887820274233649,0.11243534967393748,0.26272923125426934
2020-01-14,1.1114939590303328,1.298212361578107,1.032322001878826,0.10560777273207309,0.14873427135080466,0.11236333809004799,0.2632687447346251
2020-01-15,1.1142061281337048,1.3003732071104408,1.0363660859562032,0.10552085092014181,0.14910240353074491,0.11275101194033217,0.2636227031871985
2020-01-16,1.1168941407733375,1.306779572421724,1.0400416016640666,0.10568925245991735,0.14945895856997668,0.11275228323373548,0.26389402016150315
2020-01-17,1.1108025548458762,1.3052103999164666,1.034650443347715,0.10533855812581637,0.14864362690449648,0.11232673600970504,0.26218505020843713
2020-01-20,1.1084999778300004,1.2999168053244592,1.0324072640175097,0.10502326265267757,0.14834154156529994,0.11217930740495607,0.2612330198537095
2020-01-21,1.1114939590303328,1.3071895424836601,1.0346290337599453,0.10533301031210171,0.14874533311517352,0.11186558231628875,0.26191037426992486
2020-01-22,1.1087949616356942,1.3130424506624299,1.0307684378704325,0.10507181658663696,0.14837675826458543,0.11133625776570398,0.2616431187859759
2020-01-23,1.1091024034249082,1.312577113905442,1.0332606606668664,0.10515468253801341,0.14840978910968966,0.11126812279550033,0.2613422538155969
2020-01-24,1.1034969819357545,1.308814868136902,1.0301525655949646,0.10473287879263937,0.14766468303775787,0.11104448442045883,0.2592486972752962
2020-01-27,1.1024993660628646,1.3069332810560021,1.0314382374783397,0.10421117352202502,0.14753614635585718,0.10985148079796117,0.25810448069378483
2020-01-28,1.1004974248360258,1.300779166720866,1.0282141975816401,0.10382814365661956,0.14726672950047126,0.10922157781491312,0.2575394679234593
2020-01-29,1.1000979087138756,1.300660735653712,1.02535708060332,0.1040257983980027,0.1472146979154399,0.1093936311027972,0.2568119366188141
2020-01-30,1.1029006286533585,1.3101180416355513,1.0317149165342632,0.1036580941422811,0.14758622725327272,0.10840578453266266,0.2572479613099066
2020-01-31,1.1052044075551772,1.3129734910652153,1.033474230320067,0.10351431085347548,0.14788961519122126,0.10846692843352061,0.2569703199280483
2020-02-03,1.1065986477364524,1.3053296610058869,1.0369141435089175,0.10360654378930574,0.14808233377758034,0.10786671988091515,0.2575394679234593
2020-02-04,1.1048014671763484,1.3016087884625398,1.0323326588759962,0.1039533457384326,0.1478415138971023,0.1083693661475774,0.25841128740503383
2020-02-05,1.102304919586856,1.3053637396060411,1.0285526207520777,0.10453253052349891,0.14750785479326775,0.10895145123333043,0.25941683096399293
2020-02-06,1.1003036838167335,1.2969832170371716,1.026873273569309,0.10424485030439495,0.14724721334648744,0.1086307099016892,0.25919494051476116
2020-02-07,1.0969001601474233,1.2947330260500285,1.0246636541555234,0.10401606007967631,0.14679330035377186,0.10788533946122061,0.25716857400025717
2020-02-10,1.0950983398309169,1.29401260368276,1.0234576493224712,0.10357756924160504,0.14655235582911996,0.1082239369703791,0.2567262271513658
2020-02-11,1.0900964735379082,1.292741257837244,1.0219410748776225,0.10345112968633619,0.1458895616018674,0.10798086579058191,0.2560753885944022
2020-02-12,1.0914051841746248,1.2983809189940143,1.0252729789306403,0.10397712503249286,0.14606856458421583,0.10865667749611552,0.25647601949217746
2020-02-13,1.0866966594944687,1.3033901176961278,1.0220037405336904,0.1036699149906697,0.14543339150668994,0.10822042335829618,0.25561718769970093
2020-02-14,1.0841988854435458,1.3029995048601881,1.0188902247671836,0.103173620568693,0.1451147131807694,0.10814084263344581,0.25516713447307987
2020-02-17,1.0835057913384547,1.3016935032477253,1.0182262498727217,0.10287430817027757,0.1450452541192852,0.10794706276042229,0.25422651582560063
2020-02-18,1.081595569784546,1.303373129659559,1.018547754611475,0.10252309332677186,0.1447890423652738,0.10721331160476885,0.25303003466511476
2020-02-19,1.0799952480209087,1.2988868539661511,1.0168491910964685,0.1021346134204882,0.14459224985540775,0.10780857509406297,0.25285728734702134
2020-02-20,1.0790047260407,1.2869681604077114,1.0163944423551892,0.10180707559175363,0.14448152803664052,0.10741138560687433,0.25195263290501385
2020-02-21,1.0801002333016505,1.2933766183374937,1.0179982083231534,0.10219515186199567,0.14458806859257975,0.10707555250985096,0.25215593322910884
2020-02-24,1.0817944806845594,1.290422484321367,1.0205643720977702,0.10221813349688236,0.1448204949964519,0.10676232571050327,0.25164829634103375
2020-02-25,1.0839990894407647,1.296193080921334,1.022160438302396,0.10256620648628689,0.14511260738332946,0.10669284197723175,0.25202248040525216
2020-02-26,1.087500271875068,1.2923402990475452,1.0253675942825502,0.1027759791981418,0.1455625263832079,0.10649967517599072,0.2523531935296641
2020-02-27,1.0963950530655207,1.2899563994736978,1.0317149165342632,0.10367528899486807,0.14672437825544715,0.10653144275532923,0.2542459066409031
2020-02-28,1.097694840834248,1.2866369882401378,1.0342010279958218,0.10284045332071823,0.14690327888118462,0.10566133429132943,0.25374914359664036
2020-03-02,1.1121985941809769,1.2767315671879986,1.0438304401832965,0.10486247286683514,0.14882945632599603,0.10689813676547619,0.2570033410434336
2020-03-03,1.111704019921736,1.277661368630858,1.0442446456355796,0.10528421473768437,0.1487630353609735,0.1075893529576313,0.2575394679234593
2020-03-04,1.1124955500178,1.2809509780060717,1.0448993239501374,0.10539517922450228,0.14887598630340926,0.10795638562020944,0.25891308287807785
2020-03-05,1.1187058810368167,1.2907556083331182,1.049141802005959,0.10562227362506205,0.14973422175638243,0.1078678834163916,0.25999012037542574
2020-03-06,1.1335940599671257,1.3005254122665557,1.0705491917353602,0.10679767181075453,0.151758885482745,0.10797969981643452,0.26337275145513445
2020-03-09,1.1455934746995682,1.3110111829253905,1.0813616505904233,0.10686272414456391,0.15336952854206926,0.10519782450898915,0.2656042496679947
2020-03-10,1.1390040548544353,1.303424095097822,1.075141649912376,0.10544852530237364,0.1524483200195134,0.10504201680672269,0.2632895395065954
2020-03-11,1.1335940599671257,1.292741257837244,1.070342937877296,0.10570824524312895,0.1517013304206678,0.10442337412806484,0.2625292063742091
2020-03-12,1.1239996403201151,1.268295157649088,1.0655073946213187,0.10317149165342632,0.15041439164899298,0.09887187194115146,0.25780504782283636
2020-03-13,1.1103955228852516,1.246665170668462,1.0467587116493777,0.10238558410975736,0.148583994532109,0.10006704492009647,0.2548549875121056
2020-03-16,1.1156978690170702,1.2271444348999878,1.0579323769624647,0.10235938379650954,0.14929606903450232,0.09721574117281069,0.2531645569620253
2020-03-17,1.098201146521997,1.2091606007109865,1.0398685606139384,0.10020742937881415,0.14695077149155034,0.09544352606562698,0.2460811575657652
2020-03-18,1.0933980624986332,1.1860285832888573,1.0367958859939244,0.09919847631140385,0.14631006027974483,0.09344484418072234,0.24292481476982872
2020-03-19,1.0801002333016505,1.161588588553706,1.0252519556681055,0.09685042420485801,0.14453164520371736,0.08769545123694433,0.23684335180711477
2020-03-20,1.0706982022977183,1.1762353411670607,1.015269655620533,0.09681010697516822,0.14335067876546395,0.08833063924883625,0.23627814663421778
2020-03-23,1.0782949999460851,1.1598371588628957,1.0182262498727217,0.09739374342592232,0.1443397179601911,0.08797550761867896,0.2341262408690766
2020-03-24,1.0843046896177826,1.177301624676242,1.025630506353781,0.09778325363998162,0.14521375464684014,0.0905510028523566,0.23497344800037598
2020-03-25,1.0826963469825253,1.183235913576449,1.0212209717938767,0.09875177753199557,0.14497375974948534,0.09195317744204651,0.23631164780112013
2020-03-26,1.0981046713372717,1.202110906752257,1.0326311441553078,0.0997635603619422,0.14708261630557884,0.09526077637532746,0.24003264443964378
2020-03-27,1.097694840834248,1.223166778790288,1.0374304921570254,0.0996482417067751,0.1471323897242739,0.09417614706547127,0.2422832776081795
2020-03-30,1.1033995740877645,1.2411721629907284,1.0437977537472338,0.09996801023672425,0.14777597162701345,0.0943983990031529,0.24245950926195328
2020-03-31,1.0956022525582312,1.2359717209670242,1.0350466806052954,0.09904814730440467,0.14671792012676427,0.0951864226086791,0.24076080414108583
2020-04-01,1.0936013385680385,1.236262038101596,1.0352181204579805,0.0999930004899657,0.1465137063572297,0.09704968944099379,0.23869766553683106
2020-04-02,1.0905957924814327,1.2430235304354311,1.0336451496201353,0.09981235277677965,0.1460728319139923,0.09707606880751757,0.23865778859693085
2020-04-03,1.0785043301948858,1.227656648988411,1.0225680774697576,0.09847559774687832,0.14439807661761944,0.09575792396820837,0.23566008389498985
2020-04-06,1.079097874177188,1.229044786392016,1.0218784169059565,0.09828975820719482,0.14453582320378106,0.09476157986505951,0.23642338700144216
2020-04-07,1.088494611951671,1.2356204668174124,1.0286372613561554,0.10005703250852985,0.145764095388024,0.09811135638950208,0.23999232024575212
2020-04-08,1.087098317171805,1.2360786640461798,1.029738858225554,0.09938283260949504,0.14564520827264785,0.09711472162065048,0.23922872658548835
2020-04-09,1.0866966594944687,1.241018131274898,1.0292619162798358,0.09928317547308432,0.14555828881675667,0.09690298073568744,0.238384705237312
2020-04-14,1.096298894930714,1.2564550377564738,1.0398361218272,0.10043286565095563,0.14691191161779396,0.09691612878215193,0.2410858506714241
2020-04-15,1.090298523735799,1.2476917702250836,1.0350252546162126,0.09973172166871118,0.14608136732159813,0.09521995810321843,0.24025755610013932
2020-04-16,1.0888027524933583,1.2491568191470757,1.0353788969073232,0.09998600195972564,0.14591510659098536,0.09538708077378001,0.24041929124392944
2020-04-17,1.0860003692401254,1.248595330253465,1.0328124515869164,0.1000480230510645,0.14557100225635053,0.09623805445149121,0.24034417285552911
2020-04-20,1.0860003692401254,1.2433790067888495,1.0325138614985907,0.09997900440907409,0.14560703573196657,0.09636417950719359,0.23988293712668216
2020-04-21,1.0837054055225628,1.2298005263546252,1.0304285552361225,0.09892958192358679,0.1453023742407951,0.09436365866777387,0.2392745196564018
2020-04-22,1.0866966594944687,1.2360175514492304,1.0326951277443874,0.09931176943779607,0.14569189078935865,0.09305961398872119,0.23963001126261055
2020-04-23,1.0772031497420098,1.2353151906708997,1.0248316713979728,0.09893153937475267,0.14444187658886065,0.0935357446848313,0.2373774538894296
2020-04-24,1.0799952480209087,1.2343088487601368,1.0261251462228334,0.09933544586714876,0.14481630052278682,0.09408930957264636,0.2384927259718579
2020-04-27,1.0851989712313752,1.2435954832612048,1.0279393926934068,0.09979044007584073,0.1454862879173638,0.094766968025625,0.23963001126261055
2020-04-28,1.0877013607144022,1.249110009118503,1.0274852298998203,0.10120023478454471,0.1458618979550162,0.09644224556124564,0.23922300368403424
2020-04-29,1.0841988854435458,1.2408179471907883,1.0256410256410258,0.10100806044322337,0.14539110206455363,0.09617881565406404,0.2385894591176962
2020-04-30,1.0875948926543841,1.2514861397910018,1.0301207301495736,0.10198878123406425,0.14582148533764963,0.09724599346506924,0.23990020151616928
2020-05-04,1.0941996476677134,1.244849435460781,1.0373551592858847,0.10120842863793697,0.1466318660371272,0.09659222625763078,0.23960130343109065
2020-05-05,1.0843046896177826,1.2454696043143068,1.0302162423892776,0.1013551179266797,0.14532560201130634,0.09704686393059209,0.2392745196564018
2020-05-06,1.0806955356467423,1.2385894942839095,1.0263041760316922,0.10168595310243844,0.14483098224372157,0.09744784104308168,0.23807256451766498
2020-05-07,1.0782949999460851,1.2326504449868108,1.0240235935035944,0.10153521241166436,0.1445337341735561,0.09766769543305856,0.23716352424997036
2020-05-08,1.0843046896177826,1.2386968908708038,1.0298236941835557,0.10241284666748597,0.14535306258902875,0.09795374624102499,0.2384017546369141
2020-05-11,1.0824033684392826,1.2317546344768122,1.0289971393879525,0.10211479745529925,0.14510418480468976,0.09799022057598651,0.23741690408357077
2020-05-12,1.0857999087928076,1.2370572881230129,1.0321302135477413,0.10246531549070641,0.14559431599790343,0.09824630348283146,0.2389029576186153
2020-05-13,1.087500271875068,1.232361821430772,1.0329618114018324,0.10274641158157552,0.14586402555537728,0.09942433311128565,0.23829949480507104
2020-05-14,1.0792026850562804,1.2194973232033754,1.0266413428468766,0.10141165017037158,0.1447178002894356,0.09757906343614914,0.23632281696797827
2020-05-15,1.0797969981643452,1.2168410805548795,1.0271053091073428,0.10120433154539014,0.1447911387823065,0.09765911110677071,0.236540826946731
2020-05-18,1.0832006412547797,1.2149930137901708,1.0295586282160838,0.10208977775055385,0.1453023742407951,0.09877518767285658,0.23756354824915668
2020-05-19,1.0950024090052997,1.2229872687025327,1.0298130889243602,0.10360976418417671,0.14685797365367953,0.10031800808563146,0.24060439824839996
2020-05-20,1.0957943413180216,1.2263017192750105,1.0353360183047409,0.10380012248414452,0.14695940981101022,0.10074957685177723,0.24114980225716215
2020-05-21,1.1000011000011,1.223002225864051,1.0350038295141692,0.10446373541425095,0.14752526370140887,0.10088984846344762,0.24283632831471585
2020-05-22,1.0904055218135624,1.2174632934817016,1.0295586282160838,0.10348003352753087,0.1462095182396374,0.099965012245714,0.2411905163888956
2020-05-25,1.0910003382101048,1.2187838974271472,1.0295374288332253,0.1034222419873618,0.14631006027974483,0.09976455564866914,0.24227740763173833
2020-05-26,1.097502085253962,1.2348423106369317,1.0353788969073232,0.10396631491396788,0.1472016957635352,0.10074044225054148,0.24659696192542907
2020-05-27,1.0990943462586829,1.2267379810346308,1.0296010296010296,0.10407343421518224,0.14736655958030004,0.10150223304912707,0.24770255876743208
2020-05-28,1.1016006257091555,1.227716937582871,1.0311723398331563,0.10443646085721446,0.14777815543306388,0.10148060198293095,0.24899158408445793
2020-05-29,1.1135981469726834,1.2361245024598877,1.0388099393334995,0.10618867603958715,0.1493919746631211,0.1032258064516129,0.25027530283311644
2020-06-01,1.1116051578479325,1.2396181975951408,1.0402363416968337,0.10623605651758207,0.1491090732871095,0.10303117723423108,0.25104812592574
2020-06-02,1.117405830623624,1.254343163202589,1.0403120936280883,0.10690727931664867,0.1499048104453672,0.10462768239220732,0.253994056539077
2020-06-03,1.1193946313833478,1.2568340350656697,1.0371507394884771,0.10702971144789794,0.15016142353029505,0.104834989726171,0.25363329697922743
2020-06-04,1.124998593751758,1.2543903662819869,1.043013892945054,0.10799485944469042,0.15089101142244957,0.10608391237468837,0.2535368389026926
2020-06-05,1.1330032517193325,1.2666565334143993,1.0426985037276473,0.10868147632917445,0.15195028186777287,0.1074922068150059,0.2550369803621525
2020-06-08,1.128502589913444,1.2655184196205977,1.0390366052596034,0.10853285289457118,0.1513637877274241,0.10788417554913046,0.2545500827287769
2020-06-09,1.1293947573495364,1.2672825659937397,1.0486577181208054,0.1083999089440765,0.15146007512419726,0.10713520462824085,0.25400050800101603
2020-06-10,1.1375011375011375,1.2786252221611325,1.0569595501580153,0.10874293170943888,0.15257624998092797,0.1079400716722076,0.25548004700832866
2020-06-11,1.1348032818510911,1.2655985015313742,1.060861631817362,0.10805787579827755,0.15222090297439644,0.10585819236550717,0.25370407956159935
2020-06-12,1.1304033279073973,1.260859149424418,1.0567473317129874,0.10755116746792286,0.15162772361298538,0.1042079156332715,0.2541166903842244
2020-06-15,1.1253024250267258,1.2552406296286998,1.0537518835814919,0.10677144504473723,0.1509274491751815,0.10333887918651634,0.2537233907593941
2020-06-16,1.13079958838895,1.2652942441764832,1.0551417055310528,0.10755579456843238,0.15165991780032456,0.10529973569766339,0.2554213174631555
2020-06-17,1.1232042771618873,1.2556977284428092,1.052764559733861,0.10684673903752458,0.15064324666325207,0.10492298652788853,0.2525890376357666
2020-06-18,1.122195912962485,1.2464942349641632,1.0520335809119026,0.10634451368653891,0.15051853635775245,0.10479763576533714,0.25135101168782203
2020-06-19,1.121000829540614,1.238604835513278,1.0519893117885923,0.10608503776627345,0.15036011246936415,0.10463425097571438,0.2518193951298129
2020-06-22,1.1213025049897962,1.2413724613933164,1.0524654001999683,0.10625863351397301,0.1504234419891996,0.10383892505944778,0.25201612903225806
2020-06-23,1.131797860902043,1.2488136270542984,1.0572612704051425,0.10761135084528717,0.15184414716734743,0.10543629539032516,0.2550760126517702
2020-06-24,1.1280061363533818,1.24857974054513,1.056278519520027,0.10728002231424463,0.15134775172914805,0.10448556531915115,0.2535947049425608
2020-06-25,1.1199964160114688,1.2426064913763109,1.052930832973582,0.10680451569492358,0.1502674761074713,0.1029908544121282,0.2508214402167097
2020-06-26,1.1213025049897962,1.2379761565792242,1.0547410610695074,0.10702169329723135,0.15046418200147454,0.10301313417460727,0.25094102885821834
2020-06-29,1.1284007176628563,1.2326808342783886,1.0576414595452142,0.10769247337303596,0.15140045420136258,0.10351109638953296,0.2526400889293113
2020-06-30,1.1197957492553359,1.2272649174050712,1.0513588813541501,0.10670081092616304,0.15025618679849143,0.10262093877634793,0.2513004799839168
2020-07-01,1.1199964160114688,1.238528133166545,1.054618702608072,0.10670194944461635,0.1502787671129946,0.10395766843741228,0.2512184092850324
2020-07-02,1.128604480559788,1.2508756129290504,1.0599171144816475,0.10786090258003278,0.15147842947164322,0.10560219652568774,0.2522577064729328
2020-07-03,1.1223974409338346,1.2454540925621482,1.056579851022241,0.10718573143543132,0.15062509414068384,0.10511820542199704,0.2511679308785854
2020-07-06,1.1325028312570782,1.2513138795735523,1.0641807404569592,0.1080135232931163,0.1519803033526855,0.10662003816997367,0.25342118601115055
2020-07-07,1.128999480660239,1.2523638367418501,1.0607941104710987,0.10798086579058191,0.15149908343054524,0.1060816616631483,0.2526656223154278
2020-07-08,1.128604480559788,1.2550673343624885,1.0623154226953067,0.10819700510689864,0.15150367396409362,0.10558993094418517,0.25211778943122226
2020-07-09,1.1341983486072045,1.2650701481397144,1.0665756522110115,0.10908932233712963,0.15223480696626476,0.10682619378271552,0.253994056539077
2020-07-10,1.1275991159622931,1.258906765364957,1.0612669404735373,0.10844340338777193,0.15139128591758258,0.10522328380824109,0.25201612903225806
2020-07-13,1.132900565317382,1.2596520840943732,1.0602767322271112,0.1091083664295378,0.1521722589971848,0.10622589999893774,0.25311970030627484
2020-07-14,1.1375011375011375,1.253054319904768,1.063976932980093,0.10952782554407947,0.15279305708348612,0.10619882544099063,0.25401341190814875
2020-07-15,1.1444004486049757,1.2639668335102887,1.0613007301749025,0.11060478697518028,0.15368301341652707,0.10768319603725839,0.25608850418704704
2020-07-16,1.1413961557777472,1.2560131630179483,1.0581226787433735,0.11028033260548313,0.15330604485734872,0.10752919417621885,0.25405213149738326
2020-07-17,1.1428049003474126,1.2547523746188691,1.0627783150712593,0.11059744741091375,0.15349194167306218,0.10781671159029649,0.2549329526334574
2020-07-20,1.1447934792563421,1.2639189069629293,1.06631407214681,0.11113457285426923,0.15370663551545521,0.10793890657887635,0.2567262271513658
2020-07-21,1.1442956860052638,1.2706641761648814,1.0654506323449502,0.11175931513891682,0.15370191051474769,0.1090500648847886,0.25794469665703673
2020-07-22,1.157796019497285,1.2705834519211223,1.073525780721624,0.11304927818035881,0.15553067064825185,0.10990822663076331,0.26142423925546376
2020-07-23,1.1568985862699275,1.2686008601113832,1.0780857509406299,0.1127141568981064,0.1554363876583508,0.10906671611024464,0.2620888481195125
2020-07-24,1.1608065283759157,1.275819395006443,1.0818295902029513,0.11303905499350024,0.15594298724386363,0.10853403084537157,0.2635393332454869
2020-07-27,1.1760001881600302,1.2874983906270119,1.0850694444444444,0.11453310579422983,0.15798786653185035,0.11023292216453366,0.2671725132918325
2020-07-28,1.1717010756215873,1.2880290579355471,1.0891466535969068,0.11395621802103632,0.15742577374767797,0.10956622730609518,0.26597159423373584
2020-07-29,1.172497889503799,1.2972355909556734,1.0890754838217838,0.11397829853195951,0.1575373757423949,0.11001826303166326,0.26530828823092434
2020-07-30,1.174301584132837,1.3008976193573565,1.092979790803668,0.11393414606357527,0.1577809684595844,0.10953022486555165,0.26640381490262943
2020-07-31,1.1848060472500652,1.3156682937097899,1.1001947344680008,0.11521401002361886,0.159157103977336,0.11039599041762804,0.2690631222084701
2020-08-03,1.1725941299937852,1.3026939711323016,1.0873465482183826,0.11389132489778253,0.15746791591213288,0.1093960245484679,0.2652871733651678
2020-08-04,1.1764982705475424,1.3023716187176848,1.0933024293179978,0.11419566284872501,0.1580003476007647,0.10937209480373176,0.2670512204240773
2020-08-05,1.1853959222380275,1.3132493729234245,1.1006548896593473,0.1152379086624336,0.1590963328295283,0.11121614858477451,0.26981086258532766
2020-08-06,1.1843009071744948,1.3154086974823078,1.1007518134886127,0.11479606479089896,0.15896734810669888,0.11116175146455606,0.2687160745955823
2020-08-07,1.1816978634902628,1.307582671914432,1.093756835980225,0.1145475372279496,0.15865460891638902,0.11102722387529422,0.26807495375707047
2020-08-10,1.1763045217145816,1.3047505969233981,1.090179661608233,0.11442040344634256,0.15793796196853876,0.11066843736166446,0.26721534884963793
2020-08-11,1.1783004194749493,1.3115098100933795,1.096803913396363,0.1145816623507574,0.1582278481012658,0.11152001784320285,0.26768744813555695
2020-08-12,1.1770937555176268,1.3010160935690773,1.0944631111208396,0.1148250640149732,0.158060284192391,0.11161212554131882,0.26732249786142
2020-08-13,1.1833059200795182,1.3093461125513919,1.0972732759093653,0.11516491615994104,0.15888652324509836,0.11253657438667568,0.2691282934574912
2020-08-14,1.1812930433652675,1.310032226792779,1.0984786071291261,0.11476444597463706,0.15862692533430625,0.1120749557303925,0.2685717355105549
2020-08-17,1.185297568954686,1.3079247158533556,1.1010669338589094,0.11495706353676902,0.15916470363532184,0.11275736869404415,0.2695926455126304
2020-08-18,1.1906037551642437,1.3174015571686406,1.105167764466646,0.11536819760264887,0.1598848828843233,0.11337997029444778,0.27139251499443645
2020-08-19,1.193303182539588,1.320829480914014,1.1037771253228548,0.11569655108581213,0.160274389755261,0.11315673339142045,0.2715620247664567
2020-08-20,1.1850026070057356,1.314146790196465,1.0986475648476726,0.11443218748569599,0.15916470363532184,0.11172060910076081,0.26984726644719087
2020-08-21,1.1768998105191306,1.311234658554495,1.0953982320272535,0.11356796474850374,0.15809776765952066,0.11111975375862568,0.2676014878642725
2020-08-24,1.1846937566639024,1.3137842240790374,1.1009214712714543,0.1142543759425986,0.15915963711602737,0.11156605268149007,0.26933850463262227
2020-08-25,1.18140469017662,1.3134736123151285,1.0987682807572712,0.11411747252621848,0.15874023747539526,0.111781801922647,0.26899798251513113
2020-08-26,1.1788977306218686,1.314423165393867,1.0978756106933083,0.11407060970740888,0.15837068241927055,0.11163455312688382,0.2674798052747018
2020-08-27,1.180595728604654,1.3190349939983907,1.0982373290868157,0.11446755417177,0.158621892993671,0.11224730325853922,0.2683627190510694
2020-08-28,1.191497474025355,1.3317529864560722,1.1075423634954036,0.11612783351913787,0.1600640256102441,0.11380189366351055,0.2712820791058543
2020-08-31,1.1940013372814977,1.3325160568184846,1.1082174322602094,0.11604832252149794,0.16040035929680482,0.11420348777451664,0.2715399027887148
2020-09-01,1.1986958189489836,1.3472368172877427,1.1032656663724625,0.11569922828614733,0.16104096882246843,0.11484220680784603,0.27289597205545246
2020-09-02,1.1860989206499823,1.3350956596040107,1.0983458910880213,0.11508274449329069,0.1593955719910101,0.11398219598098776,0.2684347569323276
2020-09-03,1.1812930433652675,1.3252932211251738,1.096226787397777,0.11425307055127107,0.15877552316534885,0.11216798277099783,0.266844563042028
2020-09-04,1.184202735508319,1.325714891755379,1.0971890017774462,0.11420740063956145,0.15915963711602737,0.11196202248197412,0.26602819898909286
2020-09-07,1.1823964811880718,1.3161877936744015,1.0939004113065547,0.11403158674952961,0.15890167164558572,0.11212522144731236,0.2656818725258376
2020-09-08,1.1784948264077122,1.3028806691595116,1.0891822419727268,0.11360667098372015,0.1583857326132062,0.11043622308117063,0.2649357530798781
2020-09-09,1.177301624676242,1.2907222881924725,1.089490772013161,0.11361699710276657,0.15823285547010982,0.1098744135453177,0.2645712622694923
2020-09-10,1.1849043189762427,1.2936945328469043,1.100594320933304,0.11425959780621571,0.1592534199671938,0.11087334937301122,0.2661202331213242
2020-09-11,1.1853959222380275,1.282791353986274,1.0999406032074268,0.11429616422072875,0.15932446427148889,0.11075546301321312,0.2665813606312647
2020-09-14,1.187606142298968,1.2882115758692207,1.1029006286533585,0.1139977884429042,0.15962711106854388,0.11106051687564555,0.266851683834125
2020-09-15,1.189202045427518,1.2912722905879164,1.1043866236692141,0.1143026964006081,0.159846547314578,0.1111790538662516,0.2674726509214433
2020-09-16,1.1869013566282507,1.2982460695600244,1.1037893086967558,0.1139951894030072,0.15953797801566663,0.11133253916122064,0.266922912662823
2020-09-17,1.1797043660858588,1.2888591019229778,1.0982132071120287,0.1133452723686895,0.1585715871430157,0.1100073704938231,0.26463427543135387
2020-09-18,1.1833059200795182,1.295806769294563,1.0980926131309916,0.11379023907329229,0.15903813734533542,0.11003521126760564,0.26530124956888546
2020-09-21,1.1787031907495373,1.2866700977869274,1.0953502382386768,0.11327722334870129,0.1584108226274019,0.10829660273557218,0.2628880885407082
2020-09-22,1.1739982859625024,1.27965602845955,1.0922992900054616,0.1128082485391332,0.15775856629014956,0.10718688032584812,0.26127397188692064
2020-09-23,1.1691940745244302,1.2724588995775437,1.085304970696766,0.11200465939383078,0.1570894467309686,0.10635129961288128,0.25981449245238897
2020-09-24,1.164496820923679,1.2764708134948493,1.0810460201290768,0.11007396970764355,0.15646513956690447,0.10488777008600797,0.2571024553284484
2020-09-25,1.163399453202257,1.273658201085157,1.077423664533368,0.1094606871941942,0.1562353529356623,0.10439176140219014,0.2553691360862126
2020-09-28,1.1669973159061735,1.2893908917427406,1.0789581580026326,0.11023656767422889,0.15672998558084134,0.10553421419224113,0.25646944166602553
2020-09-29,1.1702065414545666,1.2864549161874623,1.084022591030797,0.1110851912331567,0.1571561031572661,0.1058593129730588,0.25755273392227057
2020-09-30,1.1707956727391935,1.2832852101379533,1.083670174145797,0.11075300971303896,0.15723517665372097,0.1054696563798595,0.25753283543651817
2020-10-01,1.1751986085648474,1.2953703463820305,1.0894551634727474,0.11208123648020084,0.15791302150775352,0.10774468818687238,0.26153363322523276
2020-10-02,1.1730067682490528,1.2936610608020698,1.0871219533407257,0.11251758087201126,0.15763174072731287,0.10757546418812797,0.26099438862064467
2020-10-05,1.1768028619845603,1.295890730493605,1.0915481427308351,0.11245684468585179,0.1581727879535605,0.10810693938443909,0.2616294280780702
2020-10-06,1.17949564766106,1.295320008808176,1.094055993785762,0.11218559985640243,0.1585188003297191,0.10860711376595167,0.26286044738848147
2020-10-07,1.1769967750288364,1.2875647001261814,1.0911312849162011,0.11227755010385675,0.15815527685081213,0.10767276094493615,0.2623570154265925
2020-10-08,1.1764982705475424,1.2923570006978728,1.0894551634727474,0.11261768548132799,0.15808277213949223,0.10789814415192057,0.2623570154265925
2020-10-09,1.17949564766106,1.2937782205374355,1.094870531559643,0.11319515977496801,0.1584886522125016,0.10858706510880425,0.26385920472835694
2020-10-12,1.179899236605194,1.3023546572202542,1.0983941477559807,0.11352541834116658,0.1585238261310675,0.10932546190007653,0.26331033756385275
2020-10-13,1.1787031907495373,1.30111766007,1.0981046713372717,0.11396141266567139,0.15835814277570154,0.10921680628215069,0.2628051825181993
2020-10-14,1.1750052875237937,1.299849217490771,1.0942475406786523,0.11335940599671257,0.15784821315822703,0.10857763300760043,0.26068821689259647
2020-10-15,1.1697958706205767,1.2920898260847096,1.0935774198134358,0.1127192389196988,0.15717092337917485,0.10665756522110113,0.256996736141451
2020-10-16,1.1740947729300708,1.2914223726011829,1.0951463115472226,0.11333756460241183,0.1577660329731009,0.1071547207012205,0.25771867429513945
2020-10-19,1.1784948264077122,1.300948391377314,1.0989373276042067,0.11377858686995108,0.15837820715869497,0.10765537361797414,0.2577452446002371
2020-10-20,1.1810000708600041,1.2931257435473025,1.1012730716708516,0.113770820060071,0.1586823021628398,0.10765885063411063,0.2578116943384552
2020-10-21,1.1851992319908977,1.305943348177556,1.1061090402291858,0.11435236537867786,0.15923313323036256,0.10842106404432253,0.2591143471614023
2020-10-22,1.1821029611679177,1.3094661306585307,1.1020862492698678,0.11394842694196607,0.15886632987004734,0.10812681112408633,0.2581977794990963
2020-10-23,1.1856067342462504,1.307531380753138,1.1064884482606,0.11442040344634256,0.15933969629853886,0.1085929610042677,0.258732212160414
2020-10-26,1.181893393215932,1.3023037753786448,1.1026209299504923,0.11422044545973728,0.1588310038119441,0.10797037292966812,0.25806451612903225
2020-10-27,1.1831939136505083,1.3042570951585977,1.1024993660628646,0.11480660826837193,0.15902043412578518,0.10915362280874101,0.25810448069378483
2020-10-28,1.1727041384729047,1.2934937265554263,1.0966956559885066,0.11307484423940206,0.15754730357789928,0.10690727931664867,0.2538199908624803
2020-10-29,1.1703982865369085,1.2942638227376269,1.0954702305964834,0.11229520162603453,0.1571808050800836,0.10497365161344503,0.253196607165464
2020-10-30,1.1697958706205767,1.2967813885935109,1.0934697983641692,0.11286044805597878,0.15709191447916174,0.1054440777333741,0.2530812643939969
2020-11-02,1.1652023956561255,1.2939121433654655,1.0894789022410583,0.1124441995659654,0.15649697178359598,0.10485257727634945,0.2532030181799767
2020-11-03,1.1702065414545666,1.2996127154108075,1.0927289813580436,0.11269764349227457,0.15715363339200403,0.10628234969018696,0.2561737882979814
2020-11-04,1.1720993471406638,1.3029995048601881,1.0979841011902147,0.11322463768115941,0.15740099477428696,0.1069598793492561,0.25835120262484823
2020-11-05,1.1854942918449847,1.3106675229694482,1.105460977227504,0.11535488931698369,0.15919764387487065,0.10926215268293216,0.26266022273586886
2020-11-06,1.1869999762600005,1.3126115719836187,1.1112098853231398,0.11546144165156047,0.15934477428812724,0.10869683366123545,0.26224693171089897
2020-11-09,1.188297644794068,1.3170545392284694,1.102523676695957,0.11653381811401668,0.1595557966620927,0.11095084877399312,0.2660140455416046
2020-11-10,1.1808048365766106,1.3240122868340218,1.0916196360540134,0.11576485841957816,0.15861434508136915,0.11075055652154653,0.26246030287918953
2020-11-11,1.1765951689002365,1.3229963220702248,1.0901558922925978,0.11563902123132429,0.15807777426493835,0.11019648032441844,0.26220567413078816
2020-11-12,1.1791062374719963,1.3135426244581636,1.0912503546563652,0.11579703096412608,0.1583556350852745,0.10952302721647227,0.2626878217925817
2020-11-13,1.181502398449869,1.3174189128659133,1.0934697983641692,0.11522728582128249,0.15865964333312177,0.109274092205479,0.26321330806485577
2020-11-16,1.1829979534135406,1.317089232795522,1.0934458853631333,0.11537219068715676,0.1588335265807907,0.11024142872891633,0.2646973186161624
2020-11-17,1.188198809424793,1.326330309300228,1.0985630794920245,0.11606313834726091,0.15953288770480034,0.11034239244375298,0.26425664605464827
2020-11-18,1.1868027533823877,1.3279154383448863,1.0976707426840244,0.11619935160761803,0.1592686384124102,0.11079718575148192,0.2655407737858148
2020-11-19,1.1831939136505083,1.3238194839751651,1.0958543828696043,0.11593127593962299,0.15882343598621412,0.11068313631735067,0.2646132677092429
2020-11-20,1.1862959096517034,1.3270695649865967,1.0973093973576789,0.11611300117274131,0.1592584924591104,0.11127183709803048,0.26575247814185865
2020-11-23,1.1900936603710712,1.3388673182487616,1.1013337151290212,0.11651073646436519,0.1598056762976221,0.11132510269740724,0.2660352762776344
2020-11-24,1.1864929640967228,1.3329601045040722,1.095266259227618,0.11627771770095698,0.15942352453528044,0.11112839775076123,0.26563952716164163
2020-11-25,1.1890040901740702,1.334027027387575,1.097369605056679,0.1173075569528189,0.15976993129892952,0.1127141568981064,0.2661202331213242
2020-11-26,1.1899945260251803,1.335149136158509,1.1005216472608015,0.11716324354723437,0.15990277911030093,0.11257711532399695,0.26592915647271564
2020-11-27,1.1921935168516553,1.3329245697985952,1.1012366888015241,0.11720031878486709,0.16021019577685924,0.11286554327829258,0.265484376244458
2020-11-30,1.1980065171554533,1.3334044482372394,1.1052654847694416,0.11770660451757949,0.16099430080175162,0.1134365606034825,0.2679456606200263
2020-12-01,1.1968021446694432,1.3327646870668515,1.1044720071569785,0.11717834544176235,0.1607717041800643,0.11287573510322486,0.26721534884963793
2020-12-02,1.2065928231858878,1.3334044482372394,1.1152623654714773,0.1173584949946602,0.16209557154898527,0.11276372616456738,0.269432843863667
2020-12-03,1.2150963571411213,1.344754783965144,1.1218685843140335,0.11794260912639909,0.16323332571577814,0.11348676744291615,0.27163579073178684
2020-12-04,1.2158941685715676,1.3467832083069589,1.123545009213069,0.11853397183632829,0.16336399130903567,0.11406410402646287,0.27159152634437805
2020-12-07,1.2127974385718097,1.3296104241457254,1.1227502891081995,0.11888062008131435,0.16293809981587995,0.11406150196185783,0.27150304083405735
2020-12-08,1.2114017129220223,1.3291156064754512,1.1236460065620928,0.11834879757621662,0.1627445236467793,0.11397829853195951,0.271230573110201
2020-12-09,1.2109029703449863,1.3454423141607805,1.124947971156334,0.11785503830288746,0.16269156932287768,0.11449245494721899,0.27367268746579093
2020-12-10,1.2115044462213176,1.3298579711686793,1.1262402720996498,0.11831659153563104,0.16278691193228065,0.11322463768115941,0.27367268746579093
2020-12-11,1.2126944858781727,1.3139568496570573,1.1243282138921995,0.11824244430780873,0.1629327902240326,0.11337097249620207,0.27338837552627265
2020-12-14,1.2162047115770527,1.3408959866983117,1.1286172181842806,0.11931750387781888,0.16342272556421694,0.11491743182523356,0.27408524050979854
2020-12-15,1.214004758898655,1.3370771493515177,1.1272050949670294,0.11910433539780847,0.16311351069209062,0.11437721605856113,0.27326137450471377
2020-12-16,1.2189027437500761,1.3550869965851808,1.1300711944852526,0.11975187411682993,0.16379748079474538,0.11522064754003918,0.2748083211959658
2020-12-17,1.2246047588140927,1.359915141295183,1.1316825856683717,0.1208473818414724,0.1646009250571988,0.11661127631041922,0.27566435108611753
2020-12-18,1.2258958233729298,1.3496915954704352,1.1303777722514865,0.12097749818533753,0.16478808252587174,0.11657185489135503,0.27377008788019824
2020-12-21,1.2173002714579604,1.3287800470388138,1.1260880826098218,0.12015187196616522,0.16361256544502617,0.11428179605270677,0.26984726644719087
2020-12-22,1.2239003255574865,1.3427685201348138,1.1293692472753967,0.12100677637947727,0.16450074025333114,0.11552947156819705,0.2712820791058543
2020-12-23,1.2166042143169984,1.3413456379439854,1.1226368494319459,0.12020242087675645,0.16356439530243055,0.11451605515093216,0.2702045448404442
2020-12-24,1.2193040212646622,1.3578654355353383,1.123671258736544,0.12100677637947727,0.163907556138338,0.11600389773096376,0.2708265626692666
2020-12-28,1.2218963831867058,1.3515339910798756,1.125758479775749,0.12089705615668259,0.16431963455313275,0.11558689244639657,0.2720940356987375
2020-12-29,1.2258958233729298,1.34918172128604,1.1286172181842806,0.12156872279899827,0.16481252575195715,0.11619935160761803,0.2705700911821207
2020-12-30,1.2280938754958428,1.359915141295183,1.1311577399468355,0.12211652358680652,0.16508188061278395,0.11644019049615165,0.2695272492048946
2020-12-31,1.2270992600591462,1.3649082099228826,1.135989276261232,0.12229124883823315,0.1649130908011478,0.11719757166631507,0.2691210506485817
2021-01-04,1.2296039445694542,1.3637913399249915,1.1373588253358053,0.12186947778928767,0.16531658125309967,0.11773293461112812,0.2703871944624703
2021-01-05,1.2270992600591462,1.3584188005161992,1.1358860479116735,0.12201520309430554,0.1649620587264929,0.11718658447980874,0.2698545483984132
2021-01-06,1.2338062924120914,1.361285053090117,1.1401858502935978,0.1225790634959549,0.16584848082791562,0.11885236159642491,0.2732091142560516
2021-01-07,1.2275963663147558,1.3611182947910003,1.1332086803784918,0.12205839273508447,0.16501650165016502,0.11868309240665574,0.27281407720638384
2021-01-08,1.2249947937721264,1.3591757957974286,1.1314265025343955,0.12187838974271471,0.16472022270174108,0.11909015124449207,0.2715399027887148
2021-01-11,1.2162934672877872,1.3479268884455708,1.1222588826790565,0.12071317342861626,0.16354299545350473,0.11731306163628258,0.26853567496441905
2021-01-12,1.2161011796181442,1.3596747657960218,1.1247708279438065,0.1205516443244286,0.16348684748311998,0.11719757166631507,0.26876662993522726
2021-01-13,1.2166042143169984,1.3672222146265431,1.1252264518234294,0.12000048000192001,0.16354032086610953,0.11767059294211783,0.26884611248521345
2021-01-14,1.2124004316145536,1.3631220948460354,1.1220699947262711,0.11996880810989144,0.16297262059973924,0.11758480804280087,0.2671725132918325
2021-01-15,1.2122975463097663,1.3621565662757278,1.1256317608257635,0.1196687568809535,0.16295934164425976,0.11754472576815478,0.2671725132918325
2021-01-18,1.2064035902570847,1.3543895766178184,1.1225486344195863,0.11880999904952,0.16216654504175787,0.1161588588553706,0.2657877950244525
2021-01-19,1.2131947056183048,1.361618692301408,1.126570157156537,0.12017497476325531,0.1630789302022179,0.11730480480480479,0.2675084265154352
2021-01-20,1.2100970497833927,1.3663628786533126,1.1227502891081995,0.1193588045022141,0.16268627578577471,0.11722367449330068,0.2670013083064107
2021-01-21,1.21580547112462,1.371855022361237,1.1285662694113399,0.120585078802349,0.16342539630658606,0.11860004506801713,0.26848520646512375
2021-01-22,1.21580547112462,1.3653741125068268,1.1285662694113399,0.12059671253361634,0.1634040328115298,0.11768721093078816,0.26788823702751213
2021-01-25,1.2151997180736653,1.3684757916632455,1.1281079373674474,0.12076565424793188,0.16332130199741954,0.11743567460923279,0.26760864911153925
2021-01-26,1.214299591995337,1.3690190978164145,1.1254924029262803,0.12056763241340229,0.16323332571577814,0.11690300557627337,0.26708688336315806
2021-01-27,1.2114017129220223,1.370444983486138,1.1259359342453414,0.11977625795014911,0.162871754780286,0.11586277213268605,0.26612731530764316
2021-01-28,1.2091021207651198,1.3646288209606987,1.1213025049897962,0.11929615269907545,0.1625831206204172,0.11492799760949765,0.2659079426702476
2021-01-29,1.2136069612495297,1.3731171131585813,1.12391121101433,0.1200278464603788,0.16318537859007834,0.11733508553727735,0.2678810608090008
2021-02-01,1.2084008023781327,1.3700694625217498,1.1172310545543924,0.11890606420927467,0.1624774562529449,0.11631558745187441,0.26805339623653035
2021-02-02,1.204398463187561,1.3674652663822338,1.114355122690499,0.11855083459787556,0.16194069731664265,0.11640901471409945,0.2679241238881149
2021-02-03,1.2017064231208316,1.3633265167007498,1.112272818276867,0.11862396204033215,0.16157438076618572,0.1160617912976869,0.26753705388196264
2021-02-04,1.1996017322249013,1.3679516292303904,1.1088933244621866,0.11835299965677631,0.1613085348345781,0.11603754975109945,0.2669300376371353
2021-02-05,1.1982936298710636,1.3688879154574825,1.1069783917817924,0.11837681708414224,0.1611447724635813,0.11626284704459842,0.2661556478228468
2021-02-08,1.2025012025012025,1.3690753265244655,1.109114704642754,0.11888486001307733,0.16170240289770707,0.11706037974387189,0.2682691275887971
2021-02-09,1.210404638270574,1.3781507972602363,1.118981279443195,0.11977338874848786,0.1627551186484815,0.1179871394018052,0.2704164413196322
2021-02-10,1.2126944858781727,1.3835660030161738,1.1223470521554675,0.12030798845043311,0.16305765718758153,0.11856629634460107,0.2705774121976297
2021-02-11,1.214697843911327,1.3841979956813024,1.1245178629662531,0.12042534230903551,0.16331063315532474,0.11839784042339069,0.2700804839842273
2021-02-12,1.210800339024095,1.379786133149362,1.1207998027392347,0.1200970384070329,0.16282667100871123,0.11772461857223582,0.26907036189963673
2021-02-15,1.2129004087474378,1.3905498234001725,1.1228511436238897,0.12076419583121996,0.16309754864384388,0.11895557009456968,0.2703506447862878
2021-02-16,1.214299591995337,1.3904338153503895,1.124353496739375,0.12092775775751567,0.1632839671472658,0.11912136084242626,0.2701899435303018
2021-02-17,1.2059962131718907,1.3868471417080408,1.116046516818821,0.12010425048942482,0.16216654504175787,0.11810419151775696,0.26793130241406105
2021-02-18,1.2084008023781327,1.3963555121133842,1.1158970696542951,0.12044564890093346,0.16250121875914067,0.1182648185817683,0.26920074299405067
2021-02-19,1.2139016011362118,1.4032133585911737,1.1186933661483387,0.12099067161921816,0.16322799686602246,0.11889899530348967,0.270775229482007
2021-02-22,1.2132977432661975,1.4021705600269216,1.114342704955482,0.12094969702100898,0.16315342948508776,0.11758480804280087,0.26973080865296434
2021-02-23,1.214299591995337,1.4069446789352245,1.1093607863149253,0.12052984921715863,0.16328663335619345,0.11767613175019712,0.26944736345754855
2021-02-24,1.2145945683330903,1.4118311449950585,1.1012730716708516,0.1203847496599131,0.16333197223356474,0.11851711387124302,0.26884611248521345
2021-02-25,1.2224938875305624,1.414807373976033,1.1037405768148254,0.12143880698516017,0.1643952719919775,0.11953000800851055,0.270929287455974
2021-02-26,1.2121065199209706,1.3923698134224451,1.1033143563264045,0.1195500137482516,0.1630018419208137,0.11653517614291875,0.26824753882883123
2021-03-01,1.2052984921715864,1.3924861447628596,1.094331363536879,0.11836000378752011,0.16209031672447888,0.11634129883426018,0.26629030969563017
2021-03-02,1.2028049411226982,1.3915947676036737,1.0885064602858419,0.11861974069724683,0.16175209873348106,0.11728279226871832,0.2653927813163482
2021-03-03,1.204804761388417,1.395245005022882,1.0889331721712239,0.11899237258891705,0.16201940992530905,0.1175972529281716,0.26575247814185865
2021-03-04,1.203398397073335,1.3949141430344962,1.0827784093985167,0.11845113298508701,0.16183324702226826,0.11729654913552444,0.26431252312734577
2021-03-05,1.1938017811522574,1.3833171946327294,1.0787952015189437,0.11719619815533183,0.16053683517683132,0.11691257277807655,0.260953524177344
2021-03-08,1.1866055960319908,1.3841405179453818,1.0702627495050034,0.11655826747791222,0.15957107295589457,0.11657864978607818,0.25794469665703673
2021-03-09,1.1894000666064037,1.3878094815143778,1.0743331077233806,0.11734472359450357,0.15993858358390378,0.11795095599249833,0.25945048387515246
2021-03-10,1.189202045427518,1.388368250794841,1.074356192051913,0.11738742545898483,0.15991300732401573,0.11796069549626065,0.2599225430821615
2021-03-11,1.1969024165459792,1.3970968327814801,1.081595569784546,0.11816001228864127,0.1609476598210262,0.11861129891233439,0.26156099602427285
2021-03-12,1.193303182539588,1.3902211841904046,1.0756273596575203,0.117696906925286,0.16046213093709885,0.11830959254176328,0.2601659858990036
2021-03-15,1.191994564504786,1.3913817812469564,1.0754191446116124,0.1170343495816022,0.16029751218261093,0.1180344896778839,0.25961887948491613
2021-03-16,1.1926058437686344,1.3876361617983763,1.0809408509166378,0.11762768485190674,0.16038235152603808,0.11804702993672679,0.2596391016487083
2021-03-17,1.1907029910459135,1.3898927002835382,1.07785334727357,0.11747844270576349,0.16012553842212296,0.11764290672093927,0.25808449686427337
2021-03-18,1.1911994186946837,1.3920015590417463,1.0761598312581384,0.11727866583789742,0.16019479687299756,0.11787309782288387,0.2575394679234593
2021-03-19,1.1891030595621723,1.3865010260107593,1.074552448905031,0.11687294741886095,0.15990277911030093,0.11655826747791222,0.25738038246724837
2021-03-22,1.1926058437686344,1.3829919648166844,1.0819232267278314,0.1174053419430584,0.16038235152603808,0.11762215060340164,0.2591680704937152
2021-03-23,1.188297644794068,1.3785687699030866,1.0738255033557047,0.11671335200746966,0.15980312255301468,0.11674877997524925,0.2572611972936122
2021-03-24,1.1824943535894616,1.3710086510645882,1.0683988974123377,0.11634806687686883,0.15902296291584506,0.11643070044709387,0.25551268620487005
2021-03-25,1.180205591814094,1.3712342479465767,1.0685358921206163,0.1157796019497285,0.15871504301177666,0.11610086843449588,0.25435584382551185
2021-03-26,1.1782032400589102,1.3779608934698433,1.06239442455406,0.11561762937612727,0.15844345153214817,0.11635618956750404,0.2534147639441474
2021-03-29,1.1783976149232274,1.384389622615389,1.0640222167838864,0.1152976986579348,0.1584710711059696,0.11697685028132933,0.2536525974025974
2021-03-30,1.1740947729300708,1.375175334855194,1.061864208804978,0.11457641100850156,0.15787562558216636,0.1166942843139543,0.25204788909892883
2021-03-31,1.172497889503799,1.3760268600443082,1.0591649543499906,0.11452130096197893,0.1576516214469266,0.11730342877922321,0.25210507739625876
2021-04-01,1.1746050390556175,1.378720822820587,1.058290648943826,0.11431314944158028,0.15792050281888098,0.11698232397084801,0.2548549875121056
2021-04-06,1.1811953697141506,1.3838149009188532,1.0670308798736636,0.115115864117234,0.1588083024980546,0.1172195522213105,0.2572611972936122
2021-04-07,1.1883964966071279,1.380814956987614,1.0760556105539534,0.11609952050898029,0.1598056762976221,0.1182075014480419,0.25972676744065243
2021-04-08,1.1872959335114277,1.3759321940614766,1.0773075928639146,0.11631829337799957,0.15963220739416384,0.11781060766711433,0.26087183366811884
2021-04-09,1.1888062008131435,1.3718362027573907,1.0797503617163713,0.11686475242202199,0.15984399226355078,0.1175516345554785,0.26189665557970826
2021-04-12,1.190405333015892,1.3758943313153549,1.0823799370054876,0.11673515128875607,0.1600665877004834,0.11793148180906893,0.26309558262516775
2021-04-13,1.1895981537436653,1.37211855104281,1.0813616505904233,0.11650123491309007,0.1599488163787588,0.11700011700011699,0.26049128656646436
2021-04-14,1.1964012251148546,1.3764624913971093,1.0843869960311436,0.11794956476610602,0.16086739700464905,0.1187549728644887,0.26272923125426934
2021-04-15,1.1970027052261136,1.379786133149362,1.0836466878338986,0.11816559726801139,0.1609476598210262,0.11918382913806255,0.26276374911317235
2021-04-16,1.1985952463712528,1.3809865768104734,1.0885420068360439,0.11860848525103485,0.1611707442864971,0.11964441679329034,0.2633796881584492
2021-04-19,1.203499777352541,1.3936699510821846,1.0942954378823195,0.1191767271687185,0.1618384851917786,0.12067238653778857,0.26466229091679017
2021-04-20,1.2050951422614815,1.396492012065691,1.092669281788481,0.11897821508881724,0.16205091639793223,0.1205516443244286,0.26471133229213545
2021-04-21,1.2006964039142702,1.392117828853034,1.0889687465969726,0.11828020580755812,0.16146220169858239,0.11956430766287648,0.2635393332454869
2021-04-22,1.2046015780280672,1.3869048444586218,1.0916196360540134,0.1189881249851265,0.16198266785453957,0.1198911388459279,0.26436143495386893
2021-04-23,1.2065928231858878,1.3884068031933356,1.0931351114997814,0.1189881249851265,0.16226127310194877,0.12014321070716294,0.26447330142022163
2021-04-26,1.2085030273000834,1.3894871402965165,1.0919891674674587,0.11928903733746869,0.16251706429175064,0.12041954168322436,0.265188681747063
2021-04-27,1.2087951938303094,1.3911108019753773,1.0951223251637208,0.11920798216648587,0.1625593341569673,0.12079191177358763,0.2648305084745763
2021-04-28,1.2070006035003018,1.3875398917718884,1.0928961748633879,0.11937447773665989,0.1623192169720973,0.12094823415578132,0.2631994525451387
2021-04-29,1.2129004087474378,1.3955760240039077,1.1006306613689645,0.11994290717618412,0.1631108501337509,0.12233613075285654,0.2656748140276302
2021-04-30,1.2081964044075004,1.3909173099659227,1.0985630794920245,0.11887072808320952,0.16248009618821693,0.12138721307097511,0.26475338222445793
2021-05-03,1.204398463187561,1.3869433156266902,1.0933143825507026,0.11830679317606417,0.16195905675045347,0.12024722830138765,0.2645992644140449
2021-05-04,1.2020964562196472,1.385386938571943,1.0948105977665863,0.11823265822485486,0.16165796407960037,0.12006243246488173,0.26371308016877637
2021-05-05,1.200494603776756,1.3914979475405274,1.0948465572550008,0.11775927648700528,0.1614439547311151,0.12023277064396673,0.26224693171089897
2021-05-06,1.2059962131718907,1.390878618023005,1.1010669338589094,0.11830539354289162,0.16218495572350708,0.11993139923963492,0.2629295611705624
2021-05-07,1.2058944118852952,1.3891204089570484,1.09997690048509,0.11908589665725888,0.16216917488323818,0.12043984631875611,0.2635601707869907
2021-05-10,1.2169003115264796,1.41179128077705,1.1124460463667512,0.12020531067062543,0.16364737264143225,0.1216796661109962,0.26668088964744785
2021-05-11,1.2170039796030132,1.4149074650517854,1.1087826675093415,0.12033983970733352,0.16366344249684947,0.12131211180124224,0.26734393797620637
2021-05-12,1.2117980659702867,1.4123894805231492,1.1050578497784358,0.11990838999004759,0.1629646529667715,0.12086198769624966,0.26669511414550884
2021-05-13,1.2080942313500453,1.4037451921727169,1.1022806185998832,0.1187676666904202,0.16245633985866298,0.1192947295588481,0.26571011026969577
2021-05-14,1.2122975463097663,1.408292023433979,1.1069171251148426,0.11971603356837582,0.163025758069775,0.12114017129220221,0.26810370251213167
2021-05-17,1.214299591995337,1.4084507042253522,1.1089548100914888,0.11957431543704412,0.16329463250542955,0.12062726176115804,0.2673010611852129
2021-05-18,1.2221950623319482,1.421201483734349,1.1148396303191785,0.12057635497678905,0.164354743277891,0.12206733234051903,0.27013885136960397
2021-05-19,1.2211950614871714,1.416169827085664,1.109373093264996,0.12015764683264443,0.1642278826099095,0.12084154048795814,0.2702483582412237
2021-05-20,1.220300926208403,1.4123894805231492,1.1102722387529422,0.11985665144487194,0.16409852475426248,0.11990120141003814,0.2702556618561159
2021-05-21,1.218798751950078,1.4193456816407637,1.112953667738812,0.12041084179219497,0.1639021831770799,0.12017353057815484,0.2714956696440692
2021-05-24,1.2211950614871714,1.413287731249205,1.114541421931946,0.12011434886011482,0.164219791769304,0.11962008660494271,0.2722866633992267
2021-05-25,1.226406995425502,1.4166111827286765,1.11724353674614,0.1210214207914801,0.16492669008625666,0.12027615404969812,0.2735154946527721
2021-05-26,1.222897533415675,1.4165509816698303,1.1159842423024986,0.12047902460181682,0.16445745485642865,0.12015187196616522,0.27193125577853916
2021-05-27,1.2197948305095083,1.417253645885004,1.1122480758108289,0.12041664157986633,0.1640339222151141,0.11964298533177,0.2720496218510256
2021-05-28,1.214196384123168,1.415728746372195,1.1078491109510886,0.11992133160646615,0.16327330318219668,0.11928476852790666,0.2706359945872801
2021-05-31,1.2201073694485114,1.4185000780175043,1.1110000111100002,0.1205516443244286,0.16406890894175555,0.11940298507462686,0.272005222500272
2021-06-01,1.2224938875305624,1.4168118898853799,1.1127802815334114,0.12109322967752872,0.1643898670085976,0.12090436464756377,0.2737251252292448
2021-06-02,1.2186056713907947,1.4149274849663955,1.1096316023080337,0.120775864151308,0.1638672675133142,0.12018652949377434,0.2729034194798461
2021-06-03,1.2186947778928767,1.4178363816815538,1.1118523460084502,0.12049063787743691,0.16388069485414616,0.12006819873688256,0.2737401111384851
2021-06-04,1.2116952828702638,1.4140471443317921,1.1064762052292065,0.1199112656634091,0.1629327902240326,0.11930896248926219,0.2710541295096631
2021-06-07,1.2162047115770527,1.4170728942296793,1.1123099340400209,0.12095262285762667,0.16353497195375233,0.12103606874848705,0.2723089072243553
2021-06-08,1.2182048533281356,1.4148674269220975,1.1161835452221764,0.1209072882913382,0.163816263678658,0.12123857326446981,0.27253897307314945
2021-06-09,1.2194973232033754,1.417153222606428,1.1174807513940572,0.12122828498345233,0.16398550368147458,0.12132094242108074,0.27367268746579093
2021-06-10,1.2174040076939934,1.410775503294161,1.1159593344418528,0.12087513598452798,0.16370899089778013,0.12039344578081168,0.2716284123319299
2021-06-11,1.2125033343841696,1.414647257706291,1.11411923304032,0.12047467020059033,0.1630549984509775,0.12025445843404645,0.2712820791058543
2021-06-14,1.2111962985841116,1.4100394811054708,1.1123099340400209,0.11998752129778505,0.1628823663550184,0.12012589193474761,0.26824753882883123
2021-06-15,1.210800339024095,1.4054616238703603,1.1109259567849803,0.1200494603776756,0.1628240197994008,0.12009126936471719,0.26766595289079226
2021-06-16,1.2124004316145536,1.4125690393117964,1.1127059896963425,0.11970456912340345,0.16303107372265155,0.11979347604729447,0.2684347569323276
2021-06-17,1.1937020280997457,1.3957318519965942,1.0926334651777714,0.11713853975096347,0.16051106723808606,0.11706037974387189,0.2630748184783752
2021-06-18,1.1897963068722635,1.3869625520110958,1.087464793327316,0.1162709578401507,0.15999744004095934,0.11566309653242038,0.2615404733882568
2021-06-21,1.1891030595621723,1.388002109763207,1.0855405992184108,0.1163927557148843,0.15990277911030093,0.11581446522670683,0.2623294858342078
2021-06-22,1.1894000666064037,1.3901438798915686,1.0869092648145733,0.11710150358330601,0.15995137478206625,0.11638191890507892,0.26239832065074786
2021-06-23,1.1951000896325068,1.3988361683079678,1.090120240262501,0.11798992366051939,0.1607148596959275,0.11748396343899059,0.26424268047775074
2021-06-24,1.1936022917164002,1.3897961169096493,1.0883524520580745,0.1180233450176445,0.16051106723808606,0.11731856683638753,0.26381047855220807
2021-06-25,1.195000119500012,1.3903371567605145,1.0907266420889596,0.11819632409432067,0.16069936363052,0.11789672247111531,0.2647814229353669
2021-06-28,1.1910007979705346,1.389564371569513,1.0857881193063985,0.11760831726019663,0.16014861791742738,0.11703708905352106,0.26425664605464827
2021-06-29,1.1888062008131435,1.3831641262552214,1.0841753762088555,0.11711110330370422,0.15986443495915464,0.11667113906033065,0.26304713804713803
2021-06-30,1.1883964966071279,1.3850031855073266,1.0823330771811717,0.11753505483010307,0.15981333802119124,0.11683334891111317,0.26291573550677005
2021-07-01,1.1883964966071279,1.3813299444705363,1.0818412938821875,0.1168101484656987,0.15981589209230965,0.11639004632323845,0.2631301968213872
2021-07-02,1.1822986249866991,1.3747216188721785,1.080216907555037,0.11638733705772811,0.15899767863389194,0.11548677676406051,0.26119890296460757
2021-07-05,1.1866055960319908,1.3851566612183837,1.0851400915858238,0.11698095550044452,0.15957616570389047,0.11658680470544344,0.2633450082953678
2021-07-06,1.1837961976466131,1.3853677458681408,1.0830715910321673,0.11664256053748892,0.15919510952623536,0.11588828369451849,0.26341437715670524
2021-07-07,1.183095925417633,1.3837383074113023,1.083717149823896,0.1162034024356233,0.15910139531923695,0.11545211046457929,0.2617938111943034
2021-07-08,1.1837961976466131,1.3743815283122593,1.0909646309266654,0.11616425625834931,0.1591849729385546,0.11367640873489523,0.2601524493353105
2021-07-09,1.1858035597822865,1.3827242433041578,1.0927051007474102,0.11642256735045522,0.1594514868851152,0.11473021190670138,0.26063386155129276
2021-07-12,1.1851992319908977,1.385060734913226,1.0921442067210554,0.1161872008179579,0.15935493123834718,0.11475654399192113,0.2602404621870608
2021-07-13,1.1843990951190912,1.3849648218935238,1.0909051239813674,0.11632505874415466,0.1592356687898089,0.11489498598281171,0.2592419764608285
2021-07-14,1.1811953697141506,1.3870779815241212,1.0896688496365954,0.11574743908791019,0.15881586888161867,0.11432491139819367,0.2582644628099174
2021-07-15,1.180902445648965,1.386231944328925,1.0905957924814327,0.11539615500011538,0.15877552316534885,0.11376305431048213,0.2581311306143521
2021-07-16,1.180205591814094,1.383623433046462,1.0874411422481758,0.11522197513509776,0.15866971312515868,0.11361441539702558,0.2573075339645945
2021-07-19,1.1765951689002365,1.3695253225232134,1.08542277216976,0.11475391023949141,0.15819530792716688,0.11165324966783158,0.25642340632852967
2021-07-20,1.177495702140687,1.3605627287446087,1.0864605288889855,0.11483825032441805,0.15830549794994378,0.11090655014085131,0.25623286442719145
2021-07-21,1.1772046099332525,1.3630849338222264,1.0851754186064178,0.11490686798349938,0.15825789706906374,0.11125821920094348,0.2559836170485089
2021-07-22,1.177495702140687,1.3761783527145117,1.0873583715721027,0.11516491615994104,0.15830549794994378,0.11344428184097381,0.25787817834854815
2021-07-23,1.1767059294211784,1.3755725820872937,1.085717387763965,0.11524454893283549,0.1581978105423021,0.11307356566181959,0.25753283543651817
2021-07-26,1.1787031907495373,1.3791201213625708,1.088767188911995,0.11550278361708517,0.15848614038702313,0.11304288847188623,0.2568647093575814
2021-07-27,1.1810000708600041,1.3812345474385004,1.0929081192144177,0.11618315111942465,0.1587982151080622,0.11309786358135694,0.2572678157962439
2021-07-28,1.1806933031075848,1.3875013875013875,1.093039524309199,0.11579703096412608,0.15875283770697401,0.112631638227178,0.25687130747495507
2021-07-29,1.1872959335114277,1.3955175974769043,1.1005700953093702,0.1167746832486717,0.15963475567900642,0.11417089098963328,0.25933609958506226
2021-07-30,1.1891030595621723,1.3966480446927374,1.1039842792638632,0.11672970070504739,0.15986954645009674,0.1138926220359445,0.2605591599572683
2021-08-02,1.1885942495810204,1.3890625217041017,1.1045452035124537,0.11663167716351762,0.15979801530864987,0.11372553479432736,0.2608786392570176
2021-08-03,1.188495364868077,1.392427976662907,1.1071254594570656,0.11646866992778943,0.15979546180888463,0.11390300020502539,0.26085141903171954
2021-08-04,1.1860989206499823,1.3929128593715177,1.1055098611479615,0.11631829337799957,0.15949217690872264,0.11344814285390148,0.2610352658644183
2021-08-05,1.1850026070057356,1.3931263147629596,1.1040696005476185,0.11619530106202507,0.159347313404296,0.11349449551696743,0.26055237102657636
2021-08-06,1.1806933031075848,1.3916722333556002,1.1009941977605777,0.11611569768116951,0.1587578783597136,0.11327850653616983,0.2591344908007256
2021-08-09,1.1760970044809296,1.3878094815143778,1.0903936321011884,0.11510658870113726,0.15814277129392415,0.1121327651939897,0.2576655501159495
2021-08-10,1.172195522213105,1.3860974426502182,1.0840695972681447,0.11475786091347256,0.1576118650211988,0.11197957492553359,0.25619347731406755
2021-08-11,1.1717971853431608,1.3835085777531821,1.0831889081455806,0.11453966508601927,0.15755723266476548,0.11208249271463797,0.25552574421873003
2021-08-12,1.1739018148522058,1.385252600811758,1.0845398839542324,0.11522064754003918,0.15784323010386084,0.11314137014199242,0.25588536335721596
2021-08-13,1.1764982705475424,1.382609537240588,1.0864369214723393,0.115350897429982,0.15819530792716688,0.11339411257767497,0.2572148773085035
2021-08-16,1.1772046099332525,1.3870202643660623,1.0942595145864793,0.11540281352059363,0.15829547433238883,0.1131400900595117,0.25785822954539594
2021-08-17,1.1767059294211784,1.3791201213625708,1.098382083191459,0.1154214614665451,0.15823285547010982,0.11316313597682419,0.2580179064427071
2021-08-18,1.1723054559095918,1.3762162310942296,1.0929558992294661,0.11466969394658684,0.1576342255430499,0.11248340869721717,0.2568911038610733
2021-08-19,1.1696043228575772,1.3675774732638604,1.0907385390648008,0.11377599781550085,0.15726979633561375,0.11091516099335617,0.2551931812381973
2021-08-20,1.167106276697556,1.3610441931049502,1.0896332294549655,0.11302244625782681,0.15693659761456372,0.11010426874249915,0.2542976299460889
2021-08-23,1.1717971853431608,1.3683634373289546,1.0906552656836226,0.11424001827840291,0.15756468030126367,0.11173808592658807,0.2554735201696344
2021-08-24,1.1739982859625024,1.371855022361237,1.0960705869457994,0.11499672259340608,0.1578581802108985,0.11288083170596801,0.25637738751442124
2021-08-25,1.1735987231245892,1.371196643310617,1.0928364570242064,0.11478025320523856,0.15781333838336017,0.11299562706923243,0.2563642423154818
2021-08-26,1.1767059294211784,1.3727589709798753,1.0906433705242722,0.11489762621504239,0.15823035174607195,0.11356409557554284,0.25703637064644647
2021-08-27,1.1760970044809296,1.372288015808758,1.0893839533743668,0.11491479068270878,0.15815777819953186,0.1135512002361865,0.25664057487488773
2021-08-30,1.180094171514887,1.3762351710660317,1.092884230773434,0.11590843233845263,0.15869993017203074,0.11524986170016596,0.25835120262484823
2021-08-31,1.1834039431019385,1.3780558388225892,1.095842374032919,0.11644832605531295,0.1591444394932841,0.11534158410131605,0.2612603197826314
2021-09-01,1.1816978634902628,1.3762541115591582,1.089621356578589,0.1158976855232201,0.15891429751934782,0.1151383963524156,0.26214381209531545
2021-09-02,1.184595519859744,1.3787968618583424,1.092001092001092,0.11620610314453715,0.15930669725355254,0.11507877141903633,0.26283972033853753
2021-09-03,1.1871972646975022,1.38303021921029,1.092884230773434,0.1167269756040621,0.15965259595121015,0.11555617185513878,0.26331033756385275
2021-09-06,1.186394428691763,1.3841979956813024,1.0915481427308351,0.1167051793758607,0.15954815961197888,0.11548944426479421,0.2624327516074006
2021-09-07,1.1860004506801713,1.3772207684891888,1.0927886874515076,0.1168306189686193,0.1594896331738437,0.11515695893502845,0.2625085315272746
2021-09-08,1.1827041347336549,1.377258704275011,1.0862362998446682,0.11624662884776342,0.15905078491562355,0.1152166649384167,0.2617869577737637
2021-09-09,1.1837961976466131,1.3836808678446404,1.0899538949502436,0.11621555661440841,0.15919510952623536,0.11532562189341607,0.26112387716732816
2021-09-10,1.1841045801165158,1.3888117326815177,1.0909289259804724,0.116266902300922,0.1592356687898089,0.11605640341205825,0.26071540306601315
2021-09-13,1.1779950524207798,1.3839298070801849,1.0834118806946837,0.1156564079432821,0.15841333206602667,0.11562030292519368,0.2587991718426501
2021-09-14,1.18140469017662,1.3856364921226565,1.0851518670037872,0.11644832605531295,0.15887390178415392,0.11611434941130025,0.25941010142934967
2021-09-15,1.1823964811880718,1.3827624828883143,1.0902747492368077,0.11665344594279314,0.1590077913817777,0.11658680470544344,0.25986175354711294
2021-09-16,1.1763045217145816,1.3834702968927257,1.080567081604426,0.11587082720183539,0.15819030293443012,0.11612783351913787,0.2570429775858524
2021-09-17,1.1779950524207798,1.3799955840141311,1.077667496470639,0.11599851521900521,0.1584183511818009,0.11639411045801083,0.2571818018157035
2021-09-20,1.1710973181871414,1.3664375606356667,1.0760787689658884,0.11461974898274972,0.15749271596188677,0.11433144686446008,0.2546019298826285
2021-09-21,1.173805359595272,1.3671848297171294,1.082344791756862,0.1153469058192514,0.15785319652722968,0.11527244642713051,0.25373626652457437
2021-09-22,1.172896702987368,1.363828539476017,1.0840108401084012,0.11526314576177413,0.15773119449833595,0.11582117211026176,0.25319019647559243
2021-09-23,1.1714951792973372,1.3702571972759285,1.0816189672702101,0.11553481063844537,0.15753985758396874,0.11615076369127127,0.2542459066409031
2021-09-24,1.1718933108329819,1.367390472023191,1.08208712965568,0.11559490920019883,0.15759447788949477,0.11615616034196374,0.2544982566869417
2021-09-27,1.1697958706205767,1.3694690568466605,1.0781554915849965,0.11498217776244683,0.15731680458106534,0.11621825788831426,0.2545565624681804
2021-09-28,1.1678013803412315,1.358695652173913,1.0773075928639146,0.11456590976788947,0.15704750687082844,0.11560025432055952,0.2529020510356339
2021-09-29,1.1654060857505797,1.3481631277384563,1.0761829941563263,0.11444528370985832,0.1567250728771589,0.11489762621504239,0.25192089683839275
2021-09-30,1.1579032687609276,1.3455690411475014,1.0691642343180336,0.11387316806540874,0.15571473061351604,0.11391078507313072,0.25064541193573453
2021-10-01,1.1599986080016704,1.354297864272268,1.0749682884354912,0.11424262849439641,0.15597217456405776,0.11576351828484772,0.25313251487153526
2021-10-04,1.1636025133814287,1.360451669954425,1.080613788631943,0.11471441845525564,0.1564528998544988,0.11662759642186535,0.2546992002445112
2021-10-05,1.1602004826434007,1.3621751212335858,1.0790512980987117,0.11451998946416096,0.1559843391723471,0.11700833099316671,0.2522258935102277
2021-10-06,1.154201292705448,1.3583634437230026,1.077179942909463,0.11357054434361905,0.1551397809426293,0.11631558745187441,0.2513257432958858
2021-10-07,1.1562030292519367,1.3598596624828319,1.0793541144978844,0.11396401016558971,0.15540498539193137,0.11633182489733716,0.2543429051046621
2021-10-08,1.1568985862699275,1.3628248633768074,1.0777952620120281,0.11438768273432316,0.1554702196794204,0.11703024061417469,0.25050727723640376
2021-10-11,1.1573940116433838,1.3636053726051682,1.079458975161649,0.11440993078199187,0.1555403471660549,0.11705078833705944,0.2520860117472082
2021-10-12,1.1554949562645158,1.3633451035460606,1.0769827251970878,0.11431706982486625,0.15529155990371923,0.1171810916590499,0.2522640700285058
2021-10-13,1.1562030292519367,1.3618783025548835,1.0783415107564565,0.1142543759425986,0.155388081734131,0.11731581417175037,0.25260179852480547
2021-10-14,1.1602004826434007,1.3711026407436862,1.085717387763965,0.11586008735850586,0.15592839767978545,0.11847498992962585,0.253910217347146
2021-10-15,1.1602004826434007,1.375175334855194,1.0813733441470668,0.11568718186024989,0.15593569212056949,0.11884247430031493,0.2541877430670293
2021-10-18,1.1604024275618785,1.374268202182338,1.0832710452482315,0.11560693641618497,0.1559673092519808,0.1188410619637297,0.253434031121699
2021-10-19,1.1655011655011656,1.3829728384134536,1.0876303796917657,0.11620205212824057,0.15664160401002505,0.1197346679757657,0.25486797838719544
2021-10-20,1.16230415175043,1.3754590594610951,1.0823213628590602,0.11605640341205825,0.15621582778767146,0.11929046034188646,0.2534982762117218
2021-10-21,1.1636972990585688,1.3805861968992033,1.0885894058479022,0.11620205212824057,0.15639906786155552,0.11988826413782354,0.2528125395019593
2021-10-22,1.1629935453858231,1.3784547522227582,1.090179661608233,0.11659360134315828,0.15630617253075324,0.11980495752914255,0.2529660266626192
2021-10-25,1.1602947148575737,1.3750807859961771,1.0878433505575198,0.11602947148575739,0.15595757953836556,0.11949715596768798,0.2512184092850324
2021-10-26,1.1618045147723444,1.380167000207025,1.0874174921977795,0.11635618956750404,0.1561719140429785,0.11998608161453271,0.252518875785965
2021-10-27,1.1616965416293956,1.3743059754823814,1.088755334901141,0.11650394948388751,0.15615484314246006,0.1193103859690986,0.251414204902577
2021-10-28,1.1592993194912995,1.3740227263358935,1.0879261950869252,0.11628988743138897,0.15583848899001077,0.11894142134998513,0.25097251850922325
2021-10-29,1.164496820923679,1.3782647646612913,1.0974418630173066,0.11719070443332436,0.15654106854933392,0.11944149158534693,0.2519716783833497
2021-11-01,1.157796019497285,1.3689628737268644,1.0961907371882706,0.11678968513500887,0.15562749003984064,0.11891030595621721,0.25046963055729493
2021-11-02,1.1602947148575737,1.36578436996367,1.0952422675895908,0.1172346686362091,0.15595757953836556,0.1184946440420893,0.2518130539887188
2021-11-03,1.157796019497285,1.3649641014441318,1.095566243412908,0.11680741960729346,0.1556589823015737,0.11741223435481977,0.2523786689548999
2021-11-04,1.1568985862699275,1.3554727211114876,1.0961667050325012,0.11678832116788321,0.15554518587649713,0.11734472359450357,0.25113639217459
2021-11-05,1.1519012129519772,1.3465474523322203,1.0909170248510898,0.1163142345360225,0.15487548011398836,0.1164971632940738,0.2502126807786619
2021-11-08,1.1579032687609276,1.3546097369347891,1.0932904763466607,0.1162696059623054,0.1556662515566625,0.11726216301785902,0.2519589810778805
2021-11-09,1.157702192687953,1.3559322033898304,1.0929917369824684,0.1169453865045024,0.1556541365086777,0.1174674027957242,0.25207965717166625
2021-11-10,1.155802126675913,1.3510592304366622,1.0950263901360022,0.11599178778142508,0.15540015540015542,0.11692761011657682,0.25060144346431434
2021-11-11,1.1460004584001833,1.339764201500536,1.0851283164234171,0.1150046576886364,0.15409032775012713,0.11495045635331172,0.247537006782514
2021-11-12,1.1447934792563421,1.3388673182487616,1.0832710452482315,0.11438244915700135,0.15393377768883826,0.1150456731322335,0.24657264029983234
2021-11-15,1.1444004486049757,1.343742861366049,1.0864959419376568,0.11436021179511223,0.1538698261270965,0.1153948233882228,0.24677343730720827
2021-11-16,1.1368028556487735,1.3448090371167294,1.0797853386746714,0.11334784185709104,0.15286312635666024,0.11498746636616608,0.2442360296991012
2021-11-17,1.1316057485572026,1.3456957920092583,1.0746448298837235,0.11281843001872786,0.15216762785884932,0.11442433118978419,0.2429838415745353
2021-11-18,1.1344942991661469,1.3478178828476695,1.0793424645705836,0.11282352144775142,0.15256461111280628,0.1139938899274999,0.24363503471799247
2021-11-19,1.127103456826302,1.3429308122045553,1.0773308051970438,0.11163829193413341,0.1515610791148833,0.11216798277099783,0.24074341566758148
2021-11-22,1.1278025894347452,1.3438512087941623,1.0788184780028913,0.11135485451488258,0.15165071806615005,0.11197957492553359,0.24003840614498317
2021-11-23,1.1258979035781036,1.3374169129742814,1.0730995407133965,0.11111234569272992,0.1514050387596899,0.11179679813970127,0.23894862604540026
2021-11-24,1.1205988480243843,1.3350778350377828,1.0688671077524932,0.1099650311201038,0.15068410584051595,0.11176930814798257,0.23943493355680595
2021-11-25,1.122296667901193,1.3313983677056012,1.0708931248661384,0.11028884648895457,0.15092289349371407,0.11150012265013491,0.24052337887242636
2021-11-26,1.1291014610572907,1.3343118286743614,1.0808941156124345,0.11004853140234844,0.15183261972002066,0.11111728429357187,0.23963575365444523
2021-11-29,1.1275991159622931,1.3331200341278728,1.080076901475385,0.10957943413180214,0.15162542455118874,0.11039720915855247,0.24010756819054938
2021-11-30,1.1362990739162548,1.3341160147286408,1.0894551634727474,0.11047038289034711,0.15279305708348612,0.11053998784060133,0.24363503471799247
2021-12-01,1.1314009005951169,1.3310616547758494,1.0850694444444444,0.11063905115949726,0.15214679122417307,0.11071009454642074,0.24445096313679476
2021-12-02,1.1339025524146455,1.3318771476519005,1.0888264628383528,0.11045452035124538,0.1524831887284427,0.11012851998281996,0.24674908085967381
2021-12-03,1.1291014610572907,1.327598109500292,1.087027414831402,0.10942475406786523,0.15183723048891587,0.10975502678022653,0.24586939417781276
2021-12-06,1.1286936499695253,1.3258906670555946,1.0836232025400128,0.10991547499972522,0.15178422354780444,0.10964311167150924,0.2457727093983484
2021-12-07,1.125593750703496,1.325275657336726,1.0808473843493298,0.1097369605056679,0.1513660788617271,0.1104618409570414,0.24500196001568014
2021-12-08,1.12990520095364,1.3199229165016764,1.083106783497785,0.11022077220673009,0.15194566423047118,0.11191566035835394,0.24583312847239294
2021-12-09,1.1310937676733401,1.3192264056357352,1.0828018580879886,0.11027546811936217,0.15210744870176293,0.11138338159946536,0.2456519603026432
2021-12-10,1.1272940433782748,1.3207248137778012,1.0814435107982134,0.11002068388857106,0.15159554309103312,0.11124460463667511,0.24440914090186974
2021-12-13,1.1278025894347452,1.3243629814059439,1.0825439783491204,0.11023413730764142,0.1516645180859938,0.11100627185435978,0.24400361125344655
2021-12-14,1.130901894260673,1.3251000450534016,1.0869801517424291,0.10999890001099989,0.15207968975743288,0.11035822279118015,0.24425392638186658
2021-12-15,1.1262022208707796,1.3252580940138092,1.0812213476342876,0.10980323260716794,0.15144860591558254,0.11011154299305197,0.24338598583493565
2021-12-16,1.1335940599671257,1.3362374226652591,1.0840578453266267,0.11063293099824094,0.15244367206317266,0.11173059518888057,0.24495394865765238
2021-12-17,1.1330032517193325,1.3296811424620376,1.088482763875434,0.1102645245945022,0.15235773596404356,0.11131518895753326,0.24451671271731426
2021-12-20,1.1272940433782748,1.323048833732453,1.083106783497785,0.10943553152837662,0.1515932450050026,0.1106121275136606,0.24328532502919423
2021-12-21,1.129496809171514,1.324468226007258,1.084281175794507,0.10932546190007653,0.1518925815663163,0.11129412812180028,0.24355789371133515
2021-12-22,1.1300967362806256,1.3310970902217607,1.0833062506770663,0.10981890861968614,0.1519733742648288,0.11232168931820734,0.24397384600370842
2021-12-23,1.1310042186457356,1.3427865506499086,1.0861419153026535,0.10976827916268758,0.15209356796301082,0.11297264932159926,0.2443792766373412
2021-12-24,1.1316953928680555,1.341057826413475,1.087961703748028,0.10955422386310104,0.1521931026085898,0.11312089229759845,0.24500796275878967
2021-12-27,1.131196126784462,1.3413996163597097,1.088115601401493,0.10955902492467817,0.15212133197438277,0.11266336187471834,0.2456459259623179
2021-12-28,1.1331059567380146,1.3449537335915644,1.0915123995808593,0.1105155550643753,0.15237630853154951,0.11361957892584051,0.24599035717799864
2021-12-29,1.1303011122162945,1.3437609180574592,1.0889213145458108,0.11015763557651,0.1519941634241245,0.11316185540178117,0.24551927326295112
2021-12-30,1.1334013374135783,1.3504024199211366,1.0936970240503976,0.11064272358128367,0.15241114430287142,0.11367770098217535,0.2466030430815516
2021-12-31,1.1326054455669823,1.3478905512872354,1.0963109137751466,0.11049479569512276,0.15230436504310213,0.1133863981676758,0.24638431024712346
2022-01-03,1.1354991086331998,1.34961873270801,1.0947746406402243,0.11028763013940357,0.1526577718071627,0.11353572969413474,0.24741451828393288
2022-01-04,1.1279043537108053,1.3488723427214848,1.0892296967584525,0.10970927043335162,0.15164381899793763,0.11263417546151853,0.2469806614142113
2022-01-05,1.1319003474934066,1.3548299688389107,1.0921442067210554,0.11038136762514487,0.15216994339278106,0.11356280590980843,0.2478621886231255
2022-01-06,1.1315033153047138,1.3535829340263679,1.0885064602858419,0.10957223001402525,0.15209819459443016,0.1127548259065488,0.2480589388038598
2022-01-07,1.1298030753239712,1.3541878258514455,1.0840578453266267,0.10986113552469678,0.151894888736994,0.11265574656963252,0.24832998087859146
2022-01-10,1.131797860902043,1.3571098987596015,1.083482312151254,0.10984303430397963,0.15216299700238894,0.11289484973695502,0.24965672200724007
2022-01-11,1.1335940599671257,1.358012955443595,1.0794123679069114,0.10997833426814917,0.15235773596404356,0.11317338162064282,0.24948232417733202
2022-01-12,1.1369967368193654,1.364330932110893,1.0843046896177826,0.11077509332801612,0.15279305708348612,0.11453572942079282,0.2506642602897679
2022-01-13,1.1463026009606017,1.3720808978897396,1.0966234962550307,0.11196578325663677,0.15405472023662806,0.11540015002019503,0.2527039320731831
2022-01-14,1.1447017479595691,1.3707643381949777,1.0976105019372824,0.11147774904129136,0.15382958758287568,0.11462763213700294,0.25206059536712627
2022-01-17,1.1403028644407955,1.364442625187611,1.0933980624986332,0.11065496674818248,0.15323087295628324,0.11446100313623149,0.2519653295706511
2022-01-18,1.1366994793916385,1.3585110718652358,1.0915123995808593,0.11016127610822243,0.15273004963726614,0.11408362329587589,0.25114900670567847
2022-01-19,1.1344942991661469,1.364107600807552,1.0926573426573427,0.10969001601474233,0.1524483200195134,0.11417219450375056,0.25083402312689695
2022-01-20,1.1337997029444777,1.361674314737401,1.0920845710291804,0.10932665711880528,0.1523438095093006,0.11386020244343995,0.2506831114787797
2022-01-21,1.1348032818510911,1.3568889250725935,1.0961066292528936,0.10896925977181837,0.15246226558926665,0.1128897518683254,0.25040691123075
2022-01-24,1.1304033279073973,1.3488723427214848,1.0966234962550307,0.10761829941563264,0.1518718201837649,0.11121862244614238,0.24804663276696018
2022-01-25,1.1267986523488118,1.3460218324741227,1.0872283288213358,0.10729383489624686,0.1513752440925811,0.11114074864408287,0.2462872201561461
2022-01-26,1.127700843520231,1.3512235329090492,1.0857881193063985,0.10792143319663285,0.1515312230085009,0.11264051904751177,0.24588148512417013
2022-01-27,1.1159966966497779,1.3386343252613684,1.074010031253692,0.10684559742715802,0.1499430216517723,0.11170812900054737,0.2447800651114973
2022-01-28,1.1137965984651883,1.3390645295196777,1.0732262253560427,0.10555315128933174,0.1496401155221692,0.11109136153572699,0.24342745861733206
2022-01-31,1.1155982953658048,1.3416155734735769,1.0722825679022936,0.10635921762159517,0.14990705762427295,0.11146532313797179,0.24309016214113816
2022-02-01,1.1259993244004054,1.3485267345425123,1.0854109908716936,0.10781554915849964,0.15132942903406424,0.11300967362806255,0.24582708522825045
2022-02-02,1.1322976584084425,1.357754816635212,1.088850174216028,0.10903222992716648,0.15222553735614686,0.11411096149896158,0.24913425845187975
2022-02-03,1.128604480559788,1.3563552023003784,1.0844575543313235,0.10865549688158724,0.1517174414370676,0.11337611392031927,0.24905359633393107
2022-02-04,1.14639458901754,1.355197181189863,1.0848810970317653,0.10974057328475485,0.15401912917584365,0.11408882956269752,0.2520987218594802
2022-02-07,1.1447017479595691,1.3517166801838334,1.0828722102504684,0.10955902492467817,0.15376808697122998,0.11372165487752178,0.2519589810778805
2022-02-08,1.140797189075726,1.3522467579883977,1.0818412938821875,0.10923708817617757,0.1532567049808429,0.11322207377550327,0.25176867494146377
2022-02-09,1.1434975014579594,1.3571835726500365,1.0833766684000694,0.10987320631990682,0.15361927000122896,0.11368545508287668,0.253350561171493
2022-02-10,1.1439029970258523,1.357773251866938,1.082110548413626,0.10865785813630041,0.15374208228276243,0.11360279917297163,0.2546473134708429
2022-02-11,1.1416958750528035,1.3598411705512796,1.0814669017054732,0.10818764064393284,0.15345425528649909,0.1133401337413578,0.2525635197252109
2022-02-14,1.1316057485572026,1.3516435986159168,1.0805904346134727,0.10659617106553533,0.15207506425171463,0.11238101659867614,0.24925224327018947
2022-02-15,1.1344942991661469,1.3543895766178184,1.082227657410013,0.1072926837118977,0.1524413481912834,0.11244546394998425,0.25190820465022545
2022-02-16,1.1372036163074999,1.3547749041496757,1.0813967320190758,0.10793191654704212,0.15282808368865863,0.112488469931832,0.252927637402939
2022-02-17,1.1369967368193654,1.361785573243637,1.0863779074188746,0.10733529399137025,0.15282574808203686,0.11232421260726963,0.25230225810521006
2022-02-18,1.1353959693443088,1.360988622135119,1.086295298513948,0.10732031895598794,0.15264379045060447,0.11190063223857213,0.25118685790359446
2022-02-21,1.1337997029444777,1.3611368214732944,1.091560057634371,0.10642486936347285,0.15239953060944572,0.11144296349128516,0.25000625015625394
2022-02-22,1.1341983486072045,1.355325752544624,1.0882695426003113,0.10700451559055793,0.15246226558926665,0.11227755010385675,0.2495632642874969
2022-02-23,1.134404210908431,1.3591573224600748,1.0875239255263616,0.10736525660296328,0.15249714067861228,0.11306078147612157,0.24942009827151873
2022-02-24,1.1162956844008842,1.3374705756473357,1.0816891658013155,0.10399875201497581,0.15003075630504253,0.1106586402266289,0.239785152503357
2022-02-25,1.1216043428520155,1.339387364219606,1.0786671988091514,0.10596363328105793,0.15071590052750566,0.11243408551736545,0.2418847660974312
2022-02-28,1.119896073644366,1.340392735071376,1.0834940516176566,0.10559662090813093,0.15051627080887445,0.1125923257070798,0.23911432055665813
2022-03-01,1.1161960040183057,1.3401412508878436,1.0892890210559567,0.10442228371534486,0.150073536032656,0.11320669277967714,0.23279634975323585
2022-03-02,1.1106051687564553,1.3329956411042536,1.0871219533407257,0.102947383592246,0.1493005270308604,0.11237975366357997,0.23127269363306274
2022-03-03,1.1076036993963558,1.338114863779907,1.0867320879383606,0.10285314627774464,0.14887376993047594,0.11254037385912197,0.23224487900041807
2022-03-04,1.0928961748633879,1.3265238442661007,1.0868147632917444,0.10125556905629811,0.14690759512266782,0.11111481493827571,0.22519986488008106
2022-03-07,1.089502642043907,1.318600174055223,1.0820285871952737,0.10034720131655528,0.146425747503441,0.11080577962946546,0.21998812064148535
2022-03-08,1.0891941052815022,1.309363256648292,1.0772379618657761,0.10010711461263552,0.14631648255175944,0.11122851899226961,0.22181802049598506
2022-03-09,1.0992997460617586,1.31542600071033,1.077957916522939,0.10241284666748597,0.1476755862720775,0.11219692804811003,0.2280917841339355
2022-03-10,1.108401684770561,1.316777056476568,1.0792609221205318,0.10351859711597189,0.14897579143389197,0.11174557766876375,0.22977413202821625
2022-03-11,1.0989977140847547,1.308797738397508,1.0742869420422196,0.10323113451016827,0.14771048744460857,0.11210510975090246,0.22982165839308694
2022-03-14,1.095998509442027,1.30607980147587,1.069370034112904,0.10401606007967631,0.14730143766203158,0.11116916612008493,0.23211550067313494
2022-03-15,1.0990943462586829,1.3076339670999295,1.0648153077848648,0.10441792229218223,0.14770830563802603,0.11159468809284678,0.2320993385168852
2022-03-16,1.0993964313591837,1.3090033248684452,1.0636600542466628,0.10550303848750843,0.14774540511790085,0.11219692804811003,0.23508945153630956
2022-03-17,1.105094485578517,1.310684701688162,1.0641354431592054,0.1057484877966245,0.14845605700712589,0.11299562706923243,0.23568230025925052
2022-03-18,1.100800281804872,1.311647429171039,1.0672928117829128,0.10553866936845661,0.14791148976452492,0.11355506853048386,0.2335411849879726
2022-03-21,1.1038014923396176,1.3175751347220575,1.073940825860495,0.10604453870625663,0.14833934107664695,0.11429485787434424,0.23505077096652874
2022-03-22,1.102402134250532,1.3245559426202365,1.0728923030706177,0.10618191084966766,0.14816790386866396,0.11455541045203566,0.23529965410950845
2022-03-23,1.0985027407643382,1.3190523927610405,1.0697246528743503,0.10562004245925706,0.14768649111665758,0.11392246437074927,0.2334648518665515
2022-03-24,1.0978032956054935,1.3180787683871988,1.0736410388550692,0.1060108131029365,0.1475600938482197,0.11565105762892203,0.23150291693675337
2022-03-25,1.1001947344680008,1.319504921753358,1.0778882014357472,0.10629477667467421,0.14786774708700537,0.11556151339357941,0.2325635479894881
2022-03-28,1.0965994451206809,1.3110455588331693,1.0691185117870317,0.10521442700223053,0.1474056603773585,0.11528174859356266,0.2324284120490889
2022-03-29,1.1084999778300004,1.3127666557269444,1.0697704272663087,0.10731916720326251,0.149015750964877,0.11547477453550271,0.23790831013727312
2022-03-30,1.1125945705384956,1.3157029142819552,1.0792492742048632,0.10749914000687993,0.14956178397295922,0.1154174649707994,0.23835061375283043
2022-03-31,1.1100996869518884,1.3122498523718915,1.081233038156714,0.10739062265083013,0.14924927614101072,0.11431314944158028,0.23857238286096
2022-04-01,1.1052044075551772,1.3134391089629085,1.0817242684839634,0.10696903246510135,0.1485729567504123,0.11437721605856113,0.23818597560975607
2022-04-04,1.1004974248360258,1.3118367025672644,1.0786090258003278,0.10597149366820324,0.14794650254467984,0.11524853346241169,0.23730422401518744
2022-04-05,1.0969001601474233,1.3138014845956776,1.0816540653968048,0.10691756655618519,0.14747739908858967,0.11498085568752801,0.23709042628858645
2022-04-06,1.0922992900054616,1.3085750925816877,1.0722480753147048,0.1061976976339153,0.14685797365367953,0.11434975014579592,0.23577676655742344
2022-04-07,1.0915958039057299,1.3080958049367537,1.0717768989207206,0.10584698759473306,0.1467631389700163,0.11419044682721842,0.23541043809882534
2022-04-08,1.0860947291822791,1.302982527004313,1.06951871657754,0.10568478456156667,0.14603656755651614,0.1142295786070845,0.23388530264758164
2022-04-11,1.0900014170018422,1.3023716187176848,1.0707325952416644,0.10569372073605107,0.14655450361989622,0.11416307052994498,0.23463162834350074
2022-04-12,1.0860947291822791,1.3014224547430342,1.0720526592266213,0.1051204154358818,0.14602164040710833,0.11385242448737945,0.2333068918855863
2022-04-13,1.0826025765941323,1.2999506018771285,1.0701825731469787,0.10477787091366303,0.14555617012605165,0.11313241017286632,0.2330513412104687
2022-04-14,1.0877960164909874,1.3120604597459853,1.0676232571050328,0.10560331171985553,0.14623089858887184,0.1141291942478886,0.23404404708966225
2022-04-19,1.0802985945315284,1.3022698563596349,1.058290648943826,0.10446919203526879,0.14522008103280523,0.11344299489506524,0.23205625043510544
2022-04-20,1.0830012129613587,1.3053637396060411,1.0561781138771242,0.10586491636671608,0.1455540514970234,0.11347131445170662,0.23371584827167133
2022-04-21,1.088696068718496,1.3034750645220157,1.0534077741493733,0.10615936644090107,0.14632504645820224,0.11365702855064556,0.23513920240782546
2022-04-22,1.081700866442394,1.2888923259350913,1.0465396167571923,0.10524432469979057,0.14538687447297258,0.11237849075686913,0.23344850126062192
2022-04-25,1.0745986374089278,1.274274937560528,1.0466491527375108,0.10384970870156708,0.1444523090701605,0.11076282356589834,0.23160478958704864
2022-04-26,1.067395341886728,1.2686813326228716,1.0435036679153926,0.10269892782319354,0.14348025711662077,0.10898232306719849,0.2297160709363227
2022-04-27,1.05830184885333,1.2566602995878153,1.0346076250581966,0.10172526041666667,0.1422252563610246,0.10816891658013154,0.22496681739443433
2022-04-28,1.0485037850986643,1.2430389817024663,1.0263357760124803,0.10121252606222546,0.1408867411487905,0.10591986103314231,0.22360359554581638
2022-04-29,1.0539962266935083,1.2561393812257409,1.0304073200136015,0.1023719582731898,0.14163904705249142,0.10807539339443195,0.22531149313926505
2022-05-02,1.052398943391461,1.2556977284428092,1.0264305876315114,0.1011582621010571,0.141468728337601,0.10603779186902212,0.22463328616034325
2022-05-03,1.0555983659337296,1.2547208873386115,1.027643613194944,0.10152181196129989,0.14187617047840645,0.1065291730140299,0.22495669583605157
2022-05-04,1.0530971587438658,1.250797383331874,1.0200542668869983,0.10129044020825315,0.14152879403314605,0.10632868322558693,0.22466356630945158
2022-05-05,1.056803170409511,1.2405254865961222,1.020574787720444,0.10186203805565743,0.14203334943044627,0.1073295338678344,0.22642876551037042
2022-05-06,1.0570042385869969,1.234445980643887,1.0144971644804253,0.10096828586141093,0.14206967096664203,0.10590303518098829,0.22475950732715994
2022-05-09,1.0558993094418516,1.238804306083768,1.0092752394505506,0.0997844655544025,0.14195068633156843,0.10497805958554662,0.22472920131241855
2022-05-10,1.0553978322128528,1.2330152154077583,1.0071609140992457,0.09949555752335658,0.14188220938976462,0.10315233536887275,0.2256928771327977
2022-05-11,1.055297593921486,1.2358189772362145,1.010243872870911,0.1002566570420276,0.14185403220086532,0.10367098974693913,0.22658268001993925
2022-05-12,1.0407993338884263,1.220271144248252,1.0029889069426892,0.09851537332400721,0.13986796464137852,0.10114905324486163,0.22296544035674468
2022-05-13,1.038497087015671,1.2201073694485114,1.0,0.09899421873762573,0.1395614977739941,0.1017708121310808,0.22150847269908075
2022-05-16,1.0421986222134214,1.2254751780002695,0.9945300845350571,0.09927824714326844,0.14004621525103284,0.10198878123406425,0.22328904767221167
2022-05-17,1.0540962179027702,1.2489384023579957,1.0080340312288942,0.10097440298884233,0.14165309157872372,0.10356684203985253,0.22674708629994106
2022-05-18,1.0522992739135009,1.242822698913773,1.0035324341682723,0.10052979200386034,0.1414027149321267,0.10304073200136013,0.22657754616517503
2022-05-19,1.0524986317517788,1.2422051626046557,1.0253255408592228,0.100144207659029,0.14142071247754945,0.10208352473994223,0.22672138209354523
2022-05-20,1.0576973927759268,1.2469916326861445,1.0288912667709276,0.10081458182111461,0.14211812858848274,0.10306940693863248,0.22812300392371565
2022-05-23,1.0659048999648253,1.257213261085478,1.0338481897318197,0.10159401001716939,0.14324184953876123,0.10396955771350148,0.23066454455285676
2022-05-24,1.0719951974615154,1.2501406408220925,1.0373551592858847,0.10208248264597795,0.14406523273738348,0.10418945811062838,0.23296990028888268
2022-05-25,1.0655982268445505,1.2493128779171454,1.0376888593724058,0.1010825945880379,0.14321518080916576,0.10375488944916529,0.23060071486221606
2022-05-26,1.0697017671473192,1.257387149503332,1.040257983980027,0.1009315986555911,0.14375871537211943,0.10414280060819396,0.23212627669452182
2022-05-27,1.0722020886496686,1.2632642748863063,1.0452378961451627,0.10182988299746444,0.14412752403326465,0.10533411982809471,0.2338087444470423
2022-05-30,1.0764030914296787,1.2641266149217505,1.0423181154888472,0.10233843319858774,0.14469476639029966,0.10630494636915455,0.2347417840375587
2022-05-31,1.071294659596122,1.2583048117576001,1.0420140046682227,0.10197734063491092,0.14400299526230145,0.10608728862107743,0.23388530264758164
2022-06-01,1.0712028536844023,1.2578932803340965,1.0394902339892516,0.1022547164987985,0.14399262757746803,0.10665301508073632,0.23331233522316325
2022-06-02,1.0691985287828243,1.2550043297649376,1.0416992197672843,0.10211584020913324,0.14372772220305852,0.10602430076973642,0.2335139174294788
2022-06-03,1.0729959118855759,1.2561393812257409,1.0421551769058413,0.10259251279841598,0.1442439453603935,0.10620559278651615,0.23348665623759604
2022-06-06,1.0726046057641772,1.2557450335283924,1.0393389804084603,0.10262199189286264,0.14418571119602047,0.10635243068480331,0.2341536516261971
2022-06-07,1.0662003816997365,1.2489851995253856,1.0229341844145747,0.1015053239542414,0.14331575326759918,0.10469011725293133,0.23273133494693723
2022-06-08,1.0738946938863176,1.2549255829129333,1.0241284666748598,0.10233633861047721,0.144368891391283,0.10591200830350145,0.23500105750475878
2022-06-09,1.0742984830905418,1.2542487677005856,1.0236252712606968,0.1022704029453876,0.14441267365624008,0.10551194395205536,0.2339236005520597
2022-06-10,1.0577980875010577,1.2437656248056617,1.0167251283615475,0.10049847242321916,0.14219896479153632,0.1042220346225599,0.22968968922985047
2022-06-13,1.0455001672800268,1.2178191295028862,1.0077089736484104,0.09848335631278314,0.14053036158462037,0.10128633647320977,0.2254537256228159
2022-06-14,1.0452051215050955,1.207233744597629,1.0055809744079642,0.09840001574400252,0.14047903350424948,0.10055304172951232,0.22447192978518035
2022-06-15,1.04310093044603,1.2082985947487344,0.9996001599360256,0.09814794821714251,0.14021705600269216,0.10042580541495943,0.22340877102835058
2022-06-16,1.0399983360026626,1.2156576707999027,1.025441196074611,0.09724883058281225,0.1398112548060119,0.09943817431511957,0.2206287920573635
2022-06-17,1.0486027368531432,1.2264370776457314,1.0376996274658337,0.09823182711198429,0.1409721439043645,0.10032002086656434,0.2230897936419409
2022-06-20,1.051701653274999,1.2264972465136816,1.034928848641656,0.09886698435924308,0.14138272303124558,0.1010427612965807,0.22607555445029728
2022-06-21,1.0549969932585692,1.2266025562397271,1.0328977947632083,0.09909820632246558,0.14181379848259235,0.10214608933696974,0.22720043622483757
2022-06-22,1.0520999915832001,1.2250098000784007,1.036247953410292,0.0986144667422711,0.14143671414225706,0.10015724687759783,0.22430577363061327
2022-06-23,1.0492959224360454,1.2227031521287262,1.0358293367584757,0.09801999607920016,0.14105765026166195,0.10017229634972152,0.2228511577117643
2022-06-24,1.052398943391461,1.226963755490663,1.0448774881145186,0.09841066771638045,0.14145472034401788,0.10085728693898136,0.22380376885546752
2022-06-27,1.0572053832898116,1.2264521193092621,1.0422963874007212,0.09906973518659785,0.14208178227387686,0.10157543499680037,0.2249820014398848
2022-06-28,1.0561000337952011,1.2230470995438034,1.0455438919325835,0.09912472864605533,0.14196076204537067,0.10216696124807159,0.22515930020489497
2022-06-29,1.051701653274999,1.216382235953826,1.051171004499012,0.09842907201070909,0.1413727292005372,0.1020428988346701,0.22439133849433412
2022-06-30,1.0387020379333984,1.2103167398908294,1.0428724879808946,0.09680354688195776,0.13962580284836637,0.1003723815354967,0.22145451324297988
2022-07-01,1.0425028408202412,1.203137783338948,1.039695577135015,0.09672208842333323,0.14013845679531378,0.10057832537088257,0.2210188971157034
2022-07-04,1.0455001672800268,1.2162638806115376,1.0416449657298807,0.09711283540345528,0.14054023666975854,0.10154655401768942,0.22197558268590456
2022-07-05,1.0289971393879525,1.1986670822045884,1.0360439697060744,0.09525079534414113,0.13831449950898353,0.10004902402177066,0.21686799245299385
2022-07-06,1.0176977641180123,1.1878459601358895,1.0283939571571077,0.09471401104365369,0.1367820651356194,0.09899519873286146,0.21331058020477817
2022-07-07,1.0179982083231534,1.1961722488038278,1.0276647346569656,0.09493610799931645,0.13681949404151103,0.09892175289346128,0.213324231499456
2022-07-08,1.0163014756697428,1.2015187196616524,1.025220422390814,0.09527983688091926,0.13655605626109518,0.09902558821199398,0.21337430119916356
2022-07-11,1.0097950116126426,1.1944577161968466,1.0191809861595222,0.09442424814692413,0.13569994029202626,0.09804882831650162,0.21051745189676221
2022-07-12,1.0041975457411982,1.1838802860254771,1.0160846195271143,0.09447777410364211,0.13495823042768262,0.09772878308119307,0.20838542969075602
2022-07-13,1.006704652988906,1.1931892756147908,1.0242123806792576,0.0949541371517557,0.1352795552008225,0.09828396202307707,0.2086854900978735
2022-07-14,1.0005002501250624,1.1831799143377741,1.0166631083457875,0.09436989222958307,0.1344302844544819,0.09757525491535347,0.2078051618802211
2022-07-15,1.0059046603562916,1.1835720203574387,1.0213252716725223,0.09494692466910998,0.13514791939778087,0.09788566953797964,0.20976673938580298
2022-07-18,1.0130993749176858,1.1959862700776194,1.0222022324896758,0.09624268555589775,0.13610441931049502,0.09878787280073498,0.21212506894064742
2022-07-19,1.0244956919956152,1.2010136555252633,1.0329724816130899,0.09760477872996662,0.1376102602210021,0.10067755997865635,0.2152389151958674
2022-07-20,1.0198982141582271,1.1973753532257292,1.0306197116326048,0.09749914688246478,0.13698817792024548,0.1006583053167717,0.2132787339774351
2022-07-21,1.0198982141582271,1.1922361581382042,1.0277069801858094,0.09782247177821689,0.13699943830230296,0.10023555355084449,0.21421991816799127
2022-07-22,1.0190044326692822,1.196845116273503,1.0364090499238239,0.09767246515534805,0.13688317021422217,0.10039656643742784,0.21449101282656255
2022-07-25,1.0236043155157941,1.2068840667165512,1.0371830109422808,0.09844845239032841,0.1374891727276477,0.10164460978634303,0.2174149364061311
2022-07-26,1.0124019235636548,1.1972893369411652,1.0367636386256662,0.09693115949052983,0.13598596624828319,0.10113370887650562,0.21349729925916436
2022-07-27,1.0151975066749237,1.2065928231858878,1.0393173763472152,0.09710623422023694,0.13636797534467004,0.10197110138986612,0.21159542953872196
2022-07-28,1.0121969735310492,1.2109616246261157,1.038691249026227,0.09687012622177446,0.13597117411108844,0.10225994477962982,0.21127802074750163
2022-07-29,1.0198046054375982,1.214196384123168,1.0465943818813581,0.09817589192797817,0.13699943830230296,0.10324712198647464,0.2152620815843289
2022-08-01,1.0233005536055995,1.2225835635865712,1.0531082489969144,0.09870888774825284,0.13743437508589648,0.10374304921570254,0.21616013142535992
2022-08-02,1.0224008015622283,1.2220158373252517,1.0492628928177956,0.09831198324763805,0.13736075053914096,0.10295586282160839,0.21724018074383036
2022-08-03,1.019399166131482,1.218962175603691,1.043079169708981,0.0981017314955609,0.13696566270835903,0.10323752890650809,0.21731099376317448
2022-08-04,1.018101850909165,1.2086929194768778,1.0426006630940217,0.09813927926513308,0.13679516292303903,0.10277069801858095,0.21554975966201795
2022-08-05,1.0233005536055995,1.2143438293118314,1.0467477547260662,0.09879958504174283,0.13751186039795932,0.102514685228659,0.21732988503249082
2022-08-08,1.0198982141582271,1.2117833816027046,1.0446591799425438,0.09839807926949265,0.1370745548503831,0.10260093366849639,0.21680216802168023
2022-08-09,1.0233948052479684,1.2108443217455531,1.048240005031552,0.09852216748768472,0.13754023051742634,0.10299403664527823,0.21735350373848028
2022-08-10,1.0251994012835497,1.211709965102753,1.0554980895484578,0.09879275256367194,0.13780178591114542,0.10343186942760803,0.21783644839454536
2022-08-11,1.0337947503902576,1.222344456667889,1.0644526052477514,0.09978745272569427,0.13896029904256355,0.10544630147097592,0.22076517208645163
2022-08-12,1.0284997274475722,1.214063714063714,1.0615147815933337,0.09840679400505811,0.1382494850206683,0.10480971795704898,0.21989137366141126
2022-08-15,1.0195030941918908,1.2082985947487344,1.0585595122157767,0.09711377850289399,0.13708019191226867,0.10328231187126893,0.21757103694356209
2022-08-16,1.0130993749176858,1.2029496324988873,1.052576180201042,0.09615107256521446,0.13622864615971447,0.10292831043178426,0.21535479702810378
2022-08-17,1.0164047730368142,1.2070151721807143,1.0493509764210835,0.09623434988884934,0.13665495989176926,0.10326311441553078,0.21589878664881904
2022-08-18,1.0178013455333788,1.2060543930531267,1.0511157593785803,0.09610671689844404,0.1368213660245184,0.10355826187813263,0.21545223423966905
2022-08-19,1.0053989925902094,1.1836840983878223,1.0455438919325835,0.09476427386875148,0.13518263173547462,0.10215652422641971,0.21161781822029413
2022-08-22,1.000100010001,1.1813349084465445,1.043950307965341,0.09390641286893482,0.1344754783965144,0.10234471747740741,0.20992967355935763
2022-08-23,0.9926543577526304,1.176982921977802,1.0338481897318197,0.09359527531050232,0.1334739258685816,0.10187968009780449,0.20773177672988635
2022-08-24,0.9934432743890325,1.178647619721132,1.0373874434623842,0.09384120191811417,0.1335559265442404,0.10309278350515465,0.20839845785141192
2022-08-25,0.9970089730807579,1.1827740783232994,1.0368173853539178,0.09447955934733519,0.13405185125606583,0.1034233116144379,0.20955135055845434
2022-08-26,1.0007004903432404,1.1829979534135406,1.0378504042427326,0.09467097104014995,0.13454061108345555,0.10351752551707004,0.21073927337098544
2022-08-29,0.9986019572598361,1.1690437222352115,1.0326737990003718,0.0939593531838127,0.134258824161218,0.1022369443422075,0.2104509964854684
2022-08-30,1.0034015311907365,1.171577529142991,1.0300782859497322,0.09421607514674155,0.13490907128595328,0.10285737795972104,0.2120306172211267
2022-08-31,1.0,1.1623176614168653,1.0208248264597795,0.09364348054088474,0.13446101302927216,0.10061576850323982,0.21149250259078317
2022-09-01,1.0004001600640255,1.1568985862699275,1.020606035864096,0.09313415043027978,0.13451346479782628,0.09991008092716555,0.21227366320660598
2022-09-02,0.99930048965724,1.155548365476837,1.015651184757107,0.09296012940050012,0.13436886942033271,0.09989511013435892,0.21233225751656193
2022-09-05,0.9919650828290845,1.1487122935189653,1.0177495521901971,0.09245989552031807,0.133397364068086,0.10001200144017283,0.20945917640651834
2022-09-06,0.9927529038022436,1.157876454582296,1.0187760424625854,0.0929368029739777,0.13350421873331197,0.10033813953021682,0.2109304140564028
2022-09-07,0.9885330170027679,1.1426482014717307,1.0138491797960136,0.09247956201679429,0.13292569453675396,0.09936406995230525,0.20903010033444816
2022-09-08,1.0009008107296566,1.1550278361708517,1.0277281042527389,0.09347628973910767,0.13459312498317585,0.09947774185525989,0.21225564069365147
2022-09-09,1.0049039311841788,1.156925355176084,1.040593554563523,0.09423027995816176,0.1351314829328937,0.10065526578022929,0.21285653469561513
2022-09-12,1.0154964762272276,1.1702339297625595,1.0504863751917137,0.09547086229282824,0.13655605626109518,0.10183714204244573,0.2162255665109843
2022-09-13,1.0175010175010175,1.1723329425556859,1.0523324949751125,0.09589290680168387,0.1368232380587519,0.10176252696706964,0.21625829891222073
2022-09-14,0.9990009990009991,1.1549344574695386,1.0393281782655692,0.09358301281151445,0.13433637829124126,0.09878884871475707,0.21181952976064392
2022-09-15,0.9992006394884093,1.149372442646315,1.0438740252826288,0.09347017366758267,0.13436164781124876,0.09873227755617868,0.211367335292004
2022-09-16,0.9954210631096955,1.1389002778916677,1.0391445761848845,0.09256002517632685,0.13385089010841922,0.09760287342859374,0.211144190367602
2022-09-19,0.9990009990009991,1.138005985911486,1.0343721878006145,0.09250608227490957,0.13432374709524897,0.09715434911443811,0.21229168878038426
2022-09-20,0.9986019572598361,1.142622089170228,1.0354646647683148,0.09217439395335976,0.13427865506499087,0.09720629119116589,0.2115327664255193
2022-09-21,0.9905894006934125,1.1342498071775329,1.0373874434623842,0.09070294784580499,0.1332090049287332,0.09630756784868155,0.20852448077404287
2022-09-22,0.9884353069091627,1.1327594019030358,1.0206477030323442,0.09090909090909091,0.13291156064754514,0.09657077189017972,0.2076800066457602
2022-09-23,0.9754194303550527,1.105888858169754,1.0197630070771553,0.08921800419324619,0.13116302252069095,0.09531434671546761,0.20516187271757416
2022-09-26,0.9645992090286486,1.0789232346118574,1.0095197714447237,0.08827293993026437,0.1297117804238981,0.09312200845547837,0.20261371694863742
2022-09-27,0.9644131545954288,1.0802519147465188,1.0148369157076458,0.08885808475284124,0.1296831839815331,0.09320272524768625,0.20243324763659185
2022-09-28,0.9564801530368244,1.0596251046379792,1.0135614522308487,0.08759635599159074,0.12861736334405144,0.09146453005524458,0.19909213984231902
2022-09-29,0.9705910899737941,1.084645754696516,1.0176149141641821,0.08857474379755358,0.13051763293220914,0.09286430667508637,0.19983613436981673
2022-09-30,0.9747538746466516,1.1039599041762802,1.0195550661691237,0.08943663861337435,0.131083933042327,0.092103081769116,0.2010616052758565
2022-10-03,0.9763718023823472,1.1213905242500701,1.0109792344865236,0.08978998123389392,0.13129734910652155,0.09241375486327386,0.20206918849013902
2022-10-04,0.9891196834817014,1.1333371111237038,1.0126992485771575,0.09144278424989484,0.13298933425539272,0.09427647519114554,0.2052376652163205
2022-10-05,0.99147332936744,1.1352155206665986,1.0163014756697428,0.09148712318741137,0.13328712712926186,0.09455638870240268,0.20694935949173238
2022-10-06,0.9859988168014199,1.1257838269895415,1.0155480405000559,0.09068485200232153,0.1325451316173157,0.09455460055408996,0.2032768223767126
2022-10-07,0.9797198001371609,1.1211516469717695,1.00999899000101,0.0902494494783582,0.13171412765733254,0.09375322276703262,0.20160477400104834
2022-10-10,0.9697439875872771,1.1053265687347327,1.0017530678687703,0.08855513442669405,0.1303644991395943,0.09380159087498124,0.19930244145490783
2022-10-11,0.9722897423432183,1.108622868672535,1.0049645247522763,0.08837904002686724,0.13070357735691226,0.09327923137913344,0.19969247359067038
2022-10-12,0.9705910899737941,1.1049601661860091,1.0043488304357868,0.08807623879229862,0.13045803817202198,0.09319664492078285,0.20014410375470337
2022-10-13,0.9738994935722634,1.1257204610951008,1.00144207659029,0.08845721766667551,0.13092775406530677,0.09407426222259853,0.20162509829223543
2022-10-14,0.971722864639005,1.1191691288387502,0.9959167413604223,0.08830801836806783,0.1306438127090301,0.09404506639581688,0.2010616052758565
2022-10-17,0.9738994935722634,1.1291652081616061,0.9976057462090983,0.08862262712915862,0.13093804011941548,0.09416905228265783,0.20229401412012218
2022-10-18,0.983477576711251,1.1314009005951169,1.0043891807197454,0.09017945711966814,0.1322034346452321,0.09499833752909324,0.20472505425213938
2022-10-19,0.977803852547179,1.1239996403201151,0.996710854181202,0.089339158246451,0.1314423165393867,0.09417969485778865,0.20422750944552232
2022-10-20,0.9810654370646521,1.1243661385893702,0.9975062344139651,0.08933676386506575,0.1318878425786711,0.09431826756206142,0.20556252184101795
2022-10-21,0.9730466089325678,1.109114704642754,0.9873617693522908,0.08776163938742375,0.13081129163069358,0.09327488107452662,0.20319421302881294
2022-10-24,0.9851246182642105,1.1313881000599635,0.9995002498750625,0.08891180837727058,0.13243279035889285,0.09479391802221969,0.2056216972014887
2022-10-25,0.9860960457548565,1.1315929433864051,0.9973072703700011,0.08986744551786116,0.1325627021581208,0.09489916963226572,0.20642817331709434
2022-10-26,1.0022952561365528,1.1573538262117493,1.010693133350852,0.09150889008867212,0.13475272874275704,0.0969264618933615,0.21079702354602753
2022-10-27,1.0037036665294938,1.1570726063060457,1.008847593394066,0.09159270555692944,0.13492909476070325,0.09705063131435669,0.21092596498628982
2022-10-28,0.9951238929246692,1.1554816047328527,1.003129764866383,0.09095705008095178,0.13370950273435933,0.09689828586932298,0.21049086469647219
2022-10-31,0.991375037176564,1.1512514102829776,0.9989012086704624,0.0909454690967296,0.13317352510320948,0.09622601566559534,0.21055734529299056
2022-11-01,0.9947279419078882,1.1558422044222523,1.0069885001913277,0.0914754068368719,0.13362731342286363,0.09767723534353083,0.21139861322509723
2022-11-02,0.9907856930545922,1.1507612285526876,1.004762574603621,0.09084467377677648,0.13311679667740475,0.09676888686749437,0.2106504887091338
2022-11-03,0.9753242953281965,1.1181054820711787,0.9862905611993293,0.0892148203659592,0.13103068738698603,0.09419300145999152,0.20711223411966947
2022-11-04,0.987166831194472,1.1285153252381168,1.0009108288542574,0.0909545681931875,0.13265414411546217,0.09676607768380717,0.21082813290605498
2022-11-07,0.99930048965724,1.1468415982384514,1.0120535578742826,0.09225432672792354,0.13432735576600174,0.09744024476989485,0.21322870911339503
2022-11-08,0.9996001599360256,1.1439946003454864,1.0085728693898133,0.09223730814639906,0.13439415116654121,0.097242210898907,0.21305153716684067
2022-11-09,1.0038951130385898,1.1437329154895748,1.016094943911559,0.09256773644114082,0.13496551631058265,0.09725828883766618,0.21355201059217974
2022-11-10,0.9954210631096955,1.1402378536162645,1.0122072190618863,0.091536532230013,0.13382402141184344,0.09606701635060619,0.21151934344395798
2022-11-11,1.0308003133632953,1.1775511645981018,1.0471313835746971,0.09611964973999634,0.13857901082302074,0.10043387433713644,0.22041967906894724
2022-11-14,1.0318959023413719,1.1791340439581173,1.0582458516762614,0.09580104039929874,0.13872896522064843,0.10004602116973808,0.220031684562577
2022-11-15,1.0403986807744727,1.1896406095718484,1.0627218431847647,0.09626121443148127,0.13986209597337027,0.10045405231647044,0.2210188971157034
2022-11-16,1.041200295700884,1.1901786458147368,1.062992962986585,0.09573867172166853,0.1399717257114063,0.10042883110883473,0.2212242550273212
2022-11-17,1.0318959023413719,1.1796487006169563,1.0510273792632299,0.09391964235400192,0.13872704067476832,0.09829458888288199,0.21884232410548202
2022-11-18,1.036602431869305,1.1906321065853862,1.0490867699667439,0.09440374594063893,0.13935534218704274,0.09885525613396864,0.22040024684827644
2022-11-21,1.0246006618920276,1.1805121061516486,1.0436997067203824,0.09325313563668579,0.13775812428537973,0.09767628126861955,0.2176515398846447
2022-11-22,1.0274007787697903,1.1896972220569864,1.0493289541338313,0.0936952468401278,0.13813490254582625,0.0983671060397403,0.21801691811284554
2022-11-23,1.0325032007599224,1.195457262402869,1.05410732920826,0.09478313618441007,0.13883297005372836,0.09960556197458066,0.21952450991153163
2022-11-24,1.041297873669742,1.211754013935171,1.0606028466580404,0.09590762177870275,0.14001876251417691,0.10067147876335156,0.22174915735320205
2022-11-25,1.0374950718984084,1.2080066681968085,1.0547966879383999,0.0959021031331217,0.1395147676381545,0.10074247201877841,0.22133197583054826
2022-11-28,1.0462987182840702,1.208108826443086,1.0598609462438529,0.096014440571862,0.14069446789352244,0.10095503462757688,0.22291076881924163
2022-11-29,1.036602431869305,1.202298795296607,1.051104711051315,0.09509228706459619,0.13939030679806527,0.10033612602217429,0.22182786157941436
2022-11-30,1.0376027226695443,1.199702473786501,1.052975181374975,0.09489196549728135,0.13952644723807398,0.10108361636745918,0.22249415952831236
2022-12-01,1.0454018001818999,1.21961630870928,1.059389367968303,0.09592234127250578,0.14056196674303867,0.10199502264289503,0.22243477100340325
2022-12-02,1.053796301174983,1.2274155538098979,1.0715931375175474,0.09666131807373325,0.14169122647925642,0.10269470916858363,0.224976939863664
2022-12-05,1.0587052035360753,1.2298307752853208,1.0701482155278506,0.09719023043803637,0.14235686017709193,0.1024222870896707,0.22549439646424785
2022-12-06,1.051602115823457,1.2203753874691854,1.065234990838979,0.09657450239987639,0.14138272303124558,0.10072014906582062,0.22386389075442134
2022-12-07,1.0528975741239892,1.2185165779180425,1.0642826734780757,0.09642829591915451,0.14155283459551277,0.10003301089359488,0.22400931878766156
2022-12-08,1.0519007847179855,1.219482451647521,1.0637053110806183,0.09645154756508068,0.14141871252404117,0.10029587282483327,0.22451224714308163
2022-12-09,1.0558993094418516,1.2285012285012287,1.0713290908701334,0.09670431688070556,0.14196277735977625,0.10023253949162055,0.22528611336397225
2022-12-12,1.0562004245925707,1.2280486307257767,1.071742438857094,0.09683260547491551,0.14200309566748556,0.1000680462714646,0.2250934137667132
2022-12-13,1.0544963725324785,1.2296946668142301,1.0685016401500176,0.09677450572421202,0.14175148130297963,0.10073638295943346,0.22465851905104242
2022-12-14,1.0648946819159586,1.2365524916532706,1.079470627604223,0.0980228785398512,0.14314752784219417,0.10276964184779817,0.2274950519826194
2022-12-15,1.0621010482937348,1.2322251521798062,1.076959527860943,0.097458287852799,0.14277963391301865,0.10211271201151831,0.226510827217541
2022-12-16,1.0618980365505304,1.2173150898378537,1.0749105136997346,0.0964022673813288,0.1427694416287138,0.1012945442758453,0.22629554197782306
2022-12-19,1.0598047839587947,1.216515413250286,1.0722365782786314,0.09628994829229776,0.1424805870200185,0.10090919181828273,0.22619828541699655
2022-12-20,1.0598946464721406,1.2109029703449863,1.075604220670962,0.09581848146870568,0.14248261712071128,0.10084914984166683,0.2266802674827156
2022-12-21,1.0636034886194425,1.213444970270598,1.0813382642358182,0.09614645027305592,0.14299605330892867,0.10196590260216984,0.22792022792022792
2022-12-22,1.06329813816496,1.2049644535486204,1.0792725702876262,0.09622601566559534,0.1429796968830426,0.10212001143744127,0.22894821191446496
2022-12-23,1.0622025832766824,1.2066365007541477,1.0765189682642209,0.09565533469801611,0.14283877787141655,0.10169629418703982,0.22880677268047134
2022-12-27,1.06239442455406,1.2027181430031872,1.0747603284467564,0.0954663051675911,0.14286122460641734,0.10128223307067474,0.2275778885323502
2022-12-28,1.0639995744001702,1.2082985947487344,1.0787835636536243,0.09582307227934342,0.14307789160418932,0.10182262498727218,0.22634676324128564
2022-12-29,1.0648946819159586,1.202616894362132,1.082215945369739,0.09543806069860661,0.1431987742184927,0.1009387301907742,0.2272778926793791
2022-12-30,1.066598404368787,1.202573507305634,1.0831771752905623,0.0959021031331217,0.14342675195777516,0.1014476580808132,0.22786829212715054
2023-01-02,1.0682961744313995,1.2053420760811917,1.0820402951805925,0.095671807431786,0.14363894913744812,0.10161259183237986,0.22820629849383844
2023-01-03,1.0544963725324785,1.1976478196821443,1.0674181290295035,0.09463334311211212,0.1417916796642373,0.10016125962800108,0.22516944000360273
2023-01-04,1.0598946464721406,1.203398397073335,1.076808769530619,0.0949279971141889,0.1425090136951162,0.09870596480145295,0.2270302177219788
2023-01-05,1.060096892856007,1.2005234282147017,1.077446881868724,0.09478044110817291,0.14253745171543825,0.09884548473825716,0.22700444928720603
2023-01-06,1.05000105000105,1.1867745840355082,1.064475266917173,0.0932670515486994,0.1411851077948298,0.09715906882748435,0.22364360155655946
2023-01-09,1.0695987934925608,1.2147863798151095,1.0842341512072948,0.09553379508000956,0.14381453677337705,0.10080340312288943,0.22775411665565856
2023-01-10,1.0723055641935726,1.2139752834632287,1.0822510822510822,0.0957725975443906,0.14417531718569782,0.10041672942712256,0.22839393385711676
2023-01-11,1.0747025760620748,1.21197430614471,1.0782601194712211,0.09528891599329166,0.14449822989668376,0.10008407061932023,0.22954206358315163
2023-01-12,1.0772031497420098,1.214565064250492,1.0712028536844023,0.09555570419776209,0.1448142033770672,0.10045909807821746,0.22958422297219735
2023-01-13,1.0813967320190758,1.217789468556676,1.0759166810122223,0.09610025178265967,0.1453741931732279,0.10111734668082309,0.2306326252911737
2023-01-16,1.0811979673478214,1.2181454952979585,1.0783996549121104,0.09591498096087628,0.14533827483467773,0.10109894553799804,0.230361667818475
2023-01-17,1.0843046896177826,1.2238853464207473,1.0845163599292895,0.09608363119259003,0.14576622013614565,0.1009000282520079,0.23090955272819635
2023-01-18,1.0839050932700331,1.2383134171258745,1.0941876750700281,0.09700638302000271,0.1456876456876457,0.10172422562433243,0.230701794859964
2023-01-19,1.0815019899636615,1.233912861073751,1.0901083567706629,0.09696687611511909,0.14536785335290953,0.10064209657615587,0.22980053313723686
2023-01-20,1.0826025765941323,1.235849522962084,1.0867320879383606,0.09695935463853553,0.14552863275849523,0.10104990854983276,0.22985335356042844
2023-01-23,1.087098317171805,1.2357578903141295,1.0856938126309617,0.09777560498655587,0.14612832989931757,0.10175527855507503,0.23074438137431352
2023-01-24,1.0857999087928076,1.22872765251582,1.080076901475385,0.09782438566285803,0.14594279042615294,0.10129351822776861,0.2303828963737732
2023-01-25,1.0877960164909874,1.2326656394453004,1.0856230933744422,0.09770491162590744,0.14624800737089957,0.10081966386724067,0.23066986528879865
2023-01-26,1.089502642043907,1.2388349995664079,1.0892771556794911,0.09748298921838139,0.14647078640165218,0.10123609269176646,0.2308509164781384
2023-01-27,1.0864959419376568,1.23627732172881,1.084657519388253,0.0969151895176531,0.14607709949311246,0.10097542258214351,0.23075503045966403
2023-01-30,1.090298523735799,1.2392802260447133,1.0854109908716936,0.09681198145082436,0.14657813347404833,0.1010233667047188,0.2314707652423499
2023-01-31,1.0832945152798692,1.2299971710065067,1.0798436386411248,0.0954617484773851,0.14562824022834508,0.09930979691146533,0.23004900043709312
2023-02-01,1.0893958210776304,1.2321644200202075,1.0915838882218099,0.09602089414656628,0.1464321799358627,0.10034216678874965,0.2314171989262242
2023-02-02,1.098804500703235,1.2306177701206005,1.0996744963490808,0.09673612320312651,0.1477017606049864,0.10031498906566619,0.2337103860895578
2023-02-03,1.0936970240503976,1.225430125974217,1.0949064949853282,0.09651205435558902,0.14691838683611255,0.09962342345932375,0.2331002331002331
2023-02-06,1.0775978189420146,1.2070151721807143,1.0814902936246147,0.09481548905829257,0.14477646513782721,0.09758382450525001,0.2281698496360691
2023-02-07,1.0699993580003853,1.1977051968428492,1.0801585672776763,0.09402030838661152,0.1437876543919939,0.09617696561673478,0.22495669583605157
2023-02-08,1.0735027320644532,1.2088974854932302,1.0864251181487317,0.09464588243088484,0.1442460260219831,0.09736055534460768,0.22654674792143356
2023-02-09,1.0770987268693049,1.2168558877572129,1.0890754838217838,0.09669590106075404,0.144734556822787,0.09870499052432091,0.2272933903082098
2023-02-10,1.0690042225666792,1.2099945550245024,1.0828604842552085,0.09576250897773521,0.14359563469270534,0.09833518531265673,0.22359359627940253
2023-02-13,1.068604402650139,1.2104485922482873,1.0849870344049388,0.09579553401220435,0.14346584795489434,0.09874982718780242,0.22320432123565911
2023-02-14,1.075905105169724,1.220881965131611,1.0900727078496135,0.09691894668488743,0.14438973677750985,0.09890805507200506,0.2259223279036667
2023-02-15,1.0699993580003853,1.2046160888524828,1.0824502343504756,0.09605040725372677,0.14359563469270534,0.09799118079372857,0.22478982151688173
2023-02-16,1.0699993580003853,1.2038330042856455,1.0837641295748393,0.09603288165867993,0.14364307568553658,0.09770491162590744,0.2240143369175627
2023-02-17,1.0624960156399412,1.1953286556138611,1.0736640934517225,0.09488026111047858,0.14268591975343872,0.09645899046020584,0.22240508862842784
2023-02-20,1.067395341886728,1.2028628134961208,1.0824502343504756,0.09649249770830318,0.14335067876546395,0.09731697110659128,0.22502250225022502
2023-02-21,1.0664050419630384,1.212856276531231,1.0823096487905188,0.09685886694497449,0.14322543683758235,0.09741651404746132,0.22460805893715466
2023-02-22,1.06439595529537,1.210302091402014,1.0784229143300836,0.09662022454540184,0.1429510821396918,0.09705910899737939,0.22435106454580125
2023-02-23,1.061604934339735,1.2044419820297256,1.073191672032625,0.09600337931895203,0.1426330052774212,0.09690955431295972,0.22378874342620567
2023-02-24,1.0570042385869969,1.1978056201039695,1.0678968838768927,0.09606517061174301,0.1419970464614336,0.09664450286067727,0.22391903087843434
2023-02-27,1.0553978322128528,1.1983223487118035,1.0629477667467422,0.09542895314438402,0.1418057544775167,0.09626492106276473,0.22379375167845314
2023-02-28,1.0618980365505304,1.2108149995762147,1.0675548723204373,0.09585705795517724,0.14264521282665754,0.09678855572117154,0.22533687863355717
2023-03-01,1.0683988974123377,1.2062289663823986,1.0687186063909373,0.09625194910196931,0.14354204346453076,0.09680635824160931,0.22856098006948253
2023-03-02,1.0605016172649664,1.1944577161968466,1.0617740120192818,0.09523990933160631,0.14250698284215926,0.0956699768478656,0.22616759018432658
2023-03-03,1.06150351357663,1.1990263905708565,1.065973073520163,0.09526168384552365,0.14265131738491604,0.0959674478416921,0.22546897546897546
2023-03-06,1.0645999233488055,1.201172344207947,1.0702742042511293,0.09540255106421545,0.14304719126839943,0.09581572719346153,0.22607555445029728
2023-03-07,1.0664960273022983,1.198738926649165,1.0708931248661384,0.09498119372364272,0.14329727018700292,0.09527892906483731,0.22740710419793514
2023-03-08,1.0544963725324785,1.1838522552385462,1.0618303832145852,0.09345532368251357,0.14171130572797097,0.09397966280096988,0.22554525565554728
2023-03-09,1.0553978322128528,1.1883258864911113,1.0648720023853133,0.09309773400115441,0.14181580962645715,0.09363471226052922,0.22558595952987887
2023-03-10,1.0586043360433603,1.1994434582353788,1.077562983556389,0.09292903009971286,0.14223739421093806,0.09376465072667604,0.22612156295224314
2023-03-13,1.0705950367214097,1.2115044462213176,1.0980564401010213,0.09359177141145751,0.1438124685410225,0.09400086480795623,0.2280605728881591
2023-03-14,1.0736986772032298,1.2193634922570418,1.0974057328475484,0.09511851767302058,0.1442231420453726,0.0947238798901203,0.22904260192395787
2023-03-15,1.0548968310899194,1.2091459801941888,1.0845045982994967,0.09417082587814295,0.1416992574958907,0.09302498651137696,0.2244467387888854
2023-03-16,1.059501610442448,1.2064472541260496,1.0789232346118574,0.09478313618441007,0.14225965231740975,0.09254289363119807,0.22560122727067636
2023-03-17,1.0623041376746163,1.2142258702963924,1.0775978189420146,0.09485236229808304,0.14268591975343872,0.09300595238095237,0.2258049948064851
2023-03-20,1.0716964955524595,1.2239602457712173,1.079470627604223,0.09606147934678194,0.143949099598382,0.09383591851288836,0.22780081097088706
2023-03-21,1.0775978189420146,1.2240801038019928,1.0808473843493298,0.09709020651086925,0.14471151758968495,0.09525714666742872,0.22928417480625488
2023-03-22,1.0785043301948858,1.226617601962588,1.0828370330265296,0.09669590106075404,0.1448204949964519,0.09517283386630121,0.2302767927048312
2023-03-23,1.0879025239338556,1.2289390569121676,1.0912860806460414,0.09694337537444378,0.14606216405702266,0.0964106321645151,0.23212088855876142
2023-03-24,1.0744947188584568,1.2218515939054042,1.0882103292924457,0.09586900459212533,0.14419194832160573,0.09503354684203523,0.2292736610418195
2023-03-27,1.0772959870724481,1.2267379810346308,1.0909408273695234,0.09608455440787893,0.14457552625491557,0.09501639032733147,0.22992205642287264
2023-03-28,1.084104854621539,1.2328024064302974,1.0898707413300783,0.09662675981486313,0.14553286859837294,0.09573500550476283,0.2315726095917375
2023-03-29,1.0847045807074442,1.2327872085999236,1.0876422092188553,0.09602919287463388,0.14560703573196657,0.09598679221739088,0.23142791020597087
2023-03-30,1.0886012562458496,1.2347508272830543,1.092645403787109,0.09630478538478578,0.14613473622680112,0.09585246388758423,0.2325419156803014
2023-03-31,1.087500271875068,1.2369195754892017,1.0909884355225834,0.09640505548110943,0.14600245284120775,0.09544534799373879,0.23286682346366114
2023-04-03,1.087003782773164,1.2381754246941705,1.0925737760442273,0.09633540133328196,0.14589807560438278,0.0966090232827746,0.23243921714471666
2023-04-04,1.0900964735379082,1.2482057043000685,1.0951343182241302,0.09687669534216849,0.14629721742692453,0.09703179731998177,0.2333341111137037
2023-04-05,1.093996149133555,1.2476450699305062,1.1049357479862545,0.09658756145383597,0.14684934725465146,0.09597297401051863,0.2336721579623788
2023-04-06,1.0915004857177162,1.2475049900199602,1.1049845854650329,0.09585062638384342,0.1464900972694246,0.0958671664541611,0.23291563795593234
2023-04-11,1.0905006488478861,1.2428999341263034,1.1050822733752528,0.09544443702098823,0.14636573870788325,0.09446884889707619,0.23356300362022653
2023-04-12,1.0922038489263637,1.2406024365431854,1.1084999778300004,0.09624639076034648,0.1465931746217896,0.09518461055216593,0.23421946363742827
2023-04-13,1.1015035523489562,1.2508756129290504,1.123519762712626,0.09671928195605076,0.14783495705394498,0.09614182842529298,0.23780081803481407
2023-04-14,1.105705440070765,1.2502187882879503,1.1251631486565552,0.0974573380502685,0.14839657500704884,0.0969743987587277,0.23811791599199922
2023-04-17,1.0981046713372717,1.2425756107259125,1.1191440786086801,0.09703744675070108,0.14735570192888614,0.09662956091527519,0.2372310393091832
2023-04-18,1.097201040146586,1.24480294769338,1.1160589725561099,0.09713641838598126,0.14724938155259748,0.09567913046806231,0.2375917698210934
2023-04-19,1.0933024293179978,1.2408641377855538,1.1124336711423581,0.09670057633543495,0.14672437825544715,0.09479301944204828,0.23645133831457488
2023-04-20,1.0944032219230853,1.2414803411587978,1.1155982953658048,0.09660995662212948,0.1468515037593985,0.09431204081825127,0.23734364987064768
2023-04-21,1.0978032956054935,1.2394645513138325,1.1207746794584417,0.09688044952528581,0.14730143766203158,0.09422761622976461,0.23809523809523808
2023-04-24,1.1001947344680008,1.2436882819690074,1.1226494527083917,0.09728572818367545,0.14761890702961233,0.09446170994587344,0.23888583645875638
2023-04-25,1.1021955735825766,1.2433790067888495,1.126303696528732,0.09750104813626746,0.1478874280897381,0.09424537726424519,0.24013063106329846
2023-04-26,1.1038989711661589,1.2464942349641632,1.123671258736544,0.09695653438563492,0.14810645892267363,0.09417348639663989,0.24035572647518327
2023-04-27,1.1042037034992216,1.248704469113295,1.1196452963701098,0.09702520714881727,0.14813936951884332,0.09426314499556963,0.24056388173879573
2023-04-28,1.0981046713372717,1.2471315973261499,1.1160714285714286,0.09673612320312651,0.14732096819340298,0.09313068097153926,0.23968170269881597
2023-05-02,1.0965032511321398,1.247894178573657,1.1142185428249898,0.09710812018100953,0.14710641678190003,0.09322357810737492,0.23963001126261055
2023-05-03,1.1043012533819225,1.251126013412071,1.1257965010244748,0.09749724570280889,0.1482008417807813,0.0929074456026906,0.2410103152414923
2023-05-04,1.1073951850457353,1.2581939883491238,1.129764782972185,0.09764576070929881,0.1486392080502995,0.09362331595060433,0.24123706366246112
2023-05-05,1.1013943652664273,1.2604936092974008,1.1206741975972745,0.09801999607920016,0.1478415138971023,0.09422140144912515,0.24063913754933103
2023-05-08,1.1037040307271202,1.265310254074299,1.1247328759419637,0.09853381680592779,0.1482008417807813,0.09555387805414084,0.24154589371980678
2023-05-09,1.0959024208484476,1.2597949053894026,1.1196327604545708,0.09794894900777715,0.14719519554881727,0.09467814165743556,0.23968170269881597
2023-05-10,1.0950024090052997,1.2613362596334556,1.120661638631448,0.09782247177821689,0.14702422959303693,0.09481728708778185,0.2413884664590726
2023-05-11,1.093003683422413,1.259287243420224,1.1201093226698926,0.09742885258040317,0.14674375605317994,0.09489466691971911,0.2416100896373433
2023-05-12,1.0891941052815022,1.2516741141276457,1.11781801922647,0.09688232672595866,0.14623303696771175,0.0936461113452264,0.24021138601969733
2023-05-15,1.0875948926543841,1.2509382036527397,1.115834811814459,0.09632890541464777,0.1460429658405503,0.09389583196401911,0.24127198590971602
2023-05-16,1.0881037615747038,1.2515801199013756,1.118067978533095,0.09649249770830318,0.1461155189292655,0.09369700263288577,0.24253007372914243
2023-05-17,1.0828956630028697,1.2462146230823874,1.1111234569272992,0.09562057754828839,0.14540167211922936,0.09232246390191662,0.24026910139356078
2023-05-18,1.081303186600491,1.2444466567940564,1.1107285268407547,0.09517736301598027,0.1451863466759586,0.09212768897692201,0.2380158994620841
2023-05-19,1.0808006571267996,1.244586050679544,1.1098779134295227,0.09506155235514996,0.1451105016470042,0.092368513421145,0.2390914524805738
2023-05-22,1.0822042335829618,1.2461214469962243,1.1156729739378792,0.09512575624976219,0.1453044855494689,0.09189487226612755,0.23977940294928668
2023-05-23,1.07789981999073,1.2390652491760217,1.1091762148252493,0.09414422895876483,0.14473246204391182,0.09140934934825135,0.23943493355680595
2023-05-24,1.0785043301948858,1.2397565118210783,1.1082051509375415,0.09369875849145,0.1448100092678406,0.09126335867412592,0.2401998462720984
2023-05-25,1.0735027320644532,1.2368583797155226,1.105791027611602,0.09295148861809022,0.14409014279333152,0.09121008418690771,0.237976249970253
2023-05-26,1.0750954147180563,1.2384054291694013,1.1075546301321313,0.09326009307357289,0.1443293017348382,0.09094216078574026,0.2370454653202484
2023-05-29,1.07150128044403,1.234369792502438,1.106574157067136,0.09240606923062707,0.14384142920844062,0.0899094611725992,0.2370567039635881
2023-05-30,1.0744023636852003,1.2440286624203822,1.1087703736556158,0.09234974696169332,0.1442418647588276,0.090479723493965,0.23751276631118923
2023-05-31,1.0682961744313995,1.2363843177013143,1.0986234248486646,0.09187460953290949,0.14343498092314755,0.08899172376968942,0.235476958579603
2023-06-01,1.0697017671473192,1.24640101706323,1.099154749997252,0.09185519946356564,0.14362863380443525,0.08938787185354691,0.23556571105509883
2023-06-02,1.0762988236053859,1.2525363861820187,1.102997948423816,0.09318188171491935,0.14449405406967503,0.0908653103504675,0.2393088759662096
2023-06-05,1.0690042225666792,1.238374756968954,1.0984424086645137,0.09182230547444586,0.14352144210345025,0.09038240796811309,0.2389600458803288
2023-06-06,1.0682961744313995,1.2407255763170302,1.1015642211940955,0.09192443811187204,0.14340824023748405,0.08994342558530684,0.23785172323573484
2023-06-07,1.0716964955524595,1.2466030068064524,1.1043866236692141,0.09218544023156983,0.1438641922025608,0.09084137279482567,0.23977940294928668
2023-06-08,1.0736986772032298,1.2468516994588665,1.1011154299305195,0.09217864220860027,0.14412544678888506,0.09131669543142572,0.2397276693675984
2023-06-09,1.0780043982579448,1.2564866121351477,1.1095084877399313,0.09234974696169332,0.14468848569030876,0.09283499507974526,0.24167431968679007
2023-06-12,1.0764957909014576,1.2564550377564738,1.1039842792638632,0.09265436216737084,0.14445856928232984,0.09253090532237768,0.24248302618816686
2023-06-13,1.079295867376124,1.2571974554323502,1.1031317911550893,0.0927230917587716,0.1448267871625536,0.09285482148660569,0.24118469924268002
2023-06-14,1.0809057990596118,1.2648781289922715,1.1084999778300004,0.09349901358540667,0.145030528926339,0.0941876783679159,0.24261245087097869
2023-06-15,1.0818998160770312,1.2645742178608461,1.1083893993637846,0.09310206779692577,0.14517580790337098,0.09405745029063751,0.2420721374969741
2023-06-16,1.0965994451206809,1.2836476130572636,1.1224100388353875,0.09459574508338614,0.14718436313326072,0.09521542489883361,0.24517014808276943
2023-06-19,1.0922038489263637,1.2809017548354042,1.1176805892412067,0.09339597089781547,0.1466082188567491,0.09388437200743564,0.2450499901980004
2023-06-20,1.0933024293179978,1.2756566442576316,1.1147029316687103,0.09298346753947148,0.14676960108022427,0.0933210149593587,0.24588753104330077
2023-06-21,1.0922992900054616,1.2726694241170857,1.1142557885588216,0.0929117616999136,0.14665982254161472,0.09298519675667634,0.24641466660095607
2023-06-22,1.0985027407643382,1.27562409909048,1.118067978533095,0.09370929502497352,0.14747739908858967,0.0947068349922814,0.24823135161970955
2023-06-23,1.088399834563225,1.2733014159111746,1.1136849607982893,0.09322444717902822,0.1461240593263681,0.09179786110983615,0.24603272235207285
2023-06-26,1.0917984103415146,1.2713426649884945,1.1212899319377012,0.0934561970804284,0.14663401615906857,0.09325226603006453,0.24610538232471144
2023-06-27,1.0950983398309169,1.2735122193497448,1.1187058810368167,0.09327575110298575,0.14704368667931242,0.09314976619408685,0.24729826643915223
2023-06-28,1.0938046902345118,1.2656785935779469,1.113622949541744,0.09273426994945982,0.14687954408589515,0.09238558045860203,0.244355390479914
2023-06-29,1.0938046902345118,1.2659670088997481,1.118067978533095,0.09255745504021622,0.14686660106625152,0.09297482241808919,0.24588148512417013
2023-06-30,1.0866021949364337,1.2660150908998835,1.110136657822578,0.09204204480606741,0.14590233297830432,0.09284016636957813,0.24479804161566707
2023-07-03,1.0898944982125731,1.2676199168441333,1.1121367483345752,0.0921064750851985,0.14635717003776014,0.09319751349034007,0.2455554464198016
2023-07-04,1.089502642043907,1.2716983531506327,1.1160589725561099,0.09223645738214487,0.1462822369479674,0.093956704750451,0.24640859473178425
2023-07-05,1.0879025239338556,1.2696477997003632,1.112149116953601,0.09196501650772047,0.14606216405702266,0.09341778300917364,0.24415254651106014
2023-07-06,1.0898944982125731,1.2775797529160757,1.1170438551417528,0.0915532931719554,0.14631006027974483,0.09365839038690281,0.24353416784374846
2023-07-07,1.0888027524933583,1.2764708134948493,1.1162583021711223,0.0914377674554698,0.1461176539349484,0.09299211426871001,0.2428304315096768
2023-07-10,1.0956022525582312,1.2779226090067985,1.1233430689732644,0.09226454089164453,0.14703720041170415,0.09474631673693684,0.2461599054745963
2023-07-11,1.0989010989010988,1.2911555842479019,1.1337097249620207,0.09344397099499141,0.14744695595759427,0.09595731818487137,0.24659696192542907
2023-07-12,1.1021955735825766,1.290972231187307,1.1382780130219006,0.09436633009342267,0.14789836424409145,0.09727342587278581,0.24783761679347688
2023-07-13,1.1182055038074896,1.3070186903672723,1.1594740625652205,0.09715057367413754,0.15004651441947003,0.09941346058256288,0.2522831626217266
2023-07-14,1.122095176112838,1.3110111829253905,1.1629123978090732,0.09763336717956729,0.15065005498727008,0.10009408844313654,0.25221317057176723
2023-07-17,1.123002459375386,1.3077536715184328,1.163494205798855,0.09776031126883107,0.15072953092969973,0.09989311436762664,0.2523149900335579
2023-07-18,1.1255050704003422,1.3111830804935294,1.1666841669291708,0.0978358705435761,0.15105512001329285,0.09925459796925092,0.25315814789499
2023-07-19,1.122195912962485,1.2911055737027617,1.1655555037530887,0.09778707841545818,0.15061601951983614,0.09960953063989163,0.25213685988754697
2023-07-20,1.1196954428395476,1.2881949811923534,1.1621150493898895,0.09753908878983253,0.1502787671129946,0.1003723815354967,0.2515470141369422
2023-07-21,1.1122975618437445,1.2828407224958949,1.1550411772179678,0.09628902112581122,0.14928492520825248,0.09951238929246692,0.24948854847562493
2023-07-24,1.1095946650688504,1.285000192750029,1.1564303308547177,0.09607347699520594,0.14891145724752064,0.0991375037176564,0.24957572127383448
2023-07-25,1.105094485578517,1.282791353986274,1.151383963524156,0.0961372070218616,0.14830634157916592,0.09901872444079175,0.24966918832546875
2023-07-26,1.1059010882066707,1.2905057492031127,1.1581312394320524,0.09590394261108075,0.14840978910968966,0.09874105159219947,0.2502064202967448
2023-07-27,1.1124955500178,1.2953367875647668,1.1658952326543937,0.0967520342115193,0.149293840136156,0.09997800483893543,0.2513257432958858
2023-07-28,1.1009941977605777,1.286819111837449,1.152392366552964,0.09528710003239761,0.14773230905599055,0.09858530093163109,0.24958817950381873
2023-07-31,1.102304919586856,1.28526444315918,1.145961060243173,0.09511218482199756,0.14790273915872923,0.09859113271352375,0.2501250625312656
2023-08-01,1.0969964237916585,1.2775797529160757,1.1415134184902345,0.09416639201468996,0.14721253073061577,0.09785023043729268,0.247610558114198
2023-08-02,1.0985027407643382,1.2767641688903644,1.1392895390434525,0.09404152873909119,0.14741435226133617,0.09841841605401203,0.24699286190629088
2023-08-03,1.0931948619841487,1.2642864367351068,1.1412528673978295,0.09310553512406312,0.14670500557479021,0.09694525501449332,0.24512207079125403
2023-08-04,1.0945948904310516,1.2699380270242813,1.1404459143525119,0.09355587156649951,0.14689896289332197,0.09785597557514851,0.24606299212598426
2023-08-07,1.0983941477559807,1.274794758043955,1.1412007714517216,0.09418235587744993,0.1474056603773585,0.09852410884943545,0.24885526577742387
2023-08-08,1.0944032219230853,1.270228387063994,1.1400038760131783,0.09318796011555307,0.1468687580777817,0.09689265263015105,0.24592986080369877
2023-08-09,1.096803913396363,1.2726856211978517,1.1392895390434525,0.09358739190656234,0.14719952896150731,0.09787321503724077,0.2455313297976822
2023-08-10,1.101904090267983,1.2766337720698064,1.1456590976788947,0.09422761622976461,0.14788305408083288,0.09857363943734167,0.24735331948154746
2023-08-11,1.1004005457986707,1.273382485897289,1.144230219120087,0.09319490783023615,0.1476843100189036,0.09633632939317746,0.24801587301587302
2023-08-14,1.093003683422413,1.2677645507676314,1.1375917183322906,0.09231053263177329,0.1466813348001467,0.09559224173366089,0.24619626766458222
2023-08-15,1.0925976509150506,1.271132579128003,1.139782985319595,0.0922883827383809,0.14662111637318007,0.09525260992151184,0.24340375815402593
2023-08-16,1.0915958039057299,1.2745672844069438,1.1364927832708263,0.09228923446080015,0.14648365974775515,0.09531162134599072,0.2451521168885293
2023-08-17,1.0900014170018422,1.2764219340345144,1.140758147865071,0.09185435573354889,0.1462736780516346,0.09479481661942725,0.24374786720616196
2023-08-18,1.0866966594944687,1.271100264388855,1.135408860730749,0.0910265979719274,0.14583849844681998,0.09384296318540554,0.24311971214626082
2023-08-21,1.0907980278371656,1.2761613067891782,1.1376693705275371,0.0915910277429223,0.14637002341920374,0.09468352033328599,0.24356382590057726
2023-08-22,1.088696068718496,1.276503401881566,1.1382132328670453,0.09177258752810535,0.14606643101282465,0.09450902561194595,0.2438667512071404
2023-08-23,1.0804970286331712,1.2614794631143404,1.1345071700853149,0.09075151328148397,0.14497375974948534,0.09336370765955856,0.24133021212925646
2023-08-24,1.0839990894407647,1.2656145191297634,1.1336583153837434,0.09095870474804439,0.1454270465221122,0.09362945208044642,0.2421366134773239
2023-08-25,1.0808006571267996,1.2619888944977284,1.1300711944852526,0.09086200786864988,0.14500108750815632,0.09383591851288836,0.24184381726281168
2023-08-28,1.0808006571267996,1.2594458438287153,1.1306589480349147,0.09082322168131947,0.1450158067229328,0.09340992947550324,0.24159841511439684
2023-08-29,1.0802985945315284,1.258209819069428,1.1302627860977676,0.09091900934647416,0.14495064430561394,0.093415165017889,0.2415692337423906
2023-08-30,1.0886012562458496,1.2669935510028254,1.1377470333246107,0.09193457935333217,0.14606003067260645,0.09428358617048359,0.24338006230529596
2023-08-31,1.086802951756817,1.2678770666396186,1.1339797017633384,0.09176753448165108,0.14583424479736332,0.09385177051365075,0.24327940639824838
2023-09-01,1.084398755110229,1.2677484787018256,1.132656759695542,0.09115687186078522,0.14550322289638715,0.0944108761329305,0.24267721503628023
2023-09-04,1.0801002333016505,1.262530616367447,1.131234516227559,0.09075727873375444,0.14492753623188406,0.09391787820729554,0.24183212014219727
2023-09-05,1.0730995407133965,1.2545792141315804,1.1238985793921956,0.09006655918723937,0.14397604238654688,0.09296099356709925,0.23905144387072097
2023-09-06,1.0744947188584568,1.2566760917373547,1.1238354255402838,0.0902144397232221,0.14410675428357328,0.09349988780013464,0.23872615722504714
2023-09-07,1.0709963479024536,1.2468050620285518,1.1206490799471054,0.08992805755395684,0.1435667729060786,0.09328880347780659,0.23342125533951125
2023-09-08,1.0704002226432463,1.248501797842589,1.1216546649617516,0.0899191626727572,0.14350290593384515,0.09371368594669566,0.23162088293880576
2023-09-11,1.0723975592231552,1.2520659087494366,1.1217553227290062,0.09027307605506657,0.1437876543919939,0.09387291484787895,0.2309308823869016
2023-09-12,1.071294659596122,1.246789516993741,1.120485842661378,0.09012013013346792,0.14360388304899765,0.09353049561809627,0.2298903423067197
2023-09-13,1.0732953386783441,1.246711797633741,1.1193069251519459,0.08983434546695893,0.14385591391662111,0.09350688210652304,0.2320993385168852
2023-09-14,1.0729959118855759,1.2477540427230984,1.1191065053661158,0.08979078746520607,0.14383108477404136,0.09327314106629855,0.23187330442646137
2023-09-15,1.0658026559802187,1.2410643367752183,1.1155485152049263,0.08976660682226212,0.14292043619317127,0.09331143624962676,0.2301548942438261
2023-09-18,1.066302702011047,1.2378535619236244,1.1149142073517442,0.0889529350020904,0.14302877739001088,0.09217014608968155,0.2298903423067197
2023-09-19,1.071294659596122,1.2418966245249745,1.1165200303693448,0.09014287645918781,0.14370087226429465,0.0932331387868504,0.23014959723820486
2023-09-20,1.0702054794520548,1.2367971899967842,1.1146780809702157,0.09008197459688316,0.14359769669294506,0.09320706882409963,0.2306326252911737
2023-09-21,1.0635016856501718,1.226467161341755,1.104594006472921,0.08917504168933199,0.14266149280986076,0.092261987138679,0.2298480704254488
2023-09-22,1.0647019366928228,1.2266777885452829,1.1033143563264045,0.08962902546360614,0.1428041013337903,0.09317406779345173,0.23183567487364956
2023-09-25,1.06329813816496,1.2226732527999216,1.0989010989010988,0.09066347531233568,0.1425882621342611,0.09302671727320087,0.23169064664859482
2023-09-26,1.0605016172649664,1.2186799259042607,1.0961186438820139,0.09099843482692098,0.14220503121400435,0.09270074345996256,0.2300807583461795
2023-09-27,1.0535964514871514,1.2136806078112483,1.08843537414966,0.09062814366373333,0.14129682223446793,0.09273856997125104,0.22780600041005078
2023-09-28,1.0538962544527117,1.2207329280500012,1.0889687465969726,0.09080260421868899,0.14135274577708673,0.0931332830413605,0.22741227571464306
2023-09-29,1.0594005911455298,1.2253400318588408,1.0956622730609518,0.09186194986174777,0.14206563432305727,0.09413979759943515,0.22889580662882256
2023-10-02,1.052997356976634,1.2155394564107551,1.093003683422413,0.09090661163786443,0.14118112126046506,0.09300076260625338,0.22830007762202637
2023-10-03,1.0469011725293131,1.2064472541260496,1.0837523842552454,0.0899587988701175,0.14036466740592057,0.09162627475054747,0.22645440340587425
2023-10-04,1.0497034587728966,1.2122975463097663,1.0895738676603581,0.09060433088701639,0.14073208832345863,0.0911710003282156,0.22682423390115003
2023-10-05,1.052598338999821,1.215406492701484,1.0936132983377078,0.09076057360682518,0.1411412682954369,0.0909744270885454,0.22888532845044635
2023-10-06,1.0563008344776592,1.2210161296230724,1.0969964237916585,0.09102494083378845,0.141643059490085,0.09099015486524359,0.2297160709363227
2023-10-09,1.0530971587438658,1.2171817374052118,1.099154749997252,0.09071775890848394,0.14122099673779498,0.09171114657275445,0.2299432040286049
2023-10-10,1.0582010582010584,1.224904763654626,1.103557870574733,0.09122006841505131,0.14191845365652897,0.09204543362603781,0.23223948535730043
2023-10-11,1.0604004071937563,1.229241189413775,1.1073461342546453,0.09168676134852888,0.1422070534698521,0.09224666758913334,0.23481895458601415
2023-10-12,1.0618980365505304,1.2310419539097892,1.1100750410727767,0.09199124243372031,0.14241768257946907,0.09220669051746394,0.23446109118191835
2023-10-13,1.052398943391461,1.2178487918939984,1.1024507480128325,0.09111700334399403,0.14110741096122367,0.09138595946118838,0.23206163557040752
2023-10-16,1.053796301174983,1.2176263591754235,1.1086843243123385,0.09133671279170663,0.14127486437613018,0.09149967975112087,0.2355768098188414
2023-10-17,1.0569036949353174,1.2173447276799845,1.1105434999888946,0.09166490975589635,0.14165710481209184,0.09130085457599883,0.23872615722504714
2023-10-18,1.0565017115327726,1.2198394691258632,1.1130403811050265,0.09135840817109603,0.14160294534126308,0.09111700334399403,0.23789699060306888
2023-10-19,1.0557989758749933,1.2121946784653617,1.1148893472322872,0.09089586969168122,0.1414807373976033,0.09026003917285699,0.23725918193034068
2023-10-20,1.0590976488032195,1.2143880698516019,1.1216924095074647,0.09103488456776637,0.14193255365050528,0.09067005168192946,0.23718602499940702
2023-10-23,1.0597037068435664,1.215908952737619,1.1200716845878136,0.0905173974437887,0.14198696559655824,0.0898165945140024,0.23765388088787492
2023-10-24,1.0631963936378328,1.2217172457606411,1.1190438889013228,0.09051903615330305,0.14242782469983337,0.08990703612464711,0.23822569502346522
2023-10-25,1.0575967172197898,1.2122828498345233,1.1163206072784102,0.08984403076259613,0.14169524187377788,0.089339158246451,0.2359380898452246
2023-10-26,1.0539962266935083,1.2091313600309537,1.1134617525887986,0.0893184112041015,0.14122698000225964,0.08890785589814716,0.2359380898452246
2023-10-27,1.0540962179027702,1.211284324769553,1.1093484796379087,0.08915278112100708,0.14122698000225964,0.08911544014115887,0.23573785950023574
2023-10-30,1.0605016172649664,1.214152157548384,1.1088441408675598,0.08982708286548394,0.14208380102584503,0.08994504357837362,0.23796492397020677
2023-10-31,1.0618980365505304,1.2154655840919866,1.1053387863380126,0.08978191971700739,0.14225560487083191,0.08943423900406032,0.23913719300762848
2023-11-01,1.053696366854927,1.2119155537242166,1.1008123995508685,0.0892514481047455,0.1411631846414455,0.08932718762282488,0.23594922372705393
2023-11-02,1.0660980810234542,1.2211205001709569,1.1079841336672058,0.09020223340729916,0.14284081819220662,0.08978191971700739,0.23960130343109065
2023-11-03,1.0702054794520548,1.230360372553121,1.1119017968333036,0.09115853380614225,0.1434102968593145,0.09028530155290718,0.2404944566027753
2023-11-06,1.0741023189869068,1.2397257726590878,1.1135237458938811,0.09213787511632406,0.14400714275428061,0.09084467377677648,0.24045397710878136
2023-11-07,1.068604402650139,1.2303300975651768,1.1101243339253997,0.09157173729900003,0.14328905701471578,0.08963223892369607,0.23949801216649902
2023-11-08,1.0670991975414035,1.2263468354119913,1.1116793027547414,0.0915532931719554,0.14308198597796537,0.08944303820112161,0.2389657562071355
2023-11-09,1.0690956519879833,1.225955939143547,1.109373093264996,0.09189402780713282,0.14334245946991958,0.08958807403558439,0.24030374393233045
2023-11-10,1.0682961744313995,1.2218217362086872,1.1086597412388164,0.09186532543291534,0.1432480052715266,0.08998065415935574,0.24146423914618245
2023-11-13,1.0669967243200564,1.2242599348693715,1.1050090058233974,0.09190331770976932,0.14303286895328549,0.0898375736668104,0.24096385542168672
2023-11-14,1.0723975592231552,1.2293923113804848,1.1092254278837088,0.0920225639326763,0.14375871537211943,0.0897778895013736,0.24256537136758355
2023-11-15,1.086802951756817,1.2464942349641632,1.12738300582857,0.09490907710413424,0.145706750593755,0.09252491233264556,0.24716990459241683
2023-11-16,1.084904636882418,1.2396028312528666,1.124125992041188,0.0944224649928711,0.14544396771143916,0.09219478915051721,0.24808970923886076
2023-11-17,1.0872046880266149,1.2440131865397774,1.1274465590331018,0.09469517622772296,0.14577259475218657,0.09204967000193305,0.24839166397575696
2023-11-20,1.0928006294531625,1.2470538353140705,1.1306717320760262,0.09563337987491154,0.14655665147362715,0.09324270142754576,0.2501250625312656
2023-11-21,1.0954942322228673,1.254500520617716,1.1325284830913498,0.09606240213642782,0.14693565687585405,0.09387291484787895,0.2511174727537542
2023-11-22,1.0910955690608939,1.2536984103104156,1.1318491018777377,0.09579461634256155,0.14636359644629188,0.09324009324009325,0.2501062951754496
2023-11-23,1.0900014170018422,1.2537455648750642,1.1302372367960036,0.0952925481227368,0.1461924184611786,0.09307520476545049,0.24968789013732834
2023-11-24,1.0915958039057299,1.2573397206191141,1.1323617669373012,0.0954280424845645,0.14640859711282248,0.09302498651137696,0.25015009005403244
2023-11-27,1.0950983398309169,1.2635196603659153,1.1360021811241878,0.09588463161124536,0.14688601645123384,0.09372686118114591,0.25122472051249845
2023-11-28,1.0948945069142588,1.261113563276373,1.13520263367011,0.0957670944263551,0.14684719081323974,0.0934492103541725,0.25185744868404486
2023-11-29,1.0985027407643382,1.2695833227534723,1.1409403630472235,0.09665197556638058,0.14732096819340298,0.09391699615879485,0.2533762383763651
2023-11-30,1.093099264344195,1.2656305371335999,1.1431706982486625,0.0956278927437555,0.14662971597824015,0.09326792143110299,0.25134469411350724
2023-12-01,1.087500271875068,1.263870984049948,1.1411356582070478,0.09563337987491154,0.1458895616018674,0.09296445039416927,0.250400641025641
2023-12-04,1.086802951756817,1.2668169956168132,1.1468942104780255,0.09599877121572843,0.14575347257648413,0.0930639442360846,0.250457084178626
2023-12-05,1.081700866442394,1.2618614980819707,1.1439291679059234,0.09564527081958434,0.14507892293407612,0.09177427200058735,0.2502502502502503
2023-12-06,1.0777952620120281,1.258970162407151,1.1430661606693797,0.09532524975215435,0.14456089627755692,0.09137009456804789,0.24832381425378694
2023-12-07,1.0770987268693049,1.256092046425162,1.140276859221419,0.09569377990430622,0.14447735317488983,0.09164054911017026,0.24867580135776987
2023-12-08,1.077702338614075,1.2576717979676022,1.1418783899514702,0.09589750474692649,0.14454417992859517,0.09189909479391627,0.24878716258241076
2023-12-11,1.0756967825909234,1.2569604183164271,1.1349449551696742,0.09521995810321843,0.14426683593975417,0.09119927040583675,0.2484101748807631
2023-12-12,1.0804036387994556,1.2573239117861543,1.1441254876834892,0.0957670944263551,0.14488554042306578,0.09173049580332981,0.24897918534010557
2023-12-13,1.0787021056265103,1.2525520748525119,1.1412398429653976,0.09565441971246282,0.14466336834186846,0.09122173266559025,0.2493516856173948
2023-12-14,1.0919057030234869,1.2703090661958054,1.1505758632195415,0.09766578767457759,0.1464343242055938,0.09479930986102421,0.2532030181799767
2023-12-15,1.0945948904310516,1.2752662118217177,1.1536686663590217,0.0976228828037292,0.14681485179040712,0.09560229445506692,0.2540263171264543
2023-12-18,1.0917984103415146,1.2656625743576762,1.151688951847885,0.09796334211737967,0.14645362545949825,0.09620657475731892,0.2512752217503832
2023-12-19,1.096202753661317,1.2732365673542145,1.157554781280024,0.09809403293997626,0.1470155836518671,0.09644968702076562,0.2527358657467081
2023-12-20,1.0944032219230853,1.2643983360517899,1.1568718186024989,0.0983380863408398,0.14677175524342095,0.09693961631299863,0.25209236664313805
2023-12-21,1.098297638660077,1.2652462169138115,1.1644425813363144,0.09895503483217226,0.14730794726375487,0.09706570377488521,0.2530492433827623
2023-12-22,1.102304919586856,1.271989518806365,1.1705489874751258,0.09970487357422031,0.1478415138971023,0.0978042936084894,0.2538715410002539
2023-12-27,1.106500691562932,1.2743236527213182,1.1723879197148752,0.09999100080992711,0.148425208537418,0.09848238642518786,0.25549310168625444
2023-12-28,1.111395134312102,1.2765848801286797,1.194800229401644,0.1006866831792827,0.14909128859600734,0.09868161364174627,0.2563510984644569
2023-12-29,1.104996795509293,1.2715043167571554,1.193303182539588,0.0995857233906947,0.14826456328672885,0.09830521804097361,0.2546408291105396
2024-01-02,1.0956022525582312,1.264462287412278,1.177426381415502,0.09822024908655168,0.14695940981101022,0.09711472162065048,0.2506642602897679
2024-01-03,1.0919057030234869,1.2627538135165168,1.1713167943401972,0.09756478301592258,0.1464043101428906,0.09645806003549656,0.25021894157387714
2024-01-04,1.0953022486555166,1.2695027357783957,1.1760970044809296,0.09787800485474905,0.14684287812041116,0.09706193522086444,0.25202248040525216
2024-01-05,1.0920964976465322,1.266784899923993,1.1717834544176235,0.09720534629404617,0.146425747503441,0.09656890674340676,0.2506642602897679
2024-01-08,1.0945948904310516,1.2705673083031572,1.175972529281716,0.09764957473610202,0.14670070122935186,0.09633911368015413,0.2518320783701428
2024-01-09,1.093996149133555,1.2730096494131424,1.17470162578705,0.0975781112780781,0.1466942451847614,0.09674548198599126,0.25179403248143023
2024-01-10,1.0945948904310516,1.2724427082670604,1.1724566484154249,0.09775839989051059,0.14676529294352472,0.09694055605102951,0.25215593322910884
2024-01-11,1.0986958480283902,1.275412595974798,1.1765951689002365,0.09812483441434192,0.1473426748589194,0.09698756619401391,0.2526337063891064
2024-01-12,1.0941996476677134,1.2730582678769207,1.1702613193526115,0.09717606359201601,0.14674375605317994,0.09703368039046353,0.25080256821829855
2024-01-15,1.0944990477858283,1.2715689889754969,1.1704667821527226,0.09704780574911201,0.1467351430667645,0.09673893064786063,0.250890661849566
2024-01-16,1.0881984874041024,1.2642065207772342,1.1624798019134417,0.09611780197810436,0.14590659060069744,0.09601628436182777,0.24805278563278269
2024-01-17,1.0877013607144022,1.2674431868591491,1.156390212313243,0.0954754198531588,0.1458321180656828,0.09513299592830778,0.2472432378974435
2024-01-18,1.087500271875068,1.2678770666396186,1.1529902802919372,0.09569652717302889,0.14583424479736332,0.09501097376747014,0.24721267706607997
2024-01-19,1.088696068718496,1.2685043065721209,1.150973147796462,0.09566814633399663,0.14598753266471043,0.09541620548834015,0.24960063897763576
2024-01-22,1.0890043233471636,1.2725722502895103,1.1514104778353482,0.09590946146837384,0.14600884813619705,0.09518370454978108,0.24954458113942057
2024-01-23,1.0872046880266149,1.2716821811892773,1.1509599005570648,0.09581389109793138,0.14578747102474013,0.09511942243486698,0.24804663276696018
2024-01-24,1.0905006488478861,1.274794758043955,1.1582519661327126,0.09600706612006643,0.14624159110851126,0.09552831937027732,0.24940143655227456
2024-01-25,1.0893008866909217,1.2734635662073708,1.1563634681653137,0.09597389510053266,0.146096306685367,0.0956324653093232,0.24889862359061157
2024-01-26,1.087098317171805,1.2734311328443357,1.1569788967049242,0.09603103723123314,0.14582361175921607,0.09592786224758981,0.2483361478096752
2024-01-29,1.0822979349755402,1.2695672045399724,1.1589096977563509,0.0953043544559551,0.14520110352838683,0.09573683857811648,0.2478929102627665
2024-01-30,1.0845986984815619,1.266640489429885,1.1581446522670682,0.09600706612006643,0.14549898878202797,0.0956580797597069,0.24865725084543464
2024-01-31,1.0837054055225628,1.2684560353138161,1.1592858798979828,0.09617326575558527,0.1453657402023491,0.09547177377008488,0.2501062951754496
2024-02-01,1.0813967320190758,1.266977498479627,1.1583056305236699,0.09539982064833717,0.1450726088407248,0.09513933155105653,0.24932681759250028
2024-02-02,1.0883050736782536,1.2764056417129364,1.1683334891111319,0.09658289710058143,0.14600245284120775,0.09557396947367415,0.2520669489816495
2024-02-05,1.0745986374089278,1.2554454948338418,1.149676366102942,0.09447866671705528,0.14412544678888506,0.09372861815898248,0.2479297862845242
2024-02-06,1.0742984830905418,1.25708682698714,1.1470257621986188,0.09438147102960746,0.14399884800921595,0.09376025502789367,0.2471760140395976
2024-02-07,1.0775978189420146,1.263232358960107,1.1472363077346672,0.09559589702409974,0.14447735317488983,0.09472567444680205,0.24799127070727112
2024-02-08,1.0758009337952106,1.260048889896928,1.143379830779785,0.09545263640181742,0.14428348819761067,0.09426936528436353,0.2480220243557628
2024-02-09,1.0772031497420098,1.2607637706922854,1.1420740063956143,0.09548362455838823,0.14452120126022486,0.09449920148174748,0.2493143854400399
2024-02-12,1.0772959870724481,1.2616067823980621,1.1424132337148993,0.09591314105945656,0.1445107588259946,0.09516739945564248,0.24938899695745423
2024-02-13,1.079295867376124,1.268295157649088,1.1383816766085333,0.09592970271385129,0.1447785611906589,0.09549639023644906,0.2498500899460324
2024-02-14,1.071294659596122,1.2565339766787293,1.1285153252381168,0.09469876323415218,0.14372772220305852,0.09449205794252993,0.24675516952080145
2024-02-15,1.0742984830905418,1.2545162585307106,1.1327465706097575,0.09542986382158433,0.14411090775460794,0.0945599652019328,0.2473043822336532
2024-02-16,1.0767971744842142,1.257877457578083,1.1345457845951372,0.09558401835213153,0.14444813589680625,0.09482627825823092,0.24810817516437167
2024-02-19,1.0775978189420146,1.261113563276373,1.1352670715785889,0.09589750474692649,0.14455253761979792,0.09532524975215435,0.24907220603252883
2024-02-20,1.080205238995409,1.2610340479192939,1.1339539841473232,0.0962871668464027,0.14491073498724785,0.09536070185476565,0.24976896370856955
2024-02-21,1.0809057990596118,1.2624509222203988,1.136596121934032,0.0964441058184729,0.14499898500710495,0.09536343003185138,0.2504131817498873
2024-02-22,1.084398755110229,1.2664479933131545,1.1372812155261631,0.09704686393059209,0.14547993831650616,0.09549091881362082,0.2512625945375512
2024-02-23,1.083400143008819,1.2695027357783957,1.1377858686995108,0.0971269838186445,0.14533616254396417,0.09512666114932032,0.2512625945375512
2024-02-26,1.0851989712313752,1.2693093687724508,1.1368157790030124,0.09717511928245892,0.14558159848595137,0.09495594044363415,0.25206059536712627
2024-02-27,1.08559952233621,1.267925293841687,1.1374623215605983,0.09709774830321685,0.14561763720821866,0.09496946731625783,0.25157232704402516
2024-02-28,1.0808006571267996,1.2633919547200323,1.1352928487903455,0.09656890674340676,0.1449968825670248,0.09424893027464137,0.251553341886147
2024-02-29,1.0826025765941323,1.2639029322548028,1.135512002361865,0.09653161893178111,0.1452369540905988,0.09420453689049665,0.250557490416176
2024-03-01,1.081303186600491,1.263375993329375,1.1284643856639884,0.09658942732128542,0.14505787809335927,0.09449473664316899,0.25041945258307663
2024-03-04,1.0845986984815619,1.2673146869099066,1.1293182305841962,0.09647387969707201,0.14550745725718445,0.09486945962355797,0.2509473261562398
2024-03-05,1.084904636882418,1.2682469023069411,1.1290504685559444,0.09617696561673478,0.14554134101791613,0.09454476694714947,0.25085289985952236
2024-03-06,1.0874056675583392,1.271843919314222,1.130467222102895,0.0966108899795185,0.14587253657753854,0.09481998425988261,0.2527805864509606
2024-03-07,1.089502642043907,1.2750873434830288,1.137617601219526,0.09732549538677152,0.14613900742386157,0.09562057754828839,0.2532543179861217
2024-03-08,1.0931948619841487,1.2835817063935204,1.140172850204091,0.09792209318266389,0.14664476771468793,0.09640598488354157,0.25384576331421027
2024-03-11,1.0925976509150506,1.2822814351293823,1.1388354268924596,0.09767151117362087,0.14655450361989622,0.09550277435559502,0.2552518059065268
2024-03-12,1.0915958039057299,1.2773512843767165,1.1385112826468111,0.097700138734197,0.1463850218845608,0.09519276534983341,0.2546602831822349
2024-03-13,1.0939004113065547,1.2801474729888884,1.1396011396011396,0.09773069330153827,0.14668778970838467,0.09528346831824679,0.2552257471733749
2024-03-14,1.0925021576917615,1.2789686396889548,1.1361312458815243,0.09733212641496577,0.14651155976206523,0.09527348253160697,0.2544529262086514
2024-03-15,1.0891941052815022,1.2752662118217177,1.1330546019012657,0.09666785890359315,0.14606216405702266,0.09454476694714947,0.25358184354000257
2024-03-18,1.0891941052815022,1.2735446568433924,1.13104259506413,0.09623805445149121,0.14605789735050975,0.09424981856909927,0.2526400889293113
2024-03-19,1.0853992098293752,1.270292929549554,1.127103456826302,0.09565990988836488,0.1455519329296693,0.09358126128823964,0.25119316754584275
2024-03-20,1.084398755110229,1.2692288165710515,1.1228007141012541,0.0954617484773851,0.1454164727780363,0.0937049045147023,0.25073968206208314
2024-03-21,1.0907028489158415,1.2730258551551183,1.1168317716302394,0.09597389510053266,0.14624800737089957,0.09449027222647428,0.2534854245880862
2024-03-22,1.0822979349755402,1.2614953766194446,1.1124460463667512,0.09491808569204777,0.14511681903932666,0.0931653871953492,0.2507082508085341
2024-03-25,1.0835057913384547,1.2643184059473538,1.1142557885588216,0.09457069632403704,0.14527071197175936,0.09336457934588777,0.2515217063232557
2024-03-26,1.0855052484178762,1.2644782762632139,1.1065251789804476,0.0947786444758267,0.14552863275849523,0.09336806625397981,0.2518955137409003
2024-03-27,1.081595569784546,1.261081755930237,1.1024385941703048,0.09400351573148835,0.14502211587267058,0.09258316282600847,0.2506705437044093
2024-03-28,1.081104456312569,1.2643024211391365,1.107002900347599,0.09380511050242017,0.1449590490686381,0.0924094849095311,0.25070196550340956
2024-04-02,1.0748989594978071,1.257039420756235,1.1007639301675363,0.09300422239169658,0.14412336960438135,0.0918088173188153,0.25033795624092525
2024-04-03,1.0782949999460851,1.2580357030532527,1.1012003083360864,0.09315757603987143,0.1445650759689474,0.09249410350090181,0.25095362377032726
2024-04-04,1.0851989712313752,1.2649741312790155,1.1021712774165104,0.09427914168269412,0.14549052129253778,0.09345095693779905,0.2526337063891064
2024-04-05,1.084104854621539,1.2639189069629293,1.1070151550374725,0.094056565618563,0.14534038718679146,0.09336196433572962,0.2530876695687386
2024-04-08,1.0822979349755402,1.2614953766194446,1.1035944069835455,0.09437968949082158,0.14510418480468976,0.09337852854114725,0.25303643724696356
2024-04-09,1.0866966594944687,1.268568673965165,1.106733365797512,0.09486315989185601,0.14568976820757878,0.09373740403633261,0.255303939339784
2024-04-10,1.0860003692401254,1.269954154655017,1.1070396652312053,0.09497578117580018,0.14558795696419993,0.09389142395733573,0.2551541130843029
2024-04-11,1.0729038141730594,1.2544847830995811,1.0962508221881166,0.09304489416143288,0.1438124685410225,0.09234804129804407,0.25202883209839205
2024-04-12,1.0652009501592474,1.2469605336991083,1.0963349522546129,0.09206661940580203,0.14278167254451218,0.0919303535641398,0.25003125390673836
2024-04-15,1.0655982268445505,1.2477073377668533,1.0957343063453973,0.09219308920603311,0.1428306171710968,0.09165650807035554,0.2481697481077057
2024-04-16,1.0637053110806183,1.2449734198174869,1.0952422675895908,0.09142272037446746,0.142569966210918,0.09111285237895657,0.24489396091492383
2024-04-17,1.0637958363030966,1.2456712922593984,1.0974900402778844,0.0910846358436259,0.1425801300330786,0.0909545681931875,0.24450475561749677
2024-04-18,1.0678968838768927,1.2471315973261499,1.1004732034774953,0.09176753448165108,0.14311884588962676,0.09098187641021908,0.24688310085174667
2024-04-19,1.0653030787258975,1.2442144030259294,1.1005216472608015,0.09133254178463787,0.1427592507994518,0.09054854307394195,0.2460266692909511
2024-04-22,1.0631963936378328,1.2315877629439873,1.0968760968760969,0.09164306857650822,0.14249073810202337,0.09072845879567043,0.2461780852268531
2024-04-23,1.067395341886728,1.2404485461943038,1.097694840834248,0.0919937812203895,0.1430697035595742,0.09098932695194854,0.24732273143224592
2024-04-24,1.068604402650139,1.243348087730641,1.0933143825507026,0.09194218675296972,0.14329111021952198,0.09107634018834587,0.24740227610094015
2024-04-25,1.0719951974615154,1.2512355951502108,1.0947746406402243,0.09210393007469628,0.1437256564669359,0.0915147521780511,0.24834848259077136
2024-04-26,1.0713979600582841,1.2510008006405124,1.0956142561327007,0.09153234295338257,0.14367196816229186,0.09080013075218829,0.24797897138322667
2024-04-29,1.0719951974615154,1.2539027723790297,1.0965633703971753,0.09174143593695529,0.1437359857413902,0.0909744270885454,0.24783147459727384
2024-04-30,1.0717998735276149,1.2538870498545491,1.0951223251637208,0.09119344866264807,0.14370500237113254,0.09071529006213998,0.24822518989227027
2024-05-02,1.069804760631185,1.2506722363270257,1.0962147703978165,0.09157676880528948,0.14342675195777516,0.09033178865974725,0.24719434419340486
2024-05-03,1.0744023636852003,1.255540070561352,1.1026330878136992,0.0923037161476121,0.14405485608919877,0.09176669236134052,0.2481882259505609
2024-05-06,1.0775978189420146,1.2580040507730434,1.1047770559901013,0.09269644694518858,0.14447109133462394,0.092368513421145,0.24953212726138488
2024-05-07,1.0766000968940088,1.2547051442910915,1.1019405172508787,0.09216674808062747,0.14432305272121115,0.09203272683766348,0.2495694926252215
2024-05-08,1.0742984830905418,1.2479876199628102,1.0995898529848367,0.09156251430664286,0.14400921658986177,0.09137510393918073,0.24940143655227456
2024-05-09,1.0732031895598793,1.2479720454261825,1.0995898529848367,0.09156586790707896,0.14387247144131443,0.09155832265152902,0.25004375765759007
2024-05-10,1.07789981999073,1.252567763916028,1.1022563186843468,0.0922347559007185,0.14447735317488983,0.09233695601990785,0.2508591927351178
2024-05-13,1.0795055864414098,1.2548940869390623,1.1033265294864014,0.09226454089164453,0.14469057919638853,0.09242315015064972,0.25186379206125326
2024-05-14,1.0795988210780874,1.2556031289629974,1.1015156855833628,0.09204967000193305,0.14470314150520208,0.0924197334614887,0.2528636811894708
2024-05-15,1.0832006412547797,1.261877421227302,1.1053021343384213,0.09277900967685071,0.1451673779868188,0.09298692603819902,0.25373626652457437
2024-05-16,1.0866021949364337,1.2656946132037261,1.1062925922648024,0.09353399493045747,0.14563248186875602,0.09333408000597339,0.25478356136462077
2024-05-17,1.084398755110229,1.2655664675508758,1.1003521126760563,0.09304143134937988,0.14533193814672712,0.09321749505947276,0.25425237090335867
2024-05-20,1.0860947291822791,1.2695833227534723,1.0992876615952862,0.09352699656755922,0.14556888319552813,0.09353661958656813,0.25535609407318505
2024-05-21,1.086401512270905,1.2715366520439952,1.099154749997252,0.09380863039399624,0.14559643579925163,0.09379279296178882,0.255303939339784
2024-05-22,1.0830012129613587,1.2716498385004706,1.0933861074361189,0.09310120100549298,0.14514209411013382,0.09348328051527983,0.2537105163009007
2024-05-23,1.0853992098293752,1.2743236527213182,1.0955902492467817,0.09362945208044642,0.14544819862406003,0.09424715373595717,0.25460841226194114
2024-05-24,1.0839990894407647,1.2716821811892773,1.0922992900054616,0.0934561970804284,0.1452854859799506,0.09429958979678439,0.2547381292031791
2024-05-27,1.0843046896177826,1.2745997756704395,1.0928245142395034,0.0939602360281129,0.14531081984364555,0.0949893137022085,0.25480952987641736
2024-05-28,1.0881984874041024,1.2790340734677172,1.0983097013695922,0.09490637486119943,0.14584062536460157,0.0953980004579104,0.25614754098360654
2024-05-29,1.0857056000694851,1.2753475322025252,1.095890410958904,0.09423294383716548,0.14552227946098548,0.095094999904905,0.2546213780108978
2024-05-30,1.0815019899636615,1.2707772073400092,1.1026695630120522,0.09404771981303314,0.1449821671934352,0.09481459006911983,0.2524041495242182
2024-05-31,1.0851989712313752,1.2712456936552126,1.1053143514015387,0.09501819598453104,0.14549263807251353,0.0953352463939443,0.25447235157900094
2024-06-03,1.0841988854435458,1.2729124236252547,1.1094961777856676,0.09507601327261146,0.14535517537101908,0.09520092154492056,0.2532286654849329
2024-06-04,1.0864959419376568,1.2760961666071156,1.1197581322434353,0.09551189600664763,0.1456621802715143,0.09456890763454792,0.25264647179202143
2024-06-05,1.0872046880266149,1.2783310110319965,1.1203603078750126,0.09597850081581726,0.14575347257648413,0.09474541905898849,0.2525698987194706
2024-06-06,1.0864959419376568,1.2769108971575964,1.1216043428520155,0.09621027718180855,0.14566005855534353,0.09447866671705528,0.2525890376357666
2024-06-07,1.0897994768962511,1.2803113717256036,1.1239743733842869,0.09637811060351972,0.14606003067260645,0.09487666034155598,0.25414898213332654
2024-06-10,1.075604220670962,1.271924803805599,1.1161087982856568,0.09490907710413424,0.1441981859868203,0.09343262106531874,0.24875003109375388
2024-06-11,1.0729959118855759,1.2743723716069837,1.1151504337935187,0.09540619186185183,0.1438641922025608,0.09337765659433012,0.2471637954472429
2024-06-12,1.0764957909014576,1.2759984688018375,1.1165823646981319,0.09582123590230067,0.14432513566562752,0.09387379606856543,0.24812664383901545
2024-06-13,1.0783996549121104,1.2766989671505355,1.1154365260844832,0.09610579325721753,0.14457134595923088,0.09433606279008339,0.2480650922802143
2024-06-14,1.068604402650139,1.2690516377111385,1.1208249271463797,0.09479212087891255,0.1432336427180016,0.09371632069724942,0.24434344915212822
2024-06-17,1.0712028536844023,1.266592359914885,1.1203854125819281,0.09485236229808304,0.14358738728390097,0.09326096282618022,0.24568817257137243
2024-06-18,1.07150128044403,1.2674431868591491,1.1264686334809006,0.09520182787509521,0.14363069675250995,0.09359702735841109,0.24630541871921185
2024-06-19,1.0748989594978071,1.2727504136438845,1.1307612284589985,0.09585338266587427,0.14410467763783613,0.09467186730791079,0.2482436759923541
2024-06-20,1.0719032714487844,1.268327329917305,1.1228763600839913,0.09572217595650385,0.1437235907901923,0.09492979941333383,0.2480650922802143
2024-06-21,1.0687985635347306,1.2643823492224049,1.1206867568445944,0.09505070955354682,0.1433095917109732,0.09484876364636587,0.24729215094712895
2024-06-24,1.0729959118855759,1.2663678038649544,1.1193445118538585,0.09533161100889445,0.14384763658333094,0.09454566082689635,0.2495196746263443
2024-06-25,1.0713979600582841,1.2684560353138161,1.1189562376215467,0.09544352606562698,0.14363069675250995,0.09459216587682208,0.24919013207077
2024-06-26,1.0689013831583898,1.2656785935779469,1.1151753055580338,0.09456085936908994,0.1433013771262342,0.09380863039399624,0.24815127301603057
2024-06-27,1.0695987934925608,1.2644462989656828,1.1136973638783396,0.09433784268221355,0.1434102968593145,0.09384120191811417,0.24765961662291347
2024-06-28,1.0705033506754877,1.2647981382171405,1.1111728429357186,0.09423827204704374,0.143546164446486,0.09393199323689648,0.24843486037960846
2024-07-01,1.0744947188584568,1.2672504467057826,1.1089917047420486,0.09452421237700037,0.14406108189872507,0.0939946799011176,0.24983760555638834
2024-07-02,1.0729038141730594,1.265886880348372,1.1064272358128369,0.09397348068375105,0.1438393602025258,0.09346231132295901,0.24807124606186895
2024-07-03,1.0758009337952106,1.2704220341997612,1.1070151550374725,0.09460916952070994,0.1442335429527491,0.09388789784996714,0.25008127641483485
2024-07-04,1.0799952480209087,1.2756403714664764,1.1114568977015071,0.09525896148680187,0.14479533179850282,0.09472477715996172,0.2516419638138856
2024-07-05,1.0824033684392826,1.2792304149823466,1.1124336711423581,0.09527711348456988,0.14510839597179093,0.09454923651491515,0.25290844714213456
2024-07-08,1.0835057913384547,1.2836146588794044,1.115747662508647,0.09520635978483362,0.14526860164444058,0.09456711901271928,0.2532863909222157
2024-07-09,1.0813967320190758,1.2799017035491675,1.1134617525887986,0.0946772452708716,0.14496955639315745,0.09412473409762617,0.2535947049425608
2024-07-10,1.082497104320246,1.2807869154808715,1.11333778668448,0.09489376642848331,0.14510207931279656,0.09326270238006416,0.2543752543752544
2024-07-11,1.0855052484178762,1.2875812785682097,1.113449354756099,0.09506064869386668,0.14549687181725593,0.09299643823641554,0.25514109302444254
2024-07-12,1.0890043233471636,1.2959747025738058,1.1172685019663926,0.09472477715996172,0.1459598318542737,0.09305701603372386,0.2559443065189015
2024-07-15,1.0907028489158415,1.2977574750830565,1.1180929806122677,0.09453493538537167,0.14617959625195515,0.09285740816402333,0.25666692333359
2024-07-16,1.090203431960404,1.29696639560069,1.1168941407733375,0.0943529744775204,0.1461176539349484,0.09253518650466841,0.25541479362484676
2024-07-17,1.0933980624986332,1.302982527004313,1.1280315848843767,0.09500826571911757,0.14657813347404833,0.09299557341070565,0.2545889661142086
2024-07-18,1.093003683422413,1.298482074454962,1.1307740148131395,0.09476517190402182,0.14650941322980002,0.09303710319675486,0.2546732542148423
2024-07-19,1.0890043233471636,1.2921232168699606,1.124075447944066,0.09379807151164973,0.1459598318542737,0.09208951100469656,0.25412314807755837
2024-07-22,1.0888027524933583,1.2928749660620322,1.125834524841539,0.09362419249133977,0.1459193649589237,0.0913692597262577,0.2544658761260115
2024-07-23,1.0860003692401254,1.2917393270038107,1.121780489993718,0.09303104445953614,0.14555617012605165,0.09077622752153666,0.25391666455069445
2024-07-24,1.0847987155983208,1.29183945019313,1.1289357522663386,0.09281690010117043,0.1453805335465581,0.0908388972157878,0.252927637402939
2024-07-25,1.085104766865241,1.2874983906270119,1.1381355064133936,0.09216080216762207,0.14540801488978072,0.08980772166790901,0.25253800697004897
2024-07-26,1.0860003692401254,1.2870675453047775,1.1319515977496801,0.092563452246515,0.14552651493102042,0.09097773774757317,0.25409731927328166
2024-07-29,1.081700866442394,1.2824787749762743,1.1293564926704764,0.09224411482547414,0.14495064430561394,0.09078117198493033,0.25192089683839275
2024-07-30,1.0824033684392826,1.2845875189476659,1.1284389176013903,0.0926234670816198,0.14505787809335927,0.09104565939818819,0.2526720064684034
2024-07-31,1.0828018580879886,1.28323580741197,1.1358473421172195,0.09324444030024709,0.14510629035768702,0.09162711429566237,0.2523531935296641
2024-08-01,1.078899953607302,1.2794104476657155,1.139640101655897,0.09363821937562036,0.14459852220310307,0.09184845005740529,0.2511553144464537
2024-08-02,1.0835057913384547,1.2747135081390457,1.1486331265793706,0.09353137042163942,0.14520110352838683,0.09082899624876245,0.2526209422761147
2024-08-05,1.0965994451206809,1.2769272023801923,1.1786337277827543,0.09507510933637572,0.1469831704269861,0.09054690329590728,0.25426530041445244
2024-08-06,1.0915004857177162,1.269212707357626,1.1705078833705944,0.09442870632672333,0.14625870239279237,0.0909545681931875,0.2532158411830244
2024-08-07,1.0922038489263637,1.27284761468357,1.1608065283759157,0.09560960685329663,0.14635502802698785,0.0927084781903305,0.2529852256628213
2024-08-08,1.093003683422413,1.2695510867357302,1.1667386155479587,0.09508053321163025,0.14647722279185588,0.09198362691440924,0.25306845501708214
2024-08-09,1.0917030567685588,1.2737393165114828,1.1570726063060457,0.09496766351057466,0.14629721742692453,0.09228582766544541,0.2523977788995457
2024-08-12,1.0925021576917615,1.2769761205465457,1.1510923866749545,0.09505342002205239,0.1463935938163346,0.09278503562945369,0.25372982847863595
2024-08-13,1.093099264344195,1.2791158751071259,1.1530567534534049,0.09500285008550256,0.14648795136600015,0.09265951335223588,0.2548614827841068
2024-08-14,1.101904090267983,1.2845215157353886,1.158064179916851,0.09594811126142982,0.1476690441382773,0.09364698831285585,0.2564036819568729
2024-08-15,1.101103305512123,1.2861074671399542,1.154068090017311,0.095635209058567,0.1475622712784795,0.09374619156096783,0.25717518773788706
2024-08-16,1.0993964313591837,1.2914724076920097,1.1524056467876693,0.09523990933160631,0.14734050390452336,0.09302325581395349,0.25745327223109005
2024-08-19,1.1040939804796184,1.2952361215449577,1.1569788967049242,0.09611687812379854,0.14797058344801053,0.09409019486079356,0.2586452163567235
2024-08-20,1.108401684770561,1.3010330202180531,1.1634265237978896,0.09737762067521642,0.14853323431117713,0.09487666034155598,0.2599225430821615
2024-08-21,1.1116051578479325,1.3031183622408422,1.1697411362865398,0.09769727522299404,0.1489780108455992,0.09514657329616275,0.25936973155232784
2024-08-22,1.1134989477434944,1.3108736973192632,1.173337088012015,0.09774406693513703,0.1492247772820199,0.09461722601216778,0.2600712595251099
2024-08-23,1.112099644128114,1.3124737505249895,1.1735987231245892,0.09724977632551446,0.14904462396041376,0.09422939203196262,0.25999012037542574
2024-08-26,1.1162956844008842,1.3188088518450134,1.180024544510526,0.09789525208027411,0.1496177267082604,0.09477415319294123,0.2607289982791886
2024-08-27,1.1161960040183057,1.3219120135363789,1.1824104619677676,0.09812098317225139,0.14960653481344066,0.09521451830975187,0.26089905815440007
2024-08-28,1.111704019921736,1.3208818207035016,1.1858176212498517,0.09807671560694776,0.14903573877015708,0.09491988761485307,0.2585181738276201
2024-08-29,1.1087949616356942,1.3172627280511098,1.1841045801165158,0.09773069330153827,0.1486568850436308,0.0952498880813815,0.25847140013957454
2024-08-30,1.1086966162579273,1.3179919075296878,1.177467972871138,0.0978081200301249,0.14864141744455675,0.09506968607989658,0.25926886180969666
2024-09-02,1.1060968055924254,1.3133701076963489,1.1748258320703955,0.09744499230184561,0.14829754419266816,0.09429692214846108,0.2587389065693808
2024-09-03,1.1034969819357545,1.312370403422662,1.1728141675951445,0.09703650513323112,0.14793118241394104,0.09378751500600241,0.25793139025019346
2024-09-04,1.104996795509293,1.31159581863253,1.1760278483394486,0.09683635624158733,0.14811303987203034,0.09360403620604121,0.25825112339238676
2024-09-05,1.1097054841645027,1.3160838608636143,1.1817956202654314,0.09734633880419757,0.14873205919535956,0.09412650602409638,0.25998336106489184
2024-09-06,1.1102968933892923,1.3171933244642315,1.1855786216462945,0.09765338906086736,0.1487940244319788,0.09408134272892343,0.25941683096399293
2024-09-09,1.1043012533819225,1.3089519221958976,1.1778008103269575,0.09640319673000355,0.14799686246651572,0.092483838449231,0.2581377939544129
2024-09-10,1.1030952853707503,1.3090890049614474,1.1799131583915423,0.09646271233854553,0.1478240302743614,0.09268184177355972,0.25753283543651817
2024-09-11,1.1043012533819225,1.308797738397508,1.1800663197271686,0.09657170449058425,0.14798153190481828,0.09251036116044997,0.25757263548320625
2024-09-12,1.1016006257091555,1.3042911177774879,1.1701654613962413,0.09651298582224238,0.14762762408101804,0.09230797633223488,0.25631824473266007
2024-09-13,1.1080946312815114,1.3117506624340844,1.1804563644304888,0.09751435898936119,0.1484847134987453,0.09351475195212045,0.25831116162529383
2024-09-16,1.1125945705384956,1.3201494409167118,1.1843710397593357,0.0982907243043474,0.1491001804112183,0.09444832732012316,0.2605116448705257
2024-09-17,1.113895850737956,1.3217023526301876,1.1843710397593357,0.09836226823390548,0.14927378304548372,0.09449027222647428,0.2609671442365406
2024-09-18,1.1123965471211177,1.3207422571485175,1.1849183591250563,0.09823375704827207,0.14908906580791365,0.09446884889707619,0.2605184316790413
2024-09-19,1.1155982953658048,1.3288330188428523,1.179287003077939,0.09857266777068055,0.14955954713369127,0.09561326347190882,0.2615199539724881
2024-09-20,1.1165948323991155,1.330707404055996,1.177107611177814,0.09811135638950208,0.14969835780901483,0.09516739945564248,0.261110240743642
2024-09-23,1.1119017968333036,1.3313274666169639,1.1768582591912629,0.0978617213876792,0.14908684308609765,0.09514838390469937,0.2600915522263837
2024-09-24,1.1133006022956258,1.3377747454883546,1.179467824117758,0.09857849805800359,0.149293840136156,0.09587451942897135,0.2609399055397542
2024-09-25,1.1193946313833478,1.3381506757660913,1.1789394260922874,0.09896580731357316,0.15010282043199594,0.09580654741945065,0.262501640635254
2024-09-26,1.1154987394864244,1.3370771493515177,1.1801777347668558,0.09871668311944717,0.14958639362163617,0.09464229942930694,0.26117843710823235
2024-09-27,1.11579746044498,1.3388852441457242,1.1844972993461576,0.09897952113707674,0.14963115919259026,0.09490097083693166,0.2610761559146803
2024-09-30,1.1195951543921718,1.3401412508878436,1.186141127071299,0.099079550971475,0.15016142353029505,0.09516739945564248,0.261663657534605
2024-10-01,1.108598288324243,1.332569326919233,1.1801080979017677,0.09798061943347607,0.14865025567843976,0.09450545296463606,0.2586987453110852
2024-10-02,1.1071009454642076,1.329239276362138,1.1792730960635864,0.09754574895626049,0.1484185998189293,0.09483886876197341,0.2577651759247326
2024-10-03,1.1038989711661589,1.3101352059532545,1.1759863585582406,0.09716567719618721,0.14798591174120224,0.09419300145999152,0.25637738751442124
2024-10-04,1.1029006286533585,1.3171239281904035,1.174053419430584,0.09727910347578236,0.14788305408083288,0.09439037973249766,0.2556237218813906
2024-10-07,1.098201146521997,1.3086607166226083,1.1697958706205767,0.096621158101201,0.14726672950047126,0.09421785051395838,0.25412314807755837
2024-10-08,1.098201146521997,1.31083933042327,1.1670517937586071,0.09676607768380717,0.14725371815638344,0.09396729937981584,0.2549004613698351
2024-10-09,1.0956982885192732,1.3084552377463166,1.1660039877336381,0.09643573522604536,0.14690327888118462,0.09296617890411468,0.25494595145829085
2024-10-10,1.0931948619841487,1.3063186633747437,1.1638462791834454,0.09618621651517338,0.14655665147362715,0.0927067592498169,0.25394890548021737
2024-10-11,1.0938046902345118,1.306728344244515,1.1663439781660407,0.09633632939317746,0.14660177094939306,0.09317406779345173,0.2549784543206099
2024-10-14,1.0915004857177162,1.304614421207812,1.160065891742651,0.09596836882563507,0.14628865677755348,0.09292125852552548,0.25447235157900094
2024-10-15,1.090298523735799,1.3080273639324533,1.1597699016515124,0.09647853352629039,0.14613260072189505,0.09266552379187325,0.2539231120816617
2024-10-16,1.0897044721471536,1.3033901176961278,1.1596219632399838,0.09604302727621974,0.146053630893264,0.09233610341643582,0.25342118601115055
2024-10-17,1.0866021949364337,1.3020155200249988,1.1584263935869514,0.09516558812333462,0.1456473295562126,0.0915147521780511,0.252035184111702
2024-10-18,1.0847045807074442,1.3042741062461687,1.1538150895937418,0.0949784873726101,0.14544819862406003,0.09183411086213862,0.2517559980866544
2024-10-21,1.085304970696766,1.3026430627743693,1.157032443189707,0.09497307513319975,0.14550745725718445,0.0916791961568081,0.2513699663164245
2024-10-22,1.0820988389079458,1.298414635729774,1.1554682535097347,0.09491718475630012,0.1450999738820047,0.09152480322167307,0.25065797719012406
2024-10-23,1.0767044231017702,1.2949174490126254,1.1527776176697753,0.09434763328961893,0.14436263894904,0.09084137279482567,0.24789905550459854
2024-10-24,1.0801002333016505,1.2980438479211827,1.155308062894971,0.09458769224948449,0.1447890423652738,0.09141352737378078,0.24866961754612824
2024-10-25,1.082497104320246,1.2986169729238362,1.1538017768547364,0.09456175355315788,0.14508944764447282,0.09158599466969511,0.24897918534010557
2024-10-28,1.0817944806845594,1.298836242726517,1.154907780613718,0.09430759364744049,0.14504315033722534,0.09081579831627509,0.2486881699037577
2024-10-29,1.0774004481985864,1.2977574750830565,1.149967225934061,0.09354886992965125,0.1444460494005489,0.09098518761145685,0.24779462781246905
2024-10-30,1.0815019899636615,1.296377920091265,1.151383963524156,0.09350688210652304,0.14496115041168967,0.09104648833694484,0.24883049666567136
2024-10-31,1.0881984874041024,1.2992918859221725,1.1561896613520481,0.0935619988585436,0.14587040872888524,0.09115022468530384,0.2501125506477915
2024-11-01,1.088494611951671,1.2958571447083673,1.1546677443565614,0.09374355513058477,0.14598540145985403,0.09101168590046961,0.24998125140614452
2024-11-04,1.0904055218135624,1.297117804238981,1.1587619787019547,0.09364084988435355,0.1462095182396374,0.0912733545696005,0.25111116691359264
2024-11-05,1.0897044721471536,1.2984989352308731,1.1590037204019425,0.09340382208439969,0.14610057563626802,0.09111202223133343,0.25004375765759007
2024-11-06,1.0694958396611838,1.2850992739189102,1.1416567723079734,0.09179112012703891,0.14342263782915496,0.08980610861150776,0.24589962377357563
2024-11-07,1.0785043301948858,1.2965123816932451,1.1434452003887714,0.09298173838658089,0.14462152546785062,0.09179870380230232,0.2493454681461164
2024-11-08,1.0772031497420098,1.2949006811177584,1.14681529392876,0.09294198561258063,0.14444813589680625,0.09149381959248652,0.24903498941601293
2024-11-11,1.0650988411724607,1.2882115758692207,1.1368287026510846,0.0918822070106124,0.14282449725776966,0.0903660729615673,0.245188181929631
2024-11-12,1.0616951024004926,1.281706207303162,1.13502224643603,0.09198616528074177,0.1423365975859713,0.09044617096135235,0.24405125076266015
2024-11-13,1.062902574350035,1.2742587000012744,1.1332728921124207,0.09171198767390885,0.14248464727925567,0.09034811127273384,0.24476808224207566
2024-11-14,1.0532968190436065,1.266624445851805,1.1242397328806395,0.09077787561615483,0.1412070377587619,0.0895736295234683,0.24278916189181313
2024-11-15,1.05830184885333,1.2681021583098735,1.1271669785161975,0.09130752373995617,0.14188220938976462,0.09046089827671988,0.24497795198432143
2024-11-18,1.0551973746689318,1.2628016517445606,1.126874838011742,0.09096532401848416,0.1414647257706291,0.09005682585711583,0.243819183693373
2024-11-19,1.0577980875010577,1.2647341528810643,1.1338896952104498,0.09131586156515387,0.14181379848259235,0.09072434315575556,0.2442777927058651
2024-11-20,1.0562004245925707,1.266736759434022,1.1305950321654286,0.09101251422070535,0.14159693017855374,0.0907078843293059,0.2438786459857575
2024-11-21,1.052598338999821,1.2640307412276266,1.132554136087705,0.09068649678062937,0.14112135024907918,0.09058545378783074,0.24243599689681927
2024-11-22,1.041200295700884,1.2513608549297361,1.1229520162603452,0.09012337890572193,0.1396141066093318,0.09000657047964501,0.2400556929207576
2024-11-25,1.0495051583178532,1.2574187707474098,1.125593750703496,0.0912367136535742,0.1407103056227838,0.09057971014492755,0.24302517740837953
2024-11-26,1.0521996233125348,1.260414172096951,1.1297009681537296,0.09131336005771004,0.14107356986668548,0.09007386056566384,0.2440989088778773
2024-11-27,1.0530971587438658,1.2627059789128101,1.1312729082763926,0.09134338719548399,0.14119906243822541,0.09008522061870529,0.2442241000341914
2024-11-28,1.0541962280858959,1.2666084026801434,1.1318491018777377,0.09137176429739682,0.14135674200981016,0.09038077420171181,0.2445944623813717
2024-11-29,1.0562004245925707,1.2693899311990657,1.1345972746973463,0.09170021366149785,0.14162099389613517,0.09042408897730356,0.24585730442051432
2024-12-02,1.050696086157079,1.2674592511850744,1.1278407488862572,0.09115105552922302,0.14087681731094331,0.09011931797700155,0.24488796375658137
2024-12-03,1.051204154358818,1.264638187014695,1.1292289624644292,0.09081249943242188,0.1409324088167315,0.09039466309909062,0.2446183953033268
2024-12-04,1.0491968398191185,1.2666886226027918,1.1275609728596072,0.0908554036251306,0.14068655036578503,0.09028856224493481,0.24475011013754958
2024-12-05,1.0539962266935083,1.2729448305710431,1.1327209088952572,0.09157676880528948,0.14132677577093755,0.09039466309909062,0.24657872025644184
2024-12-06,1.0581002867451776,1.2770576591533107,1.1397050443345262,0.09182483494485918,0.14186610676843195,0.0900933366968179,0.2479728221786892
2024-12-09,1.056803170409511,1.276259029532634,1.1369579552948132,0.09160864785635764,0.14170327334561428,0.08999037103029976,0.24811433108376338
2024-12-10,1.0526980651409563,1.2751523807094947,1.135963467414888,0.0912733545696005,0.14115521427361527,0.08973277579368641,0.2466638711427937
2024-12-11,1.050696086157079,1.2742262261241861,1.1322207377550326,0.09123421648054886,0.140892696122633,0.08971104073778359,0.24639645189109274
2024-12-12,1.049097775912715,1.2727504136438845,1.125758479775749,0.09122589355762739,0.14066280312834073,0.09002034459787912,0.24535662585568122
2024-12-13,1.0518012095713911,1.2665763175560145,1.1207244362756086,0.09134171850309192,0.141047702332929,0.0900835975785529,0.24665170313001014
2024-12-16,1.0498026371042244,1.2656625743576762,1.1201469632815826,0.09165314782736213,0.14074595355383532,0.0896041289582624,0.24620232907403303
2024-12-17,1.0497034587728966,1.2700831904489744,1.1151628695370959,0.09150135422004245,0.14073010779926257,0.08923392673894615,0.24620839078195783
2024-12-18,1.0496042991792094,1.271940981938438,1.1187434273823642,0.09135256609358157,0.14068655036578503,0.08923631561100105,0.24651185722033228
2024-12-19,1.0395010395010396,1.2608432519669155,1.1154614106124998,0.09068731919215736,0.13931845412243304,0.0879863445193306,0.24458847988259755
2024-12-20,1.0390042183571266,1.2523324692239295,1.117568171658471,0.09053706587476913,0.13925055352095025,0.08754267705506434,0.24376569241644933
2024-12-23,1.0392957731840904,1.252238376097274,1.1132138483802738,0.09050019457541834,0.139335924981538,0.08802429470533868,0.24309607156748347
2024-12-24,1.0395010395010396,1.2553666926109117,1.110814893806096,0.09012906482082342,0.13932815961433967,0.08772930246431611,0.24335637106979457
2024-12-27,1.0435036679153926,1.2557450335283924,1.1105805004275735,0.0909008271975275,0.13987579029821517,0.08810727942342596,0.24407507749383708
2024-12-30,1.0443973305204233,1.259065269943594,1.106941630967799,0.0909239693768071,0.13999916000503998,0.0881686489917915,0.24484599187111306
2024-12-31,1.0388962765957448,1.2529287208850688,1.1038014923396176,0.09066265333321245,0.13930292814754966,0.08807934187115754,0.24301927142822427
2025-01-02,1.0320982557539478,1.2417269939031206,1.101382234704554,0.09035872413481522,0.13838340506206495,0.08808322102722653,0.24141177606643655
2025-01-03,1.029897937114432,1.2409411297528046,1.100085806692922,0.09003007004339449,0.13805861968992034,0.08792832083285705,0.2410509822827528
2025-01-06,1.0426006630940217,1.2546579175187884,1.1096192896217307,0.0909413337456007,0.13977607872188755,0.0890384735244099,0.24521223118609156
2025-01-07,1.0392957731840904,1.2534469791927803,1.1025844579694806,0.09057068589180425,0.13933204218974238,0.08853788536114603,0.24406316354672591
2025-01-08,1.0285949393128986,1.2332889349316758,1.0967076835340308,0.08934634216075195,0.13786637990459646,0.08763013074415507,0.24052337887242636
2025-01-09,1.030502885408079,1.229588825496754,1.0966234962550307,0.08965152452417453,0.13811963923150233,0.08762398794293925,0.24120215152319158
2025-01-10,1.0303967027305512,1.231163202994189,1.0943074128384147,0.0896234024628511,0.13811200883916858,0.08764165081813481,0.2415400594188546
2025-01-13,1.0198046054375982,1.2117393306351938,1.091167003109826,0.08863598089008252,0.13669231925858086,0.08709511657681354,0.23874325550303202
2025-01-14,1.0244956919956152,1.2154803578374174,1.0904768655332977,0.08899409969119047,0.1373192535325378,0.08741870060843417,0.24002688301089722
2025-01-15,1.0300040170156664,1.2216426206677498,1.0964431384588396,0.08955357542649892,0.1380490902564952,0.08800802633200147,0.24170936865512907
2025-01-16,1.0272002629632673,1.2191107805966328,1.095566243412908,0.089438238424456,0.13767846571117812,0.08782098570274353,0.2406275566677896
2025-01-17,1.029802483883591,1.2193783609116073,1.096226787397777,0.08950147677436678,0.1380281301329211,0.08757564346204035,0.24182042415302396
2025-01-20,1.0315978418973148,1.219556813054136,1.0940679635018926,0.08974727168294083,0.1382628653596217,0.08767238582863555,0.2423419930205506
2025-01-21,1.0357005996706472,1.224904763654626,1.0986475648476726,0.09025678054063813,0.1388079176036201,0.08764472334943074,0.24347487339306584
2025-01-22,1.0442991708264584,1.236353745533672,1.1051921929223492,0.09106970475201719,0.13996388931655632,0.0888572951839346,0.24687700587567274
2025-01-23,1.0403986807744727,1.2317091195743213,1.101879806950658,0.09071775890848394,0.13945250944790752,0.08869179600886917,0.2470660901791229
2025-01-24,1.0471971767564114,1.2405716554188169,1.103010114602751,0.09138679460817911,0.14034890738375602,0.08912735407623953,0.2485151221451825
2025-01-27,1.052997356976634,1.2519875302041992,1.11393307490086,0.09159690036089178,0.1411054198591768,0.08916550008470722,0.2495694926252215
2025-01-28,1.0421008753647354,1.242544731610338,1.1038014923396176,0.09079106252780476,0.13964335088184776,0.08847443531191662,0.24765961662291347
2025-01-29,1.0395982992171824,1.2417115752353045,1.1024385941703048,0.09075151328148397,0.13930680931683942,0.08826281134706702,0.2467308166790032
2025-01-30,1.0403012712481534,1.2431162437999577,1.1018919484755325,0.09069718929410377,0.1394214011850819,0.08844939367940634,0.24731661473017758
2025-01-31,1.0392957731840904,1.2430698853889566,1.0999043083251756,0.09057888968397025,0.13928352554459858,0.08854650905388055,0.24668821077040728
2025-02-03,1.0274007787697903,1.2358037049395074,1.0937927262783702,0.08948706017109927,0.13768794404361953,0.08770852702299717,0.24314335732347792
2025-02-04,1.0334955921412996,1.2423594891417782,1.0999406032074268,0.09051493949076295,0.1385195035460993,0.08817486839900891,0.24494794856093083
2025-02-05,1.0421986222134214,1.254374631527452,1.1093115612450912,0.09175658812302723,0.1397116351849782,0.08931123178050872,0.24832998087859146
2025-02-06,1.0360010360010359,1.2379301807378065,1.1038867853712924,0.09151140232072916,0.13888117326815178,0.08886203280786252,0.2462872201561461
2025-02-07,1.0376996274658337,1.2449424214130096,1.1018312435267414,0.09194134142417137,0.13910140492418974,0.08926419523864783,0.24715768660405338
2025-02-10,1.0320023942455547,1.2391420180666906,1.0983338275835557,0.0915181022806311,0.13836808678446402,0.08916152501872392,0.24713936188616764
2025-02-11,1.0323966054799611,1.2385588129652336,1.094918483318917,0.091748169624016,0.1384255478191055,0.0891885624587503,0.24707219449523152
2025-02-12,1.0370001659200265,1.244322777328439,1.0965393219000834,0.09185519946356564,0.1390395150301716,0.08892129576112183,0.24860161591050342
2025-02-13,1.0390042183571266,1.2471004913575936,1.1028519752078876,0.09209799226376865,0.13930292814754966,0.08869336928371234,0.249233606659522
2025-02-14,1.0478006664012238,1.2591445372014254,1.1097177987637743,0.09318361831989935,0.14047508674336606,0.08992805755395684,0.251553341886147
2025-02-17,1.0472958820325917,1.2597949053894026,1.1094223237959995,0.09337591274954712,0.1403942269893862,0.08996284534487256,0.251724311534008
2025-02-18,1.0447028342787894,1.2582889786468359,1.108438542625004,0.09318101343670214,0.14007367875502513,0.08960493185544932,0.2507711211976829
2025-02-19,1.0433947892864224,1.259572752922209,1.1058766284033354,0.09304402843425509,0.13988753042553786,0.08972391949969942,0.24997500249975002
2025-02-20,1.0442991708264584,1.2608750472828143,1.1082419957221858,0.09352524714046558,0.14000504018144652,0.0899563711599874,0.25100401606425704
2025-02-21,1.0464958087842857,1.2644942655185059,1.110938298486902,0.09391964235400192,0.14030361702724697,0.08999037103029976,0.25106073159097186
2025-02-24,1.0466053355940008,1.2635515908114527,1.1116298717179127,0.09384032130926016,0.1402898388069752,0.0899490888157303,0.25252525252525254
2025-02-25,1.0497034587728966,1.2660952356836281,1.1183680773016016,0.09418146885418824,0.1407202060143816,0.08999604017423234,0.2535947049425608
2025-02-26,1.0487017072863796,1.2655024044545684,1.1165823646981319,0.0941132182014964,0.140607424071991,0.0897126503808302,0.25306205081485983
2025-02-27,1.0477018659570232,1.2672825659937397,1.1137469789613197,0.09388877935197965,0.1404731134460864,0.08953513358641932,0.25363329697922743
2025-02-28,1.0411027360179903,1.2602870933998764,1.108266560273077,0.09305528414431014,0.13958877147922222,0.08879732897634439,0.25084660729963626
2025-03-03,1.0464958087842857,1.2680217592533887,1.10998878911323,0.09385617479773994,0.14031346027024372,0.08948305638327382,0.25090954710826746
2025-03-04,1.0556986613740975,1.2751849018107626,1.126557465696325,0.09511218482199756,0.14153480340815805,0.08940545373267769,0.2538135485672225
2025-03-05,1.0694043417816277,1.2807213022374202,1.12402490839197,0.09710812018100953,0.14337328668922406,0.09047399325064011,0.2576854691163965
2025-03-06,1.0795988210780874,1.2884605473380404,1.1286936499695253,0.0984852961452855,0.14473246204391182,0.092147214389709,0.25846471956577927
2025-03-07,1.0857056000694851,1.2911555842479019,1.1360279917297162,0.098956014051754,0.14555828881675667,0.09232928315544559,0.25981449245238897
2025-03-10,1.0845045982994967,1.2933933467846241,1.1401338517141912,0.09886502946177878,0.1454059005714452,0.09292643943054678,0.2584580393373136
2025-03-11,1.091202723641998,1.2932929825922763,1.135718341851221,0.099367032006121,0.14629935774581948,0.09379367267884109,0.259794242959576
2025-03-12,1.0886012562458496,1.2947497896031592,1.131721008137074,0.09917584869732522,0.14594279042615294,0.09377608147265958,0.2594706798131811
2025-03-13,1.0830012129613587,1.2927078351021886,1.1305950321654286,0.09783204195037959,0.14516527066064713,0.09338201649126411,0.2580711760303492
2025-03-14,1.0888976000696895,1.2934937265554263,1.1294457809552851,0.09850955050092106,0.14596409283316306,0.09370929502497352,0.2609807657175666
2025-03-17,1.090298523735799,1.2975722423345921,1.1338382693092657,0.09891588193400332,0.14613900742386157,0.09457606279850571,0.26044379622877384
2025-03-18,1.0917984103415146,1.2970841548199648,1.1371777522544548,0.0992812040824431,0.14635717003776014,0.09470862890317937,0.2615062761506276
2025-03-19,1.0897044721471536,1.296058685537281,1.1371130972686543,0.09904128040567309,0.14608776953193478,0.09471490812653911,0.2601659858990036
2025-03-20,1.0832945152798692,1.2944146009966992,1.1326824185035,0.0982183196809869,0.14522640797002528,0.09417969485778865,0.25791143321383436
2025-03-21,1.0826963469825253,1.2925407473470603,1.134069722606546,0.09903049148832926,0.14514209411013382,0.09496495793052363,0.2576456341947286
2025-03-24,1.0824033684392826,1.293761482133154,1.13412116950575,0.09878592103053473,0.1451105016470042,0.09511851767302058,0.25919494051476116
2025-03-25,1.082497104320246,1.2954039069381833,1.1348161597821154,0.10025464680287931,0.14510839597179093,0.09572034344459228,0.25999688003743954
2025-03-26,1.0787952015189437,1.2900728891182351,1.131772242153989,0.09952526448839037,0.14460061310659955,0.09497758528987159,0.258364552383413
2025-03-27,1.0785043301948858,1.294431356305175,1.132400235539249,0.09964426995625617,0.14456089627755692,0.09507691722603587,0.25698352735589647
2025-03-28,1.079703729296681,1.2952528981283595,1.1335426608780421,0.09978745272569427,0.1447010476355849,0.09559955259409386,0.2584580393373136
2025-03-31,1.0815019899636615,1.294649214795251,1.1347131445170662,0.09968698287377635,0.14494854326714016,0.09476068189786695,0.25848476232326106
2025-04-01,1.0787952015189437,1.2894241431776567,1.1331958389048795,0.09974067424695791,0.14457970679235463,0.09531707224080904,0.2576987501610617
2025-04-02,1.0802985945315284,1.2944648682234765,1.132028481836603,0.10036230793163319,0.1447911387823065,0.09581756335936377,0.2585983966899405
2025-04-03,1.1097054841645027,1.3185132444655405,1.1634535956533374,0.10351216785533139,0.14872763508187456,0.09714208000621709,0.26446630699248913
2025-04-04,1.105705440070765,1.301049947307477,1.1754058088555073,0.10075668268697922,0.1481810772764318,0.09465394517643495,0.2594033722438392
2025-04-07,1.0966956559885066,1.2813777373431914,1.1695632850693551,0.0989981388349899,0.14693565687585405,0.0917397526696268,0.25540174694794915
2025-04-08,1.0950024090052997,1.2785434832638658,1.1712481992058936,0.09974962843263409,0.14668778970838467,0.09162795385616243,0.25650233417124096
2025-04-09,1.104496404864202,1.2778409599141292,1.1904478464798458,0.09976057462090983,0.14787868033065674,0.09113444152814232,0.2571421224510787
2025-04-10,1.1082051509375415,1.292290196686568,1.1917388661796426,0.10057124466972404,0.14844724185024644,0.09249239250071682,0.26049128656646436
2025-04-11,1.1345972746973463,1.3089861901956934,1.2263317963308151,0.10203456931208293,0.15193873830071716,0.09376465072667604,0.26415194019600075
2025-04-14,1.1376952569484737,1.3170371931303342,1.219527067403261,0.1033666518507799,0.1523530935295641,0.09464677822366926,0.2654491399447866
2025-04-15,1.132400235539249,1.3233639912657975,1.2252799764746245,0.10237719855033887,0.1517128379403465,0.0945823244552058,0.26430553720100436
2025-04-16,1.1354991086331998,1.3262423575284148,1.226241569589209,0.10179256710674986,0.1520658140843357,0.094056565618563,0.26448029621793173
2025-04-17,1.1360021811241878,1.3228913112498677,1.2226882022815362,0.10301207301495736,0.15213290330432666,0.0949397132820659,0.2657736671450593
2025-04-22,1.1476049484725377,1.3366303548753593,1.2315877629439873,0.1051369935025338,0.15371844928828357,0.0965306871054308,0.2681324574339724
2025-04-23,1.141500388110132,1.3305303493972698,1.2166930283489477,0.10434710019408562,0.1528981850985429,0.09599692809830086,0.26599281819390874
2025-04-24,1.1376046596286857,1.3305303493972698,1.2112403100775193,0.10426224038702143,0.1523809523809524,0.09617419069418531,0.2661202331213242
2025-04-25,1.1357054434361904,1.3312565730793295,1.2055019107205285,0.10323113451016827,0.1521236460995497,0.09590854161471621,0.2660777479179416
2025-04-28,1.135795738494389,1.3340448239060831,1.2057344731543218,0.10328231187126893,0.15216299700238894,0.09575517317323068,0.26565364078314696
2025-04-29,1.1372941497588938,1.3383118534280858,1.2109176333825773,0.10374950718984084,0.15237863042086977,0.09634468273695974,0.26629740093736687
2025-04-30,1.1372941497588938,1.3351669626286766,1.2113136696747622,0.1036591686534674,0.15237863042086977,0.09630756784868155,0.2660140455416046
2025-05-02,1.134301270417423,1.3293099552022545,1.214063714063714,0.10370754472387866,0.15201264745226803,0.09646643450411428,0.26533644661430694
2025-05-05,1.134301270417423,1.3321255395108436,1.214978251889291,0.10372690779715166,0.1520057154148996,0.09622046031868217,0.26544209380723593
2025-05-06,1.1325028312570782,1.3372380684933338,1.211754013935171,0.10408968367145131,0.15178422354780444,0.09678199854827002,0.2649217156330304
2025-05-07,1.1360021811241878,1.3347392586858156,1.2137984609035515,0.1041916292445065,0.15224871349837094,0.09733117906990325,0.26571011026969577
2025-05-08,1.1297009681537296,1.3328179770488744,1.2114750920721071,0.10361405835543767,0.15142796571670858,0.0966547781289568,0.2645642626594
2025-05-09,1.1252011297019342,1.327351403010433,1.203036464035225,0.10304073200136013,0.1508227380359863,0.09639762090671603,0.2654209576388152
2025-05-12,1.1106051687564553,1.3175924949931486,1.1853959222380275,0.10203456931208293,0.14888706915804362,0.09577443205761789,0.2619172341540073
2025-05-13,1.1111975375862566,1.3219120135363789,1.1874369174137624,0.10264621953973435,0.14896469536719797,0.096014440571862,0.26134908397146067
2025-05-14,1.1214030995581672,1.3326226012793179,1.1942437451483847,0.10331645831180906,0.15033750770479726,0.09691049346823274,0.2643264960879679
2025-05-15,1.1185056764163077,1.327756754962491,1.1928192282459593,0.10273268954181221,0.14993178103962698,0.09600890962681337,0.26365745623286224
2025-05-16,1.1193946313833478,1.3283564245958477,1.193260464894277,0.10238977740462392,0.1500487658489009,0.09620935154897056,0.2627706537733866
2025-05-19,1.1262022208707796,1.3376852694098134,1.198853895675734,0.10330685234351594,0.15094795314575535,0.09712415380580998,0.2638243984803715
2025-05-20,1.1241007194244605,1.3353452535152963,1.2001920307249159,0.1032844453625284,0.1506931886678722,0.09694243558175156,0.2645712622694923
2025-05-21,1.1321053763684323,1.340392735071376,1.210536509781135,0.10439394097566577,0.15177270519669742,0.09858044164037855,0.26688017080330934
2025-05-22,1.130901894260673,1.3419936657898974,1.2104192892417933,0.10424485030439495,0.15159094698864584,0.09820674483923555,0.26634705020641897
2025-05-23,1.1300967362806256,1.3482540110556829,1.2152883271556176,0.1043024771838331,0.15149908343054524,0.09808152536388245,0.26526606186004564
2025-05-26,1.1380966471672775,1.3561712573063727,1.2164414222633109,0.10505415541711752,0.15257857796765334,0.09910311679302314,0.2681324574339724
2025-05-27,1.1356022666621244,1.3549768298962088,1.2098920776266757,0.10438958191972442,0.15224407770537726,0.09869622289554979,0.26735823329679437
2025-05-28,1.1316953928680555,1.3475817645235624,1.20856144930689,0.10407885013686369,0.15172664926867754,0.09845620667926906,0.26681608367352383
2025-05-29,1.1280952112358285,1.3466562525249803,1.207948299812768,0.10378611756891398,0.15123330762367104,0.09819806549810968,0.2663115845539281
2025-05-30,1.1339025524146455,1.3479632275631521,1.2139016011362118,0.10428072370822254,0.15202420225299867,0.0982511298879937,0.26681608367352383
2025-06-02,1.1419044682721844,1.3539311390622673,1.223121896328188,0.10520999915832001,0.15305731996632738,0.09920930186414277,0.2681899857859308
2025-06-03,1.1386020244343995,1.3496915954704352,1.2167078319483142,0.10422420711434438,0.15261117724262124,0.0987254543839038,0.26604235394274767
2025-06-04,1.1383946358844756,1.3518628670307684,1.2149339683388207,0.10398685606139384,0.15260186174271326,0.09883278481137762,0.2657948595274167
2025-06-05,1.1422957860708451,1.3568152831673497,1.2197501951600311,0.10438631286665692,0.15313466662583075,0.09910213465998058,0.2666453350398635
2025-06-06,1.1410965938266675,1.354261182811717,1.216130758379141,0.10412436614292112,0.15297303085466032,0.09901970492127933,0.2661769011685166
2025-06-09,1.1410054540060701,1.3544629554381689,1.2178487918939984,0.10401065069063072,0.15294261593050287,0.09913946940555973,0.26721534884963793
2025-06-10,1.1428963278740984,1.3503112467423741,1.217270635780453,0.10441247102553929,0.15321209149826104,0.09931966032676168,0.2687088539567379
2025-06-11,1.1433013971143073,1.3488723427214848,1.2156281150470447,0.10408318328007744,0.153275497378989,0.09885037019463637,0.26834831611431637
2025-06-12,1.1593934053703103,1.3579207517449283,1.2298761514715468,0.10602205258693807,0.15542672407093674,0.100173299808669,0.27158415034898564
2025-06-13,1.1511983975318307,1.3535646124067733,1.2300425594725577,0.10500341261090985,0.1543448062972681,0.1005985614405714,0.26931674342193856
2025-06-16,1.1573940116433838,1.3579760724616032,1.2321947853516684,0.10558770114457068,0.15518793258636207,0.10093261738463401,0.2714146129627619
2025-06-17,1.1568049048527964,1.356944161747744,1.2298459003086912,0.10566356720202874,0.15509887553315238,0.10131814912005188,0.2704164413196322
2025-06-18,1.1508009574663967,1.345641467287456,1.2238703676506584,0.10436234606553954,0.1542947956365432,0.10056315366049878,0.26930223790159696
2025-06-19,1.1478025320523857,1.3438692683975704,1.2224938875305624,0.10371399827834764,0.15387456145749984,0.0995361614874684,0.26834831611431637
2025-06-20,1.1515032875418858,1.348835954571205,1.2230470995438034,0.10350573939324935,0.15436386650612824,0.09928416119776412,0.2699492495410863
2025-06-23,1.1471968245591897,1.3391003923564149,1.2221203788573174,0.102763305278951,0.15378937007874016,0.09835839833184157,0.26831951487831707
2025-06-24,1.1606987406418663,1.361210933246216,1.2364913321957614,0.10491748240009233,0.1555960105182903,0.09909526027370111,0.2728587410297689
2025-06-25,1.1597968036000093,1.3603036197679323,1.2389731390623453,0.10486467214060256,0.1554605518849592,0.09843876124662847,0.27303754266211605
2025-06-26,1.1694948951547826,1.3702384214853385,1.246929436263202,0.10544630147097592,0.15676192566349484,0.0990049997524875,0.2753834714840415
2025-06-27,1.1703982865369085,1.372250353354466,1.2505627532389576,0.10526759021432483,0.1568627450980392,0.09925361283150706,0.2761820592134335
2025-06-30,1.172003187848671,1.3699568463593397,1.253871327724349,0.105144731723217,0.15708451146716934,0.09903245293482675,0.27626598889410725
2025-07-01,1.1810000708600041,1.375175334855194,1.266624445851805,0.10583354500042333,0.15829547433238883,0.09970885015753998,0.2782569981635038
2025-07-02,1.1755025273304338,1.3660642323402048,1.2599218848431397,0.10495051583178532,0.1575497857322914,0.09896482790016428,0.27663282525104427
2025-07-03,1.1782032400589102,1.3653927552260408,1.2599695087378886,0.10471533137166612,0.15790304752881731,0.09921717647759179,0.27732327574253307
2025-07-04,1.1767059294211784,1.3642937051488444,1.2590335658348653,0.10459047599125625,0.1576988582602662,0.09932459276916965,0.27714649963970955
2025-07-07,1.1728004128257454,1.361971044495594,1.2537927229870358,0.10504753400913913,0.1572030434509212,0.09875762902684232,0.27599911680282624
2025-07-08,1.1717971853431608,1.3575152041702867,1.2531328320802004,0.10491087820896149,0.1570598397989634,0.09905697757350028,0.276121051468964
2025-07-09,1.1697958706205767,1.358178953658934,1.2544847830995811,0.1047789687653894,0.1567840456555141,0.09888458191598766,0.27593057586711184
2025-07-10,1.17090534401199,1.3572572545400254,1.2563287561088987,0.10499459277847191,0.1569341347436481,0.09920339672430385,0.27566435108611753
2025-07-11,1.1683061896861928,1.349545877812116,1.2548940869390623,0.1047987340312929,0.15657783484169982,0.09875275273298242,0.27440864936062787
2025-07-14,1.1690027237763463,1.3487995683841383,1.2560447151918608,0.10432859333757602,0.15664160401002505,0.09904226133291075,0.27450657443245763
2025-07-15,1.1664936367772114,1.3440498911319587,1.254437572914184,0.10350466806052952,0.15629151493365426,0.09826078412105729,0.2741453518655591
2025-07-16,1.1602004826434007,1.3398719082455717,1.2440441386860406,0.10249577204940295,0.15545330182813083,0.09712038071189238,0.2723904990193942
2025-07-17,1.1579032687609276,1.3395488399507047,1.241989169854439,0.1023698623125352,0.1551566306186095,0.09675390643897247,0.27216809101300965
2025-07-18,1.1649987767512844,1.3458950201884252,1.2494689756853337,0.10355075540276067,0.15609146960118628,0.09844942160964804,0.27416038382453733
2025-07-21,1.1666977786074295,1.3478542160879878,1.2511573205214823,0.10405827263267431,0.15629640049389662,0.098322616168171,0.2750048125842202
2025-07-22,1.1699053546568081,1.348581292480311,1.2544533092478298,0.10435254463680096,0.15671770439906596,0.09843876124662847,0.2748536404364676
2025-07-23,1.1725941299937852,1.3532532207426655,1.260048889896928,0.10503429369689204,0.15709438230488879,0.09902460761499234,0.27561116776451783
2025-07-24,1.1755992617236637,1.355160450997398,1.2585423562429994,0.10510494728986892,0.1574951963965099,0.0989853996535511,0.27626598889410725
2025-07-25,1.1724016648103641,1.3452613170108294,1.2548468459424527,0.10499238805186624,0.1570647735125966,0.09852507955900175,0.2755807865075647
2025-07-28,1.1654060857505797,1.3427865506499086,1.2485485622963304,0.10447792381469795,0.15615484314246006,0.09824244270009529,0.27359781121751026
2025-07-29,1.1532961203118512,1.3332977787259006,1.2394338266279963,0.10337947503902575,0.15456906145665883,0.09760096820160456,0.269432843863667
2025-07-30,1.1526978894101645,1.3369341426241343,1.2393263022221122,0.1034414986604326,0.1544807130829716,0.09785597557514851,0.27010966452379664
2025-07-31,1.1445969301910333,1.3233815044200943,1.2311480455524777,0.10258619805291397,0.15337893800423325,0.09721385102949469,0.2678810608090008
2025-08-01,1.1403938920503143,1.3161011818588613,1.224649750171451,0.10185373803218578,0.15280940083433933,0.09653907419027852,0.26673068203035394
2025-08-04,1.156497201276773,1.3286917700831762,1.23768503391257,0.10342010279958219,0.1549690836678083,0.09739374342592232,0.2704749540192578
2025-08-05,1.1546010853250201,1.3281976358082082,1.2352694122588135,0.10333887918651634,0.15470536363495724,0.09737667244434924,0.2699856907583898
2025-08-06,1.1604024275618785,1.3311856870914922,1.2385588129652336,0.10364842454394693,0.15550164831747218,0.09791154670870335,0.2712452871131364
2025-08-07,1.1642934485207652,1.3424440536440645,1.236904275978082,0.10400632358447393,0.15598190609889254,0.09792017547295444,0.2733584823137062
2025-08-08,1.164795228998742,1.3433276913570298,1.2378382392988885,0.10420465794821028,0.15606954458906888,0.09744024476989485,0.2740026304252521
2025-08-11,1.1621960857235833,1.3426603472119658,1.2324529511085915,0.10393497827758955,0.15572685509616133,0.0976228828037292,0.27323150905762456
2025-08-12,1.160604442793807,1.3462392805697285,1.2323162616453887,0.10369894123381,0.15550648462040867,0.09758001561280251,0.2724201808870001
2025-08-13,1.1710973181871414,1.3568521031207599,1.2446635052213635,0.10496042991792094,0.15692920923371467,0.09804882831650162,0.27490653177919505
2025-08-14,1.1690027237763463,1.3577179476735504,1.2416344876395287,0.10454345871578814,0.15663424337828738,0.09805844283192783,0.2743785326236075
2025-08-15,1.1687977746090372,1.355601344756534,1.2410335327260542,0.10456750878367074,0.1565999029080602,0.0982511298879937,0.27444630458050884
2025-08-18,1.167297007050474,1.3540228017439815,1.2387736141220191,0.10462439840970915,0.15639173000531734,0.09822410812509823,0.2746573649372408
2025-08-19,1.1681970047428798,1.352082206598161,1.2415728244540183,0.10469669367841364,0.15649942095214248,0.09793743756488356,0.2752091589608102
2025-08-20,1.165093790050099,1.3477088948787062,1.2390652491760217,0.10424050369011384,0.15607685224204398,0.0974934435659202,0.2742506102076077
2025-08-21,1.1639004632323844,1.3449356448293948,1.2396489314226211,0.10425463151200491,0.1559332605644784,0.09821542571476277,0.2737401111384851
2025-08-22,1.1608065283759157,1.3415075862254,1.2371338083927157,0.10385186569876728,0.15550648462040867,0.09810269389997449,0.2723089072243553
2025-08-25,1.1697000888972067,1.3508402226184686,1.2463544133409776,0.10505194818837915,0.15671279246524894,0.09905599635473933,0.2744764361979524
2025-08-26,1.1655962607671955,1.3487631841601253,1.24317806039359,0.10447683226244579,0.15615728161404166,0.09847947687701882,0.2735603884557516
2025-08-27,1.1592993194912995,1.3439595736960233,1.2398948569161334,0.10429159931167545,0.15530361857431277,0.09836226823390548,0.27151041242431645
2025-08-28,1.1675968521588866,1.3518628670307684,1.2483771097573155,0.10544074230282581,0.15641374563996685,0.09938678354552412,0.2739650968466617
2025-08-29,1.1658000886008069,1.3449537335915644,1.2449734198174869,0.1054540852912642,0.15618654921438166,0.0992467174148215,0.2732464409651064
2025-09-01,1.1714951792973372,1.3524662221561017,1.2485329737558368,0.1063841104692603,0.15695630336514316,0.09985919853007261,0.2753000770840216
2025-09-02,1.1646053152586588,1.3383118534280858,1.2434408495187883,0.1058436266260227,0.156045190687223,0.09976057462090983,0.27303754266211605
2025-09-03,1.1652974421721145,1.3414356043838116,1.2431162437999577,0.10592210488406827,0.15613777597351902,0.09959861757118811,0.27404017428955085
2025-09-04,1.1647002643869602,1.3444474321054047,1.2412800079441921,0.1057037757388694,0.15603301658630966,0.09909820632246558,0.2739801090440834
2025-09-05,1.1697000888972067,1.3478905512872354,1.245686809422375,0.10632642211589581,0.1566956031213764,0.09954507898902018,0.2751940117783037
2025-09-08,1.1728004128257454,1.3528687582017669,1.2572922953128145,0.10661321790675608,0.15708451146716934,0.10013217447030079,0.27598388254125955
2025-09-09,1.1743981209630063,1.355656476648817,1.258605716587165,0.1067463706233988,0.15729453401494298,0.10028581457152885,0.2759534190628622
2025-09-10,1.1706997272269635,1.3534180573037204,1.2536984103104156,0.10690385067670137,0.15682338550324626,0.10075262208698982,0.2745216460317896
2025-09-11,1.1684973124561813,1.3513330900933773,1.2502656814573097,0.10669739551657545,0.15655087120559827,0.10062893081761007,0.27395759136485676
2025-09-12,1.1717971853431608,1.3542061643464602,1.2536669759045207,0.10702856592424519,0.15698587127158556,0.10115212267729437,0.2752318828613106
2025-09-15,1.1765951689002365,1.3616557734204793,1.257988225230212,0.10783066272725313,0.15762428675010245,0.10181329478003238,0.2768166089965398
2025-09-16,1.1806933031075848,1.3640331732867743,1.264670174018616,0.10801935706878672,0.15816528272044286,0.10187241498746968,0.2777237759324576
2025-09-17,1.183698109634119,1.3644984785841963,1.270470455209564,0.10796687576251605,0.1585816457603197,0.10181536801164769,0.2783576896311761
2025-09-18,1.1817956202654314,1.3615259983389383,1.2665281929175742,0.10745639956587613,0.1583180292571718,0.10199398235504105,0.27767750534529195
2025-09-19,1.1735987231245892,1.3477270583161498,1.255997387525434,0.10601193694409991,0.15724506643604058,0.10056113111160274,0.2753000770840216
2025-09-22,1.1781060766711435,1.349636947661079,1.2602712103644704,0.10662003816997367,0.15784821315822703,0.10067046529889061,0.27661752095377723
2025-09-23,1.1793009104203027,1.3510227242022212,1.262100387464819,0.10731916720326251,0.15799285872278573,0.10103663588417161,0.27713881883435415
2025-09-24,1.1755992617236637,1.3464749286368287,1.259350678790016,0.10653371259335018,0.1575051189163648,0.10058136026231619,0.27548968291137493
2025-09-25,1.1739018148522058,1.3419036244816898,1.256312972687756,0.10624960156399414,0.15727474324898166,0.10042782252395203,0.2753152359451572
2025-09-26,1.1672016340822877,1.3354700854700854,1.250750450270162,0.10575296108291032,0.1563819472680074,0.09967108541812021,0.2733136547501913
2025-09-29,1.1723054559095918,1.343923450120281,1.2528659308167431,0.10628234969018696,0.15704750687082844,0.10038951130385898,0.2745744096650192
2025-09-30,1.1740947729300708,1.344284773286373,1.2538398846467307,0.10619093129446745,0.15728216420257943,0.10012315147631587,0.2749745648527511
2025-10-01,1.1724016648103641,1.3469646152395576,1.2518934889019642,0.10623944245540601,0.15703517587939697,0.1005661876363929,0.27532281600176206
2025-10-02,1.1754058088555073,1.3477815515661222,1.2571184331275849,0.10683075871204838,0.15741586122217674,0.10067654639175258,0.2761439262143429
2025-10-03,1.1734059280467486,1.344718617629261,1.2559185160066815,0.10664391596459422,0.15715116370436724,0.1005095835887952,0.2757403628743176
2025-10-06,1.1678013803412315,1.3430751047598581,1.253808443146056,0.10628009055063714,0.1564015139666552,0.10049039311841788,0.2745970288601477
2025-10-07,1.1666025035289727,1.3404646050321043,1.252520697904533,0.10654392806153977,0.15625,0.10054697554697554,0.2742656537121856
2025-10-08,1.162696059623054,1.34091396695988,1.2495470391982908,0.1060524111015664,0.1557171553590059,0.10012515644555695,0.2735229759299781
2025-10-09,1.1611030478955007,1.3372023053367743,1.247287150447776,0.10567920021981274,0.15550164831747218,0.09988812529966437,0.2728885250375222
2025-10-10,1.1568049048527964,1.3282858471142989,1.2406640033746061,0.10508727498187244,0.15491866769945778,0.09906188395890914,0.27170221437304715
2025-10-13,1.1568985862699275,1.3332977787259006,1.2434408495187883,0.10504863751917139,0.15491146809598313,0.09905795881170072,0.2714735584754045
2025-10-14,1.1552947156819704,1.3261016589531753,1.2427918075164048,0.1046660107596659,0.15469100471807565,0.09813542688910697,0.27103943623797266
2025-10-15,1.1621960857235833,1.3350956596040107,1.2490007993605117,0.10546743165710429,0.15561053794562968,0.09914241808357707,0.2730748225013654
2025-10-16,1.164903778947859,1.3426783748220952,1.2523167860542002,0.10577533319229955,0.1559673092519808,0.09927529038022435,0.27401013837511984
2025-10-17,1.168101484656987,1.3434179238819404,1.2618614980819707,0.1059019136475796,0.1563941758808902,0.09958869867447442,0.27517129413059627
2025-10-20,1.1655011655011656,1.3410398422937146,1.2614953766194446,0.10605128640210407,0.15605736668799453,0.09926346508903934,0.27443877270980843
2025-10-21,1.1606987406418663,1.3375242426268976,1.2575294576275449,0.10615035135766299,0.15540015540015542,0.09946586828729723,0.2737925747453729
2025-10-22,1.1586948461253244,1.3335289175745777,1.2556346605391695,0.10614697109617978,0.1551253412757508,0.09951932167630347,0.27384505846592
2025-10-23,1.1592993194912995,1.3339024650517555,1.253431268096414,0.10616951024004925,0.1552072016141549,0.10008707575590763,0.2738900605297034
2025-10-24,1.1611974267865024,1.3307428206424825,1.2556188945531253,0.10649287030233326,0.15545330182813083,0.09994403134244824,0.2738150653048931
2025-10-27,1.1639952974589982,1.3347036290591674,1.2564708247474494,0.10667121797196681,0.15583606046439147,0.10006904764287358,0.2748536404364676
2025-10-28,1.1629935453858231,1.3276333607710895,1.255666193699067,0.10649173624126768,0.15570503238664674,0.09997000899730081,0.27445383686463937
2025-10-29,1.1636025133814287,1.3212134023887538,1.2541543864049665,0.10679196924391285,0.155802069051477,0.09997900440907409,0.2743183189773413
2025-10-30,1.155001155001155,1.312353180487933,1.2444776305145915,0.10557543892988736,0.1546622948791314,0.09901578311582868,0.27208663238375097
2025-10-31,1.1554015020219526,1.3105644601129707,1.2441060475994974,0.10575743474766276,0.154719725217768,0.09918863694975104,0.2714735584754045
2025-11-03,1.1513972205271097,1.3136288998357963,1.2383287515169528,0.10529530067073106,0.15418536164176574,0.09884939306472658,0.27066529529583716
2025-11-04,1.1490950876185004,1.306540541953017,1.236262038101596,0.10459156991946449,0.1539148235366548,0.09799214103028937,0.26993467580845437
2025-11-05,1.1492007308916647,1.3044272260050613,1.2347660735673627,0.10430682896809254,0.15393377768883826,0.09781290347822685,0.26987639661035245
2025-11-06,1.1532961203118512,1.3095347223131621,1.2379761565792242,0.10494060361835202,0.15444731030009112,0.09834969216546352,0.2711864406779661
2025-11-07,1.1560960947073922,1.31211210685841,1.2415111673929506,0.10466272437071536,0.154834713942866,0.09814120556656919,0.2721532767254518
2025-11-10,1.1570993832660286,1.318183016530015,1.2417886724037304,0.10531526123450549,0.15495707688970153,0.09899519873286146,0.2732912464813752
2025-11-11,1.1575011864387161,1.3147515119642386,1.2475672438744447,0.10548634479266658,0.15499790752824838,0.09926642114771836,0.2736427320490368
2025-11-12,1.1575949806681638,1.312026030596447,1.2514548162238603,0.10581786628854416,0.1550267421130145,0.09936900680677697,0.2737925747453729
2025-11-13,1.1618990077382474,1.317488340228189,1.2569288201209166,0.10620220900594732,0.15559116864526767,0.09952922675743732,0.2748083211959658
2025-11-14,1.164795228998742,1.3167597176867165,1.2681504026377528,0.10605016172649662,0.15597460733392604,0.09931374204248641,0.2751864388122953
2025-11-17,1.1592993194912995,1.3181308903974165,1.2566918842838113,0.10574177857671566,0.1552288849909191,0.0990815143618655,0.27453671928620454
2025-11-18,1.1590037204019425,1.3139050572205653,1.2552721430006024,0.10539184688672484,0.15518793258636207,0.09877909044213522,0.2730897372876727
2025-11-19,1.1583056305236699,1.3122154132822443,1.2476295039425092,0.10537629876288225,0.15507963339174666,0.09859502095144194,0.2739425816348893
2025-11-20,1.1513972205271097,1.3061821601640564,1.2388656945700518,0.10467696688020768,0.15415446277169723,0.09807094452126669,0.2720718269623181
2025-11-21,1.1519941017901987,1.3086435909180134,1.2401716397549423,0.10448010698762956,0.15424481737413623,0.09767723534353083,0.27139251499443645
2025-11-24,1.1544011544011545,1.3112174654166393,1.238098775520311,0.10488777008600797,0.15455711658243304,0.09787608887148869,0.2728885250375222
2025-11-25,1.1550945444884664,1.3144058885383807,1.2360633853303997,0.10455329604265774,0.15465033559122823,0.0974934435659202,0.27353793971223805
2025-11-26,1.157702192687953,1.3191741969527075,1.2393723818258433,0.10491638164382987,0.15500751786461645,0.0977230528681716,0.2736052969985499
2025-11-27,1.1586008735850586,1.32350410948026,1.2408641377855538,0.10537963011749829,0.1551253412757508,0.09816143629813591,0.2736127831892306
2025-11-28,1.1566042100393246,1.3215276860050218,1.2412491931880243,0.10543740708328501,0.1548586914440573,0.09831294978174525,0.2728438514638073
2025-12-01,1.1646053152586588,1.3267174357205402,1.249172423269584,0.10623041376746162,0.15593082908421824,0.09893839106388451,0.27542898063734267
2025-12-02,1.1613997189412681,1.320376043097074,1.242668257282036,0.10571159761937482,0.15550406643133718,0.09851537332400721,0.27404768429706766
2025-12-03,1.1668066834686828,1.3310439377603855,1.249781288274552,0.10650874969378735,0.15622070861713427,0.09923489892925544,0.2757251571633396
2025-12-04,1.1666025035289727,1.334027027387575,1.2490320001998452,0.1063739256233512,0.15620118712902217,0.09901578311582868,0.27570995312930796
2025-12-05,1.164496820923679,1.3343652424541645,1.2434563111625074,0.10625976261569031,0.15591381084536468,0.09906384664916539,0.275148580233326
2025-12-08,1.1655011655011656,1.3326048426859982,1.2414803411587978,0.10644299445431998,0.15605006085952375,0.09888849333491556,0.2754972725770015
2025-12-09,1.1636972990585688,1.3322320215288697,1.2399563535363556,0.1067463706233988,0.15580692405970523,0.09874787692064621,0.27508802816901406
2025-12-10,1.163399453202257,1.3309730744147046,1.2434872356035267,0.10714668381013608,0.15576081369449074,0.09851828499369483,0.27537588808723906
2025-12-11,1.1713991191078625,1.3385984873837093,1.2551145919622462,0.1080123566135966,0.15683322355007684,0.09906090264294488,0.2771234585007621
2025-12-12,1.1731030922997514,1.3380790537104932,1.2569446190200861,0.1077574595101346,0.15704504051762044,0.09894524370213524,0.27782408179140966
2025-12-15,1.1752952929423517,1.3387597729463425,1.2563287561088987,0.10767276094493615,0.15732670463484472,0.09870206780832058,0.2784119383039145
2025-12-16,1.177606632280553,1.3436706394528575,1.2593348193484202,0.10762177403732323,0.1576218022476869,0.09825595676737903,0.27900228781876013
2025-12-17,1.172195522213105,1.3343118286743614,1.2561078242956376,0.10718688032584812,0.15688243230523047,0.097799511002445,0.27843519420854795
2025-12-18,1.1718933108329819,1.3399257681124466,1.2579407509906282,0.10749914000687993,0.15685290334724095,0.09802960494069209,0.27867573291717757
2025-12-19,1.1711933288827987,1.3369877665619359,1.2569288201209166,0.10741023189869067,0.15676192566349484,0.09829652128611169,0.27816411682892905
2025-12-22,1.1744946736666548,1.3435081685296646,1.2607319809881619,0.10818881111315468,0.1572154008206644,0.0988015373519212,0.27873010563871004
2025-12-23,1.178605944888386,1.3502200858739977,1.2690838483698619,0.1089277155679491,0.15777350036287907,0.0994678470184513,0.2784972289525719
2025-12-24,1.1787031907495373,1.350329480393216,1.269599441376246,0.1090833724215418,0.15780337699226765,0.09985620706183096,0.27974375472067586
2025-12-29,1.1765951689002365,1.348381268287421,1.2661112658580436,0.10878315166547005,0.15752744915801578,0.09948466941244354,0.27818733134893037
2025-12-30,1.175696012039127,1.3495094533137206,1.2651501733255737,0.1086802951756817,0.15741338328584698,0.09941642558183462,0.27818733134893037
2025-12-31,1.1750052875237937,1.3465474523322203,1.261543119543826,0.10857999087928077,0.1573192794777,0.09921520770703733,0.27837318709461906
