,F1,F2,F3,F4,F5,F6,F7,F8,F9,F10
FER.MC,1.5280555549028014,1.3133574420533443,-0.04114591376886587,1.267536207520863,-0.6448859423490029,0.8092150511875602,-1.121418584766763,1.7262558505474093,-0.22528102139171416,0.5163327948103924
CARLb.CO,1.01332729848589,1.2509131960253077,0.5235733271220651,1.0094178212239342,0.03161995047228396,0.6578050184724445,0.5043849388832041,2.0651051792791546,-0.15481179815400437,0.7029210243039624
ULVR.L,0.6839647045192699,0.881702916335684,0.8831285868500269,2.2389833750168693,0.5389735866141353,-0.37954656586384167,-0.7451339297431913,0.5500097988913057,0.47859889434791897,0.6249957638480369
INVEb.ST,1.7267504098074362,1.5785709086675421,1.2833900925582047,-0.02659160707494195,0.6939539408436118,-0.10226609683671789,1.6919139805541639,0.6381562710493945,0.640237848726222,0.7637421672326445
LAGRb.ST,1.8472201558832517,1.7415243642556668,2.450670379503528,-0.8612129617569982,0.40312488548086545,1.4990473820166608,2.8192460195506395,-0.2839985920047922,-0.31828964006638694,0.39464671731721723
STERV.HE,1.8422518710708393,1.5776739480414572,0.30789538521853604,-1.2300763124346266,1.0868865549806173,-0.24840489294148557,2.7582873133156576,-1.1584219789444479,-0.5250872183611075,0.27278305269985975
EPIRa.ST,1.7945310717485905,1.774783885157613,1.131240044845025,-0.8114557706478893,1.6623120291254803,-0.1211723524150084,3.257335536414667,-1.157290505867971,-0.8748325282885874,1.0954420945620618
VIS.MC,0.6961848240655236,1.0419435134290107,1.2637226506967043,1.001023651970122,0.9731440293506078,-0.9744768991972146,-0.7631989704163661,0.1698824782517216,0.049995436031249674,0.21979613769629922
PHG.AS,1.4636945084244077,1.2860379042274617,1.576793093169289,0.32337335975653797,0.6824622315773086,-0.3217250354424855,0.4377549301174986,1.0375813111384518,0.4979634828162226,-0.2508381366328754
BEIJb.ST,1.990834223529664,1.689345651706943,2.1407882890021805,-0.8143668437605548,0.07413726715475283,2.023247122568312,3.7354348113232514,0.18575453659751678,0.3369660151966718,0.3753556962921367
ALLFG.AS,2.013410015620704,1.7731047391296326,1.5086853100087647,-0.7148032463451761,-1.0130436022604863,1.0942410535306824,0.4373471665506035,-0.5859377487898617,-0.05552227690137665,-0.4224475365863444
IPN.PA,1.1539237293734266,1.2942312737930162,0.9747140364003798,0.6426120327506155,1.0150202059255595,1.3228839762869173,-0.07258901613538675,1.7367019483963724,1.9642373124945305,0.45665845424546975
SCHP.S,1.0493543273803267,1.1686854277712673,1.5452013861455622,-0.1584175560589769,0.7238532527248789,0.020975795590547137,1.9066793876393002,-0.14265340286355907,0.6868053876222003,0.8759312154126248
SQN.S,1.7066305310746148,1.195059969626428,1.7892733534998704,-1.400971697706978,0.5267178546896811,0.47663198749543817,1.3420444102938673,0.19642622783856253,0.6845485138916696,0.02014967217398732
DAST.PA,1.3601827258795758,1.0621275051648507,2.957555076501573,-0.3294891041705923,-0.15534244685384188,0.8531195271159951,0.38782570688600054,0.6759190062044508,1.3380255059821267,1.3456151213710936
GEBN.S,1.2362435335062139,1.2118527165334536,1.9186452958497213,0.21901067203423852,0.4853165037001337,0.4489973923554141,1.8673230381571837,-0.59452350406807,0.17847603341179294,0.05074552819645792
SKFb.ST,2.0216540632787616,1.8865006084610938,0.21429433255020813,-1.551903216324149,0.8800728411247478,-1.0484514070335582,3.6105557752944013,-1.1983872077296165,-0.6755262141627796,0.7165921856646328
TLXGn.DE,1.5911829367462718,1.3258412479679689,-1.0821597773829532,0.5285266395475116,-0.5748052711235594,-0.7381268895307456,-0.9855456605400099,2.2094122445402915,-0.027509328453322365,0.4745272487365631
DHER.DE,1.9073843695950525,1.4033339231891524,4.38089111525918,-1.673596165350548,-0.3380234846338876,1.3937319439003153,0.9653683281400894,-0.33668337328334724,-0.4110456847672534,-1.6389645648824693
GBLB.BR,1.595386325619806,1.3274835832705933,0.4205252009909039,0.5000376999589161,0.2564298565273667,-0.32303251141344924,0.6655314807850312,1.0708298647441734,-0.15209836921978437,0.49773179188680056
GALE.S,0.4535247979343126,0.7370415143504001,1.351378667267336,1.0783061068345445,0.8381137387071677,0.6739633273093072,0.08478883177033197,0.8012724209209845,0.8424023243326388,0.5761702614414879
FRES.L,0.9660048802815473,1.2443216481710873,1.6479632500609755,0.5675576277464052,4.475815017153396,2.4415853053319307,-1.2362563035889411,-4.080077272593331,-8.17269959846305,-3.907818094651384
AIXGn.DE,2.0356206363291167,1.3751627264841406,2.827215939224032,-4.263798706791743,0.7602098872341844,-0.049696773430948686,0.8328488214536358,0.5965947248480041,-2.074132180863033,1.9662850858277376
VOD.L,1.304842935694655,1.0724536785517047,-0.5795064989633144,2.145128058576816,0.37591279527927074,-0.7647537860959057,-2.018362080491855,-0.23416798294457317,0.24624544871802928,-0.33842996112213275
ZEG.L,0.8134629923731836,0.9884425030359033,0.9596658795806838,0.9715220955999179,-0.4477991427643114,0.6397442968368566,-1.3848160832285987,-3.5703587007651705,-1.5429208425484726,-4.363535182085428
SATG_p.DE,1.520587430535059,1.4667735755962663,4.748098144502915,-0.7243033522552864,1.2305814553999168,1.3929001615983985,2.4893093028105087,0.34247073184928445,3.2271630495697843,0.37331272061206233
AZMT.MI,2.137295327073906,1.6436541984810111,-0.2192560575976682,-0.557886633222808,-0.19259069068070345,-2.3944483910951395,-1.117626782427009,1.1072885745520051,0.4932333409620576,-0.2954152850318556
MNG.L,2.065889408442693,1.384275294662456,-1.24262680149484,0.6118202636834001,-1.6390592217476303,1.1021052940063762,-2.419390684271892,-0.5689756249776167,-0.42349888844382794,0.09294807137792076
MICP.PA,1.6614685526689186,1.3444941037280804,-0.10375797517220048,-0.39253117523350944,-0.4316192212973797,-1.1780028551213806,1.3902373338052636,0.28152580518551495,-0.6672153135771951,1.0319372393570005
PRY.MI,1.8956712617269338,1.4648354010566127,1.0578243686462918,-1.6413859623702713,1.054778510230938,-1.8780824754658487,0.45375414536167036,0.7322288963870809,-0.495419647282073,-0.1210661914857272
ORSTED.CO,1.0448087157150379,1.329409745777987,2.3682293945196813,1.516318912895877,0.8596840408805656,2.260378790951311,-0.3234883587278968,-0.0924391936192254,-2.1850730349984917,-1.7309932683447609
BAYGn.DE,1.5514622363209907,1.4958602485043053,-0.09072128924309958,0.4267710481083954,1.294924063906446,-1.1672827122681766,0.21395654829322452,1.158347558169376,-0.15185639464187128,0.2122317356059727
BAB.L,1.6241885077674598,1.6286241130385477,-1.569764124991562,0.7010548304595594,-0.6559544265695042,0.5030131847770168,-2.9105384885854857,-2.623780591251269,1.3426782483836166,0.024745525652219404
RENA.PA,2.5669786724130175,1.443562880977218,-2.0339840824813042,-0.7851007456151807,-1.5850584067138538,-1.758483669882346,0.5644592682765383,1.6071587991240708,-1.9096346548337184,0.025923061664128725
HSX.L,1.3228413396227297,1.2744346586481916,-0.4146457320746678,1.067058417277113,-1.4061086759934907,0.9057383616313349,-2.1019558558640417,-0.981426969513215,1.4998201472007402,0.7422109016181611
HMb.ST,1.9724560087572542,1.6025889465505339,-0.2679456974767908,0.32877123617240306,-1.2203827931389415,1.1716135139897053,1.4328561601067134,0.7674152549418138,-1.146603478186344,0.3990114043601182
GETIb.ST,1.301566234897252,1.7749333637471822,3.185908675857983,0.27134949949206116,1.4096338407912061,0.20667405347982384,1.978926480657438,1.0734510847448417,1.5532396901600027,-0.03813915664732743
TRN.MI,0.998465329268309,0.9939429795785071,1.1081291145506038,2.501991582324183,1.099306123759236,-0.314361380498028,-1.9810384164609005,1.9219106798092813,-0.8553333816987309,-0.7102660184885746
CWK.L,1.1362624665710022,1.2772121817376703,0.9399264677210082,1.4251421134002333,-0.6977390558971721,0.48655123864349875,-2.090130653425791,-2.6669786539712574,1.112111995684893,-0.3359077687510206
LDOF.MI,1.9696611683332754,1.4720704533289768,-1.900534964546108,0.42528138205597127,0.6993741001221085,-0.3950030228350983,-2.9779286043089863,2.4096759590563357,0.6601661064065096,1.3857307722413894
SIKA.S,1.4964903902810378,1.2161227215002666,2.29156893837962,-0.3679221449341222,0.6047498896988358,0.6375270512788012,2.7362381553584756,-0.9573613204342862,0.12157296974057558,0.12178247615938521
SOON.S,1.2628731395700028,1.0892268891805308,2.312448049674856,0.5716971105530647,-0.17777094109686603,1.9208023254519622,1.146216222206518,0.9695450653445082,1.5840181226822847,0.7557610167404083
ALEP.WA,1.6624981749740468,1.7200036286802953,2.1599996865380144,-0.4589898501534458,-0.110648746775505,0.06553706060318068,0.7471621572919336,1.9171227670158297,-1.0496764880107239,-0.6851698409651658
RAAG.DE,1.503964111000558,1.3603589203577091,1.5137230244645792,-0.8959108694090996,-0.36347170578760013,1.7884023876236075,2.315576604467787,0.5615563983291564,0.033632992281158944,1.301262892170578
BRBY.L,1.9775893737164525,1.5178933389147515,0.20153351990980556,-0.20866485605997118,-0.8082599020229914,0.9431235867285476,1.2541879267688212,-1.6367476591913055,-0.18258760879074748,2.283703245830011
TEMN.S,1.6449902515197823,1.4553095357275267,1.895736481423929,-0.9806786065414704,-0.38230797034992586,0.769358018576175,0.5423989853293252,1.514089481136096,2.472187664180571,-0.8544584136943815
STDM.PA,1.3234008324852446,1.3822501496392774,4.654813262206163,-0.16048530230404914,1.1435017610859608,1.7325845949868939,2.62564919878908,0.34050782407978547,2.981401659854635,0.49598346188011194
SRP.L,1.384458852528701,1.610889488973633,0.16419826586518535,0.4477823012577434,-0.130523592315384,0.3830560052296644,-2.2999091704507,-3.3455732251102814,1.6721584060972703,-0.07566718501266163
MAERSKb.CO,1.7100004630363714,1.5165747456884362,0.2102991701069363,-1.1574226186585914,1.995761648320383,-0.8524478896862954,1.7665639303553748,-0.8845510524270456,-0.5383710261755343,0.17955259283440816
VATN.S,0.8584612314432163,0.994512934288668,-0.6320304094047443,0.7259139646673107,0.26588689314076336,-0.8170392585503197,-0.39186415711635436,0.7103711316614029,0.012265364830337732,0.026931805763802358
VLLP.PA,2.3992880317669787,1.6874922426029988,-4.135248537360105,-2.3075732068313806,6.37077344524463,-0.4839023952140941,-2.358806914611889,-0.039702606783732074,-0.5968742999281128,-0.10750338740028284
KNIN.S,1.0666384089154233,0.965599526254338,1.6868992225528507,-0.2263139640279793,0.8814339594768198,0.3579524795212618,2.1723843964779115,-0.5096782426160243,0.5180638081272455,0.5244295409735975
MRL.MC,1.5172383471866489,1.5777346727326824,-0.2154677090630692,1.4951413047542836,-1.313323633765939,0.9783788152252268,-1.572110616832866,0.17348991135551922,-1.5910711207774593,-1.6323706272126128
BT.L,1.4066805445563035,1.511650046939994,-0.8092482743050828,2.303440758345149,-0.3493397867135084,-1.0204075725925708,-3.5628808574169555,-1.7932961615216827,0.7841434188108064,-1.2546788904477537
RKT.L,0.6507394030585246,1.03479506735488,1.4807245540500058,1.854147511171867,0.807352851849827,-0.520297338971925,-1.2352907498101129,0.0655958931971249,0.9735329175052393,0.5392944339247377
VACN.S,1.6527171988410103,0.9595589350127176,3.2570352523066366,-2.761048556057206,0.47007833338041244,1.1603892198065313,2.601204617489052,-0.9637018452484756,-0.09876404141790976,1.643733709744754
SSE.L,1.3243120340292844,1.2338548904671025,0.5052286227893177,2.741124065106727,-0.37441817462656,1.1269763015667011,-3.380833441857262,-2.2456253411961136,-0.2653354858372421,-0.7981660501903303
BEAN.S,1.2264256102925235,1.119837956756636,2.0260686775900782,-0.5874335595064073,0.12413928566404073,1.0916164453816557,2.2045522233292005,0.09996398125528931,0.8464669568935951,0.08106505415172652
LGEN.L,2.4131016666872993,1.7483383034548516,-1.3953257264011285,1.1682984376726158,-2.1324373870833604,-0.9152025796406067,-2.997382890700103,-3.907210393100479,1.9694320474847062,-0.6357993564076001
SGE.L,1.23957494064727,1.2092984479308984,1.8557035489150737,0.43008275957387493,-0.3124847201361694,0.7862077915256621,-1.0637566011157265,-0.6260389492954752,2.251362841991755,1.2069954752050425
EDPR.LS,1.1573581502822747,1.1624706527203699,2.109436027746717,1.3613244676241958,1.3386194917230967,1.8517016361464707,-1.102876361828521,0.07405748468990175,-1.9339538752110526,-1.7515220635358388
LOGN.S,1.3028304299935671,0.9575782903518378,2.907783077526413,-2.0969998388198845,1.1539262844367473,0.05656404117497461,1.7694042505548995,0.1535473753641025,0.8233301681396817,0.36011748877114536
BTRW.L,2.1745937060283382,1.898791340595745,0.18360689425668042,1.8842857686712267,-3.7310174539339993,1.026171146069507,-4.303144737041228,-6.72013934374452,2.667949791202708,-1.3212565486482741
LAND.L,1.7744546168391397,1.8086778501092942,-0.6617340033561716,2.2532654810819115,-2.740751051234606,1.5622174458465052,-3.572856432636044,-3.9443098528227902,0.5093351226508862,-1.9616892163173663
IMB.L,0.8590402599818435,1.1023975875963474,-0.4936545719237848,1.6959037533174812,0.21829407269692083,0.22356291033286832,-2.4091770578800134,-0.40879033161092254,0.44057957478597903,0.12186775349918613
QLT.L,2.0105037495140747,1.631682328246093,0.08671532450668636,0.3418137417403041,-1.332947567379326,-0.0042992104627868144,-2.497658944003558,-3.8229052227860576,1.1417813709383124,-1.164261793699727
ADYEN.AS,1.855306006921064,1.2262569631669598,4.300711020801197,-1.3906685290405179,-0.7704240595856384,1.1054651121811063,1.4769215224107994,1.1934294558419367,1.730477607668506,0.8903561638372398
GF.S,1.7542019320720754,1.4157078082453973,0.857404473202779,-1.1832887575978381,-0.04326226145583407,0.12123844140740646,2.6916941010481055,-0.3933135978506641,0.11336314534537684,0.7637394537843194
KGH.WA,2.2783335886714675,1.9656235706850944,-0.0470450149072878,-1.6858525710301788,4.552142902604793,-0.20683922354728762,1.3590285378534854,-2.129039845955241,-4.844663365282913,-1.732697118259804
YAR.OL,1.4963192385752178,1.4796324609701952,-0.2774246136705228,-0.2895289671772025,2.4286397569852745,0.07446066064488228,0.3780857038503889,-0.29492104959438215,-0.39176718526378546,0.9618158513127155
ADP.PA,1.6806322321154423,1.39999263905455,-1.4212028569935753,0.8469439286781072,-2.2581235544640497,1.8568133556782438,-0.36320781802885765,3.1867346669458234,-0.9355463613398024,0.5184656903505852
QQ.L,1.0710898890751397,1.3528174962651023,-0.6054030349544383,1.0355914069831265,-0.3590411244080488,0.6609412966664252,-2.4562263055976437,-2.27364480260984,1.8189843476397125,1.0125525557469226
SAF.PA,2.2133859061310677,1.4148997803120718,-1.1364146794806262,0.4752597792281412,-2.3884947114388653,1.7092795789733486,0.08847052028611316,2.072343858182918,0.2688531885728545,2.3954465142515584
ACS.MC,1.9662074685645297,1.5510852830386017,-1.458984213302182,0.25308691298901353,-0.40159929430388885,0.4649506493066484,-0.7584063416571118,1.3233204031715013,-0.9346268840407633,0.4696702769589235
INF.L,1.7808345355373991,1.3803147711524142,-1.050083232037098,0.6112226320882046,-2.762871568923565,1.7670073702568219,-0.906604161910772,-0.39231513128098017,0.8434469794677272,0.2802879277596726
SAPG.DE,1.494672016332003,1.2201964670908825,1.775921448883983,-0.34657262100590186,-0.1882662350344266,-0.1362168774043041,-0.24650654637663344,1.2801748731633371,0.43976571571877204,1.597178697706986
TCAPI.L,1.6512937915014503,1.6870117457228488,-0.3899935823547819,0.3515494389240074,-1.4209788849853127,0.8099807573699304,-2.311470481447212,-3.0302742726683802,2.345496249711069,-0.26872870191309783
HWDN.L,1.8523747045427807,1.6430643811799575,0.8846741444743228,0.5484873393034388,-2.370528936540739,0.994303920486186,-2.0579550665104396,-5.4006782001798,2.282596361168451,-0.6388718563576278
SAMPO.HE,1.4174985956371076,1.1445581914427074,-0.554428407533989,0.9989941505906675,0.24756830226089482,-0.5182371664797987,-0.17604727596776767,1.2055145364226518,-0.22767173845011965,0.9186352386328124
ARGX.BR,1.0038059286959764,1.0340357745889228,1.9268213426990846,-0.21398146597602669,1.1060915241841085,0.7828505826368397,-0.945079704094371,2.1165259935186924,2.7398766036000524,0.8628600385241737
IMI.L,1.9385549022745598,1.526759707109093,0.13269636393889256,-1.1458104823901856,0.053387222033264986,0.2348664773823023,0.9162512387051496,-2.708476500059501,1.0431692725421347,0.7012592361819534
SAABb.ST,1.5211578091482587,1.328726024771726,-0.5136088296704456,0.443573873036135,1.7394826862070014,0.7734579707856543,-0.4374089920721168,0.6726438639865482,1.4658799097313993,1.6026538171185847
NAFG.DE,1.8387942244703737,1.8789332307761812,-0.09477099997142037,-1.524022407503271,2.632062376401064,-0.8238115015434306,1.4846433604362759,-1.3464947913841192,-3.7544160578981405,-0.941007430047169
INVP.L,2.336801700557878,1.5965379227109804,-1.5177824697257787,0.25627572275523997,-0.9560021475334995,-0.6751390269661044,-1.6115152962577886,-3.5294645742475463,-0.056900588876154685,-0.07508781796312754
RYA.I,1.9422681362264451,1.6087107317327276,-1.0854795426138466,-0.39837416338276294,-4.158272315706,-0.08722741956684685,0.16383685102869505,0.6652983485998061,0.09861329740950446,0.2839866038700364
SFZN.S,0.9852634556377351,1.2049618729918399,2.237657977930823,-0.07243292429033654,0.9502386737115754,0.5699564746613219,1.0413460826940384,0.761596179141948,1.8352379442642257,-0.5209133977072713
SALM.OL,1.1502729003687187,1.5254857699226223,0.6241557409319324,0.6989064955011737,1.180313367674141,0.26963388809127836,-0.6906804447087361,0.24053557714258814,-0.06084576741913795,0.47864208456704355
CARR.PA,1.0211959423404735,1.2024422630913285,-0.42075118898180525,1.252256938561438,1.1506773106164596,-2.0113032125204358,-0.5925191789597498,0.574660417499852,-0.6489226920486164,-0.3487752366198259
RBIV.VI,2.086950734688838,1.833152848619382,-1.690649249282695,-1.277878079052058,-0.8513355488336631,-3.0571466393199436,0.2057388698828474,2.084719913080192,-0.9673934372543318,0.4164916110196782
HNKG_p.DE,1.023976848815475,1.170331416997046,0.35153143469149595,0.8929503322328947,0.2737391651084472,-0.2655244176263095,0.6776341151829588,1.4776573355375453,-0.3073316816838292,0.8316826321368057
FPE3_p.DE,1.4575031663411213,1.5074097270903692,0.8358342603171646,-0.5229772087232617,0.4975529967840636,-1.1960729556838703,1.2027445224729243,0.05817844061945189,0.4240862538806986,0.7633301330816821
LIFCOb.ST,1.9049179835898264,1.4885145101663244,2.3579529928287926,-0.41565347139068937,0.13508808880522954,1.9384829189067052,2.747495349733746,0.26253084053502973,1.2219547109886486,1.4536576135505814
SAVE.ST,2.2693594583037973,2.0375739572628313,1.4322831755571066,-0.5487997569686911,-0.05841228287766342,1.0433851725449976,0.8117886972978906,0.9725683481655607,0.8770236045776213,-0.03400024398532192
ATCOa.ST,1.923264176937475,1.5998068837394728,1.779982988492121,-1.6160454750766446,1.285100093465156,-0.6256964178454472,3.1361708130383663,-0.6474755283382202,-0.05516706548770456,1.3514614122966286
ERST.VI,2.0908903160079717,1.648789446883333,-2.0587723683516814,-0.8471558233648779,-1.4839258853313448,-2.556117853809414,-0.6578881820933211,2.1196212451785654,-1.1464023107523067,0.3894086576997324
BCU.MI,1.566967718672039,1.5418227143866094,1.3718210682151821,-1.0556196539041154,-0.05435218071791192,-0.3721850594791932,1.7155277569983622,0.39190419943109706,1.0255535566596714,1.309205093172215
VALMT.HE,1.7326273124299216,1.492934332194039,0.5102511237515899,-1.0820456917059036,0.7213509084707224,0.33876176207978065,2.6602014476756537,-0.37213606096727136,0.717539825825567,-0.48314755429579137
ENEI.MI,1.424898861646507,1.38826152795361,0.6059179402950641,1.8320314738738128,0.6054231347836483,-0.8668909902559796,-1.6759033593234085,2.068124737656455,-1.4320107985013821,-0.9801177251156532
FNTGn.DE,1.310511258079469,1.2325667277847452,-0.09436621358667387,1.1400710690585045,0.6591368872426508,-1.028781823590174,-0.638128213746011,1.502376166478161,-0.8175268180345443,-0.16422536654111441
INCH.L,1.6279921192024784,1.6610878705241485,0.019689257427571875,0.13095606671263021,-1.5717956845463834,-0.19896129714154998,-0.9354734964194956,-3.1480228043819145,1.193940379490891,-0.5450525169015717
ORK.OL,0.8610944153949212,1.1100043455788777,0.8968068881312125,1.2898133047986369,1.3706369821678046,0.032235577308586484,-0.572315849137014,0.35623928032544283,0.14825768902634137,0.5345435393416657
PRX.AS,1.572247719224145,1.4150710538439921,2.067165394226683,-2.028028848346481,0.45141776185199234,0.384602319551185,0.14624134653423063,0.6671294917139486,-1.691287808985328,-0.4115477837283378
AKZO.AS,1.5500631813020425,1.4040947078432149,1.018943494886464,0.1276377553424759,-0.24580236198389596,-0.6941254752001444,1.4589751212915718,-0.5897510272980291,-0.48007204190733505,0.12995013781654616
SB1NO.OL,1.815937384718198,1.655839664536966,-1.160560096163525,0.398348928602572,1.2754285900373168,0.642000437365387,-0.09797886844065128,0.5683622984596545,-0.2014519986077936,0.7120946771097246
AAF.L,1.9550702381071003,1.3662777922078486,-0.6126302669340558,1.1046128015251298,-0.760163049464359,1.1150216996139617,-4.131359660323173,-1.4202464458463882,-1.1688040042266519,0.1624147239468909
PZU.WA,1.497228403123348,1.6869418569302783,-0.15007683968669389,0.03160180375006573,0.5891900983405017,-1.9686024483325724,0.0718782014687187,1.7850120140667285,-1.4755378217457478,-1.0521301350894663
RWEG.DE,1.3787308729689456,1.2822310940653987,1.0105379858556536,1.7011592549731118,1.5801129764666304,0.46897964555825944,-2.0486599066333455,1.0826068184542013,-2.0128763648712433,-1.1165717974018803
KSP.I,1.8166699647014897,1.6430562178323653,1.879055342985586,-0.7834684769513687,-0.6777002591999496,0.3415219233183048,1.902264390419067,-1.9040081039845869,1.1845022029661973,-0.7566543482190345
LATOb.ST,1.7573418232276274,1.7613185546496062,2.6636292690312104,-0.29694764462895773,0.34687529672436346,0.7530898410053483,2.8507753414656745,-0.2737882811523392,0.4051582325675897,0.07640218909026336
SGEF.PA,1.8062674120388704,1.3702222537645434,-0.6179412772877833,1.3640566702070631,-1.0910859674055313,0.2689296080913792,-0.12786298858565018,2.4967274443407557,-1.2604539324957604,0.6702202391802558
BGN.MI,1.8938076982093695,1.6513696840237995,0.0787609064635007,-0.2821238710502303,-0.05804009409833074,-2.2480167371952,-1.0429172636466006,1.5512991279320978,-0.01795564192002265,-0.5777823729702735
AAK.ST,1.183821222420447,1.4643935970777324,1.5440530194012778,0.9861303514079339,0.6239883129713957,0.4755627515423228,0.8768211731910376,0.949318072247366,0.826305514977685,0.6156546908971188
PKN.WA,1.4325910233258514,1.6038500447989967,-1.0210935177209484,-0.1073960695142308,2.051955448040711,-0.1348116019036363,0.052841549360309076,0.7537146077708952,-2.323908581193053,-0.5824006296571945
WIHL.ST,1.6379157037383918,1.802874730996834,1.9178082230533946,1.709467633340482,-0.7319441801312291,3.764444933756164,0.752732377084311,0.6660475715885711,-1.003161337836065,-1.1394158062846078
ENX.PA,1.1360318838212404,1.2204358978715195,1.4420996478578796,0.20945423085851642,0.24196920236839023,0.40383072949082666,-0.6162038981826481,0.6805466043600454,1.016250762364226,0.46825423334860716
TW.L,2.145088118264572,1.9776975290409982,0.09659995082803598,1.327445289372487,-4.023583687132947,1.053041726258692,-4.3669276192032465,-6.486779643860298,2.7331560812556837,-1.3308253561024266
ALVG.DE,1.7223514530221944,1.560833281998953,-0.9611915695101744,0.5444274603809496,-0.46422158737665753,-1.020051246458248,-0.774307513027805,1.27839024561077,-0.2109062864497071,0.6520118669749437
TPRO.MI,1.1915371381246147,1.364265505432342,1.9815918664292393,-2.578447780308389,1.8960848531517123,-0.3554933608658448,-0.007049923628423909,0.11706779038893375,0.7431972840693893,1.2649470088761812
DHLn.DE,1.7743447592859838,1.3336329095891553,1.0844904975185305,-0.6147087368268987,0.16195677253533144,-0.9262633905048049,1.4395331851711706,0.7811615399904791,-0.6406535961871609,0.6175062707546701
SHLG.DE,1.1434467757788027,0.967055831784461,1.9781713199883186,-0.10752366181551279,0.7621769781033165,0.41310249260453086,1.4934405921457536,1.4912859987465654,0.9490029332072215,0.40084530928929696
LHAG.DE,2.1175892715537543,1.7200963537792187,-2.1396345478479257,-0.2818554302123267,-3.594859504579579,-1.0011735623421374,0.6029349257618517,2.2882177066767815,-1.3373181323011563,-0.36920925289160716
PAFR.L,0.724268300131766,0.49564192867496953,1.2626285772724262,0.8805620954878638,3.3921957884712235,3.24709946121141,-1.8368788379662477,-2.6732561379464297,-8.241185927260858,-4.216463090923452
DTGGe.DE,1.8465254090861656,1.4259586466701513,-0.4230913167457432,-1.2138248601323,0.16523897845646962,-2.401072166376595,2.0121444447135053,0.13231995048144268,-1.0729382629852837,-0.34484615597018287
LSEG.L,1.2395443852610557,1.2921497473901238,1.5943185817864935,0.9008061679208567,0.02163655882778993,0.7546148985919893,-2.365159265633755,-1.201371422058563,2.588207342717258,0.8029477656863655
TENR.MI,1.8919448825067169,1.3139646215665037,-3.0140230954370053,-1.524922871037512,5.354451563982788,0.6757746073366346,-0.6889763448682303,0.4538545694178957,0.0305712258483738,0.0876907632334584
PKO.WA,1.9328333347527251,1.862929602527641,-0.550881255226153,-0.31042389630622635,0.1381100343712259,-1.826226481128632,-0.23225667405954029,1.8599667630008305,-1.6617939463912166,-0.9160608249278123
DRX.L,1.4737500760281106,1.3800474097910158,-0.39423294435182543,1.4512010669024542,0.3449169200135161,1.5020963685787119,-3.774496585015195,-2.998630232588609,-0.1738460491057871,-1.5689826354401484
SMIN.L,1.801982820662228,1.3840504736403434,-0.2475396942650735,-0.004618914029812406,-0.12988060006710792,1.2679132261797361,-0.676903174215597,-1.2108740631619554,1.1801194224047582,1.5655673104369001
QIA.DE,0.7740913478659684,0.8502145213639213,2.223520665710473,-0.1656811447476022,0.7152313356114955,-0.004881847663228184,0.6261004555320488,0.15766360575629484,2.414602373133566,0.281805586345396
MT.AS,2.8780197095207685,1.8420879586354137,-2.131573286197691,-2.8031440900871933,2.9596871664719733,-0.9796185214006373,1.7554274777342578,-2.203748735727737,-3.705844774593301,0.5511545038950735
AM.PA,1.3840869545481376,1.2596412248217874,-1.1903152180183658,0.6288784719063542,0.44648244094500766,0.9287259964851634,-1.4118972738079434,1.447856950161248,0.017965288750203114,2.6156498264569574
RBREW.CO,1.1888247457474086,1.2703569686038108,1.2405353263893002,1.6168185356084126,-0.20135370016501605,1.2665915574958602,0.3308050018712795,2.133885498401381,0.5006991450378695,0.5255004919166196
NEXS.PA,2.1806645815709933,1.5044085892537573,0.8998920811500302,-1.3135169697151132,0.9036856110345954,-0.660598930570919,1.034878188170546,0.5845413851127881,-0.7435447792375228,-0.1471577321586994
TKAG.DE,2.816910235103039,2.129859013199019,-1.8138490449657574,-2.064521773560073,0.6412100856479765,-0.8109183729199627,1.7540865920431155,0.05789061088434099,-4.391408095288221,0.3509291273720145
BARN.S,0.6508420010250254,0.6712614229959731,1.0349796840011374,0.9870680231841348,0.6960810138222961,0.15949687154981868,0.4092664509640131,0.38687032615866584,0.5870526414313958,-0.44563824744522973
AENA.MC,1.5364212161518611,1.338888558292322,-0.7124376742239437,1.545385092910572,-1.4521446847738362,0.28531433562109415,-1.1039250634903703,1.8059392958447855,-0.8051554425378338,0.18340850539519826
ITV.L,2.17800993090942,1.8700726511969656,-1.312521330138862,0.5733015139612706,-3.4012355004281454,1.1052872675134913,-2.3950885016735604,-3.595070463030332,2.2322871210666415,-1.21769928080562
BAMI.MI,2.2483307998535573,1.9147957461471437,-2.4485868919663156,-1.2573008933816108,0.13147328471101719,-7.374994223715825,-3.5586062737803106,3.5625780852613107,-0.8542980429558893,-1.076612338949598
RACE.MI,1.5413755201102772,1.1139006517552688,1.6567626570327776,-0.4960739687749486,0.5035108616324693,-0.7204796053312504,0.3874295891069935,1.5910402492371885,0.046266232150895766,1.4645738443765501
TUB.BR,0.960344510729119,1.323902196193288,1.1140572669151736,0.5933171849211639,1.0593491713733025,0.5464749437066336,0.3194211165770952,0.96711966571567,2.2836187974720294,0.09038288084543002
EZJ.L,2.700751195449984,2.065423144181707,-2.7296417756834104,0.33768084749157345,-7.254977220844238,1.8341160898019881,-1.8916347569508345,-1.7202386611279998,0.37632590831929785,-0.06530760758260704
III.L,2.012099303225768,1.5330900048231662,0.5160040088946454,0.1495033010173088,-1.3686878849824886,0.7341071010066332,-1.8612795985944357,-2.203405448741634,2.087563752483465,0.3379048105216765
LUNDb.ST,1.5798224056159582,1.5926168472785005,1.762181953556363,0.5191938550931003,0.7790987558930434,-0.17822005004205793,1.7798223119722711,0.14272994745008155,-0.04015779470450122,0.23472689230490199
ERICb.ST,1.4417936314629318,1.3486103342231364,1.1888038887817551,0.2560206025201277,1.1333345746327437,-0.6778680082649634,0.6537162565231323,0.5374196249185824,0.34457098071470443,0.3998353617316546
NEKG.DE,1.8307169134256878,1.2951592407348973,3.746258216576999,-1.0754210586810806,0.2759476568234277,1.9998502134071883,0.47990504380346694,1.759534691581541,1.649755329487986,1.655250596655395
MAP.MC,1.5826430339186954,1.3141328088492539,-1.6534781308239008,0.7639299485386305,0.6600368457070223,-3.0981380571575694,-1.4082792731595315,0.5475646971925048,-1.0272563307074436,-0.3121526166615475
CLNX.MC,1.0751625185219416,1.111048268481166,2.8237513461613206,2.234468480477495,0.9586374837896925,0.972117946565305,-0.849749866970867,0.5207324631665607,-0.38615786196629504,-0.9284256691887308
CTEC.L,1.1172352596615591,1.2950304738340614,1.149133723432894,0.6124409623990384,-0.6187026316498467,1.177201038724835,-1.190823440887258,-0.5967193200569468,2.3831763248982285,1.085718436486332
ROPC.S,0.6481605543272569,0.7682875416942264,1.35819593363212,1.1833942656676295,1.3496211340519961,-0.15055764910976965,-0.18226859809955726,1.1835811262821385,1.683908973569335,-0.025971112603229634
PSON.L,1.151873994601449,1.121528544670943,-0.33576288483628813,1.3981054704587679,-0.0744678261161592,-0.23292997815565183,-1.18614076884232,-1.1619138619788176,0.7877380720367773,0.8427889804190838
IBE.MC,1.0395574651067996,1.0911836461153768,0.8042352805995524,2.246794911896796,0.6723018757834662,-0.23504637588399024,-1.4693820917108829,1.397432311344123,-1.3907204539308595,-0.3129690918321551
SEBa.ST,1.811932750406676,1.6187548603934605,-0.6891095861140785,0.015460250031323052,0.5082784563412047,-1.641545893094623,0.5062088504752726,0.945190740208,-0.48324442280263974,0.3580871786126591
LEGn.DE,1.125469103136792,1.2839719872188617,2.3225290185436287,1.8502677011666073,-0.49963097434620557,2.884750760373777,-0.5958673910907154,0.038938565282052154,-1.6382729795425734,-1.544553910598912
BMWG.DE,1.9024917340001686,1.5637506144490938,-0.7863613237260567,-0.7753524882333617,-0.271179968469439,-1.2928404292060078,1.291172252947268,0.38152355427123846,-2.0287997074199793,0.06771091220975176
SJP.L,2.195154666109893,1.9643557396876818,0.11568196144699214,0.5943126952891632,-1.7728715282130143,-0.8093701039703338,-1.4685412952293806,-3.8376635632297718,2.079595951990785,-0.7160343794566664
GAW.L,1.421461070950507,1.413331330328721,1.82362953370215,0.22462579907375183,-1.1324952710504008,1.1889746130141663,-0.09199898411226004,-1.7588821540701847,1.2044292296582195,0.019650316095925963
SY1G.DE,0.9772956332053208,0.9995117938488994,2.3095384980835205,0.8220075324754117,0.9314307337340823,1.0216605887989443,0.816157996832611,0.9186866911920148,1.0120574121379353,0.7796336870175398
ABNd.AS,2.130903002235064,1.5118206189298036,-2.748583712893838,-0.31737545826577795,-0.5403382643849248,-2.9673479148009636,-0.7322766638331006,1.3346075725854685,-1.0985494474491462,-0.3921855359238438
PNN.L,0.9391174918484299,1.3120746546609283,1.6610178387530856,3.34333104657304,0.14538074671501064,0.477812853070263,-2.592108786759243,-3.2601464975446373,-0.08232013502083149,-1.6388595525775642
EVOG.ST,1.6462249235723851,1.8301670482762438,2.6388869170655624,-1.0773135786297612,0.1341933046602191,1.8640406155804727,0.9580179710634507,0.3011839816793998,1.7374006380541123,1.0257154541144713
OMVV.VI,1.882599576009187,1.2833137917249602,-2.5371863776013197,-0.4032970150324534,2.69611573667698,1.6612316487347774,-1.3131936606636327,1.7662957942060071,-1.1380649805773144,0.7129476668000003
NTGY.MC,1.147713872313034,1.164557640681725,0.0166282401905015,1.9391676358566028,0.9768325210134864,-0.30468231008534563,-1.7091937076614985,1.9275805739755223,-0.8535168433706806,-0.8628023480358931
NOVN.S,0.7563321689762401,0.7621000544447046,0.8243205928629755,1.5386856022738218,1.2592667081288667,-0.424622080859894,-0.12446674676763213,1.2003273672056445,1.5921859767752355,0.8224843449419166
UMG.AS,1.4013445292833562,1.2564305588751836,1.1199231408415775,-0.16645361565343986,-0.4685279132473838,1.8227849894956765,0.32925159835093193,1.6018140464427442,0.4638499175143137,0.7749921529969077
PST.MI,1.7257343478427034,1.489693992682691,-0.2716627818872466,0.36907831507485656,0.27036652315546145,-1.7585299465460373,-1.2789499806047624,2.7140997922294634,-0.4227255160064049,-0.5289286959778507
GALP.LS,1.5360295772521246,1.1370795489194507,-2.460328152891973,-0.13895707358064785,4.392685114653156,0.9040930379460039,-1.213972623340951,0.7042734731304777,-0.48289132812364594,-0.005011565691070387
VWS.CO,1.568161371114325,1.8182623044366237,2.1836278060707075,-0.5488914036723468,1.9808766447006736,2.011922166440879,1.0529199248889842,-0.2945454742536942,-1.3418066406731461,-1.4546659164165143
PERP.PA,1.0747360502409857,1.2777510059878399,1.0225346020733894,0.9344451479123501,-0.25320469836602466,0.32563957080580513,1.2763099700511722,1.548027603223732,-0.24980822824959276,0.9801718970602743
VAR.OL,1.5360570479681028,0.4672808439208383,-2.193507113732255,-1.5877603919061694,6.26397153285925,5.446908022273004,-1.3187081782081407,1.4256393930175522,-0.10862824932716089,0.2795998331313963
BLND.L,1.8898007965046666,1.8500609730259499,-0.7859837183203059,2.00632011973628,-2.9416391967648634,1.5588876016001023,-3.4592986834280914,-3.79837313753701,0.68450184092646,-2.167398985017573
P911_p.DE,1.6087226003450588,1.2372296883725982,0.3002908984282993,-0.8079772249003835,0.5852338245652687,0.6476859092689818,2.7459905830046156,2.4126243223738175,-1.4810581717329343,0.14939514164415796
MNDI.L,1.8936661164236777,1.4720376930429917,0.33141544920253596,-0.050052160623106585,-0.2495657272185518,-0.5262410840076284,1.0152544758800681,-2.2584476146522596,-0.21290044511848946,0.5321962654296974
BAER.S,1.9488467265784695,1.5244856638772288,-0.44041865270247627,-0.812113331193663,-0.5466889851446929,-0.7346776192237119,0.6810753127174699,-0.002881115255071796,0.476648544100134,0.5447246956130719
EUFI.PA,1.2270502284196871,1.1538691836498045,2.927120985893156,0.37669676347065884,0.8952370732958835,0.23029071437954124,0.3938854975323114,-0.6879869662433501,1.5224904987200365,-0.09232200038726417
PRU.L,2.523230893641107,1.8976341733053994,-1.1331285581881634,-0.3128433329527846,-0.7465320995626175,-0.4722566589104728,-1.0344309343329863,-2.2220136729320843,0.33277650433386596,0.3811459445775312
VERB.VI,1.279512190920978,1.0535015596059933,0.6728389649409307,1.2154065931781275,1.0879186610934353,2.097250992998759,-1.3560253309860701,1.7267323801139616,-0.5917888208510773,-0.47856180493544453
NDAFI.HE,1.7462710620356667,1.584025988314413,-1.0048800621231764,-0.2545883380331218,0.31527462476294515,-1.3720469660655938,0.536548823296205,1.361180724215624,-0.19733825153957907,0.19511478928786918
PEO.WA,2.0064212540555286,1.96773337096502,-0.5891459911542425,-0.024515370101438692,-0.1615120140262326,-1.8849394737326501,0.047490565870094543,2.403861090476808,-2.257134643355093,-0.6414476552330401
EVKn.DE,1.784404178330679,1.2962898930454676,-0.20811739360585774,-0.29849697644421525,0.5239638344178332,-0.18960067533662026,1.5951931359493143,0.44679252788878937,-0.8585958558523025,0.705965465625423
CMBN.S,1.13511856857059,0.8021656436846288,0.20717324571330378,0.8075679680271601,-0.3941917182012147,0.19887979548343301,0.06070723495403078,1.3596699009589843,-0.5643825577514247,0.748385516842129
ACCP.PA,2.102602751208546,1.6268207782004884,-1.4694111090878244,-0.5156358730391565,-2.6419506689770396,0.31525287213781017,-0.1303596231789917,2.3389141650828655,0.2708912050458611,1.0348037472197786
ORNBV.HE,0.6965616196137151,1.2269612124461857,1.2159755880055658,0.8423553789973369,1.0584753067917523,0.14793032949305088,-0.16137856300440775,0.7771409705416024,1.0973058343656938,-0.049863498022771874
BBOXT.L,1.441024866363177,1.5049106681138587,1.0037861468136668,1.5979991669457934,-1.9942294756627117,3.107232896479791,-2.3952964196326003,-3.6141539529485933,0.5596670600295398,-1.725880017696336
SUBC.OL,2.1365193758294123,1.484199691794194,-2.6950112840823834,-0.8606792913107781,5.5265836128024945,2.829188786646091,-0.9113863067619854,-0.31631180712015433,-0.05908173854334969,1.1175427172099903
SBMO.AS,1.5594907986759656,1.0772106162020896,-1.5651517693019632,-0.6783456137139233,4.056247781838223,0.6139542874518861,-0.7763049717899464,-0.22415701836625182,0.14717362417734345,-0.04021529090652341
ADDTb.ST,1.9182506258380498,1.6232072321308102,2.662839967642402,-1.0626995350893813,0.10020944077681243,1.8755844776521386,3.635623259548111,0.06164569657002007,0.3034302504991675,1.018587543123299
AKE.PA,1.993071216056912,1.6275122548824086,-0.31421468527037516,-1.0528313761837702,0.39846488500273175,-0.33359577743057633,2.5344317981891042,-0.40247632426272545,0.19183911220219352,0.8328129334748285
WRT1V.HE,1.9771961749041704,1.6557738021516508,-0.32253523233581416,-1.1049406398842838,0.14544198804542421,0.977676499550012,1.8240607458630465,0.2390556894814831,-0.7009573295384695,0.2773448573132467
EBP.WA,1.9376051117468602,1.844553674269617,-0.4826690640006893,0.43433526626094815,0.5046740227128266,-2.318048505831808,0.05076229740061033,2.1382013983950454,-2.452883669156671,-1.138445935957622
HAGG.DE,1.2911616155334653,1.2029659209791597,0.18866647678921655,-0.6304589281064268,3.4853509529440934,1.7091856345678165,-3.3835064719419425,1.2380390070617913,1.5083130690898825,1.7614230441210121
GRLS.MC,1.1830596333522114,1.4974180155679835,1.6541326761234767,0.6231882853794105,0.8586565434805509,-0.8081408609394717,0.15248006600020736,1.3553292352318957,0.7160473612239756,-1.48085279022736
G24n.DE,1.1023084986320049,1.2767723200864731,1.9185587837418885,-0.08353208124169188,-0.002084237978952264,0.8208498846032435,-0.5352057547488986,0.7971683347841755,0.9487962732601241,0.42008045031048663
FRAG.DE,1.9282478860011751,1.644468028637556,-1.5983304473021966,0.6486630520749375,-2.5345633089312614,0.818904569317058,0.16841677668162974,2.8840996267355123,-1.5635683604152635,0.2825490771193883
FREG.DE,1.4340400477895308,1.5041616298979679,0.22645785673712876,0.5906958587405783,0.1676108120361507,-0.1995014344280538,-0.4997225347407711,1.731977689033128,0.6207072109181383,0.8026963363090837
EDP.LS,1.1381636279956548,1.2422752729888986,1.2561172001355174,2.0803456591565697,1.0140813802999438,0.9393376001410263,-2.0315548242966592,0.3248980204940374,-1.8579793303826744,-1.1237955892380145
TRYG.CO,0.968338774364345,1.0206886165232363,0.7158921984563411,0.931030384826798,1.1358858637646365,-0.7205028678677927,-0.37044932630621574,0.8804771788628879,0.28447604605539345,0.13772722215839894
NOVOb.CO,0.7260341096337861,1.0957544582921093,1.9638871320058713,0.3689500998000565,1.735689781648092,0.021284334358797816,0.30481293539531956,1.516435874806378,2.4993200052727103,0.33987840927177726
DPLM.L,1.5368118664987633,1.3650860108264409,2.0059213745199562,0.08650990097346967,-1.1938138888095802,1.2050548975440936,0.06853586103001201,-2.961798236633788,1.956861893056606,0.2549418791315302
BAVA.CO,1.7092869086872302,1.5073932844216247,3.396416652572191,-1.1799113197948987,1.175068452817325,1.5166138026812686,-0.2853076506332662,3.28996645362131,3.687331429657238,-0.2759595686327799
AOO.BR,1.2014453095144044,1.2878833469782252,1.159800778604683,1.7879026950468788,-0.7252225702546323,2.7341435969620336,-1.1813365501337705,0.27185312042355986,-1.0486672693843944,-1.2058588026581947
IGG.L,1.1562740174372077,1.426102964508821,0.6822167187768062,0.8115132454547032,-0.6347528682277089,0.39443671774427236,-2.0283697668252545,-3.493845305584101,2.460315756411217,-0.36168018369031235
AD.AS,0.6197314668041887,1.0017510175486033,0.6515414353045975,1.3966546183436293,0.8873149602765371,-1.1863209745493024,-0.5674672765802493,0.4366122973302705,0.24415406195098613,-0.048750105409041886
TLIT.MI,1.7310834115577138,1.86815208939304,-0.7316985395392005,0.6471647333795407,0.7137512398392583,-2.8089229321024622,-2.353998661610559,2.6510263585447236,-0.9134206235395289,-1.5515047742534613
AMBUb.CO,1.182172508719739,1.5963670483374919,3.9947890001253215,-1.2622110678396556,1.661020725242594,1.3050269329338064,2.130737166707807,2.3121835458998237,3.763279066831409,-1.3001526922932736
HIK.L,0.9966728834342159,1.0383077266625544,1.771074797060267,1.3426751330007003,0.7790242058213287,0.5368922056438792,-1.1616950126629788,-0.6127202657698383,2.8345925468731057,0.291508123954567
CAPP.PA,1.8381595924778482,1.5804475085211531,1.7023694753446577,-0.4424399875172139,-0.818617291695464,0.991898885294621,0.25911446712833874,0.6925451849245337,1.0572211250298968,1.2625958109208828
BGEO.L,1.9729010132016964,1.8584999164533593,-1.5683587574916213,0.05457708839117826,-1.703962094137337,0.19939859626158504,-2.7321263836415723,-2.005180389804086,1.4228359089056748,0.44593234108048946
BIRG.I,2.4156010514826893,1.8859748867271084,-3.4204462140066565,-0.73225739128238,-1.805245507824256,-4.005414568059418,-2.374980831162026,-0.8376811595492443,0.6167788763699503,-0.6849201921546558
DCC.L,1.5363470148058311,1.3988753350634717,0.4778403462053477,0.9973500522215875,0.3327724854883084,0.48077050040411906,-1.1642025704634675,-1.9083931999321426,1.3019751160031967,0.3423556769314359
KNEBV.HE,1.1065791179617472,1.2979468969187213,1.3879167597378412,0.17822362893016436,0.9681003829371095,-0.2756430388782187,1.644268852995613,-0.1543207416443684,-0.31170558126827497,0.5369604325750257
DLN.L,1.5863262208245177,1.8688592115664098,0.2141781532023427,2.0857517487960315,-2.854219821997057,1.9831499115978182,-3.9149592772213357,-4.528566340221393,0.6862185070104699,-2.5886886786511862
WTB.L,2.039914610110413,1.5741855857285723,-1.3523255127837381,0.4536624468233814,-3.8119977623312122,1.8078094625051797,-2.0573763904642446,-1.5219911049249137,1.5920323140218609,0.1366629593272426
GL9.I,0.937625623001581,1.1091842746002563,0.3455905258015549,1.1217935626500162,-0.5158781055567456,0.7824549728814605,0.9468635728932036,0.23824729763382685,0.5998287316638578,0.7581555549316926
TE.PA,1.94056394638955,1.1582368651241748,-1.6833450635021012,-1.3012007308611846,2.246214741909557,-0.8768398554416129,-1.56815493824442,1.1243383451390567,0.32469286808286785,0.567489548766227
NN.AS,1.664918280834463,1.4930807112017983,-1.0124453308079906,0.5971911253942427,-0.010861972557636362,-2.040289622918295,-0.656286254428997,0.5963559573389151,0.3592007203223876,0.08731506067362504
ROCKb.CO,1.83216259090116,1.441551055645183,1.9989558913723033,-0.9265563817812237,-0.2643682127852737,0.24884275864002903,3.463618682572959,-0.11619570040261959,-0.10342926321453891,0.05849319856620512
UPM.HE,1.4610544409662678,1.4597861267632881,0.011297760436144172,-0.8621850286472849,0.4997395895342059,-0.3049472108161225,1.9173793562339594,-0.758980498994098,-0.1991539656559452,0.7312579563164701
BKT.MC,1.7941550168807177,1.5683447024541162,-2.7334715797749918,-0.34949444834315435,-0.7998625255944184,-2.9876566616401914,-1.529854849181008,2.564280621070891,-0.8617572508465816,-0.38620917385784886
AKRBP.OL,2.001548252590863,1.2575108299320732,-2.747063336230714,-0.8463450760667701,6.913572717437936,4.1782254139735935,-1.870023581002133,-0.0030344873262675874,-0.19096917960912566,0.43694968694187886
MONC.MI,1.9184026007938335,1.3715103251432677,1.424582373477863,-0.7798163382110498,-0.25482138682073385,-0.1463650921925238,2.0711422253466387,0.828080193517578,0.011124860934809258,1.76554641151072
ADEN.S,1.8896098434451254,1.7232985447165547,-0.12731030822733833,-0.17435103894598775,-0.42009977455893166,-0.4005265415309821,1.9851525236844694,-0.5351946671676199,0.2688509177941088,0.821450818786883
SYENS.BR,1.8926175892904487,1.5961076542580215,-0.26844481064431014,-0.9466299176655982,0.09078127779255454,-0.41888964773334897,3.393561438064601,0.4093223308903878,-1.7080200312120686,0.4680377765088377
EONGn.DE,1.1203665126314053,1.3782728540950593,0.5522911754783416,2.014670003439649,0.8144554539939814,-0.5813535711606401,-1.5876991173391004,0.7075998910641833,-1.2176905534515567,-0.6312254440091453
LISP.S,0.6893075500119092,0.7491257972378138,1.168738235979042,1.1040590577929197,0.20553546631712832,1.3980096963099644,0.1390482860482541,0.7749621542280604,0.5693049027699822,0.4071288325571879
WEIR.L,2.3086641155063323,1.7693549508697217,-0.839930695231446,-1.6181771448559203,1.7624114479255322,-0.27337834892076324,0.6321813502649128,-3.316778524910517,0.3521942529242065,0.747831234557843
ACKB.BR,1.2574115193247108,1.2935348830233027,0.08105785972477134,0.48251240038372395,0.4200247303665981,-1.2024725164160774,-0.38043142588109125,0.37086876837725635,0.3914614892552875,-0.16643662495731
VNAn.DE,1.2103721022136353,1.248889099415488,2.4094342121111345,2.0816877365193815,-0.4312596049239208,2.4575939539798144,-0.6721951753526006,0.18581707269406272,-2.042056224800786,-1.4971586189952335
MTO.L,1.4724348224185724,1.7258462140349216,-0.32714180164617007,1.2204786439294797,-0.15660592860686331,-1.3551344136463055,-2.4913149744774286,-2.8891988138717815,1.3249564169832364,0.18940800234860633
EDEN.PA,1.5364003629782186,1.4168132897695522,0.34277611350041204,0.9557262631277312,0.17547779782962766,0.12091620931046551,0.04956594856362363,1.6191180158918947,0.2581764224771007,1.2471717407316547
HOTG.DE,1.957482245412778,1.6248779990910334,-0.9643441008868697,0.177394153609408,-0.5944559681494023,0.38002357724365426,0.1496072327642957,1.1592934082847686,-1.270004879797669,0.6963412616550041
BAES.L,1.0839366564793183,0.9388089671753646,-0.719842180205205,1.1171327418347852,0.8178909416973462,0.5689885376975643,-2.294423132165683,-0.9374935501551508,2.1660661570665116,1.8247867997840175
ENAG.MC,0.8991165641442551,1.125998942260487,0.13653627744073166,2.3403715239884346,1.4193025079134511,0.23009251129438693,-1.735750551120266,1.4531465977805165,-1.2703299719856946,-0.7140590514539953
VEND.OL,1.576618791353492,1.5889839030217456,1.7034443526841963,-0.23601273694262054,0.6670125967928624,1.7062588963454224,0.11674550901174166,0.2122358798185682,0.8565583842780015,1.0144384955450725
BIOX.PA,0.7938187228161222,0.967676719352865,3.4727846928936095,0.3499303479968144,1.4383988333274464,-0.012428615655936275,0.1477126710609025,0.8153628871622219,1.4067639913613628,-0.06162084049990208
NKT.CO,1.63089078140513,1.5372589946319368,1.4121053438068905,-1.398087237407154,1.8879498872184617,-0.7618797506946827,0.9521071271847885,0.5178453803027586,0.4918176080686801,-0.29973000824635204
SDR.L,2.0621364330556,1.8221164381051174,0.2133601203451894,0.36385798722200363,-0.44092981154485633,-1.813102194093096,-1.2845858223105713,-3.1849747667187387,1.8458169910010946,-0.8475670293823161
TRELb.ST,2.0797213289393066,1.7599901994456155,-0.02747678091930306,-0.7586747331086177,0.24705209134832334,-0.08472080853202515,2.783639699069329,-0.5342285902047202,-0.4861592727925966,1.181972469927732
BWY.L,2.0106832871473572,2.018879146129379,0.08895913601322106,1.359485134678101,-3.7974386137864484,1.1989899798698034,-3.9859489356912867,-6.628112566700306,2.9252367617868416,-1.4139331871997978
INGA.AS,2.3471622338168614,1.7456369772858547,-2.67018851932331,-0.526067538151478,-1.104319127988531,-2.946889387106184,-0.7054378591662738,1.4502874539953867,-0.33000535811646287,0.06612970323489618
NEXII.MI,1.8850738781246552,1.3776400617158764,2.0396816134444733,-0.26026628301652455,-0.1491654237670822,0.08643124331101845,-0.4066484996207474,2.458911827841828,0.11471858488635914,0.19449889367503714
BAKKA.OL,1.2840779191313647,1.5503367554389031,0.6977424105888992,0.801243585494842,1.4484809364186508,0.018731257013529727,0.07222577280015517,0.5108833230915172,-0.4599741178694236,-0.10873611161373964
HRA.MI,1.1923820837443315,1.305701864033964,0.7850059206245229,2.3972544477621907,0.7348813124954334,0.11931334457215173,-1.1177382246937986,2.3579795639630277,-1.1614729395262016,-1.0355464922091864
BCVN.S,0.7402070293835705,0.8151311823806476,0.1478055491707015,0.8297574518477626,0.5516556817073321,-0.10446973030791587,-0.2883824165628141,0.5219987600891539,0.16788970316600207,0.3882218285557081
BMPS.MI,2.1504141964864534,1.697120495700875,-1.1350586990370095,-1.3234175433597015,1.576699918434814,-6.407934956839453,-5.068463079994874,3.6137630778902397,-3.210916794804282,-3.858548288331963
STB.OL,2.046856358874517,1.8233169572395975,-1.3821411638657013,0.09400044085122876,0.9303463986015871,-0.434861617114382,-0.3372397536762161,0.17472530563190536,0.3599020220540744,0.7176762876167484
BOUY.PA,1.6997259868680161,1.3193770745260769,-0.8909692836893025,0.6739343551000422,-0.35773428884783043,-0.4270662969696141,-0.28402490281969794,1.404456978011867,-0.886704574095723,0.4657410178967733
AXAF.PA,1.8758491417398602,1.6446341529231407,-1.3833502160862536,0.48707324301739235,-0.6410799449090605,-2.0162482928339207,-1.5034196830646702,0.8553824114200624,0.3863911130048241,0.4612160860887641
TEGG.DE,1.3229496475858995,1.5426458740898088,2.329491429917716,1.6420716172965995,-1.0228824583371783,3.274283332010491,-0.7150675755798642,0.01129937461469363,-1.7871825915613346,-2.058903813207503
HOLN.S,1.7716468177446396,1.2737291335672607,-0.19552078466489395,-0.4202859941713865,0.23724433655430832,-0.8816951542374442,0.5369581556102868,0.03607819101229886,-0.05770759039428838,0.601263827829209
GASI.MI,1.587001416396464,1.57020166446653,-0.90298646791587,0.34522116487722215,-0.004049956317112434,-2.034781195495851,-1.8146378037264599,1.4847004832336008,0.19251662654843443,-0.1720907738558104
UU.L,0.8604866324279741,1.2075322942968876,1.2508775037946886,3.4072640412559223,0.3059687507874619,0.39820024426492284,-2.8348925152621605,-2.7417136210166952,-0.16359932934831406,-1.1887745650843562
ACPP.WA,1.0820351061867715,1.3392710397181635,1.0875289176300924,0.22336812638377987,0.5191930822409087,-0.5173990556874701,0.3958388292734806,0.9424991309768823,-0.6625944001757443,-0.5242792309569849
MWDP.PA,1.935623856377856,1.3372033531012653,0.20529565326941387,0.2807831689809523,-0.8503273919963436,0.7465557464965129,0.7247216504275887,0.8819532826132727,0.0763844905004134,1.004759832910469
A2.MI,1.3846706865749447,1.3694298959862419,0.5983728015048806,2.030032470322716,0.8618888088997008,-0.10750683484714896,-1.7623722469516492,2.1360419197824343,-0.949546526584171,-1.0926491932459332
ZELA.CO,1.3243850845965992,1.9458529701931448,2.9763917261897594,-0.6323318817338124,1.4286458357292025,0.4257584722980972,-0.46528131261117867,3.1834867540726086,4.77096952545962,-0.9487447022505235
REDE.MC,0.7049213486985607,1.0809338718819395,0.9282489584905502,2.4335696965264915,1.01764906017841,0.08595397799076443,-1.5011442838621116,1.3221784790896849,-1.1172662750196223,-0.7080685269210515
TEPRF.PA,1.3964565785257013,1.4658921245047913,1.907526859799564,0.4290638163227225,0.40707112086171426,0.4619055025676011,1.264894843183086,1.2312691122270527,1.4443559000089046,-0.16908717272201804
STMMI.MI,2.3859506286818304,1.1184996908699483,1.986596964686443,-3.358732402373745,-0.055416767811154316,0.1191635586187207,0.6462468893254649,0.5291684867095992,-2.318116090217771,1.9349308759759734
EQNR.OL,1.4598255564689164,1.232499759186099,-2.441661085989922,-0.18533964403266578,6.055625714047855,2.5093620151285,-1.5562685698369172,-0.26247402844885076,-0.15568840005766602,1.2948806757435978
VLOF.PA,2.6084165107225803,1.9528004718927146,-0.8774926591080053,-2.2536152401108764,-1.8383238889796507,0.08130891825287702,2.2304616201065097,0.1311223881102325,-2.7736349584282616,-0.08691807772502073
ALKb.CO,1.1790634181547255,1.2899624715265374,2.1639685625395515,-0.06899102312467074,0.9331209689979026,1.7290222930902288,1.1706333198794134,1.688153529716233,2.775481589172252,0.23234167799937339
SECUb.ST,1.6539246841415112,1.5257752003598553,0.4482517928859427,0.6247639978713444,0.1914761318149343,0.5377855071809922,1.441757571629461,-0.2773963293608363,0.1742100531811468,0.4311201200504561
EMG.L,1.7065341522730608,1.6802505715368896,0.40867549315759555,-0.2311595814480928,-0.5996129746884934,-0.7487471163839032,-1.3487784441405448,-2.948462112464176,2.2204485656181743,-0.45677366972190925
EXHO.PA,1.4921584508659222,1.2907422708925882,-1.316965286554344,1.057679648068873,-1.9353946568916705,0.7372299917122332,-0.17555825577696402,2.410918710981828,0.04373391659524147,1.2282777702089285
SSABb.ST,2.2592149048838497,1.786988966615515,-0.791974808097474,-1.9606393973646739,3.003719647369488,-0.9004003783145093,2.4227643505951733,-2.5520893409402894,-3.4536552593460503,1.797439372524586
AZN.L,0.7798311407760972,1.0796119603923422,1.465684348876612,1.6529797958540877,1.2050995364908834,-0.214330889054624,-0.9000008530801626,0.9649789592763847,1.586800572909735,0.2034957646745049
BKGH.L,1.7382180947146844,1.703291878770724,0.7009039747428061,1.6172324615673737,-2.360715202897864,0.3805682571086712,-3.2736465681656117,-5.914856150307717,2.303853303563327,-1.096503966666379
ICGIN.L,2.77446527677619,1.7155798057171852,0.3574109547324001,-0.10995757193876939,-2.6454296449177637,2.4785870897191953,-1.418197574254254,-2.5812231191349646,1.5435394526712476,0.45070771307818247
AUTOA.L,1.5000848330148453,1.3387397873536366,1.6985070313508022,1.0161560149393414,-1.4697189449299688,0.8562480226656229,-2.0644421392502212,-2.9708099999806894,2.8987757082218284,0.0230156870529915
RMV.L,1.6216494791998792,1.4492331620752668,2.106090699646809,1.0504011924928722,-1.5188203567713,0.9844614472822452,-2.088179492303096,-3.2673196493059162,2.801824166385501,-0.1818126574540205
VZN.S,1.0178314075811394,1.1483335038649423,0.8127879983490759,0.001250572993981237,0.0330880930218862,0.9319365974112409,0.11705642205457802,0.36392696190248575,0.6156730328462976,0.024896605541143882
PUIGb.MC,1.6372231318798054,1.0783842014028686,1.4876795481083163,0.0052856100307976895,-0.2067482372649884,0.698777272144168,2.483117979357517,0.13474497835449603,-1.1798247164907893,0.27472477589462285
IETB.BR,1.6740368187314183,1.1801975201937331,0.5717488590651207,-0.2970264896143721,-0.26656228954505695,1.22590284668266,0.49229337712311855,0.8095089715403945,0.8947795854038856,0.5579329399416311
IMCD.AS,1.4690132576371022,1.2636501610032271,2.0949314253195417,-0.09755273909444395,0.37145897150370993,0.9497919563754986,1.9383847013924398,-0.151446004390864,1.012353022775345,0.5225936132455925
SWEDa.ST,1.6542296703343622,1.5353769545955138,-0.4058898109781718,0.26573282879020416,1.023083234770643,-2.112170630656829,0.26199968754946,1.2243833453848825,-0.5957803305763036,-0.028528337532302574
SCHN.PA,1.9397995068673022,1.4536872360871294,1.1093440309860316,-1.3197101058872143,0.3538980291491281,-1.098656508777617,1.6051832435128155,-0.07831502965919011,-0.395236801574703,0.6992080187318747
KPN.AS,0.787496879454637,0.8986567391709213,0.19862247988198603,1.897954620239822,1.1148344323354873,-0.42563175219891886,-1.6949843121890407,1.7193582886682042,-0.9380998012751731,0.06705214388061585
WBSV.VI,2.0816235963923932,1.7746415797948363,0.2832532123163431,-1.0243487488643992,-0.8321070489124669,-0.2586936551002932,1.0356799176040028,-0.7651748909581175,-0.45160103313085154,-0.02356817332317613
TEL2b.ST,1.075456946217758,1.4304575909750672,0.7961524517080301,1.5282723866886634,0.9903490013837966,-0.12991384110059262,-0.7112034058263148,1.2153147690664816,-0.6061931411122786,-0.2680819466104664
WLSNc.AS,0.8304555832916015,0.8427848433607752,1.926626987411231,1.1083300993933451,0.7002603627035716,0.39171549108278586,0.27225169429587787,1.5262753801014108,1.5230016623402232,1.536192630308663
BP.L,1.7945176668234626,1.076080497017709,-3.1762572642891533,-0.15962922590285256,3.986114566544029,2.1067164400615597,-1.8366925448781686,-0.1903890273326173,-0.06551635245225758,0.32955451112745454
LLOY.L,2.1752518445443827,1.7847344330997568,-2.135391851601703,0.47148275215683305,-2.1986669400325676,-2.181722912223199,-3.6456473136488468,-3.6756848233856205,1.5876706653840014,-1.049032251988817
ARDS.AS,1.855915365991419,1.4885414512868784,0.1330137568695786,-0.19060440235476608,0.3803896807412061,-0.015578607981105632,0.1590849644390254,-0.6709133918049334,0.33267957518777375,1.114334620633657
SFSN.S,1.3455923514137893,1.222267241124793,0.971352501678984,-0.9805002365865105,0.22674689934148673,0.6969727232060378,1.939968134814547,-0.49493060987368115,-0.07499499415023643,0.8906522395573805
CCH.L,1.5211450739725747,1.2790358977563443,0.06860887895844625,1.7652504882212765,-1.1325767911473392,0.7029896531428854,-1.1221305819313536,1.134900878481384,0.5103524765870421,1.1553496339982159
ESSITYb.ST,0.8425916006461217,1.2406228540043716,1.2344603578420261,1.6514329659511773,0.5958437156680784,-0.0469625308774086,0.800694583969086,2.0649116797467744,-0.3490247720145376,0.41414580204646656
MOWI.OL,1.1852986619963755,1.3382364364824653,0.14385096067490785,0.8024872180876638,0.9636558219747761,0.16190024214195414,-0.3198804416198281,0.47749952185546035,-0.424359312606344,0.2103355150923212
SAN.MC,2.390385642425965,1.9345676106759935,-2.6439858084726207,-0.6403962094621468,-0.3408672166537496,-4.305421293258272,-1.5827220353959992,1.5820042160780714,-1.10139032296006,-0.9088419996894886
HLMA.L,1.4340773132933862,1.265377518312604,2.48179068407633,0.29705478383246897,-0.008288001663807481,1.0352533470908138,0.4915794800214278,-1.520613854257199,2.180765045641735,0.9340513109817019
SIEGn.DE,1.9860063885401655,1.5421879471594293,0.3032229953939403,-1.3960136435252073,-0.15412607261122135,-0.866541855206898,1.9896539009436822,0.4666429803361633,-0.7805761758566556,0.4893534853826037
THULE.ST,1.8849969256567072,1.7773432943048164,2.6765673335748055,-0.7358335664731707,-0.5446694981302419,1.3463946759588934,3.882777406704725,-0.7188078508086734,0.45183839545889815,-0.021980651819293245
KEMIRA.HE,1.4136935120510514,1.2587272115888333,0.053612728888598804,-0.2645696956883737,0.553704913700697,0.5045749567584187,1.2001978885317248,-0.4726948972057836,-0.18030624475514212,0.053347740037589256
HUH1V.HE,1.344429652269463,1.2342060615890365,0.6197354762391204,-0.09944738275302611,-0.36495887828856377,0.739558974819302,1.671991090089332,0.10341387252064654,-0.14900509818809904,0.6222605507755758
DNP.WA,1.2749300448718284,1.1051818795024486,1.3363569383996723,0.12221249639033059,1.248108511105828,-0.8855289681683808,0.0936937875525474,0.7892554598086136,-1.0318143419799155,-0.46552362765327654
ABBN.S,1.5725496609179523,1.2514835108662914,0.4998460664292782,-0.8783007470970099,0.7246954383691709,-0.247668320600495,2.0377369077555225,-0.18323570941629055,-0.13793603491997625,0.7421742018849548
AG1G.DE,2.5840396572490842,2.2687025778435963,2.3402784699989296,-1.0249098880174705,-1.3693286852930404,1.950063499152161,0.2527152060338205,2.026031907155023,-0.9526377503117863,-0.6091068073744315
UNPI.MI,1.923179121759555,1.7728469659498352,-1.2788485970426555,-0.2057437200283847,0.09272125081622043,-3.3254151163388204,-2.251764393108696,2.6156898131161452,0.22030552586725324,-0.4667472858165576
BAWG.VI,1.9890357205184752,1.5511411468482985,-1.9186191587994008,-0.7390533800788943,-0.822730256455239,-1.0334181319251825,-0.8890389897592593,1.8019627765252695,-0.8335495862890869,-0.2861706640977541
RS1R.L,1.9426977347558037,1.4565689858077113,1.279216806394265,-0.4642078970913288,-0.6850638745450052,-0.2856462727676054,-0.09632353010976223,-2.9549966280333404,1.468481736053267,0.209475321384727
BC8G.DE,1.6151659576930204,1.494009246917949,3.1132915081930435,-0.8959269321084069,0.34791155811264024,1.0290717045954796,0.8278189753939131,0.6208230368236742,0.7318469919789733,0.8539712899897465
ENR1n.DE,2.165732826538659,1.6941079382427682,0.9823746544659043,-2.7617635841433503,1.2210620265015788,0.49569664834824284,-1.7077114677654868,-0.6917467189329941,-1.7178503633964748,-2.514275625816776
RHMG.DE,1.5658282872164737,1.548864496302212,-0.642902090128671,-0.6355734924348407,0.9353744769244764,1.6879489311887554,-1.609835609991421,0.8605891232781647,0.5706160763614666,2.0913866858571724
AIRP.PA,1.2906952721852407,1.221177123028152,0.9523930164681557,0.7031062521711613,0.9176076934686946,-0.6695653634404396,0.5155285295257825,1.2688001217874485,-0.06502370099301695,0.8052912871569643
GETP.PA,1.5391926854150875,1.3223094026651077,-0.4801230319769129,1.6738531511447765,-0.7725075686002902,0.6374939909421132,-2.219820942757828,-0.10383014968392702,-0.03558746086546564,-0.26504759549557916
HEIO.AS,1.1300637803642646,1.1773524217286109,0.3192296995165442,1.646197241080193,-0.2576721462280863,-0.05686941799360649,0.4277570500199286,1.863698683136096,0.017967663791008535,0.7220965987963847
ROR.L,1.8490226346687084,1.480309803035705,0.23295237622791967,-0.5575048127332959,0.7308148188023577,0.3382003113888385,0.15221148993028263,-2.9783174633218956,1.296319734905838,0.40930922093395833
FHZN.S,1.2906630525755003,1.1223220924964792,-0.7090668578054519,0.818450079642059,-1.375672144289955,1.0381650902684922,-0.24103630380081534,1.38618989021102,-0.4871452626022234,0.37981515560807827
DTEGn.DE,1.092291152044726,1.0383074947915327,0.05481251124767574,1.4034589740550625,0.36977606019233183,-0.6229209720488924,-1.0269639007749705,2.0596487217347113,0.05269607523019199,0.37096330991112186
STAN.L,2.0379760931198687,1.576588706194655,-2.5197839764787298,-1.0326451188355596,0.27692193383844055,-2.9591033592012645,-1.1856730892779095,-1.1067736402159147,0.03471669516027315,0.2800185877275942
RR.L,2.3891925841164685,1.6208872717302027,-3.580776625440044,0.20929017902983588,-3.4640112617312147,1.5168123981851929,-1.180074815660227,0.7822039017056261,-0.10609728921324496,1.6557370863316692
ADSGn.DE,1.7744197836742501,1.5330249941022098,1.3792160642662532,-0.5610885313621735,-1.100193327275612,0.8265958415957756,2.7104574420451053,1.2298924010529324,-1.039854774450903,1.596038015004063
MYCR.ST,1.6579122094447685,1.5242979665989838,2.109469808333466,-1.1773672023501072,0.43092557218215655,1.0014951012426592,1.5385017151736733,-0.8817415872169647,0.5463537954636647,0.057442779022839424
SASY.PA,0.79637066127616,1.128911781857129,0.7587230635701457,1.3999092442457235,1.3237053655317041,-0.9835661054429653,-0.5749349174808256,1.8228854732339654,1.2606872030162857,0.2356449316645499
SIGNC.S,0.8635509394745813,0.7862212352685649,1.8530184241705285,0.023398499126196973,0.6371342769942944,1.4197299628697246,2.072503891735196,0.22789932179664937,0.7019977045623316,0.09867855961873177
FOUG.PA,1.7993863000061183,1.4276075257957195,-0.7097039727605168,1.2908754708304682,-1.239633855717244,0.4876565597239536,-0.3596127575328963,2.1267066246638486,-0.908062660311396,0.4975606931045342
UBSG.S,1.961239035272588,1.2973167378954287,-1.0074658276847412,-0.8294818006109356,0.059749143215220304,-2.398030757931956,0.6291152183214297,-0.1719988722724532,0.6076574436850553,-0.17468287794966728
STLAM.MI,2.4472465185887256,1.6891157373959287,-0.6463975002852353,-1.5830035981045252,-0.2796500625379672,-1.5596664979778436,1.57174394263743,0.9325791531689914,-0.9924194808465349,0.6214608200318056
RAND.AS,1.9555037126619437,1.7639481695985906,-0.17369402057019123,-0.3760390472134525,-0.6028568408635762,-1.584846670886304,1.2659440319891477,-0.7261165365073162,0.6510626083470235,1.1478317379415441
NOD.OL,2.151462960939626,1.9592185629023315,2.659764773917616,-2.3897378992830562,1.4208387936580977,2.139594247116434,1.8000114658077977,0.2074692300682228,-0.2462623137925572,0.8243924549667508
MKS.L,1.7892461138680746,1.9324022574128237,-0.9377511154055115,1.1396471223575215,-2.4097519209924108,0.35550658215112885,-2.5462160148000197,-4.29979171239795,2.8197622170700165,-1.2779849859594024
JMAT.L,1.7406702690185119,1.4937411920905352,0.05820360388567742,-0.3530626855476919,0.28881852864050744,-0.15413541537374054,0.5925897663408618,-2.68252119927486,0.022270598267017917,0.071346991781691
ENT.L,2.018194557388015,1.4170819482287227,0.84125843982839,-0.5512358379551642,-2.413384559798115,2.6783816838966437,-0.7451905985992653,-2.3440261718790043,0.8133638778333916,-0.33215431721264194
ASRNL.AS,1.6655159139791986,1.3990828503418233,-1.3196304013928426,0.7390138237523444,-0.14193732397972547,-1.7176645408526932,-0.32570394125134133,0.906722782459661,-0.1630253479440092,0.5482304438128612
PSPN.S,0.7259866394359594,0.8282090165332305,0.769352859980098,1.5868611455636232,-0.38862039125770004,2.222307125992152,-0.5659299916450283,0.34655401670470276,-0.733065342391528,-0.4156743043770447
BMEB.L,1.2912995299796484,1.3736116322051843,1.2849132572570505,0.20515836764107928,-0.8536559668793475,0.2597812420227798,-2.1638786076561143,-4.149798241702047,2.761108186858679,-0.197328666148322
UTG.L,1.6184541598873783,1.5732060006910267,0.2219595103211731,2.153102548494302,-2.691791059455634,3.262366976333314,-2.653776076326511,-2.9338971239739577,0.011506801438369131,-0.8120916146976624
SABE.MC,2.3988917497124844,1.6783670333028693,-4.224106172132836,-0.678908105416897,-1.0072719061732174,-5.5830665096759775,-2.215536115346658,2.488783843349811,-0.9622208743011889,-1.036565418368809
IFXGn.DE,2.408065129310652,1.291187714412411,1.9414135364470129,-2.9708385868894274,-0.3959530364786991,0.046020862964612,1.1255591166381707,0.49998040874873156,-2.4035257161637134,1.9008036581920007
CAGR.PA,2.152013791351028,1.6439272508452896,-2.23707455671348,-0.38670809578353005,-0.4430610104108207,-3.222343481467637,-1.2989477969817473,1.114336597485364,-0.6525401709907412,-0.06800046435501649
TELIA.ST,1.077578634785772,1.4575052013981853,0.26353305744725053,1.655162342125669,1.130595166876422,-0.46117053037727923,-0.5422761006065759,1.0410477065298427,-0.6801972553440248,0.0007421471944638581
PRTP.PA,1.9363271334007872,1.511992021073897,1.0473626220988757,-0.5885535046763117,-0.39711742229514735,0.24726278396442133,2.753690142516875,0.33712737080841143,-0.4882992839084248,1.5470245546112897
RECI.MI,1.1693571452327522,1.1627436142033565,2.017690625693069,1.1280785568159122,0.7779673856043763,-0.7832961387538354,-0.06479401610139163,2.208325860322166,1.2340034519362368,0.2749441236997257
BATS.L,0.912081487722946,0.9466217047284483,-0.15933868293832093,2.043711265038317,0.6576826133802437,-0.2857785372075476,-2.010809818810376,-0.1817029000647083,0.4820999140358256,0.3190560940667087
SDFGn.DE,1.7772732341189095,1.7222002973851624,-1.7686969266282433,-0.5219418621729119,3.5188202595435265,-1.6429526481867447,0.14238367174238825,-2.027442547499107,-1.1579737010662494,-0.5415321151223187
ANA.MC,1.4297076597209406,1.2031440824280433,0.8824443340561776,1.7467683813199444,1.298904815979608,-0.17188459804847953,-1.1749754965995667,1.161700942679631,-1.8044073174795243,-1.1201137500290985
ASSAb.ST,1.6680706669150347,1.5957569269031364,1.2013997585868366,-0.023482859647960506,0.47651172623986704,-0.025517782492571882,2.4353334025915547,0.03218511463237056,0.5922845670013323,0.9964300370383394
ITRK.L,1.3218529656173623,1.427899604139484,1.3968717660964651,0.6748957703102264,-0.12334990767139133,1.3323631895004164,-0.012006100148939537,-1.074413103804265,1.57690243211457,1.078795663296933
NIBEb.ST,2.035319656210607,1.710409779555781,2.8919611960073492,-0.5177275154974753,0.5061707845790024,1.2568712893538747,4.3188680222052005,-0.08126801959965767,0.4752175753071621,-0.4397189613539546
HBANC.S,1.4191352484064206,1.079475253937532,-1.1087531811616886,1.1065244907794138,-0.5454903968218362,0.3138513502395821,-0.3898591089425107,1.110124460769589,-0.03382202752121085,0.5324697283586725
FRO.OL,1.475989500966021,1.517222236744216,-0.9538716090797708,-1.517809221685203,4.204046462362472,1.79653040857949,-0.464317266160328,-0.17261671756315347,1.169652898256524,1.5804295614577726
SCOR.PA,1.7960921342035063,1.5934628237686896,-1.5624631777175455,0.7386286974994114,-0.8793912122202613,-0.7571224516874301,-1.2905720777265148,2.3290095679573564,0.50083007874385,1.2416250710320904
BALF.L,1.4948192524003736,1.7778679609770782,-0.2662663761339953,0.3493519565182171,-1.0434673842125042,-0.3728993016575934,-2.577808351705396,-4.092014266222093,1.9856793169938871,-0.6456216580115004
JMT.LS,0.8917328602462752,1.075695680438115,1.0698724448612535,1.0671209606581737,1.1029686564330814,-0.8826607621068372,-0.503312287431582,0.8472899634271988,-0.3455412436393194,0.2229739377629435
SUN.S,1.7593457535647552,1.3248270818462493,-0.2377771447964905,-1.269323945316971,0.09323964642004164,0.7900056655457555,1.7817983506291823,0.4002787508571143,0.13073813589352803,1.1143903398324142
KCRA.HE,2.0369045943346777,1.6700490637610719,0.27501457850348376,-1.7225230176703479,0.2586538225893747,-0.4089021758839692,2.7977753184070475,-0.4752796904509911,-0.5161142629380353,0.6176688430962528
UNI.MC,1.8640107684081684,1.5813012878687502,-2.189935252130842,-0.3137798287037115,-0.3157874664854988,-4.158102291674069,-1.6213122537734332,1.7763230782486763,-1.1917965210883616,-1.177384810772981
KOG.OL,1.271761417659508,1.2400068975054934,-0.06082667020699752,0.16769182424413837,2.277272371999856,0.9458199314999564,-0.30736957098067974,-0.11098027236290335,0.07887050763129888,1.3986329440092877
ALLN.S,0.6116003854343901,0.7978696436969713,0.9625502850203745,1.209896045022182,0.09995276267840494,1.3096697055163717,-0.2573232581676592,-0.09067599985076522,-0.46835907049260445,-0.7757442659209035
ELI.BR,0.8557953504043058,0.8992792288261552,1.5143063091288824,2.5973170180375096,1.4673441610147835,1.517622807062748,-1.3320486138588865,1.4516767375749735,-0.7855804176113084,-0.7685402348026631
HNRGn.DE,1.4583552243729228,1.3964129701907433,-0.631733080358405,1.1204496149294296,-0.178840131558244,-1.372258932169737,-0.7134105395441052,1.877845426997447,0.3820288150426561,1.024122786060227
CNA.L,1.5090653196433166,1.3775463873131062,-1.8389833181250843,1.7662559583074064,-0.4095351204990186,1.6671142433962816,-3.5660776115836472,-0.74202146156139,0.016689316382734645,-0.4674191154416956
DSV.CO,1.500433726701093,1.387435360778887,2.0542970296277177,-0.44363983531507717,0.7526763661589035,1.4886589816575222,1.4373380888562037,0.560297266702545,0.9797659734350596,0.6103371879437437
DB1Gn.DE,1.135539630461062,1.1858670945858323,1.1571799830798495,0.9012297463162235,0.04274764094778737,-0.18291014582654905,-1.0729892873871552,1.244340109878626,1.108797131084114,1.248974970056825
BVI.PA,1.4248191567033157,1.1280358262324215,0.7912218495709455,0.47445691438864557,0.447095944597762,0.33662807212574475,0.62882648277186,0.820976643951267,0.20301196034337732,0.7994737326597228
EQTAB.ST,2.656306020456813,1.8529980437838722,3.0106572717694475,-0.902054175254612,-0.0726619022614406,3.131741089151629,1.765574483556322,0.6457416961282408,0.4896869743969244,0.2290467042098596
IG.MI,1.0724949886067967,1.1834141375960159,0.8416902621603156,2.1071153539407534,0.9786042889565771,-0.37622152451003177,-1.8059651073989877,2.0925666606559172,-1.0210457283275762,-0.6708901805672581
TTEF.PA,1.6885017384092385,1.1960010472839593,-2.366429554969035,-0.12165083194171693,3.026208416856756,1.1138874085661536,-1.4338415728746838,1.3269812396484684,-0.9626077425369125,0.49213654274472207
MBGn.DE,2.210620372495619,1.3846968944578895,-0.8899542361022033,-0.7200512136122654,0.031791679065826556,-1.256799391638876,1.5975500090676293,0.6223555903256067,-2.028106748746059,0.4937412682798646
FBK.MI,1.8495424040941417,1.8471508472453784,0.41213393925556435,-0.8124331103207493,0.5186578977351469,-3.296719447047723,-0.8739811689441649,1.6866028030910305,1.0154051537861288,-0.599263303795469
SAGAb.ST,1.8360282441645184,1.7875123956885994,2.2126567182929056,1.4754375646711122,-0.5197771350775424,3.8364425390638623,1.329179975118497,0.49655685388828535,-0.5577329851198675,-0.5878705206497116
MTXGn.DE,1.9848484074761377,1.3156989504872008,-1.4103202473208298,0.3386638318085611,-2.2166650497562466,1.7982883807382721,0.35486886091706954,2.6056232759706135,0.15233561696454787,2.1181196838287866
ALSYDB.CO,1.4907980136629946,1.6151232393831376,-1.1441414889880177,-0.22269749582639012,0.677698158324834,-2.003337349127189,-0.2772569590449808,0.6948611345494908,0.016123901772826556,-0.5299889702456362
SBNOR.OL,1.1238959725313589,1.45840899003584,-0.5047066444091303,0.12796346987573415,0.7287329241577842,0.648088674964181,0.15919080185194484,0.38788156542269975,0.24185605466482188,-0.1053841851564741
SOGN.PA,2.6419741518143467,1.8489793793098046,-3.150345717462146,-0.48976904887667966,-1.2667585370571592,-4.470867757085766,-1.257762902248601,1.29482272256552,-0.8752109657401695,-0.6139330910976323
ACLN.S,1.3075295642506752,1.0437819756173714,0.42654288579121147,-0.29583092391457083,0.7892070753545168,-0.879791164058327,0.2969194295499492,-0.0363330309152291,0.023085152911535213,0.26147283198961263
DBKGn.DE,2.483629454723198,1.9590262819639603,-2.507569226406072,-1.6240849726908733,-0.15704997963727238,-5.523316457817465,-0.8193193276593961,1.4392496621888273,-0.05910431951266088,-0.5223512567392823
NWG.L,2.180871432994726,1.8666842758489448,-2.2710896167128287,-0.19076265086616723,-1.892153783724039,-3.1751764402094946,-3.2660867581474733,-4.10004958246237,1.314170100650911,-1.5924332308828377
SAND.ST,2.150189535612162,1.866971531314879,0.2540856530712754,-1.351998366145657,1.3478549979219387,-0.9607438545763287,3.5661962776616676,-1.0348971846990533,-0.9739089245154366,0.9287347910032031
NDXG.DE,2.0565560208888196,1.5762255797969988,0.781398903030219,-0.43926934523026573,1.7867422990788637,1.0329950128497882,-0.278510633005137,-0.3583761394378133,-2.4320410200436546,-1.9365714809162673
INWT.MI,0.9494779488109117,1.1641898598445561,1.689303192044816,1.6259885540774188,0.38851891212793493,-0.06185320378918994,-1.2457944122547087,1.002601008782816,-0.8523781614663292,-0.28912121115494865
SRENH.S,1.4480790425172998,1.2327192117486472,-0.8308942278013001,1.0774625032294805,-0.35013779443740956,-0.37657771281448654,-0.6036476269291229,1.3089929171007386,0.07071843454386365,0.7427155431835145
RILBA.CO,1.2380418091533687,1.4247443600935745,0.053312814759148654,-0.08000149338427719,0.4962119191947032,-0.4849259111946651,0.3948993114684348,1.128569555789798,0.03766423649471608,-0.2545237993266511
JYSK.CO,1.5166302646013352,1.7191795448417546,-0.9699119048902765,-0.4929132552180785,0.3479751830954273,-2.3058044752447255,0.2125046891973926,0.7216956549763601,-0.21458644278258163,-0.19303997614668372
LOTB.BR,0.7757413940832746,0.8221223094630684,0.9181720046045434,0.6222278499187424,0.09211221671425622,0.3537789404058786,0.21191059254276895,0.7641503710407296,1.0491364471327917,0.6719688031317619
AALB.AS,2.188866103006915,1.7015079305280174,0.4738815698823548,-1.3066198050090725,-0.7608685477089449,0.15617608643589728,2.4744335961328923,-0.636643266998602,-0.6468341267181864,0.6035887168518442
NOKIA.HE,1.5054611853329012,1.405031852131764,0.6255686236678587,0.03113106561264107,0.9182882582369327,-0.21807839853013022,-0.03900711473095179,0.13791822193485975,-0.5010725587033739,1.5609454426910567
KBCA.BR,2.005241993670725,1.7045155645699537,-1.5691892703196433,-0.2230395635851349,-0.6396410626070832,-1.568187212665571,-0.9253206872176813,1.1570607571850091,0.12230893973300104,0.043655709642318574
BNRGn.DE,1.659772722533743,1.3758442943080995,0.6944571517040686,-0.3108302963046677,0.8135001533213343,0.019598794044728217,1.8841329881171907,-0.1527595797631013,0.41408533996268493,0.8114980369905999
AMA.MC,1.8715541661750799,1.3947078962843185,-0.1799882682531105,0.06080672952896263,-1.848837892760101,1.1008677827281614,-0.14824503541868353,2.5473085844326686,-0.4459802575414647,1.1623470377249685
BZU.MI,1.9914729155821156,1.5999174240949758,-0.31143277807714265,-1.082545275149267,0.33549025383132525,-2.2920772381291417,1.0210426453851984,0.5049050074165693,0.27776328611294243,0.6452228795314837
BEZG.L,1.44367916818706,1.5613141637979562,-0.50778123815209,1.1004404307185367,-1.6096966175387517,-0.06939381073433788,-2.482660935322202,-2.599239301172002,1.2166926804903477,0.5224020170282907
AAL.L,2.5727163395094825,1.6920886669792825,-1.5158066226182818,-2.0582355761353424,5.3239935627418955,0.8444699230483759,-0.010687675298653903,-5.682038474957413,-5.512595161869432,-1.059606678925967
BOLL.PA,1.5362382800204046,1.228184181537107,-0.1439003874442522,0.13779163435763436,-0.1816901772221628,-0.49910447943138075,0.06518362957849592,0.735931950889169,-0.4256040867158795,0.5832671077787355
AVANZ.ST,1.8020847076193898,1.9306489549040386,1.994155554156859,-0.7673312056377181,0.209049289939945,0.17828642145704188,1.8860785571201015,0.025027798224756623,0.01384554746621514,-0.7111254773621297
RTO.L,1.3004204160598842,1.1280300396558627,2.157380489830275,1.1869821657923336,0.24533706535784564,1.211294290161011,-0.4587356884079929,-1.2524496320569416,1.8375488909178876,1.0918257182698372
ABVX.PA,1.4634992948580834,1.6704197265119975,1.7600014367107688,-1.242839027245128,-0.04091699209409637,-0.6424438440198611,8.188893791942117,10.753012560943242,12.636445995690718,-42.139439560340335
BYG.L,1.4171032891247064,1.4597726895904855,1.063274466397309,1.646788429082948,-2.088531066187333,2.9974498559534273,-2.8558043691281934,-3.3281130890539212,0.38633070648075496,-1.5748223684230005
NSISb.CO,0.8631865459679513,1.3013245480192714,2.1423643851717378,0.2643734923595199,1.5595866186891512,0.7724066360466456,0.6059715456264942,0.013569283446032936,1.1991697444066087,-0.0200376181863302
ANTO.L,2.2546382776893714,1.4261262045759517,-0.6187215941721425,-2.300936364233848,4.946898105713735,-0.5684182921616722,0.690714000494479,-5.531999542636171,-4.165213867062745,-0.689099612682559
MBK.WA,2.027528155357311,2.1429153741329294,-0.5231454179914085,0.23207124411899321,0.8878792948060069,-2.6075791784752917,-0.7674278627500672,2.577034536261729,-2.486077311279314,-1.48225925547872
RXL.PA,2.5000952958454756,1.802172278342215,-0.7096490825740982,-1.1614523229957687,-0.8815477489048015,-0.10540870311562647,1.48200156762757,-1.0985620562092944,-0.26033437418046335,0.5511164601495531
ASML.AS,1.930361552628942,1.1429526028932273,2.7742968472752523,-3.431988218525891,0.28710578595316244,0.9279526991177248,0.347684056547648,0.6659895367356898,-1.3919948389757126,1.2616935942322172
BOL.ST,2.1139365586047933,1.6888372130218796,-0.3247222259781412,-2.007785010564416,4.392891657040695,-0.298584307604123,2.398745025803758,-2.727937624498813,-3.7859152697746454,-0.5254336046152159
CPG.L,1.3740339817999736,1.166835375569405,-0.9293992634769686,1.7083152781729072,-1.9769080075006424,2.035868900173109,-1.0292203443317163,0.7027380683706166,0.8430519675415837,1.8001257098904884
DSFIR.AS,1.309052501189914,1.0131518701168956,1.6279707307736604,1.2649596708046238,0.4929618521837103,2.9196480658488784,0.709934772583904,1.5264633498966775,0.600356510266794,0.46973367801183297
HSBA.L,1.5102607575312934,1.2065600148382825,-1.6692075564114506,-0.20433588612777998,-0.12196399593081547,-2.485857492560646,-0.896732801013646,-0.7588748779657088,0.361921952573492,0.3332140779519757
BPTB.L,2.6912334581343917,1.982256811819879,0.7085134204698944,0.20107155853475545,-2.7260736037975555,0.6556473648821437,-1.087867247838891,-3.7286489137829233,2.1212144708388023,-0.7533442686585899
BNZL.L,1.163593071304325,0.9439056791687059,1.221687650086326,0.7770522933254782,-0.3437971801900881,1.5696423676485336,-0.03628115591226546,-1.2234507899724778,1.5958087672855643,1.039954630325516
REY.MI,1.4977698576235288,1.696390295714358,2.8271330948735724,-1.224939657615127,-0.28211002165373483,1.4582508934827867,0.7501519992855434,0.7626282276861911,1.4182459868543507,0.5516810307821302
VOWG_p.DE,2.2077068776093633,1.5053842634863113,-0.750947009436702,-1.001000744555534,-0.5729767072918603,-0.9525926590675438,1.0273750679559024,0.8192637272176053,-1.7357078073842782,-0.0998959688270873
LOIM.PA,1.9012899204832967,1.7079825814415979,-2.093756181013079,1.9816296998267855,-2.4066212742410764,2.002695333213142,-1.2405889627814315,2.215279828517093,-2.3774085992886764,-0.8811890106671786
DEMANT.CO,1.4128445689942692,1.4488177326103011,2.6688388237278833,0.013290707730472686,0.3172625948915514,1.1763785758460803,1.263608907708752,1.6208716436607684,1.714066228154234,0.6675113924385998
PSN.L,2.1588698776387245,1.9985678472343318,0.5186444961751172,1.4909014310541506,-3.767653270200854,1.4597120696599142,-3.699371249971858,-7.175542119385419,2.5307052137284285,-1.4060370898146939
EMSN.S,1.0841911263666075,0.9917186094878458,1.7802909331012298,-0.09846379412092084,0.9171261373962855,0.025433364587724716,2.219051860520879,-0.37417706879413504,0.3198200585600414,0.09190330596380296
GFCP.PA,1.5430651950186396,1.399068867286004,0.23906522121367602,1.9047768214433953,-1.5964519865261186,2.447323476819773,-0.841593603482484,0.6110846099058636,-1.0491931594541226,-0.8070239565762083
UCB.BR,0.8781720045358649,1.1835821270916604,1.2591120669046978,0.8266842294008951,0.9009072092390318,0.49498899414096187,0.17014670455389216,1.3230476037442596,2.6162637589863884,0.6168156146976023
NESTE.HE,1.604564939856058,0.9198602786343258,-0.018266703737444434,-0.47540124861601946,1.464155936909182,2.492211471074653,1.053210048009462,1.0445789862140407,-0.544566200045359,0.22471400303862363
SDZ.S,1.1008052413635865,1.0669953594186266,0.7113069999213244,0.30596211089617487,1.152861322604712,1.1301266436807063,-1.4047943025640055,0.7052944260404514,1.0945945162168,-0.44804806762321325
KBX.DE,1.34781708244236,1.5687789555697813,0.9290065155204211,-0.9237434753140367,0.08705129180836453,-1.2122300101402086,1.7096001472927673,-0.5068374761797645,-0.5886029181365474,-0.3168447205401964
METSO.HE,2.3867275379976576,1.9367617910010286,0.22639816649241565,-2.6128448438725838,2.117646286785762,-0.6726033915302203,3.2996458250292076,-1.1053536403220368,-2.1683515477706266,1.6282068694518552
AIR.PA,2.285918260929601,1.4383081556587467,-1.6117137696750206,0.051405046950662975,-2.1705339272341004,1.658329182367259,0.23149273437040924,2.7037934847416825,0.29795964698257044,2.2421570746738904
MRCG.DE,1.221821483672783,1.2175064047278765,1.913120102346083,0.39702751787132534,0.5801365484242214,0.5204248576295555,1.167532657729857,1.1149336174346072,1.428386147945189,0.5698814579804871
CRDI.MI,2.426496313226874,2.0598951785955864,-2.7601847794231618,-1.104886946617619,-0.8549416158931814,-6.426327695901545,-2.97555910155253,3.3200579577726685,-0.3634889174238205,-0.6762473474554107
LEGD.PA,1.611167833212235,1.246543854327564,1.097880078118609,-0.5529999812235398,0.21785129539945605,-0.8062606160810207,1.1544466799399726,0.05303993581933512,-0.0826862984837446,0.36372775178143685
G1AG.DE,1.7163530144337533,1.4877402483230382,0.5305555026075233,-0.5889035245346921,0.4908665863242329,0.5374070245604695,1.571587079443209,0.014414825583939462,0.37636781725505125,1.2615647797035794
WISEa.L,1.8624744140967535,1.3188262637722832,1.241460834706435,-1.389772872364744,-1.596105691818108,0.38939750977658666,-0.4314137730098607,0.21342950314781595,2.418312996793338,1.3705946237550055
NHY.OL,2.0140930233711254,1.759815441503924,-0.9992746908077493,-1.5264197805402258,4.35934911082308,0.5501388692091953,1.8057220038284898,-2.5472361611084877,-3.1502478002218006,0.4817341791686126
SPSN.S,0.707132578487863,0.8389070525672949,0.8202084808868384,1.6709261537640552,-0.02332874562005784,1.3153984169345436,-0.5261142474011644,0.2391112309922231,-0.844320244750232,-0.6201847017797394
TPE.WA,1.3124372932428987,1.397600203257075,0.40378936399075105,0.1339159436373915,2.0923237117613174,-1.003791945557112,-1.911510971080463,1.2241842777569676,-1.9623661046718919,-2.0970358659608284
SHCS.L,1.8801208116560602,1.7513361927263806,-0.59285533082877,1.6835967378668466,-2.3688991232273153,1.78341561759042,-3.80408945437964,-3.678826647435254,0.2109140541333148,-2.253488138365051
RUBF.PA,1.4299518477487256,1.1442138709587588,-0.21768407581201615,0.8543979618814894,1.210878584422029,-0.6943098532412699,-0.9608572255985134,1.2161488695081026,-1.159329182714633,-0.7957738412364881
NESN.S,0.5703537975826267,0.7959884163799499,1.3010868585782818,1.7090391519319212,0.8951790556847053,0.1475119175311834,0.3222170190054399,1.2060353729028608,0.3194808145715439,0.5898252611563003
PNDORA.CO,1.7519109397196668,1.4971943087401982,1.533213325225779,-0.3915648065881175,-0.9405923557207934,-0.38307169476591696,1.2303278683234267,0.5727781501091164,0.31882317785375097,0.7607345440101569
IVG.MI,2.3613415088595433,1.6104206954334161,-1.0671687427824408,-1.424493935569862,0.22864657804425945,-1.6113069751127642,1.1792635308820072,1.3443251180361604,-1.0382741465542469,-0.02559060225592811
GLEN.L,2.337861220986401,1.5861875799784575,-1.9207915419681796,-1.8171066752629188,4.942572422154376,-0.11551588315351491,-0.3825619324046272,-4.915272789940164,-3.344183828367791,-0.6805539784450355
GBFG.DE,2.0784138699213015,1.48800272447649,-0.7994587565360926,-0.5411258680053237,-0.13550804247942175,-0.11642395648103651,-0.05858173361068962,1.5021232234257655,-0.6134341955756749,1.3481784694933572
CONG.DE,2.20449222302364,1.5965379562737132,-0.8197712933516574,-1.2112500501825016,-1.527750207932159,-1.1536526998820695,2.047197678941437,0.06561102472448607,-2.1145080409379564,0.553532865310942
BUCN.S,1.4834717274702456,1.241164607621286,0.9444151065276094,-0.9300014264455829,0.8176336958151897,-0.5647972977692766,1.9716961493904253,-0.9258440071719822,-0.3531939014780807,0.4569733818488767
SOPR.PA,1.9203890789701803,1.7561170856774748,1.2250114906484522,-0.5451423601326969,-0.9973854685196926,0.8913044695300152,0.33640711840800663,0.6448660559688985,1.0205251120932417,0.7641232344685218
SPMI.MI,2.0749411879115076,1.8144193258480186,-3.130715946516257,-1.9169830072787444,6.154310779707093,-0.040868441932758924,-2.59003109334544,2.713973218631297,-0.011180117430095013,-1.023441684337521
ZALG.DE,1.961090514112184,1.5451949810783216,3.512209709641986,-1.3088871125104184,-0.6888166459255509,0.7213213139779192,1.463894115533232,-0.5829871278034251,-0.3813414910452395,-0.06315984037138668
HIAB.HE,2.0275875283011495,1.725021945648279,0.31167950942911044,-1.6754077653083455,-0.0541060401347782,-0.21737069174171067,2.8635800491419583,-0.05600633780054261,0.209951128179875,0.15111254590530324
SKAb.ST,1.8264910418009823,1.8017259110433264,0.3304945458174938,0.002233597127603592,-0.11208122514427744,0.14725746571805579,1.6990462694003765,-0.20814275027132906,-0.18776568300056096,0.3442416942274434
AYV.PA,1.8051932903075267,1.4878201654884236,-0.545524858884733,0.3259058046469463,-0.5194679711484461,-0.8330610603895706,0.24749340521937788,1.2154036152400927,-1.1723989981463336,-0.8434482952577088
ZURN.S,1.3019107366299985,1.0769547239003088,-0.5704575533799044,1.170492193672727,0.5668200600316203,-0.6988021458881182,-0.6870988148350095,0.9257977477030659,0.300771746122519,0.6610833833655156
MUVGn.DE,1.597751063110848,1.3492199646210739,-1.0075411374580128,1.1114188304859087,-0.5287576366613121,-1.0011273446279143,-0.7633828142057538,2.24828086050556,0.0042443407575444465,1.0902238837176363
SRG.MI,1.0897457097719485,1.1502407184306567,0.7052305551666758,2.2121235203824003,1.4894434063273823,-0.4792591631222271,-1.8406951131864946,2.1437255561940587,-0.9710677264356977,-0.7589129849237457
ABI.BR,1.6216717618593703,1.1884620451189327,-0.6938484459455085,1.5062517754786735,-0.6756554265829131,0.8063859720371355,-0.10184337425247182,2.622725446872017,-0.7591371723750935,0.9897009519853376
LVMH.PA,1.808715882890311,1.2970806461725644,1.2189504621581662,-0.6316553728360554,-0.22249324561477843,-0.16435810808634962,2.3019667128406134,0.9218813739084396,-0.49903560367315797,1.8735306531901779
WDPP.BR,1.284763998131929,1.306234866233954,1.7698397673214732,1.6341492333021552,-0.5216207759566458,2.483506335877787,-0.5575869197615376,0.03741196898303872,-0.44879945860904824,-1.2243601155468977
PSHG_p.DE,2.1898117220663225,1.6742347377555085,-0.6660454739277165,-1.008324438618268,-0.530044895838027,-0.3965488851427407,1.1249206725957748,0.6104210845167742,-1.4782260565501568,0.4007918432943359
COLOb.CO,0.7532707821630837,1.0273673762030366,2.6011168369166167,0.5694504909636559,1.3068213582306742,0.6178653124527453,0.2982301034960727,1.1898144607779644,2.0534650703993274,0.24913310546873238
AGES.BR,1.6942419674976235,1.247471877731594,-1.1172292957945924,0.6872864362541481,-0.09121471154787092,-1.424308361387455,-0.8933117538946548,0.48777399767804897,0.14396102431431948,0.18387197228537505
HOLMb.ST,1.3774708978091064,1.5216429592481298,0.8463585590892914,-0.011492063811881486,1.2112376529317166,-0.13152758554000032,1.7737984183599156,-0.7821623349111191,-0.7088068555204937,0.1048836387058026
JD.L,2.2799277814877965,1.673545804915187,0.6172223787665794,-0.21593980049482359,-4.606867981099621,3.450154406394701,-0.4357034335233275,-3.915402690546013,2.2730236915759385,0.013606551515112133
CAMX.ST,1.3435887231657448,1.2643532730957163,1.5631903121854438,0.015124709310427819,0.6637133335854224,0.6933050878516952,-0.16994820578722983,1.557225212255491,1.3618129300783082,0.2448790539456328
GMAB.CO,1.1905519008899184,1.2494840436273842,2.6543648911694886,0.6048199114077608,1.4194993738162305,1.0683128702145739,-0.44942470867036466,2.0352754339623655,2.379727951315977,-0.059210803037688324
SPIE.PA,1.7814855520977717,1.346469212950592,-0.24410464462438206,0.25878456455726295,-0.6589423968940727,0.061559661109168835,0.36182120405341417,0.4268301642634757,-0.27127130971705476,0.3749091451716567
GTT.PA,1.2147507185764892,1.2668948147712022,-0.3663403587313697,-0.16473298820105742,2.1414783145888667,1.1468213539669188,-1.7595935467528518,0.757888926972268,0.6237466175424304,0.8399248346824684
ANDR.VI,1.4983520015025904,1.5270818534154038,0.24999602683922592,-0.8006851039916859,0.43222772601183096,-0.804296443301297,1.4327680491623913,0.14549871538658984,-0.1345240468940408,0.3888057710855107
VIE.PA,1.5777239687972053,1.5467174429379387,0.3356419980150653,1.7608758611786086,-0.34438674606254294,0.1288541601994723,-0.5847485023004034,1.797785037029987,-1.1665842516977514,-0.18209884429246334
CFR.S,1.7957136119116448,1.4703260348139613,0.859732929395829,-0.9301696293948547,-0.22015647954683398,-0.14567712503633287,2.1664388118612328,0.11374804226792164,-0.769368292499418,1.4241101665587395
SPX.L,1.4782383347808907,1.3011525486542612,2.3199916200779427,-0.4484761506337095,0.4611466996090719,0.5603114685453955,1.7023684679028264,-2.364456525629165,1.8781591547690049,0.7014532127689446
EXPN.L,1.5074436236070872,1.1956561184066792,2.1510202058962964,1.033549273691163,-0.12966566736421103,0.7774398786267085,0.13197522012724214,-1.1663325418433872,1.869815076895467,1.2200892647974289
ISS.CO,1.570766321103067,1.6983312834992346,-0.8099368177802859,-0.09022250574870298,-0.862212758506887,1.31054170361756,1.066353536711014,1.2282928967628974,-0.7464262852034492,0.4952253129413205
ELIS.PA,2.0662091715468063,1.531362211010232,-1.2635889748047695,-0.08111399006522359,-2.6373678550467856,1.9973059164823785,0.6775925970869943,2.5224118666225275,-0.8223678599893236,1.1221103416856024
ESLX.PA,1.3764992889639158,1.2515077842504543,0.9262379742274697,0.4177735322832231,-0.6276388859949074,0.08270862081768687,1.134315225461075,1.6176090051619558,0.8640263354107148,1.2703365094444077
SCYR.MC,1.9893589793611568,1.5302574892477305,-1.054117368931371,0.14795450020016332,1.504488608000431,-1.029198230091687,-1.4682035401376459,0.5213103364072275,-1.4446982645573372,-0.2707457956812677
CRDA.L,1.2902347865027053,1.1062079497533286,2.309403739574442,0.44538153809637315,0.35677303483925127,0.8314897858817938,1.1011434564480085,-1.6726148535361773,1.0176216794818376,0.19302693725495507
KGX.DE,2.317297107107469,1.9663176551621133,1.2321109495033788,-1.7825856873844943,-0.15534143151106553,-1.5597261274465426,4.116335553923269,-0.9795035702350884,-1.0068245396810664,0.2461642556656307
HEIG.DE,2.038937201838726,1.6563050442129401,-0.5655162352105092,-0.7562692237792707,-0.4849348617851846,-1.713227596257783,1.2005964782184473,0.012091989590836794,-1.2155907855647081,0.4855521102725933
FMEG.DE,1.102431836177617,1.3840930800066846,0.9403507965600967,0.8456612628767629,0.7113565721140648,-0.5958225836338303,-0.09454342648353971,1.2488254530052936,0.716883349592414,0.18390608344759332
CDR.WA,1.4489061480568408,1.2957313855302193,1.8234301553323902,-0.14606692456907375,1.642707051546138,-0.18087592824263846,0.03146962017962879,1.365605319978433,-0.3288318383951639,-0.543008373085354
KYGa.I,0.803116883218865,0.9081103629083355,1.2397695975307605,1.5491275879094633,0.21040939932061198,0.454286501707563,0.21714322397141592,1.2499207114904531,0.6721695085309236,0.630662987767485
INGP.WA,1.459171618519792,1.490355542981664,-0.452589954349765,0.292256028507594,0.5651317871974693,-1.4513850242399335,0.14308519747723455,1.093965432244649,-2.229632121445025,-1.1275646436030768
AXFO.ST,0.6706405426037734,1.1591825174225652,1.3124930716582106,1.2872448131064818,1.469876233074059,-0.6278801410885002,0.15898376863225205,0.22947739120387955,0.2604859094889446,-0.7336733195424088
TBCG.L,1.5682967622513775,1.8613003675717803,-0.6027756461888982,0.18308596900808624,-1.0281442739317919,-1.108339943303058,-2.4907623223844206,-3.0143738947453214,1.7484488170787589,-0.4346572640950603
TSCO.L,0.9846090887406912,1.1980856222451195,0.2968259174346901,1.4721576672877255,0.12556605711708382,-1.0380856452581435,-2.7912623033924446,-2.694185249064338,1.2239468015155412,-0.6593152698020032
HEXAb.ST,1.885893623853486,1.622611551802371,2.1514810623698226,-0.955557815234761,0.857172422056601,0.0290909414392402,2.8206628075806672,-0.7438294272788813,0.2681614014939578,0.7600377489698348
KESKOB.HE,0.9630857408958298,1.2315126850098648,1.5095942466316357,1.2458611399545498,1.0736684598226995,-0.9503253335423429,0.7646148869117257,-0.6254587702526954,-0.12405758047987175,-0.8227358045238701
MRON.L,2.517072913011468,1.44041445092213,-1.3236402250989112,-0.24354889552642972,-2.3297912045090006,0.3995896664107265,0.5933046825288826,-1.4753456845416262,0.629855959948403,1.4055719560772302
PHP.L,1.046591384953239,1.2165823596742067,0.9036792516166472,1.6039924953177556,-0.8551918657945392,1.8667987945531195,-2.1795312243074934,-3.031172293654382,0.13933446863087687,-1.384215560265054
BNPP.PA,2.302010238306958,1.7725241545707917,-2.4530957203127297,-0.27615242681200486,-1.0033696942973616,-3.5613631884009074,-0.6932630971416873,1.2350172824552812,-0.4095980444649239,-0.1691518207659954
DNB.OL,1.7882148537846172,1.6509211846331007,-1.363230688943327,0.18891994212074886,1.5770199746871882,-0.4336504664644332,-0.47292177672101526,0.9208909384616415,0.3619686978408629,0.5350240165634882
HOCM.L,1.3806682266718193,1.3684574018149054,1.6212299272904558,0.3360027074454793,4.789261939598067,5.225052402730318,-2.8071264206185815,-4.282431868752377,-8.290971721250477,-5.0572590193810925
ELISA.HE,0.6824061393699787,1.0473705685931032,0.9208966429271093,1.790615437519867,1.3215730641194414,-0.5141883669841077,-0.8455447337588945,1.0216540276182646,-0.32855771942639966,-0.48447280583619423
IDR.MC,1.622569791468271,1.4015584188932004,-0.3224093777148557,-0.18693651304911382,-0.12553939402905384,-0.3833662224413644,-1.332922077018438,1.2447872219519327,0.309514286249052,1.6444662911523729
DANO.PA,0.8627208709724258,1.123034212068036,0.5814173691802023,1.7697886561528497,0.3493956834652156,-0.9705166361821874,-0.2153945855541596,1.8796815865798437,0.161837619235276,0.569395299890619
AV.L,1.975794485935912,1.7261321671598022,-1.4334243803637075,0.9004504131755251,-1.169095134481715,-1.4056696931388644,-2.682780815096087,-2.872548033454937,1.6297227594493295,-0.09744701591288621
SGOB.PA,2.212302169356644,1.6432385577723212,0.08968155763122236,-0.5151647592903802,-0.7019850953006873,-1.0741418386495378,1.6144215232703065,-0.40649260429801176,-0.6951360832898699,-0.0021136329049126607
CPRI.MI,1.247330550354384,1.3031882219137874,1.7275540145463246,1.1653785559282237,-0.07442519131442539,-0.10149444759892068,1.104325320911889,2.1614524755698143,0.10483741909576022,0.4389855040456565
ENGIE.PA,1.3984627889796337,1.397106910491819,-0.2692856111345108,1.746124835457385,0.14952249125871503,-0.37312159647601983,-1.5668216146605363,1.9419712275241154,-1.3187358305316206,-0.1996272000574222
NXT.L,1.8548256192074553,1.469902938643437,-0.07693952558680542,1.5708732581945366,-2.449481017720054,1.1081599321026365,-2.3877033661011042,-3.4341007604881555,2.1091509106828377,-0.09972043805345354
FLS.CO,1.9636613316700189,1.965201855148231,0.00611849166946703,-1.562638340682317,1.3272082378118644,-0.9697362373992037,2.5056873033480063,-0.5432719066008348,-0.5687730422068662,0.34535209253312177
TEL.OL,1.0371176601725396,1.325943158851451,0.17367522542722078,1.6559969200803408,1.392998655354087,-0.13488236270353857,-0.9083424510515838,0.4045608105361779,-0.34365984276833167,0.11929117053505539
SCMN.S,0.5531409584848528,0.7943507590640632,0.36622576144332525,1.7994934317609885,1.2783198606124435,-0.7411552976475043,-0.7920803656524908,0.5610745782476225,0.06191220014521626,-0.33463914686170565
ZAB.WA,1.2609159873361109,1.3621263733545892,-0.2554301318992393,0.01769495846247183,-0.8237491628320596,-0.9824055904357207,-0.7359432574681055,2.170924849592535,-1.1160847092846617,-0.10193346982366266
ALCC.S,1.2332801622148104,0.9810059453952017,1.6376255640273667,0.5679882568115968,0.4845036822038241,0.7679593703531314,1.097386420301752,1.0087720932388176,1.7859879831827452,0.4743308593159723
GIVN.S,0.7631598372089713,0.8168548245876787,2.36682477181304,1.0142078383953959,1.19701931032802,0.6419568053661424,0.8674035735298546,0.46881674402332696,0.7051607893643534,0.16409038695323278
UMI.BR,1.62162687962436,1.568454091463571,0.48039618149863034,-1.3146627225570242,2.1402926788371883,-0.2772771742896247,2.1919886651183678,-0.5996054037433962,-1.7033932161985015,-0.379932497074188
TCFP.PA,1.200374055880986,1.1743643408267928,-0.9817127610167294,0.8913230170579969,0.17422555033378734,1.6701810688982497,-1.5591392509260011,2.0446667842727693,0.5390834220515871,2.5305915514867636
SBRY.L,0.9619202818001116,1.4365453758903217,0.2621473838897734,1.2784406250360292,0.024945735801691002,-1.3696379889748675,-2.4706171947517332,-3.140403984089359,0.9732399070635659,-1.8169220778737485
DKSH.S,0.9355137085231348,0.9138878713853481,0.9862723381376347,-0.016758551220380603,0.9580298285908284,0.2504635426295953,1.1553257259675265,-0.10172021493455768,1.0386126391639856,0.4184760355764057
OREP.PA,1.2642202611091322,1.2084927054772168,1.7278330621774878,0.961547841436519,0.3067271451181953,-0.23292275698357992,1.4301141755939064,1.622808354385209,-0.28740264594349557,0.9363298137937713
ITX.MC,1.5567402518234932,1.378827551787947,0.10850696032649113,0.41196677041551627,-0.8991367474513471,-0.2657958440179793,0.13774097672890476,1.1603066241365676,-0.4263152883993168,0.6213991084062903
BBVA.MC,2.304617793605442,1.7605665432588842,-2.3577238119302573,-0.449574242498889,-0.6896345156147645,-3.8871701172739046,-0.8800421360572849,1.9716877079870685,-1.3627831356543083,-0.64937426219863
SGRO.L,1.3835786747135022,1.5057069472950304,1.9645104375050757,1.9146104170431646,-1.2205831894187495,1.8061725343959982,-2.434907878569321,-3.8024938107361637,0.61852411295989,-2.0369503342516344
BFT.WA,1.1072113624401623,1.3572677194401688,0.3976599248769657,-0.504563637625771,-0.17266870254696143,-0.5009893177839166,0.47254805986372156,1.6632946850038695,-1.2925456948933927,-0.16497599743806304
SHBa.ST,1.5899482463032844,1.5169865443548554,-0.8244340518396447,0.3069590392156293,0.6621319330047185,-1.6114743622238843,0.22099733481069686,1.1027637084300692,-0.12464443927485705,0.2966063378262945
WALLb.ST,1.5037748692654915,1.7632212646712961,2.322585847895186,1.580409527252034,-0.8654000385658184,3.1405081465763725,1.024873153390934,0.03273931784149415,-1.0778142785002682,-1.7690371831859752
NG.L,0.7960202262552349,1.004781184042997,0.8796309398372477,3.486011560867355,0.42544081959394947,0.5770572940209124,-2.419521274909273,-1.3977902411974406,-0.5374214109973579,-0.8790401354605292
R3NK.DE,2.773382302781746,1.7723007288810015,-3.4671270530149716,0.37312195412100185,0.7570154368443518,-0.3402949188779076,-4.910798697336668,5.804331466830065,1.1317511673212513,1.487929440897335
PLUSP.L,0.8716518714434878,0.8936007079544579,0.8319847825618522,0.7294272929139702,-0.1459788861377766,0.2599262273787254,-2.4870567626199307,-2.8300727487506716,0.4534919256017386,-0.8216029034762485
TOM.OL,1.7255448088465353,1.5073446644387385,2.3621294574429457,0.3548336720740166,0.7093055132104539,1.7710555958256988,2.7668196019724793,-0.15118953176817737,0.6450529065476885,-0.22392574051207154
DLG.MI,1.425103636572617,1.6866444725521355,1.8765820125272845,-1.2485775854541743,0.2309461246495883,-0.5059264933442829,1.0716360242366274,0.7770054017573501,-0.13135608365774712,-0.34166066154952834
IHG.L,2.0082600147419454,1.171504985847477,-0.8843570366300944,0.09580586231812731,-2.971069672493778,1.676300923777886,0.0841374375779187,-0.538694991228327,0.9536504786418627,1.758652863505323
AMUN.PA,1.9192663934348104,1.679431839020988,0.3497008904573966,-0.14535842420528547,0.022459294921262776,-1.719494564309894,0.31839585208673515,0.06274202684689564,0.010984593328715963,-0.5836134451402487
ALSO.PA,1.7278904294139277,1.605343379224865,0.03477176348651676,-0.7699842087299852,-0.640425075764708,-0.6428937125383141,2.0854164176671492,0.5642890144863681,-1.2892940891573936,-0.5285506706527606
LOOMIS.ST,1.7936270165688861,1.791811947319073,-0.2397115995197475,0.6142984982498843,-0.7412221935335795,2.1623674669041146,1.340421308429645,0.831230155246445,0.3680162408950492,1.4629231690111113
CVC.AS,2.390666521545488,1.5712288571122845,0.26895197675492727,-0.5000910230257885,-0.9455616391571512,1.600138809869917,-0.7840613559966184,-0.7507349521370664,2.9053308493921626,0.45284568318020346
EMII.MI,2.246587480063515,1.9023647187667367,-2.7429712198829255,-1.4377637364855276,-0.49112828943301373,-6.378935291439964,-3.7967743644711085,4.342950008555512,-1.0182615846924195,-1.189453570234076
EXOR.AS,1.6339756408240265,1.3272436586716498,0.11265461465100733,-0.5797888048568232,0.0831890330098805,0.8459540259805471,1.0597231030613075,1.4917154023943775,0.3672183541684125,0.600416559852983
GSK.L,0.7819822189090232,1.0683780315232614,0.722052620594723,1.9957768064839554,0.9741377729922079,-0.26912014658285993,-1.0502322195103473,0.30255769962379775,1.0543806692605784,0.4122952055332761
LONN.S,1.1665121107007907,1.1106102262222177,2.998391447713997,0.31689485606573287,1.0788048233340153,1.4554036008158926,1.1822228034005342,0.9055453375532759,2.483713523346917,0.2565691765030897
PUBP.PA,1.6590929095698708,1.3467380252261196,-0.6154751118113919,-0.15075090538123673,-0.9664612847500785,0.21251039941304267,0.8578430569050047,1.137861146854963,-0.09947386832303713,0.6169229730998149
VOLVb.ST,2.021958845233391,1.6966858638700144,-0.0887962092112508,-1.4695426263983158,0.4163218024256828,-0.40396642727128707,2.733093337565582,-0.30811331575864137,-0.6685707419280047,0.6925126022592482
REL.L,1.089782717137117,1.0586451540580668,1.1388369477778002,1.5967817442743466,-0.26122702084357025,0.820791860763699,-0.7067588463456019,0.6112221602938143,1.5038079369140227,1.2717687743537722
CVO.PA,1.7177296168431115,1.5410814278008125,-0.6315848008386761,1.7389162976676407,-2.310775785421444,3.3639216701325023,-1.4682928821886603,0.7664534903165673,-1.9081964694621487,-1.3807995703316844
INDUc.ST,1.7644489453185954,1.568301442462792,0.8364105160009371,-0.37074813756320285,0.8270384804068811,-0.11287050222296646,1.947977229823246,0.5992331690665067,-0.2938627688297097,0.48962733779727746
ABDN.L,2.4203555497381344,1.9796610963555523,-0.5844739873637429,0.3523711267973024,-1.7848532471610492,-1.0954795151177543,-1.3010166730995978,-3.699076120448618,1.1402450634047687,-0.7547988728893303
LTMC.MI,1.3990771445036223,0.984568590149323,-0.2600587944751265,0.43495209679949465,0.08492472504703702,0.008929813959692312,-1.1143244266985248,0.9510395484952219,0.45047240381726456,0.6785671206105085
SOBIV.ST,1.2245439182846798,1.5296123801631731,1.9880424933710705,0.24478980214916715,1.571967005379942,0.27893230092050275,0.06181890774626828,1.7056883949317796,1.9935804848154937,0.21287753620902544
CABK.MC,1.9322032512281209,1.6274554251148985,-3.0437773220462865,-0.5921537925008513,0.15241802234599777,-4.9255033819164415,-1.808558246569825,2.1375412221711225,-0.5763437011671189,-0.8159020438667542
LIGHT.AS,1.7380649587937476,1.4506864529217738,0.2593769164881409,-1.0504272173267726,0.2526444273845495,-0.47391049074027214,2.5349311260776295,-0.46298169637749365,-1.6850972989744109,-0.43689545109519107
URW.PA,2.226182280674215,1.5508243132941777,-1.9550185506114335,1.4496206915068535,-3.0332888650682817,2.4465876192355704,-1.318540017698952,1.9717840062358323,-2.890239120955203,-1.021885459411357
INPST.AS,2.209654366148898,1.3459473970676963,1.6811878861934064,-0.787601480309645,-1.2574611724822329,0.172405326215259,0.7208046500817566,2.8471760109399686,0.016338574264116563,0.41955043286028915
ABF.L,1.5905915141096574,1.5844649616280417,-0.5099264435702783,1.2717385596232564,-2.150415880849236,0.8585407309383882,-1.6157035200198353,-1.6745882354318837,1.3380527482057059,0.0033914417713568775
ADML.L,1.0551269235935432,1.218699657919349,0.9968591394712875,1.2580993924268062,0.1005894612708212,-0.7677129122565449,-1.7486667789151729,-2.258535455730568,1.5173408675647573,-0.9312643794833662
VID.MC,1.0907328008474981,0.9674103754727938,1.0289659340628672,0.22299815953004357,0.1966869828880124,-0.5801407909616301,0.7966254123597969,-0.12196135097974502,-0.5730373835908944,-0.22529520025309152
VOPA.AS,0.9777262888301628,1.337242486644205,0.7418473644994684,0.22528043220126276,1.4558989646969192,-0.6882838310590929,-0.33169734499772613,0.19971750011494965,-0.4340325029505948,-0.7960192556884397
WPP.L,1.9463254657292999,1.4850748793583548,-0.591601360939283,0.6559806175237379,-1.5072933008346188,0.6372952895641103,0.1051374678154022,-1.4429746532526666,0.8074242683373727,0.027621752254604403
LMPL.L,1.4684292803771726,1.5635346188884929,0.9078905166329475,2.044678196675276,-1.6565283758664116,2.381739031007726,-2.707106112564174,-3.904476374380308,0.6236777568673953,-2.059203119250206
FTKn.DE,1.9619077569187422,1.7339261836160256,2.3981025989815654,-1.5878154858515532,0.6232746068132996,-0.3856824087442236,-0.3163456905550175,-0.08762239886372125,-0.02827606706246337,-1.3042372903236614
CBKG.DE,2.47584510708105,1.999631204456624,-3.348418534567821,-1.335080672584095,-0.5114697834894233,-5.912180404608421,-1.2769700337194945,2.2582613204923896,-0.538111365312913,-0.17004628082662607
SVT.L,0.842471467755451,1.1760708386960985,1.3235988058967911,3.4120390028657264,0.42877175559636477,0.5019847413442596,-2.7574004984107976,-2.5033809398108096,0.10759172869086042,-1.054409668871385
DIOR.PA,1.886037801368428,1.2855795156853844,1.1424778222546035,-0.4654745863830745,-0.4039536212974697,0.36940868571585506,2.5877890985413563,0.7928977610555493,-0.5738048625352462,1.954948029847523
SECTb.ST,1.4520449792350538,1.4427712747909676,2.9285337390706982,-0.27814236795315606,0.8455728529009552,1.9987584218723353,1.1291674477608404,0.04227644986304104,1.1384942086599577,0.5110894597392192
ICAG.L,2.753582989222393,1.9996438783840216,-2.762253585085305,0.35331732596466564,-6.588862822346476,0.42496561844840647,-2.390705107480657,-1.0526967319035412,-0.10042759338680969,-0.6809204078034965
GJFG.OL,1.271363119238488,1.3670968158131978,0.3420264912254777,0.9089952576218617,1.5721469906717203,0.23808470040619045,-0.3565097544446413,0.26573220541759945,-0.10670846857537161,0.5453719165653079
EVDG.DE,1.771859202703942,1.3872074576340523,0.07890520846423181,0.11379063443450785,-1.6436855522886613,1.6099256267551627,-0.06241445026757232,2.2275719554495517,0.506774739073513,0.8912511893335546
ENI.MI,1.742535064382746,1.2969555113719953,-2.0743262413424453,0.12353758936153049,3.718409268795653,0.32029448888878764,-1.838297144068184,1.5015388988940825,-0.48138421465621756,-0.03976222070467032
BEIG.DE,0.8260751225824671,1.0934171326687818,1.1762766624357337,1.434343703199692,0.13714228127654599,-0.17717043554328213,0.4232270071841651,1.8138563227812834,0.28551199084909973,0.6493347332354336
DANSKE.CO,1.5966967519678226,1.65122068058587,-1.4096526046905407,-0.24921846208283263,0.31477035618319005,-2.011868935734035,-0.20477151399923846,0.8699020161082797,0.08832162794578485,-0.11900960913271291
HRMS.PA,1.432529187151237,1.1465323206185776,1.8747859139991405,-0.46323209318892733,-0.2974537095731961,0.6883923403841394,1.8626427939992185,0.8512572801226158,-0.20075073389691253,1.7719353126350754
DGE.L,1.1415919318942247,1.0461958844619106,0.6616880308863097,1.7405804726788507,-0.5043862026193227,0.9164300078895482,0.09873634451582293,0.613271694638823,0.5396720460507067,1.3903263911448138
ALFA.ST,1.9135192866277,1.5843675899035807,0.6116436498256321,-0.8142137946845437,1.1714096617610734,-0.49014903610169025,2.7270004256384666,0.07864000593553688,0.27371942956670237,0.692153561676612
AEGN.AS,2.2587765946668696,1.7143753271309508,-2.724585160681382,-0.28248045419674,-0.12555950264066126,-2.7541544582388306,-0.6038201960796801,0.46987511420719086,-0.1288677464906397,0.5535394486909695
MANTA.HE,1.5816175587557388,1.3877789945571557,0.17684238438110003,0.18805640441745855,0.6118013363979469,1.0407306060623478,-0.08495494520476819,1.4361543299117294,-1.1888238370686195,-0.46403745251173933
SUNN.S,1.2461969404488917,0.8367694615309873,0.22760304278556553,0.9943347724490668,-0.7756243942298979,2.2531937593671225,-1.1950427095529819,0.9237280106253433,0.2454464493642022,0.08455404257537567
BASFn.DE,1.9383470943158534,1.4350829698344927,-0.8296298604843766,-0.6769606080395443,0.4539107524129403,-1.4618415912182503,2.4077667679570625,0.36440319946620714,-1.7339920334643741,0.33130792225596584
RIO.L,1.6931537152466227,1.198116646518779,-0.8168512361050209,-1.2025329468389252,4.119184731017324,-0.1519849974364041,0.3031100409146443,-3.9584398662803553,-2.5690407407711113,-0.2685392304214221
LPPP.WA,1.9231973548581554,1.680115560258354,0.3886476071591724,-0.296928819292416,0.23915701462725014,-0.5515288830760093,0.2751909117444278,1.716514110166324,-2.4951124583045257,-0.6066311950104317
SN.L,1.3194734117424989,1.2897810349200827,0.6761262840926752,1.6197876240521458,-0.8251683066184201,1.7377585207826105,-0.6511090418751653,0.5858094106110379,1.6555438934638065,0.9048460694137505
ITPG.MI,1.8532676193042326,1.4822683711372169,1.5042328681273363,-1.0448959208856825,0.497040090085828,-0.7917647733393202,2.148459238688693,0.3254931554406355,0.36832371023499444,0.14327176934899638
FDJU.PA,1.1736790524317804,0.7338704573262534,1.1067764305371917,0.5559881091478022,-0.7229398579089598,1.1413261953307963,-0.3338479311723743,0.7397526855816811,-0.49718727657296147,0.6281907002956363
SDLF.L,1.797782670740219,1.6034481411424684,-0.5057634437850583,1.0374650980003115,-1.0886172087646637,-0.14534347836411082,-1.8515349075893934,-3.183728897512975,1.0756922613345896,-0.4688974804004819
REP.MC,1.8034181128076823,1.1854399180019737,-3.0359644518616964,-0.2800582521625132,3.927000059483693,0.892000969869735,-2.034989798404159,0.6195237477662455,-0.3414323925775401,0.21059976610270767
CAST.ST,1.6442244575748932,1.7056650356831329,1.8956333533259806,1.6790542062647351,-0.6701245909783456,4.034186541192521,1.078260609215809,0.41860562328668977,-1.0462036891298752,-1.346475302912944
SWECb.ST,1.7429536886243981,1.8087671065747344,1.8495944608665356,0.03354083707558249,0.8221919145290427,1.438792447477922,1.7083152165734508,-0.13449975593891494,-0.31660704367439685,-0.006882504872915837
MOBN.S,0.664342828335482,0.7213039688404559,0.7591784658764296,1.1888309709795741,-0.04910453979793898,1.5359836619515987,-0.2447842740612985,0.05501271451084646,-0.6815828688424866,-0.8608645784849176
SGSN.S,0.9760468224315101,0.9959267446819586,1.2733757998234734,0.7790671538491002,0.7989670572631872,0.5205263323360202,1.0159994401929249,0.375492800277749,0.2902248493199143,0.4868072456651565
BCP.LS,2.12085946524164,1.9056283057939043,-2.489682607437525,-1.0730791964662725,-0.10946131171512641,-3.9222202330720606,-2.489598028684341,2.790232391920747,-0.7856303970796011,-1.2276540795306052
TEF.MC,1.3508603059664241,1.1828587423377657,-1.1046036401481338,1.7634488333200409,0.9549052193083974,-2.049306459108192,-2.2585823605450077,1.5826513664258168,-0.7828445268588552,-1.0008038388886364
BKWB.S,0.6912364042295557,0.8483108453129988,1.0877493827226798,1.5252983083858573,0.5738387683524494,1.1333006676184827,-0.5250181548929292,0.6982600887038619,-0.3859074515922864,0.2413133700785454
KBC.BR,2.074933493874368,1.653641743568302,-1.9410902844035132,-0.3738690302933871,-0.7816123618346222,-2.968061369824971,-0.8945712337304736,1.000157932370043,-0.008902038849872259,-0.5401993635903095
VOES.VI,1.9240050389580483,1.5997811768086057,-0.7768107841151638,-1.8319737384477288,1.892404906005122,-1.2688669334261522,1.6102657453067992,-0.8025462481067908,-2.744409587902409,-0.293152399542641
SHEL.AS,1.7116019106472609,1.0545870335667509,-2.847734660527801,-0.04986372125857723,3.9608709523694934,2.004040078152606,-1.475654797739789,0.8213428068576645,-0.6548838286537678,0.4133669072868177
SOF.BR,1.4454188328905975,1.2854855517009622,1.689639663908388,-0.06689063477058385,0.03024137927147648,0.9843578156486554,1.0084013824236526,0.6027901410833019,0.47065516125262763,-0.23365861573023242
BALDb.ST,1.9245202623962074,1.8787655982063842,2.614536256353203,2.007056688283376,-1.050471968708648,4.425766611820317,1.2144414568553827,0.31426336274076805,-1.2711649408257422,-1.7971334559524894
BESI.AS,2.2267874373936425,1.2106644991641606,2.8792705871670523,-4.219786699739992,0.31362610929499163,0.8670442212898402,0.7952326243528338,0.7267374794302607,-2.2035400429992285,1.5904495198162676
ASMI.AS,2.1708279113800035,0.9289257626048535,3.1429522114940944,-3.7937519148512466,0.2007012353235455,1.7101110910627484,0.20120340463516934,0.2112896895121234,-1.8296550687295183,2.6537620313262376
ELE.MC,1.0196936197502953,1.1640613142162974,0.5923344731484991,2.3639638668187826,0.4628466881531629,0.3114385553296882,-1.7350041126163556,1.5146275612077171,-1.5223688270011293,-0.5670437287305539
ORAN.PA,0.8634463292386454,0.9873637869750975,-0.3633029013829589,1.7809100623930314,0.961111676603622,-1.2461645734818936,-1.6345797084304856,1.5350634881083423,-0.6063658678903151,-0.2701831296281225
PIRC.MI,1.8724099185882812,1.5785815626524555,-0.4335357196898433,-0.5855415805422589,-0.2626280537127375,-2.7338042755505296,0.7470710873035155,1.3222540700298346,-0.3013458546644394,0.4970455088093782
GALD.S,1.2448107516600828,0.9963976524754139,1.0461088300245973,-0.7911523151393184,0.9699368782007802,1.7573592662700956,-1.065298974313662,0.9885143072235946,2.9441802536016093,0.7652587099735578
SCAb.ST,1.465607123719984,1.456943500200686,1.061128444517833,0.09294164530895037,1.0158577752112568,0.37226860985984045,2.006429441981052,-0.46792630671961144,-0.3143346716409526,0.6826613796769043
BMED.MI,1.9409240471697733,1.7781114969138299,-0.7472502869613769,-0.23447799293495575,-0.6496705478980684,-2.180300586372546,-1.1797178965365662,1.547511755072346,-0.31105347820706297,-0.18975988955981382
AIBG.I,2.117209339491089,1.434173262950881,-3.2248014401917486,-0.4959422961647497,-1.8058703287178681,-2.5381303863291143,-0.9282221937284981,0.06259514406222223,-1.7952230942916259,0.08867035276194178
HEIN.AS,1.0443524140126046,1.1325805313105077,0.29945067332648384,1.500580291175111,-0.41690849709631794,0.210605117589735,0.44616455438629143,2.009669606752432,0.006019565009751202,0.8636937453067103
KGF.L,1.5515408899769232,1.6427908341636674,0.5507608668244072,-0.04081245341571154,-1.7057526067670996,0.47926936629246286,-0.7675934323418101,-4.174364419570357,1.05857343970963,-0.9069813719904789
HLN.L,0.5298474837651882,1.0844486392587194,0.997519849342791,1.442260499898946,0.7102050929715567,-0.07300466964240979,-1.5178154404073532,0.4617188931422286,1.1723108802916848,0.37480922860880544
PUMG.DE,1.8514134349577995,1.4745730162553519,1.8120792123561942,-0.37453670619059914,-1.5338438958760676,1.528937626922945,2.99862246688159,0.654880912058813,0.2424804090149485,1.1697250937504242
HUBN.S,1.1162575359083589,1.1646055588843556,0.8941590909442595,-0.6633134936777593,0.5856307412281765,0.6543284418105012,1.4528792355307136,-0.09498463224661793,0.02278348567156879,0.16884437461119142
ISP.MI,2.172876516056786,1.8472441852796995,-1.510449168701486,-0.35698689647543175,-0.5953328121553301,-4.670281267693772,-2.3687295996470326,2.138297754160301,-0.345454333033852,-0.8554700953172171
PGHN.S,1.6429553342305951,1.1992867722611213,1.9616327052863323,-0.35462263876869393,-0.31895920287881135,1.2269535500307065,1.5951511777923824,-0.05596175062370688,0.9707460740840957,0.19921055596590534
UHR.S,1.6373670656304562,1.286910022180633,0.23464874526941715,-0.7341285059953926,-0.12864403114280698,-0.46882770869815055,2.5366471162039073,0.04519286802332893,-0.6693005977493331,0.7184426752697521
BARC.L,2.51229599527314,1.960551325688337,-2.814044769865217,-0.20681496992473541,-2.0326563763332763,-2.435508133909116,-2.842107698706042,-3.0453189253321535,1.2766243028160638,-0.5601186061635239
AVOL.S,2.6251822727477787,1.6809382793865475,-2.135505342184377,-0.4944532389551572,-2.917557477198603,2.658730495108765,0.8151026093092218,3.2964917258849,-0.9532274482234754,0.8051439069686319
TUI1n.DE,2.7154746252686444,1.9228765524783378,-2.1685813458575938,-0.6604540149781941,-5.215437265692176,1.0800460782134214,0.49330485674078806,1.4768160586292562,-1.2333095501793514,-0.3517763855429009
STMN.S,1.673212501617161,1.2763889169504203,2.744952660313917,-0.3769909784006043,-0.33009039638054033,2.3114641921971546,2.2799417201338312,0.4672360415778673,0.9005066031966734,0.10018409183254552
INDT.ST,1.9285041768877735,1.7628162346817537,2.457550525251535,-0.6850505675407511,0.537165564160416,1.1600390681160024,3.528396287723999,-0.6476772426120436,1.1617609176849517,0.9682333327844974
SLHN.S,1.5203800799091272,1.1796122342586275,-0.672801260533681,0.8731326501674731,-0.18629726121919526,-0.3344929183989275,-0.2266048526948157,0.5306692204255576,0.4471261978924207,0.19771819832779977
FORTUM.HE,1.433293478685401,1.4405268287518977,0.08955643780333923,0.872236591256095,1.1074931512451465,0.3581962664226383,-0.6642087752523473,1.7826322150888518,-1.4250293993724845,-0.7226081536417099
KLAC.OQ,2.0081873840026194,-2.9109401126905574,2.7442297225826295,-3.718267673522042,0.004676205974094041,-1.5274866215791183,-2.745756939038599,-0.2799255502714092,-3.2715620784890924,-0.5349855338939451
AME.N,1.548893142214373,-1.7624322138417825,-0.013704126827705672,0.18971717459028967,0.7660569918435698,-1.233477970921665,0.8647645411646564,-0.5085556542795345,1.1886979459046416,0.542661983290084
DUK.N,0.6350624914206947,-1.0032003674750443,0.21455635084884034,4.284496226268303,0.8286512197041863,-0.05829313089033128,0.2939541368583095,-0.05218565935861769,-2.633670879277972,-0.6090067607566084
CME.OQ,0.9642067430660193,-0.9780417038911658,-0.2471284480913292,2.39443552815621,0.3521391502825334,-0.2565884951548843,-0.23834006063629715,1.105973152015639,0.8263510672169692,1.3048759999032038
FDX.N,1.6623489642006761,-1.8992410421206667,-0.05359842926202807,-0.7004347804124399,-0.05487311616572759,-1.173120408677202,1.5613577317734761,-0.7541290131377607,0.3442282735992417,-0.08877332996977236
PG.N,0.5498030374653872,-0.9781632605927683,0.7877714857654082,2.778440247264486,1.1856143927287055,-1.553292909396411,0.3288486667269016,0.2081428316438186,-0.6454317009035236,0.3151845391888493
IR.N,1.9355745145520302,-1.7856487994684058,-0.7802956139840767,-1.2479456297022389,0.3419193506309431,-0.39145144795144277,1.8771576316136036,-0.7638182870435518,0.9719235276851983,0.33176947148967434
ACN.N,1.4385718682319977,-1.7050671145817498,1.3785554170576386,0.5700540407850612,0.10409240571419745,-0.6845842865274616,-0.39818582068152536,0.7302808396024266,1.152208299150689,0.99206903201181
FDS.N,1.1824049544479238,-1.6334745136646889,1.2539976792946121,1.4661934356015802,0.7735648482438682,-1.0774106350287582,-0.6245317953454879,0.18988519438232138,1.4394243820530417,1.210648536308342
DASH.OQ,2.054456930670121,-2.846029479269917,3.4190444912491516,-2.9043325939139955,-2.4926128532274787,2.587688557117416,-3.19540555644238,3.645669288831673,-0.2607809724486494,-0.06948937921643798
BAX.N,0.980192180612957,-1.3597014326758015,1.0422503853631906,1.6438797524235533,1.1591525738811117,-1.564082877088933,0.5729161121616713,-0.3255284402214726,1.03366616989254,-0.1437684025457161
ODFL.OQ,1.504196175608866,-2.157490360799876,1.1787723520619109,-0.8163892641903707,-0.051141609527677885,-1.2908941845466944,1.4042701663631643,-1.721716786359958,1.4247210454308876,0.41229120805367975
XYL.N,1.5985760934190139,-1.7459630660002883,0.2534689556213431,0.44602270181140397,0.2673870135432366,-1.5529956481130682,1.4980029799323762,-0.9810801792580996,-0.18337454483000626,0.1150373660903986
ADSK.OQ,1.8771341633592318,-2.2918846508522956,2.738789728396272,-1.7398241718978011,-0.35563947744751323,-0.19022893547164588,-2.805877217661524,1.5763662004080825,0.7975655165054515,0.561932012162302
SW.N,2.4022000181982794,-2.0957075800909135,-0.896614107744474,-0.1664340591813258,-0.8344425532046832,1.1441149781286541,3.337312865126901,-0.2591491741891779,-1.0856996459513781,0.1381066270485559
OMC.N,1.4964938610778744,-1.3465404350899057,-1.0676287775803337,0.9952082160242182,-0.9279710966943475,-0.772347446419216,1.705442136913836,-0.2878595954966073,0.4368550928186099,-0.40056668239444504
UHS.N,1.700647511287366,-1.7882562843366046,-0.7343670890548958,2.0898721473141553,-0.4036641695811624,0.9195511965437224,1.0765712645767063,1.030383346449046,0.34468122724925443,0.6996979800394777
ERIE.OQ,0.779215126738624,-1.213576451404926,0.6164649868122835,2.122373126859132,0.7292752661984865,-2.1385664230053387,0.2664949882803207,-0.23177999420264372,1.252661871501776,1.2696356219219302
CLX.N,0.17018879009073898,-0.9500417816899427,1.4729841128259236,2.6538407581107046,0.8917084794322275,-1.687312068542686,1.0478200646454443,-0.24613988342711848,-0.749817730196282,0.0656275963900812
DLTR.OQ,1.058327983547196,-1.4649470972635283,0.22291149790238549,0.8549558048432352,-0.5418177800956234,-0.9626443136313861,1.4255648316031242,-0.4243834598708294,-1.6024676800821804,-0.23020467307794185
CFG.N,2.4213348270786974,-2.3482234637970216,-3.2724852748149384,-0.27804480730957365,-1.460698605441263,-0.9461381056159295,1.9957584982688357,-1.4281201236328847,3.096242899093237,-0.39631862543577984
TTD.OQ,2.3604661043180912,-3.234420686842192,4.407043971615491,-4.039876625713876,-2.199444182194053,1.9448540044364377,-5.130945771198593,2.7038771343051433,1.940978522665502,-0.21081179438668307
DHI.N,1.6848620893037796,-2.120456769776591,1.3573963601022814,1.3908218338110288,-1.548822140172662,1.0677104750444235,1.352911175924859,-1.3078667842790204,-1.5248051241989489,0.14802895886797093
EXPE.OQ,2.2126250816578836,-1.947473302855714,-0.8711187086238918,-0.6922503352546642,-4.209725350726749,2.1863740836659726,-0.0324505467864083,2.402265163205062,-1.6604304131043282,-0.7846188682090437
EXE.OQ,1.892930241748932,-1.424444031971948,-2.330975198917137,-0.06614322367832205,3.705041741288104,3.731781438291004,-1.6292208813151736,0.46652372500752814,1.15852626331272,0.17921453092525433
CIEN.N,1.6589284029453346,-2.136696660785191,1.6840126491076706,-2.2598080734760013,0.1777834540609453,-1.5565710300717137,-2.003560720482712,-0.9232750881573332,-1.1095040260992957,-1.6023060301267633
ELV.N,1.1762428903079947,-1.4199787741083614,-0.004398297137147914,2.507491142588055,0.9981631263322276,-0.9213917872595299,-0.1279521532405329,0.8453174769997336,1.94453011055445,1.6403244255177118
WY.N,1.9384929621214908,-2.219059583369486,-0.14768637072428545,1.8447204388570635,-0.02308896257230926,0.828505173726348,1.153952997694664,-1.3917809281742841,-1.7069319278609159,-0.6241146990584373
CMS.N,0.538897868425472,-1.0619208880544213,0.6249791258647566,4.303863958939777,0.8938872374934381,-0.4154584451476218,0.49045037714024814,-0.09513114151053777,-2.7948745904797554,-0.9081991915195344
CVS.N,0.9415438165645045,-1.2109944127288248,-0.49652914868216386,2.0004494654542944,1.0157238496079124,-1.6461528709000959,0.5475528382447338,0.16568756469445617,1.3421762482257025,0.6129501928870844
SPG.N,2.0543353591989826,-2.073821337485058,-2.55075461138511,1.7496100138772541,-2.981025252865538,3.8962634593762053,1.7449383924500097,1.6134684332633893,-2.8229460083722118,-0.325249999495834
MCHP.OQ,2.2525335605391037,-3.114755391898676,1.7408731046031538,-3.587992112744034,-0.51902881440595,-0.6698125377146894,-1.7997291807435445,-0.5373650054456611,-4.0375267071142975,-0.1266991985457677
GEHC.OQ,1.751824581877992,-2.2240886882915865,1.680028813940809,0.1425238771004388,1.2584199932546067,-0.46341917389164733,0.7056371992855709,0.7109730531876226,0.16642984660305446,0.2547611879308526
UAL.OQ,2.8135492752791342,-2.3359240190875714,-3.1959720644550895,-1.678007180878101,-6.3775136072991225,2.818401594536849,2.2311499895722626,2.62109408161657,-1.832890422179172,-0.2755578243521281
BG.N,1.28493318554971,-1.2134663421500385,-1.4793145424880334,0.6503251081081174,1.8617004188916848,0.538438561736419,0.6593217166118077,-0.7224358002398068,-0.6023855151254198,-0.1536243752152833
CCI.N,0.8832740558605195,-1.2794005155672323,1.592745534298046,3.6253829455245983,0.9054891288281428,0.4265353144865622,-0.15383117397509757,0.007277428693956022,-1.8004100675654584,-1.0003901637451613
WEC.N,0.4757762583678234,-1.0628729185290666,0.8050751841949844,4.420840628940423,1.2027078220664056,-1.0202001592317025,0.5475668006757746,-0.46453264293859875,-2.7462705232663707,-0.9363643124152783
STLD.OQ,2.0885824643023825,-2.1098468939793875,-1.7956107937745127,-1.5456078154623514,1.8028150649311205,0.1106276243221476,1.593057928126414,-2.386517948762169,0.9639016671625674,0.4522836409165992
FCX.N,2.797968326070071,-2.19562752227876,-1.6833895971489745,-3.5344717951680447,4.546147585873189,1.4246486054278058,0.5528960857805908,-4.636491882846613,-3.330803604707844,-1.1002629747953783
FSLR.OQ,1.5976738080458088,-1.9114100235132352,1.1644980072268165,-2.2636475997023635,0.9496512409975193,1.2422020795211615,-1.46942202409621,-0.3552944589781369,-3.2448335485927857,-1.807262150688279
EW.N,1.307861805844901,-1.505443156432703,1.9035350035942942,0.5872013723014664,-0.10642565206584687,-0.04304554826137426,-1.405164030201746,1.81372668629708,0.6342770454875489,0.5233579374651652
MDT.N,1.1624562038586264,-1.2915911704547367,0.16400230339792077,1.7736249852087538,-0.1267699147021384,0.25636763147076697,0.25276618579265436,1.2916485800938131,0.6689470355676483,0.844460122699346
ALGN.OQ,2.2526003811171966,-2.652739962839003,2.6561837526510854,-1.2594660673377507,-1.8083113692435235,1.4957169249735365,0.11534433998848305,0.7706620134851947,0.05359948206420414,-0.27288326320719747
WST.N,1.0373442182963875,-1.4127324389697813,2.8473076204684333,0.46581962892682877,1.0341018276194733,-1.259171644541938,-0.6436408515360582,0.0912294936855941,1.8494014439848032,-0.1959706303292575
V.N,1.471255770138344,-1.5798926604670287,0.7331025861672787,0.7041452673593437,-0.31339623152031654,-0.4420196088682158,-1.2306104173042902,1.599132395464084,1.3647657310884103,1.2350772870973536
HPE.N,1.9429303729863197,-1.9803199916428218,-0.8595863592960992,-1.6752749810469068,-0.16937716993993482,-0.8276125262084182,0.14215090552046694,-1.0811512242136294,0.08562534891057154,-0.5275006682698421
INTC.OQ,1.676770408159282,-2.433762893952949,1.558848006784046,-1.7571959689018521,0.6060300916260337,-1.129968468014341,-2.263481940466375,-0.7028513927648127,-2.270389237555742,-0.7540272133708052
SYF.N,2.4579440478001033,-2.5640388832131635,-2.2892620869350457,-0.2382883786001362,-2.4012148212208593,-0.005407710712919418,1.314303326575792,-0.7604451639435517,1.4851822777296946,-0.3579697240518062
MRNA.OQ,1.0583622025409798,-1.0922603626559986,4.012204437962063,-1.9844017275871724,1.931244171999458,-1.832232677704184,0.5827398807980483,1.110554613044407,2.0013012285397833,-2.9749362835023896
LNT.OQ,0.6417370099669618,-1.1504315720969611,0.4632180958386362,4.2525139976123585,0.7943497457459595,-0.13644900956292286,0.438341716823308,-0.011502001792110658,-2.8465505470578196,-0.7188264677760842
NOW.N,1.599360566558099,-2.4726903872684898,3.954732531699414,-2.0848325705815154,-0.239230132769544,-0.6585776745661018,-5.1094532340326815,2.813307608585346,2.296766048141285,0.6279664853909309
TKO.N,1.1759155510173909,-1.3877454374162834,0.1887711720988527,-0.2044912506832665,0.543179123848881,-0.4946843240687654,-1.6238861035661163,0.7674384442607797,-0.20936354685232514,-0.08634518507110027
DE.N,1.5801097072628438,-1.6889640454148995,-0.9058252210875383,-0.12143532629936253,1.4029286581017801,-0.6405010208702527,1.8982690502364665,-1.1975689543308963,-0.18279726913867503,0.2863175731298165
CRWD.OQ,1.578223243043933,-2.2781955785042656,4.237116631397463,-3.7343574339940084,0.06955065889506122,1.4529591466344698,-6.598561630569312,2.6272015048543245,1.6998250466933935,0.3105766452104613
LHX.N,0.9715544652035257,-1.3643758485024888,-0.38497754039679566,2.050153199575971,1.4145961136351264,-0.5861032257569907,-0.5518667989191937,-0.15140898204476444,0.5473395374887031,-0.14916603938939307
TROW.OQ,1.8223536667889892,-2.206107055671685,0.7952294861290718,-0.05523136799675129,0.2321968415375616,-1.9239377149319863,0.7365573257755726,-1.3010452969714856,1.0510433441386413,-0.7710376749410001
GPC.N,1.422102176536254,-1.6214019146548322,-0.5316920888881075,1.573060815857437,-0.27371382323997495,-1.0172872585777448,2.2447101446906483,-1.652425922261363,-0.07718221225696185,0.5674030291605584
NVR.N,1.4308305837206083,-1.9554834344553542,0.9202926494809663,1.4826793447499842,-1.4626284882431764,0.761219328479779,1.5949275444694881,-0.5363792327359165,-1.1862595847220063,0.05899954065759219
LVS.N,1.9290216451046696,-1.8397979970031442,-1.0249459363512772,-1.9030538383039013,-1.5852348066053534,1.2689216175861442,0.18068770684273822,1.4412807250929933,-1.3066153969553573,0.5549967165483187
DECK.N,1.7669751859565588,-2.2786190251565284,0.7644807942555603,-1.8006602828817995,-2.3756406815435356,0.6907802290514532,1.1120413163476441,-0.20800935610567073,-0.2961126016818015,0.5053373693346298
PLD.N,1.3327173680827027,-1.8788198175054611,1.4366008939346455,2.559210534098676,0.17695877191518578,0.32496946458610027,0.3908325540886781,-0.8723945065125126,-2.0623447941687094,-1.2289483581157625
APP.OQ,2.510153784499492,-2.665517825006307,4.21779048199537,-4.372541382461713,-1.8678153017582357,1.9999753863585488,-5.297814455564151,2.9541076025078317,-0.5963162134109525,-1.6136446140664868
URI.N,2.606260866001653,-2.527959853055305,-1.2907140566877509,-2.2199200448350016,0.621295978150727,-0.3463193942038291,1.9557054092535695,-2.031442241382632,1.4084409590679927,-0.26881165558341974
NI.N,0.8403063111715198,-1.263579306427029,0.1539316122067031,3.9651762508121218,0.7205779259137349,-0.03974003626233915,-0.05616341493904814,0.2509091287487286,-3.0002381586229325,-0.8759704680900973
NTRS.OQ,1.9018128426246954,-1.8555586789446037,-1.3076623161740046,0.14409949617156886,-0.11715874089628599,-2.345700629972206,0.8894177857309334,-1.394878148767176,1.356948668789714,-0.3073353688652549
NOC.N,0.6566432390342746,-1.2362279504963238,-0.37177472053890936,2.4051329950654816,1.8525894591053957,-1.0961653953161241,-0.10296041072542819,-0.05443087693072453,1.082799655613753,0.684632925422476
VRT.N,1.9664026469776683,-2.1892240421654416,1.2515573031616698,-3.729069949027221,-2.4067805813812737,1.894168437723186,-2.3957307281658826,0.9564389560365493,-2.500374128930067,-1.6976897536101567
MS.N,2.161144634021896,-1.8406601432429788,-1.239664174923463,-0.6110435876096383,-0.006907454628595355,-2.1116010526845437,0.29269723310613643,-0.9657344706235345,1.8854964559872145,-0.2150933742700883
YUM.N,1.147510294213352,-1.162669661281016,0.3040661839042937,1.408048211492859,-0.39181947017858326,0.29442451735745867,0.1547411527419787,0.5506528857492713,-0.0627154385611077,0.7903476434345155
RMD.N,1.116929945538997,-1.6524522176491194,2.2463094570109847,1.1049781496250686,1.2428611421054165,-1.4958562092031282,-0.821746953446196,0.6294393760528942,0.49584231155971326,0.023236085176795335
SYK.N,1.4143897090006632,-1.6303453803906094,0.7628065932339311,1.5478579153411594,-0.49203428508162267,0.4776809425927731,-0.18223160481645068,1.769819221335488,0.6347969940904573,1.0206715477232868
CL.N,0.5546122225312065,-0.8519387341987268,0.6821464045952853,3.127538745208397,1.0006229615103186,-1.4096096977537491,0.15906592592162405,0.4801190991827181,-0.8241263985510976,0.5223174529137684
SO.N,0.6702923534640702,-1.0796805348246974,0.2771679906961928,4.279810480909937,0.9286238724840157,-0.50400092129102,0.20769839997282546,0.06454475110433504,-2.6131892016023306,-0.7286388950136214
GS.N,1.9364846083366407,-1.8307388004945402,-1.257158036133697,-0.6372865391657013,-0.10344324513046585,-1.5843837418203541,0.502931561463254,-0.6759352781900254,1.6630607914831916,-0.24792483828928563
SLB.N,2.187536757172644,-1.6799326539521142,-4.5325964696698735,-1.0751896771299108,4.618151309829775,3.9571205131601497,-0.25332672466673856,0.12280730538802238,2.1540389545850034,-0.16359826077845654
BA.N,2.3365103466586787,-2.1447078329907847,-1.870043944117406,-0.3358585072984109,-2.212019646367745,1.9445470746993117,0.116362283412521,1.7817088003615422,-1.4339139951256683,0.21524038434940623
HST.OQ,1.9679703949965286,-1.9270503871816076,-2.0649373961459787,-0.07279406787311288,-2.3396834020441317,1.5003665894102811,1.1307318609428956,1.0784391492175043,-1.372201213485955,-0.5787898136276822
CBRE.N,2.0983821893886114,-1.9021359033204996,-0.29896322540818876,0.7956814504041368,-1.2986292168142681,0.1085691088304096,0.8059958280152207,-0.600237450702091,0.7927230000808967,0.02956244280837497
IBKR.OQ,1.6343542814797123,-1.680660880343096,-0.4835909564978096,-1.6602583761498058,-0.021775594392911046,-2.122262385865339,-0.37628473020707376,0.37178788089696735,2.5047670272697613,0.6837964325534257
IFF.N,1.3789386571181612,-1.3492959049299815,0.5521669347888538,1.181543332092725,0.032159380697390175,-0.719821623656154,1.4303437199353937,-0.561986119393605,-0.9771555595687835,-0.45419120309469946
CHD.N,0.33177543061467774,-0.9055656973468538,1.2543612544376432,2.935713750122457,1.146950939672201,-1.3763790618158422,0.3072471642788516,0.1251022211369687,-0.2619816510779866,0.6874358614352053
SHW.N,1.2258918700958539,-1.8222246065676706,1.5306408044620738,1.3574671750073204,-0.5282588243924342,-0.6483198137585989,1.4947153804643343,-0.620190688903846,0.08144735728680293,0.5480397458789652
BLK.N,1.8097209877721916,-1.8986465003505681,0.7568835715137799,0.2470400294356409,0.29304770938635705,-1.8227108889031258,0.36016615821058423,-1.0011539168417882,1.0925261406883136,-0.19897985776514981
HON.OQ,1.4472230108148856,-1.5985925275781763,-0.4853540964790286,0.9343927433129074,0.04117471082786052,-0.26332160241757296,0.9946992137729534,-0.18105275899603784,0.5151518495525179,0.5104440143524062
GPN.N,1.9091643217272676,-2.204907463741384,0.6938927855808765,0.741832195972425,-0.9918336737595544,-0.3196393195646345,-0.8506757903234559,0.9731800535832336,1.2616382708102112,0.7242955039295641
ADP.OQ,1.2891609545084788,-1.8076954847191011,0.6075244865016188,1.7123382705853485,0.23008960257708694,-0.7157249846054295,-0.5412710480485871,0.6184343013295743,0.6078044358663436,1.1614969449634962
AMT.N,0.927560445168149,-1.2071627305453314,1.6836015471004826,3.8319304180192084,0.7684522357962964,0.0031884085871039265,-0.6867776467934337,0.06200251320483899,-2.1150488664206115,-0.9006013118750794
GLW.N,1.7848717965423422,-1.8953256905966909,0.22726933554104664,-0.6769863400648835,0.3799938835218618,-1.8729983742319039,-0.013343047079814164,-1.174249688353808,-0.8485507547671616,-0.8365513108329031
AWK.N,0.6618233585464766,-1.1687457541552067,1.5249085076122215,4.530296389783246,0.719324445986355,-0.5062474895133009,0.5084343640585313,-0.040636708956878806,-2.5263953815682,-0.7445506585596349
PNW.N,0.8182454440056777,-1.2453124516296414,-0.061670988116632915,4.158204159305045,0.1895483071458001,0.6706390476550677,0.3868291423765181,0.4823701943817253,-2.8912275048840788,-0.4011175900849851
PGR.N,0.7676828776297654,-1.270725917817595,-0.014166360113036014,2.157444770009468,1.3634053366801027,-1.7100808544017658,-0.30363404367367397,0.31614333942911294,1.6785817369068037,1.1620732336673627
BRKb.N,1.2244982024634479,-1.3096121563733014,-0.6258622467053166,1.1103633597435623,0.581720827298513,-1.0949705839740769,0.5890212487972429,-0.02558993943688288,0.8493537097042109,0.6230652741774025
LUV.N,1.8215213617843946,-1.9093103672761895,-1.5892267036300576,-0.2642068799812041,-2.9374528785979956,0.27852400797422056,1.605092224923175,0.8094923968262397,-1.182253816519311,-0.9240541958940276
IVZ.N,2.5010752900135347,-2.378547759907606,-1.031759585975864,0.09775259598269989,-0.6267830986503019,-2.203429533662407,1.0833147979603557,-2.264574684594363,0.3112964940512331,-1.7071966720137781
CTAS.OQ,1.490369069506108,-1.920520723767182,0.4613993096895463,1.3045494048959778,-0.4475291417070883,0.13241281636705554,0.03231239957923895,0.6630945867148517,0.5280726626793805,1.1079609318205985
PODD.OQ,1.2962758253267597,-1.9586529168773263,2.869628601383506,-0.6175215839940476,-0.280286498887616,1.017413235001889,-2.6116636675111136,2.303409872167285,0.8604212769764561,0.6720044016447274
ABBV.N,0.8201274602332627,-1.161054800942177,0.3684545279524782,1.6434207908915779,1.3315942284676483,-0.7726137189201644,-0.24735567817300724,0.8519617947660167,2.2775237417858385,1.0551944252543894
REG.OQ,1.4988344294136937,-1.754785449608223,-1.6157100194512528,2.9872876368590036,-2.0430836712133003,2.260722334178673,1.0374038695338395,0.4783261021363768,-2.9822990475631275,-0.48045411901291507
HUM.N,1.0192502039338152,-1.3296948622857496,0.2640348870284821,1.9630682118288068,0.867676486040891,-0.8333571318921271,-0.05013326413627261,0.7868448219417157,2.8595367887933443,1.584155305724549
GE.N,1.884582299892818,-1.5826826865632884,-1.6492887102919684,-0.31109662918055964,-0.3075087859421312,-0.03331298678724388,0.7544885551025038,0.25760062944748024,0.09147363384095694,0.22057611473919003
GD.N,1.2077825874537633,-1.311934394859711,-0.786674296958004,1.4645839563993612,0.9297258770133607,-0.5904353894364186,0.6299289072565694,-0.17047488466246866,1.296178331521015,0.07600223104983818
MSI.N,1.1853439873679794,-1.4900858187398616,0.7844086992715649,1.168890794680542,0.3452113537769263,-0.8141892149894062,-0.847915522450362,1.0998097493115793,0.534413390522242,0.7071257271739256
PWR.N,1.7417280023145871,-1.9768869525671782,-0.2855232920957677,-1.367530066983743,0.8057249967520778,0.02876857911093194,0.3910209483550651,-1.6707902058232342,-0.1741946017994902,-0.8748249496516729
TGT.N,1.0951368815014664,-1.7175762572130253,1.1260771621478507,0.4470957651678787,0.23844587302023024,-1.4536313379891699,1.9239175814657787,-1.431855942586656,-0.06327853132567791,-0.7675269362048606
ARES.N,1.82234803317936,-2.179087572835828,0.9514783018492735,-0.8883938316756871,-0.24785922714023867,-0.4259373550003466,-0.48400361928057706,-1.0501305541862984,1.028220749599544,-0.7823466510844769
HUBB.N,1.612561918717178,-1.9063191415663576,-0.11768588560456551,-0.4610383551860929,0.26555802152880953,-0.48653534668960097,1.6195134033563319,-1.2413547539388803,0.40469317472087696,0.5624563033168519
KVUE.N,1.0309730425622934,-1.0571687809779227,-0.36701995615503197,2.531982497082206,0.4604149787477517,-0.12246792873277972,0.3708558238240196,1.3580934624334364,-0.6390675376300466,0.6280313853571121
AMAT.OQ,2.2127051636743644,-2.969900398480534,2.5220752741300445,-4.1756789484856025,-0.17800662098472944,-0.7594344246733847,-3.0921186446538256,-0.2552514542535674,-3.419796467361679,-0.6705124164015093
INCY.OQ,0.9736485197212119,-1.455697520351311,1.373359029666094,0.10418271577990557,1.1247209550833837,-0.9355434051697683,-1.8331281280622411,0.5604285660281058,3.160011298156657,0.3495240445104329
PYPL.OQ,1.6939282925816672,-2.370137050651733,3.16731004067583,-1.3466760629152188,-0.30954181236290895,-0.05724176277061073,-2.233529583851642,1.3139236841691018,0.6975054292979539,-0.41025936594869244
PSX.N,1.8451823596979284,-1.8275662675917885,-3.3776477180092592,-0.2291418423102149,2.4437283776495633,2.8986144657554203,0.22249974631189418,0.29787618192907866,2.0131294802363118,0.20905128604752543
NSC.N,1.5634222397185704,-1.8814549331322559,-0.3933377702844612,0.7177248983986959,1.0394671548159031,-1.0823637586444372,1.4731634875315816,-1.312421109116429,0.6173461855111587,0.4597217426691574
BXP.N,1.6999543246823434,-1.9130575496286018,-1.1977779173802918,2.3859397774226703,-1.3711704518447834,1.5870522982799378,1.5625132817879488,-0.7675765050886965,-2.8937210929643897,-1.7990689450243607
CAH.N,1.0791300331851983,-1.185968199930958,-0.5439966483228833,1.6598744381021864,1.5583267345390823,-1.8580056811882726,-0.07995880746228498,0.5094397970332395,1.89398606262909,1.2447317320375537
LDOS.N,1.1378262790205438,-1.4912659110901338,0.07727397724939505,1.6135431665284234,1.0012135357197192,-0.5042321920560069,-0.3007038352585305,0.6899953372565696,1.3764617836030761,0.18065590532449582
COF.N,2.38254638855057,-2.395286330562943,-2.244613662389278,-0.382784594648425,-2.1001530507843635,-0.20488790082823918,1.489251440717588,-0.8289227616718562,1.9600691187053563,-0.11587737899096845
BALL.N,1.1347898801661043,-1.2901040521125793,1.5720409042619208,1.9178040490673685,0.42926018203606425,-1.2297804854214307,0.5950806612711718,-0.8959673477932109,-0.4397776627568898,-0.5853157165899174
OKE.N,2.307532741390572,-2.0389478573147244,-3.4859176843250053,0.30720948225250344,3.383035646909087,6.013867729190087,-1.353772687148902,2.4492093560861807,1.1861770184771805,0.4851095124690224
TSCO.OQ,0.9546753730789822,-1.6713510424367997,1.1328827844281275,0.5545078085615958,0.971134272162249,-1.1210954386082097,0.6298851328596762,-0.4127496411642194,1.079499698788344,0.3434718743828789
LOW.N,1.499831814198177,-1.965340068099264,1.036188746859522,0.9002905978638159,-0.4241827488563198,-0.1485459924707667,1.1902293584740442,-1.1664288530669928,-0.011224253955659293,0.21447684699831693
MPWR.OQ,2.2433756742224644,-3.3930831627540474,3.732155622285591,-4.764984221557254,-0.3273868882147162,-0.9011371498022942,-3.3042104551105447,-0.6323059811269243,-3.5314326240840836,-1.0079285859872702
LH.N,1.2774689687201233,-1.6096471640582362,0.9335083501759104,1.697446584609435,0.11784235418208075,-0.2927692552653193,0.6851872096416595,-0.21521451725282037,0.28791131849135854,1.0692310392922661
JKHY.OQ,0.9041353724706074,-1.265781359600949,1.229303160388629,1.5481026113639516,1.156849186919404,-1.184578142031605,-0.14874684718591694,-0.05231287530121118,1.0375400503046774,0.5608543319682825
TSLA.OQ,2.1073502763443486,-2.6161078984536057,2.7832102811454966,-4.026888728550917,-0.876765375102426,2.16671436611235,-4.846666496684938,2.056163332679879,-3.1691014283530072,-0.99341375217897
RL.N,1.9843467204482421,-1.9237998030237047,-1.1941040010943518,-1.1182707437889825,-2.3876653272914807,-0.6823905881341545,2.219753962167274,-1.0352020738812338,0.04083955543649445,-0.3607356792799597
AEP.OQ,0.5289502834857441,-0.9893348054188175,0.5647217675544226,4.085361824703864,0.918985027077843,-0.5420015482332975,0.29272234973213035,-0.07870109267007161,-2.8277297962181343,-1.0600333466391347
FE.N,0.7906669343292988,-1.263268971548461,0.2997818691378157,3.6520428860582577,0.9133806290377926,-0.1271469989668347,-0.39376547069967854,0.2279077608776894,-2.3711648288738987,-0.6068654912943293
UNP.N,1.3894409044335196,-1.6907962128393825,-0.5651482290817511,0.5467231041099255,0.7026486590258534,-0.39966816104465686,1.1136618855387483,-1.0509451458343075,0.9526460983110482,0.7300831463122252
VTR.N,1.6606502101622456,-1.6610901515852716,-1.4145082809007787,3.6432263848547795,-2.252440664636428,4.465776552338862,0.01841007297078392,2.4243282372978117,-4.745637526775783,-0.8322156147067461
JBL.N,2.088944631924803,-2.090505357931412,0.12027177591709512,-2.460930683877548,-0.5137668624828866,-0.0178024860708835,-0.34505123992099745,-0.406292278492458,-1.4176229834588234,-0.8611143830708481
CSGP.OQ,1.365182121313934,-1.9911440897353638,2.068942378371138,0.15904881132201015,-0.3722766134393725,0.08154312340121991,-1.4350121042360502,0.7033088247334444,1.0552024314659534,-0.5543465593280555
RVTY.N,1.376871634979638,-1.6886737619114605,2.395848540724402,-0.40882806732547855,0.6627308867475266,-0.5405280817055201,0.610995740513585,-1.0796233547700602,1.2248232947044286,0.03056509612134403
ALL.N,1.1529517543736103,-1.4067158862226583,-0.963280439798645,2.323763280439055,0.5606928126717255,-0.9020093866102057,0.48582672688661266,0.3370383386947455,1.112987350258843,0.5937286511726321
IP.N,1.6546279760895888,-1.7204087122667377,-1.0654604965957892,0.617467895235154,0.679110324509468,-1.7111852089999007,2.5439597620080847,-1.9752510282672928,-0.17521925883489156,-0.14326969859520639
SNA.N,1.523609550507498,-1.6936514028413856,-0.6640255415289446,0.5228525897158852,-0.3922277494026234,-0.967804931139885,1.9919527237133776,-1.5459179288955076,0.2499516822718615,0.35223297280857563
EBAY.OQ,1.1508600700854177,-1.3124587116203887,1.7715818690666434,0.11857812826413047,0.24698732472157423,-1.2104764304403164,-0.5331373925676242,-1.200295668087335,0.7026937220019394,-0.410977451763494
TPL.N,1.7238433725961435,-2.305064428054652,-2.433788489179295,-1.531514104428771,3.8622514158840073,5.122219435018211,-1.184563341547159,0.44074709087126257,2.8752278646392897,-0.10418724651815651
SJM.N,0.31848179964446055,-0.8181884062885197,0.2627206933978346,3.0042331754506075,1.3503822506310805,-1.7449114608776857,1.0797416187213282,-0.6599146205897506,-0.5546444406268968,0.10645370961361202
KO.N,0.7706892635044402,-0.8441956101027809,0.04742739214371124,2.8454168027817244,0.36234775731217744,-0.4795215515658447,0.6264553165951127,0.524456536226257,-0.7290270895866401,0.35535312653511547
FRT.N,1.5568283102533436,-1.7211363508574602,-1.524683122066281,2.765828388116814,-2.0457813167523904,2.3689130758821277,1.517470343536066,0.34719014965099054,-2.7758318344094945,-0.4469708961986642
VRSN.OQ,1.129815572790688,-1.6377629816051424,2.0883129457957246,0.7328660849455181,0.8932073717108239,-0.9210544830626719,-1.5913977785738525,1.2510586357714877,0.9903915214454972,0.7944804413999021
QCOM.OQ,1.7428272897244579,-2.4578053719210136,1.9503801014524904,-2.8049461500423427,0.1936684028735555,-0.7296375569070948,-2.31438892548198,-0.19048546313178288,-2.2599449427019396,-0.5505607874349716
CNP.N,1.195168545100814,-1.4207175878251999,-0.5535731282844758,3.6037473336677013,0.5480654029455759,1.0276290320214818,-0.25379556784595475,0.36478622431683266,-2.6536047803703426,-0.4386462640832658
CDNS.OQ,1.4880471138226543,-2.288386272380245,3.2999910138133326,-2.0273994700867806,0.5020916244973057,-0.5387337935111687,-3.384441605480562,0.9238337692824701,-0.5659036693280602,0.10346656388613541
MDLZ.OQ,0.8505705535053016,-1.0374347120889815,0.6976059171866124,2.8497126049414705,0.6783727193661592,-1.2471325539535654,-0.19116608790221604,0.6618207674718136,-0.5851980300143992,0.5049642156531369
COHR.N,2.269167001393811,-2.733860726369323,2.554313973497761,-5.610833967395187,0.10261183862101343,-0.6819544769015984,-2.941264758178736,-2.235121394255704,-4.402587631653895,-1.536759011924789
UPS.N,1.1190845135230119,-1.6569980092563545,0.6954560650665602,0.1932186438701369,0.7333446307313025,-1.5528086424518026,1.6870365631301867,-1.2346434478248767,0.2900020477295744,-0.34033849230305485
IBM.N,1.228011223198318,-1.3129022557005663,-0.3141761870299274,0.9354630904413228,0.805448194103375,-1.0453345033186143,-0.13940490002521982,-0.30652185385333836,-0.1511718057587464,0.1771916501162586
MSCI.N,1.5539184265925108,-1.8982725365448483,2.519460029351333,0.09414985162975584,0.270635340826086,-0.21963975083369344,-1.3064765547309902,1.1415474521070477,1.4661006318588727,0.8712285172236716
SATS.OQ,1.686622789927446,-1.4714667805533397,-0.9966193383998769,-0.6229967612892872,-1.1861601319916424,0.5514408500288508,0.9418412005944352,-0.6867819671018099,-0.93473689962399,-2.358342226845662
MRK.N,0.6555673423353572,-0.9638718852983402,0.38348867624137123,2.1182368613318108,1.2874767447825244,-1.2351135693592106,-0.000863649812910109,0.6922160838738816,1.6496593965040085,0.6499864257631983
TRMB.OQ,1.9975422950239725,-2.0676221350880306,1.0973456734292308,-1.527811582601294,-0.8428639323967566,0.6048381483380085,-0.18427035988391097,0.5942292243553636,0.4869674107799114,-0.012522935998860174
BIIB.OQ,0.9592915028277369,-1.607902193389317,2.00543751209554,0.8488618144109836,1.686776398424292,-1.6299415509874473,-0.27397488798235947,-0.8240889777130681,2.6560168065877843,-0.049302048235267244
DXCM.OQ,1.2706868860377258,-2.2682551866548955,3.1690845513501307,-0.9800849428115368,-0.685775314895636,0.7630112835655211,-3.2716166883118163,3.082910190660382,2.922820073297642,1.7792644402688544
O.N,1.1538601384250669,-1.4955614289858041,-0.19577486334555916,3.6292699975792995,-1.1783176834033584,2.7699340121963245,0.49970846139701525,0.7542733769285914,-3.2913554314196163,0.08085138298981961
VEEV.N,1.3249637372148537,-1.835659246569464,4.014618618891155,-1.1700799947672538,0.576538162704568,-0.7420578170194521,-3.5233647175100384,1.5294241682802014,1.3213053433733597,0.03846668015268286
BSX.N,1.3334648228853048,-1.482370672321893,0.5180374947351696,1.1350992717502402,0.06164991123964601,0.06240535272846636,-0.8119503748385726,1.919450059752387,0.8909232384541279,1.0031689116751745
VTRS.OQ,1.4795448209320776,-1.3833244753392002,-0.46664546619150915,0.024833369639647954,0.4189573661325393,-1.5438660627369107,1.0257644631390979,0.355366462701469,0.6301652718281192,-0.3061592114408241
ORLY.OQ,0.8813777111640312,-1.4642443977917323,0.39001559253822726,2.0719400530638463,0.03696080608782153,-1.1780203468956862,0.1990527526148227,0.24444025672174455,0.5272161453345197,1.2141707316496588
KMI.N,1.6111680267714708,-1.4975657566229637,-2.196917689848932,0.7685507509463865,2.673786547558472,3.24892757833467,-1.1951384363494015,0.19943922666462766,0.5439966217434236,0.0938950591968923
CMI.N,1.6082546473846313,-1.4784416306284984,-0.7778378121152567,-0.5859402071306605,0.7829964221893165,-1.4218087059920095,2.3034148240308094,-2.3568116223620197,0.3065537592511578,-0.6507644212229886
GWW.N,1.2505900769399014,-1.7652906256730105,-0.08990480123989424,0.6959329816187179,0.9330884457195696,-1.5715332041085621,1.554111624858901,-1.5530935978776945,1.169505547925934,0.1931424637300459
ICE.N,1.0363648222705577,-1.3377470030448078,0.959091681880326,1.5274426802492194,0.5306719985018562,-0.29873167546800616,-0.3937419517763541,0.5114735125220857,1.0768572625307726,0.36935804173433157
APO.N,2.154488775169343,-2.2365756149751177,0.01637805633499832,-1.1501586550736271,-0.27212116802900965,-0.4418875857977813,-0.367417569817791,-0.3116537677004517,1.861552246676487,-0.229056084074878
HAS.OQ,1.5322335803176717,-1.645514471885146,0.2068567908680612,0.17550227336207957,-0.6181338283230311,-0.10494407517751442,1.0111888835608203,-0.7221681021881261,-1.0980001438427076,-0.2711277888905119
DGX.N,0.8443528560009586,-1.1720496895884083,0.8589064700979381,1.8767649642545194,0.4364337661455822,-0.7584975679653295,0.11577234632420838,-0.09196638172728103,0.2258428758702979,1.436336005069543
CPRT.OQ,1.3612134671149128,-1.8194617972257103,1.53921669756231,0.08786077728855916,-0.6686396907523922,-0.7990284721278677,-0.08054648312436691,0.6741231823493418,0.7202759271378876,0.7613435425211805
ADI.OQ,1.7772631307600226,-2.5523607141538336,1.5790599148669964,-2.3641959724851236,-0.2006020912419055,-0.6688521647778235,-1.7257402170015,-0.59345972234626,-2.3199928124377345,0.12439651642957505
SNPS.OQ,1.4650509734269568,-2.2568485028882264,3.3120908989594944,-2.0316009058041433,-0.09972781341397792,-0.5503555930255066,-3.048583238160249,1.0388065457075781,-0.06851329876923229,0.3249903339984503
CTVA.N,1.444898234669437,-1.5467579119757864,-1.0163477888816859,0.4875820338196363,1.3870231987000812,-0.5658508847770904,0.16090570605186008,-0.5418713666556871,0.5973124461715904,0.10364993377091254
NDSN.OQ,1.693555203895812,-1.9261186181979562,0.7077287388225658,0.10679037794812461,0.16549552342169552,-1.0791190739017598,1.106116174991431,-1.3201499866255881,0.342054062030902,0.047322515748207485
PFG.OQ,2.241038400557947,-1.8247736114798858,-2.316164827858866,0.5471182160029814,-0.2957317483425452,-1.0563751181609937,0.9312139070341103,-0.48486845504144377,1.7579302569770205,0.03923905216498574
EA.OQ,0.7999200123111063,-1.059467257347869,1.8916761834387366,0.12491533348967392,1.2737973574542658,-0.724633966258013,-2.710924459055083,1.0096333662124024,-0.416225536009102,0.36599784016063935
PKG.N,1.3932851420355514,-1.5608720994861534,-0.40789383747028424,0.876755364595039,0.7544303221459314,-2.114636456987573,2.0584523999936026,-1.8296272538289005,0.3945256734290177,-0.0031029734646230373
TMO.N,1.1173300415671206,-1.4348923280367942,2.4926504036428403,0.4530681809710713,1.3335784106849242,-1.6205689276625352,0.4035724452479544,-0.37432461732786554,1.9473992044401975,-0.3235985475778961
FICO.N,1.7142208697535184,-2.3752411518439196,2.138389824560739,0.30585205168355745,-0.7858837476390617,0.8371790622730166,-2.284509905203954,1.853850628567042,0.8626166998803948,1.26808835995203
IDXX.OQ,1.303454583783751,-1.9608891718997938,3.2725591721815026,0.0027806339257884813,-0.18679969252602097,-0.260548292158598,-1.5829951841129393,0.2579610898868527,0.7702298581682991,0.364017485596408
TDY.N,1.606910215813876,-1.7746780218654639,-0.08316220777226226,0.28135793759758954,0.0037521936496896064,0.9726707028175893,-0.08467121496317861,0.5211675077134065,0.7170860467092051,1.1298374712084605
SOLV.N,1.4832911266551077,-2.0022874958135928,0.7798313358070371,0.8645851297534418,0.6029184453306498,-1.0495590984466876,2.0465993998811856,0.6466358404927981,1.2160377192694967,0.9196973201852466
AES.N,1.718711446416655,-1.833441545667724,-0.21160887314306723,1.6448904996480658,0.38495642413050024,2.190059748418156,0.11239244314837223,-0.03837376570837292,-3.4778366912636747,-1.7514208259552757
TMUS.OQ,0.9597137385011765,-1.3234977559405614,0.7151447692426567,1.4179238452764011,0.7006097629417458,-0.9298866805698769,-1.7310821274120745,1.5988625553354407,0.8469408796594738,0.8300391862976545
PH.N,2.0910435015478654,-2.2988782424060172,-0.9718930255210673,-0.7478934861087557,0.019623267208180025,-0.06743315150401814,1.9664587469021588,-1.4308873882327688,0.3402680479763974,0.1629260817254809
AIZ.N,1.283358059618766,-1.4752402422342696,-1.0117860450438083,1.6771511920851363,0.06750807332454623,-0.37744465860667675,0.5055120719225108,0.13253282741949385,0.616088493021142,0.6938464410020967
EIX.N,1.0412602169661054,-1.2679282527268858,-0.14186747438251476,3.533268084476467,0.5677807459240855,0.6373241807471877,0.2744229798078297,0.00036602809350095965,-2.921307051149247,-1.154670795253286
TT.N,1.520930153815651,-1.7202767533741241,0.3863392839284448,0.1330014162896644,-0.30390800339787866,-1.144198157963298,1.2667895749106217,-1.1994310593036723,0.20359130581471144,0.10867454060842933
DRI.N,1.8108214219462484,-2.098188204285379,-1.385079497415945,0.8120428489440704,-3.0950290639636666,2.7056633118174935,0.8832007759590235,1.8105138077771719,0.021526759406967966,1.7993906212882023
EFX.N,1.4166271989853314,-1.7407676312461327,1.915424157994016,1.0867782791461023,-0.38409005232140914,-0.14586194393722335,0.4877563200121729,-0.5719427256419164,0.4336368648360522,-0.7123546638898012
CINF.OQ,1.4268228903056743,-1.6721226100048434,-1.19152370951862,2.6502385186794286,0.35367910762221144,-2.0003643434443004,1.039163253701986,0.23680159844788393,0.8893808305417698,0.5123059089835164
HLT.N,1.6812920345837161,-1.6572211031614683,-0.8788711160473319,-1.0363088463138699,-2.6559789891885734,1.1416643641525337,0.27974327977831337,1.252213302837854,0.04079984863397697,1.0776296592242307
CB.N,1.2210490870101451,-1.2163133003719706,-1.2275949030179523,2.572510641731683,0.002142137799543736,-0.9069581498208392,0.44429935070375226,0.5104796741246693,0.8122531269437384,1.3946464845705797
WMT.OQ,0.48713267513904857,-1.0645736130485368,0.8276770872019912,1.4761295002047008,1.031659421503644,-1.6725411653613669,-0.11082244566918022,0.12887377797484612,-0.34970058970069323,-0.08495011299431779
COIN.OQ,3.449279859621917,-3.5839157295786626,3.152432707856454,-4.396719618302791,-4.048825934719151,1.2482059972771662,-5.692549883533913,0.025817193557000802,-0.29923099148218557,-2.7481221503770925
CBOE.Z,0.7042568769658185,-0.8199111754722376,0.07520506269696313,2.129875060102237,0.3607236084901969,-0.23064486491660138,-0.41045679699144416,1.5232593298198414,0.8306820990127868,1.3564207951559888
KEYS.N,1.5864725499052346,-1.9942608034509626,1.90953950741194,-1.8547389620932007,0.5977115681425935,-1.4605601880105548,-1.307469910283503,-0.4225676400636285,-0.04932055036607326,-0.4605366328195782
CHRW.OQ,0.8483046409122653,-1.3292522624725485,0.21361065520879474,0.2883506982252198,0.8352304829939001,-0.9590172644835999,1.404659063885861,-1.1257843186999326,0.16534896481543038,-0.5490698048831347
TYL.N,1.088743211137591,-1.7089950027685437,2.7099885484792225,-0.028443755232381494,-0.24095672737058307,-0.5315697969886397,-1.8469938887941342,1.8257633884382776,0.6146955620138655,0.26059896961989604
SMCI.OQ,2.112237113537974,-2.4341749576048657,1.7955870492282402,-4.600949886752551,-0.5202898207493338,0.7984053504986628,-3.8199081800833556,-1.6974788692393725,-2.787619856596089,-1.6480042943245847
PM.N,0.8939756669286648,-0.8857764537781294,-0.3337761793289499,2.588211314083103,0.6708916468817128,-0.6464163910070525,-0.05622567008684669,0.7366433915553859,-1.396056521789246,0.12931730753753243
ES.N,0.6808595019180567,-1.2419237801699712,0.8872794009536719,4.4773538206797845,1.1657041387233755,-0.7156486324357346,0.7117348105440638,-0.6367713217271692,-2.8716897592226247,-1.0706241868060768
LII.N,1.3410897037359404,-1.7242541697998708,1.2649060387695,0.4315109588226295,-0.9477526967757018,-0.5730554379186665,2.3282042673049252,-1.1189355410943198,0.09200412630141304,-0.46781676020203733
NWSA.OQ,1.5997905248698105,-1.6006875625302184,-0.02357911809791565,-0.08735413958231737,-0.29055561823272286,-0.6011948874216824,0.5848886640415691,-0.6150037350826005,0.4328883303608939,-0.1803265949344539
FIX.N,1.9273779873212569,-2.2536132575550116,-0.40061657603352224,-0.9228748704211477,-0.6709919558548872,-1.237678749550665,0.6449476539726945,-2.199689542207233,-1.2441938638790189,-0.9047955537753104
GEV.N,2.302694515624791,-2.109076615260104,0.7777173663397572,-4.206720212499757,-1.2826970513762066,1.7952969965768981,-6.20906591980219,0.24433431357710755,-0.49270510616752394,-5.057659092829433
NDAQ.OQ,1.1826484826771482,-1.5770393629111608,1.3307530868532569,1.4329727760126203,0.6315363969971043,-1.326091493213711,-0.22813178447157775,0.04292167872337831,0.7951623299931597,0.11962936531603789
BAC.N,2.0443870387686833,-1.7978573994828855,-2.231063110896823,-0.11377190210938452,-0.11146882323195231,-2.2566296735535682,0.9092447230869523,-0.9400339144559782,2.6986274582382404,-0.3029166519129109
HOOD.OQ,2.7232079489321492,-3.0385598738864097,1.9653551829427658,-4.591295108015126,-2.424587915053443,0.8322241694169029,-4.524481360126042,0.06873800809686773,0.25758818739296696,-1.7469031201241356
RJF.N,1.938473932206746,-1.9660045060679476,-1.420122976330452,-0.2792551510443191,0.07485192141095322,-2.9166472839035147,0.574090812374967,-0.940681671720401,2.694155814240711,-0.02073524568250962
CAG.N,0.5049143421171879,-0.7672164166294088,0.38151744098735585,2.7280227119365414,1.304007711375393,-1.1386177520709873,1.1218999567669774,0.16033862790365178,-0.18090035657409495,-0.10316311860022039
FIS.N,1.5131975493484213,-1.50754509303638,0.6696396239994543,1.3829276209033636,-0.47396029195485934,-0.17106041353819365,-0.7476523425524679,0.9513649896531052,0.5525510882863718,0.6269932379899898
PHM.N,1.8431442785676975,-2.213340361562783,0.8802502048982876,1.4232971576800069,-2.056745322615802,1.4272921669194902,1.980481286416465,-2.023888114996677,-1.6792534424851504,-0.05063432433174102
FFIV.OQ,1.394585495386844,-1.7147628594253068,0.9026891029262929,-1.1600133768468475,-0.29681731118429083,-0.5041562083438699,-0.9061933323968192,0.07734926155281735,0.46798156995207174,-0.03348995112608579
DG.N,0.5831692763419913,-1.090593450331874,1.2290172500762808,1.7833490908958711,0.6609790788337085,-1.7953386877907545,0.7154516569328372,-0.6393058748731809,-0.8432267645592857,-0.36647460149701877
WDC.OQ,2.4392844615404377,-2.4586116623240395,0.4208811027714838,-3.7319494612923245,-0.29550726251207565,0.13344601739641496,-2.1925604235528677,-1.1466609739729838,-2.6798290599798387,-1.3751339679819794
EL.N,1.582980453616919,-1.8916610482993543,1.141477548132358,-0.11679253863940113,-0.5845888080468463,-0.4747997841841226,1.5489716217569305,-0.3968694804068709,-1.376366138540875,-0.24680094097244304
VLTO.N,1.446963328814071,-1.3584627168849506,0.9275776691914641,0.9384692971259249,-0.48562491530044294,-0.9028678709046513,0.6813172590117582,-0.14654266964343968,0.6507331337202104,1.029650479729391
PEP.OQ,0.669834759220707,-1.1435402324076278,0.7573324292442523,2.9503969233180025,0.9783496289322872,-1.3857389274196168,0.32278695400092133,0.677308964703405,-1.1248191003553456,0.31115042856382613
TRGP.N,2.7676393142797937,-2.0819891431174424,-4.598794090668831,-1.4279172993662645,4.65584934352948,8.590873976051977,-2.605446443985753,2.8749032079720904,2.9777933916238655,0.47945652459988053
USB.N,1.8725967378966288,-1.79753493973334,-2.215184568192696,0.8107025546157659,-0.7046881953277766,-1.575098914395484,1.7766786970936537,-1.0445944252966588,2.1626968459481852,-0.7346870590592615
AOS.N,1.3355171950023623,-1.6067362020312448,0.4685308790578715,0.02280209288945336,0.006801118485858896,-1.8300406462757703,2.3270493199213176,-1.9467891892214264,-0.08356357229354562,0.2167567236661576
MSFT.OQ,1.3109554995420625,-1.9987876850777282,2.392209907423434,-0.6525019783450904,0.4467315677614973,-0.9770323928829538,-2.814309405035362,1.3716911841110815,0.2911823693405943,0.6990185376271584
TRV.N,1.2236302453881973,-1.3609071989392543,-1.2914889951547357,2.5162977487153904,0.022273758385586755,-0.7831678728596879,0.18463233392215864,0.5036127972597974,0.49316200218689343,1.1119160510856603
PAYX.OQ,1.3415735500299772,-1.838195197465817,0.7444926516987046,2.0042578908023967,0.2641287160726785,-1.0219959367028466,-0.09105137646173064,0.020390933993265022,0.6289967289074215,0.7445117118939623
HBAN.OQ,2.085630048059857,-1.978092476248593,-3.0627898161474088,-0.21988670530985463,-1.383612207815534,-1.7418370470881182,2.1088178094066232,-1.4696336516037785,3.2238359863971846,-0.3437913998328382
COST.OQ,0.7085457955003839,-1.4111123359909827,1.600934935102022,0.8171967167805256,0.6562021306453848,-1.5503897204677772,-0.4511010337746476,0.4349144322022425,-0.1415783155473823,0.32544589546239805
WSM.N,1.8549576051412353,-2.5947163705332192,0.900555657100163,-1.124557496750663,-1.4673058290800656,0.5170258322181465,1.6092222779143632,-1.8967602555787448,-0.45265394920373775,-0.9391825660476858
PANW.OQ,1.3817584240471028,-1.8563990639257553,2.291096557454437,-1.8708558819175152,0.14977528783637115,0.8199019229452986,-4.108958588826851,2.4970677503613246,1.9942710552140714,0.761192717688552
MLM.N,1.6298183876204386,-1.877404268308529,-0.39851435266574453,0.33047791403902466,-0.8532387428897759,0.060757436930007076,1.7636050792315938,-0.48002862571276145,0.7577539010462283,0.268632823357319
EVRG.OQ,0.7672222321346447,-1.295969371274025,0.2210564842057814,3.945909770202878,0.7018386785613557,-0.5087438679392723,0.2259134927597817,-0.08705897033571408,-2.100700494645316,-0.843139982897224
TXN.OQ,1.5281685438657382,-2.4451695772341373,1.5502037000340012,-1.7812542850044168,0.38848432083539525,-1.3717059658793074,-1.6733218179151212,-0.8101385684820457,-2.4876171766183965,1.0465739462810288
MKC.N,0.5938674200091661,-1.0944188110496864,1.0625353421841977,3.2286585778381656,1.1755369437127767,-1.3995171650324014,0.3436313374063486,-0.5768341707278548,-0.6649810802760059,-0.23810191514539458
ISRG.OQ,1.5915455598805255,-2.1180687470318524,2.290257547501211,-0.22611006055753544,-0.11073208831369073,0.1833073430615252,-1.9804882127218926,1.7844059357962376,0.6992306593724886,1.1069631765312007
CMG.N,1.2106303861004337,-1.6698277494419809,1.5563948547110065,-0.9236513872539464,-1.1228809716202055,1.558430669779704,-1.8391150632137587,1.476615851632964,0.5997536830872175,1.3037033825222095
CPT.N,1.1134247977687324,-1.5749684808405366,0.308118244730745,3.23904853994668,-0.32107442138781705,0.8382576981365589,0.6933949282926165,-0.04602108847060147,-2.391804550965114,-0.7218421087572212
LLY.N,0.6563916733644524,-1.3088655006768286,1.1759995484339123,1.5845732897454543,1.8423850499453136,-1.7327854363758042,-0.7340156264618464,1.27795655763526,1.8034835142831696,0.6628109993909933
MET.N,2.0305876474275895,-1.7660602132459826,-2.245769081401623,0.6212626919711173,0.11972852117613574,-2.28141429764939,0.6764559736055897,-0.9573510510728884,2.6742043193350575,-0.08042629540673074
T.N,0.8726162104739058,-0.9049394864603125,-0.6723115745208695,2.5085635425979715,0.6308003500060138,-1.0396426892652653,0.6699701324191569,-0.13095099812316519,-0.27589344965524043,-0.42396611930399786
FAST.OQ,1.210625462483963,-1.7639740912974717,0.8240437791399203,0.5011841988890541,1.09377910023051,-2.2244927019505467,0.8922516083453116,-1.5576065000866837,1.0069847040132784,0.29235927706226944
COR.N,0.9002999774558604,-1.0506477351828105,-0.17360084432259298,2.1934630800192845,1.5021408993092338,-1.8432105187453884,-0.31315309679252096,0.35555709612686454,1.9244127695753641,1.7125412606039145
XYZ.N,2.6225073917839143,-3.239573968883884,4.4089478265825655,-3.231428088558789,-1.864842277113162,1.6034167092872293,-4.193259850781278,2.357829017329234,-0.1559917333442762,-0.8279301732809807
ROST.OQ,1.5746386315361953,-1.8781248316620949,-0.43659908890293214,0.6285768483860458,-2.1182232714896734,0.7385223436735553,1.0270792567166784,1.223888708209546,-0.12634006365484693,1.0197247532351328
CPB.OQ,0.20795510531457967,-0.8203004809405674,0.5128554748829109,3.1243845797392735,1.4543918387506505,-1.6669362654109112,0.867810350302406,-0.43354695482578054,-0.23053275594900524,-0.5468580633326438
UBER.N,2.0425176695861746,-1.9400251701568973,1.348603634499628,-2.647951728870297,-2.5834207281982478,3.3197030046080367,-2.445777078021091,4.064016597045831,-0.29129108591035363,1.0962650394675542
MTD.N,1.4854176103208667,-1.746402660383346,2.1645763078940545,-0.07357235329744208,0.6353232276791146,-1.6447256155564531,0.9728034596821509,-0.5900554243412569,1.197285694013447,0.2166423480829024
RTX.N,1.5120517696631794,-1.5761267316547636,-1.4707817302786104,1.1378464967903872,-0.11084121993005056,0.8332042207102275,0.6123732008103958,0.6818086647163912,0.9005653422842216,0.5294697789136532
INTU.OQ,1.5789159681395093,-2.2723025784426714,2.8981368071988043,-0.4138770016025853,-0.39735854904972473,-0.32028118905632835,-2.4586929128944903,1.412152916422071,0.6640242013685684,0.41103019023868514
AMP.N,2.3604051901038416,-2.36239677301163,-1.226134283252768,0.13460082271665808,0.10749362635113467,-2.380619686627928,0.1335189395858554,-0.7228883692703133,2.238687202597465,0.42390699542783017
MTB.N,1.8865473823397967,-1.8636832364012241,-2.948333930979852,0.6157521840533653,-0.9242805838581523,-2.114019946933395,2.366972645329348,-1.4632664304572762,2.067247596034962,-0.4838008973957757
VLO.N,2.017252170078062,-1.9250851942556182,-3.6178937522596604,-0.34602146881871537,1.8357827892923586,2.868138000684642,0.06492459860862576,0.7669989923506768,2.137839520604235,0.6264048086066029
ECL.N,1.4466156680966404,-1.501689803576351,0.6596463503471498,1.7357081031847201,-0.1755617551214901,-0.7066274929253111,1.0028972376914667,0.17441570961525932,0.11901794436926859,1.0078463067017291
PSA.N,0.7333230818291853,-1.2678729995705944,1.0779983844987446,3.219470180622517,0.12269448581142489,0.2265073221634928,0.6946041996915853,-0.34754149675126705,-2.1921358506393323,-0.5898479444992033
KKR.N,2.1746104223106864,-2.4734475159086196,0.7188205437333587,-1.7807678832178426,-0.4681616326931952,-0.1317169679399518,-0.09903336615093605,-0.7031845378993308,1.5219133969037988,-0.7033799448406937
INVH.N,1.149461560093999,-1.6860179428118267,0.7490302357959795,2.862518225576253,-0.41820373865386123,1.0531518262243331,-0.13958182084001622,-0.6458613228171765,-1.8241248788801987,-0.5358335505349757
MU.OQ,2.3327962482717584,-2.8445691776468305,1.631200703778971,-5.1224790680836865,-0.2921967220494791,-1.2789186614549033,-4.149212784164346,-0.9118826149560398,-3.3472151308152833,-1.631407891956379
WELL.N,1.4633795754691183,-1.6361426435966873,-1.0879032228565289,3.5602474850828947,-1.8915153896982515,3.410824114786594,-0.29452081979365285,2.1940691049929923,-3.798018935772328,-0.6713720306899545
AKAM.OQ,1.095774675641304,-1.3974971473308053,2.105271488941929,-0.11592975489045983,1.221476149019137,-1.8722306124802648,-1.3646099334188984,-0.027098493345353303,1.6189018825528287,-0.24235722764133846
VST.N,1.5295647512088133,-1.714232346020918,-0.39925780603148403,-0.41834916308046105,0.9118328036993824,1.6068924814464058,-1.9940682982833342,0.5033712560830605,-1.6027150291111754,-1.5049139454572777
DHR.N,1.0953044286293132,-1.552344500913517,2.2493723607978264,0.6656922460438688,0.8597782654157425,-1.0649736409939006,0.3451517379933093,-0.16686935460131624,1.1723375031942649,0.017137941722463135
PCAR.OQ,1.4160956725274723,-1.6066509722637436,-0.4932833164487174,-0.35011697338457554,0.48064473780158967,-1.7544955031978677,1.9776661931371968,-1.587660937996301,1.2391942126566482,0.1018188668767136
PFE.N,0.7588767044516447,-0.9675319999225912,0.5736003492302214,1.8177332445871783,1.2633435569256448,-1.358663658277932,0.6625517646562217,0.11572252735455711,1.2808318266921812,0.2676179129944907
GM.N,2.1234417808899915,-1.7723275637783544,-1.3295027685280723,-1.0348970641826432,-1.6505661010584103,0.6262309453289335,2.391029740261452,-0.6872727631911212,-0.16540181357853848,-0.7111566362495683
AMGN.OQ,0.8257994648665458,-1.2868505707133011,0.8628850760000474,1.6262567979457732,1.7417492544387492,-1.8880972751781295,-0.3796521889724161,0.26224193601716456,1.3696860762166774,0.28927433221108745
AXON.OQ,1.6139390462753405,-2.1346319152767217,1.8267346944632847,-2.2541944023718408,-0.9630545828058433,1.3473792552061608,-2.2972620512536612,1.5882810944102383,0.8766271350374051,0.9377371682189869
NEM.N,0.535971552714536,-0.6324022466013096,0.9681671757314041,1.2275062537971688,3.5261634657253706,2.1460571983935712,-0.5530302917653893,-2.2112943419857385,-5.70083324759327,-3.4418063135175
CSCO.OQ,1.2713060851411702,-1.6658270223243352,0.7219118225159038,0.09679850948541922,0.972396282230584,-1.5961179026870616,-0.7502400076735005,0.016778890998433965,0.22966126333363812,0.326712407951311
PLTR.OQ,2.1620191816607117,-3.1775913093491654,2.723968799175136,-4.715956412214086,-2.10140834817675,2.9077680982435146,-4.676108194394522,3.2520482745023815,-0.7483508086160355,-2.0335105321310474
AVB.N,1.1744156395997003,-1.5618955259851102,-0.014365067016776428,3.2847328012284396,-0.8460078895484484,0.7725025954296206,0.7845837156736536,-0.23697743278520636,-2.481487470326173,-0.5751496731621563
HPQ.N,1.8728631633156096,-2.0823668366378785,-0.013440915967340972,-1.1586443000144322,0.016529436123116643,-0.09456629967570528,0.3797367527859232,-1.1567489040746095,-0.45136047711732175,-0.15483786627443602
FTV.N,1.6182100845808658,-1.7074620086987697,0.13886589842540914,-0.1460303265216843,-0.21611010297196628,-0.3092436911228785,1.3751366770895852,-0.7555402745364931,0.19011233273728811,0.6430483870027387
ETN.N,1.7756866208025968,-1.9847160900649081,-0.25131185463054273,-1.0634052207341853,0.518481166273508,-1.0651991896918762,1.298064849848908,-1.6130191047015339,0.35030031954111956,0.05458085337198486
GNRC.N,1.9062868243298727,-2.7375996017537028,2.3275897163019006,-1.4766360586920206,-0.0369309015424329,-0.39433123276105514,1.0807245566646946,-1.9544244693506019,-0.5522138553971961,-2.1826608692234273
DPZ.OQ,0.7135562950900535,-1.2267718311801048,1.8205150450437784,0.2590641912586189,0.10344341775572581,-0.6161483373198405,-0.972334779440166,0.3272282434580579,0.15803922369493958,0.3130926480077891
MGM.N,2.7630928447635834,-2.6201253139802905,-1.4417277495224052,-1.4125991527959976,-3.632342507832362,3.3653554742370138,0.6556706350407376,1.8252841201897894,-0.9136592244408416,0.8681447564816943
AJG.N,1.1382881575874082,-1.3189340089042692,0.25966244770314495,2.0561358147289144,0.22286236561785258,-0.7364584262941701,-0.3153617858229571,0.44730247376497645,1.0812840886247777,1.6541217583025432
MPC.N,2.251877534702382,-2.0047880496275257,-3.275208353563542,-0.23311808594285593,2.125196727112804,3.0394459566623606,-0.5574139621998291,0.48782964135684587,1.9344635921703093,0.291380703909173
ARE.N,1.266975172343579,-1.8218940433815904,1.1689657919672503,2.831576086749061,-0.028899045999036106,0.5694710297691281,1.1316233394947737,-0.8974629120609277,-2.293344698851763,-1.8727451440439615
AFL.N,1.5105066575264505,-1.3883340934857222,-1.7471534350151876,1.9664022194633288,-0.17682739593254532,-0.0019186134753065272,0.6553472238283876,0.7150065286838311,0.490591335517172,0.7795191187730532
CTSH.OQ,1.5445062382504302,-1.6962621027379363,0.6823305969255856,0.654872681143112,-0.11612950428410963,-1.0102277683326635,-0.48503308152134306,-0.15385481954875846,0.07842086820230249,0.20104092821105418
DDOG.OQ,1.6816920333529324,-2.3162117962980653,4.4150216727916405,-3.1764645826115405,-0.8624023807861236,0.8768629212849886,-6.0351555251168225,2.6910336581871643,0.3947296482408685,-0.5412589022396975
CF.N,1.7431309271884976,-1.495174260797443,-2.541606278781843,-0.4758781013435166,3.451936044777446,2.31099738479567,-0.33031231419058404,-0.9107132338580127,1.6804567053636328,0.8587416695571684
ANET.N,1.7165370468326335,-2.2311993154766885,2.7186419719148756,-3.2277627775145605,0.3396052484368954,-1.6344273678912478,-3.7305293652877203,0.46181379031625164,0.003586285509084084,-0.7151680380828667
GOOGL.OQ,1.3232688565424033,-1.8492984274210846,1.9543141726404698,-1.272872192210468,-0.2152070026020019,-0.4484012772276766,-2.4289463921903347,1.5268732550985014,-0.04480784613490269,0.061001034898676365
GIS.N,0.29671793416128156,-0.7399877557223861,0.5521912370083546,3.242388058124309,1.4903837594833202,-1.780752273950205,0.8042369431935327,-0.47837849956516787,-0.2925192656915411,0.32734568135555264
IQV.N,1.6995661532869533,-1.9134777574081914,1.804406187908915,0.5243574531752629,-0.10703279350418811,0.3094996246935334,0.5655660072241294,0.32077321953386606,1.3498498153412437,0.4706451983303351
TAP.N,1.095185122482101,-1.1399225051273167,-1.1643397903868282,2.4592221687796507,0.4186128143658943,-0.4690073356323091,1.551456834465302,0.01117737482764803,-0.20458190707222929,-0.38583874019272446
NCLH.N,3.3282903222577067,-2.8791075780465505,-3.1528405772096013,-2.491597846098301,-6.980085793128707,5.474708595692412,1.9676554675195812,5.396848219451643,-1.6313254103962118,-1.6208728439374387
STX.OQ,1.7595042230325997,-1.9995842980674117,1.033686276565762,-2.4290884178951497,0.4101214758368118,-1.3876493095389606,-1.4202564175138281,-2.4907176448849606,-1.2133518423598013,-1.3826710938988815
TECH.OQ,1.3135230051226157,-1.815544055145419,2.805778786099885,-0.4700682369818289,0.14977431553976736,-0.5796520998593955,0.4729671492909212,0.26426929007455746,1.4208032886118969,-0.5854551488432951
BFb.N,0.9943057564083163,-1.329011962297966,0.8519235703895933,2.2993943775437775,0.975412616545221,-0.9880723058935275,1.5500497634679495,-0.002041359804842759,-1.0153966121825366,-0.06427920980597383
JCI.N,1.5581760218207739,-1.6175977840727849,-0.08582089205905269,-0.1006063742734364,-0.30842774339115425,-0.37597396300775937,1.2437440246091125,-1.2390737426253493,-0.10107282029290153,-0.36135072478626795
FOXA.OQ,1.2393446531248735,-1.5663525678456895,-0.9797704601952066,0.4738713102229187,-0.9980050390528623,-0.26353532566461974,1.157167106785565,-0.9470986785623196,0.5190918133994148,-0.6636337605280639
KR.N,0.20496866874665334,-0.8492607409442171,0.19623619486705776,1.7986618930511584,1.94678338127984,-1.8814643828977953,0.5461951190095079,-0.503318175336004,0.753717874638077,-0.16999550678415562
AZO.N,0.8708346866682453,-1.3322253039273442,0.2850784828543282,1.9827001089597023,-0.14914788876944066,-1.0975190939744042,0.6124414505002072,-0.1476151884074331,0.03909008644220225,1.17451735961039
KDP.OQ,0.6323730553656586,-0.9312933075436836,0.45864660767281834,1.8195801876469813,0.25802582842840344,0.10912103135183705,0.13681031932312515,1.081595094725851,-0.6998414906019338,1.028072145928785
BDX.N,0.7869159921172542,-1.0803753878811921,1.098205451635301,1.7111860069623173,1.321305865006915,-1.365557962139255,0.11855331644387417,-0.276014287233097,1.2457184834602353,0.5751238788452608
L.N,1.5894404411406187,-1.6864592239371468,-1.8073748639791796,1.901824480687247,0.7297578563633758,-1.2121808919251933,0.7456880606322487,0.517957042084778,0.8034262714062423,0.36649973408275593
WDAY.OQ,1.606045371810882,-2.19291395052518,3.0954974382321896,-1.5345983500249747,-0.9532455464420238,0.47319654462407473,-4.015101199398134,2.8988124090752034,1.6371496422400857,0.7602993596423405
EQR.N,1.1705709453895268,-1.5813443294109688,-0.09349025017219637,3.247128034485032,-0.9493941803238911,0.7112761763281905,0.6646752819773455,0.2427605165665057,-2.292346896786767,-0.6611811320100861
BRO.N,1.1060572667561437,-1.4387282336268088,0.5547918857463265,1.9353754203254623,0.4134418299407258,-1.3237556825486032,0.014437682007434964,0.3607408863963298,1.2670366319349573,1.3409807295570886
OXY.N,2.236342073568449,-2.521892732382132,-5.287331383749679,-0.9292369068881708,6.134177303487953,6.6718300402210655,-1.634369338718947,1.0116013946807025,4.115199871029127,-0.9504818608702318
DTE.N,0.9488808557133243,-1.2292056445475568,-0.3952234226095674,3.909836274169775,0.3841277841758511,1.3179055309013286,0.47177638610845174,0.6593854158353128,-2.467917442620269,-0.292815850319086
MCK.N,0.9315418025542144,-1.0629594497036081,-0.3385693979194905,2.0794976978969326,1.9977514491226291,-2.0788535835786104,-0.6054090285363792,0.44259297758462096,2.1161962340364964,1.6852865531712515
APD.N,1.3456631882555372,-1.394070809172833,0.42267878298661693,1.27261557153647,1.3232084452569226,-1.219836578366439,0.826800045345425,-0.6993643293160258,-0.46782698794302596,0.2860253668787527
CI.N,1.2484445925699328,-1.2779294209102163,-0.5611154730865373,2.284388333247216,1.2616414925680592,-0.7615033660064169,-0.12258563549283112,0.9852548198068116,1.8596259931743075,1.8149694332009325
ZBRA.OQ,2.021362026304659,-2.4026180242573054,1.8028805924685873,-2.0221720117582542,-0.1408043973294266,-1.0040675790440095,-0.1873610107253778,-0.940050550933797,0.026543782401810642,-0.8949733550271332
ADM.N,1.2124381840863447,-1.3475648220153258,-1.1820692946901192,1.341724874975448,2.395835149721723,-0.5780248130835616,0.689123748461893,-1.025031133340131,-0.33604729299446745,-0.04802041306358484
PNC.N,1.8843442646227797,-1.9792824448348347,-2.0251840380310977,0.5031779708768439,-0.6541566719058833,-1.6657392276086735,1.583429365262311,-1.0472048408750376,2.325072303616015,-0.2296522662159681
LIN.OQ,1.384630655598135,-1.1353509640398796,0.45286970757904454,0.8178634034897024,0.7762932564023989,-1.0604674495678321,0.44191446358903547,0.2312950371720255,-0.0708954099775903,1.0516783440259778
LYB.N,2.1630645216402438,-1.8876018853392227,-2.320791549828292,-0.2534452860201129,1.7676577401635891,0.09838091123345243,2.414014440137885,-1.4376614948203221,-0.43644406899539573,-0.36381498692122244
FITB.N,2.3485728626755895,-2.233173024211267,-2.9939030899890637,0.26611108337031086,-1.4358104014792104,-0.8661013314594321,1.7688463646365316,-1.0636922836613911,2.6866810279388025,-0.40579429672611994
CCL.N,3.2437184516925264,-2.6552313434058905,-3.066663837675138,-2.042073600262068,-7.652909846344838,4.941038717912345,1.4950484101331256,5.311378027785918,-1.7467934344794964,-0.8582610263816874
MCO.N,1.6851502733931938,-1.83520092647911,1.7761240649913221,0.9991945628041342,0.21695413238578082,-0.45431805694803923,-0.9778518207293224,0.07092731660039564,1.0838899052875013,0.41303564823452216
PTC.OQ,1.6235606617497584,-1.8783692291165477,1.6883343073245465,-1.5466081233845521,-0.20062989564701852,0.27775941899373596,-2.062067461212479,1.238774328699327,0.9940795039101673,0.7302598157215008
CMCSA.OQ,1.1093293723681914,-1.5978142746762942,0.010875298458120646,1.0873394952754234,-0.05815864349908354,-0.9136548349046472,0.3046874390968632,0.5207377579176545,0.28004351574658043,0.06625407622968521
DOC.N,1.3635921616881013,-1.7051058737755056,-0.05378073238732643,3.6967635033947532,-1.0863125664985296,2.154630823446962,0.6318132152786834,-0.29472770742108045,-3.723371013545292,-1.658721266851054
EQIX.OQ,0.9472362604574136,-1.6784825986593062,2.5304101219639468,2.0091697670909343,0.5485275306443915,-0.12516982567824647,-1.291789883166776,0.5211363484271274,-1.5244313344925557,-0.9014392610080613
ALB.N,2.2250306788183436,-2.1643720789278933,0.44119620992473224,-1.9907678166003286,1.3707836299993854,-0.4855046103583261,1.4467127973957044,-2.918299647485997,-2.754235380036119,-2.111538077204455
BEN.N,1.9107768803332967,-1.899550653206924,-0.6062751179201566,0.19333424600868118,0.2297127714940548,-2.358644548003646,1.7504938598730662,-1.8079154760328453,0.6005072196979019,-1.3211095051971917
RCL.N,3.050138415763921,-2.4275334711767003,-2.8908784836403942,-1.9195015411685497,-5.8640701488601055,4.247574640141698,0.8136977493081652,4.718793184256377,-1.3436253472123394,-0.41286091879037196
HII.N,1.1494348504150669,-1.4756372108028037,-0.9166586026372383,1.2759300665764401,1.509160500398968,-0.9471131658325102,0.9096262975712348,-0.6869213633222236,1.5416093647633184,-0.3058858919794921
AVY.N,1.503423302286665,-1.5413489212127578,0.25228197753923937,1.2002527510657348,-0.008622432476462636,-1.3498729242451282,1.9889656996912317,-1.361482611481958,0.012042428660608447,0.4918276797296712
OTIS.N,1.1483993612883554,-1.239232996205414,0.5043649359386339,1.1500111612992656,0.4058991744502779,-0.8709457186162507,0.6282127086338282,-1.0844791976357278,-0.5363629354187852,1.989270679049471
EMR.N,1.8279459028371587,-1.870950661328552,-1.1823374752204443,-0.6685255979915128,1.2395220993182203,0.0904399927852331,1.5771185262631295,-1.1988363250258969,0.9711365797279443,0.5668251885984585
FANG.OQ,2.2924613824063007,-2.341082938060851,-5.470137436549451,-2.2303369658558823,5.753337219244786,7.455737387483138,-1.9800423229345965,1.7147311676609347,4.477607964837843,-0.19238925845434962
ROK.N,1.761305056498939,-2.1366795278843087,0.1478960568107923,-1.0016225424609517,0.40314304727673744,-0.29524809907964644,1.6408607653107037,-2.01742756172838,0.8249902168590908,0.21703065989210554
DIS.N,1.4914849839005198,-1.7626455526291704,-0.3188443062223327,-0.16326461219456975,-0.849540888614482,0.41431202404134565,0.7128768413255022,1.0896384321786274,0.06336292677945267,-0.04188123241294402
KHC.OQ,0.8465818529095549,-1.0518790021147828,-0.07496043226997488,2.8789485200143896,1.3904357896801454,-1.1057605730149012,0.4744287471861998,-0.11350282308055173,-0.6736074806657093,0.18966143513414413
NEE.N,0.8172877387310662,-1.2222141237039672,1.4105175309117803,3.679583988509776,1.0604679710051441,0.3310833830658643,0.0045956913834455625,0.1099214958932469,-3.209932915249569,-0.43050433354646106
ADBE.OQ,1.4516549275955544,-2.262775038973439,3.3846886739407123,-1.0689300769463543,0.04924483693934438,-0.611733536829751,-3.62066793226741,2.2780834986210787,1.1159829996765924,1.1704010581865913
VRSK.OQ,0.9802244257294107,-1.469600415723692,1.612134005922266,2.10535271486021,0.7331802867026137,-1.0025312753133184,-0.586251474929681,0.8687314412497145,0.8739733046554549,1.3927540516126293
ALLE.N,1.532092890007068,-1.699844780357916,0.4192249481049936,1.1370602442083966,-0.2696953710296947,-1.1912933842982807,1.4083619758247545,-0.9346034944837159,0.057035662381824705,-0.028521880428034975
BLDR.N,2.548964902129323,-2.81745076026861,0.17906864440637202,-0.5339188445355132,-1.7721031755912977,1.1236004885521191,2.6159992159873138,-1.6071331408402252,0.023723847685858442,-0.9732103778415946
CRH.N,1.9075707863229874,-1.8886443465735923,0.6842568789850596,-0.9200792397425468,-0.9770257842929541,-2.0467576230794116,0.16452931095321752,0.31593237719942796,-0.11239591507215266,0.37292627397161077
LITE.OQ,1.9508495996204596,-2.7220969000332893,2.2600973455341364,-4.867286221628721,-0.01134807062253947,-0.8837792662907971,-4.262165471523918,-1.4812857757828082,-4.294193440423431,-2.7047612697751564
NRG.N,1.5685283837798445,-1.9490980872416717,-0.142298878564265,0.08321939820328662,1.53313114460508,1.2266991756499335,-1.7826607988857857,-0.18166567622623953,-1.5041836194135227,-1.0639607834189553
ACGL.OQ,1.4176316416960832,-1.4452829871829895,-1.2932783671030075,2.613703368625844,-0.2442538845745674,-1.0508238564437071,0.0903388084804078,1.0348634742311258,0.8444605397206021,1.3720982422576933
GOOG.OQ,1.3226685957570532,-1.8357833836866426,1.9222339496145633,-1.2838997783791075,-0.2145049361393901,-0.44787067699930194,-2.3852562239844968,1.531191664210684,0.03394454706161625,0.022821141969880217
KIM.N,1.8076773278016234,-1.8291904466046374,-2.0531526042271113,2.8435533780738007,-2.4644529486023035,2.7473101507089894,1.6361783893058324,0.5630577542123106,-3.0042137429709044,-0.9312482506213503
CPAY.N,1.8451680830103316,-1.944047333266238,-0.30095664966650676,-0.1017774496934745,-0.18041946815756943,0.23190268349152568,-0.12446332543381652,0.5662173821949232,1.1230707979904888,0.6053022377509117
BKR.OQ,2.0158984837467586,-1.8113437121135618,-3.461496581999024,-0.7864064254131048,4.261776452974103,3.0570393768568014,-0.4812148324406274,0.14089806082099038,1.6804062006074658,-1.7434917070083724
GRMN.N,1.3922431556523256,-1.6797926527541365,0.8366373393751769,-0.14415390200972497,0.3329014226243977,-0.9051034211814524,0.5661942048477349,-0.9340704691425799,0.011576752363397507,-0.0034881990110517532
CNC.N,1.1796435198221278,-1.403344185904526,0.4902002350477435,2.5605583288629927,0.9501267171762928,-0.9653260710411605,-0.8080062984696041,0.989314883108274,2.694993759592647,1.3093708525401853
AIG.N,2.061817786320475,-1.556815605672354,-2.5835372583211074,1.2883322467754748,-0.6889495576999105,-0.11987352601689186,0.5318422650273024,0.9108305606247789,1.3756722719097938,1.0829936987933229
SBUX.OQ,1.3986449140659745,-1.8998035996507787,0.6319261144418202,0.5834183379030774,-1.0076819432866928,0.20614143514707045,0.0006256061392828132,1.3528533881318154,-0.578796987899414,1.076028100112086
REGN.OQ,0.7346618262883393,-1.460248690727391,1.7863544025392968,0.48036556871857417,2.07146007906851,-2.4330417469865857,-1.1075926411437427,0.3119724023245744,1.8966096122475704,0.16034127673606055
JPM.N,1.7859871503088,-1.6720725496855235,-1.9939372970408418,0.11694030782842665,-0.21896480425015816,-1.8632808702384982,0.8095595307502783,-0.2642032953492052,1.9671180561837427,0.13053494651474606
MAR.OQ,1.9120387025155354,-1.8095406829798484,-1.493123208250191,-1.188351380345372,-3.4335208954836554,1.8398897692010092,0.9579940395280844,1.1329128410296667,0.16620450677550108,1.203512798902316
EQT.N,1.3090015668668706,-1.887467455575602,-1.7019803706612802,-0.5885130515801364,4.508197795464514,1.373403242224999,-0.8736059786721643,-2.5478015510176446,1.3655750412036542,-1.1894356302079432
AEE.N,0.6541450220450701,-1.2282763201142646,0.558978965883721,4.2629845650495675,1.0144654929114623,-0.8135052156191763,0.031140695660011278,0.162022450210359,-2.6775676772016457,-0.8327351264593617
WFC.N,1.9226935365675404,-1.8270926391259135,-2.4249277821541875,0.33369567723488863,-0.6259041316364929,-2.1462407704363664,1.2351827109641884,-0.24737183564926804,1.9608976584098379,-0.8213616667285923
CSX.OQ,1.4936230550108303,-1.924471585346016,-0.2622496792910104,0.5232857064326714,0.9680494815354637,-0.9021659692353875,1.0284495487141767,-1.1499978812373133,0.7806395005288415,0.735555233550553
ABNB.OQ,2.2225602805418374,-2.368119080731558,0.15041412693728548,-2.6208298467012123,-3.395317613341703,4.6071872828166285,-0.41315700055674415,3.843795533593704,-1.1800374340093918,0.5548006014465507
NFLX.OQ,1.1896453442559733,-1.979105132473851,3.180052785913168,-2.3369228244273716,-0.08544655580929046,-0.8305751138293168,-4.666781792705918,2.5161678144491653,0.21404413955148135,0.25010124589952204
SWK.N,2.1897056631032012,-2.3607960388286955,0.18305583841668563,-0.0168130345019215,-0.9737657498321007,-0.552087352525085,3.358411586949183,-2.4509965407557575,-0.4325864913081265,0.040499709940096974
VZ.N,0.5446330691023137,-0.695080781030657,-0.07775346767825993,2.6424667696136055,0.9292927443489881,-1.0504434702610332,0.49247041888783843,-0.2570186119723286,-0.635268520396295,-0.11287544931895824
CASY.OQ,0.905407132872536,-1.3645938775060196,0.1804164774198539,1.7689426110324227,-0.3628684246939736,-1.369865524596902,0.31320394965284915,0.027022897300258763,-0.019796236939732387,0.31012899259996646
TFC.N,2.0849308568762193,-2.120777139365967,-2.5166624009803957,0.5980319713896215,-1.1383416081958988,-1.3395216235635226,1.7194789870867835,-1.3412321915203758,2.44260975782728,-0.781589782130957
ABT.N,0.9717432634834323,-1.3043398617554887,1.7788909581628563,1.7802443644786468,1.1075158467002357,-1.8032198519098153,-0.49504353755335245,0.3181407330073036,1.743708587730426,0.9635558662020846
MA.N,1.6331815802430631,-1.729427066809859,0.7880212118713134,0.4285173786761235,-0.37915285736655535,-0.2433540904266391,-1.2806698575361968,1.7642610459429273,1.0185051498955062,1.3937973788430806
RSG.N,0.8445470192398647,-1.1225568007786364,0.3132061938743748,2.5045085742107394,0.5114533554593436,-0.6960313487307169,0.11932234584918826,0.5068257574896706,0.17575518555001773,1.0004116190871277
STE.N,1.2107986451177073,-1.400638840291895,1.259698336371226,1.5683210850279394,0.4843769343453139,-0.6032054242553252,-0.04289172867815175,0.43215138838487455,1.0682172995412036,0.28966438634078395
AMZN.OQ,1.2600829365283237,-1.9707310660971236,2.939798974725616,-2.3103927177078916,-0.014547640099263157,-0.47714327287678204,-2.8176039674915203,1.5346255031754212,-0.17723849408324943,-0.36679995267712134
MMM.N,1.3092152600089493,-1.4577389030470513,0.0030525070961444616,0.6983226483761481,0.6159354981465694,-1.5355599738433403,2.1569413332045277,-1.438718003829575,0.17129197365876925,0.11846179794558948
CDW.OQ,1.650270412819579,-2.1006115865950883,0.6884018977302229,-0.541121103906433,-0.36358205326554743,-0.41986264062173023,-0.10467915196317369,0.5649492508063321,0.1756946472609186,0.6344417768521956
COO.OQ,1.2683151304305043,-1.630804306396564,1.5008929942353175,1.115613750497034,-0.17686184457892765,-0.10667360171907833,0.14807271610580203,1.0184413637941612,0.30822968496230807,0.28019737392640565
WAB.N,1.8162607608145471,-1.8768724563228247,-1.3841693913928808,-0.6548397305885306,-0.08342402023591178,0.048243501445715646,1.5149005176556085,-0.8281263682939429,0.2553831123314108,0.19566161248501027
NTAP.OQ,1.7084903857972862,-1.9110309392786793,0.4314642092414368,-1.8143049189039975,0.23060561585217068,-1.3780865580077677,-1.164559052336091,-1.535328760111562,0.3617920317030702,-0.6027824548225587
TTWO.OQ,0.9577266993349713,-1.530410685994498,2.7111031373649777,-0.9452252639779093,0.8728740729253712,-0.6108366820683557,-3.03850773154805,1.350652795226967,-0.8266072655877159,-0.08065757810335149
TSN.N,0.9211854445374227,-1.2270639043386464,-0.8073418024601372,1.9083763047934272,-0.31619211521530854,0.5537494984861437,1.1648263048720142,1.0089904934067773,-1.2822352367770042,-0.2228303339933597
DVN.N,2.576976889211449,-2.4456117632328804,-5.222015510256403,-2.27572918294415,7.176343381714931,6.442810235667456,-2.3678552244801816,0.9098184764635006,4.189913553337762,-0.9399362625816634
ORCL.N,1.2298579609820954,-1.6747242942516831,1.056505195334422,-0.7065019286996151,0.863315324161247,-1.7477512709073362,-1.8061891743791842,-0.21253034535474066,-0.4724982898808012,-0.44184159863156763
EG.N,1.2562526911383325,-1.1931708882346175,-1.2267701213859679,2.1707424030372473,0.12065066978341933,-1.2397779643966036,0.060158064775042416,0.7015765740744491,0.41146473250923465,1.0603000498559014
WBD.OQ,1.7919204208606898,-2.1504125168081867,-1.1065316324720202,-0.48745926810578183,-1.750041092199176,-0.10409637472667174,1.374735236896153,-1.1555749572074256,-0.5505456422788052,-2.9396596106744854
BX.N,2.1787035183367283,-2.264141719298364,1.2548035259987413,-0.6372650801873493,-0.4694858096806939,-0.32226196495241066,0.1583963742660234,-0.5484231967187511,0.9813195122861609,-1.40882943851417
TXT.N,2.0407378755875833,-2.154329215798172,-1.559457245100448,-0.04638748442787747,-0.10854838467579868,-0.8799243448102988,2.110874910262293,-0.48184375144589897,0.6556476015893682,-8.826691006273556e-05
HCA.N,1.582340809133464,-1.5184525112407676,-0.404774421652175,1.6737505051817914,-0.5036271891875429,1.287175197269313,0.7317691434892067,1.5316160038386064,0.20335646066102794,1.1837712321327938
IEX.N,1.365035463379829,-1.71487710183497,0.2667642764884655,0.20734119104790583,0.521273171949838,-1.153530922226208,1.642128830326442,-0.9932660414482881,0.7486915407085051,0.5877122722988843
FOX.OQ,1.2703898222744012,-1.5882186040697546,-0.9143149956217616,0.4496958940724507,-1.0545944134571419,-0.20890389230352452,1.100715080063061,-0.6872586313045598,0.4453183623327324,-0.6233876214231152
MNST.OQ,1.0007795373211692,-1.359347843686977,1.2990012004852916,1.6365591340555434,0.11264118606671406,-0.8155832818415605,-0.12463306321506307,1.1189156803960312,-0.012308573960931518,1.0751403217083983
PEG.N,0.8788358975657071,-1.1949024918474735,-0.021702660353748467,3.070918665004924,0.48636533462350734,0.7349192498979992,0.26745407744566885,0.1275925682067955,-2.456348141436913,-0.7065477170764388
VICI.N,1.5271324857198059,-1.5322416955593134,-0.32913240785456166,2.4575907567568613,-1.1093956303416435,2.4644461340025647,-0.17701059435597052,0.5447541027610953,-1.9092857047377072,-0.08895835950850421
MO.N,0.717490759535434,-0.8122212018141121,-0.6303772697911126,2.4660506236297657,0.9167538562310672,-0.42726144147641143,0.9493349631661361,0.3639667709999972,-0.6690374566210953,0.29715684114185315
ETR.N,0.8864250940950266,-1.3064973780268208,0.10906117793697712,3.899778084840364,0.5865644217109353,0.415990638314023,-0.013135965225163828,0.25100593128160636,-3.013195508979706,-0.7955422865972558
HWM.N,2.1889156409890567,-2.194632569409436,-2.124803130463716,-0.5576507432543557,0.0037639754568311455,0.2253219340594809,0.2234527589282122,0.05197412126850816,0.0679123688542891,-0.23011991439970456
EXR.N,0.8831600882133865,-1.3579180517994338,1.296650125523596,3.2407590320680097,-0.0560185867431109,0.4142634300827235,0.8997846796291309,-0.6365175087442275,-2.4535868954043276,-0.949483177469084
LMT.N,0.7687104463936137,-1.115615419064968,-0.3792172538708381,2.227223245084408,1.8132525158167605,-0.8423096581772375,-0.12466292632358222,0.06959257758049135,0.7261192344429731,0.21416699218821464
C.N,2.2802127649664232,-1.8890518627124417,-2.3113236230861425,-0.4568010753022788,-0.4583974844749196,-1.0736696200587188,0.5327304207372757,-0.3140263069010227,2.092608816837835,-0.4181794578598212
EXC.OQ,0.9803008704981895,-1.2612484671142012,0.1361267695311817,3.9248054340509673,0.94508120392874,0.13996409068902577,-0.1848707427220927,0.34296340061960245,-2.923060119324381,-0.44867546531624114
CVX.N,1.5931547565475375,-1.641376699857711,-2.705143910047543,0.34408416900547356,3.470822142273363,2.8175437794908347,-0.16599306984403525,-0.07350332319937275,1.14956784400297,0.0876758811093531
F.N,1.9881921467567643,-1.8300819416278151,-1.1892398199338632,-0.48942517372403377,-1.2587349620536883,0.3620049128468199,2.4420833641862822,-1.7030256629648792,-1.3005063713976277,-0.4081239572405088
XOM.N,1.391663056004944,-1.415262610232477,-2.9316616800181032,0.28223353792626843,3.7858875114919885,2.326517365503808,-0.009002035994147223,0.014278147416005542,1.2445897503195047,-0.24678249621752085
UDR.N,1.211761377023019,-1.6075712241124847,-0.09888943929961382,3.4082473948902923,-1.106441749245693,1.0031648668319952,0.5833929172012586,-0.042926731903146234,-2.26889213882895,-0.7003160239994545
STZ.N,1.1317981896101605,-1.2030138564768398,0.052951162132044094,2.093917489017783,0.0382934147021451,0.2653424436437786,0.5507155322803309,1.0189975698087232,-0.29257340229962453,0.04657666681071467
ROL.N,0.8351609861536282,-1.2667971321550089,1.5219218665717067,1.7244435506693403,1.1995754510078358,-1.4510604576203692,-0.30303077165600323,-0.3067121693369571,0.8540735920247621,0.5317686330879429
TJX.N,1.3887959363475317,-1.4962272156909995,-0.41287230066129443,1.2652690327838652,-1.5120355742128901,-0.5500620911636325,0.6236038840839654,0.7786515332898166,-0.020417668434363177,0.7255357815912474
BR.N,1.1253450842394668,-1.4699605294143494,1.2842739351401986,1.079465991382339,0.5414341634801493,-0.8114753906309732,-0.4057951845400172,-0.2568028179757298,0.8750269423737468,0.7531367981889517
HIG.N,1.6348704208088702,-1.5044320502525617,-2.0006197418653744,1.9693579717183893,-0.7990644648435765,0.10669019747867162,0.8016409524585532,0.9951085508124242,1.067121907546738,1.1703104255008692
NXPI.OQ,2.179453334462404,-2.7405119958208695,1.4010358979585986,-3.475548664334607,-1.021208963034922,0.3981061666549249,-1.1545594902992045,-0.47794426068948137,-2.587430120767078,-0.2493439759344844
FISV.OQ,1.4085543174129993,-1.816588101931565,0.6736014969410205,1.676174596883256,-0.5851124747038535,0.13435585550301424,-0.7668681673679564,1.0152616283540041,0.6795977254329091,3.304793388495514
EXPD.N,1.1266249014637038,-1.5027861636653643,0.7996041779953046,0.12472571654551316,0.6677608168103716,-1.340482578431667,1.4559470339981577,-1.5846966255867285,0.03009952049030782,0.08036667034970808
RF.N,2.3360948899837672,-2.1450493212144806,-3.119779573750963,-0.14521907605452639,-0.9602400089456106,-1.0294936635561114,1.6557283966159682,-1.2451139603587411,2.8220842548311014,-0.660705023443574
AMD.OQ,2.1703447348535216,-2.9965360866776565,4.053433987814518,-5.19688608499777,0.7950175940092894,-1.201927017553959,-6.233198931091851,1.2732716714341066,-3.7035919887083084,-1.0432729027678413
BMY.N,0.695952456323324,-1.007868445972469,0.3029058195688983,1.688937253219508,0.9863287881961467,-0.8989729761578333,0.3565093728912657,-0.0017699489696745717,1.5139392716483613,0.5618346922596398
PRU.N,2.2550829108893984,-1.8078000234431382,-2.4696051614942642,0.7567635770022996,0.03969260670253564,-1.8895765724679106,1.1184156307369932,-0.765018807479385,2.101478562513471,-0.1899483514477116
PPL.N,1.0226136938310113,-1.077075286074474,-0.3850445062877387,3.787459554486612,0.04989933871703997,0.19128319487020468,0.1695621340269741,-0.3953135034319692,-2.264532710768174,-0.9473670509448546
BKNG.OQ,1.8599921669984116,-1.4004546391431558,-0.3948743135394903,-0.8485894321629966,-2.2317164913779033,0.0736335733484503,-0.8389758304358791,2.1848471415469946,-0.4933614758310915,0.4757228691698479
TEL.N,1.8558369081480675,-1.8482567360932258,0.36390274352262203,-1.2652459056903578,-0.613695427065244,-0.15529563021357837,0.6547055359883102,-0.9249320373429768,-0.4283589983574527,-1.1493746192299594
META.OQ,1.4910010206067001,-2.1055993851153674,2.9426815833439,-2.070479533058087,-0.9277415130697139,0.19691247871678336,-2.8628826673981975,1.475726768640196,0.41180939781768483,-0.18787554719950336
APA.OQ,2.8487509101766713,-2.8995295149071745,-6.0444818656347845,-2.32490053416678,7.292491955058412,8.422235382264478,-2.278516163477905,0.5576373182466902,4.918474374070561,-0.8232445068454266
COP.N,1.9709243099766829,-1.8262429436777772,-4.025362742810683,-0.6685384704141111,5.558093000098361,4.187937060618919,-1.5708456933897255,0.3684445672082227,2.8148463521036535,0.1290148138845874
DAL.N,2.4006244023359278,-2.0375630301496255,-2.076077749120622,-1.203977069174468,-4.778751266032241,1.4376517519145033,2.3282179302365846,1.7025901089480093,-1.1160831655116898,-0.4346579971261484
ESS.N,1.1993456014805666,-1.6292075549100682,0.02561553928420773,3.141566027875119,-1.1027439596353932,1.3160799772451643,0.646635358635961,-0.07981209469860648,-2.22479813188581,-0.6971291704731531
DELL.N,1.774119418698743,-2.026971881725771,0.6598185867549108,-2.774665949361095,0.04745308539365423,-0.32302570950097426,-1.944018629166346,-0.5253805255334085,-0.8100384953246967,-0.28842856512065085
WM.N,0.7740233685368232,-1.0928865531944936,0.3283086876857059,2.540996361831356,0.811685688798152,-0.7202868766582157,0.39064995030241245,0.48627802359293654,0.01025225259262756,0.938305266254131
ED.N,0.4021058182516428,-0.8374505837282459,0.45372699964222574,4.559138015528147,0.9641163739004682,-0.9664894857048622,0.6711116707855825,-0.3817547005576441,-2.661441447521977,-0.8316081595889377
GILD.OQ,0.6472574909320381,-1.1224518697287693,0.6037781345566556,1.3714694905882796,1.4590483288573657,-2.3659310336603827,-0.09456762636688293,0.2924527008967631,1.6687702621623859,0.11885457419905025
LEN.N,1.8077438010624092,-2.2073226595350954,0.9533695584326376,1.2394622299406235,-2.148649976586923,1.5894964411196206,1.8020773140750388,-1.791285815837272,-1.078912455719189,0.2791681640832494
LULU.OQ,1.5700417639595612,-2.153488660719463,2.173692072746566,-1.227991074265566,-1.172728544550066,0.41067698913811546,0.034698807083865524,0.859651092006714,0.47355698604781143,0.743323600046432
AMCR.N,1.35992325720246,-1.2489295976921708,0.04814466126404522,1.6333114197889904,0.46662180879994997,-0.3413394585353324,1.4861409418185005,-0.03436582432791552,-0.6574950350490918,0.040357438570413046
WAT.N,1.3420791907875897,-1.6579433924053302,1.4943002529578477,0.38559482312705257,0.3257145695136364,-1.1857658369857529,1.349484968217195,-0.39284822062225433,1.3445924777722884,0.43046318683583784
JNJ.N,0.580673056509159,-0.8054335455495035,0.4694338956751754,2.4163308930909406,1.3700460267723344,-1.351227767807847,0.36792090808608024,0.00872859153375864,0.8062318135232259,0.5052366746411681
SWKS.OQ,2.0329692705891893,-2.8563009087509714,2.1845219927339814,-2.8010581770621745,0.06427984826122893,-0.6948836875458152,-2.410112830796645,-1.0995306978102937,-2.0891010669163115,-0.6969669213092526
DOV.N,1.7249849951147151,-1.887373567692157,-0.25359804563506044,0.17678489919290089,0.3979689592031959,-0.5042969948973363,1.8605507319834729,-1.8375800524761599,0.13383652307826743,-0.026273392577200558
NKE.N,1.5178263066576847,-1.6949321694939605,1.2141410981341663,0.008474823585205377,-0.8756686788859066,-0.15449814108322704,1.706608784042201,-0.194396018364045,0.016444959729218483,0.4663670711621566
DD.N,1.9346416109974602,-1.7053504909421486,-0.7308289316587001,-0.515303014683795,1.008339032455776,-0.8269134228632851,2.1102650769026248,-1.6024040704963856,0.06881919130227929,0.39432293249196854
DVA.N,1.098074540350238,-1.1657012102364095,0.190491785009635,1.3294499401829787,0.41971574428732594,-1.2910138414887808,1.0906412456732173,0.08732123735735392,0.7456186137987012,0.11718136256588355
DLR.N,0.914075980050155,-1.5992768779352895,2.109326488539365,2.0698679266316993,0.45883594569216163,0.11466453577162213,-0.7365691491147287,-0.8356155830127464,-2.5301819631857274,-1.4556108047947882
HAL.N,2.552468490763299,-2.22038447201222,-5.023133313752202,-1.4774019558671845,5.967451932347505,4.991504398109173,-0.9059514764891486,0.3114360420083628,2.298873198307048,-0.7561375585093862
TPR.N,2.4148242770186847,-2.2697148890351406,-1.139919940787007,-0.8185453869369994,-2.093589953848598,-0.3774048894009029,2.834765451439536,-1.4305589949842146,-1.219506304312381,-1.03222171283478
TER.OQ,2.088993151556029,-2.7680835716137047,2.6104128138464726,-4.295415862754121,-0.6187428095451003,-0.8530143238442373,-2.216727339989379,-1.1957648253450903,-3.0179622397734236,-1.3581030232954483
CARR.N,1.57606148945412,-1.6792908303949121,0.5034907746530849,-0.6310828821052641,-0.4063489138706639,0.12600622488543592,2.3936944224559604,-1.6619314701404708,1.0270029517874635,-0.21170605110953034
APTV.N,2.5111378895486878,-2.052055146223459,-0.2805656135155391,-1.8398710627619559,-2.178516277226374,1.5111861255055345,1.187626463090503,-0.48357505152048164,-1.2185680869237434,0.43572285230093555
AON.N,1.0524538021255414,-1.1564274053181793,0.34053343430385624,1.606299038565742,0.4711133707127555,-0.5586446839996381,-0.2770610950293446,0.5549155752177259,1.3855821539016149,0.9197706258813901
CRM.N,1.5440345890296987,-2.122805741815979,2.855006103796548,-1.3468103366610635,-0.3047893818779905,-0.12392809158019406,-3.434401812458878,2.506320424402266,1.592103469786015,0.8394234517613428
LRCX.OQ,2.3035455357220123,-2.9912860826598697,2.613203902372552,-4.314223209739432,-0.5237498343184674,-0.7698446635977777,-3.1892864760032253,-0.594965525159561,-3.6802289334659606,-0.7066673083785809
EME.N,1.7145569328343204,-1.8348623353443263,-0.8539170650186677,-1.039116134379652,-0.4321218287148891,-0.4441972027674289,0.19683313753902154,-0.7203149351475221,-0.20771930615373496,-0.27533863665097336
JBHT.OQ,1.3145354511960243,-1.9589808629978152,0.2698121101782478,-0.07955654715692898,0.19961966885627086,-1.4184041831251568,2.08996902785905,-1.9922935207265546,0.44644568250400324,0.010427728092828797
ITW.N,1.46347929192579,-1.6327449275780912,0.016783570658781284,0.6994609175595304,0.4558792669063352,-1.5043399259764758,2.2746924892434888,-1.5352556507135653,0.25892881079605307,0.17519001649941465
J.N,1.486591671543878,-1.681401006719447,-0.07284611802712078,0.25870868763653254,1.0694340035664556,-1.4071816837697113,1.3963454613596473,-1.33845344318624,1.0037915251561071,-0.0267640955690032
XEL.OQ,0.5726571136473209,-1.1552609962723899,0.7887891271527427,4.225863743498022,0.933046568469518,-0.4989715685383366,0.15853629247780554,0.15027263977188607,-2.695728699585713,-0.7102081315392449
APH.N,1.5964397731610018,-1.822942775343434,0.8663549558201727,-1.3175338385918356,-0.1915757848899684,-0.47765180628144577,-0.7326871925569307,-0.5692530273287881,-1.1833232363775428,-0.19611922978184043
STT.N,2.110749959520394,-1.87996680329907,-1.7552607782727243,-0.20252076082099707,-0.18837735573772318,-1.973232545956128,0.4004771952895938,-0.9391262297341463,1.909589962810978,-0.23609627557480098
ZTS.N,1.2249083697152099,-1.4822459987158494,1.9847917078969677,1.3279959015545055,0.27144749064670204,-0.39684894277440885,-0.2599589869616686,0.46519411421958123,0.8936690851028363,0.821361897162333
SBAC.OQ,0.9445394148838151,-1.267640111623514,2.0655629996022915,3.36797643436878,1.1433988691300088,0.2095534247752004,-0.857073628726217,-0.5949380639675804,-1.320603000012296,-0.9053236008352069
GEN.OQ,0.9790040783133053,-1.3437951188637747,1.1788647830287677,-0.12056471850857393,0.9303850948159662,-0.7326324249158724,-1.250532783671069,-0.1126113035852542,1.0064557214966092,0.18111669549821044
NVDA.OQ,2.09719864886707,-3.066983044291849,4.282053928794106,-5.156203536722702,-0.32393476014847056,-0.8277830254343694,-6.458236011101305,1.2598825942735468,-1.9603864395424275,-0.726161946813625
AAPL.OQ,1.3832231964151034,-2.0652974906242125,2.0946232968122933,-0.8652495341814395,0.5235478114996551,-0.8528879896418039,-1.7288472105820765,0.8064444158250271,-0.5253123664237815,0.21897950158174043
MAS.N,1.520697189926163,-1.9929513240678849,1.2954833158232293,0.59811770375333,-0.4815689507094114,-1.062483302455478,2.4168454498062113,-2.4319376940930444,0.16132270485305278,-0.426476545268709
NUE.N,1.929137031553319,-2.00395973035158,-1.2795519174488346,-0.8823245871567331,1.78630010626089,-0.5831875578880451,2.0218174727984732,-2.8856719110776945,0.8897452672015929,0.16392400137426377
PPG.N,1.664895215375601,-1.4678075872685623,0.12436169369568245,0.5412975241262272,-1.199497477422553,-0.6751619903720041,2.3929051868519147,-1.2778005206129786,-0.21474585967360035,0.4943988802163289
IRM.N,1.2582661002936903,-1.6661037581792948,0.4412912087935522,2.090626774227623,0.4500920234134839,0.5330866293512362,0.3856268276481635,-0.4652749335659893,-3.200756624009533,-1.328429514570318
VMC.N,1.4954952946127515,-1.7952919823576263,-0.395855867047642,0.14220895264588956,-0.8161212139255374,0.21154563473272586,1.4277767435634567,-0.22185974449990484,0.6875347116167998,0.5890867780513704
SCHW.N,1.8608595987739198,-1.7187670156157855,-1.708719017369046,-0.6258841299615371,-0.06828208962638427,-3.0427463433674626,0.33248468619788624,-0.8654596452869452,3.144573507040597,-0.1653632710101727
CEG.OQ,1.4757618280504319,-2.0015031336783955,0.5853458900741774,-2.307510668657339,2.6225437651015837,0.020512825960197947,-4.501159499094796,-1.3031704700944946,-2.1977329160953016,-2.169445143055754
A.N,1.447079299016346,-1.691761116192948,1.9313100799801974,-0.11552190917243826,0.9407780303964466,-1.3429948846320314,0.2878972736984317,-0.4131288527270337,1.2522433040697463,0.08576506267936071
SYY.N,1.5495424126842747,-1.5545333260201861,-1.456239242811406,2.2035617070089,-1.8530656206591265,1.5948840721930226,1.302794820094675,2.371873971798173,-0.6949620958722966,0.7271863656843723
ROP.OQ,1.2030332253104699,-1.5993646249494737,0.8997827364226362,1.1233098407686501,0.8526045465631106,-1.0723309230487434,-0.03478128592617208,0.09685771810099529,1.162038608061841,1.10804694943676
ON.OQ,2.7228063535662086,-3.4303728496436383,1.3044510480609888,-5.234642740905003,-1.8265061296889906,1.5197453420626974,-1.9693821527942772,-0.7168158896941581,-3.886830604588718,0.27968283371565955
SRE.N,1.059927308739836,-1.2224450339396535,-0.23611517292071113,3.326368416072924,0.643472625403613,0.7484994003027454,-0.24824011158297904,0.11379135403339267,-2.2511783775126677,-0.9304437062807933
PSKY.OQ,1.9401473517723573,-1.5543437218084515,-0.9585628967141577,0.4406543274351612,-1.6498937539507492,1.4619648329760917,1.8579654992884354,-0.7630766791360599,-0.22446616775165337,-1.8413537471924528
PCG.N,1.4002281960839766,-1.4898518956752462,0.04717822016955515,3.0401845778053995,0.3273485063127244,2.04111026468496,-0.48734578947797214,2.9163333199334,-4.043725558486808,-1.4116189090522382
KEY.N,2.459858418256813,-2.411368416662414,-3.4549832679853365,-0.18703909448036993,-1.4180312003066124,-1.0601127536335602,1.9435526853503935,-1.4123411294540507,2.887225691496112,-0.44590314401343434
MRSH.N,1.0685765140132415,-1.2614837607455873,0.487625646162252,1.7200331254428802,0.2317475306675182,-0.7126513032712252,-0.143526579564469,0.45636589633666746,0.9462793839529106,1.3042896642449904
MCD.N,0.926955535959393,-1.0281959688126276,0.17777067494696783,2.089408410187401,-0.18468831339975414,0.15482950965802914,-0.02896230047992158,1.0424135794214648,-0.18733135806944692,0.9027457487343342
ULTA.OQ,1.7311878834952084,-1.8963932136912176,-0.5818757443537168,0.3032414127430137,-2.4228727553671785,1.4937424102912584,0.6776145001475152,1.4504394267954597,-0.04193863709482865,0.883445572702333
TDG.N,1.919366235563149,-1.9562794143478586,-0.8881669474926028,0.2630007859320932,-1.742531619977786,2.29298038470396,-0.3212394946040067,2.418527543147218,0.028896785691730438,1.1751819826119816
AXP.N,2.0635522021509733,-1.9687678830397726,-1.502503169226946,0.11963410906035968,-1.6578988415700715,-0.03109954861729777,0.9902371255511199,0.7851243437019925,1.033137158097499,0.5802938379579627
MOS.N,2.1978608240844846,-1.7477793078577109,-2.9019390843328567,-1.41456428500454,3.3376840071685243,3.6490233270732437,1.1973616839211954,-1.7153833775269383,0.3065609872181193,0.1974822132464142
AVGO.OQ,1.8323519856916706,-2.484847455866506,2.0149427292280184,-3.3556913928836676,-0.24488154642257154,-0.06912953078184658,-3.453469470214876,0.23253423738094792,-2.927197141765848,-0.9188282681945227
CAT.N,1.7684560668975768,-1.6771293999983823,-1.3161382148313285,-1.369390939333557,2.299693072293588,-1.1769468368896796,2.069118725605755,-2.0589410956033705,0.10117756050720901,-0.6359869328106889
UNH.N,1.041353911924027,-1.368747642760429,0.3579269004466497,2.154595249554823,0.9445481714229401,-1.0860072890125192,-0.3706865526471409,0.8790989340416785,1.669957665449736,1.767629710393235
NWS.OQ,1.6311118721188689,-1.5813393655690728,-0.06443553128517533,-0.1981596923883299,-0.4842779067537921,-0.21981257650485325,0.532739722292655,-0.37771638377666533,0.1570816915384509,-0.007485031344725721
DOW.N,2.008122240979647,-1.8416240463042743,-1.8480218373810813,-0.4190288139423802,2.258771545485201,-0.4469482886345197,2.4855004992908087,-1.3566925453839913,-0.71372645139522,-0.9473317309838327
WMB.N,1.8014169376367892,-1.4947543757326878,-2.0760445899921662,0.09129646973082381,2.938338832519429,3.779083181638919,-2.113141772401709,0.6751396995417234,1.4560564058162828,0.46264312756001796
MAA.N,1.055813310642097,-1.5976751621004464,0.5498890909968489,3.4414170954714574,-0.4783780317304338,0.7181382076655625,0.777513400570016,0.1514945998021446,-2.483848665938248,-0.6733667846751161
GDDY.N,1.4484617115425336,-1.930720116114266,1.9288070163490705,-0.9333408308127584,-0.25197257311104654,0.6993035325750735,-3.449687718088411,2.2370244838517888,1.0812186592380035,1.0038100208219762
GL.N,1.6452368106422086,-1.4372607853424244,-1.752107328630513,1.7645059326025816,0.16223383962908167,-2.3288853649574985,0.6648912962203708,0.044585425005872724,1.5956099432462327,0.9832481088794203
SPGI.N,1.4634443331784088,-1.6721694593086744,1.570382527408632,1.0138471382295144,0.3038834352981031,0.06284826406607381,-0.7431941618945651,0.3985736659053704,1.2991922250563852,0.837848708860865
CHTR.OQ,1.0664746826798621,-1.6334674687609996,1.1846107171000164,1.145808106733745,0.1884439006921689,-0.15774203471562945,-0.3789806284598831,0.09407717462144188,0.44231239181003806,0.2098467953756836
WYNN.OQ,2.53267209466113,-2.046378979359679,-1.7661536545230196,-2.5255428628968937,-2.891127808025414,3.029558493296923,0.40496527348024164,2.144003306287856,-2.1659074044427813,0.8735026977342154
HD.N,1.3024537931030118,-1.880413490907503,1.1730284083379494,1.1366329871919312,-0.25550989307205113,-0.4316819757906568,0.9587660451458786,-0.7874229738825627,-0.3662020736662358,-0.038587089203152874
HSIC.OQ,1.200047928059801,-1.316819124851788,-0.22411878306042263,1.4744935277265103,0.07185959573243916,-0.7907304652984387,1.1922737738839826,-0.29522535518465504,0.6256850226783393,0.3293692238540502
HSY.N,0.6022787992499162,-1.0272542725455587,0.40330913294147663,3.119497255178617,1.0312818410275608,-0.3276131721737552,0.8409094110437035,0.5756210202854768,-1.2269087524112012,0.48978028831343734
CVNA.N,3.1926859187412635,-4.08285271955615,4.578852603174378,-3.711228586492523,-4.6239493147129584,2.9678121850580474,-3.7746793117776543,-0.6615664717456595,-2.0010232805627415,-3.054539610402074
KMB.OQ,0.4610174933803776,-0.8063817644928929,0.7848668138756187,3.07471905779459,0.9348993397011296,-1.409405353225206,0.5678103749845423,-0.14913492505312195,-0.772336199828467,0.454816816069201
EOG.N,1.888209204298778,-1.7203620580734955,-4.238192419597332,-1.0280480865376573,5.97363688215954,4.814672292029902,-1.705704358312482,0.9858436974589225,2.9070913601519566,-0.3454165976691418
FTNT.OQ,1.5311866748373308,-2.228595618186383,2.9005520622013745,-1.5653893595387167,0.5332279777476726,0.4841132002724422,-4.361063788321636,2.3808487004084866,2.075291601901725,1.0633255871885146
CRL.N,1.7160649313527188,-2.2927973266977983,2.4823037355219633,-0.2310591085970831,0.04062034769440324,0.2703168580475558,0.3238335086426481,-0.23161279209843366,2.0424528447089463,-0.06166342167371303
ZBH.N,1.3994142128176628,-1.2003977335027323,-0.032630803772059395,1.1842027178248242,-0.3101448972306768,1.1481785817579866,0.6085159832669583,1.4678077602058952,1.3526360722939492,0.7685881712958033
LYV.N,1.96943303196377,-2.078907600956185,-0.9811917488747156,-0.7538160056987127,-2.8410083580524534,2.444487183745995,-0.6112084891082454,3.1380542351795913,-0.17877216245805422,0.536681962506182
POOL.OQ,1.2850794695935128,-1.7873166004797165,2.6269627005725082,0.8770865067692389,-0.29739901353834114,-1.3006245758639499,1.6721218123343116,-1.6656753042199406,-0.08312751664653524,-0.9333205783431715
BNY.N,1.6856735363007334,-1.4782247057080582,-1.5027508772033145,0.29744120089154263,-0.06542993518861634,-1.9630294751875577,0.12476010643711637,-0.38357066320542343,1.8538871672821549,-0.16368647300951716
ATO.N,0.7138446227457055,-1.1155735108012663,0.2785267412330028,3.925543073033669,1.1546604412777157,-0.6959068253115476,0.41775982806278017,-0.22324671355833423,-2.1106779286343547,-0.6356190805098141
VRTX.OQ,0.9872459324105266,-1.4733157767837508,1.6683644459032991,0.665863105595544,1.9177311508041421,-1.558272636338245,-2.2344895711426727,1.3753543935590336,2.557560235529189,1.3819456563923473
D.N,0.6822268597983119,-1.158680543832954,0.49181713277581335,4.382475860713701,1.2387995004446568,-0.7537156500510136,0.6760883742984701,-0.6155189795954669,-2.3291346343537263,-0.8734652060590465
HRL.N,0.3490456955531514,-0.8314954189134908,0.7249048915056503,2.832247977504609,1.3619197290587302,-1.5072623265530785,1.1197611307545354,-0.23906768344340443,-0.6296813489860739,0.034055480380012416
BBY.N,1.7007964823182737,-2.2585950400988697,0.5463729285257044,-0.6795060777781906,-0.3587630442999367,-0.7627907780823893,2.0198152032374854,-2.2793471464068147,-0.5854544365731291,-0.6895531122133952
IT.N,1.4965494227359397,-1.9059630970950916,0.6779247959830498,0.3092589609341044,-0.8332491243055989,-0.1891756119465128,-0.5392898313596391,0.9638582859452853,1.5133682813629608,0.9220034808626723
WRB.N,1.2060431573412465,-1.3132991605224795,-1.2399310564671162,2.8165770631750506,0.27703791880548906,-1.3836956236607125,0.28654175545416166,0.44661598784974255,0.979354381253174,1.0066199022472222
WTW.OQ,1.1654488650155717,-1.107683827404092,0.2707980306763486,1.6279917248053561,0.23687169902400013,-1.0520180836436028,-0.42965421277254046,0.1558606776386169,0.9665327858989026,0.5824215278939733
PNR.N,1.7785481588982284,-1.989457377461679,0.13632619297855947,-0.04572518480651142,-0.49522335410041013,-0.45283826591385773,2.1549011273768164,-2.485241814468807,0.034636556220609564,0.15739203196827845
