,n_obs,b_mkt,b_reg,resid_var,r2,sd_sample
FER.MC,2609.0,0.9690946674322373,0.423960889975826,0.03067932237919634,0.510262747650899,0.250192751619924
CARLb.CO,2609.0,0.64589844190781,0.4039298494125973,0.03642451123535932,0.31827604886311034,0.23106065620258734
ULVR.L,2609.0,0.4661731550844049,0.2740188823598848,0.033309633266632076,0.20385186653135778,0.20446613946668446
INVEb.ST,2609.0,1.0927103811767949,0.516682450774466,0.01763345433523245,0.704084388619793,0.24401592607184552
LAGRb.ST,2609.0,1.1638879556699684,0.5819479272987194,0.0952181733164879,0.33892127373554903,0.3793732841313993
STERV.HE,2609.0,1.1421011934962577,0.5224354702862208,0.06384932898186296,0.41446928303090724,0.33009332273159964
EPIRa.ST,1967.0,1.1492139505506427,0.6083024533348772,0.0550899568513654,0.487421299151482,0.3276686735663546
VIS.MC,2609.0,0.4600455486274152,0.3324008158637826,0.04533502747961078,0.17386649801012732,0.23416675443471288
PHG.AS,2609.0,0.9393703621042432,0.42462132947318054,0.06560747646125226,0.31682877364276163,0.30977423669976245
BEIJb.ST,2609.0,1.2526055373585523,0.5642867963957496,0.09693909586418178,0.35787147974559497,0.3883934656944756
ALLFG.AS,1223.0,1.4198404953569417,0.5581206035312455,0.11945568310056329,0.3315366525101161,0.422385421960154
IPN.PA,2609.0,0.7395401032207464,0.42260559617099824,0.08861432630851167,0.19244966694799104,0.3311315651703159
SCHP.S,2609.0,0.6693083596536733,0.3885989626383863,0.030331131685021512,0.3652771379391474,0.21851721094028861
SQN.S,2609.0,1.075575920493547,0.4177768114470996,0.10045592074781043,0.27315439335259395,0.37162087075764727
DAST.PA,2609.0,0.8802409530354391,0.3703487219708674,0.052290703742584946,0.3319966438355839,0.2796767300718581
GEBN.S,2609.0,0.7934965095324578,0.40321468519946024,0.028430744963319356,0.4457486171536613,0.2263988097285902
SKFb.ST,2609.0,1.2435741577871835,0.6161869402512489,0.05059823525867727,0.5230751556616484,0.32559379807662175
TLXGn.DE,2609.0,0.990471026986525,0.42545287358851575,0.03537904600730987,0.4838003057385235,0.26169631041204977
DHER.DE,2218.0,1.2443627072581565,0.5155696893541847,0.25322534376010253,0.16907852470250373,0.5517948103998428
GBLB.BR,2609.0,1.0109672075635454,0.43009495377272833,0.011825862269902784,0.7442879366918763,0.21496819616943982
GALE.S,2278.0,0.31873473119969015,0.24698792886879428,0.031927784088265736,0.1280695490751228,0.19127255166713492
FRES.L,2609.0,0.6321836768156258,0.41232540261942063,0.1720953250071164,0.08867290512974313,0.4343909886056342
AIXGn.DE,2609.0,1.2588771525550464,0.5028035748663563,0.20495279689481516,0.20297341148180315,0.5069019151317933
VOD.L,2609.0,0.8422047286897133,0.3307081929850642,0.0496715259899582,0.318640519486734,0.26989759322656764
ZEG.L,2609.0,0.5235026893318092,0.322294739822466,0.3078156987826738,0.03468839223987352,0.5644754137122281
SATG_p.DE,2609.0,0.9910856500905568,0.5106192762290621,0.13082557897300484,0.2153713004593628,0.4081761736497534
AZMT.MI,2609.0,1.3292870916354513,0.5355774247170122,0.0557075190284875,0.511661722918226,0.3376213775202241
MNG.L,1617.0,1.312543253353201,0.43465360159900296,0.08989207539455588,0.41544939528274627,0.3919049361735072
MICP.PA,2609.0,1.0335972285562076,0.4371755876763407,0.03677260446481975,0.4940107861503803,0.26947903147825536
PRY.MI,2609.0,1.1834029320435686,0.49660326735694654,0.06420800688557872,0.4222559584840354,0.33324241188448933
ORSTED.CO,2494.0,0.6944591550927817,0.43759239357912144,0.13092126570911583,0.12962752180173853,0.38768432984253914
BAYGn.DE,2609.0,0.9781218927148766,0.4795125570066319,0.0677008843251006,0.33537976261162616,0.31903901980880806
BAB.L,2609.0,0.9999515218615619,0.5131354954482052,0.10250247140350752,0.2625010848292457,0.3726660992433769
RENA.PA,2609.0,1.5842518531073364,0.46903387073234754,0.08881210159642347,0.4620101946540458,0.40614626399551607
HSX.L,2609.0,0.828375338955058,0.4104227965699474,0.07216937032160799,0.25439100439119267,0.31099564014222775
HMb.ST,2609.0,1.2303860096551476,0.5216424577436517,0.08163659343916148,0.3841320981406602,0.36394190519179215
GETIb.ST,2609.0,0.8415734107833196,0.5819585932560148,0.09839778110742425,0.23902939996946782,0.3594530107742626
TRN.MI,2609.0,0.6716291978913773,0.31624428109096075,0.03515671876995068,0.3103610062125022,0.22569746171758087
CWK.L,2609.0,0.7303325949253083,0.4058999631219473,0.050759853099969145,0.28547196964630495,0.26643050944521496
LDOF.MI,2609.0,1.226191589143698,0.47226717274170266,0.09893405473802455,0.3309237780151514,0.38438684701599596
SIKA.S,2609.0,0.9579862923224707,0.41360221624608745,0.04008774178829161,0.4367061290210861,0.26666848611804134
SOON.S,2609.0,0.8201338336730944,0.37083066440986523,0.0538358733512954,0.30111347801042365,0.2774380101524862
ALEP.WA,1362.0,1.1979083242088049,0.5724776348077738,0.16138267732987083,0.22365841316381208,0.45559893304787913
RAAG.DE,2609.0,0.940145875352898,0.4652351634064552,0.06267271616943473,0.3358898663645995,0.3070807672669264
BRBY.L,2609.0,1.2348100013329646,0.4998377484934676,0.08751188284135339,0.365665520514578,0.3712853103246838
TEMN.S,2609.0,1.0351395538229873,0.4958646400970755,0.11563200677763755,0.24668939315774885,0.3916385214737924
STDM.PA,2609.0,0.8711953586366584,0.47892808755448507,0.12415602738522472,0.18769058412400608,0.3908018153960411
SRP.L,2609.0,0.8618711416704679,0.516821038524875,0.07596019970628452,0.2797338129467727,0.3246234937026585
MAERSKb.CO,2609.0,1.0624193979950238,0.4945068100825892,0.1179403411724514,0.2503889243828813,0.396503116026246
VATN.S,2609.0,0.5371166661000341,0.31332885136864636,0.031021508699421965,0.26651970972003913,0.20557516418883448
VLLP.PA,2609.0,1.4529337931854143,0.5490888542415135,0.26579335585544595,0.20442204995283075,0.5777821271891582
KNIN.S,2609.0,0.6850104308364837,0.3262495343860091,0.044662173979282085,0.27025628605363017,0.24729660848968507
MRL.MC,2609.0,0.9519663500682745,0.5018346740247325,0.04696098640070108,0.4164373555160944,0.2835686891516546
BT.L,2609.0,0.8942785458858047,0.4643647031767295,0.0814550380657767,0.2648836297198818,0.33274714706375913
RKT.L,2609.0,0.4442952463191785,0.3283470660680649,0.045956462257447206,0.1646009227268963,0.23445511454018633
VACN.S,2534.0,1.0483395134919349,0.3694607701768599,0.08733766436782078,0.28109015737322474,0.34841115373142373
SSE.L,2609.0,0.8632463385365408,0.38766388006957864,0.05011921590501149,0.338325559396067,0.2751144278445819
BEAN.S,2609.0,0.7796301516981452,0.3825175966763602,0.06200031172735637,0.2593697093082714,0.2892208603258322
LGEN.L,2609.0,1.5049835849720439,0.550751419452414,0.04949222960467885,0.5945267745672691,0.34923746792084415
SGE.L,2609.0,0.7979263577384804,0.4032954110207381,0.04771182815955225,0.32585132627063496,0.26593077469434095
EDPR.LS,2609.0,0.7606671186412342,0.3869735229317907,0.0726414603167139,0.22445593917613094,0.30593027501938164
LOGN.S,2609.0,0.828098300050731,0.3517462235979938,0.08541679027107962,0.21273468081872082,0.32926417144183984
BTRW.L,2609.0,1.3663874876331537,0.5969600172696153,0.08606596828521482,0.4246129125284692,0.38660644166710006
LAND.L,2609.0,1.110050488968307,0.5667900152384743,0.05301977503639789,0.45826916530412654,0.3127235406916308
IMB.L,2609.0,0.5499310560893592,0.3446302650497568,0.04796215428014836,0.20468786290673657,0.24547877531656856
QLT.L,1962.0,1.2128619303567927,0.4987644340653557,0.0659310450368785,0.44463063925136503,0.34437565540636267
ADYEN.AS,1970.0,1.215987286129278,0.466347158296457,0.18139364690770843,0.2227161571433608,0.482836994517499
GF.S,2609.0,1.0919717594309915,0.4740428855175674,0.038640667522839206,0.5115297068655755,0.2811490652537206
KGH.WA,2609.0,1.4139810917288447,0.6454725006329319,0.10637112590266211,0.39419838088574344,0.4188707895303238
YAR.OL,2609.0,0.9332570233649916,0.4771140496704562,0.05915495132448159,0.34906226689455755,0.30134170365340324
ADP.PA,2609.0,1.039039130196245,0.453564693411836,0.06363098879913955,0.3658822855077356,0.3166524155545573
QQ.L,2609.0,0.6664766057100978,0.42463802047928945,0.07447330105471053,0.1974714901204926,0.3045113464369748
SAF.PA,2609.0,1.3786375805922968,0.4629247981019826,0.05419919064485312,0.523190349974656,0.3370212574149675
ACS.MC,2609.0,1.2169578869441708,0.5004462783045628,0.050144473071527765,0.495593987372403,0.31517722016057165
INF.L,2609.0,1.1014810072659091,0.4488405054166753,0.049961708310122574,0.4460692146242722,0.3002094098619383
SAPG.DE,2609.0,0.9520161949772968,0.41152928018594953,0.038658154527620815,0.4426866965330053,0.26327175346678194
TCAPI.L,2609.0,1.0187062436247296,0.5428228687050232,0.10500142916000979,0.2687319108477063,0.37878494215625397
HWDN.L,2609.0,1.1611102206768582,0.5328268429154039,0.05828359259853592,0.44522574381860036,0.32400254321955935
SAMPO.HE,2609.0,0.8970839568314732,0.36323907928833915,0.02876675265926637,0.4806982151582502,0.23527128479998924
ARGX.BR,2609.0,0.6495995153114447,0.3534082562446058,0.16615611690310417,0.08714150320658975,0.4264713373713777
IMI.L,2609.0,1.1988003420710096,0.5051267226340915,0.0412189162882674,0.5391836083541673,0.29896320270798554
SAABb.ST,2609.0,0.9592367783854924,0.4242996811840493,0.09934190200204585,0.24047600284125958,0.3615171441382363
NAFG.DE,2609.0,1.1288523420625394,0.6096211233063937,0.08415844669407865,0.36181179759537774,0.36300105059081217
INVP.L,2609.0,1.4501662200557148,0.5109533724315753,0.0715986830567703,0.48211290752047775,0.3716793096011732
RYA.I,2609.0,1.1848470289515707,0.5214346370256568,0.09050700798258456,0.3460467184752797,0.37187857188659285
SFZN.S,2609.0,0.6355884785893099,0.40496150839550454,0.05941755115838581,0.21904780482517228,0.27572653397091107
SALM.OL,2609.0,0.7294644601745969,0.4905107439032084,0.10907806343181844,0.17266893133284833,0.3629630826824358
CARR.PA,2609.0,0.6513929658424039,0.37304307545089455,0.056221236202846823,0.2258712289196414,0.26938722911242907
RBIV.VI,2609.0,1.2673245760628178,0.5875262491215542,0.08833006362714074,0.3878371700445816,0.37971189810023953
HNKG_p.DE,2609.0,0.6530497747910137,0.3756198147687625,0.02882248128172339,0.36445442744988454,0.21287553196896397
FPE3_p.DE,2609.0,0.9121794731231488,0.491774949561907,0.043881356094518716,0.4149777554863173,0.27377087403719486
LIFCOb.ST,2609.0,1.2101595398004517,0.49977720448892543,0.06468337993480935,0.42998374646175874,0.3367333609575325
SAVE.ST,1330.0,1.5249545045448505,0.66237736483923,0.08441720488246753,0.45106053130075574,0.3918557521413967
ATCOa.ST,2609.0,1.2049162708234946,0.5372413563264872,0.046401975590940885,0.517584033250747,0.31002078463552113
ERST.VI,2609.0,1.2734178958318745,0.5274748138764096,0.06319100555418436,0.46117601343492265,0.3423241866316011
BCU.MI,2609.0,0.977230779435136,0.5147051346934083,0.08428322266471577,0.29518450994132883,0.34567363657853356
VALMT.HE,2609.0,1.0743886122640272,0.4942184270716309,0.06406124582824847,0.3849126692768594,0.322598773177938
ENEI.MI,2609.0,0.921094130987121,0.44319977129298727,0.032732942393097306,0.47856239597693495,0.25045214840396607
FNTGn.DE,2609.0,0.8369921458020856,0.39160540986237186,0.047754378532664635,0.3391232342037579,0.2687074880536243
INCH.L,2609.0,1.007638180112164,0.5341305053157261,0.061000051990430605,0.38166454258687166,0.3139687610227255
ORK.OL,2609.0,0.5648764140468571,0.3553294483884117,0.041459991535780935,0.23948020707241102,0.23339564925302264
PRX.AS,1645.0,0.9661496384459368,0.5157453435159163,0.12181383598853708,0.2491682409645286,0.4025433554799489
AKZO.AS,2609.0,0.9792315942000163,0.45730808383635824,0.03284906655594002,0.5050150730572276,0.25751287147118024
SB1NO.OL,2609.0,1.1284864494421172,0.5263293132191983,0.05030447099608828,0.4693056752764114,0.30776163723216765
AAF.L,1698.0,1.227513455086517,0.41864874718761313,0.17339712377337604,0.24089968530782224,0.4776560567607172
PZU.WA,2609.0,0.9300675562414396,0.5380490768334736,0.06518199588950395,0.3403808546453798,0.31423214730926274
RWEG.DE,2609.0,0.896962266291568,0.41737396963090023,0.06814359044861354,0.2917954602787377,0.3100748664186532
KSP.I,2609.0,1.1375052880115144,0.5467016156256966,0.08569477908165224,0.34826775481253414,0.3624732731722946
LATOb.ST,2609.0,1.1155253272666226,0.5827199291799379,0.046070911290508006,0.4985583154987887,0.30299579172415186
SGEF.PA,2609.0,1.140797738189353,0.4386531576860447,0.03026862956639109,0.5830814663765007,0.26934206816345435
BGN.MI,2609.0,1.180359198200212,0.5348176190242678,0.04753283943148025,0.5028936784448184,0.30910472819272683
AAK.ST,2609.0,0.763012218901763,0.4735580113859092,0.04098829390654825,0.3655625241268663,0.2540790861307571
PKN.WA,2609.0,0.8823281429688331,0.5098023859172917,0.09373905979405708,0.24397212412168534,0.35198552527664956
WIHL.ST,2609.0,1.0474179956068443,0.5867968826268412,0.06119212509169421,0.4064047770478806,0.3209489664014763
ENX.PA,2609.0,0.7226680423404891,0.4069518179196431,0.04910461914769496,0.2894199064265226,0.2627774338647957
TW.L,2609.0,1.3362206498166092,0.6297763221073405,0.08457739940302608,0.4255372182020355,0.3835567475915773
ALVG.DE,2609.0,1.070723743799202,0.49728219816625074,0.020768970304201672,0.6580969780838971,0.24637090860797384
TPRO.MI,1011.0,0.8887276402399655,0.437203174837339,0.13232009037155804,0.17285543751850208,0.3995689791037552
DHLn.DE,2609.0,1.1188494353448946,0.4453271056472346,0.034764634915780135,0.5422393520474638,0.2754755260306087
SHLG.DE,2033.0,0.7583332443287978,0.34759290940976967,0.05220692597433884,0.28705319289600173,0.27047159615485333
LHAG.DE,2609.0,1.2868291281869668,0.5497848383168622,0.09474229963077485,0.37089756800503104,0.38792225088906335
PAFR.L,2609.0,0.49250960673577543,0.17536336157907045,0.2786127720931704,0.026929600690295485,0.5348866911196162
DTGGe.DE,1058.0,1.2210989495520506,0.4645459702222655,0.07074701822672456,0.3942184635815408,0.34141672347888
LSEG.L,2609.0,0.7992535833863689,0.42610011423622485,0.05419236133858368,0.3047892116588601,0.2790899502310268
TENR.MI,2609.0,1.1537147972188708,0.4329972049233111,0.08858675776533882,0.3266286427792666,0.36256885585794146
PKO.WA,2609.0,1.1959907670503502,0.5964817094819278,0.08101860226828898,0.38855552075108957,0.3638708550805551
DRX.L,2609.0,0.9314215891340957,0.4447030519607445,0.10859301912322857,0.21991465302575808,0.37296090143283683
SMIN.L,2609.0,1.1254922347088336,0.4562604214532889,0.035904370299864236,0.5387156935228766,0.2788834417826961
QIA.DE,2609.0,0.506440150505192,0.2909866251437001,0.057042106865023076,0.14832347997298745,0.2586984662835094
MT.AS,2609.0,1.7591985191766395,0.6072181104501849,0.10430621657079966,0.48323619580215305,0.44909939006312205
AM.PA,2609.0,0.8627043319377296,0.4037983594746792,0.060840766397210866,0.2997043761334066,0.2946388725429822
RBREW.CO,2609.0,0.772747647882672,0.4117086842879093,0.059602736521523106,0.27139962543296325,0.2859050437619347
NEXS.PA,2609.0,1.366290168948998,0.5055608367524678,0.08935240255838153,0.4017584061196505,0.38632092031224924
TKAG.DE,2609.0,1.7180206866539167,0.6907516279908468,0.14961592734153845,0.3943758680814905,0.4968447905621337
BARN.S,2609.0,0.43500014933539566,0.2220636670539062,0.0542495800318295,0.11264802937051754,0.24716310552037185
AENA.MC,2609.0,0.9677098718612763,0.4222535468667295,0.045426249759607296,0.4120953153183122,0.27786471057022644
ITV.L,2609.0,1.3389271718076836,0.6008120348252866,0.09690539008251986,0.3887518886976986,0.39801424342108693
BAMI.MI,2609.0,1.367664202252472,0.6015097701263198,0.1441602443589452,0.3067780992591762,0.45584797476049355
RACE.MI,2607.0,0.9830558713984029,0.37783491800725033,0.05364233267737354,0.3692602981442388,0.29151575258681295
TUB.BR,2609.0,0.6155007334311292,0.4278813451792295,0.057820199071395705,0.2230154723991531,0.27268862254710596
EZJ.L,2609.0,1.6389193849638901,0.6594443171032938,0.14065406221802992,0.38670069296766363,0.4787108985295444
III.L,2609.0,1.2632557988954787,0.5074912919808301,0.045881393146470204,0.5343997550794786,0.31379434323511735
LUNDb.ST,2609.0,1.0103944806992806,0.5147560409659735,0.024338753365891537,0.6039794607020139,0.24781279252571142
ERICb.ST,2609.0,0.9204357819872724,0.43946235192214333,0.08333025116954217,0.26403644793170844,0.3363617506509688
NEKG.DE,2609.0,1.177282245053793,0.4567364295781047,0.10059298473284224,0.31008532499149943,0.38169772193176255
MAP.MC,2609.0,0.9875384662193494,0.4062688762384018,0.0426428312494093,0.4321169222886003,0.27392203178512947
CLNX.MC,2609.0,0.7301676483500511,0.36379912732595676,0.06511750043872061,0.2275357190338293,0.2902305131249984
CTEC.L,2395.0,0.6924915152723029,0.41175268661367787,0.10002617886883113,0.15105419532097875,0.34311157598275166
ROPC.S,2609.0,0.4400719861707923,0.2507722171572756,0.03343434599644464,0.1825411894140312,0.20216077269866578
PSON.L,2609.0,0.7334655855988331,0.3542296973290553,0.08866077207697945,0.17709594080485047,0.3281138511724899
IBE.MC,2609.0,0.6866862427088581,0.34565344737889203,0.029577062091949494,0.36561945976183496,0.21584202282983092
SEBa.ST,2609.0,1.1259480155407928,0.5163588162202026,0.03848307799487762,0.5332888413204634,0.2870411889958834
LEGn.DE,2609.0,0.7395586677253093,0.4221821269063796,0.060604722827106584,0.2583081159662348,0.28574252851146376
BMWG.DE,2609.0,1.170844674508755,0.5064572962794675,0.04235545706351654,0.5230945121259571,0.2979009845037493
SJP.L,2609.0,1.3701750650351239,0.6303303081985484,0.06400915618872562,0.5046179588490997,0.3593224349882519
GAW.L,2609.0,0.901321382881968,0.4651220576220181,0.10448739032914904,0.22146772144902982,0.36620733737230143
SY1G.DE,2609.0,0.6489529670052415,0.3363228859447865,0.039435247946272345,0.28138075544385555,0.23416731611429328
ABNd.AS,2609.0,1.305251136118857,0.47613915827637504,0.06984185391799634,0.438459892283639,0.3525339127082733
PNN.L,2609.0,0.6367859324776317,0.40562703844490655,0.06334873942113955,0.20888138271947465,0.2828665531198958
EVOG.ST,2609.0,1.0322316207682183,0.6122178874581506,0.14779716925943107,0.22144885488670252,0.43553483480101346
OMVV.VI,2609.0,1.1592381987764515,0.41800917152966405,0.07363536193657824,0.3679717169706832,0.3411994861597452
NTGY.MC,2609.0,0.7436814216869722,0.3684448448581319,0.04361506169943556,0.31271798049481114,0.25181649031464887
NOVN.S,2609.0,0.5093005369950366,0.2386696965616302,0.026316669018882185,0.256507050336946,0.18806606776880494
UMG.AS,1116.0,0.9558006292049311,0.4253098111017495,0.07942871209514643,0.27255130770319835,0.330139679298282
PST.MI,2609.0,1.083027751953682,0.47962638833195465,0.038328314222879356,0.5113807681824862,0.2799677409520106
GALP.LS,2609.0,0.9508014734762863,0.3671471352787935,0.07075192063740197,0.293874838290903,0.31641836741614177
VWS.CO,2609.0,0.985913657389861,0.6035583137486117,0.13987117951768802,0.21844924134955035,0.4228817434452926
PERP.PA,2609.0,0.6878086312692233,0.41541381227949653,0.03318969258673135,0.3624707985857909,0.22807883505399468
VAR.OL,1010.0,0.5845840509510203,0.22191364724546267,0.13861929395174932,0.07020640263724887,0.3857338196149982
BLND.L,2609.0,1.1783404987085735,0.5826863085894503,0.05835829997292861,0.46032870095006184,0.3287154124023796
P911_p.DE,849.0,1.08428389740056,0.4328845593557365,0.07188454722703676,0.28205940886237324,0.3160536222297234
MNDI.L,2609.0,1.189168034614655,0.479287275803177,0.047877900279029974,0.4938643317147605,0.30744503798451867
BAER.S,2609.0,1.2038359336308149,0.5039252355693028,0.041135332746081506,0.5411762730596794,0.29930776595767217
EUFI.PA,2609.0,0.8050899955686638,0.3880132179104734,0.08299062851587934,0.21676138142796642,0.32538752054876385
PRU.L,2609.0,1.5604455069807348,0.6159911709511547,0.0521906576370744,0.6048351761863784,0.36327930469745023
VERB.VI,2609.0,0.8257461865758737,0.3495288262363334,0.08813658555237515,0.20638788013261145,0.333125115702711
NDAFI.HE,2609.0,1.0769831893541673,0.5084819157893671,0.03689721408594635,0.5246899767572453,0.27851059035822695
PEO.WA,2609.0,1.242716837083436,0.6253990305003125,0.0854998160533651,0.39500493311005636,0.3757855581077975
EVKn.DE,2609.0,1.1172007277053602,0.4224689594755186,0.03621615955647581,0.5272241713972696,0.2766667556597337
CMBN.S,2609.0,0.7270967134310042,0.2641093185902721,0.04590842308278635,0.26908816646000555,0.2505227112954777
ACCP.PA,2609.0,1.2872734197679032,0.5339650035429597,0.05347875723616511,0.5083526526509954,0.3296835023380086
ORNBV.HE,2609.0,0.4533948016851914,0.3959516165056081,0.07359276962783834,0.12878009073970997,0.2905273951702591
BBOXT.L,2609.0,0.9126006792419467,0.4877201423454183,0.04410400817478847,0.4128724010853493,0.2739720089896362
SUBC.OL,2609.0,1.3167664514924617,0.47950419830821706,0.12145204949287568,0.3135353675319983,0.4204620009257982
SBMO.AS,2609.0,0.9675388715047002,0.35347452619087255,0.07373924620088068,0.28903643369708987,0.3219282480864698
ADDTb.ST,2609.0,1.210801451753415,0.5466241334680847,0.08448909250396303,0.3742155884480648,0.36730036893415796
AKE.PA,2609.0,1.2298765771171585,0.5329793640110809,0.042100793268462604,0.5492293472427878,0.3054926281732219
WRT1V.HE,2609.0,1.2167685591043025,0.5474692326481535,0.0698573403730961,0.42176370989355827,0.3474455577720581
EBP.WA,2609.0,1.2105174644599788,0.5818123811130673,0.10182972497941584,0.3374371273931268,0.39188365461986324
HAGG.DE,1373.0,0.6401590613006366,0.4199280429251137,0.21160697783685758,0.07251632498270189,0.4773040100993002
GRLS.MC,2609.0,0.7600072547310364,0.48585941613636263,0.1379616464420271,0.1475600577750218,0.40214317364719365
G24n.DE,2609.0,0.7020450248801255,0.42727552811713054,0.05627797000877866,0.25979086775139415,0.27562931423784737
FRAG.DE,2609.0,1.1872365665740596,0.5293754774153098,0.07070719614475629,0.4060326633016378,0.34489264948986853
FREG.DE,2609.0,0.9045635461705162,0.4859532403165025,0.05204978837786396,0.36987756390585846,0.28729655908993884
EDP.LS,2609.0,0.7486169784478026,0.4004053689511591,0.04868604169754727,0.3001317770319505,0.2636498374751548
TRYG.CO,2609.0,0.6278212002835337,0.3280581559635275,0.030909225562131805,0.31948588935130284,0.21303889786509841
NOVOb.CO,2609.0,0.48002562602256854,0.3630704763489932,0.08990977409769621,0.10693062279080023,0.3171715805709184
DPLM.L,2609.0,0.9759883423422873,0.4564181984182108,0.06187582087254363,0.3499643017829266,0.30840775866078934
BAVA.CO,2609.0,1.0921426073443483,0.5188422264705653,0.2498612725555888,0.1438984224849741,0.5400329229482058
AOO.BR,2609.0,0.7745041569572765,0.4186637327967455,0.04332419480055712,0.34153052759721403,0.2564075680175875
IGG.L,2609.0,0.7291081090323785,0.4597815715869806,0.08770556252196493,0.19896795352203356,0.3307668945342117
AD.AS,2609.0,0.4107419395954777,0.3126841877326059,0.03590561495818909,0.18077288959696491,0.20927263319722797
TLIT.MI,2609.0,1.0783948519741586,0.5909742263357225,0.11363065968492646,0.27859174342902704,0.3967259619722452
AMBUb.CO,2609.0,0.7594969061807618,0.5441230720123792,0.2255889592277706,0.1027657393308965,0.5012327137057261
HIK.L,2609.0,0.6619358495770774,0.3368171758748606,0.08826787391020728,0.15281664613205415,0.32266067516239355
CAPP.PA,2609.0,1.1577724425167768,0.5304912322267309,0.0452924052885911,0.506453589757645,0.30281829220692197
BGEO.L,2609.0,1.2038795009873409,0.5918189701712674,0.11297761211016946,0.3144410451251981,0.40579547859029824
BIRG.I,2609.0,1.4628317411261853,0.5913222466370667,0.13099825776958887,0.3507312068381029,0.4490078226992675
DCC.L,2609.0,0.9775741682476041,0.4493186769308421,0.04057885693245217,0.4498295511663267,0.271478028722691
KNEBV.HE,2609.0,0.705519323639749,0.42288474768131107,0.03730671750704152,0.3462993570028312,0.23880173366772325
DLN.L,2609.0,0.993337803484041,0.5898926722662906,0.06015714416912326,0.3930694676317996,0.31470781285134075
WTB.L,2609.0,1.2546299292400336,0.5111821799173317,0.06876900514209992,0.4314995047160386,0.34766771180816997
GL9.I,2609.0,0.5982399169781504,0.35517040824137225,0.08196280377481353,0.14703494561651076,0.30986761963782883
TE.PA,1271.0,1.0095511588271364,0.3964858317953866,0.11515425975390448,0.20357925804321975,0.37995003523055454
NN.AS,2609.0,1.0368275935556825,0.470004011933111,0.03906359716922632,0.4871751623665066,0.2758893925433806
ROCKb.CO,2609.0,1.1548878905638484,0.48331141826249757,0.09580128509122729,0.3178993792789585,0.374623362115764
UPM.HE,2609.0,0.8993138017392407,0.47884876867372644,0.04727451756896429,0.38870527080341366,0.2779851774658719
BKT.MC,2609.0,1.086817895758875,0.49286802634754556,0.06196217462189495,0.3969238766266222,0.320413400128138
AKRBP.OL,2609.0,1.2389804983048975,0.41828713051630084,0.13869756358791507,0.2574966066629438,0.43203467725555256
MONC.MI,2609.0,1.2098720834392382,0.4639436041037883,0.06225175105635655,0.43316943912417083,0.3312703522503194
ADEN.S,2609.0,1.1722703480593204,0.5562397865108247,0.046519873315812095,0.5097043720540011,0.30790990771184623
SYENS.BR,537.0,1.3314314990007368,0.501593957317064,0.07356792357625602,0.304636887654788,0.3246584109419799
EONGn.DE,2609.0,0.7266222738827426,0.4365373678510928,0.04439869665173902,0.3210287540411886,0.25561882344529235
LISP.S,2609.0,0.457488157443645,0.2503273823971089,0.036001582247913846,0.17978018716767563,0.20942526728708658
WEIR.L,2609.0,1.4205200459505065,0.5806564089451137,0.06801128990733003,0.49621013914257717,0.36728162958478894
ACKB.BR,2609.0,0.7922779889356698,0.41237262508437034,0.02364745525950202,0.4937556039262536,0.21604563886937908
VNAn.DE,2609.0,0.7989827997498266,0.40994557162762374,0.06273220199012762,0.27075321730581914,0.2931847774214449
MTO.L,2609.0,0.9222663103148675,0.5392712621073565,0.14628789094901484,0.18533015653304308,0.42359105577844
EDEN.PA,2609.0,0.9757137078756318,0.45670983146218797,0.06730722191555358,0.33103581369631685,0.3170755912450817
HOTG.DE,2609.0,1.2138007632370784,0.5222923541440578,0.05865318297190125,0.45933384833569835,0.3292415321493138
BAES.L,2609.0,0.6898638170358442,0.2974070638286779,0.0516019643553994,0.23789353231042676,0.2601109921955207
ENAG.MC,2609.0,0.592487380558583,0.3522638517556678,0.038808678557682386,0.2632992897954739,0.22943110430661875
VEND.OL,2609.0,0.9947667487098956,0.5302190904231388,0.10245544749702702,0.26426203821332206,0.37302621791314516
BIOX.PA,2609.0,0.540252012787762,0.3313238347300622,0.07598608125156822,0.13394573848143065,0.2960928256183201
NKT.CO,2609.0,1.0211939056727843,0.513042536324156,0.12471175865012113,0.23196023974420066,0.4028053797703624
SDR.L,2609.0,1.2914262602609936,0.5837322997147115,0.03742899378940361,0.6057365641253474,0.3079954048135178
TRELb.ST,2609.0,1.2890232174544587,0.5715167621741613,0.03894999269325438,0.5934262823264953,0.3093979643421383
BWY.L,2609.0,1.2496163268133347,0.6390447564873178,0.08102734597571566,0.41245679809220936,0.3712182476450849
INGA.AS,2609.0,1.4342885239345209,0.5530201071602334,0.04977707783002731,0.5736476667546349,0.34155747080447074
NEXII.MI,1751.0,1.1983996566610344,0.48342951510266297,0.09174284499115233,0.3697574628601529,0.3813150404452582
BAKKA.OL,2609.0,0.8174712388807008,0.4951309691159101,0.0984094819573116,0.2134236555851009,0.3535749139437518
HRA.MI,2609.0,0.7816375859761442,0.4116462752829217,0.04594791005242567,0.3295162253804762,0.2616809796436293
BCVN.S,2609.0,0.47574613524082426,0.26247697251576735,0.028048337812625543,0.234063626172621,0.19128927874884422
BMPS.MI,2609.0,1.3269948960162552,0.5429885435677978,0.4247231461181579,0.12102341849167397,0.6948606602494537
STB.OL,2609.0,1.266097993932325,0.5802276370902175,0.052529973098304136,0.5141281322409463,0.3286821539733699
BOUY.PA,2609.0,1.0638089300784723,0.4211439431136296,0.038351870808247875,0.49211808153567305,0.2746915584497946
AXAF.PA,2609.0,1.1616596485934303,0.5204711874319844,0.03028861724645724,0.6048584174672978,0.2767558236362301
TEGG.DE,2609.0,0.8537036372265066,0.5085012797909769,0.07915069025760169,0.26698049824789294,0.3284755140294
HOLN.S,2609.0,1.1075530852503952,0.4199654138062234,0.030426679544842714,0.566280300629434,0.2647622836677916
GASI.MI,2609.0,0.9831391058472448,0.49920414104336636,0.02958887097844032,0.5425094542891651,0.25421814619052613
UU.L,2609.0,0.5860194268287816,0.3719050406557299,0.049201281278284215,0.2231292315293285,0.2515632681959804
ACPP.WA,2609.0,0.6855475331547638,0.4346496666617775,0.08128390920623027,0.192096320204602,0.31707055300310577
MWDP.PA,2609.0,1.218790536694583,0.4414119321958225,0.026721208981022322,0.6397304363445959,0.2722373302885101
A2.MI,2609.0,0.8977477325813786,0.43571004094812193,0.04390365925562395,0.39486656414372134,0.26925154046882366
ZELA.CO,2609.0,0.8424776487760729,0.6482084929554474,0.2164376147176906,0.1344544097161856,0.4998673924968922
REDE.MC,2609.0,0.47691958657888256,0.3389213618024129,0.03355377674965122,0.23183480879063434,0.20891845510381737
TEPRF.PA,2609.0,0.8948145557977943,0.48133712854188,0.11218261145060764,0.21054072085642694,0.37681772052647045
STMMI.MI,2609.0,1.4880792131231078,0.4216838851100151,0.09733487697152107,0.4066105446646031,0.40485335446341253
EQNR.OL,2609.0,0.9021213751664057,0.39845495373510387,0.08830819295069914,0.2394518731375087,0.3406203262464937
VLOF.PA,2609.0,1.5884695805306233,0.6472861257198627,0.11427042101219127,0.42271354813762385,0.44473841426670263
ALKb.CO,2609.0,0.7571694479672298,0.436904650991471,0.10846189817601472,0.17028258835836474,0.36141561350234214
SECUb.ST,2609.0,1.0442368897624328,0.4896008159993633,0.04049878537579022,0.48524206083285093,0.2803837787808439
EMG.L,2609.0,1.059544244660639,0.5478243621188393,0.06066956271972644,0.40393441148645615,0.3189127036546309
EXHO.PA,2609.0,0.9266847565185837,0.41139541529254914,0.05928349792413237,0.33149098681226874,0.2976779655777172
SSABb.ST,2609.0,1.3876772039819674,0.5819764735305153,0.09743937094187617,0.3983452315636198,0.40227863367607103
AZN.L,2609.0,0.525143160484847,0.3428035612748425,0.050718068816928835,0.1856350764361966,0.24946248072327065
BKGH.L,2609.0,1.0985925922267068,0.5367170486843087,0.06288805830841229,0.40625215598841036,0.32532428375594674
ICGIN.L,2609.0,1.734911515699623,0.5754636400906209,0.0737159446519338,0.5601775802689974,0.40923752365436106
AUTOA.L,2609.0,0.962205885520479,0.43931860803538597,0.06299090745672115,0.337254530940966,0.30817610435474235
RMV.L,2609.0,1.0420232788545647,0.4768888915845914,0.06263375084521786,0.3753090285359494,0.3165228064399852
VZN.S,2609.0,0.6394695968152853,0.3820673288987284,0.051201646162572195,0.24040441113983357,0.25952796247554677
PUIGb.MC,433.0,1.2156177531431243,0.38357696598039975,0.08044774464771205,0.2469510681661754,0.3260901590126613
IETB.BR,2609.0,1.053009417486714,0.3964779183321822,0.07688361971435972,0.3178945911968081,0.3356020279295458
IMCD.AS,2609.0,0.939043901168109,0.42490041738314827,0.04646318683383136,0.3956456714959363,0.27716736349244697
SWEDa.ST,2609.0,1.036412003662779,0.4861511138199128,0.04751408164304317,0.44185103766297273,0.2916550637594591
SCHN.PA,2609.0,1.213553405957013,0.48954669805091017,0.03462534374766947,0.584293271375081,0.28849409742473736
KPN.AS,2609.0,0.5225252838088963,0.28303093891996617,0.03795156287270484,0.21246853658268705,0.21943923868786938
WBSV.VI,2609.0,1.28581802631869,0.5816671844818013,0.06661385839952554,0.4612237551398981,0.35148879708071457
TEL2b.ST,2609.0,0.6941400649129229,0.4542568648764546,0.046931333952941044,0.3012528832826151,0.2590626758439188
WLSNc.AS,2609.0,0.5576881441035985,0.2815554415272011,0.03513176248399741,0.24270529360608595,0.21530341610919057
BP.L,2609.0,1.1068425576355208,0.35129677191287695,0.06448161335859351,0.36961136911000614,0.3197033402112323
LLOY.L,2609.0,1.3353930096526436,0.5602402074916781,0.05997949970929037,0.49904384430110993,0.34588758403221814
ARDS.AS,2609.0,1.1613863344488429,0.4869716569726216,0.08545542051400701,0.34587111640785206,0.3613029910365682
SFSN.S,2609.0,0.8382212355216008,0.4120835972185647,0.03699587398501079,0.40442101573237754,0.2491382304874271
CCH.L,2609.0,0.9728634410368479,0.4066591717774009,0.04794323438002948,0.3978008325868446,0.2820505828203935
ESSITYb.ST,2229.0,0.5790395354202069,0.4064707757041119,0.04221855002924307,0.25615269398215523,0.23813034783297732
MOWI.OL,2609.0,0.7516887293855319,0.4283483420500142,0.06513851070256223,0.25060568566360597,0.29471153040736786
SAN.MC,2609.0,1.460831579507152,0.6114012182849085,0.05562963088791085,0.5622147533746273,0.35633291485530244
HLMA.L,2609.0,0.9261934987335825,0.4264171180846216,0.039041550283104146,0.43290168749952607,0.26228156231978816
SIEGn.DE,2609.0,1.2299493798449193,0.5139699673058424,0.03347988192321292,0.6018785981502579,0.2898795701668524
THULE.ST,2609.0,1.1868180257756646,0.5918374294518408,0.08236856278218273,0.3809857209219999,0.36463959264200335
KEMIRA.HE,2609.0,0.8808297234108197,0.41444603865438295,0.052256024951772555,0.3423655204132866,0.28177944528875803
HUH1V.HE,2609.0,0.8429815459215578,0.40724188183368837,0.045764383040017106,0.35517353060200263,0.26630283501286184
DNP.WA,2270.0,0.8230838141135786,0.3715605517504213,0.11888926496183684,0.16154268633134072,0.37639110758266914
ABBN.S,2609.0,0.9820024367323809,0.41804955890382894,0.024831486960123217,0.5667639825609956,0.2393164203372125
AG1G.DE,1279.0,1.8397523669877818,0.739272029119894,0.23882213516526285,0.29181609488290217,0.5802620560412882
UNPI.MI,2609.0,1.186237809764262,0.5671992621010836,0.06611627230126584,0.42906614377758856,0.3401689686787456
BAWG.VI,2135.0,1.2064283389849775,0.4989640148459088,0.06487638730520719,0.4347652822352669,0.33862990359036527
RS1R.L,2609.0,1.2238088730384653,0.4846976899859244,0.05885678785566983,0.45525404961255533,0.3285751275953364
BC8G.DE,2609.0,1.03024186923233,0.5084310049824666,0.06791403561514095,0.3588832087689754,0.3253453511203388
ENR1n.DE,1372.0,1.4537523810215276,0.5269633068710712,0.22870189977462238,0.20688677912363163,0.5365995301316531
RHMG.DE,2609.0,0.9641196803310864,0.5099826417934064,0.10598614928957194,0.24521479354814335,0.3745814609560625
AIRP.PA,2609.0,0.829769793407545,0.39566132113190206,0.021132983171825305,0.5346733311496916,0.2130270944783837
GETP.PA,2609.0,0.9757155535662841,0.41870855607578356,0.03944685413998107,0.4491663234362293,0.267503431365901
HEIO.AS,2609.0,0.7294202476251525,0.37313355202383075,0.029669857556965173,0.3951537467675449,0.2213954266523987
ROR.L,2609.0,1.1534864651744188,0.4872664158424535,0.05039902157041107,0.469997460725595,0.30825170655355966
FHZN.S,2609.0,0.8052888127864234,0.36275998725286446,0.03851972470090383,0.3669604338128284,0.2465809786406319
DTEGn.DE,2609.0,0.7044841265165418,0.32977081482826615,0.02601756938231459,0.4002574279661737,0.2082017300433921
STAN.L,2609.0,1.2382012403107572,0.5049753808890821,0.07346811152564299,0.4090580424595013,0.35246048720932877
RR.L,2609.0,1.4527749155872134,0.5173654084085362,0.1645121148735649,0.2896860047493932,0.4810687752727394
ADSGn.DE,2609.0,1.1116252122070929,0.5138987357200234,0.06602692512014595,0.39442568747182316,0.3300731714579165
MYCR.ST,2609.0,1.0415229832372357,0.5151189715686141,0.11403460244919003,0.2543232159474258,0.3909096824445849
SASY.PA,2609.0,0.5238885121675525,0.3553831716391079,0.0395908869889289,0.2298298074015368,0.22664058099465828
SIGNC.S,1893.0,0.591061678877975,0.296964882663877,0.07930597907400694,0.1483385790839995,0.3049929595515706
FOUG.PA,2609.0,1.1322174521854285,0.45495133158175455,0.03138259719661265,0.5741175634408803,0.27135197594869304
UBSG.S,2609.0,1.213587413798915,0.42338601587491026,0.038720133961371646,0.5459258452629391,0.2919029245464899
STLAM.MI,2609.0,1.508865300626624,0.5579696339455216,0.08624325617990054,0.45899326323001566,0.39911187358526434
RAND.AS,2609.0,1.2114506774496319,0.568011061175341,0.04418252879382677,0.5376699450617175,0.309017185968089
NOD.OL,2609.0,1.3382114442125967,0.6687130037473397,0.19683247713066024,0.24685984248292547,0.5110270496393989
MKS.L,2609.0,1.1042667632940066,0.6130443475921737,0.10597738193530958,0.304210547456537,0.3901225775146685
JMAT.L,2609.0,1.084250542417421,0.4894583867296244,0.06557909623612794,0.38186891760093145,0.3255935812124647
ENT.L,2609.0,1.2580965165724252,0.4832432918431833,0.12421259431297005,0.29296246935704784,0.4189816422847238
ASRNL.AS,2493.0,1.0325118751751057,0.4344050208488742,0.03881208810144227,0.47620188850719336,0.27209915599905227
PSPN.S,2609.0,0.475569278930796,0.27066780595261003,0.025412917459240677,0.25531921461299156,0.18466117771769133
BMEB.L,2609.0,0.8154742019991493,0.44976634341827415,0.08513423191919461,0.22825195760276928,0.3320073933708775
UTG.L,2609.0,1.0219853267023398,0.5007393199360584,0.05077026435769231,0.423436935400082,0.29662975687720733
SABE.MC,2609.0,1.4547254784251047,0.5198253005778962,0.12274844890625489,0.35424809332596474,0.43582141864786217
IFXGn.DE,2609.0,1.5022174831798263,0.46634657144561137,0.07242235124261874,0.488937823234875,0.3762988162611186
CAGR.PA,2609.0,1.3197892824422326,0.5193065524540345,0.04357929574033914,0.5670700184232715,0.317149977182633
TELIA.ST,2609.0,0.6918444144641122,0.45840297333636976,0.03553322661748436,0.3632414485894818,0.23613661966793598
PRTP.PA,2609.0,1.2159113146507377,0.5019248371222693,0.0636415468102478,0.4362594002080803,0.33586451268241824
RECI.MI,2609.0,0.7706305718425701,0.3814290952729671,0.05336945849175561,0.2852569689218525,0.273152289813422
BATS.L,2609.0,0.5983429362274576,0.2935981348569255,0.04782818288693733,0.21098614949846173,0.24611214145990104
SDFGn.DE,2609.0,1.093782426732387,0.5452321404043202,0.11491213416375444,0.2725388761302282,0.39729350278792464
ANA.MC,2609.0,0.9311563042448994,0.38653943006316904,0.058766319001096676,0.32997262599844324,0.296040673248945
ASSAb.ST,2609.0,1.0532207849763267,0.5226172235694906,0.03246688517572702,0.5509366522216592,0.26878183824974455
ITRK.L,2609.0,0.8427446267068225,0.46905110515888626,0.03822124331712965,0.4141949575698959,0.25533436196537407
NIBEb.ST,2609.0,1.2942980189023772,0.5721752290920799,0.08350076146585092,0.40675016804790753,0.37502465326894247
HBANC.S,2609.0,0.8912818832794329,0.3425506105198879,0.026961044817772666,0.4893420721262507,0.2296871674681607
FRO.OL,2609.0,0.9023464592211807,0.4994865318231905,0.22623214863467303,0.12013797952496874,0.5068778184873439
SCOR.PA,2609.0,1.111582941578752,0.5074116660875506,0.08168455376195292,0.343690247196632,0.3526541131912935
BALF.L,2609.0,0.9203599107935243,0.564080915235889,0.05616607098692473,0.3777270822252663,0.3003170465710789
JMT.LS,2609.0,0.5844121833373119,0.34483874281802934,0.05669187257422214,0.1915730166134645,0.26471186809380104
SUN.S,2609.0,1.084931420026579,0.44626726221523316,0.054760401356270645,0.4169592744634124,0.306349571874412
KCRA.HE,2609.0,1.2563025456409473,0.5512084099991333,0.07852319657620765,0.4064910833049129,0.3635957293730971
UNI.MC,2218.0,1.0987909377558298,0.47148309386621073,0.0936526623773633,0.30271368892339123,0.3663182139971057
KOG.OL,2609.0,0.8026473398062679,0.40134359664507585,0.09784037057765971,0.19178343722819435,0.34779920386596325
ALLN.S,2609.0,0.4023070805142783,0.2595151918577539,0.020312017090399603,0.24891686932939294,0.16438641900133696
ELI.BR,2609.0,0.5867824664016615,0.29033663355407474,0.05715826496071779,0.17764568354000387,0.26353811948826505
HNRGn.DE,2609.0,0.9184299037272015,0.4411227362859321,0.033235596545507604,0.4731169294609239,0.25106029174226124
CNA.L,2609.0,0.9406578475223761,0.43793630641650944,0.09331353456802065,0.24867827999870118,0.3522838712701617
DSV.CO,2609.0,0.9532391715040333,0.46734422201751447,0.0542625670424295,0.37421060715077226,0.2943536877066921
DB1Gn.DE,2609.0,0.732095453007568,0.3860983339372572,0.034543650465333385,0.3646271061074374,0.23307902132532637
BVI.PA,2609.0,0.9101751189753446,0.37278653434068343,0.02643767452943213,0.5100327392600618,0.23219962132735528
EQTAB.ST,1636.0,1.7246885603649682,0.6757538280688433,0.12708011212981676,0.47460026646628395,0.4915051632599567
IG.MI,2387.0,0.7022775545068447,0.3782997896932728,0.041690805864616605,0.29436853138322105,0.24296800099534735
TTEF.PA,2609.0,1.0437579788217857,0.3883704703952132,0.04271375144736699,0.4509216303514104,0.2788047075817488
MBGn.DE,2609.0,1.3744865945173048,0.45137086951904537,0.045625820271526514,0.5630073596564289,0.32299938352562146
FBK.MI,2609.0,1.1488163350492706,0.5980345841403631,0.06132307431740985,0.4416035521660534,0.33126385254999335
SAGAb.ST,2609.0,1.1753277948142278,0.5846914396797525,0.0774597183234971,0.39066703575084616,0.35640520017215677
MTXGn.DE,2609.0,1.228890479254587,0.42995414706259405,0.0683315915518158,0.41145705953673095,0.3406082029071726
ALSYDB.CO,2609.0,0.9127833871711627,0.5105569201122707,0.06357363798803618,0.33334964848189474,0.30869023274908775
SBNOR.OL,2609.0,0.6896215015870626,0.4647152170797075,0.05182233656771134,0.2822305463310546,0.2685959262149336
SOGN.PA,2609.0,1.616314219019679,0.5787433152639375,0.07002378409008889,0.5429250939016255,0.39125735169076165
ACLN.S,847.0,0.860719103656438,0.3423654882330366,0.05647472881779472,0.23815982727829843,0.27194506621181364
DBKGn.DE,2609.0,1.510374933356283,0.6233223132798189,0.08787829439255271,0.46371286079379104,0.40464625995333664
NWG.L,2609.0,1.328038447256416,0.5867717133976078,0.07702793135806375,0.4389379672518512,0.37038389041862335
SAND.ST,2609.0,1.3312879935380177,0.6090337403604811,0.03793258344413384,0.6181703374283453,0.3150683591893076
NDXG.DE,2609.0,1.2912506955665577,0.5202092662863611,0.1891139631618042,0.22553963160861834,0.4939643550572803
INWT.MI,2609.0,0.6279807153384523,0.37475955875953404,0.05028101871469978,0.23698370115736211,0.2566070232393317
SRENH.S,2609.0,0.9107365921760022,0.3924681808671873,0.031639825762836006,0.47009712029379525,0.24425997816561035
RILBA.CO,2609.0,0.7677374995499722,0.45787558598580447,0.032733388423898765,0.4161608040470577,0.23669128649343024
JYSK.CO,2609.0,0.9241226549110886,0.5455965633882475,0.0553251690735208,0.3778677593618164,0.2980941360585364
LOTB.BR,2609.0,0.50270190482667,0.27180712162948595,0.058825182403196494,0.13863665674258796,0.26122928429193054
AALB.AS,2609.0,1.355235819873562,0.5638682021061693,0.04057943778718734,0.6019083725330866,0.3191500399759288
NOKIA.HE,2609.0,0.9501410428409913,0.4579101919972741,0.0882944979871967,0.2659463040244836,0.34668601114862924
KBCA.BR,2609.0,1.232235337383595,0.5431161779280854,0.04073656073744769,0.5599271999804059,0.30413284804939467
BNRGn.DE,2609.0,1.044527770671405,0.4524961869110806,0.03684608289842612,0.5010104258866179,0.2716335057864084
AMA.MC,2609.0,1.167700178189488,0.4654973364619951,0.04829156213903524,0.4816830743111724,0.305120469359833
BZU.MI,2609.0,1.2327341097589755,0.5214240020271363,0.05607667199814929,0.47663413577447833,0.3272064314410257
BEZG.L,2609.0,0.8988456553699541,0.4926149389239531,0.07498646988754458,0.2890487825229827,0.3246421945582601
AAL.L,2609.0,1.5877589171309137,0.5625489869222742,0.1383094449069047,0.3665237135129412,0.4670830960256439
BOLL.PA,2609.0,0.9630668300485792,0.40030127401293564,0.03630270051922382,0.46038815953273926,0.25927589572995924
AVANZ.ST,2609.0,1.126343392340559,0.6345715877485801,0.09457035778056153,0.3394451487625548,0.37823044611220236
RTO.L,2609.0,0.8531367191358591,0.37451972585198534,0.06693258580101193,0.2704009951049787,0.302768087378905
ABVX.PA,2609.0,0.9153857049330841,0.5423276114028122,0.7540091815268521,0.04197832621900155,0.8868171067320395
BYG.L,2609.0,0.9005553705285686,0.4733713218844382,0.05928307138270007,0.33561195419581047,0.2985986605398242
NSISb.CO,2609.0,0.5595800453595046,0.43297166821021354,0.05705510685199763,0.2070877771980184,0.2681440208507208
ANTO.L,2609.0,1.3980672891231392,0.47734457994663687,0.10539813675690936,0.3682055847918799,0.40828364898188807
MBK.WA,2609.0,1.2608393658648898,0.6754862997880948,0.13212682367429573,0.3096886043101895,0.43732709783131385
RXL.PA,2609.0,1.5407666157998419,0.5904494789033019,0.06929547827477414,0.5267750392343011,0.38251814278627466
ASML.AS,2609.0,1.204693173351934,0.4326091252829282,0.07150126585734384,0.3927476147314616,0.34300911641860843
BOL.ST,2609.0,1.3073606380456262,0.5575737137194657,0.08319432112510683,0.40917305643735313,0.3751026282189143
CPG.L,2609.0,0.8645860136721855,0.37053106719983664,0.04864034689492636,0.3416670873198817,0.2717120881416097
DSFIR.AS,706.0,0.8379853391613116,0.4280052952738071,0.049177905536864665,0.2438042705766107,0.2546542965493041
HSBA.L,2609.0,0.9274628120483617,0.3822582449661215,0.04125727079844681,0.4097347230093509,0.26427740999468824
BPTB.L,1160.0,1.7518617521835314,0.5711146635149845,0.1300885335659057,0.3952303546848073,0.463393009647945
BNZL.L,2609.0,0.7509189020939939,0.3157595211193073,0.04354927458754096,0.3027481927091389,0.249821062131097
REY.MI,2609.0,0.9389045103846265,0.5775776329209463,0.07485011046510755,0.32208968625687584,0.33215708026601076
VOWG_p.DE,2609.0,1.3645641763606202,0.49329277227503926,0.05468776374950925,0.5208451896254,0.33770739311783454
LOIM.PA,2609.0,1.179169122659051,0.5378911988898546,0.08649112557685469,0.3574834169928178,0.3667558215018793
DEMANT.CO,2609.0,0.9082030052788869,0.48574241072832336,0.0840437280199234,0.26773304081350924,0.3386502083582194
PSN.L,2609.0,1.351045026208253,0.6368257122114164,0.09196980576934022,0.4105317888421228,0.39484428109432484
EMSN.S,2609.0,0.699570856127086,0.33459760721443027,0.030292736221248347,0.3632753724543373,0.21803531404977838
GFCP.PA,2609.0,0.9806912775147305,0.44685329499347254,0.03919366818146326,0.45912835009668174,0.26908795538369407
UCB.BR,2609.0,0.5705833268273375,0.3839811218377801,0.06725473435340229,0.17164705475364195,0.2848309199795619
NESTE.HE,2609.0,1.0096313239026073,0.3189150561101526,0.10697814593436074,0.22704056426729258,0.3718798045077579
SDZ.S,585.0,0.6216122158374072,0.38583332342545734,0.07505862383303077,0.12062624622195717,0.2916544571870867
KBX.DE,1883.0,0.8370248189897883,0.5264252093159125,0.058694796378113194,0.346933983914829,0.2996335038574104
METSO.HE,2609.0,1.4680500789986117,0.6439565879421404,0.1326019061993421,0.3564012987180962,0.453733365247687
AIR.PA,2609.0,1.415067431549914,0.47128893058199045,0.06280785458016327,0.49887304756031037,0.3538885496476146
MRCG.DE,2609.0,0.7885731198610049,0.40471476702183473,0.04636269929942092,0.3286007600340237,0.26268020475286347
CRDI.MI,2609.0,1.4735945261088066,0.6487506613907275,0.1067774572966794,0.4096399805458324,0.4251231258250266
LEGD.PA,2609.0,1.0166867082930509,0.4183380776112132,0.02952733918731778,0.5380678033116661,0.2527297989034079
G1AG.DE,2609.0,1.072513294158972,0.48945912151627785,0.055306423243284934,0.41858708887914875,0.3083037894086418
WISEa.L,1170.0,1.2517737542852807,0.40308064314269915,0.13621976831670066,0.24178155070202811,0.42349771094523364
NHY.OL,2609.0,1.2386178091815054,0.5712515084994491,0.09576049019902803,0.3577413078481889,0.3859860394317678
SPSN.S,2609.0,0.46740088863759277,0.27032996500340806,0.022912282819690908,0.2704455664051011,0.17714901518715254
TPE.WA,2609.0,0.8305151278424192,0.4580582043291436,0.15771008687021454,0.14207165477892492,0.42858566326403036
SHCS.L,2609.0,1.1746934336908192,0.5556513814893738,0.0730697801579521,0.39892603877179444,0.34852854659132465
RUBF.PA,2609.0,0.9110737074986013,0.36473600102667564,0.05845299993915803,0.31882547871947253,0.29282463935426073
NESN.S,2609.0,0.3934015860906552,0.25389529421925455,0.02374374421574836,0.21333350456079891,0.1736651548254389
PNDORA.CO,2609.0,1.1041776252771616,0.49425527402857894,0.12890121899187945,0.24519682417306288,0.4130903644690476
IVG.MI,1042.0,1.4393658670483,0.5339360226819886,0.12313400758710269,0.3407576360871791,0.43176641957136724
GLEN.L,2609.0,1.4387343445275709,0.5203352798648666,0.10493897560230794,0.3864344215108252,0.413400815169835
GBFG.DE,2609.0,1.2900519836977433,0.4871603796490748,0.0932083168125042,0.366086970244484,0.38330625430721604
CONG.DE,2609.0,1.3540934806259841,0.5200779341771022,0.0646201929057068,0.47987827695794594,0.35234250766081643
BUCN.S,2609.0,0.9304397951905106,0.4133683704894716,0.034943645684344826,0.45897389749786643,0.2540436883034852
SOPR.PA,2609.0,1.199531173965561,0.580454796697465,0.07791376973092687,0.3959799355927517,0.35901685507071385
SPMI.MI,2609.0,1.2551955365717393,0.5892025935099322,0.3262740861066178,0.14467385555396173,0.6173889177174129
ZALG.DE,2609.0,1.2446983409881152,0.5316826101659464,0.1354154342788452,0.2784420734392895,0.43304386935198846
HIAB.HE,2609.0,1.248835143688983,0.5718632591512032,0.09361281396754599,0.36608697485372343,0.384137074479737
SKAb.ST,2609.0,1.1367077939404748,0.5813024649149087,0.04210999345312823,0.5277916102747082,0.298510182282319
AYV.PA,2228.0,1.1340534986029787,0.47994778491531565,0.08926060401451076,0.32489945875081694,0.36345494472658296
ZURN.S,2609.0,0.8282251548077328,0.3417938951377277,0.021508970747024212,0.5150985167209188,0.2105312021457361
MUVGn.DE,2609.0,1.0030357448311336,0.4281598498329973,0.03386021528348918,0.5004808133582432,0.2602568581070859
SRG.MI,2609.0,0.7200898177652795,0.36667139471177557,0.036636322802907045,0.3397112670672031,0.23546285595782226
ABI.BR,2609.0,1.0303178942636695,0.37986631989906,0.046096886994173,0.4251067710817207,0.2830581176225893
LVMH.PA,2609.0,1.1416048707698994,0.4365599142298654,0.04178043973657335,0.5031992459669468,0.28988703501567853
WDPP.BR,2609.0,0.8329973597181631,0.4266605436953753,0.045227791176667066,0.35867944529657725,0.26545965249759135
PSHG_p.DE,2609.0,1.3495155401179584,0.5468412814950602,0.052024241658519065,0.5367398425277073,0.33498380869776684
COLOb.CO,2609.0,0.5050815391801334,0.3454773424936385,0.05386655286302168,0.17016898071506104,0.25468195317259446
AGES.BR,2609.0,1.0607795609083386,0.39324019422326795,0.03888771518525071,0.48204008508592056,0.27389969609115583
HOLMb.ST,2609.0,0.8668273770768928,0.4916067289713205,0.04198153870244835,0.40763610392962024,0.2661143522556369
JD.L,2609.0,1.411667241555952,0.561877692907836,0.12762888777480932,0.33934323313871384,0.43935943858836257
CAMX.ST,2609.0,0.8569349985138945,0.42003746217447946,0.16695195468639984,0.13573512059941684,0.4393450459292001
GMAB.CO,2609.0,0.7828345737595005,0.4171494941466329,0.09494804661781749,0.1935444583930067,0.34299375602066595
SPIE.PA,2609.0,1.115118686990393,0.43626422433219914,0.0589952957658902,0.40808897855505255,0.31558321062603334
GTT.PA,2609.0,0.7558016279104821,0.4154229486239283,0.09353482912022741,0.18752925385848607,0.33916905735754044
ANDR.VI,2609.0,0.9250356606921544,0.4996693125393904,0.05268103996257906,0.37820123620975754,0.29096158567005875
VIE.PA,2609.0,1.007665809813079,0.4929638417043458,0.03616577360753349,0.5003985284275814,0.26894931183098036
CFR.S,2609.0,1.1210230855624377,0.49150981409876493,0.05303655857298818,0.4466509118588031,0.3094720849296741
SPX.L,2609.0,0.942473311501458,0.43922405562998684,0.044140601313033975,0.4127024564496228,0.2740459842800759
EXPN.L,2609.0,0.9802931998234438,0.39799088401075566,0.037345659483978444,0.46010537348878244,0.2629050789600563
ISS.CO,2609.0,0.9605914965015694,0.546819157571316,0.07143339086868543,0.3323070404063022,0.32696076946863767
ELIS.PA,2609.0,1.27127788326275,0.5034859867503472,0.07460904286547992,0.41568381858642234,0.35719485093597225
ESLX.PA,2609.0,0.8734242115536327,0.41161780128499426,0.03834573232375984,0.4110911812529061,0.2550750035727115
SCYR.MC,2609.0,1.24320167751765,0.4913529174917159,0.07522492612985442,0.4027336950247904,0.35475644145487534
CRDA.L,2609.0,0.8381601316243927,0.3717811141233775,0.044494438449213664,0.3507771337055332,0.26169135343581407
KGX.DE,2609.0,1.4382543624438953,0.6489639039915744,0.09817611133591815,0.4206185774494814,0.41148503219623295
HEIG.DE,2609.0,1.259933522290137,0.5361434796591379,0.04228973418030007,0.5583612593010352,0.3093266287675063
FMEG.DE,2609.0,0.706737329502486,0.44370460033505776,0.0653102253855527,0.23810648440612492,0.29266909507577055
CDR.WA,2609.0,0.9297958298464618,0.4311193639848207,0.16281922210826535,0.15613113136642154,0.4390851679742383
KYGa.I,2609.0,0.5358220686023365,0.2941605103513545,0.04257456042560249,0.202997784824955,0.23103550918103177
INGP.WA,2609.0,0.9088203420431952,0.47098911411243655,0.09106280146487646,0.24956199206806728,0.34821422178349926
AXFO.ST,2609.0,0.44617218793723784,0.3661956106745781,0.04774887095204534,0.17258133372866669,0.2401332554187549
TBCG.L,2450.0,0.9018871783173306,0.5507774832311604,0.1236241280759664,0.19720231760661255,0.39225741127242164
TSCO.L,2609.0,0.6338038574723386,0.37485048471545596,0.051192804371177264,0.23610509172009908,0.258774253889187
HEXAb.ST,2609.0,1.1903019378931983,0.5421389662170673,0.05022934604613436,0.49382612620296795,0.3148924961026594
KESKOB.HE,2609.0,0.6305669418392953,0.3914215773474877,0.05227897110777196,0.23580564883704858,0.26145383501912506
MRON.L,2609.0,1.5621293926107416,0.4691998039075248,0.12636107455887607,0.37053044341197494,0.44787075195739307
PHP.L,2609.0,0.6713419130157638,0.38884381687672437,0.034638113538558515,0.3361203485446771,0.2283315102514963
BNPP.PA,2609.0,1.4099813905562493,0.5583329613051805,0.045576426720449675,0.5888976703635975,0.33283468604889704
DNB.OL,2609.0,1.1085090686278052,0.5247369120174695,0.046535189387452304,0.48141009689004455,0.29944159443598456
HOCM.L,2609.0,0.8905907570064026,0.46058741965461175,0.29705852260902577,0.08908353279914483,0.5708409812229449
ELISA.HE,2609.0,0.45786184123479473,0.33039797443342533,0.03803157329606098,0.19888187625181586,0.21779970118010628
IDR.MC,2609.0,1.0097825055771978,0.4582265629639815,0.082047007509736,0.30030550238821363,0.34230288201728454
DANO.PA,2609.0,0.5668295280367261,0.3528918507889327,0.029019225267347043,0.3103584442190245,0.20505228235056056
AV.L,2609.0,1.2253071829867257,0.5434043389883407,0.03844326230858646,0.5719854620352355,0.2995810022404517
SGOB.PA,2609.0,1.3788627095581483,0.5363094120114444,0.03310403670900906,0.6521792488311772,0.30838705902121133
CPRI.MI,2609.0,0.8104979850206409,0.4256820273248581,0.057919151293803164,0.2950927426160367,0.28653555267822234
ENGIE.PA,2609.0,0.8908779986262509,0.44279750777270666,0.03658369580293712,0.4380813042655609,0.25505888676496163
NXT.L,2609.0,1.17142300379434,0.46889810566400275,0.07243895429304474,0.3843697837243135,0.3428937225968199
FLS.CO,2609.0,1.2049407941086907,0.6387655292403815,0.0768306377166288,0.4120404832170682,0.3613490514266792
TEL.OL,2609.0,0.6681614204140455,0.4147108260001027,0.04032624986860643,0.30992420416748945,0.24164562301410697
SCMN.S,2609.0,0.3750081372344758,0.24586726660201683,0.024071162626092997,0.19720307493479106,0.173092836758519
ZAB.WA,314.0,0.73757025673628,0.47502791297866653,0.08896965888909289,0.16387174171208685,0.325156573120216
ALCC.S,1756.0,0.8026919616085049,0.3431729874277915,0.0484577854801301,0.336160195035323,0.270024104334279
GIVN.S,2609.0,0.5190880057635301,0.27609121253149066,0.03629535425764863,0.21616519276698332,0.21510309511375975
UMI.BR,2609.0,1.0045213981742063,0.5178246694355397,0.09400341376216317,0.28188840067183063,0.3616673083416005
TCFP.PA,2609.0,0.7513130866107754,0.37775194908828885,0.05677178521786945,0.26429780725231955,0.2776825970503607
SBRY.L,2609.0,0.6096059507345662,0.4493121107655076,0.06308657126353072,0.21238036786890857,0.2829069443132572
DKSH.S,2609.0,0.5984197988501472,0.3058211104891586,0.04224862496133386,0.23585694886779462,0.2350457308609653
OREP.PA,2609.0,0.8226374465793609,0.3958675571071852,0.0325477846473284,0.4240482596575509,0.23762989800973602
ITX.MC,2609.0,0.9777040875711298,0.44993629323462786,0.040803041169169864,0.44866002423212703,0.2719380240163873
BBVA.MC,2609.0,1.4131111721387888,0.5575383469827725,0.06162266922120153,0.5152448556154926,0.35640390341634054
SGRO.L,2609.0,0.8942688507490273,0.48652777614095377,0.043947321439243105,0.4061750765342965,0.27193831771727056
BFT.WA,2609.0,0.6841317644842931,0.4436406889785656,0.14833774753946657,0.11636536697631061,0.40956504843063035
SHBa.ST,2609.0,0.9893256853201499,0.4789240133080258,0.045135617747283516,0.43500442534217076,0.2825339130658548
WALLb.ST,2609.0,0.9647220839870961,0.5738781183105769,0.06217663801370896,0.37170926924598524,0.31446093656914653
NG.L,2609.0,0.5475140932940661,0.306042032757317,0.038569192221277755,0.22865574854950543,0.22352677907897903
R3NK.DE,495.0,1.066138328685348,0.6185806387677661,0.34109032214729784,0.07569888382576051,0.6062434184188016
PLUSP.L,2609.0,0.5628466536186704,0.2916604287600397,0.15866615085633917,0.06820882576957643,0.412492692237465
TOM.OL,2609.0,1.1074285621667008,0.49919883968452994,0.12019351678814351,0.2600417670857684,0.4028750107788367
DLG.MI,2609.0,0.8866953249590798,0.5634170257355511,0.08713264704062305,0.2709244501300452,0.34557124611944307
IHG.L,2609.0,1.247583288520751,0.388870452608728,0.04753938161652547,0.5015380417634199,0.30870535749831074
AMUN.PA,2609.0,1.2008417584183548,0.5456881938617881,0.03859007767415551,0.5635543890803462,0.29723926129483547
ALSO.PA,2609.0,1.0638865067809686,0.5242356765207895,0.10281199325417742,0.28265985040000086,0.3784362516165198
LOOMIS.ST,2609.0,1.1158051562159033,0.5749873433541562,0.07459969946141277,0.3789605148584161,0.34645141904808285
CVC.AS,438.0,1.3987244322003456,0.4197090794394214,0.06646120992715016,0.3391424920283196,0.31639828259379393
EMII.MI,2609.0,1.3596309423746993,0.6028219899963815,0.1379463623706389,0.31436694635276063,0.44837631702142877
EXOR.AS,883.0,0.9886532260469961,0.44305942453548036,0.02723188114065112,0.4949126620726595,0.23193304206062063
GSK.L,2609.0,0.5214691852916741,0.3320583563831354,0.03705456929194537,0.2323290811297578,0.2196174034320897
LONN.S,2609.0,0.768386721390489,0.38161644662874483,0.060946229987374895,0.258163620426072,0.2865185678034416
PUBP.PA,2609.0,1.0270639723982677,0.4401480834048734,0.05187926400802813,0.40710761337672075,0.2956939089509589
VOLVb.ST,2609.0,1.2439776719852302,0.5578073674901673,0.04179376657236301,0.5599675762283305,0.30806817031698436
REL.L,2609.0,0.7126176145506334,0.3449484775539072,0.02775443408124187,0.3937984016851138,0.21389028630839882
CVO.PA,2609.0,1.074034468000741,0.49502771612204205,0.05700992501903606,0.4129041555870995,0.31149719761518974
INDUc.ST,2609.0,1.1081092026025747,0.5133201313520809,0.021361488404113074,0.6669113905189284,0.25314495479029187
ABDN.L,2609.0,1.503369612721509,0.6350853061407519,0.058689669728408625,0.5639979824754786,0.3667498927313929
LTMC.MI,695.0,0.7172554081174435,0.3337953021485848,0.052633709336606604,0.17317735713345916,0.25194115741993106
SOBIV.ST,2609.0,0.7876021212436582,0.5019772920974329,0.10393902249954974,0.19760263767715447,0.3597725132707934
CABK.MC,2609.0,1.172367403691033,0.5070006877205984,0.07734867683580132,0.3758338536124868,0.35189229021237056
LIGHT.AS,2503.0,1.0804896431729516,0.47994350257834795,0.0832970935674615,0.32137013926233426,0.35020697617264446
URW.PA,2609.0,1.382813545951599,0.4973541849607382,0.09995307419826781,0.3788286877000022,0.40098284693365616
INPST.AS,1285.0,1.549115959164352,0.44931003703758554,0.15969060814158764,0.2779004293031887,0.46989697012977594
ABF.L,2609.0,0.992744337322908,0.5035583634001871,0.05685482741227486,0.38610679856934926,0.3042080295360528
ADML.L,2609.0,0.6816945309658542,0.3884443777537427,0.05038895423071465,0.2622807337081612,0.26124953246232624
VID.MC,2609.0,0.6969459256989546,0.3173418513721349,0.05241637292218309,0.24269811833987642,0.26298584707565925
VOPA.AS,2609.0,0.6188473757523636,0.43417536287819686,0.05258866130591758,0.24309293714460567,0.26348639229643683
WPP.L,2609.0,1.217206938243915,0.4775469272367631,0.06766394879779923,0.4175473736739108,0.34070756589800016
LMPL.L,2609.0,0.9360706836810396,0.4983475143352219,0.0426145366988149,0.4331675925037376,0.274084806466813
FTKn.DE,2609.0,1.2320825212885356,0.5863254078403284,0.16888654514200843,0.2405391811429034,0.4713877055598243
CBKG.DE,2609.0,1.4981351817520896,0.6271554204748171,0.11012242991602744,0.40559419696898336,0.4302588228678932
SVT.L,2609.0,0.5767862283666343,0.3611457877767901,0.04559410233869945,0.22938066413365898,0.2431463732674646
DIOR.PA,2609.0,1.1913557012817453,0.43386919368211185,0.040404890402520224,0.5291604904596927,0.2928288954805446
SECTb.ST,2609.0,0.9313130661768545,0.48460949553414834,0.12491568435876854,0.20324599278624444,0.39580362714948636
ICAG.L,2609.0,1.6789035946971957,0.6362377470121757,0.12990003897281768,0.4126643927658713,0.47010501854461473
GJFG.OL,2609.0,0.8098907824675817,0.43852850905578517,0.04054224361519064,0.37756907843725573,0.2551183643203478
EVDG.DE,2609.0,1.1068205591086944,0.458829204359326,0.07225231543304625,0.36129311580001533,0.33620835226706913
ENI.MI,2609.0,1.0850275462673082,0.41890590473887107,0.04036764659557329,0.48714491473871024,0.28044828892255114
BEIG.DE,2609.0,0.5436138971841125,0.35136161385354453,0.03072488969298022,0.2859982540923741,0.20736188947251546
DANSKE.CO,2609.0,0.9763474572044835,0.5216806312140602,0.0517255057953562,0.40695438968975794,0.2952172547555046
HRMS.PA,2609.0,0.9109974750776637,0.39260921175161156,0.0393633460496761,0.4163992668594959,0.25961005061533976
DGE.L,2609.0,0.7415498123377013,0.3347579390472528,0.033133108598237065,0.3638485509447972,0.2281309682516377
ALFA.ST,2609.0,1.1962466383569705,0.5204981087950656,0.045728003741587406,0.5152462920182654,0.30701808861041
AEGN.AS,2609.0,1.3833235539948514,0.5405155420519452,0.06503704759268689,0.4903205529874095,0.3570797817590572
MANTA.HE,587.0,0.9552523091378499,0.4848893084207337,0.05040500516609138,0.2916798997136901,0.2663052107438915
SUNN.S,293.0,0.6197915140469724,0.31419987021211326,0.0549912054834787,0.15129279024230213,0.25367358557467584
BASFn.DE,2609.0,1.2007133248036304,0.4629186518785089,0.034573255745197366,0.5758325440060652,0.2853874554775077
RIO.L,2609.0,1.0513672888186727,0.39445701931024996,0.06654286799309672,0.34904772555235664,0.31960207866738444
LPPP.WA,2609.0,1.203087753743386,0.5492950600870515,0.16032937165886094,0.2381299311645877,0.4585635189246777
SN.L,2609.0,0.846706760000006,0.4153688660152689,0.0468532054105541,0.3534010472536324,0.269082570473615
ITPG.MI,2609.0,1.165455078563347,0.4928985770244552,0.05910075313483412,0.4357689576517231,0.3235202218537708
FDJU.PA,1594.0,0.7883096761795636,0.26214873775359976,0.05829449552222969,0.28607983976864704,0.2855723484398205
SDLF.L,2609.0,1.1243375930223052,0.5113599781752594,0.03674773862261223,0.543194857434607,0.28351969257552856
REP.MC,2609.0,1.1114160444500838,0.38171910918421686,0.06174002800228846,0.3864026865486003,0.3170845624312326
CAST.ST,2609.0,1.0523328443654294,0.5572543935020123,0.0637054225154622,0.39183554637288454,0.323527421212252
SWECb.ST,2609.0,1.1026037538994429,0.5947025348195616,0.06899964127147183,0.3973265469834689,0.3382328598461219
MOBN.S,2609.0,0.43497047310472875,0.23656731127228084,0.023460924697732203,0.23258399973050214,0.174779523114653
SGSN.S,2609.0,0.6351062730496962,0.3291134937653615,0.0262993010320607,0.35992468617691487,0.20262357629233937
BCP.LS,2609.0,1.285561121559365,0.6058042409484592,0.13004568390885468,0.30838730498204125,0.4334608770717964
TEF.MC,2609.0,0.8616772178890868,0.36633447246729395,0.05066353092625821,0.3304043777339929,0.27496336647269
BKWB.S,2609.0,0.46185125952194717,0.27536734505561616,0.04363661124737218,0.16210666725792133,0.22812062516933376
KBC.BR,2609.0,1.2727186687299408,0.5238803271975232,0.05307698824760031,0.5038703257712629,0.32695572495076203
VOES.VI,2609.0,1.1771343795580747,0.5244494354419879,0.05793338035089336,0.4505255546363417,0.32458174998764433
SHEL.AS,2609.0,1.059530025840951,0.3442888002153117,0.05355441502957823,0.3941383125958492,0.2971969218951541
SOF.BR,2609.0,0.9184212532894558,0.429500037144939,0.039377155412430774,0.428288240751304,0.2623415133304803
BALDb.ST,2609.0,1.2389428317678282,0.6164768295272247,0.08271090730405264,0.40021368729705276,0.3712073178788445
BESI.AS,2609.0,1.3837503123121386,0.45961443016148446,0.13599331617420515,0.3052382465065606,0.4422565186376579
ASMI.AS,2609.0,1.3615047040939048,0.37264408950198724,0.11107665699618562,0.3330467722443301,0.4079407810920958
ELE.MC,2609.0,0.6699924378836328,0.3680587672241256,0.03734226354854154,0.3123291375488174,0.23293965101009045
ORAN.PA,2609.0,0.561495396617948,0.3060312502165315,0.029758939561572814,0.28500023573444044,0.2039337891073098
PIRC.MI,2150.0,1.153416795387104,0.5095058637320024,0.0648204013223773,0.41704000657419815,0.33329921933203793
GALD.S,463.0,0.7063429750800186,0.31752230512281443,0.08060464245631681,0.11527884724081616,0.3011859790673199
SCAb.ST,2609.0,0.9278423240094283,0.47680886829849944,0.048926279336853264,0.3911613089652701,0.2833696838428553
BMED.MI,2609.0,1.1975057830443763,0.5699300225224708,0.04551552869285701,0.5261170347151636,0.3097973220685101
AIBG.I,2609.0,1.286581065331489,0.4476358003400808,0.2063042820715635,0.20218513828088047,0.5083191511760441
HEIN.AS,2609.0,0.6721257399461462,0.3611372993218614,0.0330079667597388,0.33822259293483503,0.22324761638258148
KGF.L,2609.0,0.9603909138184034,0.535693233175026,0.08040532169756642,0.30411088329702163,0.33978623936898883
HLN.L,902.0,0.2876377244965148,0.3879285558823195,0.041962104635224096,0.14146124362210033,0.22083409667058254
PUMG.DE,2609.0,1.1675022857030397,0.49650302692109755,0.11079222880435377,0.2929265190059259,0.3956906490307745
HUBN.S,2609.0,0.6971216249638763,0.3890466693606108,0.05608549805240924,0.24823048907709533,0.2730337590924244
ISP.MI,2609.0,1.3382726995174796,0.5842162751216471,0.05186700149649486,0.5400840170400075,0.3356910262230614
PGHN.S,2609.0,1.0446363996160477,0.41037737688276216,0.0375262506373304,0.48783018073650464,0.2705789505616813
UHR.S,2609.0,1.0197760456815579,0.42730370239546395,0.0516643839875225,0.40267750103632305,0.2939846150160883
BARC.L,2609.0,1.531969590630309,0.61924831513468,0.06488559316398991,0.5446507381645699,0.3773420750053372
AVOL.S,2609.0,1.6112265585219536,0.5610506971531221,0.10889330680239259,0.42960314085704376,0.4367626000001895
TUI1n.DE,2609.0,1.6539127975573227,0.627632783382658,0.16322507333076822,0.3518558291207876,0.5016387056437114
STMN.S,2609.0,1.0710221645146472,0.4418399567161799,0.06519602979635451,0.3694748489876618,0.321434715515502
INDT.ST,2609.0,1.2185801143799764,0.5852570223183785,0.05313468556016681,0.4971715825512243,0.3249470230592594
SLHN.S,2609.0,0.9572891935172926,0.3780161643033517,0.021112347520078574,0.5874815647208704,0.22614135719191258
FORTUM.HE,2609.0,0.9069255461283303,0.4631245036764504,0.0642514336957604,0.3178650870215226,0.30678892987048356
KLAC.OQ,2609.0,1.3525653047240722,-0.8352666847011269,0.08746208325138242,0.4301029111042969,0.3916021807747433
AME.N,2609.0,1.0504094063791296,-0.5494864497484616,0.021200202533300575,0.6330256110017931,0.24026224959284165
DUK.N,2609.0,0.49637734729707994,-0.36614263664738106,0.030504123133433664,0.2469436094456482,0.20118654645535528
CME.OQ,2609.0,0.6790502926027892,-0.3351399228562198,0.040817031894399,0.26755855189492617,0.23597590821131414
FDX.N,2609.0,1.1122326469426949,-0.5788471660827847,0.06476354667401987,0.3871250780158153,0.3249471997530441
PG.N,2609.0,0.4340870722114589,-0.34449500759168733,0.026119683854454723,0.2367748203212895,0.1849230404135022
IR.N,2253.0,1.2758424322141704,-0.5305336384023482,0.05972258053980546,0.47118268556166176,0.3359104503747831
ACN.N,2609.0,0.9964461851178094,-0.5288060710241894,0.030375688464037404,0.5216343983809906,0.25189323603309255
FDS.N,2609.0,0.8422921136030197,-0.5205619229383406,0.039840819686906094,0.3912831736752135,0.25573483597660573
DASH.OQ,1320.0,1.6522887376196813,-0.8995670574599273,0.2513620577876743,0.2195632045859528,0.5670893388962679
BAX.N,2609.0,0.7074493555820075,-0.4470894081647063,0.05981473503820314,0.23433465560482958,0.27939460034217106
ODFL.OQ,2609.0,1.0284979976108888,-0.6551511099092554,0.06296311143761064,0.38175190547993776,0.31900325140079805
XYL.N,2609.0,1.08665446496312,-0.5484227356892608,0.03146427865303144,0.5505065801388891,0.26447256832068033
ADSK.OQ,2609.0,1.276311092278334,-0.6698965215541882,0.07319586086825416,0.42486666898062786,0.35660908657729684
SW.N,387.0,1.6300338974166566,-0.7284949863899967,0.08664387467454594,0.39927833570846316,0.37879500658095905
OMC.N,2609.0,1.0002387658283014,-0.43192820246732283,0.044262437346253514,0.4105952596698159,0.27393294243964594
UHS.N,2609.0,1.1601245700245095,-0.5751081025908917,0.06882132637604212,0.38781815964318733,0.33516195118475106
ERIE.OQ,2609.0,0.5763383522951969,-0.4107716569305019,0.06595569973827578,0.16623574878140968,0.28114990633486825
CLX.N,2609.0,0.1948776129641187,-0.33437315471381046,0.050643297092249295,0.07620744062134954,0.23404920396024978
DLTR.OQ,2609.0,0.736973258128273,-0.4724378950897998,0.10919779879781062,0.15505989556801048,0.35935806171888846
CFG.N,2609.0,1.5725175325014171,-0.7273009668160113,0.06636560110992323,0.5403063842686446,0.3798137580682498
TTD.OQ,2420.0,1.5657056310539659,-0.9263134842846369,0.35909886798443963,0.1974914140048023,0.6686557217535426
DHI.N,2609.0,1.1629838588182655,-0.6510528374822692,0.07629574788954507,0.37758942376514215,0.34998150756453733
EXPE.OQ,2609.0,1.4417927013767236,-0.5755800706553106,0.11939510221972777,0.3439496245367857,0.42644013662275276
EXE.OQ,1275.0,0.9454692740643091,-0.39659221444859355,0.09739247138307999,0.1752765307084252,0.34337396082724553
CIEN.N,2609.0,1.1188324679708284,-0.6259112402795364,0.12863001086501763,0.24976608617294227,0.4139102860899722
ELV.N,2609.0,0.8351499525240585,-0.4783701897533656,0.06527408201408279,0.2700443590393823,0.29892040639912487
WY.N,2609.0,1.3243163299403842,-0.699993741360294,0.042726794813072864,0.5774948828383402,0.3178832049978146
CMS.N,2609.0,0.4412569046028419,-0.38593722863817814,0.0321607693107991,0.22085668497330313,0.20308972530739663
CVS.N,2609.0,0.6687070883992099,-0.4110433090898006,0.06310302263900822,0.20318474703764577,0.28130643952453344
SPG.N,2609.0,1.3544736042960621,-0.6509608900824511,0.07637694554202501,0.43458721671413814,0.36739373284708976
MCHP.OQ,2609.0,1.5016429377298788,-0.9004640654778076,0.08193977218293563,0.49404806595503614,0.4022778849187231
GEHC.OQ,794.0,1.3313622194791332,-0.6631418527800288,0.0663254930067212,0.3390317237384497,0.31637458150125286
UAL.OQ,2609.0,1.7931054575324317,-0.6857943488107167,0.15757882752080038,0.3779149013094858,0.503103623557818
BG.N,2609.0,0.8577474296605404,-0.38997915484278367,0.07349782829286934,0.2388819091353067,0.3106308915699824
CCI.N,2609.0,0.668775154333372,-0.4355912746709278,0.045609899520823484,0.26762020828063404,0.24945648218535074
WEC.N,2609.0,0.40597313361571125,-0.38953649099311133,0.0373926580799744,0.1842608608564894,0.2140183104364437
STLD.OQ,2609.0,1.3663874237386122,-0.638559632263417,0.08933791795679326,0.3982137358602512,0.38515025547651477
FCX.N,2609.0,1.8057978510694312,-0.6420478310563327,0.1675532559838014,0.36287959382151935,0.5126241833076758
FSLR.OQ,2609.0,1.063065330077136,-0.5517826646511687,0.201428690445093,0.15634100853715172,0.48843930774730193
EW.N,2609.0,0.9122376888545028,-0.4658164260782065,0.08095785839734321,0.2521237118113855,0.3288880059964343
MDT.N,2609.0,0.8082707828488978,-0.42058918149864205,0.029952465173759966,0.41901820576133886,0.226969988873916
ALGN.OQ,2609.0,1.5221770475371883,-0.777675856703083,0.16132957765666073,0.3202501729352638,0.48698530648805904
WST.N,2609.0,0.749173936716896,-0.43639531642638185,0.0997367327470525,0.16426761765850062,0.34532447930078314
V.N,2609.0,1.0082181243920085,-0.49220320469523016,0.024949361388914897,0.5674212919363941,0.24006594646384768
HPE.N,2609.0,1.2739991170235263,-0.5909191106070384,0.07433889394729272,0.4080862188398201,0.3542519373233677
INTC.OQ,2609.0,1.1425225523945695,-0.722358304172326,0.10978709072953058,0.3031445321833689,0.3967689649392252
SYF.N,2609.0,1.6095375488850165,-0.7836144498901502,0.06910308439140028,0.5466217151472186,0.39025796065690693
MRNA.OQ,1843.0,0.6740794607822299,-0.28740646261349456,0.47408711717738095,0.0346196838281031,0.7003964817346526
LNT.OQ,2609.0,0.5069226828839516,-0.41229382148874755,0.03203448922128144,0.2604173523287061,0.20804101189841354
NOW.N,2609.0,1.1120621378032276,-0.7171483907737584,0.1073423239215035,0.29905594670139835,0.3911805302431701
TKO.N,2609.0,0.8003723146009596,-0.426327793831707,0.10896911358745631,0.16419095332762867,0.3609371522135432
DE.N,2609.0,1.0567206901237272,-0.5278153362825486,0.05001215264113918,0.4204635425829305,0.2936505410114082
CRWD.OQ,1710.0,0.9463867504500804,-0.6238380592243599,0.25895307494526354,0.14183275698247688,0.5489974141245183
LHX.N,2609.0,0.6916416515318823,-0.45216231366420595,0.04412283099416054,0.2882299341184056,0.24888300243818898
TROW.OQ,2609.0,1.2406758198309846,-0.680033359951099,0.0338793769339604,0.6061143927929458,0.2931676620740332
GPC.N,2609.0,0.9740697355232104,-0.52503508680973,0.04161264743408155,0.4337908485900953,0.27099273206136343
NVR.N,2609.0,0.9934531150742063,-0.6050724750780084,0.061212089028943685,0.36594086635489176,0.31058975867985056
LVS.N,2609.0,1.2507696177212726,-0.5408781457732261,0.09849081937753511,0.32875063158530304,0.3829035055168295
DECK.N,2609.0,1.1740044501138962,-0.6697829990745124,0.1232290947901768,0.2787283987709902,0.41318126867531974
PLD.N,2609.0,0.9541636845314716,-0.6059352906667848,0.03782744638535403,0.46891221306927744,0.26678030650497603
APP.OQ,1229.0,2.0194045470510074,-0.8802642372491104,0.44167384275881966,0.17980455604496692,0.7332266057640596
URI.N,2609.0,1.7021662412564966,-0.7541163451953317,0.08326714669106007,0.519551085220806,0.41614688225085106
NI.N,2609.0,0.6299801706244558,-0.4416928735805072,0.037327911727510724,0.2938143645608632,0.22982158723365984
NTRS.OQ,2609.0,1.2610141791785747,-0.5806997772297999,0.03996005937629886,0.5562097019264526,0.2999560132854653
NOC.N,2609.0,0.49386458725235566,-0.4238051158279527,0.04845317281712565,0.1880545968588765,0.24419181839595294
VRT.N,1937.0,1.3003159698080329,-0.6015296160611043,0.2274615938881931,0.21908485649004195,0.5394207829252649
MS.N,2609.0,1.4194113734393867,-0.5638622957001084,0.03626938606718259,0.625529675099485,0.31109627469956536
YUM.N,2609.0,0.7911751636244876,-0.3747832879157642,0.029676064899453476,0.4016450419791515,0.22261638252018137
RMD.N,2609.0,0.8095188452234076,-0.5185573867018347,0.07176341817628033,0.251929366055054,0.3096090644950393
SYK.N,2609.0,0.9818408347320419,-0.5179559492093295,0.03291368610545307,0.4935263951675195,0.2548257231113992
CL.N,2609.0,0.4369791957592153,-0.30882741543126385,0.028663306175992036,0.20770658911512363,0.19013126227322127
SO.N,2609.0,0.5220527949495865,-0.3912645108763862,0.03477473644151426,0.24359379504718204,0.21433238386664105
GS.N,2609.0,1.2736026072543727,-0.5609157449508811,0.034359131362821684,0.5942018307316326,0.29087035326673955
SLB.N,2609.0,1.4015059846214288,-0.5092557989463292,0.09997507454935364,0.36620246834531434,0.3970123427053308
BA.N,2609.0,1.5262280114850162,-0.6506576002055898,0.09493208754576271,0.4296099580653965,0.4078063277663484
HST.OQ,2609.0,1.2842902852635627,-0.5910196061114307,0.06026577355470391,0.46288051566126254,0.33483691072693084
CBRE.N,2609.0,1.4009173975125684,-0.5892474670611737,0.04495766384208483,0.571634832096275,0.323838295773563
IBKR.OQ,2609.0,1.0745895022372876,-0.5047794583651564,0.06806482546747356,0.34989102060727906,0.32344593505789304
IFF.N,2609.0,0.9460645305944412,-0.42999014480471465,0.0594640132695167,0.32059290800380824,0.29573006759075715
CHD.N,2609.0,0.2998339449776788,-0.3234173429528225,0.03999340371029706,0.11569028041221352,0.21258146541085687
SHW.N,2609.0,0.8698712460143586,-0.5755142615565243,0.03907623460024732,0.42156534798742196,0.25981403950694837
BLK.N,2609.0,1.2289100353643079,-0.5876911541182815,0.025722961423754798,0.6521862614708557,0.2718444864864305
HON.OQ,2609.0,0.9826309291513706,-0.5088162067473616,0.020244059724145724,0.6114615832039368,0.22817351567031338
GPN.N,2609.0,1.3011396271147744,-0.6817430929305074,0.05588804904517152,0.5011794182658373,0.3345959690428708
ADP.OQ,2609.0,0.9101163130637407,-0.5810668822157591,0.02556625888697365,0.5438829786426091,0.23666218156917188
AMT.N,2609.0,0.6984033168201244,-0.41351411267335414,0.047680357406557704,0.26495557507554035,0.25459294762261053
GLW.N,2609.0,1.1969815407697375,-0.5778706477945328,0.04337032898396738,0.514313806904318,0.29871146482843197
AWK.N,2609.0,0.5357922928162675,-0.415619694273393,0.04189534113120321,0.22435636424043393,0.23231923072637636
PNW.N,2609.0,0.6131468275465839,-0.43675990046458246,0.035179057296427486,0.29721498096497423,0.22364761089922205
PGR.N,2609.0,0.5655521986450307,-0.4312942903575991,0.04403010241931862,0.23227022280154408,0.23938893203001194
BRKb.N,2609.0,0.8355026474661922,-0.42580520426518326,0.013681737838202698,0.6257402629642583,0.19112499644141423
LUV.N,2609.0,1.193038352869159,-0.5855160516008506,0.08350423875080572,0.3548077521033135,0.3596193920102178
IVZ.N,2609.0,1.6590642891980816,-0.733541565918195,0.06528140217708613,0.567000910963459,0.3881366541951495
CTAS.OQ,2609.0,1.0313826517628075,-0.6070582002895861,0.030932221065290883,0.5470742881218338,0.2612314596128324
PODD.OQ,2609.0,0.9081674509197756,-0.5833838307056408,0.13977135486427436,0.17897947323265484,0.41244447664544703
ABBV.N,2609.0,0.5941271922128808,-0.38406767492539595,0.053786675645360466,0.19575254421918098,0.2585091476973337
REG.OQ,2609.0,1.0204971146722774,-0.5753213153175483,0.048789990078629636,0.4229751342966859,0.2906708715121941
HUM.N,2609.0,0.7263521797637306,-0.44036403158173587,0.08830577472678719,0.17580363736336302,0.3271994898744895
GE.N,2609.0,1.2333826301576754,-0.486776826280021,0.07701953922421542,0.37221507284877964,0.3501292778782002
GD.N,2609.0,0.829531680761962,-0.4309736644257491,0.025972069875521395,0.4668036627530944,0.2206191031460621
MSI.N,2609.0,0.8311139270387441,-0.4739319655655034,0.03598496111764342,0.39869663934118904,0.24453842768566575
PWR.N,2609.0,1.1542818804991952,-0.5923337901495674,0.06116363450998005,0.4172309926157147,0.3238409991694273
TGT.N,2609.0,0.7734830390893023,-0.5404887215922988,0.08451919596771358,0.21651722915573435,0.32831926386321025
ARES.N,2609.0,1.2266934082141898,-0.6533970642233761,0.07305042675014996,0.4077038870433004,0.35105515083844896
HUBB.N,2609.0,1.083103567242296,-0.5840440531487849,0.038145834600911005,0.5082452112312916,0.2784086176209893
KVUE.N,694.0,0.5761291709557007,-0.265644650520811,0.07889807853858405,0.06923253873353585,0.29072677017368165
AMAT.OQ,2609.0,1.4762782590032657,-0.8454324036776344,0.09481705050233248,0.44311702724182134,0.41247218125263063
INCY.OQ,2609.0,0.6917068310951697,-0.4526824559410111,0.1044613624451274,0.14616783061942507,0.34964312917733154
PYPL.OQ,2609.0,1.1684488072004509,-0.6972176685663625,0.09434697477689581,0.3386540270710581,0.37755745069815927
PSX.N,2609.0,1.2018988956538343,-0.5657243639203025,0.0735215620184261,0.38415267394343133,0.3453856143318461
NSC.N,2609.0,1.0656752234677342,-0.5955100656278808,0.03584758857952421,0.5199633364108456,0.27316570931785067
BXP.N,2609.0,1.1528037856724895,-0.6155567415338081,0.05256240573537463,0.45823960857942214,0.3113632875920109
CAH.N,2609.0,0.7548424100977172,-0.40080389707711245,0.06457237708370923,0.22746521866322145,0.2889999572646561
LDOS.N,2609.0,0.8005166592916609,-0.4818695307077491,0.04934257050421258,0.315917481605857,0.26846646925648127
COF.N,2609.0,1.5564499047536953,-0.7329794888473838,0.05567439626543239,0.5801275320564601,0.36400091165592857
BALL.N,2609.0,0.8110702175514446,-0.4191724236508327,0.05442818283686421,0.2849251638157575,0.2757843274540505
OKE.N,2609.0,1.508734220747208,-0.6257283079199006,0.10103181568690443,0.4068242534538926,0.4125444970131633
TSCO.OQ,2609.0,0.6866417169802291,-0.5262490673298608,0.06062515373995705,0.24537300399948114,0.2833307229960837
LOW.N,2609.0,1.0374675534404834,-0.6121945578110868,0.04466955112631597,0.45871993572738123,0.28716280729910887
MPWR.OQ,2609.0,1.510987152705615,-0.9597295277593381,0.1218078745135691,0.40746930738294895,0.45322689031088603
LH.N,2609.0,0.8976221303321835,-0.5177711594328288,0.041300276986029755,0.4040180384457326,0.26314391799909354
JKHY.OQ,2609.0,0.6567343243022896,-0.4138389422147912,0.03641313590417622,0.30191724376525797,0.2283016225209054
TSLA.OQ,2609.0,1.3998099919383218,-0.7249320017003348,0.2725715734509462,0.1917304399457811,0.5804911207385165
RL.N,2609.0,1.2940006875621877,-0.5827693662867486,0.09373571520933884,0.358252256161401,0.3820355569587003
AEP.OQ,2609.0,0.43004594062233664,-0.3617894188512455,0.03402294530844753,0.19723820346836785,0.20579082942739563
FE.N,2609.0,0.5963852405465134,-0.4389703205638794,0.048644301565818296,0.22861376444709913,0.25102296538336016
UNP.N,2609.0,0.9425373529654191,-0.5346070927721503,0.0313966510120816,0.4935975249479577,0.24890130013923795
VTR.N,2609.0,1.1289890523257764,-0.5410502956828569,0.08212681209603902,0.3315865905965758,0.3503913027720157
JBL.N,2609.0,1.3687674324186292,-0.6076484361719792,0.07057484101866264,0.4522271092025373,0.3588046797722014
CSGP.OQ,2609.0,0.9545659475926264,-0.6072814131181478,0.06400332071271642,0.34333276883296737,0.3120771659592692
RVTY.N,2609.0,0.9546431370141755,-0.5124831221650837,0.05734556197806168,0.3476750302960996,0.29638165398990574
ALL.N,2609.0,0.8044251803771083,-0.4717399675882162,0.03671269484968314,0.3818985171566863,0.24361927795043165
IP.N,2609.0,1.1106257805144395,-0.549819492292842,0.054448146973871965,0.42311728698578654,0.3071009795432495
SNA.N,2609.0,1.0252178534363736,-0.5331122235412719,0.03713005728136609,0.48340676628808,0.26799202171169234
EBAY.OQ,2609.0,0.80163440941973,-0.40553499957475725,0.07198761256475394,0.22577188263507797,0.30480902922954556
TPL.N,2609.0,1.132207144251736,-0.6877157662965324,0.16061144196970278,0.22194313140283806,0.4541674259408393
SJM.N,2609.0,0.280566177079692,-0.30612716411943947,0.05165270393053567,0.08246563804413864,0.237174926038934
KO.N,2609.0,0.561182601448052,-0.3003734931731857,0.021462206777901824,0.32950506673388347,0.17884337187147334
FRT.N,2609.0,1.0549951956511165,-0.5607877293173136,0.04611951317081677,0.44619248951312607,0.28846713998597184
VRSN.OQ,2609.0,0.8100682504660347,-0.5098257475232162,0.040763920989420076,0.37002226436944563,0.2542780001839629
QCOM.OQ,2609.0,1.1740009045948432,-0.709286282449133,0.08547530244726222,0.3649022672156116,0.36671903579024656
CNP.N,2609.0,0.8473196199336619,-0.48300286108339047,0.042458351446872974,0.36868091554800686,0.25923313796394476
CDNS.OQ,2609.0,1.0313516665336049,-0.6645391077890385,0.06500605451127323,0.3771954400034906,0.3229493569798284
MDLZ.OQ,2609.0,0.6279944343742206,-0.3597262987871856,0.029919653647341758,0.3133598611555741,0.2086637938891394
COHR.N,2609.0,1.4886959687388839,-0.7542444258925833,0.21364723433288318,0.2532161562258608,0.5346684932911413
UPS.N,2609.0,0.7795473048243627,-0.5201465182766332,0.047479322689793005,0.3263150569065155,0.26537331472571574
IBM.N,2609.0,0.8404247181751694,-0.4214278728270142,0.03707807577478701,0.38271346601974243,0.24499013921834073
MSCI.N,2609.0,1.0803182834517289,-0.5773816420349703,0.05258442794738158,0.4262152926519299,0.30261294664339083
SATS.OQ,2609.0,1.103058676441279,-0.4436485388773406,0.20715085161691854,0.15055039883273547,0.4936372966745312
MRK.N,2609.0,0.4892669228017465,-0.3315583870827299,0.0403282497977807,0.18496759180124434,0.22235692547558253
TRMB.OQ,2609.0,1.3298564677907474,-0.607260425190431,0.05340328381609869,0.5097791617336396,0.32992977399021006
BIIB.OQ,2609.0,0.7037056219021429,-0.5102538048216573,0.13473794705397463,0.12840854194294016,0.3930265530003552
DXCM.OQ,2609.0,0.8979171956462175,-0.6750168429344953,0.20876765694309582,0.1372343456247922,0.49172081939362555
O.N,2609.0,0.8184199203220213,-0.49646845536543804,0.043457335161201115,0.35502862407395475,0.2594745320892594
VEEV.N,2609.0,0.9347622725532008,-0.5326809671706775,0.10814934220799677,0.21812920627022803,0.3717730102896595
BSX.N,2609.0,0.9216921937760181,-0.47163520841548195,0.0381094299854636,0.42254666786198003,0.2567977373039639
VTRS.OQ,2609.0,0.9913712327316553,-0.43638197698055015,0.10755111898113798,0.22081146429533693,0.37138093195876093
ORLY.OQ,2609.0,0.6422486534880493,-0.48303807036274155,0.05162902524622566,0.24765358264908854,0.26186137645332985
KMI.N,2609.0,1.0687781316779732,-0.4714127400603794,0.053809639049804264,0.3971403513267395,0.2986450656449629
CMI.N,2609.0,1.0629591886210656,-0.457923634012607,0.03823464866890822,0.47646031844166115,0.27013892162081626
GWW.N,2609.0,0.8649688416094904,-0.5622514634489628,0.04920793574057581,0.3613690186328049,0.27747636336878473
ICE.N,2609.0,0.7356734209262243,-0.4307928333896313,0.028715127897104654,0.39765043650340637,0.21825514469781032
APO.N,2609.0,1.4277940190252216,-0.6709047938481724,0.07178327713091039,0.47397121523338126,0.36926682978948117
HAS.OQ,2609.0,1.0330580559771805,-0.50678301232987,0.0736931277872393,0.3184039603059222,0.32868764360317504
DGX.N,2609.0,0.6126403053114045,-0.3877831736783926,0.039911669490008114,0.25611917839601994,0.23154301196346683
CPRT.OQ,2609.0,0.9420483596478073,-0.5545558101537787,0.04092186158423559,0.43238402584181757,0.2684007954703295
ADI.OQ,2609.0,1.1973114335115231,-0.7462410548680526,0.047905312651160666,0.5205129942704918,0.3159634378600003
SNPS.OQ,2609.0,1.0137016051566372,-0.6543141186480055,0.07991404011853145,0.322703640036167,0.34336465261329285
CTVA.N,1723.0,0.9556072255772526,-0.5044599179628474,0.06806903974909874,0.36050135023495633,0.32606384535933564
NDSN.OQ,2609.0,1.1512202306052366,-0.5941199293041695,0.037362349409961755,0.5388920355913611,0.28454384068343175
PFG.OQ,2609.0,1.4711858761319403,-0.5728871767301701,0.03672755996820045,0.6380386126760085,0.3184185265514025
EA.OQ,2609.0,0.5755345436140692,-0.32484775168874097,0.06831297369472251,0.1428220477044727,0.2821951280351953
PKG.N,2609.0,0.9511435079574384,-0.5035674676164581,0.043514525806909,0.4092655375379093,0.2713028687246619
TMO.N,2609.0,0.7981255133790115,-0.4484940084991601,0.042587538495265115,0.3389889826950383,0.25372913137238523
FICO.N,2609.0,1.1900651255442054,-0.7197703744296324,0.07902804993590566,0.38985194804363754,0.3597546618777331
IDXX.OQ,2609.0,0.9272314056191807,-0.5942411609168166,0.069773012769557,0.3125112103629061,0.31845226323350573
TDY.N,2609.0,1.0843882967774856,-0.5470572594789115,0.03596139878074555,0.5161891674298542,0.2725297426767528
SOLV.N,461.0,1.108935175767276,-0.5896001713194781,0.07301206705876041,0.27259679169265527,0.31612841876548986
AES.N,2609.0,1.1701508627238968,-0.5795404000801276,0.08069360387429567,0.35461716643380814,0.35346324760853726
TMUS.OQ,2609.0,0.6869914959325745,-0.4273925145597802,0.048853091012292044,0.2593025355714649,0.2567195878706357
PH.N,2609.0,1.385178129925869,-0.7039008682113219,0.03312735029689227,0.6546534727400196,0.3095987621515512
AIZ.N,2609.0,0.877334764850816,-0.47967036183850487,0.046306555217841286,0.3599167640613594,0.26886633239278285
EIX.N,2609.0,0.748960238659586,-0.43567762283765293,0.05663000264876859,0.2569066777243909,0.27595293900925283
TT.N,2609.0,1.0307277716933625,-0.535116636050905,0.03600259733753958,0.4936129234971046,0.2665379308909974
DRI.N,2609.0,1.20293973658239,-0.6483982534114566,0.07396401169902203,0.3966377359544796,0.3499891404128172
EFX.N,2609.0,0.9912059435175821,-0.5415827187562444,0.05778737985574368,0.3650643032961377,0.3015678514318161
CINF.OQ,2609.0,0.9890062897426177,-0.5588395933015814,0.046213445531070506,0.42119831998062274,0.2824572297214843
HLT.N,2609.0,1.0949217039818577,-0.49599761690188077,0.044271048923371414,0.4588662215174256,0.28591767000952684
CB.N,2609.0,0.8413537727829467,-0.41361174470660406,0.031930444466634664,0.41715707363154386,0.23396997522641355
WMT.OQ,2609.0,0.37968817814010375,-0.35648491767161034,0.0375645311177093,0.16135010005285744,0.21155926453612947
COIN.OQ,1230.0,2.6229777822273834,-1.212273922544496,0.5366885258018478,0.23751808986919187,0.8382869837451499
CBOE.Z,2609.0,0.5087534911476219,-0.2819158506848303,0.050085128939765806,0.1496304084659138,0.2425961751393564
KEYS.N,2609.0,1.075366566033004,-0.5875393302111108,0.055435900662933225,0.4136393178834413,0.30735943232437457
CHRW.OQ,2609.0,0.5937211710945101,-0.42207004418826705,0.05964171989026117,0.18933611829291253,0.27113655866250197
TYL.N,2609.0,0.7775484894974035,-0.5172645484970351,0.05622845215998673,0.2888229975887501,0.2810752620959879
SMCI.OQ,1556.0,1.308256203103136,-0.6784014565032149,0.5023782630860695,0.13202086650896372,0.7602935547680492
PM.N,2609.0,0.6359288458868635,-0.3106190271740319,0.043691112879714424,0.22962045159715538,0.2380551565447427
ES.N,2609.0,0.5430805912036494,-0.4441735371103113,0.04366283299151369,0.22953672974373163,0.23796517103905956
LII.N,2609.0,0.925905377397614,-0.5323652172268067,0.04854959959362263,0.3798689505749153,0.27969486948851524
NWSA.OQ,2609.0,1.0723061628188744,-0.4916953421562446,0.04906443612925109,0.424289307882023,0.2918197429525915
FIX.N,2609.0,1.2824542351662644,-0.684078433900338,0.11145321686045646,0.3304049072519276,0.40782475603230867
GEV.N,460.0,1.5967429411543954,-0.8511181950090662,0.22837745243417537,0.19878009622926662,0.5327242965450044
NDAQ.OQ,2609.0,0.8403678762272841,-0.5040328664083611,0.03038939080683573,0.45196019691477374,0.23539018945718235
BAC.N,2609.0,1.337862174579963,-0.5631994243960636,0.03913574278733931,0.5830619690943709,0.3062558880612632
HOOD.OQ,1154.0,2.049071685834527,-1.0281849752788494,0.3992035202576265,0.21422585860373244,0.7121497447342842
RJF.N,2609.0,1.283385388900634,-0.6137977804161588,0.04168512070023728,0.5579101820211574,0.3069507420087657
CAG.N,2609.0,0.3977739347713576,-0.28199579803051783,0.057947672023195715,0.09721792568715937,0.2532561178432938
FIS.N,2609.0,1.0391884839504761,-0.4766899737893291,0.05310959767242164,0.39006911661564037,0.29497119379278125
PHM.N,2609.0,1.2600926756267201,-0.6807860335191717,0.07425344206714031,0.4183685131016227,0.35716406138892853
FFIV.OQ,2609.0,0.938876991178789,-0.5123781410121202,0.05332340008004363,0.3584489143423616,0.28818854004283256
DG.N,2609.0,0.45070135163248193,-0.36935013615717355,0.09065320921771583,0.09007819499769887,0.31551714793132524
WDC.OQ,2609.0,1.5910245207652105,-0.6986189197929815,0.13741271043561756,0.363389000270802,0.46441880433252164
EL.N,2609.0,1.0793555449143941,-0.5808930008035285,0.08137367756766736,0.3246477165131435,0.3469845980225641
VLTO.N,590.0,1.0345024832277863,-0.4093839475951823,0.03483534600279892,0.3471288557181198,0.23059916506076894
PEP.OQ,2609.0,0.5160675024150619,-0.39635004915393623,0.025302375104057542,0.305949177309768,0.1908615385491459
TRGP.N,2609.0,1.7726417440068587,-0.6119362885511412,0.19628562187004667,0.3176683286408103,0.5361420754684098
USB.N,2609.0,1.2358007081118225,-0.5705372637117325,0.04053408754790846,0.5429057411361253,0.29767388082452223
AOS.N,2609.0,0.910263908521822,-0.5010757340922573,0.04206636623613468,0.4006605154434345,0.26482834496291113
MSFT.OQ,2609.0,0.9194659761778992,-0.6017922294763713,0.03744569742867838,0.4576679181796308,0.2626647090538692
TRV.N,2609.0,0.8453158422039025,-0.45728068128816074,0.03500651572965468,0.4072410354420145,0.24292308630675985
PAYX.OQ,2609.0,0.9496874732668484,-0.5926730779060739,0.02714046806442208,0.5467780807054186,0.24461699454885036
HBAN.OQ,2609.0,1.3526818563512815,-0.6174394477587626,0.058600323799782826,0.4950379308796491,0.34052895186583987
COST.OQ,2609.0,0.5298793583868872,-0.4495546593979336,0.033684632393616014,0.2751532045605879,0.21548954623223052
WSM.N,2609.0,1.2507980328832253,-0.7750413843869319,0.12952049172855404,0.30395523935738245,0.431205280030146
PANW.OQ,2609.0,0.942639698206388,-0.5306903111227543,0.11962288995469289,0.20313534192252125,0.38730069330299893
MLM.N,2609.0,1.0949885760563591,-0.5809766441635237,0.051688698030513604,0.4362255014981917,0.3026763547878756
EVRG.OQ,2609.0,0.583424032221617,-0.4524863893377829,0.036520933427684546,0.2823209882975347,0.22549619802266427
TXN.OQ,2609.0,1.044792519070015,-0.727105672331608,0.04321572164668725,0.4958021169298791,0.2926535441630884
MKC.N,2609.0,0.47405612717945667,-0.3862238251714069,0.04312659531027905,0.18637553143839936,0.23014100139455315
ISRG.OQ,2609.0,1.103754608145049,-0.641222816965735,0.056458743120445604,0.4294242202643124,0.31444330243052493
CMG.N,2609.0,0.8251218650460719,-0.4896329130386823,0.09821780439852128,0.19649426893334343,0.34948942043188735
CPT.N,2609.0,0.7993493139649323,-0.5228132973832904,0.033863351347877026,0.4134781393504743,0.24019075022805225
LLY.N,2609.0,0.5038175178034636,-0.4299918856922789,0.07108587221175659,0.1405152369220466,0.2874788967099159
MET.N,2609.0,1.3396304362897247,-0.5626558890395469,0.03720122860813785,0.5958011166051718,0.3032595589438346
T.N,2609.0,0.6168762004029655,-0.3197676867428368,0.04102449048519592,0.2344220869609157,0.23139837903246704
FAST.OQ,2609.0,0.8492981620513985,-0.5591851420392089,0.04121824596334573,0.3963494233715862,0.26120732732333685
COR.N,2609.0,0.6468427508275638,-0.3626753448168693,0.05453160621694782,0.20809275326479126,0.2623133528222663
XYZ.N,2609.0,1.766820338955731,-0.9181044409352472,0.21897774070220077,0.32023430928894103,0.5673535504426933
ROST.OQ,2609.0,1.0611809770098606,-0.585785360673567,0.05901450116215781,0.39338997105446916,0.3117869899966349
CPB.OQ,2609.0,0.2141645650164702,-0.3064277746196741,0.05727670573952505,0.06287615455004225,0.2471291261915131
UBER.N,1733.0,1.370262699423728,-0.5110870686091751,0.18056813935531799,0.27783641785272106,0.4997489350742527
MTD.N,2609.0,1.029603374155997,-0.5354436572176036,0.04630866525497927,0.4307674766203923,0.2851147536713321
RTX.N,2609.0,1.014602223299559,-0.5045691914712971,0.03909093665111153,0.46067251701260714,0.2691195046077317
INTU.OQ,2609.0,1.102342658478267,-0.6827323622633582,0.05272260856741286,0.45445130721962046,0.3107528335087669
AMP.N,2609.0,1.5717306476242463,-0.7358415961084449,0.03439314865848013,0.6947302236070311,0.3355270019582917
MTB.N,2609.0,1.2361490796291335,-0.592786880799081,0.0555530601154208,0.4679221142394502,0.3229979760690295
VLO.N,2609.0,1.3100706027492623,-0.595052563133539,0.10350159949672388,0.34199068296738244,0.39645228137357613
ECL.N,2609.0,1.0022058525806563,-0.48352539308200126,0.028571372823225038,0.5297625258627643,0.24639979848979388
PSA.N,2609.0,0.5582490806837977,-0.4291612620793901,0.04022094885735618,0.24513766550715188,0.23074148864085314
KKR.N,2609.0,1.4445604792295192,-0.7321840122311576,0.06058611441830232,0.5296428982821415,0.3587617300907358
INVH.N,2325.0,0.838815333290325,-0.5476765569624154,0.03752875142010017,0.4253319835522975,0.2554386382302776
MU.OQ,2609.0,1.5285671603266435,-0.7959950354708615,0.14775368835687125,0.3434332051300173,0.4742017147923575
WELL.N,2609.0,1.006945032018949,-0.5369408779415811,0.06614033972427039,0.3388576025265294,0.316168878446433
AKAM.OQ,2609.0,0.7745604469885459,-0.4277983848907293,0.08232744660444519,0.1985428406546187,0.3203801340318742
VST.N,2255.0,1.0195631472685893,-0.5179217801430603,0.14146059022060023,0.20595205323272747,0.42189230725770666
DHR.N,2609.0,0.7835950939779877,-0.486158788988937,0.03807076883038149,0.36849205861152423,0.2454368834795535
PCAR.OQ,2609.0,0.9491996931752219,-0.501084933446192,0.036196288859394854,0.4530711764322223,0.2571579938291889
PFE.N,2609.0,0.5534083100369979,-0.32896126767926,0.04445350828185714,0.1956768805821335,0.2350017826426732
GM.N,2609.0,1.377720570328381,-0.5335143857181015,0.07226644968350593,0.43962168303200255,0.35897244284145613
AMGN.OQ,2609.0,0.6090569562573376,-0.42516032919546975,0.04417248812478665,0.24677390860766357,0.2420731746854906
AXON.OQ,2609.0,1.0832637351258776,-0.6139887523845119,0.1756418784287262,0.1870332428431033,0.464634073323748
NEM.N,2609.0,0.39921478903066854,-0.2067365949618558,0.11732419404642593,0.04289955305371651,0.3499842030541123
CSCO.OQ,2609.0,0.8806866278258828,-0.52056024246708,0.03410158739385412,0.4446519745100336,0.24770689405559432
PLTR.OQ,1370.0,1.6737174616739978,-1.0111998553569335,0.3864120857860686,0.16914716625416915,0.6814685709976207
AVB.N,2609.0,0.8336049668795861,-0.5217707136483991,0.03358520717275677,0.4293769419983784,0.2425117410546773
HPQ.N,2609.0,1.2463086795796487,-0.6243151931805585,0.0665063397727649,0.4317595522094503,0.34197854766330815
FTV.N,2492.0,1.0894396832685662,-0.5237147304490604,0.029372580989597847,0.5660480947128015,0.26006136622325626
ETN.N,2609.0,1.1812671325537618,-0.6027450388086013,0.03802186328603774,0.5461230681549443,0.28932173107711806
GNRC.N,2609.0,1.300438206124957,-0.8112180334614006,0.1315989460395848,0.31806501502461826,0.43912496884864644
DPZ.OQ,2609.0,0.5203883755113593,-0.37678396856169344,0.07500237423757801,0.1263169285391914,0.2928828604392558
MGM.N,2609.0,1.7982615484938766,-0.7765920648090529,0.10312758354125588,0.4914636404036662,0.4501526675501145
AJG.N,2609.0,0.8014103791534309,-0.43704088390326373,0.027235810828674573,0.4434359093000957,0.22112913928252315
MPC.N,2609.0,1.4683066948021226,-0.6158711290672605,0.0977254208185639,0.4025637349665967,0.40428850761512247
ARE.N,2609.0,0.9095619869511171,-0.5906066190821994,0.04606519141680756,0.40045711245260707,0.2770829001338238
AFL.N,2609.0,1.0154804021578459,-0.45665866918333753,0.03167262596047345,0.5042018932046688,0.2526521603524618
CTSH.OQ,2609.0,1.0562023364813493,-0.5280275747781635,0.04123861646937975,0.4678959393418888,0.2782833154273203
DDOG.OQ,1639.0,1.0413819979481886,-0.6363090903313268,0.27241903020868397,0.15654832704495603,0.5679672840005355
CF.N,2609.0,1.1392804503956546,-0.4606875294241083,0.11863662347347557,0.2484710061634121,0.39716405019689804
ANET.N,2609.0,1.1576803667376299,-0.6389755146569216,0.14634736633059714,0.23734830252703332,0.4378877008913953
GOOGL.OQ,2609.0,0.9074928880431824,-0.5471793095696311,0.05095249066062597,0.3651895854416318,0.2832005546876489
GIS.N,2609.0,0.27133807397864484,-0.28278053797502917,0.04154136267275394,0.09025783202261006,0.2136065760696849
IQV.N,2609.0,1.170261457389781,-0.5890137248129911,0.045165297581436434,0.49708763764196684,0.2995640507027
TAP.N,2609.0,0.7604861396436563,-0.39046500217144137,0.05811910864421639,0.24649211975896745,0.27761887206353114
NCLH.N,2609.0,2.122548244878158,-0.8295023776134307,0.23371176639119454,0.3659433550562561,0.6068895673831125
STX.OQ,2609.0,1.1698386887686356,-0.5821053710515097,0.12324573626357191,0.2648422925188485,0.4092880894454496
TECH.OQ,2609.0,0.9197582723287464,-0.5470939032741211,0.0720483899412688,0.2931703704832228,0.31914509865432045
BFb.N,2609.0,0.7218624261062203,-0.4417164070722385,0.0507393828858703,0.2693222793311524,0.26341655756288346
JCI.N,2609.0,1.043317341838917,-0.49845236393333486,0.03975239037468389,0.4664410296432697,0.2728499154618751
FOXA.OQ,1775.0,0.8571982296778538,-0.5006268546308581,0.06776490569905967,0.31989913899254785,0.3154792559251235
KR.N,2609.0,0.1961319345788756,-0.3011121422387783,0.07757932134534606,0.04400107323826796,0.28475915652559636
AZO.N,2609.0,0.6284363723720982,-0.4401479096611497,0.050935570586008755,0.23265291551618061,0.2575420072714506
KDP.OQ,2609.0,0.4640138277915765,-0.31001126875783364,0.044358040758137006,0.15529639608932655,0.2290695783543612
BDX.N,2609.0,0.5784173591860688,-0.36342438654598463,0.04095008022254508,0.22946684173003584,0.23044385110282758
L.N,2609.0,1.0776801391616952,-0.5515769286382374,0.026229128343904454,0.5924414939094378,0.25358897040666195
WDAY.OQ,2609.0,1.1035494878617158,-0.6364689792213324,0.1018983470921117,0.29341562627496653,0.3796076601025584
EQR.N,2609.0,0.830753685707774,-0.5269695819614746,0.03562124409528869,0.41529785964066257,0.2467292349262568
BRO.N,2609.0,0.786685479773927,-0.4727225209416231,0.029473713640225118,0.42723633272249395,0.2267582577141281
OXY.N,2609.0,1.4466044296519096,-0.767491201496008,0.18244603430810472,0.27672068130204863,0.5020507295688638
DTE.N,2609.0,0.6891035932230276,-0.4267237007231325,0.031225698798193948,0.35466469854047333,0.21988559743310776
MCK.N,2609.0,0.6659962404192116,-0.3677612326630911,0.06595197663805191,0.1860667453811996,0.2845462876608372
APD.N,2609.0,0.9313821422784071,-0.4508971987559739,0.0370329490690792,0.4291163259560561,0.25459727406598176
CI.N,2609.0,0.8703836511492056,-0.4302662888117915,0.06720975122037535,0.26724755167058545,0.30274077403261956
ZBRA.OQ,2609.0,1.3572535192776558,-0.7068451267143471,0.09305406986851189,0.39571230030271776,0.3922646942522584
ADM.N,2609.0,0.8314141487594603,-0.4454653127466274,0.0505532900460278,0.314206321960268,0.2714009640853484
PNC.N,2609.0,1.2462749918841312,-0.6242219362966881,0.03521499262815206,0.5892933358169423,0.2927058067621997
LIN.OQ,2609.0,0.9430883238946264,-0.3609249660869477,0.024130503307191232,0.5232616194971631,0.2248933138635203
LYB.N,2609.0,1.4177448136441315,-0.5854749187935172,0.062063811765823096,0.4961239254440337,0.3508251875330809
FITB.N,2609.0,1.5333882798081144,-0.6943086871110572,0.056006931368209584,0.5679237567714899,0.3598935863357421
CCL.N,2609.0,2.067285830242833,-0.7701229675046156,0.19291683616711,0.39588110444429025,0.5648813907443946
MCO.N,2609.0,1.1670835262776935,-0.569441135595728,0.02980883479095755,0.5952727787306329,0.2712843274362493
PTC.OQ,2609.0,1.0936415191481235,-0.5484848212843244,0.06551887378023288,0.3727177555779094,0.32306144152003674
CMCSA.OQ,2609.0,0.7739928568977701,-0.5122404991808428,0.04206479251494859,0.3490060693013808,0.2540997968894034
DOC.N,2609.0,0.9604406121254686,-0.5639740033789755,0.054533286900462746,0.3723961312263928,0.2946601757429378
EQIX.OQ,2609.0,0.7090129538816776,-0.5347509803183388,0.05072102190186537,0.2903958345153107,0.2672509954360164
ALB.N,2609.0,1.4700602302485368,-0.6419551395449155,0.14883319253327865,0.3099250556094214,0.4642321153472229
BEN.N,2609.0,1.2783876989820946,-0.591356606335172,0.053082928759215164,0.4927004685211407,0.3233542844268939
RCL.N,2609.0,1.9481992048445638,-0.7066618057772471,0.16146458791830948,0.4086392607198269,0.5223310128315297
HII.N,2609.0,0.7953939414472213,-0.48104300561182756,0.06557368105882033,0.25593864223319474,0.296752112296047
AVY.N,2609.0,1.0285534641463736,-0.49414113600731974,0.03581278274921864,0.4858926308257854,0.2638308226969548
OTIS.N,1509.0,0.792874955357169,-0.38949513386286755,0.041626495651994,0.33495262075820487,0.2500175226350802
EMR.N,2609.0,1.2084702486058947,-0.5744728126976508,0.03261165685927285,0.5879656697324512,0.281224493275717
FANG.OQ,2609.0,1.4601459168621531,-0.6919957874367209,0.17939195021291612,0.2744560651018012,0.4970533781397542
ROK.N,2609.0,1.1788699623184042,-0.6494546807208874,0.045872346604582045,0.5070530252192161,0.3049360622898146
DIS.N,2609.0,0.99893897593883,-0.5409461870144967,0.04447935667723169,0.4303515848258973,0.2793246183509832
KHC.OQ,2609.0,0.6197528033236748,-0.3681413977426237,0.059410298846337424,0.18580638579503295,0.2700227989780327
NEE.N,2609.0,0.6242452459611181,-0.41838587813211614,0.04679449021497074,0.2401622307663296,0.24806776494675742
ADBE.OQ,2609.0,1.0203899906513885,-0.67002625471899,0.0722470646069812,0.35056200336250465,0.3334069650533388
VRSK.OQ,2609.0,0.7210552433073489,-0.4787848574961087,0.03207736785531737,0.3794437133460691,0.22727003801810153
ALLE.N,2609.0,1.050691807290106,-0.5394262291750792,0.03235218524120925,0.5286839683177178,0.2618961512733996
BLDR.N,2609.0,1.6971487239965288,-0.8412931538753518,0.1289300144433359,0.41984232771330277,0.4712348573688833
CRH.N,592.0,1.3852617184707376,-0.6226496353412795,0.050068197425883414,0.41489590249698405,0.2920305693915425
LITE.OQ,2609.0,1.2916547217912984,-0.7621588045332205,0.21944448953821083,0.21097786147022368,0.5271705704851282
NRG.N,2609.0,1.0639365878366573,-0.5981466227790561,0.11121784884428047,0.25873319091597347,0.3871982450577567
ACGL.OQ,2609.0,0.9730338464321502,-0.4831275988146831,0.04214523528909833,0.4213625922785963,0.2697766766303483
GOOG.OQ,2609.0,0.9062493056367311,-0.5430845535056598,0.050659413054597605,0.3650971003637714,0.2823643304247186
KIM.N,2609.0,1.2118057592505755,-0.5922211387940967,0.06398263114959749,0.42503177238175716,0.3334590715857949
CPAY.N,2609.0,1.2330730878857559,-0.5966383258562632,0.05145461510575857,0.48666229871737476,0.31647834466956926
BKR.OQ,2609.0,1.3087918821815747,-0.5556452694924889,0.09863842308895174,0.3474158011427838,0.38863167600909315
GRMN.N,2609.0,0.9497523919816657,-0.5162046375569141,0.04575694981939114,0.39939663307945694,0.27591039576288645
CNC.N,2609.0,0.8433274100592737,-0.46863198354924085,0.12334532916016193,0.16429678431999462,0.38403316333408066
AIG.N,2609.0,1.3550647726421594,-0.4973262110728976,0.04889905688872296,0.5253618724457578,0.32085022090746224
SBUX.OQ,2609.0,0.9624838646377047,-0.5887223684364356,0.048621788363498036,0.4060558277812638,0.2860066056550391
REGN.OQ,2609.0,0.5516455357987246,-0.4660453468885419,0.08983246183946805,0.13321841367127252,0.32180680577647397
JPM.N,2609.0,1.17409053460022,-0.5284076761709502,0.03043085176882232,0.5859728373314084,0.2710042172623311
MAR.OQ,2609.0,1.235351890763908,-0.5414820970102977,0.05632505717494367,0.4562470814051457,0.321723979704121
EQT.N,2609.0,0.8813451321768309,-0.5839755156050573,0.2015626026711143,0.12677640610321494,0.48025916357508985
AEE.N,2609.0,0.5196647612789749,-0.43726955534807266,0.03408592558310483,0.26371692992582696,0.21507926845440392
WFC.N,2609.0,1.2624309714591002,-0.5756998324937092,0.04982264964103145,0.5009974391328332,0.31586058476572165
CSX.OQ,2609.0,1.0203270375602718,-0.6057293648387789,0.038048590504783666,0.4912264831571256,0.27336345213908547
ABNB.OQ,1319.0,1.565593965049911,-0.7307828676292243,0.15278078410233942,0.2776941332707271,0.45956192046748945
NFLX.OQ,2609.0,0.8294793917336909,-0.572029746517693,0.14904574572501716,0.1515294556269613,0.4189621787322529
SWK.N,2609.0,1.4681342646914484,-0.7237809356837583,0.05632759935068502,0.5529325495464865,0.3548195228807049
VZ.N,2609.0,0.40984895318068554,-0.255821099331272,0.03305703134721002,0.1557587917001133,0.19780263086493652
CASY.OQ,2609.0,0.6476141149249368,-0.4479248623870412,0.057287758140036046,0.2210628476966443,0.2710897621356435
TFC.N,2609.0,1.3718550523016024,-0.666007587138253,0.05025983974137367,0.5460549317134392,0.3326153676135112
ABT.N,2609.0,0.7114875048086551,-0.42649272228625074,0.03612457588472202,0.33205372671582833,0.23246845277505335
MA.N,2609.0,1.1124259293540633,-0.5342688431672916,0.029711302700497808,0.5712596567080552,0.26314618822488456
RSG.N,2609.0,0.6142094236754343,-0.3820510514256559,0.021184797300699193,0.3921865280575465,0.18662095508978888
STE.N,2609.0,0.8549194499572744,-0.44939656362992564,0.035683230212551355,0.4048884248133221,0.2447745688673215
AMZN.OQ,2609.0,0.8686707934620207,-0.5696272068745566,0.07550317009584465,0.2722039001230052,0.321966838691328
MMM.N,2609.0,0.8960575595107998,-0.4654610479113923,0.03904581533985129,0.4045650580359226,0.25597850703973274
CDW.OQ,2609.0,1.1182589839642314,-0.6377414426006175,0.04167971123133757,0.5089405490094978,0.29122504824277673
COO.OQ,2609.0,0.8913114871907543,-0.5128729583125585,0.047232161659057574,0.36857251706911864,0.27339500960764274
WAB.N,2609.0,1.1947507640484525,-0.576377543769728,0.0506708052885684,0.47444368587109786,0.3103864017717565
NTAP.OQ,2609.0,1.1358259270521767,-0.5683097070974837,0.0753267955384988,0.35770306942109387,0.34232627561850326
TTWO.OQ,2609.0,0.6824009018806579,-0.4530353982742757,0.09332218805674447,0.1584065356678399,0.33287002719073605
TSN.N,2609.0,0.6421681949178861,-0.4054985925876658,0.06098790851066718,0.19820569898872298,0.2756917687536023
DVN.N,2609.0,1.6532815092281041,-0.7240858462153115,0.17709963459518183,0.3233356964166275,0.5113939801635611
ORCL.N,2609.0,0.8460359974717919,-0.5099275435017316,0.07556243632335982,0.2521009804769403,0.31773488974421404
EG.N,2609.0,0.8599219695651539,-0.4007434923943145,0.04837750778027583,0.3259153177524009,0.2677922034079664
WBD.OQ,2609.0,1.1870435943510005,-0.661412029903721,0.17229940324631088,0.2182687394089241,0.4692956829581737
BX.N,2609.0,1.4629305788292641,-0.6770348024635152,0.05660377912251332,0.5439933602855436,0.35218474693955837
TXT.N,2609.0,1.3534309317378381,-0.6715550740001063,0.046955784684926616,0.558338276750823,0.3259365633722466
HCA.N,2609.0,1.0750379358183966,-0.48601785450456353,0.06571865355561758,0.3549603755241083,0.3190689504001233
IEX.N,2609.0,0.9331848111935631,-0.5371356244939007,0.025799028703824778,0.5395110299523631,0.2366058476777187
FOX.OQ,1775.0,0.8796096647786896,-0.5051134389071601,0.061322151572094086,0.35164188962015575,0.3073663141669436
MNST.OQ,2609.0,0.7208771744267529,-0.4412431544934351,0.048392382761356045,0.27822829559678963,0.25883439651032814
PEG.N,2609.0,0.6383830311317185,-0.40880137205482997,0.031499374155949236,0.3229733101526594,0.21561624566920157
VICI.N,2064.0,1.083425908975291,-0.4803628094142867,0.0467123207309803,0.4752877039832685,0.2982252993805453
MO.N,2609.0,0.5169289858051747,-0.2886540148956236,0.04217418197384415,0.1780059839013145,0.2264239789368918
ETR.N,2609.0,0.6583524443897999,-0.45406743910459274,0.03882784596822168,0.301623572039342,0.235700375831545
HWM.N,2609.0,1.4362109833912697,-0.6720222073892929,0.09462334783103164,0.4084779593938226,0.39980396902454435
EXR.N,2609.0,0.6581294055488035,-0.45340329949146085,0.05437442221969464,0.23545146107131976,0.2665803957819456
LMT.N,2609.0,0.5596772267699338,-0.37978322338553416,0.04049333430398467,0.22840650742581292,0.22899758562633318
C.N,2609.0,1.484377679717757,-0.580881666164924,0.04265037374690241,0.6074256501442803,0.3294836532622513
EXC.OQ,2609.0,0.7199059292293655,-0.438960092956212,0.03715003312248079,0.33319244436762196,0.2359460758318551
CVX.N,2609.0,1.0526785823414995,-0.5167823620211098,0.048641912640747416,0.4236582374551655,0.2904013886202878
F.N,2609.0,1.3018934205164991,-0.5592721032646271,0.07840073299772642,0.39946689617194653,0.3611810843036243
XOM.N,2609.0,0.9163519902095658,-0.44934428937232235,0.04851369777046845,0.35824834178877674,0.2748413680146005
UDR.N,2609.0,0.8583114697358991,-0.5362425831567593,0.03648033573003249,0.4231728028645598,0.2513853478244074
STZ.N,2609.0,0.7907686503914431,-0.3967015524738497,0.048710882220898984,0.2947248738742644,0.262704266553944
ROL.N,2609.0,0.6184725687590646,-0.41693528165963883,0.045831724917915956,0.2412665305679046,0.24568118171187173
TJX.N,2609.0,0.942736957389619,-0.4788310971833704,0.036970573521151885,0.44028442033702464,0.2569081064918324
BR.N,2609.0,0.7962965981522434,-0.4677872366046399,0.030041582956355572,0.4254758294722709,0.22858128318707321
HIG.N,2609.0,1.0945153801904666,-0.48982873888449857,0.04547537028027291,0.4509936717335091,0.2876953608778182
NXPI.OQ,2609.0,1.4400712961212352,-0.783497518800589,0.08223183568147698,0.45978665230501314,0.39000551599958827
FISV.OQ,2609.0,0.9824488635066211,-0.576532168113803,0.07352020880659349,0.3152413059596728,0.3275427572448985
EXPD.N,2609.0,0.7798452935549525,-0.47003677639532604,0.03536880048054978,0.3796022273759243,0.23867584168120778
RF.N,2609.0,1.5190510864597122,-0.6634206782664909,0.05712079181759845,0.5554678704330696,0.35832651328852627
AMD.OQ,2609.0,1.4581927734122395,-0.8336095871308642,0.25147402107584793,0.22627400866673697,0.5698838927615478
BMY.N,2609.0,0.5081786571534787,-0.3409807610242444,0.05255136380011754,0.1572951620702231,0.24962476220688837
PRU.N,2609.0,1.4834974868399393,-0.5749339817692468,0.03552727300489054,0.649197277400692,0.3181140648946203
PPL.N,2609.0,0.731727973846403,-0.38190357117653173,0.03317487113909165,0.34827407642971686,0.22553063171406743
BKNG.OQ,2609.0,1.2152310189129072,-0.4152846279980167,0.0572233449604334,0.42823715343342794,0.3162365525166076
TEL.N,2609.0,1.2293913280452027,-0.55113525023353,0.026529171693636684,0.6399778010861399,0.27135049447456727
META.OQ,2609.0,1.0198397161485069,-0.6067892022528696,0.10879688964509839,0.25247566779113484,0.3813545963228229
APA.OQ,2609.0,1.8248728701217438,-0.859052067567103,0.25808061097963975,0.29061596104859544,0.6029348608869612
COP.N,2609.0,1.2789515304575438,-0.5587708478439635,0.09416326645720359,0.3495444779419534,0.3803341895509541
DAL.N,2609.0,1.5449158143413955,-0.6049703196625449,0.09718197245676773,0.4238658440741574,0.41054848647654735
ESS.N,2609.0,0.8484844688063035,-0.5385318232217238,0.0390953218605584,0.40309738589418065,0.25582563935157593
DELL.N,2430.0,1.1473849967918912,-0.5955411022770283,0.11642123449885822,0.2759652577912537,0.40082751647824233
WM.N,2609.0,0.5703529443613955,-0.375472513293133,0.023931103567846487,0.33773661388545717,0.19002003889433652
ED.N,2609.0,0.3504680199447073,-0.32249743739810394,0.036939115240329876,0.14045431346703607,0.20722501229657395
GILD.OQ,2609.0,0.483162541251741,-0.37484145223809645,0.05378855765876898,0.1548536063366459,0.2521810160916082
LEN.N,2609.0,1.234794583104917,-0.6774429864874129,0.07946212849913813,0.3940025325571669,0.3619746064290895
LULU.OQ,2609.0,1.0726290084497994,-0.6368791643199421,0.11740867189874456,0.2569599924524676,0.39735382759711574
AMCR.N,1711.0,0.9636329774715797,-0.39959396878525527,0.04382663258390789,0.44837687164936524,0.2817044425704465
WAT.N,2609.0,0.932918131197537,-0.5186596641427769,0.05508548915969634,0.3501585012811549,0.29103706122029727
JNJ.N,2609.0,0.4414913469773361,-0.28637925381743556,0.025546413834153115,0.22093021452683548,0.18101318206414752
SWKS.OQ,2609.0,1.3721372478588265,-0.8303563940015227,0.08605536203618995,0.4382953105359453,0.39126261692771763
DOV.N,2609.0,1.1606018281955368,-0.5873656651750979,0.025642423494080132,0.6318485164568919,0.2638151117067573
NKE.N,2609.0,1.034353536824371,-0.5171758759751615,0.06303228852866295,0.3555767417753005,0.3126290613605013
DD.N,2173.0,1.2849375534353256,-0.5189115742049926,0.05018277364671987,0.5231547184762265,0.3242563893330276
DVA.N,2609.0,0.7627867476340948,-0.3831396567872504,0.08895780161725034,0.17561506819421635,0.3283676844895872
DLR.N,2609.0,0.6801606159049328,-0.5139058001369884,0.057883739686556114,0.2483803066192437,0.2774039416614679
HAL.N,2609.0,1.641915254041846,-0.6712315678020467,0.13075061011151948,0.3846231047348214,0.4607705155241875
TPR.N,2609.0,1.5820817728435557,-0.6859896700582507,0.11280096906464201,0.406445437566729,0.4357721825644521
TER.OQ,2609.0,1.3892137305142562,-0.7815437696720571,0.10857472408142894,0.3787990411724588,0.4179089966603332
CARR.N,1509.0,1.130889255208198,-0.5227956335741634,0.08940278715995086,0.3176262678969658,0.361723058347491
APTV.N,2609.0,1.6337399186928871,-0.5988249327178496,0.0840285588664377,0.48347553289153455,0.4031822652836134
AON.N,2609.0,0.7373026671446066,-0.3799586770070433,0.033141475609174506,0.3506863331507878,0.22583542163339432
CRM.N,2609.0,1.0652419172363745,-0.6238472506159298,0.07815125257130336,0.3371351270544679,0.34323287739412855
LRCX.OQ,2609.0,1.5327659794839887,-0.8482947499607416,0.10034814072430452,0.44341763572878057,0.42444689081977766
EME.N,2609.0,1.128904747469893,-0.5537940130608761,0.06213322856916651,0.39818234273106246,0.3211906614699386
JBHT.OQ,2609.0,0.9012724897359501,-0.6096956715112636,0.051958376200598275,0.37383482901216303,0.2879497750168007
ITW.N,2609.0,0.9983719394335445,-0.5207997254000992,0.0207634650964327,0.6137651899278214,0.23177021405567313
J.N,2609.0,1.0101642463618197,-0.529759086485421,0.03800357947143404,0.47116549587757683,0.2679697508354656
XEL.OQ,2609.0,0.46666658404360456,-0.4126847750355255,0.03487120539829873,0.22805131534688583,0.21245779820111568
APH.N,2609.0,1.0689609769944768,-0.5410994025735567,0.027783292608196793,0.5733549508064641,0.2550891069541029
STT.N,2609.0,1.3869945478206218,-0.5846270035432497,0.04777059585639237,0.5519372778200545,0.32639562948576173
ZTS.N,2609.0,0.8701135974663495,-0.46789146431193895,0.040267852019683754,0.3868965443297645,0.2561803190248431
SBAC.OQ,2609.0,0.710778321458872,-0.42633009899705154,0.055043283503638775,0.24569428933686333,0.2700299156981378
GEN.OQ,2609.0,0.6842413733051743,-0.4133603322041807,0.08951643739441349,0.15708066981663205,0.3257555324804525
NVDA.OQ,2609.0,1.4126007530593585,-0.8526420802078971,0.16596036663554234,0.2998177756697423,0.48666494473079047
AAPL.OQ,2609.0,0.9615724037546667,-0.620462236504012,0.04699106240952565,0.42160878720187056,0.28492476647202053
MAS.N,2609.0,1.0506334390654184,-0.6188850048187493,0.041502968296715764,0.48308369870952306,0.2832454077531347
NUE.N,2609.0,1.2766008733793173,-0.6167457643383556,0.07244410232355789,0.41904440338078974,0.3529908596494429
PPG.N,2609.0,1.1158657156625253,-0.4605975992440016,0.03242314826984813,0.5386171778473854,0.26499049275140224
IRM.N,2609.0,0.8863037981329505,-0.535510208795337,0.05480936994559534,0.33805640922248625,0.2876406929083185
VMC.N,2609.0,1.0048975447235522,-0.554606048637332,0.053235689776998565,0.3919504571020427,0.29577766206658634
SCHW.N,2609.0,1.2189355685680603,-0.5354151914766848,0.064476255172029,0.4166154920355658,0.3323195329513623
CEG.OQ,1030.0,1.0233588716387647,-0.6581115284333855,0.1947794884876558,0.1454449460513335,0.47695688400308295
A.N,2609.0,1.0013863401632845,-0.5192071948811012,0.039824618026537854,0.4539370874946379,0.2699528277747609
SYY.N,2609.0,1.0461503076622698,-0.5037283999617622,0.05102386958389457,0.4071796675221394,0.2932638709619397
ROP.OQ,2609.0,0.8466926348230687,-0.5086661865307595,0.02541830202740897,0.5004465124620228,0.22548397507533863
ON.OQ,2609.0,1.7781288929702053,-0.9671932508502241,0.13754834425223478,0.43683676083380973,0.4940193347364552
SRE.N,2609.0,0.7557035178894305,-0.4179236074837077,0.04146347394027692,0.3190378516052714,0.24666343152966783
PSKY.OQ,2609.0,1.2785625644014977,-0.47777974350231706,0.18426250787848983,0.20800186016976785,0.48215849211223144
PCG.N,2609.0,0.9784787788885959,-0.4881488301002691,0.32313159143668724,0.08778290165787062,0.5949411625925591
KEY.N,2609.0,1.5981315948496022,-0.7474903088892086,0.07677869670019664,0.5130529981682057,0.3969290931674267
MRSH.N,2609.0,0.7527645641084233,-0.41456962389433627,0.02080723598847513,0.48038402385213674,0.20003194639523936
MCD.N,2609.0,0.6548672192392188,-0.3423190223806857,0.02591344967760777,0.354145385281341,0.20022976809835008
ULTA.OQ,2609.0,1.1544297214512431,-0.5809321465097493,0.10170900477931073,0.29927363984332933,0.38083678211668026
TDG.N,2609.0,1.2730774221917007,-0.5971749831508933,0.06047866873078667,0.45937159063299104,0.33433750080886326
AXP.N,2609.0,1.3588693979215383,-0.6067955208742406,0.03809386708026041,0.6016624287317172,0.3091258386982114
MOS.N,2609.0,1.4195378665599234,-0.5262757599919035,0.13907025134788073,0.29978102060180767,0.4454855205459525
AVGO.OQ,2609.0,1.2239350819306685,-0.7071689283459403,0.09389654109404626,0.3568523455972291,0.3819467898443765
CAT.N,2609.0,1.1599941351959766,-0.5132614525469412,0.047433747520787634,0.4684337124493738,0.298605921728602
UNH.N,2609.0,0.7457656683885308,-0.45474325659069276,0.06373112942468966,0.23814277337784506,0.28911619789688464
NWS.OQ,2609.0,1.0893280549169644,-0.482877001529747,0.049478536336926456,0.42708932311455616,0.2937638668060895
DOW.N,1770.0,1.3400295145756853,-0.5698483468394462,0.07359222455910235,0.4805037921247316,0.3761656483050547
WMB.N,2609.0,1.1841393527280957,-0.4618323105346474,0.10973380753368257,0.27660531638639596,0.389328305972754
MAA.N,2609.0,0.7680749889341916,-0.5329126666482696,0.03459978589348614,0.3984567575358279,0.23973789714934066
GDDY.N,2609.0,0.9929862695134156,-0.5704817440559312,0.07704626869973062,0.30736918859705775,0.3333944102638379
GL.N,2609.0,1.105097504239527,-0.47631264293743153,0.0904504387004625,0.2937214647132741,0.35772619828324403
SPGI.N,2609.0,1.0177856351745505,-0.52140047097356,0.029616322176619393,0.5346057256076935,0.25216711924046925
CHTR.OQ,2609.0,0.7600170024224983,-0.5158697054196603,0.08091652560420577,0.21459145576902516,0.32085160401238344
WYNN.OQ,2609.0,1.6212797210987886,-0.5876249661721722,0.14417588278967672,0.34889558402206067,0.47038601507591016
HD.N,2609.0,0.9147707628466231,-0.590852539150283,0.028627304763867375,0.5200520700827485,0.2441330525875998
HSIC.OQ,2609.0,0.8275732704446751,-0.42894194290539384,0.04957322408195279,0.3132054728525038,0.2685613935349522
HSY.N,2609.0,0.46722267065616524,-0.36244829641186765,0.04179253689234672,0.1806662080379715,0.22576278087486157
CVNA.N,2263.0,2.1460112994755685,-1.1811717067436964,0.7713197707839454,0.17919488776859083,0.9689583836525201
KMB.OQ,2609.0,0.37603074110517104,-0.2946269097200041,0.036137019363542335,0.14274424142838094,0.20523639177720132
EOG.N,2609.0,1.2174774928208487,-0.5203560551025773,0.1095129792628407,0.293682115943654,0.3936099856996068
FTNT.OQ,2609.0,1.0604841563835574,-0.6484209378733415,0.11889008904752883,0.2533713177990443,0.39889069313457315
CRL.N,2609.0,1.1877917239998999,-0.6897418107686616,0.08347335343773492,0.37082177855313203,0.3640998516585185
ZBH.N,2609.0,0.9477915433196669,-0.3812066149592164,0.04933879393761597,0.3545805759628018,0.2763800308799345
LYV.N,2609.0,1.2919003615988414,-0.6191531139770913,0.08724405863178154,0.37945532059921494,0.374813145814684
POOL.OQ,2609.0,0.913366807930402,-0.5521327245781497,0.06285960287023609,0.3211311075744483,0.30417693139803886
BNY.N,2609.0,1.1136713120376598,-0.4654420728737925,0.03379617731662433,0.5282305836791362,0.26754837070105436
ATO.N,2609.0,0.5486187310005034,-0.39787201369573016,0.031591467740460705,0.2763896912729571,0.20886513034931933
VRTX.OQ,2609.0,0.7151879225104446,-0.4657177922798721,0.09098470504023683,0.17318195348946464,0.3315985587840644
D.N,2609.0,0.5368305147676329,-0.4193603269488776,0.04144905905131077,0.22789650486161683,0.23160769846750678
HRL.N,2609.0,0.3027460661464179,-0.303074226162457,0.046882959943923774,0.0948085485158795,0.22749439536809132
BBY.N,2609.0,1.1506612750274692,-0.6871810449690091,0.0926755628652712,0.33589525960549793,0.37342014068441426
IT.N,2609.0,1.0236602752753339,-0.586939139535303,0.060346300797006196,0.37558664614625714,0.31075823600210994
WRB.N,2609.0,0.8386249064291779,-0.448315416681683,0.03425842875406255,0.4072837162631314,0.24032209591786782
WTW.OQ,2609.0,0.8075119715915919,-0.3659421162273605,0.03465535871778939,0.3707836521663491,0.23459492493085474
PNR.N,2609.0,1.1945377971649502,-0.6135946816987997,0.03514989293323495,0.5716941940375674,0.286364009560888
