,n_obs,beta,resid_var,r2,mu_raw,sd_sample,sd_model,ratio
FER.MC,2609.0,0.9971284346719496,0.036101456362342424,0.42348751196611734,0.12074510770647798,0.250192751619924,0.25022041392762095,1.0001105639852388
CARLb.CO,2609.0,0.6726076871409035,0.04134309639253714,0.22592250841289818,0.03724116880312118,0.23106065620258734,0.23109495723410148,1.0001484503336824
ULVR.L,2609.0,0.4842922357566837,0.035566831904473954,0.14957536514801473,0.03299292031285461,0.20446613946668446,0.20449948600749607,1.0001630907733603
INVEb.ST,2609.0,1.1268752202087193,0.02569732414379794,0.5685951706400377,0.1308277888701817,0.24401592607184552,0.2440361150427543,1.00008273628379
LAGRb.ST,2609.0,1.202368374796496,0.10541996377383268,0.267811643268549,0.1927928444483771,0.3793732841313993,0.3794265547874768,1.0001404175209634
STERV.HE,2609.0,1.1766464421690979,0.07207619729036426,0.3387710938566185,0.030904756127569908,0.33009332273159964,0.33013518184329216,1.0001268099316465
EPIRa.ST,1967.0,1.1508739891932445,0.0675398341618468,0.37126275901138006,0.1034092538622377,0.3276686735663546,0.32070788693829716,0.9787566307383124
VIS.MC,2609.0,0.4820250456106089,0.04865792931262376,0.11297350128483252,0.0116985954012866,0.23416675443471288,0.2342065884298988,1.000170109524224
PHG.AS,2609.0,0.9674477998984397,0.07103315548794684,0.2600472974438557,0.015453006395563178,0.30977423669976245,0.3098181956604464,1.0001419064450041
BEIJb.ST,2609.0,1.2899181411402443,0.1065282249899295,0.29408191982394616,0.18370649269973055,0.3883934656944756,0.3884460463258723,1.0001353798043504
ALLFG.AS,1223.0,1.5278876952948954,0.12938677606464158,0.27536966927684625,-0.11737017013418895,0.422385421960154,0.4377521431699262,1.036380803907626
IPN.PA,2609.0,0.7674842537246602,0.09397955138712984,0.14322724463405578,0.07191432504235452,0.3311315651703159,0.331185972764854,1.0001643080885694
SCHP.S,2609.0,0.6950038733809404,0.034884735869800995,0.2697062469193513,0.07772422532092853,0.21851721094028861,0.21854781519418676,1.0001400542033574
SQN.S,2609.0,1.1032007749722823,0.10569392324475967,0.23496153806460218,0.30782656513210815,0.37162087075764727,0.3716753938502414,1.0001467169819687
DAST.PA,2609.0,0.904729697433179,0.056417148278129894,0.2790055733823089,0.053717102796589394,0.2796767300718581,0.2797154012309979,1.0001382709213236
GEBN.S,2609.0,0.8201584656227001,0.03333494551196995,0.3498928909323439,0.07988705582868626,0.2263988097285902,0.22642703648368295,1.0001246771355672
SKFb.ST,2609.0,1.284318579425083,0.06205732810252212,0.4148404875332984,0.04789713852879598,0.32559379807662175,0.3256303369370386,1.000112222224848
TLXGn.DE,2609.0,1.0186034493671068,0.04083769002874698,0.40392705097708526,0.14094736377026673,0.26169631041204977,0.26172622624940967,1.0001143150903151
DHER.DE,2218.0,1.246863929495225,0.26152531760912084,0.14145595971484914,-0.019609962348916692,0.5517948103998428,0.5504320622479326,0.9975303353235188
GBLB.BR,2609.0,1.039406580416374,0.017413606083301534,0.6233189818759157,0.0037740625617106965,0.21496819616943982,0.21498372580393227,1.0000722415444199
GALE.S,2278.0,0.3206393707868845,0.033806663593192905,0.07635254927957491,0.117163249782814,0.19127255166713492,0.19117463892337433,0.9994880983031429
FRES.L,2609.0,0.6594480651999237,0.1771690433213105,0.061445125464964834,0.14317081588280767,0.4343909886056342,0.43446917485267483,1.0001799904903452
AIXGn.DE,2609.0,1.2921242720851103,0.21251705857195513,0.17324015287647598,0.14580014743882697,0.5069019151317933,0.5069822858507907,1.000158552802028
VOD.L,2609.0,0.8640723035665794,0.05295883273835379,0.2732687681145528,-0.08702784501902311,0.26989759322656764,0.26993520913432234,1.0001393710381223
ZEG.L,2609.0,0.5448139374501954,0.31083789355290103,0.024836718235690558,0.22945969309357128,0.5644754137122281,0.5645809764723468,1.0001870103773423
SATG_p.DE,2609.0,1.0248495709530026,0.13865772678358074,0.16807874632161612,0.14394346766039484,0.4081761736497534,0.40824129512046625,1.0001595425576426
AZMT.MI,2609.0,1.3647013320013894,0.06435786047215292,0.4356153843167473,0.049691321677058295,0.3376213775202241,0.33765792105678927,1.0001082382188995
MNG.L,1617.0,1.311503008569028,0.09682275504533516,0.36999044071285314,0.052147774952978544,0.3919049361735072,0.37773264480063456,0.9638374257000984
MICP.PA,2609.0,1.0625047975267836,0.04253642571903822,0.4144762947838302,0.031835799441287456,0.26947903147825536,0.2695092918354491,1.00011229206602
PRY.MI,2609.0,1.21624006569606,0.07163892218809244,0.3551451816853035,0.1506945869965416,0.33324241188448933,0.33328362394584227,1.0001236699168028
ORSTED.CO,2494.0,0.7174119109287744,0.13667631651120285,0.09100283051559432,-0.012918949747772418,0.38768432984253914,0.38781252785834114,1.0003306762897899
BAYGn.DE,2609.0,1.0098289292115916,0.07462612183202143,0.2671135163576386,-0.10125895508900867,0.31903901980880806,0.3190838611886903,1.000140551396845
BAB.L,2609.0,1.0338818238822265,0.11042335964501691,0.2052059166791944,0.01013174223184902,0.3726660992433769,0.37272290212775644,1.000152422998751
RENA.PA,2609.0,1.615266002455881,0.09542875423580031,0.42170721594314065,-0.08548532504659356,0.40614626399551607,0.4061913078064494,1.000110905392777
HSX.L,2609.0,0.8555139204161212,0.07723409508983609,0.20175923047849864,0.021245087849533866,0.31099564014222775,0.3110432485808661,1.0001530839423234
HMb.ST,2609.0,1.264878821583085,0.08983160815042911,0.32204871215023523,-0.055320252896023936,0.36394190519179215,0.3639892237273769,1.0001300167276967
GETIb.ST,2609.0,0.8800545351800059,0.10859872722199558,0.1598169258524439,0.009118130776411118,0.3594530107742626,0.35951092830531345,1.0001611268491704
TRN.MI,2609.0,0.6925403686540853,0.03816670264872355,0.2510294595124295,0.0695527345457073,0.22569746171758087,0.22572987993979307,1.0001436357412508
CWK.L,2609.0,0.7571721109226855,0.05572117257885369,0.21533229097238749,0.08232792906320284,0.26643050944521496,0.26647060221255187,1.0001504811420447
LDOF.MI,2609.0,1.2574195356562945,0.10563883477084374,0.28530620884150826,0.13659046256124344,0.38438684701599596,0.3844395321075574,1.0001370626803971
SIKA.S,2609.0,0.9853351080604817,0.04524397675950444,0.3640092138741855,0.11773515954123136,0.26666848611804134,0.26670101169490523,1.0001219700810446
SOON.S,2609.0,0.8446544457795717,0.05797252406663711,0.24712351682389067,0.06898362088534428,0.2774380101524862,0.2774780679728115,1.0001443847593317
ALEP.WA,1362.0,1.3074521357181836,0.17160899554470996,0.17385660355781407,-0.1402899539028978,0.45559893304787913,0.4660314753473175,1.0228985222367541
RAAG.DE,2609.0,0.9709088409731695,0.06919210326018019,0.26652596870407785,0.051267881679194105,0.3070807672669264,0.30712396249671636,1.0001406640675494
BRBY.L,2609.0,1.2678610101174936,0.09503129450495032,0.3108963418855445,-0.0035424654821884687,0.3712853103246838,0.3713343776742083,1.0001321553752869
TEMN.S,2609.0,1.067927846874447,0.12302103507911555,0.1982443737720454,0.06319574520181216,0.3916385214737924,0.3916987390131133,1.0001537579579616
STDM.PA,2609.0,0.9028637479822619,0.13104267459801366,0.14230466560373078,0.130158760612755,0.3908018153960411,0.3908660964334851,1.0001644850021458
SRP.L,2609.0,0.8960451446060189,0.0840060264774269,0.20313639456249533,0.09529152237753377,0.3246234937026585,0.32467310261776056,1.0001528198545835
MAERSKb.CO,2609.0,1.0951179066076893,0.12528782999490426,0.2033838220020493,0.07151842493535633,0.396503116026246,0.39656369076182113,1.0001527724073955
VATN.S,2609.0,0.5578350585188628,0.033977589507422745,0.19631711885605574,0.04579652516928172,0.20557516418883448,0.20560684898150136,1.000154127531854
VLLP.PA,2609.0,1.4892414562215133,0.27480616702620125,0.177129085592173,-0.13900247937899451,0.5777821271891582,0.5778733052858951,1.0001578070564079
KNIN.S,2609.0,0.7065831837136735,0.047862849517675006,0.21765975047802477,0.04296897759005832,0.24729660848968507,0.24733371159245746,1.0001500348225516
MRL.MC,2609.0,0.9851494025079193,0.05455642377571779,0.32179218931551223,0.014503029569775611,0.2835686891516546,0.2836055717741364,1.0001300659201555
BT.L,2609.0,0.9249839536509805,0.08794275783778475,0.20602862758127527,-0.10024891274976937,0.33274714706375913,0.3327978128859584,1.0001522652339663
RKT.L,2609.0,0.4660066952797641,0.04919815035018468,0.10533015994416295,-0.013734456233547555,0.23445511454018633,0.23449534122345622,1.0001715752004334
VACN.S,2534.0,1.0683791572552426,0.09140449997330818,0.24731720423929227,0.21993381777195922,0.34841115373142373,0.3490516760955394,1.001838409468973
SSE.L,2609.0,0.8888800213550998,0.0546432855631146,0.27832191872289713,0.024934149002703465,0.2751144278445819,0.2751525042377388,1.0001384020222248
BEAN.S,2609.0,0.8049235443762545,0.06639999912881682,0.2065084788201057,0.2009053656029431,0.2892208603258322,0.2892648719944747,1.0001521732166654
LGEN.L,2609.0,1.5414011825970286,0.05864329019928304,0.5193708455942226,-0.011497579565450276,0.34923746792084415,0.3492696593234499,1.0000921762570247
SGE.L,2609.0,0.8245936517005347,0.052610601079111814,0.2563484109122506,0.047133894496687,0.26593077469434095,0.26596870061347394,1.0001426157584679
EDPR.LS,2609.0,0.7862551526469651,0.0771407237184917,0.17610429497962787,0.05636193033293331,0.30593027501938164,0.3059786130954136,1.0001580035713329
LOGN.S,2609.0,0.8513569826154271,0.08912443494169583,0.17824703151149945,0.18296517440531485,0.32926417144183984,0.32931606106434713,1.0001575926778794
BTRW.L,2609.0,1.4058605583131056,0.09680630322967498,0.3525609233451388,-0.04646994326360335,0.38660644166710006,0.38665444484681216,1.0001241654937385
LAND.L,2609.0,1.1475286142781538,0.06271134639147433,0.35899942370673066,-0.07101161810081956,0.3127235406916308,0.3127619840459566,1.0001229307977288
IMB.L,2609.0,0.5727192067480582,0.05153435696220749,0.14512540777226324,-0.022835809790920047,0.24547877531656856,0.24551902011273896,1.000163944097075
QLT.L,1962.0,1.2134711570843155,0.07429396925655318,0.3738661921719584,0.03923911156968703,0.34437565540636267,0.33697722550787246,0.9785163968987295
ADYEN.AS,1970.0,1.2177679344526897,0.18863650713680544,0.19126907877576504,0.14131496498807472,0.482836994517499,0.4776763649863441,0.9893118597171454
GF.S,2609.0,1.1233171222426384,0.0454193753668574,0.42561734931613915,0.06608643717930215,0.2811490652537206,0.28118003538250363,1.000110155545974
KGH.WA,2609.0,1.4566619763816966,0.11892583223346692,0.3224372957938024,0.15195010720950008,0.4188707895303238,0.41892521852659076,1.0001299422104082
YAR.OL,2609.0,0.9648054622222189,0.0660141013711372,0.2733058210807212,-0.0006887833341685608,0.30134170365340324,0.3013836998183034,1.000139363932675
ADP.PA,2609.0,1.0690304037875042,0.0698258408071388,0.3038801669470199,0.011080950331508344,0.3166524155545573,0.3166946889174208,1.0001335008381018
QQ.L,2609.0,0.6945551471716166,0.07989600783661846,0.13870571717575964,0.03785273540543548,0.3045113464369748,0.30456164413988385,1.0001651751355
SAF.PA,2609.0,1.4092477768304965,0.06065699987258179,0.46617392785491807,0.15670356847723674,0.3370212574149675,0.3370557609679208,1.0001023779722915
ACS.MC,2609.0,1.2500491338343507,0.057696620241762545,0.4194038169811549,0.15917862613400957,0.31517722016057165,0.31521231423495294,1.000111347115643
INF.L,2609.0,1.131159901131151,0.05603292259406396,0.3785186252567043,0.03399933900042395,0.3002094098619383,0.30024519111217307,1.000119187637227
SAPG.DE,2609.0,0.9792279409798987,0.04376322848902292,0.3688475602771025,0.10869505238897952,0.26327175346678194,0.2633036204697836,1.0001210422408862
TCAPI.L,2609.0,1.0545995779238846,0.11386907608671001,0.2066700893249026,-0.03303959410391785,0.37878494215625397,0.3788425713404862,1.0001521422258872
HWDN.L,2609.0,1.1963425830162542,0.06684410348217606,0.3634980937438358,0.036027877946904936,0.32400254321955935,0.32404209359359365,1.000122068097495
SAMPO.HE,2609.0,0.9211025869502028,0.03274454657293239,0.4086636493603276,0.03132035996980011,0.23527128479998924,0.2352979661529973,1.0001134067552304
ARGX.BR,2609.0,0.6729680972500259,0.1698682224187907,0.06638915027138315,0.40950234695639304,0.4264713373713777,0.4265476938399708,1.0001790424394374
IMI.L,2609.0,1.2322010762040336,0.04891677273200504,0.45291379210575644,0.09309228017693835,0.29896320270798554,0.29899457019263453,1.0001049208878046
SAABb.ST,2609.0,0.9872929476771364,0.10474638624641602,0.1988484122705908,0.20304938921950128,0.3615171441382363,0.36157268840099804,1.0001536421264174
NAFG.DE,2609.0,1.169162609068909,0.0953613499797583,0.27658073392566407,0.10128000338882102,0.36300105059081217,0.36305141187556556,1.0001387359201066
INVP.L,2609.0,1.483952232520001,0.07946386740810849,0.42500195191236223,0.034810125815428396,0.3716793096011732,0.3717202960021388,1.0001102735608545
RYA.I,2609.0,1.2193260990514911,0.09869206677492653,0.2866324023716631,0.07279496983180131,0.37187857188659285,0.371929447985173,1.0001368083628
SFZN.S,2609.0,0.6623659406991985,0.06435254480203564,0.15386034974793583,0.1512277146633493,0.27572653397091107,0.27577127586304967,1.000162269084133
SALM.OL,2609.0,0.7618987350058076,0.11630995443909826,0.11747824461735878,0.12062772255121136,0.3629630826824358,0.3630245126234661,1.0001692457000757
CARR.PA,2609.0,0.6760598702546792,0.0604067256201583,0.1679206714669207,-0.051660459545754156,0.26938722911242907,0.2694302160057718,1.0001595728701929
RBIV.VI,2609.0,1.306173853212024,0.09873171781624332,0.31548696003090415,0.10733948776497602,0.37971189810023953,0.3797617447988285,1.0001312750504747
HNKG_p.DE,2609.0,0.6778870621607324,0.033076800317904186,0.2703653620855013,-0.030705533405324628,0.21287553196896397,0.2129053191756307,1.0001399278084766
FPE3_p.DE,2609.0,0.9446973416254199,0.0511757972864075,0.31746712182026315,-0.0053322198594726675,0.27377087403719486,0.27380670936401186,1.000130895322386
LIFCOb.ST,2609.0,1.2432065452050198,0.07220971858283039,0.3634144058082499,0.1960067175027511,0.3367333609575325,0.3367744707623873,1.0001220841461562
SAVE.ST,1330.0,1.6500053658316418,0.09823441706758843,0.36073001500686996,0.16444232376847498,0.3918557521413967,0.4133054198229644,1.0547386827023733
ATCOa.ST,2609.0,1.2404405361293407,0.05510985270654815,0.42683313964005465,0.13499661296055374,0.31002078463552113,0.3100548628622294,1.000109922393585
ERST.VI,2609.0,1.3082963634137894,0.07157807716865672,0.3894260070792349,0.13251980495871055,0.3423241866316011,0.3423642714050689,1.0001170959430656
BCU.MI,2609.0,1.011264871456932,0.09225987321007578,0.22818399460553063,0.18092466247234323,0.34567363657853356,0.3457248020372323,1.0001480166645198
VALMT.HE,2609.0,1.1070680519899245,0.07142078177245091,0.3139865653595134,0.11920613909289508,0.322598773177938,0.32264121516786287,1.0001315627753533
ENEI.MI,2609.0,0.950400039911479,0.03865864743760145,0.3839292689707352,0.08701026177815362,0.25045214840396607,0.2504817393367699,1.000118150045797
FNTGn.DE,2609.0,0.8628864562667133,0.05237221186118899,0.27493853857797845,0.0014013223950444893,0.2687074880536243,0.26874485205426224,1.0001390508351984
INCH.L,2609.0,1.0429567451394826,0.06960157150829512,0.2942033198657005,-0.011334833979557722,0.3139687610227255,0.3140112587428704,1.0001353565240265
ORK.OL,2609.0,0.588372031885814,0.04526109222695571,0.16943626988571914,0.03280697588862164,0.23339564925302264,0.2334328250343494,1.0001592822378897
PRX.AS,1645.0,0.9667859809629157,0.13149110160658925,0.18902626451077098,0.07795229866806155,0.4025433554799489,0.39548847075880894,0.9824742238938996
AKZO.AS,2609.0,1.009470393773813,0.03915880802931149,0.40971054559893794,0.013380241826548275,0.25751287147118024,0.25754202347133937,1.0001132059923552
SB1NO.OL,2609.0,1.163289172540151,0.05865999216726462,0.3809204226456977,0.14350058362708462,0.30776163723216765,0.3077981768628745,1.0001187270480993
AAF.L,1698.0,1.2268703950814124,0.1795877085232545,0.21333462247903157,0.25455112773201916,0.4776560567607172,0.4687421393463987,0.9813382091817922
PZU.WA,2609.0,0.9656452308339045,0.0739089264359385,0.25178034634568724,0.07343270517857871,0.31423214730926274,0.314277237029464,1.0001434917483374
RWEG.DE,2609.0,0.9245604834696068,0.07338381648898139,0.23704204069121915,0.14258618958292124,0.3100748664186532,0.31012023595855653,1.0001463180180559
KSP.I,2609.0,1.1736550985350729,0.09469758986585791,0.2795225525332322,0.11508491459086284,0.3624732731722946,0.3625233567507051,1.0001381717829072
LATOb.ST,2609.0,1.1540567938401158,0.05631873573880095,0.3867844660955603,0.09416809526174183,0.30299579172415186,0.30303142478925743,1.0001176025082816
SGEF.PA,2609.0,1.169803009223284,0.03607406821169844,0.5029269870126902,0.07575384101965912,0.26934206816345435,0.26936774447571926,1.0000953297509
BGN.MI,2609.0,1.2157231975735463,0.056161729466573225,0.4124259315030574,0.07237995288479583,0.30910472819272683,0.30913955974053176,1.0001126852636923
AAK.ST,2609.0,0.7943255201509669,0.04775221084369988,0.26058358066746945,0.08094270858633892,0.2540790861307571,0.25411511546115584,1.0001418036051193
PKN.WA,2609.0,0.9160380482053048,0.101560233171166,0.1805781793258091,0.04197743505289772,0.35198552527664956,0.352040838272318,1.000157145654285
WIHL.ST,2609.0,1.0862190445089914,0.07157829525169332,0.3053871199312802,0.06481516821081967,0.3209489664014763,0.32099172060901066,1.0001332118561206
ENX.PA,2609.0,0.7495771106321129,0.05409242157082181,0.21694235547601926,0.11235549946551157,0.2627774338647957,0.26281689578061435,1.000150172392044
TW.L,2609.0,1.377863648603705,0.0965353348841609,0.3440654652752442,-0.05988187549494492,0.3835567475915773,0.38360499697660766,1.0001257946453381
ALVG.DE,2609.0,1.1036057707159777,0.028236947687703157,0.5349792385025297,0.09143100413855866,0.24637090860797384,0.24639288069831145,1.0000891829740035
TPRO.MI,1011.0,0.9716286256304648,0.13878651021855948,0.13157259510422692,0.16568674025000732,0.3995689791037552,0.4049158109031683,1.013381498762507
DHLn.DE,2609.0,1.1482960110088933,0.04074670409881637,0.46326503540596464,0.06416524859188343,0.2754755260306087,0.2755038823284978,1.0001029358153797
SHLG.DE,2033.0,0.7587785787945464,0.05621670888616127,0.2319167243550201,0.043534875460098724,0.27047159615485333,0.2675201825778474,0.9890878982526646
LHAG.DE,2609.0,1.3231828121085578,0.10384384405722168,0.31019741380672594,-0.013142164405825114,0.38792225088906335,0.38797356889317336,1.0001322894059117
PAFR.L,2609.0,0.5041052415622838,0.27943559059099793,0.023681363021159973,0.2557783889501733,0.5348866911196162,0.534986838983382,1.0001872319230007
DTGGe.DE,1058.0,1.3135654249181428,0.0781714439652052,0.3300112895180972,0.06366996730997435,0.34141672347888,0.3523847129088581,1.0321249331849338
LSEG.L,2609.0,0.8274288035676322,0.05966045130302602,0.23434771683921407,0.10486652990489334,0.2790899502310268,0.2791309303174297,1.0001468346902818
TENR.MI,2609.0,1.182346077002622,0.09422078471352094,0.2835280887991599,0.04938528617724087,0.36256885585794146,0.3626186741463231,1.0001374036616129
PKO.WA,2609.0,1.235432210357339,0.09174361615236544,0.307348537367635,0.11812343739011842,0.3638708550805551,0.36391919012877544,1.0001328357232944
DRX.L,2609.0,0.9608269001998595,0.11452997761878624,0.17695039986857586,0.1095566451504298,0.37296090143283683,0.3730197700743394,1.0001578413213728
SMIN.L,2609.0,1.1556617592054068,0.04218400486515614,0.4578296124952044,0.07929111162692902,0.2788834417826961,0.27891243957388073,1.0001039781745351
QIA.DE,2609.0,0.5256811972904583,0.0595800278870502,0.1100892801200326,0.04954238680608905,0.2586984662835094,0.25874261643602026,1.0001706625986042
MT.AS,2609.0,1.79934989062288,0.11541299208148854,0.4279905365738279,0.14852101188375605,0.44909939006312205,0.44914865646348323,1.0001097004392596
AM.PA,2609.0,0.8894048825992217,0.06574677506725984,0.24294433898458934,0.0914507747174326,0.2946388725429822,0.2946816500334154,1.000145186173379
RBREW.CO,2609.0,0.7999712567078954,0.06470424146852895,0.20873389874201687,0.07667169672912359,0.2859050437619347,0.28594842884172716,1.0001517464652656
NEXS.PA,2609.0,1.3997196082160044,0.09704506003080773,0.350004390495267,0.1345951840873491,0.38632092031224924,0.3863690774376958,1.0001246557535834
TKAG.DE,2609.0,1.7636955845452105,0.1639831462334062,0.3359646837790051,-0.030851971808987175,0.4968447905621337,0.4969080628063701,1.0001273481083797
BARN.S,2609.0,0.4496837706357971,0.05571955657067055,0.08825412109401265,0.03882230078346162,0.24716310552037185,0.24720632190767844,1.0001748496694747
AENA.MC,2609.0,0.9956307436418781,0.05079904920713464,0.3423084833974165,0.0861223720920599,0.27786471057022644,0.27789975808430495,1.00012613157679
ITV.L,2609.0,1.3786549512735449,0.10778105065209037,0.31989083288640174,-0.11992325279967966,0.39801424342108693,0.39806615663232936,1.0001304305363452
BAMI.MI,2609.0,1.4074381184009541,0.1550431400928812,0.2541595377674437,0.037770125588666936,0.45584797476049355,0.45591317720595403,1.000143035505411
RACE.MI,2607.0,1.0078463562233444,0.05794019269289379,0.31846337981379824,0.19940264007211478,0.29151575258681295,0.2915852011022282,1.0002382324618788
TUB.BR,2609.0,0.643793734791829,0.0633328838045729,0.14860975176197277,0.11577872954398162,0.27268862254710596,0.27273314603812177,1.000163275939421
EZJ.L,2609.0,1.6825241346715316,0.1537468013368329,0.32935467205298596,-0.11114794283156473,0.4787108985295444,0.4787724682616382,1.0001286156890994
III.L,2609.0,1.2968128865701996,0.053649847701719086,0.455357262479023,0.17545629289687742,0.31379434323511735,0.31382711977612837,1.0001044523004243
LUNDb.ST,2609.0,1.0444319388207097,0.03233998188518454,0.4735880093493613,0.06723718346006974,0.24781279252571142,0.24783781075371422,1.0001009561602845
ERICb.ST,2609.0,0.9494945597559111,0.08913681779872276,0.21245140437454713,0.0008588729590342346,0.3363617506509688,0.3364125525729799,1.0001510335878345
NEKG.DE,2609.0,1.2074832448616284,0.10686094430894952,0.2668154313351885,0.18121660340404788,0.38169772193176255,0.38175139189839125,1.0001406085589326
MAP.MC,2609.0,1.0144023760338992,0.0476163222420525,0.3656406228185899,0.06689727553128659,0.27392203178512947,0.27395535638049534,1.0001216572290614
CLNX.MC,2609.0,0.7542233107911029,0.06909366040142283,0.18005351988363716,0.07858624612830581,0.2902305131249984,0.2902761507887708,1.0001572462636026
CTEC.L,2395.0,0.6969829023315062,0.10508639568637738,0.10773407505476296,0.01846958179797847,0.34311157598275166,0.3435669578409017,1.0013272121666128
ROPC.S,2609.0,0.4566539165615284,0.03532268284932796,0.1360405718932718,0.03856964757331795,0.20216077269866578,0.20219426794943218,1.000165686202715
PSON.L,2609.0,0.756888484076291,0.09242017653793491,0.14187390403601807,0.024973649853429314,0.3281138511724899,0.3281678480831085,1.0001645676048896
IBE.MC,2609.0,0.7095420497385503,0.033177669090228845,0.28811914987403753,0.1412024913211836,0.21584202282983092,0.2158714902856733,1.0001365232564818
SEBa.ST,2609.0,1.160091454731412,0.0465288430048362,0.43549569681131217,0.06695535894641985,0.2870411889958834,0.2870722644112559,1.000108261171441
LEGn.DE,2609.0,0.76747481696996,0.06596987682481859,0.19233855729363414,-0.01127018433357185,0.28574252851146376,0.2857867873053156,1.0001548904675912
BMWG.DE,2609.0,1.2043333907947362,0.05009356880555489,0.4357500356624132,0.0028214388466339794,0.2979009845037493,0.29793322108327175,1.0001082123967335
SJP.L,2609.0,1.4118546953075808,0.07599608536881301,0.41162257954073256,0.021308645456482776,0.3593224349882519,0.35936298068828976,1.0001128393222627
GAW.L,2609.0,0.9320768695547483,0.11098755680810785,0.17271785315342836,0.326431684763254,0.36620733737230143,0.3662654372498738,1.0001586529587017
SY1G.DE,2609.0,0.6711918048907414,0.042839703537617506,0.21904260052313407,0.018582578054592076,0.23416731611429328,0.23420238726978257,1.0001497696436517
ABNd.AS,2609.0,1.33673511176952,0.07666880993291043,0.3833334892394994,0.042671097963592766,0.3525339127082733,0.3525756048838679,1.0001182642976794
PNN.L,2609.0,0.6636074017469945,0.06829853416721021,0.14673952171930982,-0.036323662488833175,0.2828665531198958,0.28291283986801496,1.0001636345747091
EVOG.ST,2609.0,1.0727135948436306,0.15907158129088048,0.16173709176973905,0.21659360611749723,0.43553483480101346,0.43560485078753286,1.0001607586372543
OMVV.VI,2609.0,1.186878417711259,0.07888952339894624,0.3226142760910763,0.06513543488485354,0.3411994861597452,0.34124381079523947,1.000129908271531
NTGY.MC,2609.0,0.7680442751143575,0.04770231122375245,0.24802304351893367,0.03831215036321108,0.25181649031464887,0.25185280534052756,1.0001442122628004
NOVN.S,2609.0,0.5250822066697161,0.028028660164456196,0.20783637948529343,0.06159497871101265,0.18806606776880494,0.188094638497929,1.0001519185755465
UMG.AS,1116.0,1.037222135815552,0.08550748297996102,0.21617520791753764,-0.027187861288882325,0.330139679298282,0.3379214913349238,1.0235712715696041
PST.MI,2609.0,1.1147423153731721,0.04526811921927406,0.42268889828468126,0.11429532154565249,0.2799677409520106,0.27999873817831433,1.0001107171354755
GALP.LS,2609.0,0.9750785178369574,0.07479990236953721,0.25318831545942433,0.037404468573857826,0.31641836741614177,0.3164636854086999,1.0001432217507733
VWS.CO,2609.0,1.0258230303610016,0.15083035107663667,0.15688985824094515,0.06363356672629897,0.4228817434452926,0.4229501184098458,1.0001616881447664
PERP.PA,2609.0,0.7152772360319621,0.038393976525137145,0.26222052847458543,-0.02779273120390692,0.22807883505399468,0.2281111058593007,1.0001414896971847
VAR.OL,1010.0,0.6266673160602276,0.14018320197313539,0.05878268941604681,0.012174336142880935,0.3857338196149982,0.388141172621465,1.0062409695081174
BLND.L,2609.0,1.2168697421717976,0.06860022667061993,0.36537253925127,-0.07367748374765803,0.3287154124023796,0.3287554199078117,1.0001217086389096
P911_p.DE,849.0,1.153012388287788,0.07744074732754032,0.2256531261930642,-0.11912250947130008,0.3160536222297234,0.33598484222822034,1.0630627798469272
MNDI.L,2609.0,1.2208601747353822,0.05480421153983807,0.42042131943816596,-0.0421570233244603,0.30744503798451867,0.30747921111206034,1.0001111519892
BAER.S,2609.0,1.237157221264145,0.048796569658999804,0.45551393912389004,0.04600059066143499,0.29930776595767217,0.2993390203493349,1.0001044222543398
EUFI.PA,2609.0,0.8307467778191547,0.08751028121101784,0.17378944603286894,0.07131693735167279,0.32538752054876385,0.3254390773778577,1.0001584474690575
PRU.L,2609.0,1.6011769836722454,0.06364184712416467,0.5179468725905982,-0.01822947099809654,0.36327930469745023,0.3633128896284948,1.000092449337494
VERB.VI,2609.0,0.8488582471219253,0.09179617675344676,0.17311848528691376,0.16712312816975897,0.333125115702711,0.33317794139540347,1.0001585761331175
NDAFI.HE,2609.0,1.1106057805173637,0.044699541262823946,0.4239594153296352,0.05193490091993713,0.27851059035822695,0.278541358394663,1.0001104734882664
PEO.WA,2609.0,1.2840703941391047,0.09729129753395495,0.31130446349067953,0.04284370531956497,0.3757855581077975,0.3758351907788337,1.0001320771114413
EVKn.DE,2609.0,1.1451358433161785,0.04159799288248887,0.4567598434745118,-0.07272484150859543,0.2766667556597337,0.27669557972242326,1.000104183325607
CMBN.S,2609.0,0.7445605393127286,0.04799957587862355,0.2355014999856354,0.06385283453365156,0.2505227112954777,0.25055944129126223,1.0001466134371395
ACCP.PA,2609.0,1.3225810412429146,0.062077817712260404,0.4290797398467582,0.02540876313097292,0.3296835023380086,0.3297195998997793,1.0001094915624067
ORNBV.HE,2609.0,0.4795764984354247,0.07830417088644384,0.07264896933836396,0.07388007311224673,0.2905273951702591,0.29057906316494503,1.0001778420746024
BBOXT.L,2609.0,0.9448504298012741,0.05127829446470867,0.3171039080344229,0.008600472678793747,0.2739720089896362,0.27400788972681334,1.0001309649745223
SUBC.OL,2609.0,1.3484729352829918,0.1283564266447937,0.27423243270828745,0.10015175199967792,0.4204620009257982,0.4205205234513357,1.0001391862413456
SBMO.AS,2609.0,0.9909118354424055,0.07748821742469836,0.25260370260811404,0.07908693736044933,0.3219282480864698,0.3219743913043919,1.0001433338583874
ADDTb.ST,2609.0,1.246946138887475,0.09348980475732399,0.30728440050093575,0.21473140301084456,0.36730036893415796,0.36734916406185486,1.0001328480225558
AKE.PA,2609.0,1.2651190246813866,0.05067242596928986,0.45724520187976914,-0.013294809483910739,0.3054926281732219,0.30552442697657894,1.0001040902477654
WRT1V.HE,2609.0,1.2529691271327292,0.07889161771738232,0.34673291177776566,0.0819181729116781,0.3474455577720581,0.34748908683432883,1.0001252831164396
EBP.WA,2609.0,1.2489889208017106,0.11202421053878964,0.27082623110469606,0.07137433613506856,0.39188365461986324,0.39193845540681305,1.0001398394301568
HAGG.DE,1373.0,0.7202096327985432,0.21700650288060688,0.04815567400512111,0.3501854821844833,0.4773040100993002,0.48045392935618686,1.006599398266592
GRLS.MC,2609.0,0.7921339676077028,0.1450451641765075,0.10344838729473482,-0.0591968548339421,0.40214317364719365,0.40221231655445167,1.0001719360461374
G24n.DE,2609.0,0.7302979675115644,0.061775584303966236,0.1871704256075608,0.0998803490904347,0.27562931423784737,0.27567227975332914,1.000155881516451
FRAG.DE,2609.0,1.2222407126336612,0.07915211127370045,0.3348370197338324,0.023910797217769782,0.34489264948986853,0.3449366454989367,1.0001275643570058
FREG.DE,2609.0,0.9366964630279971,0.05916901690868603,0.28341626130326913,-0.021394027967818745,0.28729655908993884,0.2873360408500857,1.0001374251062105
EDP.LS,2609.0,0.7750931727857946,0.05351422125812841,0.23043087040869403,0.025476140960198575,0.2636498374751548,0.2636887484465215,1.0001475857969016
TRYG.CO,2609.0,0.6495135455040921,0.0341509523419486,0.2478257705126249,0.052713540528151616,0.21303889786509841,0.2130696287458421,1.0001442500925963
NOVOb.CO,2609.0,0.5040331075290809,0.09386041251722498,0.06733136958089336,0.05427985637014085,0.3171715805709184,0.3172283104387627,1.0001788617622747
DPLM.L,2609.0,1.0061682996000296,0.06814984657068296,0.2837778692464902,0.1780252148550715,0.30840775866078934,0.3084501202436315,1.0001373557624689
BAVA.CO,2609.0,1.1264502582501652,0.25790367666104524,0.11600358646535325,-0.030698956675545525,0.5400329229482058,0.5401244739081495,1.0001695284788266
AOO.BR,2609.0,0.8021876577575562,0.04860653951298467,0.260962512891875,0.02997978904124554,0.2564075680175875,0.25644390890309887,1.000141730939505
IGG.L,2609.0,0.7595104642112102,0.09406283951422455,0.14057603995286383,0.03835551295293877,0.3307668945342117,0.33082141037045554,1.0001648164829815
AD.AS,2609.0,0.4314177046145912,0.03884762183193171,0.11330756404892661,0.06348318579061253,0.20927263319722797,0.20930821905940505,1.0001700454647768
TLIT.MI,2609.0,1.1174721213579204,0.12414545312125948,0.2115339132872458,-0.07252822790967879,0.3967259619722452,0.39678595071773337,1.0001512095280831
AMBUb.CO,2609.0,0.7954762144405921,0.2344530756084213,0.06715269297190563,0.0789606151947796,0.5012327137057261,0.5013223822456929,1.0001788960247704
HIK.L,2609.0,0.6842073716303297,0.09166365698166927,0.1198867741497166,-0.04750694023675128,0.32266067516239355,0.32271513507114913,1.0001687838430517
CAPP.PA,2609.0,1.1928503661615746,0.05378281943540589,0.4137095801618531,0.05642643410788633,0.30281829220692197,0.30285234082277246,1.0001124390987162
BGEO.L,2609.0,1.243012627768855,0.12352286210303347,0.2501638355236413,0.18595838327587336,0.40579547859029824,0.40585383268481223,1.0001438017365711
BIRG.I,2609.0,1.501932022821585,0.1415188284602312,0.29831877865762135,0.05366080833628137,0.4490078226992675,0.4490682444791746,1.0001345673212192
DCC.L,2609.0,1.0072846804749298,0.046666653978347974,0.36704806339269525,-0.028747297571633825,0.271478028722691,0.27151098271492585,1.0001213873269594
KNEBV.HE,2609.0,0.7334819326115299,0.04269875853914604,0.25153113099122526,0.04945491752734312,0.23880173366772325,0.23883601115844413,1.0001435395388234
DLN.L,2609.0,1.0323435567545092,0.07065383826563407,0.2868938950201475,-0.07750886506759132,0.31470781285134075,0.3147508517309024,1.000136758217636
WTB.L,2609.0,1.288431071250346,0.07664234522666905,0.36616894914290543,-0.04739153670299118,0.34766771180816997,0.34770997287429006,1.000121555912973
GL9.I,2609.0,0.6217250185299465,0.08574495218628367,0.10733272341584232,-0.007112749414508537,0.30986761963782883,0.30992066624497594,1.0001711911919327
TE.PA,1271.0,1.0846256138295083,0.12012274674609698,0.16856141111567602,0.17965711018260144,0.37995003523055454,0.38921447937861947,1.024383322250367
NN.AS,2609.0,1.067905892011503,0.045726873381756024,0.39946967163522873,0.07526407736205777,0.2758893925433806,0.27592116669132377,1.0001151698789514
ROCKb.CO,2609.0,1.1868461209672205,0.10282631968690732,0.26760052933657685,0.08882677693492058,0.374623362115764,0.3746759809658706,1.0001404580050999
UPM.HE,2609.0,0.9309769462448284,0.05418835851255717,0.2990352790411088,0.04250679111188264,0.2779851774658719,0.278022546991356,1.0001344299211372
BKT.MC,2609.0,1.119408042296475,0.06928221823671354,0.32541933813612844,0.11322146266414289,0.320413400128138,0.32045485212335767,1.0001293703546827
AKRBP.OL,2609.0,1.2666390968537633,0.14393379582192203,0.22916928914569112,0.13555692234348535,0.43203467725555256,0.4320985439575077,1.0001478277215172
MONC.MI,2609.0,1.2405496466704609,0.06873501907357131,0.37389616689123917,0.14714259882885825,0.3312703522503194,0.3313101292326412,1.0001200740786236
ADEN.S,2609.0,1.2090508555853823,0.05585574799144468,0.41108313838143173,-0.0834926443724214,0.30790990771184623,0.30794468390995605,1.0001129427707223
SYENS.BR,537.0,1.3684366322042767,0.08095742481633686,0.23335843758099772,-0.13064544819872123,0.3246584109419799,0.3617798055757387,1.114339851926377
EONGn.DE,2609.0,0.755487641540764,0.05014273493195504,0.23289325934668392,0.07709528138378548,0.25561882344529235,0.25565642845105313,1.0001471136016273
LISP.S,2609.0,0.4740406738143111,0.03788219554697329,0.13660321158748612,0.08155041856638728,0.20942526728708658,0.2094599435691602,1.0001655783111696
WEIR.L,2609.0,1.4589150653956793,0.07817812305111113,0.4206776680654789,0.09167774803730507,0.36728162958478894,0.36732243561295586,1.0001111028292187
ACKB.BR,2609.0,0.8195454998334406,0.028779292947967414,0.38365687492801714,0.05945372262876317,0.21604563886937908,0.21607117595700462,1.0001182022824397
VNAn.DE,2609.0,0.8260898254394247,0.06778871103865662,0.2116701242894109,-0.001010849952471661,0.2931847774214449,0.2932291020952525,1.000151183407943
MTO.L,2609.0,0.9579248000445347,0.15502351609201975,0.1363506223451333,-0.005736197514105662,0.42359105577844,0.42366121378731053,1.0001656267475754
EDEN.PA,2609.0,1.0059129489236194,0.07358721482929607,0.2683385253512476,0.01512996493545356,0.3170755912450817,0.3171200821771218,1.00014031648373
HOTG.DE,2609.0,1.2483365485732942,0.06687752429076928,0.3832851531473038,0.13942973007719434,0.3292415321493138,0.3292804727197344,1.0001182735670266
BAES.L,2609.0,0.7095294055369318,0.05425617917427567,0.19838609987878142,0.10972659087062739,0.2601109921955207,0.2601509792613159,1.0001537307803015
ENAG.MC,2609.0,0.6157802904957378,0.04254521813033559,0.19205907394909605,-0.058473160929532635,0.22943110430661875,0.22946665329381669,1.0001549440617712
VEND.OL,2609.0,1.0298266773929914,0.11091520814728677,0.20320641545312534,0.028720828932805184,0.37302621791314516,0.37308321871676964,1.0001528064272356
BIOX.PA,2609.0,0.5621602960360614,0.07927561579760502,0.09610642502491318,0.11383351806428964,0.2960928256183201,0.29614415151170526,1.0001733439277969
NKT.CO,2609.0,1.0551180609131487,0.1326212439289458,0.1829361112418294,0.17722688043484608,0.4028053797703624,0.4028684967528565,1.0001566934943373
SDR.L,2609.0,1.3300246682920671,0.04771583300018264,0.49718586266064146,-0.0303601694782317,0.3079954048135178,0.3080251050393116,1.0000964307432176
TRELb.ST,2609.0,1.326813891696363,0.048809621392194885,0.4903125042568418,0.07544761200202235,0.3093979643421383,0.309428207642233,1.0000977488657983
BWY.L,2609.0,1.2918721866879226,0.09334216560385408,0.32290020218711213,-0.012531099956341326,0.3712182476450849,0.3712664516117201,1.0001298534405059
INGA.AS,2609.0,1.4708561350740645,0.059003732341124375,0.49442527957577187,0.07080356993036731,0.34155747080447074,0.3415905882673669,1.000096960147931
NEXII.MI,1751.0,1.1978455187783343,0.09989024581003013,0.3133949851454858,-0.0941657548779043,0.3813150404452582,0.3716791060015202,0.9747297289073984
BAKKA.OL,2609.0,0.8502110190574997,0.10578313623736109,0.15416238588287534,0.05285015712272501,0.3535749139437518,0.3536322677426756,1.0001622111656172
HRA.MI,2609.0,0.8088570681010968,0.0510530993137782,0.2547341136258723,0.055199089619698764,0.2616809796436293,0.261718380482036,1.0001429253224963
BCVN.S,2609.0,0.49310202472796766,0.03012035527384179,0.17716591248487024,0.06599976503744895,0.19128927874884422,0.1913194641959679,1.0001577999944435
BMPS.MI,2609.0,1.3628991853130294,0.43347359173865935,0.10256988478418871,-0.5372923656363513,0.6948606602494537,0.6949802489003504,1.0001721045063248
STB.OL,2609.0,1.30446466149254,0.06268769672652104,0.4199525677814535,0.14143134782996264,0.3286821539733699,0.3287187171946619,1.0001112418817084
BOUY.PA,2609.0,1.0916564310032286,0.04369909207423981,0.4210844284222902,0.026065460678622778,0.2746915584497946,0.2747220560319378,1.0001110248247718
AXAF.PA,2609.0,1.1960750120583878,0.038466427635707935,0.4979791404945967,0.054172191068915306,0.2767558236362301,0.2767824693033639,1.000096278614064
TEGG.DE,2609.0,0.8873275088047764,0.08693740507914369,0.19455829092522126,0.025350587836793774,0.3284755140294,0.3285262519365296,1.0001544648077636
HOLN.S,2609.0,1.1353226577221491,0.03574697310071745,0.49024618952211796,0.1294499280228138,0.2647622836677916,0.26478816724780035,1.0000977615831461
GASI.MI,2609.0,1.016148218305491,0.037111364331167046,0.42597967541554616,0.07962251978285961,0.25421814619052613,0.254246132065287,1.0001100860626209
UU.L,2609.0,0.6106110804259165,0.05336383383135344,0.15708067488427613,0.014220216201286376,0.2515632681959804,0.25160393378913903,1.0001616515537035
ACPP.WA,2609.0,0.7142880794506963,0.08696408196385186,0.13530780153137578,0.14275504283906468,0.31707055300310577,0.3171231317724201,1.0001658267184268
MWDP.PA,2609.0,1.247978227485389,0.03260140753619011,0.5602818010125619,-0.02041790521838888,0.2722373302885101,0.2722602882212438,1.0000843305828389
A2.MI,2609.0,0.9265583945097505,0.04962607132692989,0.31573087258372046,0.06637587439189772,0.26925154046882366,0.2692868738843707,1.0001312282763009
ZELA.CO,2609.0,0.8853394467484139,0.22905710601196141,0.08363688849136264,0.11589682434742794,0.4998673924968922,0.4999552367228344,1.0001757350594591
REDE.MC,2609.0,0.49933024471736553,0.03701353280222139,0.1523035360063869,-0.015775536579835776,0.20891845510381737,0.208952418479634,1.0001625676190251
TEPRF.PA,2609.0,0.9266422393045064,0.11914378662273703,0.16123131744143926,-0.014433794764707542,0.37681772052647045,0.3768783337763375,1.0001608556247896
STMMI.MI,2609.0,1.5159624168888741,0.10267323109020829,0.3738257714657379,0.13075380050958385,0.40485335446341253,0.4049019723222904,1.0001200875782352
EQNR.OL,2609.0,0.9284686012729394,0.0930740701026274,0.19809849444461103,0.04991964334797584,0.3406203262464937,0.3406727088608408,1.0001537859320504
VLOF.PA,2609.0,1.631270388376273,0.126892977549383,0.3586992528895443,-0.12853736619423292,0.44473841426670263,0.4447931119152633,1.0001229883608116
ALKb.CO,2609.0,0.7860591016627417,0.11419106121557622,0.1261201368707956,0.16688426966005565,0.36141561350234214,0.3614761826170358,1.000167588539152
SECUb.ST,2609.0,1.0766109969987911,0.04773002078836788,0.3930969799618578,0.02140293153875432,0.2803837787808439,0.2804164131996633,1.0001163919644755
EMG.L,2609.0,1.095768295083684,0.06971912352809014,0.314761549948692,0.016270415215104854,0.3189127036546309,0.31895461329955743,1.0001314141595685
EXHO.PA,2609.0,0.9538876509092756,0.0643773300334261,0.27377193663355737,-0.026860554657487073,0.2976779655777172,0.2977194245418839,1.0001392745482058
SSABb.ST,2609.0,1.4261595106845346,0.1076413138489332,0.33509668018554595,0.14714051665412092,0.40227863367607103,0.40232993006014095,1.0001275145627326
AZN.L,2609.0,0.5478105231424529,0.05425125149033597,0.12856954906892926,0.09635190372015874,0.24946248072327065,0.2495041706041047,1.000167118841732
BKGH.L,2609.0,1.1340821884893697,0.07157258873614691,0.32399920737304755,-0.003685210792027467,0.32532428375594674,0.3253664596706242,1.0001296426881834
ICGIN.L,2609.0,1.772963171224117,0.08369909564499409,0.5004219901590264,0.10521564751332582,0.40923752365436106,0.40927673275947885,1.0000958101416695
AUTOA.L,2609.0,0.9912551584438395,0.06880145707628692,0.275842291506061,0.01752301376941861,0.30817610435474235,0.3082189030900897,1.0001388775273052
RMV.L,2609.0,1.0735568294767672,0.06948507270611502,0.30670998573801567,0.012949101811632464,0.3165228064399852,0.31656489073489313,1.0001329581756881
VZN.S,2609.0,0.664733216223331,0.055595067995805034,0.17490986323500812,0.11155424316706855,0.25952796247554677,0.25956902826417444,1.0001582326167706
PUIGb.MC,433.0,1.235526238063912,0.08514500178318733,0.2011278206336271,-0.23850913966933895,0.3260901590126613,0.354746045948235,1.0878771902296538
IETB.BR,2609.0,1.079225915142533,0.0816063669370475,0.27571692798296366,0.1968102064893751,0.3356020279295458,0.335648643577316,1.0001389015676032
IMCD.AS,2609.0,0.9671397932246969,0.051903376910747895,0.3246251605172017,0.0865659849273127,0.27716736349244697,0.27720326294423453,1.0001295226513511
SWEDa.ST,2609.0,1.0685580046038836,0.054640865139977006,0.3578862514392728,0.043746806319431966,0.2916550637594591,0.2916909794088685,1.0001231442682545
SCHN.PA,2609.0,1.2459239347265691,0.04185723015801069,0.49727548202598304,0.1525825459407818,0.28849409742473736,0.2885219121667447,1.0000964135566572
KPN.AS,2609.0,0.541240272976345,0.04035874823094435,0.1621957559567152,0.028268989364447595,0.21943923868786938,0.2194744961403525,1.0001606706835748
WBSV.VI,2609.0,1.3242798817546273,0.07681674504118693,0.3784638831579574,0.06369561541003664,0.35148879708071457,0.3515306938898125,1.0001191981350357
TEL2b.ST,2609.0,0.7241771072866053,0.053151588194237265,0.2083376411346407,0.07121621283221553,0.2590626758439188,0.2591020073747181,1.0001518224525057
WLSNc.AS,2609.0,0.5763055682563263,0.037514845216659654,0.19102563121618066,0.10862633439295433,0.21530341610919057,0.2153368187626709,1.0001551422364028
BP.L,2609.0,1.130071520893026,0.06818773572266401,0.33312357326766884,0.010066482154656898,0.3197033402112323,0.31974422801108865,1.0001278929392146
LLOY.L,2609.0,1.3724380389147661,0.06944523733583025,0.4197622707546387,0.020696280662974104,0.34588758403221814,0.34592607384049096,1.0001112783749684
ARDS.AS,2609.0,1.1935865925544566,0.09259178992703256,0.2909729404799052,0.07009180252496448,0.3613029910365682,0.36135211957162455,1.0001359759987467
SFSN.S,2609.0,0.8654696348925599,0.04211538755389178,0.3217442338912423,0.06439767510470007,0.2491382304874271,0.24917063717175592,1.000130075116394
CCH.L,2609.0,0.9997531585486493,0.052924284157925806,0.33498041784391797,0.09071523627202059,0.2820505828203935,0.2820865546655232,1.000127536857999
ESSITYb.ST,2229.0,0.5810352427714757,0.04740717321631211,0.16435927355086177,0.0010711598488179798,0.23813034783297732,0.23750413794722045,0.9973703062568233
MOWI.OL,2609.0,0.7800126102020658,0.07066047653704817,0.18676558196218984,0.05566961368273074,0.29471153040736786,0.2947574933671006,1.0001559591498481
SAN.MC,2609.0,1.5012595525790384,0.06690918665682392,0.473246640800685,0.09263642933077101,0.35633291485530244,0.356368912185474,1.0001010216252018
HLMA.L,2609.0,0.9543896803108379,0.044523621946202276,0.3530236481910001,0.12670786025129058,0.26228156231978816,0.26231410536576033,1.0001240767581385
SIEGn.DE,2609.0,1.2639348600444633,0.041453157198844445,0.5068763403633608,0.11191225008080294,0.2898795701668524,0.2899069847651302,1.0000945723710781
THULE.ST,2609.0,1.2259523731489534,0.09292621441797373,0.3013751261260913,0.06193090820388377,0.36463959264200335,0.3646884474991098,1.0001339812189687
KEMIRA.HE,2609.0,0.9082343356186114,0.05742871593092187,0.2769906223323495,0.06412277932275316,0.28177944528875803,0.2818185160708995,1.0001386573179654
HUH1V.HE,2609.0,0.8699097942471028,0.05076060644760512,0.2845016008703126,-0.0041301885405438474,0.26630283501286184,0.2663393762826014,1.000137216976071
DNP.WA,2270.0,0.8259451993871172,0.12312973369181628,0.13125406478803903,0.27699050742952963,0.37639110758266914,0.3759228095772029,0.9987558207512558
ABBN.S,2609.0,1.0096453262207075,0.030105389547374403,0.47454842393170094,0.14064897987072097,0.2393164203372125,0.23934053672665762,1.0001007719796708
AG1G.DE,1279.0,1.9803251651932137,0.2561499335423764,0.2398383671473946,-0.1347918594710535,0.5802620560412882,0.6005903761141477,1.0350329990755298
UNPI.MI,2609.0,1.2237429958987307,0.07581684996530287,0.34504751558780355,0.14865372659653836,0.3401689686787456,0.34021169605117274,1.0001256063202741
BAWG.VI,2135.0,1.2077594863172085,0.07297317620979507,0.36392390230870864,0.13806716685347625,0.33862990359036527,0.3344609776071673,0.9876888427779225
RS1R.L,2609.0,1.2558587685452571,0.0659365621333396,0.38949338586536364,0.08363243646906508,0.3285751275953364,0.3286135981642002,1.0001170830219115
BC8G.DE,2609.0,1.0638610939960675,0.0757029001342742,0.2850811458987955,0.11271174106099902,0.3253453511203388,0.3253899578678648,1.000137105839602
ENR1n.DE,1372.0,1.5534361122012428,0.23728472639044673,0.17652139413862333,0.3201769025995063,0.5365995301316531,0.5492028557840231,1.0234873959902235
RHMG.DE,2609.0,0.9978415047124466,0.11380818212428062,0.18919881992073084,0.3197726362621775,0.3745814609560625,0.37463970558207105,1.0001554925485632
AIRP.PA,2609.0,0.85593229481894,0.025857559840407603,0.43042450721253156,0.0888268138371017,0.2130270944783837,0.21305036421097698,1.0001092336758866
GETP.PA,2609.0,1.0034020182375276,0.04473182083663634,0.37512765231752276,0.03795926906881462,0.267503431365901,0.2675354884203673,1.0001198379187235
HEIO.AS,2609.0,0.7540931346628215,0.033867572599250134,0.30931468294017594,-0.005102074387406397,0.2213954266523987,0.2214247523991751,1.0001324586836315
ROR.L,2609.0,1.1857062137607446,0.05755751945879659,0.3944855190020302,0.046406149109285,0.30825170655355966,0.30828750249434583,1.000116125685682
FHZN.S,2609.0,0.829275763675001,0.042483262399508316,0.3015550843019572,0.07156145369147088,0.2465809786406319,0.24661400735126562,1.0001339467091737
DTEGn.DE,2609.0,0.7262897186924451,0.02929523247221065,0.32444342543135896,0.05616340354960321,0.2082017300433921,0.20822870413945913,1.0001295575020506
STAN.L,2609.0,1.2715919672017133,0.08114897622370898,0.3470264121975448,0.10396899086302679,0.35246048720932877,0.35250462471977734,1.000125226832653
RR.L,2609.0,1.486984914151068,0.1725409944142049,0.2547338385796565,0.16653092578780626,0.4810687752727394,0.48113753220796157,1.00014292537524
ADSGn.DE,2609.0,1.1456059823266644,0.07398550246046169,0.32117220008581215,0.06835365199336522,0.3300731714579165,0.33011614197209954,1.0001301848132438
MYCR.ST,2609.0,1.0755844395912355,0.12201272493265741,0.20184779954801446,0.15497516737716413,0.3909096824445849,0.39096951780058564,1.0001530669581438
SASY.PA,2609.0,0.5473876823745252,0.04339385893043184,0.15552583595540947,0.012808756919462858,0.22664058099465828,0.2266772853710449,1.0001619497100895
SIGNC.S,1893.0,0.589559046778606,0.08230177754189934,0.11569927010381631,0.01708709607336376,0.3049929595515706,0.30260345022519575,0.9921653623418452
FOUG.PA,2609.0,1.1623004151108234,0.03762790430367928,0.48916870192946627,0.07699144930514737,0.27135197594869304,0.2713785598176044,1.0000979682157036
UBSG.S,2609.0,1.2415831683654819,0.044124457309540246,0.4823503451375476,0.08364013048422915,0.2919029245464899,0.29193190343948183,1.000099275788473
STLAM.MI,2609.0,1.5457601916760038,0.09562216228931661,0.39992890484465493,0.04854908211924527,0.39911187358526434,0.3991578041029238,1.0001150818121416
RAND.AS,2609.0,1.249009542559759,0.05391938011728935,0.43556612802582284,-0.048176773536628775,0.309017185968089,0.3090506363568552,1.0001082476648067
NOD.OL,2609.0,1.3824290716883072,0.2102758256767887,0.19511281373780642,0.09583832532638198,0.5110270496393989,0.511105930993684,1.0001543584715147
MKS.L,2609.0,1.1448033857852944,0.11729844868431274,0.22958710600041077,-0.03430785164150539,0.3901225775146685,0.39018021718908796,1.0001477475997074
JMAT.L,2609.0,1.1166152317355464,0.07279649558874224,0.3135763347316841,-0.029867353718875334,0.3255935812124647,0.325636442821548,1.0001316414436787
ENT.L,2609.0,1.2900502422202234,0.13122474013951438,0.2527616099642519,0.043083886049982686,0.4189816422847238,0.4190416838529555,1.0001433035774654
ASRNL.AS,2493.0,1.054869150218993,0.044518991745188446,0.39894167027488137,0.11600195299676232,0.27209915599905227,0.2723724854128193,1.0010045213582652
PSPN.S,2609.0,0.49346677478658524,0.027617963919299618,0.1903936609799749,0.06920992421481521,0.18466117771769133,0.18468984884442494,1.000155263424007
BMEB.L,2609.0,0.8452143154901917,0.09121710619374501,0.17279295488402868,-0.026037973931375254,0.3320073933708775,0.33206006254471687,1.0001586385571257
UTG.L,2609.0,1.0550959505234656,0.05833104108722808,0.33732018818637133,-0.024714740938034867,0.29662975687720733,0.29666745500942127,1.0001270881674542
SABE.MC,2609.0,1.4890981336069191,0.1308704803200688,0.31125572742923746,0.08191615861691406,0.43582141864786217,0.4358789847550933,1.0001320864573606
IFXGn.DE,2609.0,1.5330539389616071,0.07896929929018609,0.4425241937776164,0.1066037735988675,0.3762988162611186,0.37633904761374076,1.0001069133116651
CAGR.PA,2609.0,1.3541276361955326,0.05171539882870821,0.4860463514696659,0.053550689950578635,0.317149977182633,0.31718123770336,1.0000985669966136
TELIA.ST,2609.0,0.7221556119362104,0.04187224870487877,0.24935768094581634,-0.013320597675931977,0.23613661966793598,0.23617061302855963,1.0001439563277879
PRTP.PA,2609.0,1.2491003289876936,0.07123332182799323,0.3687688770927541,0.07670878347301605,0.33586451268241824,0.33590517154350236,1.0001210573298125
RECI.MI,2609.0,0.7958519890255235,0.05774731729202482,0.2263303391144985,0.07503817410054965,0.273152289813422,0.2731928179996281,1.0001483721268958
BATS.L,2609.0,0.61775666510953,0.05041579114810022,0.16797964307510171,0.0013825063946854188,0.24611214145990104,0.246151411497559,1.000159561561754
SDFGn.DE,2609.0,1.1298350704481233,0.12385522907342195,0.21562297313021583,-0.05471691739801712,0.39729350278792464,0.39735326582204394,1.0001504254001135
ANA.MC,2609.0,0.9567156345217555,0.06326075362845054,0.27845231260126035,0.08992805268001818,0.296040673248945,0.2960816384742997,1.0001383770172696
ASSAb.ST,2609.0,1.0877780518078197,0.04071153347668536,0.4366853244927694,0.059312165373324274,0.26878183824974455,0.26881087556770844,1.0001080330358367
ITRK.L,2609.0,0.8737599156555361,0.04485779049662591,0.312214852106257,0.039945485739821374,0.25533436196537407,0.2553680412136723,1.0001319025298396
NIBEb.ST,2609.0,1.332132233264959,0.09336606812849232,0.33640534741800865,0.06326985790212687,0.37502465326894247,0.3750723802577831,1.0001272636036715
HBANC.S,2609.0,0.9139325199541587,0.030498099308739594,0.42212653300137803,0.08129668508735424,0.2296871674681607,0.22971262254397404,1.0001108249803152
FRO.OL,2609.0,0.9353742443390507,0.2336877389646636,0.09079294326389797,0.04040232020414162,0.5068778184873439,0.5069661991384407,1.0001743628303967
SCOR.PA,2609.0,1.145134764112722,0.08943683175788134,0.2811273794761221,-0.01030286128194878,0.3526541131912935,0.35270273150976367,1.0001378640334866
BALF.L,2609.0,0.9576589009975233,0.06576381686043128,0.27111252620303483,0.08410475729816727,0.3003170465710789,0.3003590262479589,1.0001397845289148
JMT.LS,2609.0,0.6072141192704749,0.060265072137256494,0.14028936525556324,0.05799675560764646,0.26471186809380104,0.26475551152481924,1.0001648714556415
SUN.S,2609.0,1.114440162109743,0.06076014174142737,0.3528310581832924,0.11980998588851925,0.306349571874412,0.3063875940504061,1.0001241136906491
KCRA.HE,2609.0,1.2927503610688484,0.0876783455501173,0.3370385995098256,0.14597000884727673,0.3635957293730971,0.36364195772198965,1.0001271421668574
UNI.MC,2218.0,1.1010782793570348,0.10064715906227664,0.2502981933228019,0.10156339943479131,0.3663182139971057,0.36465201974883094,0.995451511323737
KOG.OL,2609.0,0.8291855730195686,0.10267243624919671,0.151542399830648,0.22188380037217645,0.34779920386596325,0.34785579551766965,1.0001627135746067
ALLN.S,2609.0,0.41946712677261233,0.022340263320356477,0.17360084945198728,0.06286129294961426,0.16438641900133696,0.16441247155848535,1.0001584836345159
ELI.BR,2609.0,0.6059805334844076,0.05968471828252308,0.14096727807790355,0.1050784260714219,0.26353811948826505,0.263581535142641,1.000164741459263
HNRGn.DE,2609.0,0.947598471879537,0.03910558043816439,0.3798223340335397,0.09662814884691691,0.25106029174226124,0.25109015225758297,1.0001189376269521
CNA.L,2609.0,0.9696157178594251,0.09907579325909867,0.20197686486720423,-0.033667409756679686,0.3522838712701617,0.35233778557177725,1.0001530422083225
DSV.CO,2609.0,0.9841415954083006,0.0608446414581885,0.2980328026500152,0.17944580660219003,0.2943536877066921,0.29439331423639353,1.0001346221615572
DB1Gn.DE,2609.0,0.757625616475842,0.03903707335339386,0.28170255254800614,0.1050253115134802,0.23307902132532637,0.23311112883117538,1.0001377537354774
BVI.PA,2609.0,0.9348250599979745,0.03062880402475429,0.4321410581088966,0.045103682947480836,0.23219962132735528,0.23222490890920708,1.0001089044922091
EQTAB.ST,1636.0,1.724439366462348,0.14377257475228064,0.4052229854281727,0.2231912680923781,0.4915051632599567,0.4722883000774248,0.9609020115779168
IG.MI,2387.0,0.706697072487311,0.045988177285013136,0.22130752149551924,0.10529270040484948,0.24296800099534735,0.24352327206719757,1.0022853670836303
TTEF.PA,2609.0,1.069438383847961,0.047257238824290136,0.3922827248219146,0.03615128643736911,0.2788047075817488,0.27883720174441495,1.0001165481133658
MBGn.DE,2609.0,1.4043328048495953,0.05176756101074874,0.5039930506699499,-0.00021555407001568324,0.32299938352562146,0.3230301089416572,1.0000951253086008
FBK.MI,2609.0,1.1883604598246595,0.07211172057114534,0.3431121859894938,0.1105894515415987,0.33126385254999335,0.3313055843264179,1.000125977453028
SAGAb.ST,2609.0,1.213989624512644,0.08776508237783123,0.30933548266825917,0.1569281204889566,0.35640520017215677,0.35645240771422493,1.0001324546949522
MTXGn.DE,2609.0,1.257320541478461,0.07389399968744322,0.3633035730312658,0.1398927699590148,0.3406082029071726,0.3406497930081432,1.0001221054003269
ALSYDB.CO,2609.0,0.946543184830489,0.07142965743627265,0.25068187967311095,0.09845311929109156,0.30869023274908775,0.3087345922746847,1.0001437023944746
SBNOR.OL,2609.0,0.7203500865494815,0.058331267994097755,0.19176804270208148,0.15452727659845406,0.2685959262149336,0.26863755854868493,1.0001549998703927
SOGN.PA,2609.0,1.6545827380629659,0.08012279051104174,0.4768039113447975,0.05362436680633525,0.39125735169076165,0.3912966102344169,1.000100339440232
ACLN.S,847.0,0.9156705038882618,0.05988600131067125,0.19118482034522566,0.43002273236802546,0.27194506621181364,0.2867761677433443,1.0545371230231437
DBKGn.DE,2609.0,1.5515911706530816,0.0995904658676495,0.39200480548131245,0.05555989409916684,0.40464625995333664,0.4046934422776662,1.0001166014096732
NWG.L,2609.0,1.366837831881667,0.08740713420375838,0.3630928163786342,0.07329490054942928,0.37038389041862335,0.37042913126140736,1.00012214581669
SAND.ST,2609.0,1.3715594207429436,0.0491315779194945,0.5052514000905646,0.13168050238010728,0.3150683591893076,0.3150982541326705,1.0000948839910166
NDXG.DE,2609.0,1.3256487398952337,0.19722261050433573,0.19202313594421994,0.009069053931924649,0.4939643550572803,0.4940408953049931,1.000154950953301
INWT.MI,2609.0,0.6527611195915927,0.05450759161621527,0.17252789876975916,0.05908739239331071,0.2566070232393317,0.2566477440499147,1.0001586893845262
SRENH.S,2609.0,0.9366879520574557,0.03628429126179607,0.39207855935960345,0.05121790955479005,0.24425997816561035,0.24428845576864996,1.0001165872659676
RILBA.CO,2609.0,0.7980138243378669,0.03905887558298381,0.3030708329152856,0.16515685181437975,0.23669128649343024,0.23672292171363254,1.0001336560406213
JYSK.CO,2609.0,0.9601993955408323,0.06430313824234819,0.27663290905265325,0.10658383495213218,0.2980941360585364,0.298135489440245,1.0001387259147576
LOTB.BR,2609.0,0.5206747361939494,0.06103609710432238,0.10591979787643468,0.1523387500941024,0.26122928429193054,0.26127407522205615,1.0001714621323832
AALB.AS,2609.0,1.3925207447462802,0.05017590898298484,0.5075763684710618,-0.004685979654857796,0.3191500399759288,0.31918017990711983,1.0000944381244423
NOKIA.HE,2609.0,0.9804196558986146,0.09459963095653286,0.21322554643732383,-0.006989651601979329,0.34668601114862924,0.34673832091474693,1.0001508851365084
KBCA.BR,2609.0,1.2681480663077802,0.04963848777952943,0.46355484322653207,0.06852707409748869,0.30413284804939467,0.3041641373093289,1.000102880238471
BNRGn.DE,2609.0,1.0744483908999498,0.043021941016234425,0.41715004536361355,0.009896345725196562,0.2716335057864084,0.271663868795323,1.0001117793212833
AMA.MC,2609.0,1.1984804796032,0.05482384247843925,0.41134582638434003,0.04935918629024509,0.305120469359833,0.30515491514042176,1.0001128923951286
BZU.MI,2609.0,1.2672124766358388,0.06427460237850102,0.3998923266662645,0.12128856043474744,0.3272064314410257,0.3272440892453129,1.000115088826712
BEZG.L,2609.0,0.931419066887669,0.08229397745998433,0.21946646591196972,0.07077704454172658,0.3246421945582601,0.32469078971663684,1.0001496883621146
AAL.L,2609.0,1.624956610911616,0.14782350490710083,0.3226882046924189,0.22092963135786436,0.4670830960256439,0.4671437673614619,1.0001298940945074
BOLL.PA,2609.0,0.9895361412675426,0.04113311033110452,0.38835319998431217,0.0179403876620714,0.25927589572995924,0.25930630922657044,1.000117301674055
AVANZ.ST,2609.0,1.168303470754615,0.10670775043528109,0.2543819059623088,0.14317104751637774,0.37823044611220236,0.37828453036664794,1.0001429928632175
RTO.L,2609.0,0.8779012648037723,0.07114733878775722,0.22416045932479522,0.09041946935776275,0.302768087378905,0.3028131357064857,1.0001487882292044
ABVX.PA,2609.0,0.9512462910984791,0.7626116330370851,0.030676491110367854,0.2141755479329288,0.8868171067320395,0.8869819576680046,1.0001858905683185
BYG.L,2609.0,0.9318563272192196,0.06603462637609324,0.25966299345762744,0.015829553870017218,0.2985986605398242,0.29864105561966536,1.0001419801407163
NSISb.CO,2609.0,0.5882096365670503,0.06270056025462777,0.12829681906561796,0.027557703991726922,0.2681440208507208,0.2681888467924352,1.000167171140241
ANTO.L,2609.0,1.429630971443282,0.1122462006129968,0.32689763172804476,0.17842766666624615,0.40828364898188807,0.4083363530391546,1.0001290868674215
MBK.WA,2609.0,1.3055048672109073,0.1458702400391269,0.23759213906378174,0.12599526977713962,0.43732709783131385,0.43739104053245687,1.000146212529386
RXL.PA,2609.0,1.5798091870599613,0.07980853590576109,0.45477129693076257,0.11732392329480382,0.38251814278627466,0.38255814067033,1.000104564671793
ASML.AS,2609.0,1.23329879196135,0.07713169099962228,0.3446776630991989,0.24038829752443971,0.34300911641860843,0.34305222485966613,1.000125677245864
BOL.ST,2609.0,1.3442293494739015,0.09256104450625977,0.3424004964788737,0.12777330042871765,0.3751026282189143,0.37514993388615164,1.0001261139317044
CPG.L,2609.0,0.8890868153700844,0.05277227580048671,0.28546855249537195,0.05797526023792198,0.2717120881416097,0.2717493212698097,1.0001370315485583
DSFIR.AS,706.0,0.8948707772500596,0.05399543084662134,0.16854540648364535,-0.16175087764137866,0.2546542965493041,0.2744921733393749,1.0779012059049629
HSBA.L,2609.0,0.9527390554901856,0.04565891856885352,0.34650994723126793,0.06860906317879605,0.26427740999468824,0.264310530792008,1.0001253258737492
BPTB.L,1160.0,1.8619205631627989,0.14078404123567256,0.34494224152038455,-0.10375861162037621,0.463393009647945,0.48292177899865935,1.0421429951339813
BNZL.L,2609.0,0.7717980188429149,0.04654677718731078,0.2544702819967144,-2.3531198619091086e-05,0.249821062131097,0.24985678052626215,1.0001429759158833
REY.MI,2609.0,0.9770959504608404,0.08490651641541572,0.23071469190749727,0.13227038385692236,0.33215708026601076,0.3322060838552603,1.0001475313704296
VOWG_p.DE,2609.0,1.3971824085748685,0.06202326071871349,0.45636563539400987,-0.017349834241635737,0.33770739311783454,0.33774260212707224,1.0001042589234208
LOIM.PA,2609.0,1.2147363578132842,0.09520474696305677,0.29248115002476605,-0.002755557466344844,0.3667558215018793,0.3668055854170674,1.000135686776516
DEMANT.CO,2609.0,0.9403219813513989,0.09114449093139913,0.20555987067696135,0.054936171017364956,0.3386502083582194,0.3387018034526339,1.0001523551237859
PSN.L,2609.0,1.393154155164503,0.10419483613982589,0.3319208226027224,-0.04799827141375703,0.39484428109432484,0.3948948699598622,1.000128123586841
EMSN.S,2609.0,0.7216956125878741,0.03366570496710831,0.2921072282911633,0.04322424034137354,0.21803531404977838,0.21806491419297755,1.0001357584817312
GFCP.PA,2609.0,1.01023877012156,0.04521520281871919,0.37579188587255274,-0.021808531256262895,0.26908795538369407,0.26912016804807126,1.0001197105397426
UCB.BR,2609.0,0.5959734928746298,0.07168631968916732,0.11672596580348671,0.10909432400127887,0.2848309199795619,0.28487916747662323,1.0001693899562056
NESTE.HE,2609.0,1.0307190955900896,0.11001186415997093,0.20481573074315795,0.07937579661381801,0.3718798045077579,0.37193651536785116,1.0001524978216236
SDZ.S,585.0,0.6588464756917346,0.07924721771052301,0.06995814138945577,0.4358082509003194,0.2916544571870867,0.30136438680355343,1.0332925809196125
KBX.DE,1883.0,0.8348008495982633,0.06822991626703619,0.2404379306271508,0.022514984462780337,0.2996335038574104,0.29463579993126787,0.9833206104731171
METSO.HE,2609.0,1.5106307262368008,0.14508745842526907,0.2955310036117367,0.15060428718004804,0.453733365247687,0.4537946654966013,1.0001351019202231
AIR.PA,2609.0,1.4462306932916795,0.06949858749229064,0.44527670977575506,0.12101877239932578,0.3538885496476146,0.3539261982434934,1.0001063854592533
MRCG.DE,2609.0,0.8153342665738808,0.05129666088238075,0.25686477463767454,0.03768877959327471,0.26268020475286347,0.26271764107891293,1.0001425167384983
CRDI.MI,2609.0,1.516492174142035,0.11946027024481724,0.33926475087626584,0.10528917301397332,0.4251231258250266,0.4251769954143647,1.0001267152645097
LEGD.PA,2609.0,1.0443486756408649,0.03480673580424191,0.45526680981285916,0.09343637408956139,0.2527297989034079,0.25275620149619715,1.0001044696466495
G1AG.DE,2609.0,1.1048780320637437,0.06252778476056081,0.3424197494067872,0.04941576140285516,0.3083037894086418,0.3083426696734014,1.000126110239625
WISEa.L,1170.0,1.329631372675127,0.1414583291544945,0.21194828017077538,-0.0031925085634384913,0.42349771094523364,0.43427419048496835,1.025446370219291
NHY.OL,2609.0,1.2763909439287258,0.10558916348758364,0.2915493565233599,0.07007090878097642,0.3859860394317678,0.3860384816034066,1.0001358654621706
SPSN.S,2609.0,0.48527604527587903,0.02511276302570004,0.20007281190285287,0.06798571461240188,0.17714901518715254,0.17717619114515648,1.0001534073332286
TPE.WA,2609.0,0.8608035279897441,0.16399269185214221,0.10755253502057549,0.11448174311096904,0.42858566326403036,0.4286590152893645,1.000171149041187
SHCS.L,2609.0,1.2114350338322522,0.08237569199853298,0.32211533486628263,-0.11669487913289915,0.34852854659132465,0.3485738566796612,1.0001300039516983
RUBF.PA,2609.0,0.9351913192842269,0.06245235068464675,0.2719402877983058,0.002289346054727628,0.29282463935426073,0.292865525226914,1.0001396257935924
NESN.S,2609.0,0.41019002518890957,0.025683446608938294,0.14874167499659585,0.02725979847430557,0.1736651548254389,0.17369350577342563,1.0001632506418183
PNDORA.CO,2609.0,1.1368595014518894,0.13623698454706953,0.20193486798807514,-0.012891544710054818,0.4130903644690476,0.41315358805744656,1.000153050261727
IVG.MI,1042.0,1.5461739911275294,0.13300738691336011,0.2872115618418748,0.15801980638964663,0.43176641957136724,0.44356091945169474,1.0273168531541577
GLEN.L,2609.0,1.4731407213119345,0.11308387505254855,0.3385584557935777,0.13998727902402294,0.413400815169835,0.41345325535618,1.0001268507086118
GBFG.DE,2609.0,1.322264720802505,0.10034727013886409,0.31727281612852287,0.09473239941959988,0.38330625430721604,0.3833564415854237,1.0001309325836552
CONG.DE,2609.0,1.3884828408192382,0.07277246357349497,0.41403666836804265,-0.07079337537530503,0.35234250766081643,0.35238210263391095,1.0001123763730848
BUCN.S,2609.0,0.9577731482345183,0.04009600755948572,0.37896259770775276,0.06907285884250562,0.2540436883034852,0.25407394554118634,1.0001191024973035
SOPR.PA,2609.0,1.23791286210835,0.08806972742667439,0.31698471958706786,0.04174834612646953,0.35901685507071385,0.35906388190979444,1.0001309878308398
SPMI.MI,2609.0,1.2941556594369263,0.3366441039066409,0.11715025164998438,-0.2126863386613707,0.6173889177174129,0.6174934469680333,1.0001693085956367
ZALG.DE,2609.0,1.2798550426820965,0.14390953530623923,0.23288720661192208,-0.02761400980983244,0.43304386935198846,0.43310757649790177,1.0001471147623187
HIAB.HE,2609.0,1.2866487295150297,0.10346345201705423,0.29911307326353176,0.09476622963075337,0.384137074479737,0.3841887082657114,1.0001344150028848
SKAb.ST,2609.0,1.1751455328513087,0.05230945641109854,0.4131929109849527,0.03271413914034665,0.298510182282319,0.29854377607501625,1.0001125381802403
AYV.PA,2228.0,1.1363324058043478,0.0964822612129343,0.26995227352008466,-0.009104194597570376,0.36345494472658296,0.3618137894260637,0.9954845701665886
ZURN.S,2609.0,0.8508257548319286,0.025032461036762627,0.43544786735171637,0.10363590322387577,0.2105312021457361,0.21055399643135697,1.0001082703437236
MUVGn.DE,2609.0,1.0313471618872985,0.03938929819558465,0.4186906317736613,0.11496272489466114,0.2602568581070859,0.2602858725522428,1.000111483883145
SRG.MI,2609.0,0.7443354045065392,0.0406868366386471,0.2664283235727082,0.041153926654258474,0.23546285595782226,0.23549598152990603,1.0001406827924049
ABI.BR,2609.0,1.0554359753085119,0.05044156794867619,0.3706810728965606,-0.0635453202473521,0.2830581176225893,0.2830922800855728,1.000120690631558
LVMH.PA,2609.0,1.1704717292728302,0.04752607744803763,0.4346624520105571,0.15159585946542514,0.28988703501567853,0.28991846484725103,1.0001084209632582
WDPP.BR,2609.0,0.8612096374426654,0.050713767814543606,0.280613507636416,0.06966728093925197,0.26545965249759135,0.26549627599509,1.0001379625760605
PSHG_p.DE,2609.0,1.385674585834115,0.06104458515833451,0.4562078191038804,-0.014396898053580045,0.33498380869776684,0.33501874388718966,1.0001042891880614
COLOb.CO,2609.0,0.5279257015428772,0.057454163307911484,0.11456108572133405,0.005431002452868431,0.25468195317259446,0.25472519946483724,1.0001698050910324
AGES.BR,2609.0,1.0867819689955154,0.04354773828482487,0.4197489332244444,0.0396747383104708,0.27389969609115583,0.2739301759048048,1.0001112809327062
HOLMb.ST,2609.0,0.8993341222491753,0.049271707578080255,0.30450427953516945,0.08785380049225122,0.2661143522556369,0.26614984689521987,1.0001333811546882
JD.L,2609.0,1.4488205470437832,0.13712422525627188,0.2899192982925808,0.05896336748346262,0.43935943858836257,0.43941926970026157,1.0001361780506894
CAMX.ST,2609.0,0.8847093350741142,0.17222170915165066,0.10811292202604506,0.20479020735545633,0.4393450459292001,0.439420192200989,1.0001710415822032
GMAB.CO,2609.0,0.8104179478385038,0.10017232765810466,0.14884475173790324,0.08384883363143586,0.34299375602066595,0.3430497431918618,1.0001632308758195
SPIE.PA,2609.0,1.1439659934498163,0.06472652784259024,0.35033723786002136,0.1103002018135411,0.31558321062603334,0.3156225297455216,1.0001245919242987
GTT.PA,2609.0,0.783270836800062,0.09871619519239014,0.14219336052591292,0.14172685839819427,0.33916905735754044,0.33922485281983705,1.0001645063459836
ANDR.VI,2609.0,0.9580755319061124,0.060208722566069316,0.2890786656016934,0.04534582540284668,0.29096158567005875,0.29100125515582065,1.000136339254787
VIE.PA,2609.0,1.0402622919950135,0.04349856787988688,0.39887121018216287,0.040539409405999996,0.26894931183098036,0.2689803175570377,1.000115284645446
CFR.S,2609.0,1.1535234223865836,0.06031960651579733,0.370422813640057,0.10598442883046931,0.3094720849296741,0.30950945063794,1.0001207401574665
SPX.L,2609.0,0.9715163322912189,0.0499558703002342,0.3350743470866233,0.061270391994530174,0.2740459842800759,0.2740809303076001,1.0001275188454812
EXPN.L,2609.0,1.0066097400272376,0.04211991121092938,0.3908518370403319,0.09010957106457285,0.2629050789600563,0.26293579219211866,1.0001168225132198
ISS.CO,2609.0,0.9967490793070116,0.08044555787131275,0.24778113955359238,-0.005794040640989931,0.32696076946863767,0.32700793638823417,1.0001442586511928
ELIS.PA,2609.0,1.3045701262378528,0.08224406226218609,0.35564141709514385,0.057114952649944595,0.35719485093597225,0.3572389912021342,1.0001235747549169
ESLX.PA,2609.0,0.9006418108788998,0.0434531289725139,0.33239636008617046,0.08972867490831858,0.2550750035727115,0.25510766143620967,1.0001280323945534
SCYR.MC,2609.0,1.2756916397929479,0.08249480106005927,0.3447614449307509,0.11375086741330237,0.35475644145487534,0.35480102056765656,1.0001256611792542
CRDA.L,2609.0,0.8627435907685838,0.04865601025326365,0.2897827902270512,-0.02113270963061305,0.26169135343581407,0.26172699690463225,1.0001362042281878
KGX.DE,2609.0,1.4811661108188743,0.11087058952463354,0.3454516744207634,0.04611766368607653,0.41148503219623295,0.4115366854250628,1.0001255288158457
HEIG.DE,2609.0,1.2953851921757975,0.05096356250307174,0.46757479574641336,0.11182491864254487,0.3093266287675063,0.3093582139009108,1.0001021093254414
FMEG.DE,2609.0,0.7360766194773041,0.071236970068482,0.16864760184950922,-0.05498295566447079,0.29266909507577055,0.29271575632617913,1.0001594334734814
CDR.WA,2609.0,0.9583029402621712,0.168375718858641,0.12699773053584396,0.23889920374595608,0.4390851679742383,0.4391586797239225,1.000167420252484
KYGa.I,2609.0,0.5552729837062629,0.045174176649198025,0.15400806780864484,0.009484701441495077,0.23103550918103177,0.2310729925570935,1.0001622407576851
INGP.WA,2609.0,0.9399637788781803,0.0977341555435909,0.19427507308656922,0.11168538060241355,0.34821422178349926,0.3482680275379589,1.0001545191180994
AXFO.ST,2609.0,0.47038631418468696,0.051784580880818686,0.10230399447828231,0.0582214598553029,0.2401332554187549,0.2401745956777282,1.000172155493004
TBCG.L,2450.0,0.9093601178576111,0.13261800173990487,0.1384454260737249,0.13876162124902108,0.39225741127242164,0.3932753709509222,1.0025951317916428
TSCO.L,2609.0,0.6585902740656371,0.05542108807908675,0.17269364202804283,0.09545506952866684,0.258774253889187,0.25881531039162586,1.0001586576014492
HEXAb.ST,2609.0,1.2261500501834008,0.059095570549685617,0.4042504114521307,0.07753246408857445,0.3148924961026594,0.31492847354010284,1.000114253079666
KESKOB.HE,2609.0,0.656449096659251,0.05689071717777163,0.1680737655814416,0.09107016202751465,0.26145383501912506,0.26149554828238675,1.000159543512753
MRON.L,2609.0,1.5931545140374188,0.13296803063251214,0.33736361845933605,0.14708701125029303,0.44787075195739307,0.447927667300428,1.0001270798389628
PHP.L,2609.0,0.6970536173560982,0.03919582051980795,0.24847833330143831,-0.018376979789074613,0.2283315102514963,0.22836441852008021,1.000144124954754
BNPP.PA,2609.0,1.4469003060731531,0.054983193325965976,0.5038577129445683,0.0495005742085133,0.33283468604889704,0.3328663556895563,1.000095151262734
DNB.OL,2609.0,1.1432064966250475,0.05484155728972651,0.3886091012098859,0.07805314518984693,0.29944159443598456,0.29947670474153226,1.0001172526001734
HOCM.L,2609.0,0.9210463976596557,0.3033579174878581,0.06940976624217587,0.22052030509402787,0.5708409812229449,0.5709428553397181,1.0001784632150181
ELISA.HE,2609.0,0.47970890338306793,0.04131714482143215,0.12933880738500314,0.015230351222216727,0.21779970118010628,0.2178360674857328,1.000166971329297
IDR.MC,2609.0,1.040082038182477,0.08836329918842828,0.24615118702649896,0.17375604682210952,0.34230288201728454,0.3423523691614582,1.0001445712168184
DANO.PA,2609.0,0.5901639634521539,0.03277290755030634,0.22085336065738648,0.027585333798389847,0.20505228235056056,0.20508292175625284,1.0001494224075005
AV.L,2609.0,1.2612389661215275,0.04735553429961369,0.47255686221023285,0.019100159593696556,0.2995810022404517,0.29961130602880715,1.000101153905384
SGOB.PA,2609.0,1.4143253514675307,0.04178676834791966,0.5607821931114491,0.08273962384530775,0.30838705902121133,0.3084130358879595,1.0000842346200602
CPRI.MI,2609.0,0.838645559842541,0.06337504570290134,0.2283955958999595,0.03879302858472582,0.28653555267822234,0.28657795308816025,1.0001479760872312
ENGIE.PA,2609.0,0.9201573084888486,0.04249714911318881,0.34700129320751405,0.04442582069554883,0.25505888676496163,0.2550908282101103,1.0001252316496547
NXT.L,2609.0,1.2024281758848037,0.07905803775245002,0.32785897193863267,0.05951792634752892,0.3428937225968199,0.3429379224598633,1.0001289025144837
FLS.CO,2609.0,1.2471781905074428,0.08913628053390045,0.3176077056740316,0.06692414971416705,0.3613490514266792,0.3613963405855654,1.0001308683631505
TEL.OL,2609.0,0.6955835412812288,0.04551015424380531,0.2209167174821114,-0.011306585761867077,0.24164562301410697,0.24168172734899238,1.0001494102580262
SCMN.S,2609.0,0.39126573525060004,0.025889447250355944,0.13623016900137097,0.034983788151136994,0.173092836758519,0.1731215095602123,1.0001656498456566
ZAB.WA,314.0,0.741127260674158,0.09782593063066523,0.07768521842781173,0.13039626942599958,0.325156573120216,0.3353660580562407,1.0313986730701892
ALCC.S,1756.0,0.8023111400690248,0.05255115817404037,0.2796730033720386,0.04563267845400014,0.270024104334279,0.2640329136362693,0.9778123856283851
GIVN.S,2609.0,0.5373441161077629,0.038585871870497626,0.16637939074002772,0.07468168436466532,0.21510309511375975,0.21513748330727617,1.0001598684272686
UMI.BR,2609.0,1.0387617646730232,0.10207371196927723,0.21993849864931692,-6.712626670094566e-05,0.3616673083416005,0.3617214129911278,1.0001495978438733
TCFP.PA,2609.0,0.7762913581105184,0.06106394399348445,0.20837232195453326,0.12343523782008889,0.2776825970503607,0.2777247536565431,1.000151815802035
SBRY.L,2609.0,0.639316028784224,0.06916555635750447,0.13615444478814798,0.01925216281725244,0.2829069443132572,0.2829538119129649,1.0001656643664987
DKSH.S,2609.0,0.618641753353857,0.045059870441436625,0.18469773697208958,0.012451601604964498,0.2350457308609653,0.2350824815966726,1.0001563556826694
OREP.PA,2609.0,0.8488135850300776,0.03727291784422979,0.34018121922197164,0.09033022003308343,0.23762989800973602,0.23765996758203645,1.0001265395160805
ITX.MC,2609.0,1.0074554387345773,0.046907542651679124,0.36593139358297877,0.06294644381253818,0.2719380240163873,0.2719710920794572,1.0001216014685315
BBVA.MC,2609.0,1.4499775449955403,0.07099647484648676,0.4412914393214169,0.1184270892590625,0.35640390341634054,0.35644209199407867,1.0001071497179803
SGRO.L,2609.0,0.9264397579116386,0.05108654905642015,0.3094435315422278,0.04497321357707071,0.27193831771727056,0.27197433158960244,1.0001324339748594
BFT.WA,2609.0,0.7134668284181384,0.154230929830445,0.08090766172222308,0.20892165006336497,0.40956504843063035,0.4096372377146068,1.0001762584093858
SHBa.ST,2609.0,1.0209938052624201,0.05205245783981733,0.34817124333474747,0.012523213349040146,0.2825339130658548,0.28256923186506544,1.000125007291434
WALLb.ST,2609.0,1.0026688993020658,0.07210912416332262,0.27106255929534195,0.01055194259050303,0.31446093656914653,0.3145048963561539,1.0001397941107948
NG.L,2609.0,0.5677506559458151,0.041385935591491486,0.1720061685783688,0.017472408522847423,0.22352677907897903,0.2235622727692596,1.0001587894319723
R3NK.DE,495.0,1.099544833529895,0.35215569218815906,0.043773864941173524,0.5551041338093868,0.6062434184188016,0.6199916594231446,1.022677757129638
PLUSP.L,2609.0,0.582132254640406,0.16117695924648134,0.05310050626503904,0.21845786578456947,0.412492692237465,0.41256759704394885,1.0001815906266789
TOM.OL,2609.0,1.1404373240806798,0.12768109575736566,0.21364367390050265,0.0882146564496628,0.4028750107788367,0.4029357663268611,1.0001508049553804
DLG.MI,2609.0,0.9239504164824088,0.09669588533847058,0.19059433417487603,0.03412049105943043,0.34557124611944307,0.3456248873962868,1.0001552249426018
IHG.L,2609.0,1.2732967541082403,0.052092766140954684,0.45358510423774,0.12185813617414976,0.30870535749831074,0.30873770739627177,1.0001047921494566
AMUN.PA,2609.0,1.2369245579734098,0.0475774891345006,0.4617021859375088,0.05766950877116497,0.29723926129483547,0.2972699469461636,1.0001032355254633
ALSO.PA,2609.0,1.0985507913454597,0.11108087914374547,0.22466875119299035,0.02284695034429935,0.3784362516165198,0.37849252158952457,1.0001486907577284
LOOMIS.ST,2609.0,1.1538253173451296,0.08456594590838655,0.29572176677684114,0.029183276739953256,0.34645141904808285,0.34649821262625086,1.0001350653384435
CVC.AS,438.0,1.4191664714184382,0.07210636743414552,0.2813615754183608,-0.02396877456688979,0.31639828259379393,0.3546884909943358,1.1210190146629226
EMII.MI,2609.0,1.3994916270607385,0.14887941799154558,0.25974256888041536,0.09329961285282316,0.44837631702142877,0.44843997071192104,1.0001419648810068
EXOR.AS,883.0,1.0627141274381684,0.03331019643276809,0.3814721365931928,0.06409786334532236,0.23193304206062063,0.251835045497354,1.085809263138676
GSK.L,2609.0,0.5434260376640168,0.04037376816874658,0.16324325083819335,0.0185142668489316,0.2196174034320897,0.219652645396275,1.0001604698153905
LONN.S,2609.0,0.7936205268961016,0.06532550429781461,0.20455405557400963,0.14461606405388758,0.2865185678034416,0.2865622756382091,1.000152548000999
PUBP.PA,2609.0,1.056168093115349,0.05771612964477046,0.3401489876092705,0.05093098451910315,0.2956939089509589,0.2957313277427782,1.0001265456970423
VOLVb.ST,2609.0,1.2808618334127333,0.05118424921961639,0.4608915698555739,0.12337270192270508,0.30806817031698436,0.30810002178657064,1.0001033909785406
REL.L,2609.0,0.735426806525843,0.03134102187832384,0.3151988624695362,0.08004111488134763,0.21389028630839882,0.21391837658340376,1.0001313302978352
CVO.PA,2609.0,1.1067674207307983,0.06439636867436498,0.3365830941762754,-0.02702654737313279,0.31149719761518974,0.31153682925341386,1.0001272295177213
INDUc.ST,2609.0,1.1420517133907828,0.029319230417605983,0.542651290300249,0.09307911376149146,0.25314495479029187,0.2531671585573096,1.00008771167111
ABDN.L,2609.0,1.5453636599807417,0.0708605439944194,0.47337928886214264,-0.07038997345906005,0.3667498927313929,0.3667869330721499,1.000100996187023
LTMC.MI,695.0,0.7649736839246271,0.0555473851234102,0.12614546729375808,0.3868786188713835,0.25194115741993106,0.266738459158187,1.0587331656716654
SOBIV.ST,2609.0,0.8207946040858446,0.1115169320867452,0.1387716903838594,0.08344369057764307,0.3597725132707934,0.3598319341929402,1.0001651624845005
CABK.MC,2609.0,1.2058920509072983,0.08509001442521769,0.31310154764813536,0.12383639356852835,0.35189229021237056,0.3519386458605827,1.0001317324917354
LIGHT.AS,2503.0,1.106283245904027,0.09023610816791937,0.2645432191833097,0.00023998460999965062,0.35020697617264446,0.3505229912159435,1.0009023664998131
URW.PA,2609.0,1.4157003328853688,0.1073928425310937,0.33233718089989284,-0.08217012107184392,0.40098284693365616,0.40103419027831866,1.0001280437431554
INPST.AS,1285.0,1.6325550369059023,0.16602343240106932,0.2486786477320837,-0.11672626449980471,0.46989697012977594,0.48691185677284954,1.0362098241203268
ABF.L,2609.0,1.0260413660935956,0.06449886048895045,0.3033026798478272,-0.05058156963706739,0.3042080295360528,0.3042486752516284,1.0001336115803308
ADML.L,2609.0,0.7073798230033916,0.05493123319595393,0.19547091477190415,0.07530604530375003,0.26124953246232624,0.26128984060081567,1.0001542898014382
VID.MC,2609.0,0.7179296716225306,0.05544075946757876,0.19869498456210188,0.11297122733816295,0.26298584707565925,0.2630262605178817,1.0001536715480008
VOPA.AS,2609.0,0.6475565594339977,0.05826738304014398,0.16103744995721292,0.0029092495433364687,0.26348639229643683,0.26352878536009555,1.0001608928009118
WPP.L,2609.0,1.2487840004700055,0.07453232816275489,0.3581780347725202,-0.1573967067667161,0.34070756589800016,0.3407495030177276,1.0001230883136303
LMPL.L,2609.0,0.9690231530047064,0.05010619989589815,0.33326233853625176,0.0047153345689936975,0.274084806466813,0.27411985268475253,1.0001278663286424
FTKn.DE,2609.0,1.2708523946395005,0.17921468460018367,0.1937856319902711,0.20049238261998106,0.4713877055598243,0.4714605882149594,1.0001546129741516
CBKG.DE,2609.0,1.5396048774160398,0.12197097518463466,0.3413868907646075,0.1355857197228189,0.4302588228678932,0.4303131681317948,1.0001263083079608
SVT.L,2609.0,0.6006664427767757,0.04951960002254191,0.1627117818547852,0.014582634328899878,0.2431463732674646,0.24318541570130595,1.0001605717301751
DIOR.PA,2609.0,1.2200446399922464,0.046080251029903624,0.4628192742099151,0.14247513298322048,0.2928288954805446,0.29285906309394943,1.0001030212997093
SECTb.ST,2609.0,0.9633571299600338,0.13196753517014514,0.15794393203211154,0.23298758030687566,0.39580362714948636,0.3958675439000413,1.0001614860152124
ICAG.L,2609.0,1.7209738453513896,0.14208789114446763,0.35731119097236264,-0.007003037189227097,0.47010501854461473,0.4701629611253799,1.000123254546281
GJFG.OL,2609.0,0.8388878113009466,0.046340435979436594,0.288278449936038,0.06244436021915041,0.2551183643203478,0.2551531861168261,1.000136492708281
EVDG.DE,2609.0,1.1371599404571135,0.07858907181856836,0.30500991755420215,0.08070224947620563,0.33620835226706913,0.3362531635251836,1.0001332841906285
ENI.MI,2609.0,1.1127270603179091,0.045657257428427515,0.4197199025726466,0.022497834171747878,0.28044828892255114,0.28047949903103214,1.0001112864999138
BEIG.DE,2609.0,0.5668471480160502,0.03444533795216304,0.19923328785975725,0.017719869704364778,0.20736188947251546,0.20739373368991867,1.0001535683219527
DANSKE.CO,2609.0,1.0108427932949307,0.059933197920587836,0.3125875069145674,0.059686245744364194,0.2952172547555046,0.29525617356128486,1.0001318310673015
HRMS.PA,2609.0,0.9369581604112543,0.044008196180646754,0.3472843761972837,0.19343110750001313,0.25961005061533976,0.2596425479170367,1.000125177363588
DGE.L,2609.0,0.763685170496402,0.036508232244767035,0.29877763169447924,-0.02349646662202785,0.2281309682516377,0.22816164715117723,1.0001344793290217
ALFA.ST,2609.0,1.2306637819560025,0.05390073906787664,0.42838944837361603,0.09783718793841333,0.30701808861041,0.30705174514288075,1.0001096239398242
AEGN.AS,2609.0,1.4190643198381232,0.07384445694436814,0.4210769735822676,0.03042473754954874,0.3570797817590572,0.3571194269897432,1.0001110262543869
MANTA.HE,587.0,1.003584875775762,0.05712254304836034,0.19590667833298891,0.3172748446242202,0.2663052107438915,0.2897856870606479,1.0881712988310162
SUNN.S,293.0,0.6124760185164028,0.0587829316343058,0.08964478592654479,0.10953132116344516,0.25367358557467584,0.2622679014931462,1.0338794277654124
BASFn.DE,2609.0,1.2313231146321768,0.041038421110515595,0.49632043748522925,-0.03752680521467379,0.2853874554775077,0.2854150229662815,1.000096596708246
RIO.L,2609.0,1.0774501576088684,0.07122125967240696,0.30301424153643075,0.10676337779107486,0.31960207866738444,0.31964479888420644,1.0001336668929068
LPPP.WA,2609.0,1.2394090518265235,0.16938948422228445,0.19476825691796296,0.13591308968793542,0.4585635189246777,0.45863433238713164,1.0001544245443248
SN.L,2609.0,0.874172392759573,0.05205111939931339,0.28139144619260337,-0.006937379048443333,0.269082570473615,0.26911965365612256,1.0001378133947594
ITPG.MI,2609.0,1.1980472452178628,0.06642280478933722,0.3656224709963741,0.12171054605143825,0.3235202218537708,0.32355958155366077,1.0001216607099996
FDJU.PA,1594.0,0.7875449571251254,0.06083226182148121,0.2545321024920558,0.015406225719456903,0.2855723484398205,0.2781520631112599,0.9740160930527758
SDLF.L,2609.0,1.1581504916712513,0.04463885779096544,0.4448887116075618,-0.004552508216664753,0.28351969257552856,0.28354987604401416,1.0001064598660199
REP.MC,2609.0,1.1366566383605994,0.0661213669494896,0.3426070074495565,0.0739906243771415,0.3170845624312326,0.31712453865489415,1.0001260743296836
CAST.ST,2609.0,1.0891804412313417,0.07306885946174436,0.3021797300963037,0.009945038589045635,0.323527421212252,0.32357071789172104,1.000133826923563
SWECb.ST,2609.0,1.1419275519954162,0.0796651949756618,0.30390186192903534,0.11646127801581492,0.3382328598461219,0.33827801280921643,1.0001334966777475
MOBN.S,2609.0,0.45061312575863227,0.02514380598354113,0.1772206924093589,0.07779456508664855,0.174779523114653,0.17480710148643044,1.0001577894897868
SGSN.S,2609.0,0.6568684008728376,0.02956376282062033,0.2801977483928718,0.03867006645318403,0.20262357629233937,0.20265154691767095,1.0001380423040764
BCP.LS,2609.0,1.3256190030411876,0.14109073744972567,0.24935925091546707,0.041157299486911575,0.4334608770717964,0.4335232763774003,1.0001439560267247
TEF.MC,2609.0,0.885900526160792,0.05470119800716899,0.27676304466446056,-0.07970470565984772,0.27496336647269,0.27500150415540225,1.000138700959337
BKWB.S,2609.0,0.4800595052333544,0.04591224496864955,0.11807253655758554,0.16577525414306873,0.22812062516933376,0.22815920760744215,1.0001691317393144
KBC.BR,2609.0,1.3073594563623967,0.061353691968415516,0.42628493597671036,0.07083187294927834,0.32695572495076203,0.326991699079222,1.0001100275227337
VOES.VI,2609.0,1.211812798605212,0.06622625777468596,0.37162996827423345,0.03512170546030675,0.32458174998764433,0.32462086490056297,1.000120508663596
SHEL.AS,2609.0,1.0822955976582622,0.05711736090140829,0.353582712219797,0.046019649750980274,0.2971969218951541,0.2972337652631692,1.0001239695478006
SOF.BR,2609.0,0.9468212881876173,0.04493887100223961,0.34728805195200996,0.09221611387607513,0.2623415133304803,0.2623743523645569,1.0001251766586985
BALDb.ST,2609.0,1.2797064218919725,0.09416848510008054,0.31686589197868675,0.0566119281093177,0.3712073178788445,0.37125594997895084,1.0001310106179595
BESI.AS,2609.0,1.414141615519127,0.14232742516666883,0.2725995742213736,0.26507838212553836,0.4422565186376579,0.44231821314153613,1.0001394993658166
ASMI.AS,2609.0,1.3861452261688276,0.1152321103778127,0.30783009342229795,0.2740518338953117,0.4079407810920958,0.4079949325291084,1.0001327433772804
ELE.MC,2609.0,0.694329762516301,0.04142332294558874,0.236882280626461,0.05593942984209671,0.23293965101009045,0.23297374141451818,1.0001463486541682
ORAN.PA,2609.0,0.5817312462906328,0.03257886287273121,0.21694730476785906,-0.0009985260096020223,0.2039337891073098,0.2039644141386874,1.0001501714429555
PIRC.MI,2150.0,1.1549007458447937,0.07321243972161688,0.34125982911549635,-0.012055155781583116,0.33329921933203793,0.32980858493788573,0.9895270249922945
GALD.S,463.0,0.7240067471900269,0.08369037583353303,0.07941272618451678,0.5742686917178101,0.3011859790673199,0.3125156957395432,1.037617012276959
SCAb.ST,2609.0,0.959370583213887,0.05578055193492373,0.3056003711546801,0.09006416271733952,0.2833696838428553,0.2834074204562066,1.0001331709618315
BMED.MI,2609.0,1.2351915365468515,0.05531788424654997,0.42383922706238186,0.10199030932921507,0.3097973220685101,0.3098315535997047,1.0001104965367875
AIBG.I,2609.0,1.3161802999109136,0.21228287631161719,0.1787498478918077,0.03857521480174458,0.5083191511760441,0.5083992095398415,1.0001574962572475
HEIN.AS,2609.0,0.6960053930701519,0.03693810691538547,0.2591429518918933,-0.004391526224145453,0.22324761638258148,0.22327933537400566,1.0001420798660168
KGF.L,2609.0,0.9958128118420015,0.08904994008330373,0.2289980047455331,-0.014400496679022838,0.33978623936898883,0.3398364803551788,1.0001478605675242
HLN.L,902.0,0.35028282584443926,0.046562405769942465,0.04628004086747983,0.08764955243921119,0.22083409667058254,0.22323473005715136,1.0108707551178107
PUMG.DE,2609.0,1.2003327911095936,0.11820226567550018,0.2453463604019872,0.01853723435084274,0.3956906490307745,0.3957479155788766,1.0001447255532634
HUBN.S,2609.0,0.7228467426153244,0.06063974863503574,0.1868734540271375,0.13200553929300882,0.2730337590924244,0.2730763355574775,1.000155938464147
ISP.MI,2609.0,1.3769031096841957,0.06216539116715962,0.4485544310470453,0.07024643975953374,0.3356910262230614,0.3357265278611233,1.0001057568874012
PGHN.S,2609.0,1.071771977769568,0.04260313685923758,0.41831615107708064,0.11860830846383064,0.2705789505616813,0.27060913518518254,1.0001115556972875
UHR.S,2609.0,1.0480308512941814,0.05716449586364047,0.3388338428501796,-0.04882649638932157,0.2939846150160883,0.2940218916474517,1.0001267978984592
BARC.L,2609.0,1.572916441013276,0.07645354523855989,0.46326414688749085,0.0656744487771329,0.3773420750053372,0.3773809170838012,1.0001029359857723
AVOL.S,2609.0,1.6483251801768093,0.11836775619992924,0.3797368591580781,-0.06271857368506312,0.4367626000001895,0.43681455466652136,1.0001189540183428
TUI1n.DE,2609.0,1.6954140581154968,0.1750713577140708,0.30454911081754,-0.16207959607484426,0.5016387056437114,0.5017056104808661,1.0001333725575838
STMN.S,2609.0,1.1002381577740543,0.07107289921433378,0.3123745904142021,0.13013892977259062,0.321434715515502,0.3214771037213456,1.000131871897457
INDT.ST,2609.0,1.257279342367766,0.06346938455948334,0.3991409510918196,0.13691573476383462,0.3249470230592594,0.32498446765273986,1.0001152329174399
SLHN.S,2609.0,0.9822849358451599,0.025424221435155468,0.5030403616641498,0.14093647472879695,0.22614135719191258,0.2261629102743506,1.000095308008697
FORTUM.HE,2609.0,0.9375489475930581,0.07071097799321066,0.24899830191997785,0.03640579085783018,0.30678892987048356,0.3068331152208562,1.0001440252436464
KLAC.OQ,2609.0,1.2973345691169904,0.10852018323012838,0.2926183997536882,0.2765720815323259,0.3916021807747433,0.39165530570546275,1.0001356604567788
AME.N,2609.0,1.0140754529465315,0.03032004018740019,0.4749603055301066,0.12973398015774412,0.24026224959284165,0.2402864423176917,1.0001006929923075
DUK.N,2609.0,0.472166723876385,0.03454527501887427,0.14685229408930212,0.047889600361679316,0.20118654645535528,0.20121946317961745,1.0001636129494846
CME.OQ,2609.0,0.656889676347308,0.044196944073083416,0.20660336645429322,0.11635634237398268,0.23597590821131414,0.2360118131305384,1.0001521550208088
FDX.N,2609.0,1.0739572609224008,0.07486820516693359,0.29123009558355273,0.06394782059125743,0.3249471997530441,0.3249913687488143,1.0001359266853316
PG.N,2609.0,0.4113078652458846,0.029697447068161843,0.13189849233309903,0.05702461648640885,0.1849230404135022,0.1849538264910966,1.00016648048575
IR.N,2253.0,1.273058870266997,0.06848830624960284,0.3932964943106435,0.14797374586389747,0.3359104503747831,0.3342130489702724,0.9949468633601101
ACN.N,2609.0,0.9614796901873826,0.03881785849129104,0.38844995129545035,0.09107531961622528,0.25189323603309255,0.2519227788577638,1.0001172831201683
FDS.N,2609.0,0.8078707503910905,0.0480178216474979,0.2660675064361827,0.055966138389935256,0.25573483597660573,0.2557708311622157,1.0001407519842673
DASH.OQ,1320.0,1.481882147568862,0.27692628910948236,0.13953772338838277,0.03402283447021304,0.5670893388962679,0.5792017868341547,1.0213589766322557
BAX.N,2609.0,0.6778862503518411,0.06583474081183836,0.15695150566093863,-0.06677314214968479,0.27939460034217106,0.27943977183388663,1.0001616763232368
ODFL.OQ,2609.0,0.9851771296811065,0.07591502979137428,0.2542882404849097,0.20040806755342286,0.31900325140079805,0.3190488723189188,1.0001430108248754
XYL.N,2609.0,1.0503908480003479,0.04054487294033759,0.42056046666441327,0.12717502890974564,0.26447256832068033,0.26450195791548164,1.000111125304934
ADSK.OQ,2609.0,1.2320152064927035,0.08673452913832255,0.3182256480817438,0.15267467553305827,0.35660908657729684,0.35665571316638817,1.0001307498626546
SW.N,387.0,1.621626048129825,0.1052397226777227,0.268448964893245,-0.11613390647341408,0.37879500658095905,0.41874959771428627,1.1054781357704826
OMC.N,2609.0,0.9716781722015476,0.049885514033740634,0.3354626874384017,0.006288732238507664,0.27393294243964594,0.2739678536521945,1.0001274443746622
UHS.N,2609.0,1.1220964238749314,0.07879398800300068,0.2988400425516411,0.058084031119706635,0.33516195118475106,0.3352070195277572,1.0001344673607695
ERIE.OQ,2609.0,0.549176702974861,0.07103146875956654,0.1017269860959501,0.10680575171787077,0.28114990633486825,0.2811983389437564,1.0001722661391552
CLX.N,2609.0,0.1727676980826072,0.05400392038534198,0.014527758443268368,-0.02215858279873591,0.23404920396024978,0.23409343625807671,1.0001889871748268
DLTR.OQ,2609.0,0.7057340228607877,0.11590351764704837,0.10282889732993439,0.044972405072916805,0.35935806171888846,0.35941989101216504,1.0001720548385107
CFG.N,2609.0,1.5244258653240501,0.08233162018334314,0.4294959635031339,0.07747473410586987,0.3798137580682498,0.37985531415355595,1.000109411743054
TTD.OQ,2420.0,1.5535370921819935,0.3846197385488941,0.14010214431271562,0.26393281385751965,0.6686557217535426,0.6700501129450502,1.0020853649286823
DHI.N,2609.0,1.1199339829021802,0.08908071723223135,0.27301248240229326,0.1452065385943475,0.34998150756453733,0.35003030205094593,1.0001394201846496
EXPE.OQ,2609.0,1.4037333470587146,0.12936478300969884,0.288895608209204,0.07957401836095808,0.42644013662275276,0.4264982921229602,1.000136374358821
EXE.OQ,1275.0,0.8698495639235906,0.10237047102864837,0.13244111678265624,0.1773501895192102,0.34337396082724553,0.3500624717953633,1.0194787949325104
CIEN.N,2609.0,1.0774450418247115,0.14042432475059208,0.18066152366691623,0.23423877280335945,0.4139102860899722,0.4139753236774938,1.0001571296720746
ELV.N,2609.0,0.803518453319668,0.07216716942456454,0.1926497435393676,0.08904215216833475,0.29892040639912487,0.29896668848299285,1.000154830794008
WY.N,2609.0,1.2780303113982754,0.05752359334609646,0.4309580480395975,-0.01499939099638168,0.3178832049978146,0.3179178960238371,1.0001091313585526
CMS.N,2609.0,0.415737393976757,0.036651346061918694,0.11172493933751926,0.06391817697331577,0.20308972530739663,0.2031243214282137,1.000170348946825
CVS.N,2609.0,0.6415274764941545,0.06818663502200031,0.1386625009556277,-0.02015066166052985,0.28130643952453344,0.2813529066850213,1.0001651834226275
SPG.N,2609.0,1.3114298082615548,0.08915826451664262,0.3397147997153145,-0.004749595277817703,0.36739373284708976,0.36744025553338205,1.0001266289599764
MCHP.OQ,2609.0,1.442101124755645,0.10642114518760042,0.3426312480475572,0.09729706552217983,0.4022778849187231,0.40232859996340187,1.0001260696811334
GEHC.OQ,794.0,1.2207793777195215,0.07837328007985629,0.21798181874682943,0.09921898809941651,0.31637458150125286,0.34366738870698127,1.0862673830375982
UAL.OQ,2609.0,1.7477583521662594,0.17173669431653898,0.3217627277017743,0.06457824169919771,0.503103623557818,0.5031690630359579,1.0001300715699026
BG.N,2609.0,0.8319606528287768,0.07806736091046898,0.191251187680046,0.02568467688948168,0.3106308915699824,0.3106790701054582,1.0001550989833377
CCI.N,2609.0,0.6399723456439409,0.0513285287119043,0.17547719406763063,0.002666661838448902,0.24945648218535074,0.249495927198446,1.0001581238248438
WEC.N,2609.0,0.3802156272558723,0.041965608218351026,0.08414841040851617,0.06958697179969697,0.2140183104364437,0.21405589996427493,1.0001756369712225
STLD.OQ,2609.0,1.3241636419634348,0.1016308123831489,0.3151452682909007,0.21727003118366978,0.38515025547651477,0.3852008413326786,1.0001313405753847
FCX.N,2609.0,1.7633434174691485,0.1799511930396065,0.31547392870684543,0.19464545659947122,0.5126241833076758,0.512691479354245,1.0001312775494418
FSLR.OQ,2609.0,1.0265795429362006,0.21055584358959123,0.11777465760354744,0.13289624512923687,0.48843930774730193,0.48852194623708245,1.000169188860253
EW.N,2609.0,0.8814362881265825,0.08748659249456928,0.19150214106082197,0.11349241116955945,0.3288880059964343,0.3289390003646464,1.0001550508601176
MDT.N,2609.0,0.78045996468983,0.035288791350922964,0.3152479276138759,0.021462699513245302,0.226969988873916,0.22699979477458626,1.0001313208888019
ALGN.OQ,2609.0,1.4707544175960123,0.17955111490298228,0.24318481926812885,0.08339834771791071,0.48698530648805904,0.48705598756370705,1.0001451400580395
WST.N,2609.0,0.7203179619926815,0.10545579556534268,0.11600630954531022,0.14674489653766734,0.34532447930078314,0.34538302145414096,1.000169527956652
V.N,2609.0,0.9756719381722049,0.03226380394444626,0.4403868705401053,0.1457559482338984,0.24006594646384768,0.24009171110651117,1.0001073231878281
HPE.N,2609.0,1.2349254920832622,0.08486678971387798,0.32399991520670235,0.09662520203806008,0.3542519373233677,0.3542978634487306,1.0001296425524442
INTC.OQ,2609.0,1.0947577112461437,0.12551983977366807,0.20297777614343648,0.006635892489029156,0.3967689649392252,0.39682961118326776,1.0001528502715726
SYF.N,2609.0,1.5577222385266756,0.08764030093285699,0.42478028479701513,0.09748086880667954,0.39025796065690693,0.3903010123814115,1.0001103160699967
MRNA.OQ,1843.0,0.6750109450896943,0.47666994165365006,0.0288327746412822,0.0630190937662633,0.7003964817346526,0.6991552567989342,0.9982278252845527
LNT.OQ,2609.0,0.47966038275375267,0.037161145141735887,0.14172864579416933,0.07083190194284696,0.20804101189841354,0.2080752545043778,1.000164595459577
NOW.N,2609.0,1.0646417942323092,0.12284928312690459,0.197487864315268,0.21059039009078365,0.3911805302431701,0.39124073411111315,1.0001539030276012
TKO.N,2609.0,0.7721820394536937,0.11442205948931575,0.12202928598678808,0.24132158535859746,0.3609371522135432,0.3609979242836313,1.0001683729971143
DE.N,2609.0,1.0218197060170575,0.05841514313580619,0.3228306721213934,0.17472735219019736,0.2936505410114082,0.29368867645986385,1.000129866774038
CRWD.OQ,1710.0,0.9473526245212011,0.27268889888372944,0.09578300765246739,0.30794811155595536,0.5489974141245183,0.5446257083114662,0.9920369282248376
LHX.N,2609.0,0.661743108162575,0.05028676670598303,0.18848475631448214,0.11758307244605987,0.24888300243818898,0.2489217359700589,1.0001556294784717
TROW.OQ,2609.0,1.195709651066701,0.04784681530192693,0.44351385877999594,0.03617397654766841,0.2931676620740332,0.29319894995969203,1.00010672352277
GPC.N,2609.0,0.9393525911725944,0.0499303664789266,0.3203537718477133,0.03465523428361674,0.27099273206136343,0.2710280537310728,1.000130341760241
NVR.N,2609.0,0.9534436204945038,0.07225675843666564,0.2512485852577663,0.14395194367747938,0.31058975867985056,0.31063435741896267,1.0001435937208674
LVS.N,2609.0,1.2150048752599607,0.10729725075296186,0.2684511133881867,0.03817421226754423,0.3829035055168295,0.38295722492329914,1.0001402948933495
DECK.N,2609.0,1.129716070829094,0.13674397345407732,0.1993174017836944,0.24906141862833983,0.41318126867531974,0.41324471356486275,1.0001535521921079
PLD.N,2609.0,0.9140971375868961,0.04891267395448991,0.3130149040516933,0.1052848622615884,0.26678030650497603,0.2668154545721331,1.000131749107037
APP.OQ,1229.0,1.8486537990078327,0.46624984877504283,0.1334602904773452,0.4788827445788549,0.7332266057640596,0.7465700022236498,1.018198189147386
URI.N,2609.0,1.6523014480816496,0.10042762331411122,0.42031329701796527,0.23297745353552013,0.41614688225085106,0.41619314642528715,1.000111172704661
NI.N,2609.0,0.600773903013069,0.04321154220027347,0.1821915924877301,0.07350516320916807,0.22982158723365984,0.22985763159283384,1.000156836264199
NTRS.OQ,2609.0,1.22261629207172,0.050139175128084655,0.44294832633092474,0.061726805940504025,0.2999560132854653,0.29998805817890095,1.000106831975411
NOC.N,2609.0,0.46584112034058994,0.05386449668192957,0.09702893811723134,0.10675599881040419,0.24419181839595294,0.24423410436751192,1.0001731670284317
VRT.N,1937.0,1.300591898735297,0.2396342367907213,0.1768686691329121,0.36429892867716,0.5394207829252649,0.5336043023021573,0.9892171736662333
MS.N,2609.0,1.3821268391187609,0.04586730915684155,0.5262523315458518,0.16607069511127973,0.31109627469956536,0.3111245398395415,1.000090856568448
YUM.N,2609.0,0.7663931903170821,0.03391107920268965,0.31599258017526444,0.10217224633677786,0.22261638252018137,0.22264558491196257,1.0001311780896383
RMD.N,2609.0,0.7752300289128703,0.07986520433363581,0.1671558932997067,0.1449826417464226,0.3096090644950393,0.30965851510763315,1.0001597195246028
SYK.N,2609.0,0.9475917875584059,0.04101152806787831,0.368675178317484,0.1284794554741909,0.2548257231113992,0.25485657621182667,1.00012107529825
CL.N,2609.0,0.4165584539263169,0.03153562521308876,0.12797722701585112,0.016487324783006185,0.19013126227322127,0.1901630583852755,1.0001672324249788
SO.N,2609.0,0.4961810259104798,0.0393894803565917,0.14288695125958295,0.06012984904610033,0.21433238386664105,0.21436761439712568,1.0001643733431647
GS.N,2609.0,1.2365129091080653,0.04385759336521707,0.481821578217983,0.1530497789725859,0.29087035326673955,0.2908992591454832,1.0000993771913123
SLB.N,2609.0,1.3678322216147765,0.10777701681501915,0.31647943586811866,-0.05770026615205979,0.3970123427053308,0.3970643849599612,1.0001310847271794
BA.N,2609.0,1.483204270031049,0.10769435465529631,0.3526808402453039,0.039267959889507174,0.4078063277663484,0.40785695386240295,1.000124142497572
HST.OQ,2609.0,1.2452100152113432,0.07080265841384444,0.36872824851125996,0.018556267261537602,0.33483691072693084,0.33487744779806966,1.0001210651210788
CBRE.N,2609.0,1.3619543074522447,0.05543718842533274,0.4715812373488524,0.14843985003690927,0.323838295773563,0.3238711138712119,1.0001013410028314
IBKR.OQ,2609.0,1.041211730424411,0.07574178195524599,0.2762883436146627,0.17144039571856723,0.32344593505789304,0.323490826762959,1.0001387919902531
IFF.N,2609.0,0.9176320880747716,0.06503075870345666,0.2567048485150589,-0.055441023338640344,0.29573006759075715,0.2957722231449374,1.0001425474065715
CHD.N,2609.0,0.2784484664394514,0.043140244657098516,0.04574321875942189,0.06577095438095276,0.21258146541085687,0.21262036812375368,1.000183001433458
SHW.N,2609.0,0.831816243222637,0.049074434201422476,0.27328602021865944,0.12752681747802458,0.25981403950694837,0.25985024919979927,1.0001393677297794
BLK.N,2609.0,1.1900498541236997,0.03615448945995863,0.5109484732275285,0.11061899531996716,0.2718444864864305,0.2718699831735912,1.000093791444845
HON.OQ,2609.0,0.9489862335084248,0.028063055708524874,0.46118716248524405,0.07166709103509165,0.22817351567031338,0.22819709381907582,1.0001033342922958
GPN.N,2609.0,1.2560604048648507,0.06991743257093365,0.3757227521003005,0.017595234025674915,0.3345959690428708,0.3346360281428839,1.0001197237974135
ADP.OQ,2609.0,0.8716941516995852,0.03576378930896605,0.36170823008918473,0.10727327294125427,0.23666218156917188,0.23669115170296767,1.00012241133587
AMT.N,2609.0,0.6710603267964879,0.05283147695247513,0.18523294970703597,0.05735848808252166,0.25459294762261053,0.25463272854707025,1.0001562530495491
GLW.N,2609.0,1.1587707255319033,0.05344904532828888,0.4012167908437765,0.15130786127651275,0.29871146482843197,0.29874576731025704,1.0001148348351636
AWK.N,2609.0,0.508310074420686,0.04710145819345319,0.12763652325517194,0.0754555067304271,0.23231923072637636,0.23235809721283543,1.0001672977580787
PNW.N,2609.0,0.5842667452588937,0.040932507180211374,0.18196240288137622,0.030802609184179593,0.22364761089922205,0.2236826967842547,1.0001568802138845
PGR.N,2609.0,0.5370335214897124,0.04963672531249763,0.13417836909130965,0.19014945557791532,0.23938893203001194,0.23942868095775255,1.0001660432978399
BRKb.N,2609.0,0.8073469277569773,0.019157771744210503,0.4757439415675393,0.1291187724639103,0.19112499644141423,0.19114421266704595,1.0001005427128293
LUV.N,2609.0,1.1543219969651277,0.09383645666801879,0.27469805959651183,-0.003960704323483796,0.3596193920102178,0.3596694139710119,1.000139096950569
IVZ.N,2609.0,1.6105599719230195,0.08152344391462245,0.4590630520484773,-0.02342476112104413,0.3881366541951495,0.3881769201266814,1.000103741636088
CTAS.OQ,2609.0,0.9912418541320458,0.04206127135635928,0.3838805972803342,0.20396640352735362,0.2612314596128324,0.26126232656000675,1.0001181593795023
PODD.OQ,2609.0,0.8695920848704535,0.15000664203910172,0.11851901277761046,0.1948431675431592,0.41244447664544703,0.41251419878539225,1.0001690461235226
ABBV.N,2609.0,0.5687313029746774,0.05822543679660459,0.12904770532416632,0.13038468953155058,0.2585091476973337,0.2585523257437361,1.0001670271508263
REG.OQ,2609.0,0.9824548701563336,0.05877775075728498,0.30458607698066453,0.0012817650073077833,0.2906708715121941,0.2907096369692223,1.0001333654687397
HUM.N,2609.0,0.6972337798028101,0.09413441616058185,0.12106523709522643,0.03487244443035489,0.3271994898744895,0.3272546419210128,1.0001685578621913
GE.N,2609.0,1.2011952549344602,0.08415340908617977,0.31380381048738826,0.07009649407311189,0.3501292778782002,0.3501753541284271,1.0001315978215422
GD.N,2609.0,0.8010342045073802,0.03157726154116851,0.35148253149067743,0.08658873599280659,0.2206191031460621,0.2206465420500755,1.000124372294249
MSI.N,2609.0,0.7997758986397555,0.042761508818979985,0.2851873430458991,0.1663998400271207,0.24453842768566575,0.24457195035210785,1.0001370854747018
PWR.N,2609.0,1.1151147120318006,0.07174718936155575,0.31612823225226483,0.2933392709846101,0.3238409991694273,0.32388347158881337,1.0001311520761578
TGT.N,2609.0,0.7377440467080185,0.09331825580118859,0.13461905874622915,0.02871684839374338,0.32831926386321025,0.3283737513314384,1.0001659587914125
ARES.N,2609.0,1.1834885238801793,0.08592908675230879,0.30301578721147704,0.2439599134031291,0.35105515083844896,0.351102075185645,1.000133666596499
HUBB.N,2609.0,1.0444845449908677,0.04844340488526069,0.37525504672942256,0.14300500650296652,0.2784086176209893,0.2784419747286968,1.0001198134885068
KVUE.N,694.0,0.5378937534214037,0.08067963094073034,0.046838009128476354,-0.16133597128078808,0.29072677017368165,0.29731070047249913,1.0226464535580408
AMAT.OQ,2609.0,1.4203753307332523,0.11638885059480378,0.31615843131300325,0.2532671684368865,0.41247218125263063,0.41252627544686743,1.000131146284999
INCY.OQ,2609.0,0.661773894111111,0.11061638175498859,0.09551181947568066,-0.009030594569918568,0.34964312917733154,0.3497037775571262,1.0001734579482153
PYPL.OQ,2609.0,1.1223463522378736,0.10900671181336272,0.23560014958651,0.046161130755749034,0.37755745069815927,0.3776127985513317,1.0001465945197745
PSX.N,2609.0,1.1644912349121073,0.08316878384734681,0.3030761847097525,0.04402950859811402,0.3453856143318461,0.34543177685107923,1.0001336550143307
NSC.N,2609.0,1.0262980286286774,0.0465549153736884,0.37634181947083745,0.11857631606465681,0.27316570931785067,0.27319838132432994,1.0001196050798649
BXP.N,2609.0,1.1121010349636242,0.06399727813049373,0.340127333682127,-0.06148826882666088,0.3113632875920109,0.3114026905692117,1.0001265498495522
CAH.N,2609.0,0.728339863695217,0.06940411598478777,0.16934035158497573,0.08053380539813906,0.2889999572646561,0.289045995140282,1.0001593006312584
LDOS.N,2609.0,0.768653771503731,0.05634335316066525,0.21855929223663617,0.14213575540934237,0.26846646925648127,0.2685067022655086,1.000149862324106
COF.N,2609.0,1.5079827539676807,0.07189520329341016,0.45758908854971636,0.11734999632589574,0.36400091165592857,0.36403877659601597,1.0001040243001458
BALL.N,2609.0,0.7833530803442749,0.05971915292028556,0.21511158492755522,0.03632885142636363,0.2757843274540505,0.27582583946666156,1.000150523465181
OKE.N,2609.0,1.4673588907243704,0.11282979378662797,0.33730202769261397,0.10548483439540562,0.4125444970131633,0.41259692797400244,1.000127091650037
TSCO.OQ,2609.0,0.6518443000192392,0.06897416256680906,0.14111989931505775,0.10365366788976386,0.2833307229960837,0.2833773910207146,1.0001647121926538
LOW.N,2609.0,0.9969871220024007,0.055982657556901134,0.32137387522341543,0.11148281954474745,0.28716280729910887,0.2872001804296672,1.0001301461387353
MPWR.OQ,2609.0,1.4475265014275716,0.14960683755208035,0.2719628366183917,0.2564522616252242,0.45322689031088603,0.45329017051534093,1.0001396214695282
LH.N,2609.0,0.8633853021006839,0.049389115930068284,0.2870188909830529,0.08301820754625694,0.26314391799909354,0.26317989878477677,1.0001367342477714
JKHY.OQ,2609.0,0.6293698554206437,0.04157670204733905,0.20261973031099045,0.08201955909864439,0.2283016225209054,0.22833653416100394,1.0001529189311624
TSLA.OQ,2609.0,1.3518749689661675,0.28835449026019566,0.14460048331444608,0.3222195999496351,0.5804911207385165,0.5805863472630847,1.0001640447565279
RL.N,2609.0,1.255465952035406,0.1039669981585645,0.2879321501543306,0.11149714484085695,0.3820355569587003,0.3820877273968342,1.0001365591165106
AEP.OQ,2609.0,0.4061231670890397,0.03796694832898592,0.10383681215797358,0.0659253609437587,0.20579082942739563,0.2058261969608726,1.0001718615624193
FE.N,2609.0,0.5673589976010106,0.054451106557556965,0.13619991452281732,0.03325314986498966,0.25102296538336016,0.25106454875516343,1.0001656556472422
UNP.N,2609.0,0.9071872743194179,0.04002492422149756,0.3541827631562052,0.10475360720818919,0.24890130013923795,0.2489321276797137,1.0001238544774917
VTR.N,2609.0,1.0932129267142467,0.0909451511619383,0.25953189289814305,0.030495710677428935,0.3503913027720157,0.35044106018745996,1.0001420052810976
JBL.N,2609.0,1.3285876063403508,0.08171035999424879,0.36555442827779405,0.22035842608215783,0.3588046797722014,0.3588483368861265,1.000121673758416
CSGP.OQ,2609.0,0.914410390354012,0.07512787994802941,0.2289001993262081,0.1139392853423919,0.3120771659592692,0.3121233157192896,1.0001478793229825
RVTY.N,2609.0,0.9207559721818805,0.06526354412395988,0.2573204530467035,0.057097571003560596,0.29638165398990574,0.29642386743794835,1.0001424293557795
ALL.N,2609.0,0.773232094501211,0.04342629612235083,0.2685865703994602,0.1168408796943557,0.24361927795043165,0.24365345016283502,1.000140268917513
IP.N,2609.0,1.074269805151539,0.06356629953135806,0.32625125266168575,0.009506875649946242,0.3071009795432495,0.3071406603130429,1.000129210821315
SNA.N,2609.0,0.9899666207383435,0.045707878678029445,0.36381887458839746,0.06743915087265573,0.26799202171169234,0.2680247185022692,1.000122006582017
EBAY.OQ,2609.0,0.7748190260802807,0.07693183654962006,0.17227916199142645,0.11142460749677491,0.30480902922954556,0.30485741372556924,1.0001587370825136
TPL.N,2609.0,1.086732988084791,0.17484792914140068,0.15265168038385002,0.29434311388641415,0.4541674259408393,0.4542412285375947,1.0001625008588022
SJM.N,2609.0,0.2603239852464618,0.05446600420288235,0.032120232026848106,-0.02240066039162831,0.237174926038934,0.23721894895989934,1.0001856137227512
KO.N,2609.0,0.5413208623308501,0.02418159147566781,0.2442596240814624,0.047032844416047395,0.17884337187147334,0.17886929234773405,1.0001449339496873
FRT.N,2609.0,1.0179139623433342,0.055609122979664874,0.3319841110206676,-0.03584919383138564,0.28846713998597184,0.28850409592961784,1.0001281114502254
VRSN.OQ,2609.0,0.7763568004790008,0.04860613483103854,0.24853811597112052,0.09879270736356459,0.2542780001839629,0.2543146450741543,1.0001441134906082
QCOM.OQ,2609.0,1.1271004309458845,0.10065160931825425,0.2518524480718515,0.1188266399590366,0.36671903579024656,0.36677165187539923,1.0001434779218354
CNP.N,2609.0,0.8153817924031576,0.04949483353525599,0.2637720884874887,0.07112015209319236,0.25923313796394476,0.25926973965153904,1.000141192163478
CDNS.OQ,2609.0,0.9874100315622597,0.07833173525465474,0.2492378952119545,0.26170009681645956,0.3229493569798284,0.32299585500164774,1.0001439792983462
MDLZ.OQ,2609.0,0.6042080815085629,0.03382022875431962,0.22354590258875395,0.01764969116939995,0.2086637938891394,0.20869486519637429,1.0001489060783175
COHR.N,2609.0,1.4388227064232748,0.23076353990271045,0.1930781963032464,0.221866254168727,0.5346684932911413,0.5347512325096931,1.0001547486331999
UPS.N,2609.0,0.7451534096121284,0.05564032510237592,0.21021550277692946,0.002926256394855297,0.26537331472571574,0.2654135087914664,1.0001514623495291
IBM.N,2609.0,0.812558442831155,0.04243301797234421,0.29329175784206674,0.07847299549153829,0.24499013921834073,0.24502334305775658,1.0001355313300437
MSCI.N,2609.0,1.042139802973932,0.06264253137186228,0.3162021445935449,0.20029497572927527,0.30261294664339083,0.3026526306704135,1.0001311379022704
SATS.OQ,2609.0,1.0737230934448494,0.21302168478746852,0.12614106994183472,0.11908031865809923,0.4936372966745312,0.4937200226464381,1.0001675845250433
MRK.N,2609.0,0.46734313013685763,0.04363616248663569,0.11777639537582096,0.07119866008865534,0.22235692547558253,0.2223945457162764,1.0001691885270199
TRMB.OQ,2609.0,1.2897022983468438,0.06453113841827249,0.40740258625097203,0.12512696569714715,0.32992977399021006,0.32996727004341,1.0001136485887478
BIIB.OQ,2609.0,0.6699658672791073,0.14255731476424086,0.07747283040084418,-0.0456010351119447,0.3930265530003552,0.3930960861041651,1.0001769170639465
DXCM.OQ,2609.0,0.8532827364186448,0.22246250832983244,0.08028540047265365,0.11359226155213203,0.49172081939362555,0.4918075479968521,1.0001763777326604
O.N,2609.0,0.7855917009068578,0.05089216272473248,0.2443949073538334,0.011587158712419356,0.2594745320892594,0.25951213202664636,1.0001449080072877
VEEV.N,2609.0,0.8995395560249398,0.11668602651423904,0.1560891330236791,0.19762949197203492,0.3717730102896595,0.37183317866271554,1.000161841692083
BSX.N,2609.0,0.8905060349406428,0.04481950779659563,0.32061157800109163,0.1586983873926144,0.2567977373039639,0.25683119607736404,1.0001302923216981
VTRS.OQ,2609.0,0.9625161400579515,0.11326683236976351,0.17908725971540285,-0.14184623912677868,0.37138093195876093,0.3714393990362922,1.0001574315547728
ORLY.OQ,2609.0,0.6103084977976478,0.0586630179066673,0.14482508578061692,0.16286420489991402,0.26186137645332985,0.2619043221607724,1.0001640016867865
KMI.N,2609.0,1.0376066832232782,0.06050735200728924,0.32184197662812497,0.05902727721931313,0.2986450656449629,0.29868390633890224,1.0001300563726223
CMI.N,2609.0,1.0326796867306791,0.04455935589843855,0.389623190305063,0.16978775231804696,0.27013892162081626,0.27017054357767545,1.0001170581294596
GWW.N,2609.0,0.8277908211146876,0.058746056414147575,0.23728871152311726,0.1550809681498604,0.27747636336878473,0.2775169500350303,1.0001462707156488
ICE.N,2609.0,0.7071879018481086,0.034314556268169004,0.2799165125249805,0.1111344871131433,0.21825514469781032,0.218285284911613,1.0001380962352315
APO.N,2609.0,1.3834314627719324,0.08536335704011991,0.37421617390306616,0.21781709602739383,0.36926682978948117,0.36931114650296154,1.0001200127114196
HAS.OQ,2609.0,0.9995478022141365,0.0814291962145983,0.24656318673242228,0.01899590076167343,0.32868764360317504,0.32873513640728624,1.0001444922102656
DGX.N,2609.0,0.5869987343849046,0.04444245118071141,0.17135580679385864,0.08612824208612112,0.23154301196346683,0.23157980742345532,1.000158914145914
CPRT.OQ,2609.0,0.9053792024900146,0.05020333385380417,0.3033760441011599,0.20370492742089066,0.2684007954703295,0.2684366531487112,1.0001335975115828
ADI.OQ,2609.0,1.1479673818984568,0.06472214518453089,0.35194377547150035,0.15354923588193178,0.3159634378600003,0.31600270701019406,1.0001242838426487
SNPS.OQ,2609.0,0.9704360819974565,0.09282632229526676,0.21296613762734018,0.22524586623490395,0.34336465261329285,0.34341647831639904,1.0001509348813622
CTVA.N,1723.0,0.9564197772249908,0.07706029897001165,0.275608875026931,0.12254022141416993,0.32606384535933564,0.31851026837233115,0.9768340553713334
NDSN.OQ,2609.0,1.1119349564103993,0.0480190998297971,0.4071441901428887,0.12761350469465865,0.28454384068343175,0.28457619278922125,1.0001136981412488
PFG.OQ,2609.0,1.4333045853176263,0.04663545350812683,0.5402169130095644,0.06505274126575528,0.3184185265514025,0.3184466042266148,1.0000881785225137
EA.OQ,2609.0,0.5540544814797873,0.07147698496683652,0.10277648818334661,0.10525235959134717,0.2821951280351953,0.2822436839084081,1.0001720648884014
PKG.N,2609.0,0.9178458771843353,0.05116395318770395,0.30515367470258625,0.11446382716675611,0.2713028687246619,0.2713390216287387,1.0001332566229275
TMO.N,2609.0,0.7684695310939754,0.048652181683560294,0.24456848517465657,0.13593021179165815,0.25372913137238523,0.2537658903096011,1.0001448747213892
FICO.N,2609.0,1.1424714073029978,0.09465976966155636,0.26888444055161165,0.27891375065223833,0.3597546618777331,0.359805103725214,1.0001402117966107
IDXX.OQ,2609.0,0.8879381151688553,0.08042168638549599,0.20728342261314514,0.2151623949268739,0.31845226323350573,0.31850067581519004,1.0001520246117668
TDY.N,2609.0,1.0482149698465477,0.04499504615088731,0.39442165966390974,0.1690864157722101,0.2725297426767528,0.27256139371745597,1.0001161379319274
SOLV.N,461.0,1.0763358702701589,0.08413303070218335,0.15997094172105508,-0.005217882942667734,0.31612841876548986,0.33914684444082427,1.0728135286451734
AES.N,2609.0,1.1318296376628239,0.09081642881401555,0.27337667079642547,0.03906237895211422,0.35346324760853726,0.35351250283446295,1.000139350346207
TMUS.OQ,2609.0,0.6587308177510385,0.054356576049586054,0.17554392431313837,0.15905934381658263,0.2567195878706357,0.2567601780687317,1.0001581110285844
PH.N,2609.0,1.3386337585797452,0.04809365686056367,0.498440092805863,0.2129042253416197,0.3095987621515512,0.3096285425233293,1.000096190215914
AIZ.N,2609.0,0.8456172937502713,0.0532445751756096,0.2637319339347469,0.10580526453374334,0.26886633239278285,0.2689042962822665,1.000141199863686
EIX.N,2609.0,0.7201517203293256,0.06234667911254807,0.1815790796213249,0.0013123890969993675,0.27595293900925283,0.27599625084969354,1.0001569537204287
TT.N,2609.0,0.9953440002751911,0.04464558210538451,0.3718058468720775,0.21301608779482545,0.2665379308909974,0.266570042031075,1.0001204749356694
DRI.N,2609.0,1.1600653909893106,0.0866455917060596,0.2929163782442187,0.10255813164389672,0.3499891404128172,0.3500366001004144,1.0001356033148376
EFX.N,2609.0,0.9553946122423576,0.06663248113151275,0.2675982969685551,0.0644195831281343,0.3015678514318161,0.30161020917972825,1.0001404584331886
CINF.OQ,2609.0,0.9520538739576484,0.05563707869641513,0.30290435089438217,0.09871341366746131,0.2824572297214843,0.2824949908540536,1.0001336879661624
HLT.N,2609.0,1.0621246180419908,0.05169143742961909,0.36792289279566603,0.17852836203112904,0.28591767000952684,0.28595232882442895,1.000121219562614
CB.N,2609.0,0.814004326990016,0.03709004672292125,0.32271638938158254,0.09489810670849014,0.23396997522641355,0.23400036527990864,1.0001298886896308
WMT.OQ,2609.0,0.3561161566570753,0.04139199086273475,0.07554524105395866,0.16381936949828008,0.21155926453612947,0.21159677117859957,1.000177286693411
COIN.OQ,1230.0,2.388196403997158,0.5835160670173997,0.1703138183248889,-0.07636063562285511,0.8382869837451499,0.8576599560884056,1.0231101910430538
CBOE.Z,2609.0,0.49011223548902855,0.052468615247126774,0.10882058187418264,0.1306464313860783,0.2425961751393564,0.24263763625273066,1.0001709058823802
KEYS.N,2609.0,1.0365164239167015,0.06585063717574742,0.30321252593450987,0.19030106837456084,0.30735943232437457,0.30740050441761874,1.00013362886876
CHRW.OQ,2609.0,0.5658124331486495,0.06500438258750843,0.11610653562087359,0.09199648343771245,0.27113655866250197,0.2711825186782286,1.0001695087374176
TYL.N,2609.0,0.7433451601413683,0.06429571269423949,0.18647629883504413,0.0924445308676555,0.2810752620959879,0.2811191139470921,1.000156014623191
SMCI.OQ,1556.0,1.311365700582857,0.5196578320065884,0.10158813159228397,0.38598615332825503,0.7602935547680492,0.752002277883834,0.9890946374170636
PM.N,2609.0,0.6153896364599767,0.04659121869681565,0.17816936126626037,0.05808432240531638,0.2380551565447427,0.23809267583997068,1.000157607572012
ES.N,2609.0,0.513710293499773,0.04961046840222734,0.12425034228649545,0.026697961977081085,0.23796517103905956,0.238005136596912,1.000167947089391
LII.N,2609.0,0.890703539352821,0.05709897881673711,0.2703866276151192,0.13115113843320877,0.27969486948851524,0.27973400543805665,1.000139923730503
NWSA.OQ,2609.0,1.0397935582348878,0.056354522308636745,0.33849538899827325,0.06475657583270683,0.2918197429525915,0.291856764023078,1.0001268628027422
FIX.N,2609.0,1.2372205920564894,0.1255577148414495,0.24537762714838351,0.33725142181088336,0.40782475603230867,0.40788377625051503,1.0001447195574407
GEV.N,460.0,1.546220493363601,0.2513303276774962,0.11632477172047861,0.8794502757168151,0.5327242965450044,0.5613136948876635,1.053666405921555
NDAQ.OQ,2609.0,0.8070394716688756,0.03805802941679924,0.31340122431396644,0.1556328256712783,0.23539018945718235,0.23542118446600915,1.000131675023918
BAC.N,2609.0,1.300621471613329,0.04870998050620884,0.4808623754924827,0.11437749505998415,0.3062558880612632,0.30628637924654367,1.0000995611397825
HOOD.OQ,1154.0,1.8515827184991702,0.4340354622064851,0.1449219853379068,0.2572584688848112,0.7121497447342842,0.724873322057828,1.0178664352794105
RJF.N,2609.0,1.2427989468129683,0.05305879315861608,0.437071240970616,0.13758036162099346,0.3069507420087657,0.3069838801126379,1.0001079590283943
CAG.N,2609.0,0.3791273927164636,0.060329505330932405,0.059750052463906855,-0.06175701126148387,0.2532561178432938,0.25330178385493907,1.000180315532095
FIS.N,2609.0,1.0076680864641019,0.05995883840053591,0.3111455901904794,0.008915658567457655,0.29497119379278125,0.2950101617227548,1.0001321075779384
PHM.N,2609.0,1.2150767374706979,0.0882363583788559,0.3085743056487017,0.18198015021553787,0.35716406138892853,0.3572114215801832,1.0001326006627613
FFIV.OQ,2609.0,0.9049967680651203,0.061239672412772936,0.2629229496540215,0.09349635723681576,0.28818854004283256,0.28822927693331696,1.000141354997941
DG.N,2609.0,0.42627863719866516,0.09474260795292967,0.04866638140406243,0.059282239501617345,0.31551714793132524,0.31557471116332547,1.000182440898625
WDC.OQ,2609.0,1.5448294102024105,0.15211505860003685,0.29500496060653303,0.12885872180161445,0.46441880433252164,0.4644815950538829,1.0001352027970778
EL.N,2609.0,1.0409448811934248,0.09154369315437969,0.23995119961675104,0.016736095730570045,0.3469845980225641,0.3470351745489479,1.0001457601480643
VLTO.N,590.0,0.9912915943428424,0.039626309818002844,0.2560732058740717,0.09117663806087756,0.23059916506076894,0.25656513967222,1.1126022056697749
PEP.OQ,2609.0,0.489859459913633,0.03004184317731921,0.1756281032429795,0.03497521739681,0.1908615385491459,0.19089171278239098,1.0001580948863478
TRGP.N,2609.0,1.7321783902296868,0.20753101314219555,0.2783000620928454,0.1854110371276201,0.5361420754684098,0.5362162808630037,1.0001384062135565
USB.N,2609.0,1.1980748017118488,0.05035929040509407,0.43189110762963867,0.021593889118696738,0.29767388082452223,0.2977063131157933,1.0001089524253228
AOS.N,2609.0,0.8771310398277042,0.04964067040645882,0.29247441459980716,0.05383078661078219,0.26482834496291113,0.26486427900942705,1.000135688068137
MSFT.OQ,2609.0,0.8796733828356916,0.048379802225015874,0.2990386363741252,0.2091413466810343,0.2626647090538692,0.2627000188808838,1.0001344292773162
TRV.N,2609.0,0.8150788545818118,0.04131467197827544,0.30015772552406306,0.09117393666882324,0.24292308630675985,0.24295569014972793,1.0001342146745449
PAYX.OQ,2609.0,0.9104978699140239,0.03774922845341536,0.36937922810615686,0.0726241435908701,0.24461699454885036,0.24464657859762803,1.0001209402839415
HBAN.OQ,2609.0,1.3118546145647267,0.07010305872307208,0.3956864554788063,0.04348980168465589,0.34052895186583987,0.34056841759920514,1.0001158953831943
COST.OQ,2609.0,0.5001532421788365,0.03978148660799009,0.14362882799919485,0.17029631211087629,0.21548954623223052,0.21552493631335484,1.0001642310810113
WSM.N,2609.0,1.1995496034059525,0.14763056555181436,0.20632703439745315,0.17489831068684028,0.431205280030146,0.431270912928082,1.0001522080108374
PANW.OQ,2609.0,0.9075486107732188,0.12809117889587773,0.14639663587638507,0.17738553922478226,0.38730069330299893,0.3873640945529385,1.0001637003264798
MLM.N,2609.0,1.05657238154578,0.06187303824242691,0.3248847839164696,0.14653380803865862,0.3026763547878756,0.30271554316248006,1.0001294728642809
EVRG.OQ,2609.0,0.5535040598426629,0.04269664821525316,0.16063901289942695,0.05177778395255818,0.22549619802266427,0.22553249596647834,1.0001609692053897
TXN.OQ,2609.0,0.9967137654425721,0.0591820337197046,0.30925817572937386,0.11129410503971379,0.2926535441630884,0.29269231183754835,1.0001324695197893
MKC.N,2609.0,0.448517665794719,0.04761965595973353,0.10126490574019453,0.0449189122586967,0.23014100139455315,0.23018066728859835,1.0001723547468935
ISRG.OQ,2609.0,1.0613547273432244,0.06886728748319376,0.30375558567721617,0.2157352317764221,0.31444330243052493,0.3144852883871168,1.0001335247285197
CMG.N,2609.0,0.7927456354419412,0.10542784998853129,0.13717895979457417,0.1303433405435803,0.34948942043188735,0.3495472497144307,1.0001654679059293
CPT.N,2609.0,0.7647790820515461,0.04211366089572794,0.2703007790193065,0.0396205341781688,0.24019075022805225,0.24022436256804777,1.0001399401932156
LLY.N,2609.0,0.4753849601702586,0.0766482049627061,0.07290659066499472,0.24590244662712646,0.2874788967099159,0.28753000835163733,1.0001777926738498
MET.N,2609.0,1.3024256737695599,0.04675770842133734,0.49177308087429195,0.05876155181765654,0.3032595589438346,0.30328911727918795,1.0000974687672048
T.N,2609.0,0.5957320498152985,0.04409997028906877,0.17671326827564526,-0.004355074105210848,0.23139837903246704,0.23143491378066425,1.0001578867939782
FAST.OQ,2609.0,0.8123228973831722,0.05065547461152278,0.2578543915590187,0.1336421765087875,0.26120732732333685,0.26124450416962197,1.0001423269655798
COR.N,2609.0,0.6228613967909725,0.05848714574008511,0.15032454112163285,0.11404303312692361,0.2623133528222663,0.26235609602537013,1.000162947111323
XYZ.N,2609.0,1.7061120830588417,0.24437638298665915,0.2410990042246014,0.15492082468798266,0.5673535504426933,0.5674361231017708,1.0001455400411492
ROST.OQ,2609.0,1.0224468134541365,0.0693656492172526,0.2867169221733049,0.11670574960493509,0.3117869899966349,0.3118296400108513,1.0001367921548519
CPB.OQ,2609.0,0.19390249577239227,0.06009341559084097,0.016413711061260994,-0.061257950352216956,0.2471291261915131,0.24717574105484474,1.0001886255337444
UBER.N,1733.0,1.3710378558526857,0.18969177169330298,0.24090886721676363,0.09826947796496341,0.4997489350742527,0.48970293597494186,0.9798979079408779
MTD.N,2609.0,0.9941979789619383,0.05495828072996898,0.3241859753756917,0.13654607595670046,0.2851147536713321,0.28515170650281396,1.0001296068723418
RTX.N,2609.0,0.9812383550643476,0.04677259090261746,0.35444310735002227,0.11344727914259972,0.2691195046077317,0.2691528228274111,1.0001238045519145
INTU.OQ,2609.0,1.0571980223025066,0.06679401384817188,0.30858182454209515,0.18606435816472539,0.3107528335087669,0.3107940390923807,1.0001325992208936
AMP.N,2609.0,1.5230742443607777,0.0507492098688233,0.5493827877669013,0.14755913595790232,0.3355270019582917,0.33555599845030826,1.0000864207406477
MTB.N,2609.0,1.1969519512335767,0.06615500042615333,0.3661353698905847,0.04910697412605324,0.3229979760690295,0.32303724046282084,1.0001215623523998
VLO.N,2609.0,1.2707236595648774,0.11416650870979321,0.2739102237643031,0.08054283376507315,0.39645228137357613,0.39650748657259816,1.000139248029626
ECL.N,2609.0,0.970233473418691,0.03562844990948051,0.4133897120666936,0.08024601757064953,0.24639979848979388,0.24642751857547707,1.000112500439745
PSA.N,2609.0,0.529871446770158,0.04577354663925644,0.14059747050399973,0.008338370086446147,0.23074148864085314,0.23077951769325283,1.0001648123734648
KKR.N,2609.0,1.3961459281215212,0.07676980244116315,0.4037729881028256,0.20296478008157207,0.3587617300907358,0.35880275256976507,1.0001143446348608
INVH.N,2325.0,0.8342616339767184,0.046689426964185494,0.28474904020346037,0.03565328193140053,0.2554386382302776,0.2554325158999042,0.9999760320896797
MU.OQ,2609.0,1.4759332026292027,0.16685195863602192,0.2582825219808015,0.290104800684493,0.4742017147923575,0.4742691675515255,1.000142244865558
WELL.N,2609.0,0.9714406353880249,0.0748308877567687,0.2516993812731959,0.09694600471108376,0.316168878446433,0.3162142509804632,1.0001435072745084
AKAM.OQ,2609.0,0.746272931250395,0.08782858472310247,0.14466120357548184,0.048824759659887265,0.3203801340318742,0.32043268698254457,1.000164033112818
VST.N,2255.0,1.0168145530600212,0.14977085582825786,0.15893147984290812,0.2643431303902944,0.42189230725770666,0.42111364737703677,0.998154363406787
DHR.N,2609.0,0.7514485855280368,0.04520140022553922,0.2499232963536887,0.125550400918774,0.2454368834795535,0.24547218905080825,1.0001438478632643
PCAR.OQ,2609.0,0.9160662161878551,0.04377312340113065,0.3383307948550368,0.13063221186694346,0.2571579938291889,0.2571906257298978,1.0001268943664672
PFE.N,2609.0,0.5316562479316299,0.04770797795252093,0.1364606337012797,-0.019909397087273715,0.2350017826426732,0.23504070026607243,1.0001656056518449
GM.N,2609.0,1.3424427452697716,0.08084376139460363,0.3728697715933642,0.08420000851465796,0.35897244284145613,0.35901561678335153,1.0001202709086905
AMGN.OQ,2609.0,0.5809438779285675,0.049620236254663136,0.15355461743048304,0.06773540103458559,0.2420731746854906,0.24211246986993487,1.0001623277114258
AXON.OQ,2609.0,1.0426646653080687,0.18697125587061716,0.13426260065065654,0.33727528085192476,0.464634073323748,0.46471121519270847,1.0001660271456387
NEM.N,2609.0,0.3855446469960532,0.11857128696743101,0.0323549194994307,0.16791795203213647,0.3499842030541123,0.3500491491747215,1.0001855687200807
CSCO.OQ,2609.0,0.8462653757325524,0.042280737932080814,0.3111894108117318,0.10070667257542068,0.24770689405559432,0.24773961593185004,1.0001320991746332
PLTR.OQ,1370.0,1.4821093254060138,0.4183895028856959,0.09973209682307804,0.5387808321601221,0.6814685709976207,0.6906199218014293,1.0134288669988283
AVB.N,2609.0,0.7991036742255582,0.04180269926475576,0.28948666903334597,-0.0014907269540956243,0.2425117410546773,0.24254478595040332,1.00013626101393
HPQ.N,2609.0,1.2050267896137181,0.0782641586015127,0.33104233000987604,0.06106395476121594,0.34197854766330815,0.3420224207931008,1.0001282920525056
FTV.N,2492.0,1.0630438031847924,0.03767457742269319,0.4431703791216912,0.07200958636840984,0.26006136622325626,0.2603919275619751,1.0012710897566963
ETN.N,2609.0,1.141411536147651,0.04899044363830452,0.4149638444370899,0.17498412684876213,0.28932173107711806,0.28935419256124384,1.0001121985687178
GNRC.N,2609.0,1.2467976509029626,0.15144307593841755,0.2149332174144971,0.14699555094679898,0.43912496884864644,0.43919108248052063,1.000150557669375
DPZ.OQ,2609.0,0.4954741102476079,0.07926545968466256,0.0763030452864476,0.12758159728915172,0.2928828604392558,0.2929347421130045,1.0001771413788805
MGM.N,2609.0,1.746910582638733,0.12132052095096091,0.40152218730846345,0.04576303160676206,0.4501526675501145,0.45020433439399815,1.0001147762694929
AJG.N,2609.0,0.7725117172644035,0.03299973015811848,0.32539138690469105,0.17810086398091954,0.22112913928252315,0.2211577480229794,1.000129375714793
MPC.N,2609.0,1.4275831556970993,0.1091546734694259,0.33243587961180754,0.11043140618393142,0.40428850761512247,0.40434026657692945,1.0001280248160214
ARE.N,2609.0,0.8705090250363327,0.05659277049516198,0.2631570201371982,-0.05922885077174773,0.2770829001338238,0.27712205474936297,1.0001413101115957
AFL.N,2609.0,0.9852845441375162,0.03796487496729181,0.40547600723993515,0.12589400151809135,0.2526521603524618,0.25268096725856876,1.000114018047844
CTSH.OQ,2609.0,1.0212873184278561,0.049651746940778105,0.35909502957052575,0.03131047047974816,0.2782833154273203,0.2783175199152001,1.0001229124636066
DDOG.OQ,1639.0,1.0413789627653351,0.2871142761368834,0.11050619261052885,0.1978650456397209,0.5679672840005355,0.5621637615728756,0.9897819423915015
CF.N,2609.0,1.1088181901365766,0.1250072461122868,0.20781106841237795,0.06174764371938749,0.39716405019689804,0.39722438872138016,1.0001519234292535
ANET.N,2609.0,1.115429085373471,0.1586344550683577,0.17300007375354953,0.3181014244624716,0.4378877008913953,0.43795714937272895,1.0001585988398218
GOOGL.OQ,2609.0,0.8713114907361419,0.0599844251800441,0.2523751190530975,0.20140644454006743,0.2832005546876489,0.28324115932967997,1.000143377692448
GIS.N,2609.0,0.25263964219177726,0.043942887850206225,0.03729594458438179,-0.02077733524855129,0.2136065760696849,0.2136460123826977,1.0001846212496752
IQV.N,2609.0,1.1313138231791227,0.055636416470165234,0.38025475324897595,0.11482025791391695,0.2995640507027,0.2995996552988423,1.0001188547025546
TAP.N,2609.0,0.7346672368982822,0.06270600336639384,0.18671156855322213,-0.06752784295234981,0.27761887206353114,0.2776621721422896,1.0001559695075362
NCLH.N,2609.0,2.0676986652857354,0.2544236584481426,0.30948742255240547,-0.09323242349007434,0.6068895673831125,0.6069699350727532,1.0001324255580586
STX.OQ,2609.0,1.131347858914082,0.13344231645559662,0.20371450761106213,0.19477137300329073,0.4092880894454496,0.4093505914180284,1.000152708994448
TECH.OQ,2609.0,0.8835825223827377,0.0810694070659827,0.20436462777589282,0.09280212457412633,0.31914509865432045,0.31919379519411606,1.0001525843260666
BFb.N,2609.0,0.6926546023785849,0.05661849745554085,0.18434661261896068,-0.037552590552564456,0.26341655756288346,0.2634577619749516,1.0001564230147464
JCI.N,2609.0,1.0103579394954874,0.04724831106225013,0.36558698228281505,0.13456804305494546,0.2728499154618751,0.2728831124332209,1.0001216675155995
FOXA.OQ,1775.0,0.8571783795045044,0.07643189753504628,0.23248274809885927,0.08643359282540951,0.3154792559251235,0.30987369945012827,0.9822316162799444
KR.N,2609.0,0.1762213534187727,0.08029061196342231,0.010210559071572978,0.03875455939420678,0.28475915652559636,0.2848132080904298,1.0001898150194464
AZO.N,2609.0,0.5993322631435551,0.05677279358339644,0.14438664163128123,0.1467955189232454,0.2575420072714506,0.2575842662481619,1.000164085762781
KDP.OQ,2609.0,0.4435148054630293,0.04724648762083994,0.0999468852850881,0.06028368487095969,0.2290695783543612,0.2291091174789035,1.0001726074881978
BDX.N,2609.0,0.5543864759075513,0.0449272716811403,0.15430601613971562,0.024732647674539393,0.23044385110282758,0.23048122532150822,1.0001621836230465
L.N,2609.0,1.0412079560008343,0.03541662241984212,0.44947142641359983,0.09744363062219387,0.25358897040666195,0.2536157445924247,1.0001055810342216
WDAY.OQ,2609.0,1.0614639473303578,0.1141058370898495,0.2084627266904574,0.09577696437667285,0.3796076601025584,0.37966528396297633,1.0001517984658221
EQR.N,2609.0,0.7959086258156716,0.044002785475121965,0.2774425401160545,-0.009447414856008501,0.2467292349262568,0.24676342435821086,1.0001385706560646
BRO.N,2609.0,0.7554274240560911,0.03621814606609709,0.2959014708374238,0.1547893083662232,0.2267582577141281,0.2267888770806287,1.0001350308774166
OXY.N,2609.0,1.3958552445030312,0.2001837181541174,0.20609782726395565,-0.04798810081542054,0.5020507295688638,0.5021271677785123,1.0001522519640877
DTE.N,2609.0,0.660887139336389,0.03671867579146133,0.2408512401178804,0.06150568918529713,0.21988559743310776,0.21991761003923097,1.000145587553241
MCK.N,2609.0,0.6416785898056022,0.07001544319814104,0.13558670384766924,0.1376666993928602,0.2845462876608372,0.284593457819805,1.0001657732362477
APD.N,2609.0,0.9015672527028988,0.04316506559115064,0.33433097243110266,0.06950399153657591,0.25459727406598176,0.2546297763104526,1.0001276614001076
CI.N,2609.0,0.841932949028233,0.07278070716576866,0.2062058733460609,0.061019232347121075,0.30274077403261956,0.30278686063754473,1.0001522312449402
ZBRA.OQ,2609.0,1.3105144633284966,0.10812295931678101,0.2975863778607518,0.12062365175480405,0.3922646942522584,0.39231753535464065,1.0001347077704328
ADM.N,2609.0,0.8019584343618023,0.05653302489508351,0.23279240102435506,0.04340498344431879,0.2714009640853484,0.27144089610780076,1.0001471329425335
PNC.N,2609.0,1.2049992683874144,0.04698129427584408,0.451854636858104,0.07571656461467483,0.2927058067621997,0.2927365771683863,1.000105124003268
LIN.OQ,2609.0,0.9192227109819356,0.028059413670795823,0.4454267109576838,0.1377807061590774,0.2248933138635203,0.2249172327727476,1.0001063566933868
LYB.N,2609.0,1.3790311775842505,0.0724027977225148,0.4119594702315845,-0.06282486953017001,0.3508251875330809,0.350864751744264,1.0001127747168364
FITB.N,2609.0,1.4874781768075955,0.07055900000913855,0.4554501447208684,0.08165389580001194,0.3598935863357421,0.35993117163826477,1.0001044344882757
CCL.N,2609.0,2.0163626235805103,0.21077283975954345,0.33971177045142964,-0.05590520630003608,0.5648813907443946,0.5649529214155615,1.0001266295408895
MCO.N,2609.0,1.1294300996776154,0.03960037547911441,0.4621225480977057,0.15719927928987892,0.2712843274362493,0.27131231174716325,1.000103154911964
PTC.OQ,2609.0,1.057373796870069,0.07458846414814384,0.2856108406925886,0.1560430661666194,0.32306144152003674,0.32310570231462415,1.000137004262654
CMCSA.OQ,2609.0,0.7401217351402681,0.04998111988913563,0.22619631941073304,0.005570293855283739,0.2540997968894034,0.2541375047470775,1.0001483978269001
DOC.N,2609.0,0.9231486913049496,0.06412801308443616,0.2616906963024651,-0.07460476549934128,0.2946601757429378,0.2947018970602857,1.0001415913000211
EQIX.OQ,2609.0,0.6736533608911371,0.05934653426276096,0.1694034114037002,0.08979278497079811,0.2672509954360164,0.2672935654565878,1.0001592885388582
ALB.N,2609.0,1.427611925733076,0.1612347122390364,0.2521377219718376,0.08947452237341252,0.4642321153472229,0.4642986970104652,1.000143423216622
BEN.N,2609.0,1.239285145304061,0.0636346149226385,0.3916274292823585,-0.03375331088361746,0.3233542844268939,0.3233920113931219,1.0001166737787157
RCL.N,2609.0,1.9014722707127756,0.17649940251860408,0.35332650808792065,0.09791464695680492,0.5223310128315297,0.5223957916339718,1.0001240186794402
HII.N,2609.0,0.7635857063706727,0.07254417732844301,0.17652889211114275,0.09525060964630222,0.296752112296047,0.296798976027681,1.0001579221501455
AVY.N,2609.0,0.9958791351742219,0.04318084488585463,0.3798831728841079,0.10292725509584383,0.2638308226969548,0.26386219903081526,1.0001189259599759
OTIS.N,1509.0,0.7573468277017157,0.04681137819986801,0.25161953370890777,0.10983799359933788,0.2500175226350802,0.2492064254129579,0.9967558384965435
EMR.N,2609.0,1.170484110031586,0.04257612927877879,0.4618624041424835,0.09857735692751089,0.281224493275717,0.28125351699334905,1.0001032048001721
FANG.OQ,2609.0,1.414388750825048,0.19379975661142415,0.2158834653765851,0.08164893423325047,0.4970533781397542,0.4971281227639094,1.0001503754474719
ROK.N,2609.0,1.135925762080714,0.05860615216197592,0.3699731232188336,0.1287357678419678,0.3049360622898146,0.304972906614553,1.0001208263937749
DIS.N,2609.0,0.9631697343542124,0.053308731216479444,0.3170115456653664,0.007674641332709866,0.2793246183509832,0.27936120503990153,1.000130982686504
KHC.OQ,2609.0,0.5954100148739957,0.06348473239064135,0.12963409920140023,-0.10612684305831366,0.2700227989780327,0.27006786975368907,1.0001669147043395
NEE.N,2609.0,0.5965801178767625,0.05206847258784588,0.15420012894375634,0.10899866767624693,0.24806776494675742,0.24810800251264176,1.0001622039279991
ADBE.OQ,2609.0,0.9760855264581004,0.08579135203999426,0.22851476310776253,0.12703816485859057,0.3334069650533388,0.33345629369251495,1.000147953235375
VRSK.OQ,2609.0,0.6893963248309058,0.03899518788645287,0.24532477638280903,0.10315825252097047,0.22727003801810153,0.2273029307407711,1.000144729692292
ALLE.N,2609.0,1.015023070599435,0.0411365677273,0.4004805674690035,0.08517629054462336,0.2618961512733996,0.2619262630505792,1.000114976020202
BLDR.N,2609.0,1.6415194973066563,0.15027765950773264,0.32352297562566856,0.21524980119481882,0.4712348573688833,0.4712959925582121,1.00012973401346
CRH.N,592.0,1.3198647425724015,0.061190597444886106,0.2837038880232099,0.33846759171162943,0.2920305693915425,0.32807990695409855,1.1234437122033707
LITE.OQ,2609.0,1.241258133258803,0.2369213918162674,0.14781202008062855,0.27216133136876675,0.5271705704851282,0.52725672539814,1.0001634289124532
NRG.N,2609.0,1.0243850546771613,0.12199140791312339,0.1866154343709835,0.2515999851930634,0.3871982450577567,0.3872586433152901,1.0001559879423638
ACGL.OQ,2609.0,0.9410877708094096,0.04918548077415164,0.3244436752203558,0.14174954649087124,0.2697766766303483,0.2698116282097614,1.0001295574541493
GOOG.OQ,2609.0,0.8703386678292454,0.05955649539507565,0.25330557229303985,0.2040576473109851,0.2823643304247186,0.2824047647893397,1.0001431992651488
KIM.N,2609.0,1.1726460396822493,0.07456107053481363,0.3297134488277874,-0.025315961448232498,0.3334590715857949,0.3335019367116128,1.0001285468876706
CPAY.N,2609.0,1.193621288559879,0.062196618352081255,0.37925644369679223,0.07191250106167303,0.31647834466956926,0.31651602019707953,1.0001190461469003
BKR.OQ,2609.0,1.2720506861866134,0.10793432190151266,0.28564083583163713,0.03363559130415593,0.38863167600909315,0.3886849179698918,1.0001369985106345
GRMN.N,2609.0,0.9156191476200077,0.05379511186026819,0.29361717587911507,0.1639076776337717,0.27591039576288645,0.27594777304791157,1.000135468926141
CNC.N,2609.0,0.8123398348877678,0.12993734312440802,0.11929600343960933,0.021597173213560413,0.38403316333408066,0.3840980254326647,1.0001688971286253
AIG.N,2609.0,1.3221798354390584,0.05635756746257288,0.45275601291239775,0.031145094690599805,0.32085022090746224,0.32088389450561977,1.000104951145311
SBUX.OQ,2609.0,0.92355549592308,0.05908120772516622,0.27801083344616717,0.03269231465239312,0.2860066056550391,0.286046206609413,1.0001384616774258
REGN.OQ,2609.0,0.5208289980313624,0.09636424086111499,0.06983734436989764,0.03399404288665493,0.32180680577647397,0.32186421006833765,1.0001783812238687
JPM.N,2609.0,1.139150382921846,0.03886026746057944,0.47108348105735987,0.15310524729007396,0.2710042172623311,0.2710317069703673,1.0001014364584948
MAR.OQ,2609.0,1.1995472129481692,0.0651674247433844,0.3706428961068784,0.14797941636671885,0.321723979704121,0.32176281112979027,1.0001206979526518
EQT.N,2609.0,0.8427306418659511,0.21179506898557107,0.08209450778715799,0.06142908304585163,0.48025916357508985,0.4803437039907572,1.0001760308226875
AEE.N,2609.0,0.49075097883942126,0.039853261513206686,0.1388075538372413,0.08086741878536467,0.21507926845440392,0.21511479000161104,1.0001651556073368
WFC.N,2609.0,1.2243636980721837,0.05982318552355613,0.40060638957134365,0.05207283302681793,0.31586058476572165,0.3158968935373551,1.0001149518913872
CSX.OQ,2609.0,0.9802741071470031,0.04912619008417211,0.34284831184096765,0.13840016374475425,0.27336345213908547,0.2733979036033832,1.0001260280554263
ABNB.OQ,1319.0,1.4273254756011702,0.16967173540330474,0.19722877823547402,-0.012253772219966558,0.45956192046748945,0.4732742327082836,1.029837790360971
NFLX.OQ,2609.0,0.7916547971844548,0.15888087806961404,0.09519407320816464,0.20320310059201446,0.4189621787322529,0.41903487657969235,1.000173518878624
SWK.N,2609.0,1.420275354204075,0.07214305057098368,0.42718691326094593,-0.035009604139219906,0.3548195228807049,0.3548585014198381,1.0001098545503266
VZ.N,2609.0,0.39293317315656756,0.035022837037183424,0.10521099231710307,-0.01221342129660796,0.19780263086493652,0.19783657341103986,1.0001715980518304
CASY.OQ,2609.0,0.6179957665585232,0.06333133865132887,0.13855832360720965,0.14716246764982485,0.2710897621356435,0.2711345470859559,1.00016520339964
TFC.N,2609.0,1.3278163163729622,0.0636502456812155,0.4248926647588954,0.025533480397839734,0.3326153676135112,0.33265205326545133,1.0001102945188713
ABT.N,2609.0,0.6832863240188755,0.041609715885924034,0.23033782398020053,0.09909719506162108,0.23246845277505335,0.23250276596481384,1.0001476036397665
MA.N,2609.0,1.0770982169472971,0.03832929226327158,0.4466880149293372,0.17084263031070301,0.26314618822488456,0.2631741119331545,1.0001061148119161
RSG.N,2609.0,0.5889468805904694,0.025589357059407986,0.2655334812997924,0.15186585336112662,0.18662095508978888,0.18664724147081063,1.0001408543912398
STE.N,2609.0,0.8252037875907612,0.04177502128193628,0.30302446272172856,0.11720381038939447,0.2447745688673215,0.2448072866436286,1.000133664932834
AMZN.OQ,2609.0,0.8310050631824201,0.08528359073990625,0.17761224597134273,0.18557980448318517,0.321966838691328,0.32201761749973884,1.0001577144050526
MMM.N,2609.0,0.8652796576221494,0.045580620871498334,0.3046448473881077,0.023175760271920476,0.25597850703973274,0.2560126428483948,1.0001333541985882
CDW.OQ,2609.0,1.0760893037326333,0.0539593170460909,0.3640214962969949,0.11354032871677984,0.29122504824277673,0.2912605682995689,1.0001219677256696
COO.OQ,2609.0,0.8573985450377719,0.05516610730570234,0.26222383924012194,0.08627251970416179,0.27339500960764274,0.2734336920111891,1.0001414890622982
WAB.N,2609.0,1.1566386780370295,0.060694619885932,0.3702353669538282,0.10615430185648797,0.3103864017717565,0.31042388903202717,1.0001207761037747
NTAP.OQ,2609.0,1.0982473144359315,0.08506195976164752,0.274414896220203,0.13477928150031052,0.34232627561850326,0.34237391074810686,1.0001391512512954
TTWO.OQ,2609.0,0.652444627123107,0.09949114416020698,0.10242967347970922,0.1926489747905688,0.33287002719073605,0.3329273245722076,1.0001721313930096
TSN.N,2609.0,0.6153552189349317,0.06593545913597766,0.13282873305666265,0.009135063813299836,0.2756917687536023,0.27573761687461534,1.0001663021033247
DVN.N,2609.0,1.6054024369968711,0.19288210606779677,0.26275105351031813,0.015080754091289828,0.5113939801635611,0.5114662851159251,1.0001413879614713
ORCL.N,2609.0,0.8123178163809339,0.08339444029637004,0.17426493061594484,0.16172856509537994,0.31773488974421404,0.31778520506245567,1.0001583562896794
EG.N,2609.0,0.8334234173301768,0.05321399502562676,0.2582399290931686,0.05960048116411044,0.2677922034079664,0.2678302976612067,1.0001422530333426
WBD.OQ,2609.0,1.1433087326355156,0.18545857751675623,0.15824200468289373,0.00745233925643395,0.4692956829581737,0.4693714408237234,1.0001614288566905
BX.N,2609.0,1.4181626851055547,0.07043948121931563,0.43231357747868704,0.16056173195017398,0.35218474693955837,0.35222308978886624,1.0001088714080921
TXT.N,2609.0,1.3090253767012858,0.06057177936520031,0.4300488796838653,0.07050519070917324,0.3259365633722466,0.3259721900997597,1.000109305710119
HCA.N,2609.0,1.0429007464462763,0.07283453758162983,0.2848424564040457,0.18660728030971682,0.3190689504001233,0.31911271122097834,1.0001371516119013
IEX.N,2609.0,0.8976675372438876,0.034511374575695634,0.3837672808603453,0.08139713958165912,0.2366058476777187,0.23663381001943964,1.000118181110042
FOX.OQ,1775.0,0.8795896367094189,0.07014950745024655,0.25789183888813094,0.07164367378616485,0.3073663141669436,0.3012923448045741,0.9802386628514195
MNST.OQ,2609.0,0.6917006438041033,0.054259764962560464,0.19040582676841222,0.10891279211352682,0.25883439651032814,0.2588745834211384,1.0001552610910762
PEG.N,2609.0,0.6113516638937787,0.03653954237333059,0.21434190716494184,0.07052797622251979,0.21561624566920157,0.2156487327975925,1.0001506710604764
VICI.N,2064.0,1.0827368406181814,0.0544227200988106,0.38838136250470456,0.036287327435196415,0.2982252993805453,0.2927093105364666,0.9815039540389894
MO.N,2609.0,0.49784217931494873,0.0446769307488535,0.1288921284520892,-0.0009169621335737073,0.2264239789368918,0.2264618046439496,1.0001670569841383
ETR.N,2609.0,0.6283279275063759,0.045046006927933493,0.18946981447034683,0.09608752500746984,0.235700375831545,0.23573701323519772,1.000155440582237
HWM.N,2609.0,1.3917745398718133,0.10824003227376051,0.3230958842436631,0.24041522960757997,0.39980396902454435,0.3998558699427061,1.0001298159152556
EXR.N,2609.0,0.6281488038843762,0.060568399620494866,0.1480323080763286,0.037621793069983235,0.2665803957819456,0.2666239514651072,1.0001633866700281
LMT.N,2609.0,0.534564640355312,0.04483825634175264,0.1452869151782873,0.07734965628462435,0.22899758562633318,0.22903512133653856,1.000163913126432
C.N,2609.0,1.4459677654824779,0.0528348448237628,0.5134963141810551,0.07853595103314659,0.3294836532622513,0.3295143950217618,1.000093302836745
EXC.OQ,2609.0,0.6908803625688207,0.04296097566348047,0.22859568737138347,0.07621346968569911,0.2359460758318551,0.23598098115567198,1.0001479377170983
CVX.N,2609.0,1.0185071368307714,0.056697009692266105,0.3279583016583614,0.050922461082128875,0.2904013886202878,0.2904388165578889,1.0001288834663598
F.N,2609.0,1.2649124056698726,0.08782663948068169,0.32700828962536244,0.0027323093598627447,0.3611810843036243,0.36122770037393076,1.0001290656469355
XOM.N,2609.0,0.8866397843986098,0.05459914698682666,0.27747130660603436,0.041943992150510485,0.2748413680146005,0.2748794514471453,1.0001385651396655
UDR.N,2609.0,0.8228532467826077,0.045159605360624376,0.28566215326335165,-0.002315638740436427,0.2513853478244074,0.2514197862150069,1.000136994422696
STZ.N,2609.0,0.7645373652690847,0.05344979854787236,0.22581408741597442,-0.0030866928807650787,0.262704266553944,0.2627432705518898,1.0001484711248028
ROL.N,2609.0,0.590903359154054,0.051069444617535584,0.1542328863330148,0.1607922167906476,0.24568118171187173,0.2457210306213187,1.0001621976464348
TJX.N,2609.0,0.9110749813843787,0.04388785525168582,0.33530534647176546,0.14161382302540582,0.2569081064918324,0.2569408557364436,1.0001274745474498
BR.N,2609.0,0.7653648805840716,0.036645472348025364,0.29891215879465594,0.13753871278226087,0.22858128318707321,0.22861201674780024,1.0001344535313588
HIG.N,2609.0,1.0621262019009474,0.05271144548028406,0.3633911788121684,0.11145976263139946,0.2876953608778182,0.2877304852017546,1.0001220886003486
NXPI.OQ,2609.0,1.3882637176528523,0.10075847651064178,0.3378238454577226,0.09141015003216572,0.39000551599958827,0.39005504341729796,1.000126991582626
FISV.OQ,2609.0,0.9443265531962745,0.08354064808162173,0.22161352169812287,0.03713568024738209,0.3275427572448985,0.32759165172616506,1.0001492766369735
EXPD.N,2609.0,0.748764828599039,0.04203442508225118,0.26239877316485194,0.11543620358844058,0.23867584168120778,0.2387096036956053,1.0001414555162336
RF.N,2609.0,1.475183405934757,0.07040459644394473,0.45187883735723466,0.10023694849052887,0.35832651328852627,0.35836418034310175,1.0001051193623094
AMD.OQ,2609.0,1.4030716108546457,0.2723856038835057,0.16161243116331458,0.41653034308126596,0.5698838927615478,0.5699755201426047,1.0001607825422347
BMY.N,2609.0,0.4856318243823736,0.056046162599241084,0.10090827988033768,-0.023489033764751737,0.24962476220688837,0.2496678032904257,1.0001724231328528
PRU.N,2609.0,1.4454808541641295,0.045506651901054636,0.5504866588061388,0.03156782383042757,0.3181140648946203,0.31814148920468177,1.0000862090460243
PPL.N,2609.0,0.7064751826679799,0.03757142558005935,0.2616197950879243,0.002486441591663757,0.22553063171406743,0.22556256795579152,1.0001416048963343
BKNG.OQ,2609.0,1.1877709562637537,0.06241516576417484,0.3761223341155374,0.13862273355803534,0.3162365525166076,0.31627438932523577,1.0001196471702183
TEL.N,2609.0,1.192948350195221,0.03570182658517046,0.5153115780069383,0.12158830930107697,0.27135049447456727,0.2713757177830703,1.0000929547172996
META.OQ,2609.0,0.9797167056026573,0.11988620112051074,0.17596687027023739,0.177883524523134,0.3813545963228229,0.3814148617607108,1.0001580299240367
APA.OQ,2609.0,1.7680693623492623,0.2802915961647789,0.22926917095450738,-0.057738393987896444,0.6029348608869612,0.603023979825276,1.0001478085678834
COP.N,2609.0,1.2420036603611115,0.10356618419428963,0.2843170274336263,0.06718781755960275,0.3803341895509541,0.38038639132016566,1.0001372523707983
DAL.N,2609.0,1.5049130746327362,0.10820910744738087,0.3582463489671609,0.030344143421687307,0.41054848647654735,0.4105990148190379,1.000123075213172
ESS.N,2609.0,0.8128748733451826,0.04784797060199735,0.2691826817385172,0.008591067309631564,0.25582563935157593,0.25586149449289397,1.0001401546045539
DELL.N,2430.0,1.1405510106207828,0.12699111798483048,0.20990473608655658,0.23199018353068038,0.40082751647824233,0.4020872639901694,1.0031428668445608
WM.N,2609.0,0.5455253970770935,0.028183954125004563,0.21974499693247196,0.1366788216040058,0.19002003889433652,0.19004847253340743,1.0001496349502734
ED.N,2609.0,0.32914336875827876,0.04006916476715577,0.06726261143757262,0.042040631781029646,0.20722501229657395,0.20726207965969293,1.000178874947132
GILD.OQ,2609.0,0.4583767219172316,0.058015640965594875,0.08808626213512072,0.018648227873997437,0.2521810160916082,0.25222511797618885,1.0001748818577392
LEN.N,2609.0,1.1899996988351749,0.09330577682605033,0.28815446068922845,0.07663361653410705,0.3619746064290895,0.36202402193005395,1.000136516485098
LULU.OQ,2609.0,1.0305163450543948,0.12962600259106768,0.17932581800698566,0.13294305135952805,0.39735382759711574,0.3974163654505571,1.0001573858085615
AMCR.N,1711.0,0.9642414906788043,0.04949569243113769,0.37665861069492057,-0.04316302708462121,0.2817044425704465,0.2725522327484451,0.967511304619512
WAT.N,2609.0,0.8986225519472072,0.06319687976088363,0.2541826407410305,0.10021708376500767,0.29103706122029727,0.29107868856405594,1.0001430310750945
JNJ.N,2609.0,0.4225549555940215,0.028015995969926044,0.14528937175777568,0.06765754515897997,0.18101318206414752,0.18104285241547452,1.0001639126553583
SWKS.OQ,2609.0,1.317231197735257,0.10686674714076462,0.3021865696683831,-0.018542487548576507,0.39126261692771763,0.3913149778868682,1.000133825611968
DOV.N,2609.0,1.1217631694148726,0.03606241982802515,0.4820486477518282,0.13256768942754435,0.2638151117067573,0.26384131742358613,1.0000993336456705
NKE.N,2609.0,1.0001560708036041,0.0710941661980332,0.2728756043413245,0.0018520869318827725,0.3126290613605013,0.3126726563679649,1.0001394464330151
DD.N,2173.0,1.2830615221096036,0.058818283568454005,0.4408410708600077,0.0006367816776688698,0.3242563893330276,0.3204840484652291,0.9883661787650263
DVA.N,2609.0,0.7374522221798965,0.09336154741518186,0.13447291193258848,0.047176616816038075,0.3283676844895872,0.3284221891961616,1.0001659868164527
DLR.N,2609.0,0.6461793786615634,0.06584566011795852,0.1446667704905792,0.06914126591168414,0.2774039416614679,0.2774494447973949,1.0001640320453071
HAL.N,2609.0,1.597531090359241,0.1443213299763212,0.3204919525347446,-0.017974093317399624,0.4607705155241875,0.4608305609545645,1.0001303152618362
TPR.N,2609.0,1.5367217521577865,0.12698411206495241,0.33155785642502367,0.13154802621338288,0.4357721825644521,0.43582804559138333,1.0001281931916868
TER.OQ,2609.0,1.3375353407272088,0.1269988213262975,0.2731083281078891,0.21605973568199432,0.4179089966603332,0.417967253928725,1.0001394018048364
CARR.N,1509.0,1.083202009867988,0.09873434203590097,0.24590205215865246,0.24755147854623152,0.361723058347491,0.36057901329123443,0.9968372349236372
APTV.N,2609.0,1.594143533323222,0.09483709279483166,0.41681165610315485,0.005596984269781855,0.4031822652836134,0.4032273588872348,1.0001118442141539
AON.N,2609.0,0.7121784791268582,0.0374932475401436,0.26514376770432047,0.12962782167646603,0.22583542163339432,0.22586724842162356,1.0001409291243997
CRM.N,2609.0,1.0239909692588407,0.08988694733045463,0.23730251661955926,0.11760317631754963,0.34323287739412855,0.34328308140409514,1.0001462680683382
LRCX.OQ,2609.0,1.4766737829315524,0.12206438268986874,0.32270839900146975,0.296580577401146,0.42444689081977766,0.42450202232061834,1.0001298902219173
EME.N,2609.0,1.0922859629830024,0.07138103890128526,0.3083434580248896,0.2457560300760701,0.3211906614699386,0.3212332657832159,1.0001326449314634
JBHT.OQ,2609.0,0.8609572933432318,0.06317637885752184,0.2383513328451885,0.09409967587761486,0.2879497750168007,0.2879918349604272,1.000146066943876
ITW.N,2609.0,0.9639348518965193,0.02895527128760707,0.4611773559877609,0.09440559471127014,0.23177021405567313,0.23179416430258648,1.0001033361729026
J.N,2609.0,0.9751347347375238,0.04647332202111118,0.35305759720639074,0.12947129427369053,0.2679697508354656,0.2680029979088599,1.0001240702478196
XEL.OQ,2609.0,0.4393784327063934,0.04000652372980178,0.1140302223399211,0.06965550459907219,0.21245779820111568,0.21249389624459572,1.000169906888736
APH.N,2609.0,1.0331816042646964,0.03662408344023639,0.43737842500829704,0.22572290011211932,0.2550891069541029,0.2551166310992308,1.000107900119517
STT.N,2609.0,1.3483369788634545,0.05808507030707028,0.45498394750755233,0.06421174962228049,0.32639562948576173,0.32642974562713045,1.0001045238915192
ZTS.N,2609.0,0.8391749879999975,0.04687076708145925,0.2860891523078143,0.09323897232822606,0.2561803190248431,0.2562153933228126,1.000136912539195
SBAC.OQ,2609.0,0.6825878938860633,0.060516973839566744,0.17036534400566228,0.0589470301240925,0.2700299156981378,0.2700728785588775,1.0001591040778894
GEN.OQ,2609.0,0.6569085517805212,0.09464766518973018,0.10842116856993855,0.09888255579591232,0.3257555324804525,0.3258112309670861,1.0001709824732965
NVDA.OQ,2609.0,1.3562210959247207,0.18787498901421165,0.20705642691409654,0.5237056454639506,0.48666494473079047,0.4867389509642038,1.0001520681409553
AAPL.OQ,2609.0,0.9205452846725813,0.05861137429098124,0.27830292230830633,0.22554899328997416,0.28492476647202053,0.2849642016738184,1.000138405665068
MAS.N,2609.0,1.0097106120229835,0.053066290591458024,0.33880978130999695,0.07800003500938141,0.2832454077531347,0.28328132398253975,1.0001268025126688
NUE.N,2609.0,1.2358195003509562,0.0839156447729758,0.32679170248845923,0.13503813124571562,0.3529908596494429,0.3530364333042896,1.0001291071811094
PPG.N,2609.0,1.085409401899449,0.03882433617978294,0.4473159930920807,0.0034938525119011027,0.26499049275140224,0.265018580255426,1.0001059943839197
IRM.N,2609.0,0.8508940023173164,0.06345787941016062,0.23331256352666463,0.1083755361846095,0.2876406929083185,0.2876829856382784,1.0001470331945466
VMC.N,2609.0,0.9682250656226555,0.06251412325565767,0.2856996791523746,0.10621860465065061,0.29577766206658634,0.29581817982818587,1.0001369872265418
SCHW.N,2609.0,1.1835320556277051,0.07311798033293268,0.33817084743592174,0.10720245015633452,0.3323195329513623,0.33236171262107683,1.000126925039103
CEG.OQ,1030.0,0.8912167789042099,0.2098099353124999,0.0786056455360874,0.5210193016882773,0.47695688400308295,0.4806105011396623,1.0076602671208237
A.N,2609.0,0.9670545562779572,0.047959041927150906,0.34214802847138726,0.11397797864555077,0.2699528277747609,0.2699868856570308,1.0001261623467723
SYY.N,2609.0,1.0128420354832812,0.058675317238705754,0.3180198015863819,0.05662949390371761,0.2932638709619397,0.29330222674920814,1.000130789337066
ROP.OQ,2609.0,0.8130578590381402,0.03323069863193438,0.3466565355618261,0.08233688788793478,0.22548397507533863,0.2255122277129855,1.0001252977629007
ON.OQ,2609.0,1.71417471438618,0.16577606001670928,0.3210037672801016,0.16510641936303538,0.4940193347364552,0.4940836645079861,1.0001302171129904
SRE.N,2609.0,0.7280689567466625,0.04672781364656305,0.2322861646521177,0.06088691595036798,0.24666343152966783,0.24669974779162354,1.0001472300199932
PSKY.OQ,2609.0,1.2469701075549302,0.19109288602263072,0.1783283116931108,-0.12147530416353047,0.48215849211223144,0.48223446924506125,1.0001575770915014
PCG.N,2609.0,0.9462006820052977,0.33021149473731354,0.06743825606894649,-0.11560862004952507,0.5949411625925591,0.5950475626232956,1.0001788412660384
KEY.N,2609.0,1.5487049382197036,0.09364086745932085,0.4058815923400543,0.043249726875739,0.3969290931674267,0.3969743193750773,1.0001139402690031
MRSH.N,2609.0,0.7253517800151268,0.02599508752262206,0.35057948098809877,0.11664837360905586,0.20003194639523936,0.20005685946800883,1.0001245454699532
MCD.N,2609.0,0.6322318959769873,0.029446111053988908,0.26581737726932486,0.09180805835564398,0.20022976809835008,0.20025796043971103,1.0001407999501208
ULTA.OQ,2609.0,1.1160164692801535,0.11187259503142315,0.2289556085242791,0.11444694088112957,0.38083678211668026,0.38089309595563087,1.0001478686975498
TDG.N,2609.0,1.233590137220707,0.07123657890312196,0.36296056853220393,0.21554639142883655,0.33433750080886326,0.3343783472150471,1.0001221711775825
AXP.N,2609.0,1.3187459695664872,0.04921053083021608,0.4852209328659923,0.16143086609295948,0.3091258386982114,0.30915635723601487,1.0000987252891314
MOS.N,2609.0,1.3847386845873664,0.1473900193409861,0.2576062035824801,-0.012594081120627326,0.4454855205459525,0.4455489463505288,1.0001423745591072
AVGO.OQ,2609.0,1.1771746150924713,0.10897894919782859,0.25325842471058535,0.30633552265140124,0.3819467898443765,0.38200148779726667,1.000143208306352
CAT.N,2609.0,1.1260555044542626,0.055379667562895786,0.3791496127301428,0.2059020155447129,0.298605921728602,0.2986414757305093,1.000119066633714
UNH.N,2609.0,0.7156964641045713,0.06995830582861466,0.1633806984862627,0.0996599456797021,0.28911619789688464,0.2891625846995409,1.0001604434583524
NWS.OQ,2609.0,1.0573985496574887,0.05650865050111742,0.3454367361382057,0.07269183541253903,0.2937638668060895,0.2938007434779655,1.000125531680519
DOW.N,1770.0,1.3403560180874798,0.08485123252818824,0.4006861462270225,-0.10779585320435542,0.3761656483050547,0.3643493170724089,0.9685874260823965
WMB.N,2609.0,1.1536013955640632,0.11613977215832691,0.2340816868807445,0.08207001791405666,0.389328305972754,0.3893854927354647,1.0001468857050295
MAA.N,2609.0,0.7328369516313543,0.04317214662465912,0.24913181325261813,0.04105569991809328,0.23973789714934066,0.23977241932046844,1.0001439996410175
GDDY.N,2609.0,0.9552640342660055,0.08685555098021971,0.21888604723772653,0.1307152079973526,0.3333944102638379,0.3334443526347142,1.0001497996647177
GL.N,2609.0,1.0736020571802434,0.09727448495094647,0.2401447125542071,0.08642639610653191,0.35772619828324403,0.3577783272321196,1.0001457230393684
SPGI.N,2609.0,0.9833088242527156,0.03782366044403039,0.4054065975443306,0.16110312831206403,0.25216711924046925,0.2521958741996463,1.000114031358504
CHTR.OQ,2609.0,0.7259059049375899,0.08893075075923663,0.13647090828955089,0.002936318481439152,0.32085160401238344,0.32090473821925325,1.000165603681594
WYNN.OQ,2609.0,1.5824239164351694,0.15455962257457337,0.3017343311090056,0.05345042908574804,0.47038601507591016,0.47044900556591357,1.0001339123357935
HD.N,2609.0,0.8757015398424051,0.0391703563202434,0.34304170080447494,0.09236183863564074,0.2441330525875998,0.24416381114764885,1.0001259909697726
HSIC.OQ,2609.0,0.799210138676918,0.05511654496390195,0.23611450034869852,0.01912449833378936,0.2685613935349522,0.26860073667430034,1.0001464958862119
HSY.N,2609.0,0.4432563298490685,0.04574798563694639,0.10277631770519358,0.06879351822376122,0.22576278087486157,0.2258016267299383,1.000172064921092
CVNA.N,2263.0,2.139458622730171,0.8143901743276241,0.1329777602073361,0.40512731537155305,0.9689583836525201,0.9676922704051563,0.9986933254629666
KMB.OQ,2609.0,0.35654898605432805,0.03874740680084807,0.08046694681109756,-0.02245839561826537,0.20523639177720132,0.20527258376177368,1.000176342919786
EOG.N,2609.0,1.1830697423055774,0.11765677782882823,0.24086646116506616,0.0481273613145428,0.3936099856996068,0.39366728926547156,1.0001455846344012
FTNT.OQ,2609.0,1.017608310815033,0.13155532553083288,0.17351672276180796,0.24578027717041687,0.39889069313457315,0.39895391721638523,1.0001584997667288
CRL.N,2609.0,1.142183598732285,0.09782379932072602,0.26237272647032495,0.08778217553284375,0.3640998516585185,0.3641513574096101,1.0001414605110575
ZBH.N,2609.0,0.9225848373081413,0.05371306940290309,0.2970893998773635,-0.009802564763387776,0.2763800308799345,0.2764172877575952,1.0001348030736594
LYV.N,2609.0,1.2509598062472218,0.09879987017169187,0.2969921264829265,0.16978519927951538,0.374813145814684,0.3748636787704319,1.0001348217273385
POOL.OQ,2609.0,0.8768578736106941,0.0720515912844457,0.22156120400205415,0.10053923882450433,0.30417693139803886,0.3042223409590832,1.0001492866695565
BNY.N,2609.0,1.082894664844431,0.040332462510912374,0.43677287564346334,0.1000120462152867,0.26754837070105436,0.26757727027170725,1.0001080162460985
ATO.N,2609.0,0.522310050914994,0.03636506663704833,0.16672961090724658,0.09446278668899112,0.20886513034931933,0.20889850726215947,1.0001598012688107
VRTX.OQ,2609.0,0.684393043792006,0.09750681531647747,0.11357264962264102,0.12380306247945064,0.3315985587840644,0.33165492875913755,1.0001699946323044
D.N,2609.0,0.5091009527414635,0.0467497710752018,0.12882189720251347,-0.013873569796614815,0.23160769846750678,0.2316463932702915,1.0001670704516332
HRL.N,2609.0,0.28270574517936164,0.04964186356260807,0.04117330396293284,-0.049437760804733256,0.22749439536809132,0.22753622652399985,1.0001838777427499
BBY.N,2609.0,1.105222476492769,0.10691588324064427,0.23355641130534444,0.07737777494667174,0.37342014068441426,0.3734750283791019,1.0001469864335304
IT.N,2609.0,0.9848498198520795,0.07073784322233218,0.2677827379289671,0.09880855523876521,0.31075823600210994,0.3108018736257659,1.0001404230639783
WRB.N,2609.0,0.8089807332556904,0.04032142487621634,0.3021181414248918,0.15675243147516432,0.24032209591786782,0.24035426032297508,1.0001338387341556
WTW.OQ,2609.0,0.7833146072778446,0.03869048033394892,0.29725083178232115,0.09056670778720068,0.23459492493085474,0.23462654178542944,1.000134772116592
PNR.N,2609.0,1.1539647846702112,0.04651853601889544,0.4329483565063432,0.11024310377882296,0.286364009560888,0.28639515155420975,1.0001087496762233
