date,1N_all_monthly,1N_model_monthly,1N_esg70_monthly,1N_all_daily,1N_model_buyhold
2015-01-02,1.0,1.0,1.0,0.9984080368200174,1.0
2015-01-05,0.977579778807309,0.9775427110431403,0.9743182597718625,0.9760235077939519,0.9775427110431403
2015-01-06,0.9705478631451202,0.970558218465353,0.9670867763270561,0.9691087199306543,0.970558218465353
2015-01-07,0.9744132783810435,0.9744607017661617,0.970104837167245,0.9724503108900189,0.9744607017661617
2015-01-08,0.9910871751514274,0.9910830280156364,0.9876017132005288,0.9889022668190103,0.9910830280156364
2015-01-09,0.985503501778069,0.9854753251003471,0.9813741796412481,0.9837461618791675,0.9854753251003471
2015-01-12,0.9833998211965367,0.9833729076294633,0.9808047397746603,0.9817190342876279,0.9833729076294633
2015-01-13,0.9881648356716373,0.9881245178713944,0.9868747615074822,0.9866164391020604,0.9881245178713944
2015-01-14,0.9786022315419837,0.9785281291527789,0.9759799232800044,0.9769703668060101,0.9785281291527789
2015-01-15,0.9786011401841599,0.9785436239477502,0.9786652647844475,0.9806425033347663,0.9785436239477502
2015-01-16,0.9839451166773381,0.9838535277661947,0.9832233378714936,0.9833676349932347,0.9838535277661947
2015-01-19,0.9885602042891777,0.9884972097136501,0.989162058964576,0.988965759766645,0.9884972097136501
2015-01-20,0.9908467429517689,0.9907989400461845,0.9921090995965418,0.9910321682477681,0.9907989400461845
2015-01-21,0.9975375314459176,0.9975376723407223,1.0000176607070905,0.9973641333638104,0.9975376723407223
2015-01-22,1.0124374847849027,1.0124542763983266,1.0160882045477038,1.0121432612219685,1.0124542763983266
2015-01-23,1.000658021552639,1.0006638460497126,1.0023690301555355,1.0003240655893693,1.0006638460497126
2015-01-26,1.0095119981028473,1.0095044659971633,1.0122128602267844,1.0087256335213066,1.0095044659971633
2015-01-27,1.0036842775385986,1.0036462495156737,1.0051218131578292,1.0026775793875335,1.0036462495156737
2015-01-28,1.0011794456560719,1.0011042435528728,1.0036981414143828,0.999707971042704,1.0011042435528728
2015-01-29,1.0039654502187871,1.0039539476460273,1.0067098496438969,1.0023887062535284,1.0039539476460273
2015-01-30,0.9941237360761437,0.9941040600878328,0.9984834827630752,0.992923748275764,0.9941040600878328
2015-02-02,1.0006957380960795,1.0006609351790248,1.0042991441395446,0.9994878173574134,1.0004843561923225
2015-02-03,1.0162445163203149,1.0162597487718916,1.0212025101334379,1.0149413687488684,1.0158552443773345
2015-02-04,1.0185056206957026,1.0185592205681877,1.0240167898303771,1.017335594217292,1.0178920984788709
2015-02-05,1.0254079134677714,1.0254747089138871,1.0299442156011762,1.024205781049712,1.0250055907296702
2015-02-06,1.0259969235014548,1.02606016120343,1.0302961279360865,1.0247090455680443,1.0247741847252951
2015-02-09,1.0127692160329702,1.0128364427379337,1.0141441830124793,1.0114238427613227,1.0107808878796527
2015-02-10,1.0233407305770035,1.0234580343296538,1.0239070648426343,1.022124779133667,1.0219359547973832
2015-02-11,1.0225558462544442,1.0226542741400062,1.0229068350853114,1.0213085430964766,1.0212773338222378
2015-02-12,1.034641853540785,1.0347184922096926,1.036014780296472,1.0333223564511467,1.0337206962541152
2015-02-13,1.0420549625713134,1.0421584480204733,1.043706008847337,1.0406688571477898,1.0406987430057026
2015-02-16,1.0429446832106604,1.0430613733957697,1.0444513701379583,1.0415205340667277,1.0413222122601364
2015-02-17,1.0437636113874007,1.043866144660971,1.0456532158687495,1.0424122806201916,1.0421111936638143
2015-02-18,1.048647536915476,1.04872953881785,1.0512605657977814,1.047421416179106,1.047342778674285
2015-02-19,1.0511145289797361,1.051206020964715,1.0539998904071946,1.0498999401902431,1.0501830018753966
2015-02-20,1.051674759811478,1.0517250453835596,1.0544196518999946,1.0504653810823772,1.0507663213991387
2015-02-23,1.0543280989155899,1.0543509638375932,1.0575701268527729,1.053313815892038,1.0534471351424068
2015-02-24,1.0598806629940518,1.0599263359206847,1.0644049361926466,1.0588130812086738,1.0586830402201026
2015-02-25,1.0609706547079827,1.0610535315898721,1.0654586399860246,1.0599106520527408,1.0599117197987848
2015-02-26,1.063103741221527,1.063193122231002,1.068702134470362,1.0619755511102746,1.062093109563795
2015-02-27,1.0609560695064715,1.0610741625555495,1.0666257630245717,1.0599757438180155,1.0594560104577306
2015-03-02,1.0636210677799014,1.0637586704292665,1.06896382391099,1.0626382796273128,1.0625151316882369
2015-03-03,1.0535991100108502,1.053722164971798,1.0577483220615476,1.052627081026525,1.0524693955440159
2015-03-04,1.050662573942588,1.050804356335104,1.0553190326112667,1.049734487864859,1.0493032219479679
2015-03-05,1.0562677067687438,1.0564388556617148,1.061371342615455,1.0553214301858678,1.055247587992981
2015-03-06,1.0454157067030787,1.0455672088363042,1.050407001617903,1.044464818921073,1.044207061835897
2015-03-09,1.0408160084334008,1.0410192064931412,1.045435699699816,1.0398502558906961,1.0399641377437185
2015-03-10,1.0224987585568681,1.0227642887128663,1.0253877728480167,1.0214819982188315,1.021861201240741
2015-03-11,1.023619569959102,1.0238582803289251,1.0262702141595077,1.0225667146736028,1.0232586340470027
2015-03-12,1.0325129242543807,1.0327486486502284,1.0337141479836953,1.031399619110462,1.0322891405290067
2015-03-13,1.0281687084759028,1.028369873462796,1.029993362809903,1.0270301649354499,1.0277170464355174
2015-03-16,1.0396070340798909,1.0398078554840724,1.0413264465114724,1.0382695594605686,1.0394695585989762
2015-03-17,1.0372977194395603,1.0374910972385083,1.038937598667076,1.0360828996603764,1.036955675090238
2015-03-18,1.0415899562640303,1.0418287746938169,1.0417594507912662,1.040366803807427,1.0412385709616883
2015-03-19,1.048891415863527,1.0491233830781093,1.0503852610221542,1.0480110160952263,1.048268419735186
2015-03-20,1.0623564701457953,1.0625771856982005,1.06546786188994,1.061595938331809,1.061045352690963
2015-03-23,1.0665008210791649,1.0667184714191797,1.0703371230900547,1.0658250046135214,1.0646448720756534
2015-03-24,1.0682017013006528,1.0684419791700632,1.0732032237784412,1.0676236162868316,1.0661823940053867
2015-03-25,1.0572384965548496,1.0574575466730411,1.0633233941629534,1.0568312287461128,1.0550166775876129
2015-03-26,1.0495101767938988,1.049711266683151,1.054667726318339,1.0491769156607487,1.0473362304586344
2015-03-27,1.047631820068953,1.047803665211125,1.0514275093545025,1.0472469519491752,1.0459772125083358
2015-03-30,1.0588607810963422,1.05905624430274,1.0622698592681108,1.0584100412374988,1.0568900245891149
2015-03-31,1.0488989523653203,1.0490596475146585,1.0507398909656622,1.04854291622084,1.0470761658680245
2015-04-01,1.0492387900000748,1.0494216776399121,1.051564886892619,1.0488826385017942,1.0470696548638156
2015-04-02,1.056079125904367,1.0562714823965247,1.0589883363222399,1.0557173251611398,1.0534744453928668
2015-04-03,1.056079125904367,1.0562714823965247,1.0589883363222399,1.0557173251611398,1.0534744453928668
2015-04-06,1.0591620050656905,1.059360388617797,1.061532702671887,1.0587781041049436,1.0566011756564175
2015-04-07,1.0661659400051342,1.0663824365067283,1.0715074021667619,1.0657379065525834,1.0634025140012482
2015-04-08,1.0699425691409048,1.0701276274105498,1.0739289525211515,1.0695322974934014,1.0672860246634936
2015-04-09,1.0725348256482878,1.0727377820868773,1.0768229494528,1.0721479192435206,1.069954891035649
2015-04-10,1.069304010333744,1.069562083472777,1.0720932849880038,1.0689697253532493,1.0669109421540017
2015-04-13,1.0686855864640048,1.068959879051548,1.0708486808893551,1.0683344617467458,1.0662312160925052
2015-04-14,1.0691231255758966,1.069414224295733,1.0702280959739028,1.0686385048197566,1.0662647448824487
2015-04-15,1.0760462474824426,1.076344349001554,1.0772401665211153,1.0754394729297074,1.072942489035236
2015-04-16,1.078774467064821,1.0790705487219816,1.0802573097234722,1.0780889678716523,1.0751945857254521
2015-04-17,1.0692821445597098,1.0696248820302463,1.0705947307645483,1.0685903165005661,1.0650001134793075
2015-04-20,1.0728949089611515,1.0732244639721618,1.0735367389962915,1.0723688969150234,1.0689402967036248
2015-04-21,1.0759993364212974,1.076363092912496,1.0760185800522966,1.075451812424025,1.0721480270179886
2015-04-22,1.0780973188410237,1.0784412890899202,1.078459174382615,1.0776600842852062,1.0745851266548792
2015-04-23,1.0775109558734548,1.0778285143394257,1.0774962256553984,1.0770833294578244,1.073883808454532
2015-04-24,1.0837719598820827,1.0840905146660798,1.0851369899714696,1.083339720411643,1.080025224555881
2015-04-27,1.0870197197167726,1.087358593625118,1.09038841345271,1.0864674771632903,1.0834706722340275
2015-04-28,1.0862205204640405,1.0864993718217704,1.0886490759597085,1.0856138881127178,1.082744338409114
2015-04-29,1.0771762125619269,1.0774669341424141,1.077815131660224,1.0765024920677093,1.073165366953332
2015-04-30,1.081905907124562,1.0822135142307403,1.085020245731732,1.0810291362043567,1.0769338515630311
2015-05-01,1.0875865541386853,1.087923545538233,1.0895108886843752,1.0867051796516878,1.082721449381122
2015-05-04,1.088255148132751,1.0885919683946659,1.0891242915787884,1.087361803034492,1.0831808991689769
2015-05-05,1.0732767064054232,1.0735308685776777,1.0728730219868705,1.0724388336050628,1.067657421352246
2015-05-06,1.0756074548804697,1.075851972641376,1.0767027182323048,1.0748223362299874,1.0700387435596772
2015-05-07,1.082726195162043,1.0830521678369733,1.083845140107268,1.0819834829602701,1.0772554416166167
2015-05-08,1.09763970177454,1.0980044080887472,1.1002106464298689,1.0969822065377945,1.0928947086157563
2015-05-11,1.0948451324736312,1.0951760884670403,1.096717563190055,1.0941404235207257,1.090095578362146
2015-05-12,1.0930509583076249,1.0932971645788117,1.0952591193905012,1.0923849685618892,1.0879564214353674
2015-05-13,1.0946081905787377,1.0948267609220645,1.0960315795372748,1.0939483317140941,1.089771009016854
2015-05-14,1.1126637039957994,1.1128992265692492,1.1160389219179276,1.112032177311375,1.1077233152476795
2015-05-15,1.1094607208649443,1.1097004941585924,1.1111715237946682,1.108861951909876,1.1048070283534215
2015-05-18,1.1152004418445376,1.1154419965701026,1.1177732666022908,1.1146413606798522,1.1104977501985904
2015-05-19,1.1127479490205203,1.112969260970164,1.1153959905129807,1.112157790090858,1.1081836085991763
2015-05-20,1.1104758040546638,1.1106855342423438,1.113239835211437,1.1098776239011487,1.106073477633259
2015-05-21,1.1139157570013556,1.1141562967977705,1.1171817979175525,1.1133275324924403,1.1095018737695
2015-05-22,1.1138321487925715,1.11401665788554,1.1171155709921916,1.1130178171205598,1.109422878746563
2015-05-25,1.1029390737063598,1.1031206214314744,1.1033474126719676,1.1021316200145859,1.098228639533616
2015-05-26,1.0912732623586323,1.0914781155814821,1.0910157584315245,1.0905167196182721,1.0867440656764749
2015-05-27,1.0985132916841382,1.098771555240984,1.0993286630894743,1.097639097855837,1.094167636939587
2015-05-28,1.098313398231112,1.0984856217532062,1.098169014170463,1.0975844730765794,1.0938703675824226
2015-05-29,1.0919572989959299,1.0920922200798449,1.090500936971311,1.0913365300470534,1.0873480894985619
2015-06-01,1.091953203521411,1.0920394788306784,1.0906863625545482,1.0913324369007773,1.0872247541732525
2015-06-02,1.0930896507983179,1.093118020199396,1.0924055575059883,1.0925640541572108,1.0882811771092114
2015-06-03,1.1011832927512197,1.1012147303773734,1.1010133344043913,1.1006766042052143,1.0959911516327863
2015-06-04,1.1001825296079035,1.1001490114227483,1.100461774343145,1.0996452105729004,1.0947162333144642
2015-06-05,1.0895345006598647,1.0894817803410668,1.0876901629419253,1.0890992868178602,1.0840846634283663
2015-06-08,1.0784125020702937,1.07837137605758,1.0753644631549946,1.0780305536373114,1.0727818828138524
2015-06-09,1.0806435933337126,1.0805839645071107,1.077315718658905,1.0802492491491074,1.074812464412318
2015-06-10,1.0972401626964405,1.0971972458877581,1.094813280611417,1.0968608798425523,1.091795976370905
2015-06-11,1.099091007080944,1.099035209177873,1.095849830845874,1.098759371135689,1.094153770095701
2015-06-12,1.0914004539270243,1.0913256969342502,1.0871965056681963,1.091070410894289,1.0862951319109875
2015-06-15,1.0799350601318343,1.079883965144055,1.0750022314467564,1.0796340862982765,1.0750164216310247
2015-06-16,1.086262018220077,1.0861801016652752,1.080983514362317,1.0859576281647592,1.081343157816842
2015-06-17,1.086799275242081,1.0867200719258585,1.0808883514942094,1.0865451886354642,1.0816412453289383
2015-06-18,1.0992784482621263,1.0991778882504422,1.0940393183888502,1.0990055868670883,1.0943195618220818
2015-06-19,1.0938172084599789,1.0937083657541338,1.0875118967466701,1.093622087084028,1.088919124817284
2015-06-22,1.1104932144668571,1.110439777935939,1.1087053862602456,1.1103803713166354,1.1062213528433964
2015-06-23,1.108743353144729,1.1086950455897693,1.106583561098197,1.1086001661008327,1.1049087710055108
2015-06-24,1.1024229873020333,1.102361773982575,1.1007153783503936,1.1023186734993493,1.0984418609095215
2015-06-25,1.0997687221691796,1.099674050456755,1.0978655075590658,1.0996021772199644,1.0966829578109356
2015-06-26,1.100100048038836,1.1000001262468166,1.0981541732936477,1.0998921192218325,1.0968123222840807
2015-06-29,1.0724936415220025,1.0723311962729847,1.067915687731486,1.0724433376270635,1.0681371481674358
2015-06-30,1.0724801972697122,1.072300151700496,1.066029684235984,1.0724601281990602,1.0683314956170313
2015-07-01,1.0799294186489965,1.0797664269306344,1.0734000516248985,1.0799092101828098,1.0764972601821512
2015-07-02,1.0741316858378125,1.074025241119357,1.066672530504516,1.0741447056530518,1.0704006243347626
2015-07-03,1.0735003987219467,1.073381079591219,1.0658721342892497,1.0735251863736772,1.0694533294192097
2015-07-06,1.0604020385448925,1.060244911579857,1.0495742918195332,1.0603619289093795,1.0562346157240279
2015-07-07,1.0515922424023678,1.0514321483602815,1.0365394359017157,1.0513370587528474,1.04715237240824
2015-07-08,1.0472318591242973,1.047099804001836,1.0369615096188523,1.0473350315272498,1.042488623002531
2015-07-09,1.0607065768938155,1.0605897994430065,1.0525383082275805,1.0609898043031916,1.0566611130841967
2015-07-10,1.0843921554746414,1.0843134793643194,1.0787737095896566,1.0847216206734855,1.080211196100561
2015-07-13,1.0923055455979864,1.0922053639152611,1.0860662996021158,1.0927219144968814,1.0888895854009866
2015-07-14,1.0941459853332292,1.0940755172894148,1.0881456380702812,1.0945748016710084,1.0901818154814287
2015-07-15,1.0939301163179649,1.0938153176840575,1.0878870005783872,1.0942675707506635,1.0901012579169485
2015-07-16,1.0994137882056374,1.099281665254745,1.0930271263037403,1.0997927405940802,1.0958322135163738
2015-07-17,1.0990376627625251,1.0988917308781332,1.0933438930066537,1.0993752088688453,1.0955385979874472
2015-07-20,1.1000175664227303,1.0998680328404795,1.0947878174538048,1.1003403731671515,1.0969706847270833
2015-07-21,1.0944884884065742,1.0943453787192599,1.0889243636254524,1.0949194666227242,1.0912295335672322
2015-07-22,1.0933966217117526,1.0932326297490969,1.0871532760262013,1.09356605532374,1.0903941392139611
2015-07-23,1.094522174808234,1.0943506870830306,1.08912571907387,1.0946625494787605,1.0911613445986756
2015-07-24,1.0825792751779366,1.0824118613373779,1.0758537429846067,1.0824357176376986,1.0791298281914252
2015-07-27,1.0728374701003018,1.072658588906385,1.0664562745182815,1.0729431274588044,1.0684492993786894
2015-07-28,1.082653086145428,1.0825298622857764,1.0767696251817809,1.0830196050370835,1.078733221424046
2015-07-29,1.091699236539393,1.0915936561966313,1.085541676292712,1.092063108299231,1.0878005348781394
2015-07-30,1.0913201893750055,1.0912274964866873,1.0846191024792997,1.0918219736364019,1.0878510897304834
2015-07-31,1.0953914637319286,1.0952471645285415,1.0886207663762966,1.095771490833175,1.091806478496567
2015-08-03,1.0972663520759565,1.0971049115464104,1.091263660102148,1.0976470296372487,1.0939560606634082
2015-08-04,1.0980172597748004,1.0978151733802688,1.0910173226058377,1.0984210764252598,1.0953065968677587
2015-08-05,1.1012747109613856,1.1010531967586685,1.0945166936848958,1.101669552244539,1.0991462722125358
2015-08-06,1.0935690802632652,1.0933126409166185,1.0872936225887566,1.094035814440567,1.0917796096537011
2015-08-07,1.0910054448504976,1.0907904563997035,1.084607137126957,1.0914871337818184,1.0889031872632917
2015-08-10,1.1014726220308182,1.1012800317740006,1.094711948846509,1.1020408798609946,1.099572895639208
2015-08-11,1.0954022238162788,1.0952132793806333,1.0883823175644303,1.0959962661271108,1.0935466690134124
2015-08-12,1.0875786872541022,1.0874382096454323,1.0780429907974305,1.0882331020879306,1.0852451658094187
2015-08-13,1.0938586641531958,1.0936941788928403,1.0837538130545052,1.0945895034755546,1.0924268828124912
2015-08-14,1.098826839370379,1.0986589362173524,1.087533994687133,1.0994985042821088,1.0974734036252762
2015-08-17,1.100085106796936,1.0999178333789332,1.0872282009929266,1.1007823379557016,1.0985866163932263
2015-08-18,1.0982315357338717,1.0980693415784282,1.0851490481571668,1.0988778703717792,1.097003301456446
2015-08-19,1.0852249476691764,1.0850512027180563,1.0707560828897835,1.0857582768916576,1.083758901887301
2015-08-20,1.0694121756184911,1.0692388324599746,1.056392625695228,1.0698866599010421,1.0663519616675776
2015-08-21,1.0452172286147374,1.0450934868117756,1.032306835931424,1.0457144720217761,1.0412634065542747
2015-08-24,1.0090887869389795,1.0090083271047106,0.9965334321307833,1.0095439170138347,1.0042570831200535
2015-08-25,1.0227448448332908,1.022565479958086,1.0149311083946804,1.0232390825510729,1.0188610356860732
2015-08-26,1.0262955187723228,1.0261457958004192,1.0132896015462207,1.02769047822722,1.0231316216141666
2015-08-27,1.0476282539911748,1.0474628666014336,1.0348403980727114,1.049396072515755,1.0443723526928121
2015-08-28,1.0498633744850128,1.0497410854130786,1.0359981784450152,1.0517381636560683,1.046552450875344
2015-08-31,1.0440751197414457,1.0439208637003377,1.0293176399584356,1.045825236457477,1.0406011174991534
2015-09-01,1.0182629098388862,1.0180869193265074,1.0031922034414287,1.0199697591892134,1.0145895904677484
2015-09-02,1.0272405520556334,1.0270117030695116,1.011348734579709,1.0289811525105068,1.0244904227695188
2015-09-03,1.0391451909211533,1.0389296254498162,1.0244840634085106,1.0409690359809287,1.0366152153453347
2015-09-04,1.017270749086187,1.0170380532142678,0.9998426799521394,1.0190805736027404,1.0143637209171519
2015-09-07,1.0190702598911865,1.0188737780917365,1.0025187227156698,1.0209109126442368,1.0162902856020992
2015-09-08,1.0391251351355888,1.038950727955152,1.021102815385428,1.040996908566177,1.0369618502245914
2015-09-09,1.0380433857211384,1.0378786165115357,1.022752275187774,1.0400257412135092,1.0356895126223034
2015-09-10,1.036978944445971,1.03679568859376,1.0215976691604733,1.0389484570569338,1.035283265516394
2015-09-11,1.038804722198844,1.0386056325182862,1.0234004675090613,1.0407049772244765,1.0375070050394346
2015-09-14,1.0350602144782257,1.034850707835248,1.0190140699085835,1.0369377714652563,1.0337775702445453
2015-09-15,1.0439652423528454,1.0437838475740022,1.0283719761415804,1.045926506830505,1.042559780009352
2015-09-16,1.0505792005425385,1.0504201276528478,1.0349980254648197,1.0526003888084852,1.0491489611594218
2015-09-17,1.054580226667767,1.0544069632957103,1.0391402836974752,1.0566894001559377,1.0531631164083899
2015-09-18,1.0446881513583868,1.0444821743273158,1.028288440725926,1.046698103910783,1.0432584616676412
2015-09-21,1.041640607192175,1.0414047636002006,1.0241474240438877,1.0435950285170792,1.0409503517378245
2015-09-22,1.0160894112672096,1.0158458929375782,0.995466802197107,1.0178055151823153,1.0153790941124234
2015-09-23,1.014579236921819,1.014348667544262,0.9949007660775943,1.0161650328277454,1.0146377157521478
2015-09-24,1.0059368357434084,1.0056909793997608,0.9851383965068676,1.0074004158794125,1.0061313302034751
2015-09-25,1.0145152682922207,1.0142619276549423,0.9956627179635843,1.0160151277559075,1.0148464557941876
2015-09-28,0.9928398595408737,0.9925528061291757,0.9731472861183831,0.9939362825066242,0.9923826906274483
2015-09-29,0.9914081832942286,0.9911657270511844,0.9731537029170061,0.9928025585192198,0.9901710955806377
2015-09-30,1.0109097861285332,1.0106664880841454,0.9926509020340105,1.012535240312689,1.0096751759714273
2015-10-01,1.0093477224856824,1.0090647152314927,0.9902838646234308,1.0109706650086416,1.008329180284702
2015-10-02,1.0197507573406346,1.0195195643191226,1.0002121825475498,1.0213735136149307,1.0183280973974749
2015-10-05,1.04680905689542,1.0466523401332595,1.029876300292234,1.0484806837279985,1.0441525144604147
2015-10-06,1.0482806593334097,1.0481162679367642,1.0324837957279607,1.0498203726573998,1.0443029817806273
2015-10-07,1.056696562880661,1.0566102753818938,1.0418698190020945,1.057985615066674,1.051381739384596
2015-10-08,1.0626228835572786,1.0625422790514083,1.047648000800772,1.0638533218828363,1.0568465494223962
2015-10-09,1.0718562985133364,1.071801082478307,1.05918745337988,1.072883246626903,1.0647118628556538
2015-10-12,1.0697453410824862,1.0697172748059531,1.055331566484697,1.0711223802933967,1.0633258171448619
2015-10-13,1.059736218315033,1.0596835661152422,1.0450718862004278,1.0613101490871504,1.0536539752005414
2015-10-14,1.056034108304638,1.056002917450774,1.041352582387214,1.0574290912019164,1.049059729214136
2015-10-15,1.0694944637491013,1.0694808808202496,1.0563662995171443,1.071129928419049,1.063582830120329
2015-10-16,1.0683315023790076,1.0682857633914196,1.0548286232127095,1.0701521791739594,1.0628943805287125
2015-10-19,1.0685099349372411,1.0684467659598431,1.0552034309146572,1.0705909411841492,1.0645294541224608
2015-10-20,1.0699829312220372,1.069938235508164,1.0562280584560424,1.0722038160431877,1.065764183396549
2015-10-21,1.0670146552348336,1.0670037948807607,1.0544163691951356,1.0692823147287394,1.0629047988357077
2015-10-22,1.079816708847194,1.0798485307424304,1.0673393878319946,1.0820813532894653,1.0753830566531986
2015-10-23,1.0826048222440097,1.08259598075767,1.0700571822908025,1.0849345892439795,1.0780649745455797
2015-10-26,1.0769705146830657,1.076934830040868,1.06345121091347,1.0793932451938764,1.0733800992083957
2015-10-27,1.0697882383447865,1.069709009435299,1.0569680770985588,1.0723166296541229,1.0670959106228508
2015-10-28,1.0820869533995174,1.0819722927516653,1.0695464870204496,1.084697368232197,1.079317828852615
2015-10-29,1.0730759934013012,1.0729456352021902,1.0586894300251235,1.075632578348968,1.0702332194244422
2015-10-30,1.077854141993977,1.0777336918433826,1.063634452926804,1.0804085906097505,1.0749842913162524
2015-11-02,1.0894645612016272,1.0893448999400686,1.0743027502178464,1.0920465258032084,1.0860573212430054
2015-11-03,1.0885527081511877,1.0884435482459904,1.0734292889793409,1.0911198824532637,1.0843958625040608
2015-11-04,1.0880352001039264,1.0879643757525872,1.072417002363021,1.0905857845322928,1.0836545694471604
2015-11-05,1.0838852636944116,1.0838072843402575,1.0677545328093363,1.0864997912059198,1.080588520390669
2015-11-06,1.0845916619037899,1.0845268227182534,1.0697097841720358,1.0872276146549877,1.081838308528393
2015-11-09,1.0711315070331986,1.0710820257654352,1.0544706006315698,1.0737135010539844,1.06854988085275
2015-11-10,1.0690024905653432,1.0689490803626067,1.050579182426466,1.071628358690334,1.0672655407415426
2015-11-11,1.0713090077492313,1.0712681983405097,1.0541264984531522,1.0740152464543824,1.0697632642442398
2015-11-12,1.0556034560577408,1.0555687366951265,1.037325362854596,1.058258295576475,1.0543511883058827
2015-11-13,1.0491400627797558,1.049110808535797,1.0314463585108764,1.0518599247313576,1.047282819655799
2015-11-16,1.0565582584806215,1.0565485962960104,1.0363843412112639,1.0592756591212604,1.0556397366948056
2015-11-17,1.0635648200518653,1.063667657930578,1.046640453212198,1.066332644477153,1.0632803632222467
2015-11-18,1.0715372348480539,1.0715796693114332,1.0532635966866304,1.0743401482792718,1.0710649245878496
2015-11-19,1.0758076575917783,1.0758882631477653,1.057981676219405,1.0786786616601698,1.0756298035380527
2015-11-20,1.0785436642085888,1.078669053078658,1.0610791241410842,1.081335767930028,1.0784280268122297
2015-11-23,1.0741656217455997,1.0742719326676249,1.0556060234480664,1.0767966149098978,1.0746368725236781
2015-11-24,1.0695130794862302,1.0696606626944445,1.048990524233643,1.0721856449005733,1.0692421353031067
2015-11-25,1.0743022980196368,1.0744563284529776,1.0544056004859221,1.0770316624983394,1.0745868740412277
2015-11-26,1.07990794606443,1.0800429149326776,1.0622343117383548,1.082829338370092,1.079955623962484
2015-11-27,1.0798489603576493,1.079932851179381,1.060912704404503,1.0827496231116878,1.0804476419942826
2015-11-30,1.0822628127704284,1.0823587608333334,1.063587693514561,1.085184197926629,1.0822211950739717
2015-12-01,1.0891978863688057,1.0893121291461647,1.0693122392259515,1.0921379915815668,1.089190888707135
2015-12-02,1.0841963242648782,1.0843049113609484,1.0650196135631034,1.0871323785793818,1.0850410104877657
2015-12-03,1.0689400707983616,1.069022391907729,1.0483383945155922,1.0717939640062468,1.0689360607728333
2015-12-04,1.086140429869409,1.0862377495532747,1.0651347770792234,1.0889608312183268,1.087577674288364
2015-12-07,1.08134106632636,1.0814581477710787,1.0602306116214653,1.0841637535289557,1.0831312986556942
2015-12-08,1.0697327677543615,1.0698813205894033,1.0482630293771138,1.0725161349864685,1.072301520219779
2015-12-09,1.0665367520150242,1.0667157358897612,1.0462234021632382,1.0695780057405322,1.0682571147563298
2015-12-10,1.06556622099607,1.0657193354560428,1.0447295619082917,1.068758462780462,1.0667728444081854
2015-12-11,1.046350950631121,1.0464333867382793,1.0246489497058708,1.0492722615749395,1.0474943001210484
2015-12-14,1.0401008697063863,1.0401900245416251,1.017233319468158,1.042684532558982,1.0417775959056645
2015-12-15,1.0582945830387662,1.058387823488663,1.037803960037022,1.0611455027650416,1.060762401256014
2015-12-16,1.064947482643488,1.0650285202000138,1.043615072372277,1.0678508945652991,1.0672143122653337
2015-12-17,1.0592847138526713,1.059343551454792,1.039051415751958,1.0620131463406544,1.0618146054019333
2015-12-18,1.0483266136592748,1.048406872369974,1.02756160382414,1.0509965638468395,1.0501038320789424
2015-12-21,1.0496510126949155,1.0497665603772453,1.027639273307187,1.0523961659867194,1.051617580491478
2015-12-22,1.0584649597575992,1.0585846327947903,1.0362081703634118,1.0614655084568274,1.059792477740051
2015-12-23,1.0746369715267163,1.0747995559118957,1.0537957508669156,1.0782604987825322,1.0748808582949876
2015-12-24,1.0761462235484696,1.0763133355687249,1.0556419964323567,1.079734336548345,1.0763287464814317
2015-12-25,1.0761462235484696,1.0763133355687249,1.0556419964323567,1.079734336548345,1.0763287464814317
2015-12-28,1.0744201404791085,1.0745659907274314,1.0533891878508088,1.0778201341844404,1.0748880729389074
2015-12-29,1.0850698902433018,1.0852055651514605,1.0646267666862403,1.0883762151642709,1.0861054961167615
2015-12-30,1.0786611514513702,1.0787627422804655,1.0576302813093006,1.0818263443836194,1.0797675637788908
2015-12-31,1.0707335748598321,1.070858938786109,1.049625046670301,1.0739978166350306,1.0715102572277264
2016-01-01,1.0707335748598166,1.0708589387861334,1.0496250466702979,1.0739978166350306,1.0715102572277264
2016-01-04,1.0501918224167741,1.0502908054765117,1.0271670216527322,1.0533934405402692,1.0507481862690022
2016-01-05,1.0449412253201702,1.0450451785579362,1.0225381339802844,1.0481283637423562,1.0459577939611506
2016-01-06,1.031039836759032,1.0311898866007736,1.0081258679195162,1.0342183779491325,1.033159425902871
2016-01-07,1.0123727428185254,1.012570954898327,0.9906744874149573,1.015399333204117,1.0150557300287348
2016-01-08,1.001727713606514,1.0019218701251322,0.9797008293909468,1.0046361834872337,1.0045142564759784
2016-01-11,0.9990695575950614,0.999267634300325,0.9779133376821405,1.001831768621407,1.0022934930574234
2016-01-12,1.0050213459282533,1.005139499128014,0.9840183685952119,1.0077777294677233,1.0087789198313746
2016-01-13,0.9932314260490882,0.9933467158128364,0.9756923581824235,0.9958364898927341,0.9962395595937107
2016-01-14,0.9935037112020799,0.993524114532784,0.9748010868788201,0.9966141639078236,0.995335893106077
2016-01-15,0.9717165167460715,0.9717104542805348,0.951354758042403,0.9744523728606166,0.973549456632906
2016-01-18,0.965314728132303,0.9653305305123125,0.9450414349053036,0.967983416746309,0.9672325024834946
2016-01-19,0.9720507719873365,0.9720628738113342,0.9526215643758551,0.9746904483434358,0.9748196226245874
2016-01-20,0.951993905101941,0.951972812097713,0.9301364375077179,0.9544509390555082,0.9551245439464204
2016-01-21,0.9616258361404857,0.9616389504533787,0.9416818519378256,0.9646960326298871,0.9634710294235198
2016-01-22,0.984190604195445,0.9842153133142055,0.9639773767257683,0.9875243347534617,0.9863970642958052
2016-01-25,0.9751390669866973,0.9751657866817578,0.9549827749372375,0.9782223422973335,0.9782063249707237
2016-01-26,0.9877541870535186,0.9877308414696135,0.9671632781917286,0.9910660508871063,0.9898998827196442
2016-01-27,0.9881769382933094,0.9881868166569302,0.9687811099856002,0.9914554632755574,0.9898559770517448
2016-01-28,0.9833998957582861,0.9834903223982358,0.9610133240838038,0.9864414375638209,0.9842151197023911
2016-01-29,1.0063015611635908,1.0063581896333555,0.9835473361679623,1.0094514714601002,1.007904677640576
2016-02-01,1.006301253060314,1.0064025082590617,0.9825092485546786,1.009451162392402,1.008596615433631
2016-02-02,0.98838372846603,0.9884438372312588,0.9645228803506546,0.9914146212851158,0.992129907285741
2016-02-03,0.9857564014087544,0.9858183578122739,0.9597362611840001,0.9888516658249294,0.9881406674929912
2016-02-04,1.0019283258626903,1.0020137830544391,0.9774387620107046,1.0053497434181458,1.0008039793336976
2016-02-05,0.988625116036338,0.9887634607938398,0.9660323536098991,0.991783794333803,0.9849461924892003
2016-02-08,0.9531751657585497,0.9533169069967943,0.928321061664846,0.9558535250626727,0.9496344567223495
2016-02-09,0.9496033646540508,0.9497340369972824,0.9238297448946486,0.9524432078672108,0.9486167221087547
2016-02-10,0.9615728482826746,0.9617010916031395,0.9365977507964965,0.9651147414024877,0.9609558452350557
2016-02-11,0.9416554253437666,0.9417395004872372,0.9137425850958999,0.9449575852741547,0.9423380333390287
2016-02-12,0.960931132777555,0.9609829874103076,0.9333267654116935,0.964489462236193,0.959583588993921
2016-02-15,0.9722643218081894,0.9723340790117972,0.9474343929910245,0.976131980747715,0.9706004107380444
2016-02-16,0.9800026895533107,0.9800833742924544,0.9521197658642927,0.9840956916132341,0.9779549786047942
2016-02-17,1.0017392740757025,1.0018400776293235,0.9758820704899132,1.006049796270372,0.9982475595523908
2016-02-18,1.001557486609681,1.0016855065318953,0.9743163116185951,1.0058910872947457,0.9982113242614605
2016-02-19,0.9985853312532039,0.9986721180721614,0.9704586129133344,1.0029440671763385,0.9961244925545778
2016-02-22,1.0114618978251801,1.0116642290664943,0.9839694484440747,1.016025319003975,1.0077876616406465
2016-02-23,1.000809233541095,1.0009481258040938,0.9721656791761916,1.0053505624281711,0.9983749127496789
2016-02-24,0.9916489421154404,0.9916677749401228,0.9591425579935373,0.99611787404747,0.9898427169693763
2016-02-25,1.0088864245331843,1.0088846874025603,0.9778937710731735,1.0138257216800168,1.0076516972846272
2016-02-26,1.0152751729516831,1.0152957301502132,0.9861359111523937,1.0206368094399976,1.0123041483941244
2016-02-29,1.0104149890251883,1.0104568853603733,0.9812763672275089,1.0155762210325014,1.0067404462152325
2016-03-01,1.0301222450036351,1.0301614629412896,1.0002066467093713,1.0353841423033654,1.0260810204335822
2016-03-02,1.0328008291710782,1.0328598928921975,1.0031075667076688,1.0380593959724218,1.0264090756989455
2016-03-03,1.0392594856908608,1.0392921614579582,1.0102196622949549,1.0444452702827722,1.031303361760587
2016-03-04,1.050961652322601,1.0510344878565685,1.0230816858376264,1.0560756585695181,1.0413819260463741
2016-03-07,1.0503374205225418,1.0504154040015865,1.021462268510428,1.0553372602552025,1.0396231313504372
2016-03-08,1.04051965170786,1.0406013295399992,1.0119293489503354,1.045996003327787,1.0313054572554443
2016-03-09,1.0425252113313848,1.0426069649000402,1.0131575240310156,1.0480972867882212,1.0338322323150475
2016-03-10,1.0323134712656927,1.0324535899583802,1.0007191346571613,1.0378665129926623,1.0242619527645969
2016-03-11,1.0646604314651997,1.0648970755711296,1.035752439415533,1.0704688656780117,1.0545832733318383
2016-03-14,1.0704524462443739,1.070695175463757,1.0435886368093523,1.0763053005747583,1.0600930848790089
2016-03-15,1.0617680807880423,1.06200297803489,1.0336753688135913,1.0677449112501924,1.0527008141116823
2016-03-16,1.0644006004996418,1.0646778175618028,1.0343081308662754,1.0704681060571626,1.0558023674902255
2016-03-17,1.08333790098721,1.0836694820695292,1.054134394238252,1.0894398403537588,1.0731131918758745
2016-03-18,1.0888042572690535,1.089128752976406,1.0586805612204286,1.094967499169247,1.0778597534706245
2016-03-21,1.0862193586227589,1.0865720842309088,1.0555241786084315,1.0925012466763886,1.075374748488118
2016-03-22,1.0837308517590993,1.0840869449487738,1.0519510264926204,1.090058595407886,1.0732131040658328
2016-03-23,1.0760697444865825,1.0764234031707112,1.0454626715716835,1.0826786250322942,1.0674166151841087
2016-03-24,1.0675326110587415,1.0679191749564267,1.034966756426061,1.0741538338269652,1.0596865195676994
2016-03-25,1.0675326110587415,1.0679191749564267,1.034966756426061,1.0741538338269652,1.0596865195676994
2016-03-28,1.0683449894658759,1.0687289744189434,1.035433660109417,1.0749786162250357,1.0607573854962282
2016-03-29,1.0786589393233028,1.0790577064436486,1.0442936540192096,1.0854013799778501,1.0722098678086123
2016-03-30,1.09618332125404,1.0966477095746145,1.0647178915126725,1.1031507278153758,1.0887859340439454
2016-03-31,1.0953881152078941,1.0958517008646913,1.0628914568520855,1.1023065679739186,1.0876344877039814
2016-04-01,1.0950641275828463,1.0955241013259833,1.060153189607895,1.1019805340485236,1.0883745810650507
2016-04-04,1.090333557449282,1.0907834556625151,1.0571994134777662,1.097211060845697,1.083900852247012
2016-04-05,1.0752792965404838,1.0757359570899925,1.0404511768902374,1.082012100785953,1.0695652501829063
2016-04-06,1.0814111980046446,1.081844701536614,1.0456875030275317,1.0880958820970381,1.075865380118218
2016-04-07,1.0728017447683362,1.0732291658150273,1.0374718892051884,1.0794046166549682,1.067218455015185
2016-04-08,1.0820253220794558,1.0825223390922762,1.048823298531501,1.0889179705552943,1.0753993470788523
2016-04-11,1.0852628382628853,1.0857844100935434,1.0540937489428015,1.0922968089312175,1.0774153800704156
2016-04-12,1.0914543895683646,1.0919504999861258,1.0595838158094815,1.0985579838878825,1.0829774818778641
2016-04-13,1.1048158553994079,1.1053377528466275,1.0740345126480935,1.1121490723117442,1.0947209196377636
2016-04-14,1.102091919630427,1.102619898580894,1.0722225606867828,1.109393192928953,1.0918268738824268
2016-04-15,1.1009876875238471,1.1015055624625534,1.0713077388671404,1.1082750887501318,1.0910396791693857
2016-04-18,1.106458812092598,1.106986176711978,1.0766009570899149,1.1137359054045635,1.096609939372988
2016-04-19,1.118702945266106,1.1192642416115268,1.0904366205374898,1.126064940758301,1.107608600684845
2016-04-20,1.1219119281110606,1.1224633091993905,1.0950775038181058,1.129174211864115,1.108886820166878
2016-04-21,1.116183188477907,1.1166956294228352,1.0912380237464065,1.123264114759856,1.102979702438527
2016-04-22,1.112652665367682,1.1131124245390185,1.0863571493636985,1.1197277697075347,1.0989861340953635
2016-04-25,1.1088321914854442,1.1092735136067697,1.0817149577834637,1.1163692933030696,1.0962990045793897
2016-04-26,1.1155718670288635,1.1160830519000626,1.0878684544231099,1.1231302445212603,1.1023586762030373
2016-04-27,1.1227211732780094,1.1232459280105076,1.0944288661657027,1.13023963165761,1.1093721684904438
2016-04-28,1.1207297525783853,1.1212303524131295,1.095621926066195,1.1282198788326665,1.106327257136447
2016-04-29,1.112327520595948,1.1128509661451482,1.0850667377806975,1.119841783684392,1.098804539062446
2016-05-02,1.1212810889844234,1.1218229761827119,1.0934118811427262,1.1288558373770665,1.108247460428739
2016-05-03,1.1109593169474528,1.1114815986142015,1.0828760377819064,1.118432166378444,1.0989035643491116
2016-05-04,1.1008071787450366,1.1013487372443285,1.071647052546648,1.1081693314465932,1.0896311077083238
2016-05-05,1.0986593779462133,1.0992368409922828,1.069657393019992,1.105970940410608,1.0881185011918535
2016-05-06,1.1000168438843119,1.1005752023066746,1.0704601734851895,1.107354259475222,1.0902204809867366
2016-05-09,1.099685288977516,1.1002359928188197,1.0694423465595335,1.1067748105550788,1.0910818912880127
2016-05-10,1.1082910165791189,1.108837464761703,1.0773416036495669,1.1155286189369902,1.0998108357997791
2016-05-11,1.104173114383816,1.1047052291680786,1.0733457020149766,1.1114835637374163,1.0956669196024351
2016-05-12,1.1006331608325837,1.101094461052115,1.0681484039235742,1.107751398555981,1.0927851831393138
2016-05-13,1.0969332136102738,1.0974029304070754,1.0657031108819237,1.1040473031026716,1.0891040773545733
2016-05-16,1.1022670841879114,1.1027350863205754,1.0709990564526597,1.109531525926664,1.09464161856613
2016-05-17,1.0986271429494627,1.099099884302776,1.0679840023213087,1.1060647318311891,1.0904277941058855
2016-05-18,1.09898597423822,1.0994434533724373,1.0680156187014356,1.1065553261923704,1.090477542932436
2016-05-19,1.0894799697040278,1.0898963317970365,1.0572667334297259,1.0969057157450233,1.0815661695118668
2016-05-20,1.1016685068686871,1.1020893387907769,1.0706569531137837,1.10922801834113,1.0937446390846222
2016-05-23,1.1012439784662642,1.1016467007324195,1.0699080675031987,1.108762730124246,1.0931460025640962
2016-05-24,1.1163130609226204,1.1167887599019102,1.0845090444558687,1.1239655631978935,1.1085806500944047
2016-05-25,1.1236615380513746,1.1241351496850611,1.0930213464753424,1.1316668130622656,1.1147104557393324
2016-05-26,1.127483075471852,1.1279607824967521,1.0960993516253683,1.1356683705647783,1.1187335015527198
2016-05-27,1.1310467540771123,1.1314675438355362,1.0989426321730873,1.1391523299723587,1.1223511306685232
2016-05-30,1.1307933071232485,1.131209201571032,1.0986942086318903,1.138895715911852,1.1221043069550058
2016-05-31,1.1303539617890215,1.130742951756987,1.0969132029411541,1.1383520204515096,1.121726066945351
2016-06-01,1.1268509442472727,1.1272252628530055,1.0917129172061066,1.1348242165678348,1.1190452692031831
2016-06-02,1.1306272847051289,1.130963977657489,1.0952312646664446,1.1386349455191147,1.1229199891276649
2016-06-03,1.1254067933629321,1.1257332415850165,1.089497229879421,1.1333566142535336,1.117834195187752
2016-06-06,1.139141703704143,1.1395070177915956,1.1044702250729965,1.1472206358294261,1.1299444454606242
2016-06-07,1.148045294870508,1.1484506401738819,1.1138788139526048,1.1562483641713148,1.137855024290777
2016-06-08,1.1507088883680407,1.1510976090758185,1.1154135752444736,1.158859500608214,1.1407031803477492
2016-06-09,1.1421218981487533,1.1424923112313121,1.105596911341335,1.1502136654898651,1.1333872386042874
2016-06-10,1.11986784412795,1.1202102288258926,1.0822736632311907,1.1276964255176722,1.1117217506871622
2016-06-13,1.1010781450635048,1.1015081000689848,1.0628619064546687,1.1085292002996867,1.093810890068621
2016-06-14,1.0868220272032514,1.087300886382531,1.047088164385427,1.0939712429286428,1.080228242340963
2016-06-15,1.0924234366145797,1.092882488463435,1.0542850909659434,1.099856620987224,1.0848128828535173
2016-06-16,1.0828634397654355,1.0832976398974388,1.0445002466794613,1.0899375649042384,1.0759910564441284
2016-06-17,1.0957220611769463,1.0961801083328415,1.0599721027044056,1.1036934561167004,1.0870985228460868
2016-06-20,1.1244959675939357,1.124967374865782,1.091938252569002,1.1333071443134168,1.1157295454010843
2016-06-21,1.1272093377644958,1.1276487938460509,1.0948369953931376,1.1359829334990712,1.1183894550840652
2016-06-22,1.126259797496499,1.1267145361845077,1.0952495050462687,1.1350882472089825,1.1173765353397582
2016-06-23,1.1498113979058773,1.1503057435569344,1.119530883671255,1.1588994575967615,1.1402626436341847
2016-06-24,1.0717529927914637,1.0722380812443488,1.0345917961360789,1.0800329438245337,1.0655548928021137
2016-06-27,1.0267123017679272,1.0272637651380385,0.989579483525121,1.033039130645034,1.0221476496957131
2016-06-28,1.05319181985936,1.053683223947061,1.0169218354350344,1.0607711059390894,1.0487520744268761
2016-06-29,1.0783773138309498,1.0788616249599134,1.042448793212162,1.0864452515869334,1.0734596421066505
2016-06-30,1.0939379870786028,1.0944278770510267,1.0567602433809815,1.101840511151646,1.0895710123526339
2016-07-01,1.102513376399492,1.103039568586403,1.0660918026139228,1.1104778484269398,1.0975211879318638
2016-07-04,1.0968687427684336,1.0974200600225095,1.059266408630159,1.1048235303514156,1.0922693018270035
2016-07-05,1.0801747811435047,1.0808110577723027,1.0435539021887357,1.0879663723390107,1.078417822019779
2016-07-06,1.0702336148855787,1.070870239354424,1.0309539152834943,1.0778111932939827,1.0708659837669854
2016-07-07,1.07797620952107,1.0786412060110675,1.038775284287633,1.0859576015214079,1.077152056564336
2016-07-08,1.0968991706460334,1.0976072173656444,1.0575490904568658,1.105251043637712,1.0947521397695377
2016-07-11,1.1101405874015216,1.1108679507096706,1.0720978022194365,1.1187508808363709,1.1069847172556508
2016-07-12,1.1237934520349044,1.1245287336162755,1.087344702157995,1.1325589416299742,1.117806065475026
2016-07-13,1.1241640365055783,1.1249341003371864,1.0879652901033297,1.132938994576899,1.1188495868577528
2016-07-14,1.1350400098505284,1.1357995827494107,1.1005794924412224,1.1438620240862631,1.128264241505184
2016-07-15,1.1314630892166693,1.1322167476518283,1.0975994949401682,1.1403263286494039,1.1247198255056
2016-07-18,1.1308787969155225,1.1316351074564694,1.0960134718148864,1.1397444900165659,1.1238478851959977
2016-07-19,1.1274264934149199,1.128226260924542,1.0923252491686526,1.1363568386722418,1.1213752746056436
2016-07-20,1.1353013346627316,1.1361247468096367,1.0999146275998686,1.1442822898198126,1.1287744988354995
2016-07-21,1.1327830320745744,1.1336368022807428,1.098139815437193,1.1417329475982239,1.1256301182192672
2016-07-22,1.1359942369266867,1.1368568898801548,1.1008259490091012,1.1449871077652707,1.1298377486102618
2016-07-25,1.136275458317294,1.1371637726333428,1.1007746625604675,1.1452431038790643,1.1303128041526411
2016-07-26,1.140180580767249,1.141103550102749,1.103518933704162,1.1490737573520773,1.1351271730460868
2016-07-27,1.1417638395156418,1.1427292982686594,1.1060543233514617,1.1505673989176208,1.135960363710283
2016-07-28,1.145150272920765,1.1461562750972532,1.1086387443198966,1.1540598305591105,1.1404439500420447
2016-07-29,1.1496069562630402,1.150591838692551,1.114894812248655,1.1585734448827696,1.1437727148505479
2016-08-01,1.1489256217749808,1.1499119759959149,1.1139751790355927,1.1578867962498214,1.1437367666144842
2016-08-02,1.139787253445967,1.1407723403462717,1.103718658610832,1.1486430083747643,1.1358679090058608
2016-08-03,1.1421238026090277,1.1430926125171283,1.105493947293403,1.1510825649569398,1.137147015480408
2016-08-04,1.1445844022161635,1.1455894389680699,1.1075444620157482,1.1536477504806848,1.138948026506788
2016-08-05,1.1568372254196804,1.157809236661418,1.120410051994778,1.1660897006556539,1.149617417576916
2016-08-08,1.1545141923787743,1.1555186073499606,1.1179597603171092,1.1637609874439536,1.146760642309599
2016-08-09,1.1608863367805904,1.161860249504376,1.1239454011192032,1.1701899085815468,1.1531102602227825
2016-08-10,1.1651627792013068,1.1661092857221724,1.1293778137575967,1.1744557426318794,1.1567353840308199
2016-08-11,1.1705559527604223,1.171489857321117,1.1346102764278547,1.1799334340350542,1.1614924214027018
2016-08-12,1.1709052515818932,1.1718087469200724,1.1346736396667871,1.1803165308944261,1.161664882409409
2016-08-15,1.1741671545262213,1.1749719681091444,1.1373329002421482,1.1835140057692375,1.1643985087225492
2016-08-16,1.1716021185066468,1.1724495625947418,1.1358408773035502,1.1808497389742356,1.1607780603800852
2016-08-17,1.1649252487699706,1.1657531531466532,1.1268982718627079,1.1742643608446013,1.1548420624796485
2016-08-18,1.1767573307634396,1.1775929542248742,1.139237450207449,1.1860818721295652,1.1661617770288848
2016-08-19,1.172806945110648,1.1736126701641696,1.1341159197570538,1.1820653003325554,1.163258239189427
2016-08-22,1.1724277845359599,1.173209414357406,1.1328358228342625,1.181816348454079,1.1638112651159958
2016-08-23,1.1819715557993455,1.1827401480709168,1.1440703264736893,1.1913956608575464,1.1720598726600233
2016-08-24,1.177248094921741,1.177930421877078,1.1394292993345856,1.1865889796445692,1.1670558389872947
2016-08-25,1.1737362975953174,1.174441897270415,1.1346551201235373,1.183083650664177,1.1636775353282063
2016-08-26,1.1755700776947124,1.1762942754364392,1.1376017001547607,1.184817993753532,1.1654695020651271
2016-08-29,1.1711274324525194,1.17180857089463,1.1303738775408483,1.1804674362496792,1.161945463927465
2016-08-30,1.1726366982997942,1.173309793938333,1.1323557277973808,1.181875957942523,1.1623532658659745
2016-08-31,1.1677358801102204,1.1683691080525394,1.1277608167867277,1.1769679968179476,1.157110326854083
2016-09-01,1.1706077220908317,1.1712186696396116,1.1300880154893898,1.1798625435734835,1.1602289591699801
2016-09-02,1.1838826963959226,1.1845034765576636,1.145438139518955,1.1932504120963625,1.1727229511520916
2016-09-05,1.1846272255225663,1.185240710768559,1.146091836281552,1.194024560200413,1.1732462770956782
2016-09-06,1.1848231013874218,1.1854487749362415,1.1458780408733644,1.1942117507791554,1.1737230524332072
2016-09-07,1.1930041742376676,1.1936366101813412,1.1552692463936167,1.202426027671339,1.180579499298503
2016-09-08,1.1937832875896308,1.1944487046391299,1.1558979828356264,1.2031629997669206,1.1799714161177977
2016-09-09,1.1694376024907573,1.1700621128522826,1.1335355834635203,1.1785598916597226,1.1543582637571812
2016-09-12,1.1677064267759292,1.1683103151279495,1.1282413380259722,1.177280214331469,1.1542640555187185
2016-09-13,1.1565667185750643,1.1571782834993416,1.117961437802411,1.166029984302312,1.1434067223641444
2016-09-14,1.1553686292537466,1.156006950098926,1.1155102097930834,1.1648493017303958,1.1422376214132994
2016-09-15,1.1663796757728004,1.167046438938951,1.1254665643114365,1.17570733025652,1.1529583550191407
2016-09-16,1.158836405364992,1.1594784784443748,1.1178032101339095,1.1684343493442235,1.1472370097424929
2016-09-19,1.1630604940520592,1.1636815010661465,1.1220792883717152,1.1725623386184485,1.150699666253342
2016-09-20,1.162632007079957,1.1632585410416738,1.1215337499029259,1.1721305941846478,1.1507698925909573
2016-09-21,1.17122577413821,1.1718375395159804,1.1283622728501133,1.1808105834626925,1.1592266159359574
2016-09-22,1.1893995585170125,1.1900637883069245,1.1486839394040078,1.199104494743506,1.1770458263779469
2016-09-23,1.1806314188187952,1.1813056014831007,1.1405892628757135,1.19036380155266,1.1690922307246925
2016-09-26,1.1705979640755806,1.171290517857412,1.1299344795323063,1.1801151521806124,1.1595914267728695
2016-09-27,1.1705917443673206,1.1712966105281966,1.1294972140356372,1.1802705748960673,1.1601755355044403
2016-09-28,1.1787630077272098,1.1794752061548988,1.1373506383399197,1.1887609883714088,1.1679180776694447
2016-09-29,1.1752711190437792,1.176005664454484,1.1356513251604736,1.1850647751723151,1.163595493088096
2016-09-30,1.1777584390222613,1.1784473652465233,1.1378759703799188,1.1877511050002085,1.1666894941748722
2016-10-03,1.180374542723995,1.1812113478974402,1.1409536210367672,1.1903894049771626,1.1687084100804566
2016-10-04,1.176553042309424,1.1775134721071172,1.137973851855907,1.1864653473934776,1.1643182721018865
2016-10-05,1.1786597559700025,1.1795011724915079,1.1392863270275395,1.1885405595275012,1.165416572667181
2016-10-06,1.1762960404810765,1.1770089792355554,1.1370825502609176,1.1861192783229706,1.1631123468825302
2016-10-07,1.162305792186081,1.16299235462413,1.123370811611958,1.1719655476507527,1.149728982617396
2016-10-10,1.170249957186711,1.1710122534661698,1.1325339935904901,1.179930246087217,1.1578591336108732
2016-10-11,1.1554408353556045,1.1561698736453305,1.1183152913000671,1.1650565254379306,1.1424251946911574
2016-10-12,1.1517289380944682,1.1524389704532,1.1137384998938382,1.1613101778830628,1.139066722747208
2016-10-13,1.1457428347641527,1.1465081857658181,1.1066010964575352,1.155439735076989,1.1341894093653027
2016-10-14,1.1514667979769517,1.1522151417074198,1.113394104915063,1.161189398804474,1.1393622371362961
2016-10-17,1.1451515348620647,1.1458876032642111,1.1073145283979917,1.1547860354169164,1.1336805596752484
2016-10-18,1.1569366588410344,1.1577201495122442,1.1197172172909362,1.1667851008566055,1.1451817709140955
2016-10-19,1.1613790657070544,1.162196173690053,1.124518694875292,1.171209353641809,1.1488625944137894
2016-10-20,1.1611142024679835,1.1618890125865025,1.124748993233024,1.1709154271116824,1.148172471043142
2016-10-21,1.1561691012824906,1.1569072109146166,1.1186446805869297,1.165841518570667,1.1430277776875584
2016-10-24,1.1602431458096565,1.1608950812829557,1.122680733485272,1.1698229515643324,1.1468177237897992
2016-10-25,1.1537405583204219,1.1544173334895267,1.1172810795646542,1.1632748451666846,1.1401130028224886
2016-10-26,1.1521731574101022,1.1527552061056614,1.1162094321176248,1.1615818089179848,1.1367625111444517
2016-10-27,1.1491726509883953,1.149769666797764,1.1151232068304264,1.1584397532992372,1.1332374617227545
2016-10-28,1.1481148962284455,1.1487401314639254,1.113637999789253,1.1574635396719914,1.1322517729608594
2016-10-31,1.1486241335191454,1.14929555388654,1.1133736735706654,1.158118246834553,1.133594924548843
2016-11-01,1.1437674011382464,1.144426897130294,1.1087974832943606,1.1532213704533492,1.1277705962741311
2016-11-02,1.1364790014958372,1.1371663647984804,1.1002913505147507,1.1458770842092598,1.1203224220572836
2016-11-03,1.1354559594950429,1.1361559590439954,1.0999238059067635,1.1448346853532847,1.118940795091484
2016-11-04,1.1299657278988084,1.1306461151002045,1.093772701746106,1.1394407093471177,1.112989137696707
2016-11-07,1.1473755128209224,1.148146705372668,1.1107698329676714,1.157077871398964,1.1306884940973472
2016-11-08,1.150026375426824,1.1507824388267378,1.112726602500365,1.1596769339926318,1.1332328495832575
2016-11-09,1.1600831338603472,1.1607517811907315,1.1223309313169656,1.1695603307317348,1.141929638698814
2016-11-10,1.1558634221661515,1.1563932484000683,1.1168972831732036,1.1645108328186735,1.1350653530879304
2016-11-11,1.1559095029370752,1.1563052262635394,1.1157822673863587,1.1646020099048175,1.1351385805250946
2016-11-14,1.1528390598994163,1.153215600347181,1.1105995802625157,1.1608119810390192,1.1311503854835507
2016-11-15,1.1585010933059932,1.1589374244433541,1.1158556538703592,1.1668914496196439,1.1379287563430844
2016-11-16,1.1531430638657105,1.1534935919706535,1.1097724009631367,1.1617786870932538,1.1336472070542865
2016-11-17,1.1609176862365649,1.1612829875337456,1.116214258456735,1.1695289137161609,1.1417037609877771
2016-11-18,1.1549728792254468,1.1551681746293354,1.1078432325321073,1.1633519936563264,1.13626562060323
2016-11-21,1.15979933073227,1.160039351729053,1.1119060973976347,1.1681656856494673,1.1418317139867609
2016-11-22,1.1648362976943296,1.165063226375235,1.1171071332134446,1.1732165352591,1.1469796558471776
2016-11-23,1.1643910595682807,1.1645543834917447,1.1167693674951336,1.1725048632664263,1.146666865993742
2016-11-24,1.1641245284709698,1.1643063608958892,1.1171255747169726,1.1721518920047118,1.1464778665918267
2016-11-25,1.1695799408379353,1.1698372577821223,1.1225296464542314,1.1779475690594332,1.1521262894742654
2016-11-28,1.1611063745043444,1.1614713240124455,1.1143831652518417,1.1696798632694134,1.1445326414219936
2016-11-29,1.163217670019216,1.1635729098328718,1.1170695358651397,1.1720103631051526,1.1468420403085193
2016-11-30,1.165498136660853,1.1658546251699475,1.121202547348453,1.1743805052331469,1.1474401857196745
2016-12-01,1.1597869178969697,1.160080429485817,1.1169449548785926,1.1686257607454016,1.140690493099762
2016-12-02,1.158673651821239,1.1590240779611034,1.1154270721831998,1.1676011165441433,1.1399710222945054
2016-12-05,1.1706994372203645,1.1710172053046812,1.1279862007409818,1.1797467023820853,1.152102803130172
2016-12-06,1.1809228995953829,1.1811790145201508,1.1405626235683939,1.1899720011458754,1.1609843984145982
2016-12-07,1.193261484553829,1.1935607155909371,1.152787331159086,1.2023280477405762,1.1729536757296335
2016-12-08,1.2031019304783395,1.2033358732126345,1.1640228045532137,1.2120204567701045,1.182150422805757
2016-12-09,1.197832823243517,1.1981795341001604,1.1573597603093453,1.2070434524740186,1.177440983365454
2016-12-12,1.1958819731662529,1.1961316393245753,1.1567025751017057,1.205115313776325,1.175500117513729
2016-12-13,1.205286854246307,1.2055520127985386,1.1674191056707945,1.2146266228163232,1.1843221650139013
2016-12-14,1.1983694317946931,1.1986493254874402,1.1610894132339238,1.2078237979296595,1.1771644613946033
2016-12-15,1.1916363697271424,1.191862391917888,1.1533601916635037,1.2010049829432443,1.1717933793022415
2016-12-16,1.1926923753741872,1.192893367352008,1.1558832499404676,1.2020845016634762,1.1718770496747768
2016-12-19,1.192885342347474,1.1930851789498935,1.1553916279183403,1.202378165658257,1.1723125115571646
2016-12-20,1.194293466704105,1.1944026015931004,1.156596661575572,1.203709018206527,1.1737139719353362
2016-12-21,1.1965944097556234,1.196757423264478,1.1590437259597537,1.2061035675757976,1.175694538096741
2016-12-22,1.1960104404091398,1.196128262354145,1.1580798188832497,1.2055171774665299,1.1746861447448422
2016-12-23,1.1982106054844395,1.1983671229408357,1.1605352611116666,1.2077203704738277,1.1770342749886067
2016-12-26,1.1982106054844395,1.1983671229408357,1.1605352611116666,1.2077203704738277,1.1770342749886067
2016-12-27,1.2014255908173834,1.2016070566684862,1.1637070744764015,1.2109715296995267,1.1810527216145938
2016-12-28,1.1940751774297604,1.1942640833163987,1.1567099800953822,1.2037471815266865,1.1735944063701653
2016-12-29,1.198019198452605,1.1982317213102576,1.1604182754328123,1.2077634906922676,1.1776075415247491
2016-12-30,1.2015926121059373,1.2018250592994861,1.165546290040418,1.2113262392877036,1.1800203138755436
2017-01-02,1.2024099418495595,1.2026549089264507,1.166991822438862,1.2121501898967735,1.180894533715727
2017-01-03,1.205549896449265,1.2058252788504746,1.168961842641374,1.2153144842548607,1.1832981036937131
2017-01-04,1.2139498267783277,1.2140704494592995,1.175617629324048,1.223752886992927,1.1911891728791093
2017-01-05,1.2171532255852584,1.2172538472790013,1.1792180677091801,1.2269964912640767,1.1936841751434053
2017-01-06,1.2246475987529992,1.2248093117202077,1.1879483908698079,1.2345709455190061,1.2007962114025845
2017-01-09,1.2143280215270909,1.2144492401313576,1.176242886837809,1.2241783077852353,1.1913873353409008
2017-01-10,1.2192941360538623,1.219422357134794,1.1817849979697734,1.2291843844625379,1.1960799428889681
2017-01-11,1.219528801663262,1.2196079359085994,1.180662757694263,1.2294049202357042,1.1964718917610777
2017-01-12,1.2262619096628067,1.226408847526883,1.188542287059523,1.2363213822045522,1.202287406542147
2017-01-13,1.232140216864973,1.2322606302273995,1.1947737874698696,1.242170756699249,1.2079297455842102
2017-01-16,1.224250807390203,1.2244087616769885,1.1848028203441598,1.2342527090821134,1.201037642701909
2017-01-17,1.2272973172694177,1.2274776737744173,1.188324830446999,1.2375117659577197,1.2022767675178547
2017-01-18,1.2292113165179908,1.2294010901382122,1.1902697883479796,1.239453293089688,1.2052935147786012
2017-01-19,1.2274347677547508,1.2276088922623418,1.1896690982646034,1.2376660774074273,1.2036083826639095
2017-01-20,1.227777640221882,1.2279592969371416,1.1886371770257016,1.2380356645627357,1.2042339990184467
2017-01-23,1.2300575784103718,1.2302527856091272,1.1917530937829885,1.2403109783293933,1.2064301957185433
2017-01-24,1.2404919863332382,1.2407219052531275,1.2022237140882208,1.2507255056463915,1.2171325375215054
2017-01-25,1.2532711145028494,1.2533993908438736,1.2154799806584253,1.2635244943819612,1.228325634261659
2017-01-26,1.2504129828300998,1.250451133787796,1.2124135661330542,1.2607087882182733,1.2259809423486578
2017-01-27,1.2491159033204748,1.2491345507018459,1.2105553861379745,1.2594137711528903,1.225109390026437
2017-01-30,1.236258993918234,1.2363559009404934,1.1959616930992032,1.2465733165102328,1.2129916428897056
2017-01-31,1.2406043411065357,1.2407229079687176,1.2001744652373132,1.251026605945468,1.2161354789476764
2017-02-01,1.2481683261720562,1.2481730980496062,1.2094108210679584,1.2586541357310725,1.224097712918366
2017-02-02,1.2508628354697098,1.2509168971497553,1.2120996139081803,1.261424075065562,1.2272664136641822
2017-02-03,1.254699353019027,1.2547295029047847,1.2143940541268379,1.2653747982263408,1.2314022643220404
2017-02-06,1.2475345454543763,1.2475712656206266,1.2052361371614084,1.25817993647083,1.2255177607892318
2017-02-07,1.2471353409006254,1.24722664514189,1.2041599621757046,1.2577751597485864,1.2254682997387392
2017-02-08,1.2510163672539958,1.251181915409614,1.2080613957402129,1.2617190196161179,1.2290676982630924
2017-02-09,1.2611378434060754,1.2613068400261935,1.2188069645207662,1.271996349697961,1.2385938502881393
2017-02-10,1.2614112535285151,1.261581482447802,1.2178140532580362,1.2723059843968418,1.2393286966472643
2017-02-13,1.2694553118573704,1.2696116368764592,1.2266369019005494,1.2804415811587986,1.2468552898079568
2017-02-14,1.2710365935598864,1.2711937398622517,1.2283864198088947,1.2820687435164302,1.2483179331800702
2017-02-15,1.2714619727256453,1.2716005037233673,1.2279139167656503,1.282440276830966,1.2487079462477066
2017-02-16,1.2755593858573853,1.2756015248017822,1.2328939743774767,1.2866319092486032,1.2523700011288448
2017-02-17,1.2742905881701403,1.2743651577204596,1.2311093315978396,1.2853272835282181,1.2513538885385536
2017-02-20,1.274821749716196,1.2748886883654713,1.2314958824731024,1.285888210781025,1.2516088372133747
2017-02-21,1.277602981998181,1.2776035771640846,1.2340836977044853,1.2886335931261212,1.255625578995235
2017-02-22,1.2738848893920434,1.273904295731346,1.2300763208849785,1.2848472045307695,1.2519150783882298
2017-02-23,1.274786236734415,1.2747187084958944,1.2311259970718897,1.2857308232777882,1.251963968083542
2017-02-24,1.2738738127641813,1.2737750782334745,1.2284011690070786,1.2846692245575881,1.2512979466404246
2017-02-27,1.2734700248369748,1.273431257852835,1.227624832766603,1.2843230109828947,1.2515338373350817
2017-02-28,1.2736715219968306,1.273431103050486,1.2285261546870827,1.284700726456171,1.2504120256692983
2017-03-01,1.2871054340046928,1.2867622685251134,1.2414608990284857,1.2982509677998662,1.264554487867453
2017-03-02,1.281597053684694,1.2812961616432998,1.2377625651167665,1.2927563015085133,1.2585847000945756
2017-03-03,1.2822059003601214,1.2818353786375718,1.2389404573122442,1.29333014210022,1.2580620839333665
2017-03-06,1.2794082732284382,1.279124385076199,1.235981248667083,1.290532546080052,1.2548819102031863
2017-03-07,1.27432658541644,1.2739709416611353,1.2315621618092751,1.2854033404905822,1.2504907749764578
2017-03-08,1.2723968873866032,1.2720104102331955,1.2305090151833074,1.2834159359859965,1.2487920754757964
2017-03-09,1.272332327906255,1.2718699999191423,1.2300103037221566,1.2833062960189674,1.2481194965579634
2017-03-10,1.2787278984470578,1.2782201740556285,1.236094286605113,1.2896534927607786,1.2548186533950891
2017-03-13,1.2860420114109763,1.2856646220595267,1.2429541345984159,1.2971055268400702,1.262742783307033
2017-03-14,1.279603965357525,1.2792623297677133,1.2354663726378803,1.2906570680842693,1.2569038298439792
2017-03-15,1.2883876220593709,1.2880441464229957,1.244196467067083,1.29958742631844,1.2653885098171977
2017-03-16,1.3002881500470636,1.3000066194962705,1.2580717032450914,1.3115583471734342,1.275493697087486
2017-03-17,1.3037396248997635,1.3034898632928504,1.262203729609646,1.3150202376929112,1.2790224983107308
2017-03-20,1.3033206249695106,1.3031292148917326,1.261938554973661,1.314644201311307,1.2788630919545363
2017-03-21,1.2937914515592015,1.2936668236652953,1.2547925299567424,1.304918471438234,1.2679337833729873
2017-03-22,1.2921142782763553,1.2919414000283076,1.2525977924793021,1.3032919294028942,1.2668020000571216
2017-03-23,1.2976277832736616,1.2974488571981468,1.258495146996319,1.3087420166409858,1.271417566490649
2017-03-24,1.2983039492617627,1.298177263754256,1.2596091424484268,1.3093562509604937,1.2723411469654695
2017-03-27,1.3001373479767089,1.2999825079780436,1.2613323565255754,1.3110466190802421,1.2731172985070722
2017-03-28,1.306815557660302,1.306735611016074,1.2677315313429038,1.3179210905611771,1.2794609003230648
2017-03-29,1.302163989451733,1.3020502521577169,1.2625645680708002,1.3135009651114422,1.2754035683698222
2017-03-30,1.3063225835011507,1.3062542173200373,1.2676344179716315,1.3177056385897603,1.2796318188520452
2017-03-31,1.3070899242086464,1.3069667146622992,1.2679446943156718,1.318458216562865,1.2798743921066251
2017-04-03,1.3013435357441516,1.3012443684445305,1.2617242654892273,1.3126618494222002,1.2744629749354117
2017-04-04,1.3004249557298315,1.3002938328625382,1.26076641940143,1.3117271687988719,1.2733563407138657
2017-04-05,1.3013442289593984,1.3012417809969141,1.2629511074529296,1.312644249186788,1.2738598671564674
2017-04-06,1.3051354877640975,1.3049908424093875,1.2663527054035455,1.316507173636662,1.277291435291178
2017-04-07,1.3040779895772445,1.3039350712668583,1.2654166592548066,1.3154268674767375,1.2768982828648598
2017-04-10,1.3027440651501756,1.3025902098804714,1.262419329921165,1.3140991447298966,1.275064050443067
2017-04-11,1.3051756908495609,1.3049913080553053,1.264720419852532,1.3165361558617454,1.2774603191669953
2017-04-12,1.303581260661261,1.3034003133784708,1.2636942713404276,1.3149254356361963,1.275275490472264
2017-04-13,1.3005487404916325,1.3004025606613696,1.2617484208386078,1.311763182896523,1.2719459294924573
2017-04-14,1.3005487404916325,1.3004025606613696,1.2617484208386078,1.311763182896523,1.2719459294924573
2017-04-17,1.3060678272292772,1.3059151180431852,1.2661442116761445,1.3174321430938225,1.2782567664558118
2017-04-18,1.3024020771785982,1.302293694584859,1.2603205560344262,1.3136758390375165,1.2750591072997006
2017-04-19,1.3106470818646752,1.3104753494341945,1.2688690528713615,1.3220373333180917,1.2824619878238772
2017-04-20,1.317684388251257,1.3175092679746168,1.2752809635719842,1.3293035598670822,1.290070911974588
2017-04-21,1.3124980082610755,1.3123419800731728,1.2698029332834964,1.3241197706663368,1.2847965012907858
2017-04-24,1.3432827231330908,1.3431698579680114,1.3048216661469485,1.3552761373561535,1.3146102985328725
2017-04-25,1.352818769324037,1.3526797375088297,1.3157682239896302,1.3648403669442382,1.3231719503055024
2017-04-26,1.3565936592357055,1.3564621569788442,1.3199059357922414,1.3685018952419896,1.3267006278615052
2017-04-27,1.3581928996998773,1.3579771335653905,1.3196895268028193,1.3701224157132839,1.3285321695513936
2017-04-28,1.3601133369369107,1.3599423363503513,1.322154191870319,1.3719089160385782,1.3301475695212728
2017-05-01,1.3607963064249355,1.360634566186636,1.3225737503840709,1.3725978085775743,1.331459504241597
2017-05-02,1.3681974208866696,1.3680764654722626,1.3283241010038869,1.3800834929169774,1.3359346339186646
2017-05-03,1.3644705143135627,1.3645283159275425,1.3258092261361594,1.3764431636731291,1.331900039999777
2017-05-04,1.370604210949747,1.3704732193966171,1.332361067384376,1.3826545821123926,1.3379656600457075
2017-05-05,1.3813843380184945,1.3811339251832766,1.343440051757645,1.3937061433136027,1.3480139909586903
2017-05-08,1.377989479101534,1.3777444223134458,1.3403188465435345,1.3902376521145052,1.3441849935666816
2017-05-09,1.378539323274354,1.378313154128485,1.3399542743314499,1.3908274578873667,1.345210808485234
2017-05-10,1.3807591499471759,1.3805329248165235,1.341923427233731,1.3931787959842679,1.3488250678324731
2017-05-11,1.3750661763090153,1.37475855064593,1.3339776760543154,1.3873994374705119,1.3437785937384545
2017-05-12,1.3760171792795264,1.3751939587153648,1.33602727869857,1.3883550215647105,1.3434377573845064
2017-05-15,1.388437543778353,1.3875734543312936,1.349196917376742,1.400917846066586,1.355541410118903
2017-05-16,1.3931890621151153,1.3923401707673875,1.355790181471617,1.4055848346173843,1.360788980472478
2017-05-17,1.3767038735730217,1.3759428625602603,1.3401626901716568,1.389089202478765,1.3434640405884721
2017-05-18,1.3765133736043356,1.3756162937254086,1.3382118615086815,1.3889718850672557,1.3435939321413612
2017-05-19,1.3912983239078223,1.3904864717863314,1.3530726368558732,1.4038928311805448,1.357957491224721
2017-05-22,1.401526983888466,1.4008307055490625,1.3618288623453767,1.4140593753255166,1.367150330759352
2017-05-23,1.4029400261607743,1.4022316188686168,1.3633909995364937,1.415534470869419,1.3686734085769825
2017-05-24,1.405959403683753,1.405322182762619,1.365380427556439,1.4184882543606099,1.3720921939273605
2017-05-25,1.411843482520112,1.4112925593517336,1.3704748966746993,1.4243786182913736,1.3790976298249225
2017-05-26,1.4096221252947323,1.4090216450282158,1.3673356601500415,1.4223027019472387,1.3772602467994202
2017-05-29,1.407493944522672,1.406894219452202,1.3649041807896993,1.420380994753469,1.375637336325559
2017-05-30,1.4062645752823248,1.405693599833879,1.3630369649177987,1.4190437599442352,1.3754353853507595
2017-05-31,1.4086587290082337,1.408036461581072,1.364779572651927,1.4213038126056539,1.377766904747084
2017-06-01,1.4201537965518531,1.419662649630459,1.3744840491541919,1.432902067732647,1.389160890294991
2017-06-02,1.4256053196208887,1.425056582886907,1.3789739831963856,1.4384054845226955,1.3955882237147792
2017-06-05,1.4231292611085904,1.4226592965460965,1.376542116364023,1.4359199619129872,1.3931672495719603
2017-06-06,1.4182628350976905,1.4177273634360754,1.3728386594027293,1.431038285542267,1.3887616792279467
2017-06-07,1.4178473527154418,1.4169130307051172,1.371668941657648,1.430651389856868,1.3884103161620007
2017-06-08,1.4195669025202815,1.4184973340861549,1.3740445283619152,1.4323745149773697,1.3904626939244245
2017-06-09,1.4180456979592957,1.417074823328961,1.374196432760742,1.4309247984555655,1.387312056392235
2017-06-12,1.4126701007003593,1.4116412905113722,1.368258338763013,1.4255478565463182,1.380677427346881
2017-06-13,1.4227185304429513,1.421550112010066,1.3769577559256154,1.4356903303286075,1.3906350015006794
2017-06-14,1.4213790418072867,1.4199990755681142,1.3746535154554282,1.4343367039139427,1.3891648535790873
2017-06-15,1.4110585676931744,1.4095747987791647,1.3626833498284021,1.423776485685352,1.3790543675465565
2017-06-16,1.4183929227863419,1.4167096344320569,1.3688138207908294,1.4310974274307613,1.3861021958111186
2017-06-19,1.4311709622221676,1.4293295897099365,1.3823585767007318,1.444051885149666,1.3993098760714184
2017-06-20,1.4175943887688394,1.4159041555767566,1.3682387959683964,1.4302669518241107,1.3870868670122147
2017-06-21,1.4152353413931793,1.4134793195684834,1.3677960789754264,1.4278140882368555,1.385897711077183
2017-06-22,1.415295653656877,1.4134117604168532,1.3679454420900128,1.4277238728026327,1.3854360101420267
2017-06-23,1.4175275992743348,1.4155316642290963,1.3686129095091828,1.4300241136216967,1.3871456312263946
2017-06-26,1.4209486978111412,1.4187107765784304,1.3728330961716702,1.4334383552001644,1.389502144519821
2017-06-27,1.4142189720484788,1.4121862190757248,1.3684181128239588,1.4268184460572035,1.3814701349571783
2017-06-28,1.4243402902153024,1.42246410234765,1.377811280296601,1.437148447938416,1.3913353501456984
2017-06-29,1.412773618671483,1.4109217663702058,1.3664013340242982,1.4255237802751626,1.377952269937918
2017-06-30,1.4154897007791016,1.4136827777759926,1.3676489052389154,1.428275801820781,1.380818030978664
2017-07-03,1.421186891080929,1.419510120473011,1.3754862929399259,1.4340244547724705,1.3845334603651984
2017-07-04,1.4173666691031248,1.4156606476185312,1.3713586477185302,1.430164211648635,1.3808490948220504
2017-07-05,1.419193578731142,1.4173242986993517,1.3733448182148484,1.4320970481940998,1.3845674979649922
2017-07-06,1.4118607151868814,1.4100676624458763,1.3679124378591059,1.4246545224774323,1.377374114287638
2017-07-07,1.4189406925523802,1.4170649775802784,1.3727460263698057,1.4318314711176705,1.3849758415989029
2017-07-10,1.4210670582727785,1.4191685988918106,1.374967125259066,1.4339582814929228,1.387531083182279
2017-07-11,1.4188576114743043,1.4169869844162746,1.3724167177538515,1.4316939380851954,1.3857314130818268
2017-07-12,1.4352626380094389,1.4333470869671323,1.3906132021066153,1.4483063314756415,1.402007428072347
2017-07-13,1.4393073517057706,1.4374041501437653,1.3943552315551022,1.452426114738524,1.4053566898004264
2017-07-14,1.443873926190385,1.4419606894006716,1.3983559884227308,1.4570231833125251,1.4106537691926508
2017-07-17,1.4508100087231128,1.4490063114425151,1.405799203747807,1.4640399736081626,1.4166543884562102
2017-07-18,1.450733534105797,1.4490017692225117,1.4039659946892336,1.4639557146033688,1.41683082753743
2017-07-19,1.4575618114220625,1.4556555464349625,1.4097661853768122,1.4708300385361686,1.4232777910645538
2017-07-20,1.4524249293681117,1.4505321177842252,1.4045049024689895,1.4656874012072516,1.418625374771881
2017-07-21,1.4540986838881795,1.4522535443166862,1.4049103888620724,1.4674234991276438,1.4201877722960468
2017-07-24,1.4522755233619769,1.4502841938022342,1.4024748110463963,1.465492760328372,1.4184936925563265
2017-07-25,1.4607077569544455,1.4587051810889902,1.4125507167859386,1.4739837905737274,1.4263175668785417
2017-07-26,1.4601782779141623,1.458065901429933,1.4133171167704963,1.4733460727334793,1.4267895755558493
2017-07-27,1.4636070522887012,1.4615737032055012,1.4167641225712437,1.4769698860802358,1.4290873674682778
2017-07-28,1.4578897225426388,1.455843104927787,1.409133004461753,1.4712906822438359,1.4247997003518933
2017-07-31,1.457798643337289,1.4557693526873288,1.408382679912552,1.4711908397797346,1.423838987376776
2017-08-01,1.4688014070457636,1.4668513633590545,1.4214267648186345,1.4822946813521956,1.4349820398939603
2017-08-02,1.4662293453680153,1.4641872678083212,1.4179992033343456,1.4797100034834274,1.4316850738463327
2017-08-03,1.4668195313218524,1.4648537170044522,1.419451556072165,1.480252904553244,1.432990086259121
2017-08-04,1.4744834816696881,1.472521289791393,1.4279458432686043,1.4879826975093624,1.4404668330139532
2017-08-07,1.4719943532371726,1.4699708864748173,1.4243561665175053,1.4855447074163555,1.4396101567584318
2017-08-08,1.4724682752066294,1.470434804132847,1.4255703351615099,1.4859864593928378,1.4390270545653532
2017-08-09,1.4614436060864588,1.4595562481809452,1.4131741082573779,1.4749511443392933,1.4277430613458317
2017-08-10,1.4452482501705972,1.443509391051748,1.397908223835913,1.45858733998677,1.4119747599611343
2017-08-11,1.4399537550972916,1.4381950554178837,1.391286726155295,1.4533702562666704,1.4069932451867992
2017-08-14,1.4573406678953593,1.4556656519812756,1.4088519177414915,1.4708891055062285,1.425311418767125
2017-08-15,1.4531216832398783,1.451578122877423,1.4044811986339238,1.466550358532807,1.4216213198498633
2017-08-16,1.4586228162122745,1.4570474917135694,1.4109622576390652,1.4721169019109979,1.42678409697872
2017-08-17,1.4446832519847415,1.4431149526541962,1.3983795700086197,1.4580313833134364,1.4118927525172607
2017-08-18,1.4410313905433085,1.439518413616486,1.3944951489532729,1.454305684656206,1.408334198723382
2017-08-21,1.4409374309572263,1.4393681511585208,1.394768682070557,1.454220400808067,1.4082723289752166
2017-08-22,1.453261563070051,1.4516375440121543,1.4075021526618272,1.4667036114448004,1.4208080805390093
2017-08-23,1.4505205465119693,1.4488469765897785,1.4053867670553661,1.46393914295947,1.4183719947483675
2017-08-24,1.451357598178158,1.449674474493938,1.4075742414785717,1.464795385149199,1.4190312009454904
2017-08-25,1.4523121280851266,1.4507313221522224,1.4078857453354796,1.4657468113688437,1.419412668677104
2017-08-28,1.456580726573445,1.454953478418623,1.4133538625735655,1.4700225406803966,1.4234898219755205
2017-08-29,1.454985875534483,1.4533516192430924,1.4113216425422193,1.4683784866953198,1.422300470597081
2017-08-30,1.4571225019680896,1.4553253828187314,1.4113651231526125,1.4707267190930735,1.4254930392208238
2017-08-31,1.4624882046122687,1.4606214570843725,1.4165204253523374,1.4761692880781825,1.4317341095767018
2017-09-01,1.47502265959891,1.473251303189057,1.429369075738736,1.4888209986600027,1.443861202205095
2017-09-04,1.471261834706034,1.4694719775787939,1.4251744918086509,1.4850346011750222,1.43982611450045
2017-09-05,1.4655570531268263,1.4638136795794394,1.4205241587992603,1.4792429315346685,1.434565607153479
2017-09-06,1.4688171852771168,1.4669595502962507,1.4248644879460135,1.4825103487927356,1.4368777829368276
2017-09-07,1.4757111193608445,1.4737903414334628,1.4325187917849613,1.4893486814181496,1.4443987380883019
2017-09-08,1.4828051730437413,1.480905498315509,1.4390193836427945,1.4965375521745357,1.4509826961294392
2017-09-11,1.494124756625384,1.4921490538804345,1.4515568606703102,1.5080857755551091,1.4625619527696734
2017-09-12,1.495746140562029,1.4937274493192088,1.4522975996116791,1.5098413355269409,1.464159257762133
2017-09-13,1.4963613436335856,1.4943882239718522,1.45333756122006,1.5104034740248173,1.4643974932670905
2017-09-14,1.491418495690204,1.4894035562450338,1.4475051215297512,1.5054018289214173,1.4589721731833625
2017-09-15,1.4962687851545071,1.4942471676841282,1.4529981258208808,1.5102500911724843,1.4635536006843768
2017-09-18,1.5012033975328394,1.4993458222547018,1.4575883094382591,1.5152035278480864,1.46947773936207
2017-09-19,1.5035968041516765,1.5016115783357764,1.459802333960138,1.5175618097111057,1.4725992103611716
2017-09-20,1.5062736104280787,1.504262917411037,1.4604683715693019,1.5202557683676425,1.4748201792054672
2017-09-21,1.4989327967476334,1.4969729887081347,1.4529613003391189,1.512820388974947,1.4675876358109259
2017-09-22,1.5062902227316377,1.5043947406306897,1.460875732653651,1.5201853850320617,1.4748996736377546
2017-09-25,1.499568710591824,1.4977255218791719,1.4528152616421717,1.513484853552289,1.466758221194318
2017-09-26,1.4935506691549987,1.49172941909253,1.4464165120778565,1.507457582509415,1.4601297886702584
2017-09-27,1.496592039158041,1.494758929038054,1.4478742779130465,1.5104586352352163,1.4637645521869584
2017-09-28,1.50312021798596,1.501325445707063,1.4541194574372094,1.516967540974335,1.4704193207603382
2017-09-29,1.5109950902856326,1.5091411148402916,1.4615268469634384,1.5250008930501213,1.4781983319395244
2017-10-02,1.5143407288212494,1.5124490801154733,1.4631463321796698,1.5283775431712507,1.481661127793946
2017-10-03,1.5173174483347571,1.5153977323069303,1.4657826599764074,1.5313840776269219,1.4853589173414359
2017-10-04,1.5211372364372642,1.5192615233610394,1.4676093118672742,1.535187547488557,1.4909735259028372
2017-10-05,1.5228803370449102,1.520989416360675,1.4694532977699957,1.5370711664777275,1.4924382298996997
2017-10-06,1.5170889317595497,1.5150881286841147,1.462417440885912,1.5311663629289982,1.487574063542517
2017-10-09,1.519469428805423,1.5175108183343418,1.4654583054999164,1.533586917713801,1.4903283926675095
2017-10-10,1.5246385000570373,1.522758844197457,1.4708580821590551,1.5388418930254275,1.4956178884981544
2017-10-11,1.5296037123630137,1.527712413935472,1.4756663816119853,1.5439022246143026,1.500651075153882
2017-10-12,1.5330664562785403,1.5312285687889153,1.4787547034233814,1.547307709973466,1.5040528959572927
2017-10-13,1.533669913302137,1.5318241037165214,1.4788888391268284,1.5478808458004447,1.5046331221820446
2017-10-16,1.532682986292624,1.5309115725143898,1.4774309940486339,1.5468801720759955,1.5046624817603784
2017-10-17,1.5265073827720053,1.5247156538646633,1.4707243100306147,1.5407790461878366,1.4977855668531133
2017-10-18,1.5301459697953497,1.5283496066622484,1.4746691106300265,1.5445028823677358,1.5014547276368284
2017-10-19,1.53080649077492,1.5291039650395468,1.4752755565678997,1.5451727111372644,1.5023447141483643
2017-10-20,1.5365431132495682,1.534836271395112,1.4801996960290722,1.5509386597421095,1.5089461623415852
2017-10-23,1.5317865281233956,1.5301034773828117,1.4745109745229883,1.5460592391133783,1.5041307006842441
2017-10-24,1.532659315689907,1.5309285798909553,1.475533938434124,1.5469525835673348,1.5053276560356565
2017-10-25,1.5270330752064771,1.5254556891714157,1.4702236345397188,1.5412936190570998,1.500800807654264
2017-10-26,1.5353244036844758,1.5338313046997687,1.4790116219701614,1.5496483009321544,1.5095743715100693
2017-10-27,1.5307673238907546,1.5292531604554003,1.4738830409477002,1.5448324939266467,1.5076078211942534
2017-10-30,1.531630019276242,1.530148091186387,1.4763278174161285,1.5457976691738746,1.5079666402415217
2017-10-31,1.5379144059544372,1.5362177713635017,1.480051859092716,1.5523330094118508,1.5142189079927624
2017-11-01,1.5395480460146465,1.5379176193005644,1.4831767350668041,1.5539819655443523,1.515608897436423
2017-11-02,1.5392547216692791,1.5376615149180604,1.483644212198207,1.5536927619865344,1.5145439758721322
2017-11-03,1.543661521853603,1.5420276565074722,1.487406222177419,1.5581539936573388,1.519705921257039
2017-11-06,1.5415337109019922,1.5395838878786323,1.4841406419300212,1.5560079519707868,1.5176331419531874
2017-11-07,1.5360274642495044,1.5342293619424783,1.4790000189570172,1.5504679699553556,1.5126892211414447
2017-11-08,1.5379247966095733,1.5361729869110812,1.4801316106185942,1.5524331795334847,1.5150455879830116
2017-11-09,1.5268492113681347,1.5253326532353981,1.4689384029250963,1.5412299455886571,1.502383781993831
2017-11-10,1.5265975802107674,1.5251837685173752,1.46766720182427,1.540941864735815,1.503306471018152
2017-11-13,1.5206811211129387,1.519210957884243,1.461681916341785,1.534839472920489,1.4974207997768303
2017-11-14,1.5238044918793685,1.522318747757924,1.4633060717232125,1.53799286465042,1.5017978550488802
2017-11-15,1.5200983481797192,1.5186123676409604,1.4610490221864145,1.5344314474325509,1.4974776803331737
2017-11-16,1.531348343334713,1.5297963767541736,1.4709828993028835,1.5458756354338066,1.5093651047673144
2017-11-17,1.5301318558894794,1.5285436655020195,1.4700236413970762,1.544666857104131,1.507435047224667
2017-11-20,1.5359401631528038,1.5343804575531739,1.475341016955932,1.5505297091403787,1.5134324038846265
2017-11-21,1.5399367063213785,1.5383998236446643,1.4774784769096736,1.5544533366695241,1.5185071578052147
2017-11-22,1.5393608611342617,1.5377426415126263,1.476948279982992,1.5540370892212434,1.516047540246878
2017-11-23,1.5467760045652954,1.5452245173674661,1.485564114579985,1.561546993641795,1.5231069038881735
2017-11-24,1.5487276576109774,1.5471741145473905,1.4875457510966665,1.5634499601318768,1.5257048378808256
2017-11-27,1.5474839123684667,1.5458923332674002,1.4875515090168197,1.5622628492837074,1.5252872097382484
2017-11-28,1.5550778475826126,1.5533759294722194,1.4931790271788485,1.569937660296464,1.5316117701204304
2017-11-29,1.554172099135651,1.5525480657756872,1.4918348076352577,1.5691150465335622,1.526271921595697
2017-11-30,1.5615489336720147,1.559885706040951,1.4977491109454113,1.5765124927333374,1.5337078857376107
2017-12-01,1.5552832740028737,1.553373965002316,1.4907827588183873,1.5701867923145938,1.5261986074756315
2017-12-04,1.5612704270594127,1.559264986934465,1.4983607725338617,1.5761923974266911,1.5288211538891132
2017-12-05,1.5538115198678104,1.551785034872329,1.4913337266886775,1.56874153465743,1.5226269140253874
2017-12-06,1.5487600976462297,1.5467228207080426,1.4867283139637006,1.5636364714108866,1.5187028126089965
2017-12-07,1.5522477140790687,1.5500664020249957,1.4885531787753234,1.5672578710897722,1.5219723606225681
2017-12-08,1.5600428345745112,1.5579265380406018,1.4959573352188482,1.5751716023812432,1.5292287647926457
2017-12-11,1.5644976486102067,1.5623728123744178,1.5014804237560262,1.579768645434253,1.5339024150215832
2017-12-12,1.5655531502597728,1.5634108256563817,1.5037455506264628,1.5806704598979988,1.534638299693527
2017-12-13,1.5627611738219962,1.5604211644775106,1.5002700332078913,1.5779215727676266,1.5324894987018174
2017-12-14,1.563929047012336,1.5614661484559946,1.5027207723983873,1.5788525951798889,1.5341297773573586
2017-12-15,1.5668910331862502,1.5645497897153968,1.504360725743606,1.5821143881887636,1.5375467091657384
2017-12-18,1.5806543188720628,1.578340002381487,1.5194894062755109,1.596030169963417,1.5517645565142968
2017-12-19,1.5796231623072232,1.5774234473767585,1.5187510025957187,1.5950643665842819,1.5502784517640706
2017-12-20,1.5778671111362002,1.5755387330507908,1.5158982543165056,1.5931831780101438,1.5491272779526806
2017-12-21,1.5811254212480055,1.578913682513027,1.5197983141608349,1.596405431319812,1.5512976206056164
2017-12-22,1.5811862503855072,1.578988971573059,1.5191777190420983,1.5964402055132978,1.5515380868647064
2017-12-25,1.5811862503855072,1.578988971573059,1.5191777190420983,1.5964402055132978,1.5515380868647064
2017-12-26,1.5812294438055419,1.579021623175738,1.5192487184140413,1.5964105760342087,1.5515371946412448
2017-12-27,1.5886796993856545,1.5865561668382142,1.5270567913313844,1.6038418490164936,1.5595360917231207
2017-12-28,1.5928332685964233,1.5908057765052095,1.530090181572438,1.608082377097594,1.5634696232029548
2017-12-29,1.592346110604835,1.5903469822224985,1.5305277381763347,1.6075544026916455,1.5617464553801357
2018-01-01,1.5923461106048424,1.5903469822224716,1.5305277381763494,1.6075544026916455,1.5617464553801357
2018-01-02,1.6021341176131747,1.6002218664044787,1.5407685133363085,1.6174358936910223,1.571861333792326
2018-01-03,1.6105228808121848,1.608598799297241,1.547351495601306,1.6258695149443534,1.5814268627163501
2018-01-04,1.6233495529431483,1.6214119867690469,1.5614092731900777,1.6387429985657587,1.5933155750614694
2018-01-05,1.6330063662843703,1.6309975676610735,1.570569423103804,1.6485005869358673,1.60360900949493
2018-01-08,1.6344813819734518,1.6324283572681788,1.57066235741669,1.6500375329444177,1.6068038239818867
2018-01-09,1.635581010670158,1.6335491618083808,1.5714179482026465,1.6511006313039398,1.6083723093301923
2018-01-10,1.633356776441604,1.6312272292410877,1.570740473439172,1.6487871081241876,1.6055343408515077
2018-01-11,1.6398581287218748,1.6377147173710993,1.5742530229804845,1.6551153341089533,1.6119908830724161
2018-01-12,1.654901656467456,1.6526789136125701,1.5901283714533037,1.670229763316724,1.6270891924845432
2018-01-15,1.6647077196057924,1.662486456337755,1.6013717649644266,1.680085012205685,1.6353486520951357
2018-01-16,1.6598299602634934,1.6576489062499606,1.5974143345500567,1.67536379442849,1.6311750187404632
2018-01-17,1.6645381940211188,1.6623596624890067,1.5999730006251216,1.6801838225963028,1.6378792108242877
2018-01-18,1.6678510960324786,1.6657784444173998,1.6033296546275466,1.683380542330531,1.6412001112323744
2018-01-19,1.6795905904054844,1.677497952044669,1.6147724950429974,1.695202706320766,1.653895267790877
2018-01-22,1.684604193589507,1.6825084254723985,1.6195880897867432,1.7002173816476098,1.6582174532826455
2018-01-23,1.6901738613648012,1.6880228739834868,1.6241226260959518,1.7059897119816205,1.6645461987324996
2018-01-24,1.694211792521923,1.6919997340417103,1.6277190623835878,1.7101329730650379,1.6668852489483446
2018-01-25,1.6948493462843341,1.6926480812906128,1.6283448756411323,1.7108689092004759,1.667047909052405
2018-01-26,1.7096275381238297,1.7074684301937795,1.6427033620472618,1.7256701524394114,1.683204652643924
2018-01-29,1.6959307007323465,1.6938445588148476,1.6298052997830226,1.7115766824586787,1.670584384929351
2018-01-30,1.6823629474386232,1.680267412462797,1.615772738974939,1.6982258276310132,1.6574383973175164
2018-01-31,1.6848841383687967,1.6828281886903935,1.6186647666127547,1.7009437580338087,1.661363261657676
2018-02-01,1.6826600675954329,1.6806804788962662,1.6145526954167584,1.698698488336487,1.6593721306364144
2018-02-02,1.6572137909747158,1.6552346113572405,1.5903412441276914,1.6730465975731443,1.632637430837932
2018-02-05,1.6103865125274908,1.608561291450913,1.5479621777831374,1.6257319167629098,1.5852344252844295
2018-02-06,1.5908275328939456,1.5888825936073416,1.5249123241598366,1.606613231645726,1.5682882966987932
2018-02-07,1.6087359346781254,1.6067603139383146,1.5446506905736992,1.6249083040531973,1.5871631515789009
2018-02-08,1.5631832997667416,1.561286537668877,1.501655986226282,1.5788594815710963,1.5391243315825622
2018-02-09,1.5629742048930872,1.561158130744015,1.4986562138979798,1.5788364324138633,1.5405209419104713
2018-02-12,1.5816685937263006,1.5796489443726722,1.5162376162881193,1.5977614585557993,1.5596668399135225
2018-02-13,1.5847298043887539,1.5826077791922906,1.517112654765863,1.6007157716921645,1.5635746440673077
2018-02-14,1.604215952318264,1.6019915557423396,1.5357193714323478,1.6205183775676948,1.5839648093293253
2018-02-15,1.6294018757268471,1.6270320297274694,1.5598645902024553,1.645988605224753,1.6092232410757557
2018-02-16,1.6373796192163377,1.635012116663065,1.5693687202434088,1.654108552845155,1.6155508744660465
2018-02-19,1.62960612764252,1.6272327064178538,1.559914298169019,1.6463251582498506,1.6083746286951826
2018-02-20,1.626468243312689,1.623979554358793,1.5575597158182306,1.643238686143653,1.6067081650550923
2018-02-21,1.6209380860927367,1.6185285038964834,1.553028508173367,1.6374481826494798,1.6018772023787897
2018-02-22,1.6190357030710134,1.6166524446798622,1.550361772772358,1.6356424303313846,1.6005581826672202
2018-02-23,1.6351846831596903,1.6324274088863353,1.5636728779840763,1.6518275208049908,1.6159355935944377
2018-02-26,1.6467984243409155,1.6440911418154895,1.5754774329147316,1.6635809678970235,1.6280198060694575
2018-02-27,1.63308834945099,1.6304879904794243,1.5652366094171217,1.6496546779119368,1.6149755786499902
2018-02-28,1.615428469369362,1.6128863483252383,1.5467648439002786,1.6316555844943386,1.5980066536397497
2018-03-01,1.5936768166546267,1.591320702183067,1.5243850110938442,1.6096854345948308,1.5749662179870976
2018-03-02,1.5926242162880238,1.5902257476801884,1.5195676480830311,1.6085536356718872,1.5750245558364344
2018-03-05,1.6086177333717007,1.6061761260174277,1.5332241072136832,1.624750795003434,1.5903950281835095
2018-03-06,1.6254228343121802,1.622941492477199,1.5497020828127626,1.6418624133047601,1.6080932735460705
2018-03-07,1.628392831698168,1.6259925302465261,1.5536014629311452,1.6448738233873421,1.6125000208447766
2018-03-08,1.6405531154920918,1.6382569539586738,1.5651223155371667,1.6571765694801053,1.6244791352605181
2018-03-09,1.6492872749584897,1.6468630325350155,1.5693607953106112,1.6659817703048305,1.6350763193737818
2018-03-12,1.6517464942999316,1.6492992365893717,1.5718360748541564,1.6684532072398193,1.6371929935172025
2018-03-13,1.6475204715985994,1.645144167377022,1.5676238315190554,1.6642623418651399,1.632230937492057
2018-03-14,1.6429652456670671,1.6404037706067807,1.5642875276887318,1.6596518294886249,1.628610806478254
2018-03-15,1.6439496393342063,1.64146929416435,1.5670407093134309,1.6607591261765724,1.6302505492925787
2018-03-16,1.6434403784376634,1.6409678618855221,1.5666334791334438,1.6603066811972826,1.6291025311527205
2018-03-19,1.6301145533522783,1.627725056192445,1.5533993460738493,1.6469391263425042,1.6153215478913565
2018-03-20,1.6327006980251475,1.6303066027068662,1.5557755377199656,1.6495313331120132,1.6203373738073346
2018-03-21,1.632504233270804,1.6300627063889255,1.5547959701012337,1.6493608415346273,1.6207832881600306
2018-03-22,1.604979206320402,1.6026411700475336,1.5306261295232229,1.6214923606021014,1.5915167605317793
2018-03-23,1.5869025228777651,1.5845773362901534,1.5138491259342948,1.6033146532368443,1.5718542145630585
2018-03-26,1.6026783823398798,1.6002150548816885,1.5251032040699235,1.6193036666305738,1.5903930321548019
2018-03-27,1.5986645609451526,1.5963239910338736,1.5250368980871118,1.6154308378528752,1.5831342879889545
2018-03-28,1.6001073590831336,1.5978053674706811,1.5283518674913381,1.6168908071160992,1.580871668738958
2018-03-29,1.6086571471895452,1.6064187483532977,1.5349140616768695,1.6257995295951408,1.592326241672899
2018-03-30,1.6086571471895452,1.6064187483532977,1.5349140616768695,1.6257995295951408,1.592326241672899
2018-04-02,1.5926587163877397,1.590477795785345,1.5227158096248232,1.6096306142254022,1.5749977519156964
2018-04-03,1.5955976712594369,1.5933466594799104,1.5225914104254619,1.6127731684927185,1.5795784059709645
2018-04-04,1.595134893399289,1.592910166076115,1.5188203605722401,1.6123474792207548,1.5793546758452925
2018-04-05,1.6173234951615405,1.6150535902566967,1.5437019977291897,1.6348961437719356,1.6010246594322588
2018-04-06,1.5984977462279508,1.596349139693238,1.528125944424347,1.615867208553427,1.5810072515386058
2018-04-09,1.6068219930404468,1.6045751587671493,1.5373837698300232,1.6242813713167161,1.5900341205620836
2018-04-10,1.6276682565963918,1.6253229738581232,1.557561340289009,1.6454732423024419,1.6126506959744438
2018-04-11,1.620713297489509,1.6184387691472302,1.551110955166516,1.638428243923002,1.6062209446893811
2018-04-12,1.6276548944283702,1.6252713912984718,1.5577884278172431,1.6455801346868106,1.614554083980371
2018-04-13,1.6280882396275158,1.6257279819796588,1.559061432990052,1.6460109699196088,1.614029257791046
2018-04-16,1.6373564814333281,1.634719887168352,1.565389197665245,1.6554648985991365,1.6231259331452568
2018-04-17,1.6516354903288883,1.648748100869866,1.5776008378625945,1.6699574041636254,1.6393108181945897
2018-04-18,1.6589180127273642,1.6560893896843738,1.5856561203223525,1.6772995878860995,1.6468401630196212
2018-04-19,1.6569031125031866,1.654139450892827,1.5832352881622875,1.6752608543473455,1.6427890575721733
2018-04-20,1.645337284140438,1.6425681191249284,1.5732350784787152,1.6635552222145116,1.6303177634620662
2018-04-23,1.64402985288147,1.641269121629259,1.5717532812282684,1.6621908865893087,1.6284546248431773
2018-04-24,1.6320215180684199,1.6294421250538718,1.5621086713593995,1.6500633487862304,1.6155971705807786
2018-04-25,1.6224359996453739,1.6198631712888114,1.551530277276807,1.6404992814873045,1.6057896297003647
2018-04-26,1.6359388073281687,1.6335963666411346,1.5661894116822577,1.654175567457734,1.6203066003214899
2018-04-27,1.6324200809815348,1.6300724708054888,1.5625804903493536,1.6506549036011289,1.6165585120819523
2018-04-30,1.627457463577458,1.6252543127546974,1.5593780222158173,1.6455380695446704,1.611339963126094
2018-05-01,1.6296346701761621,1.6274916441531817,1.5609638128539989,1.6477394643114238,1.6150202312823252
2018-05-02,1.624425970594911,1.6223596158606914,1.5558925031077488,1.6424591477954216,1.6104999186245097
2018-05-03,1.6180602610427173,1.616066661430078,1.5477902003302026,1.6360122996289514,1.6060924467469049
2018-05-04,1.6289369717715227,1.626988601936884,1.5573124358807364,1.6470687762119631,1.6172589007768725
2018-05-07,1.6332975409322612,1.631349569005355,1.5594813288379659,1.6513091427126165,1.6241814383385969
2018-05-08,1.6344913553441214,1.632599502921288,1.558467692298351,1.652509950190662,1.6264869520163128
2018-05-09,1.6476109065673836,1.6457254773408332,1.5711958256779688,1.6657232322618745,1.6399426446774552
2018-05-10,1.6549433692336701,1.652935627074111,1.57820838002245,1.673159647613817,1.6479123503940387
2018-05-11,1.6625707426462544,1.659821578070863,1.5858137744866974,1.6809716190559072,1.6535258682701364
2018-05-14,1.6637461634048845,1.6610613991162089,1.5891656633420272,1.6823304855024324,1.6534581504137884
2018-05-15,1.6518399052890356,1.6490358857799858,1.5765162774906711,1.6702858383262418,1.6415978065579913
2018-05-16,1.6492853851515288,1.6464672898126638,1.5725027645945886,1.6674661568141562,1.6394568832789984
2018-05-17,1.6576123890472756,1.6548110881526104,1.581686027596272,1.675902751788794,1.6484819667208093
2018-05-18,1.6534836811332325,1.6505079302708705,1.5764914402295551,1.6715446552993096,1.6458608710591245
2018-05-21,1.6616804805165255,1.6588123833265844,1.5832720632958166,1.6796415899157955,1.655724312680368
2018-05-22,1.6645846873694383,1.6617656398472738,1.587726624254,1.6828756208418814,1.6563278431865451
2018-05-23,1.6507749925039348,1.64797855346308,1.5706216334883392,1.6689271765767122,1.643828766940584
2018-05-24,1.651013869258378,1.6482371056211464,1.5691696638405634,1.6690727432621546,1.6461703549366842
2018-05-25,1.6478542750403635,1.6451862598938343,1.5639894554319342,1.6657451321699053,1.644247604261484
2018-05-28,1.6426935043624207,1.6400128529410902,1.5571849196544367,1.6602789294943199,1.6389657434709497
2018-05-29,1.6175906606937323,1.6147970182037523,1.5298372680046493,1.6343390215334477,1.6147769770476634
2018-05-30,1.6348790794594485,1.6319343600537048,1.5452318440969846,1.6519650407686604,1.63282860336144
2018-05-31,1.6322476188175588,1.6291797398371264,1.5426465559339333,1.6494255053640765,1.6311853800438847
2018-06-01,1.645762652119549,1.6427187522963849,1.5563603214186472,1.663082771808916,1.6442776028007073
2018-06-04,1.6593745882674023,1.6563104693591348,1.5695548594707038,1.6768463673454965,1.6596343341986157
2018-06-05,1.6554686925020135,1.652196655846455,1.564028159503827,1.6729058236991272,1.6572286578210491
2018-06-06,1.6691526428541414,1.6658188161605687,1.578450425888065,1.6866265179192896,1.6710557019820957
2018-06-07,1.673285295415759,1.6697945678997466,1.5830470259423246,1.6908968430503566,1.6730397423335772
2018-06-08,1.6680761974344402,1.6645199917840225,1.5746442145896697,1.6857059326032102,1.6690032270033013
2018-06-11,1.6779891442995576,1.6744532868335813,1.5865093025828674,1.6957349948768865,1.6774805165478561
2018-06-12,1.6821541663796507,1.6784615634694868,1.5880015595606396,1.6999839538215116,1.6817246916068622
2018-06-13,1.678166062910677,1.674608771753209,1.5840368243964118,1.6959672918459667,1.6797815148749318
2018-06-14,1.6857713380882,1.6820596791692057,1.5922074929504049,1.7036410972629787,1.6872260633162726
2018-06-15,1.6683300285978668,1.6644840242658139,1.5720575218565636,1.6858507530176319,1.670352936112753
2018-06-18,1.6618008503330144,1.6578624291780455,1.563334062892518,1.679224079596969,1.6657054224402021
2018-06-19,1.645595260514297,1.641643131802477,1.5468562966867827,1.6627618764697203,1.6482458022364879
2018-06-20,1.6520418189324135,1.648370443448155,1.553451541093226,1.6693097760747377,1.6556694848814433
2018-06-21,1.6368790601451415,1.6332506863202638,1.538568128574315,1.6540273969964019,1.6385715171345347
2018-06-22,1.6537644079770033,1.6500048417468802,1.557810214558844,1.6715084241075393,1.6523031215760515
2018-06-25,1.633517431008125,1.6298039374329092,1.5368291177903894,1.651049701650959,1.6295866976929452
2018-06-26,1.6322858401275753,1.6285094983977715,1.5352959627628429,1.649828328851146,1.6300605812550137
2018-06-27,1.625032597833599,1.6212389793626347,1.5304942653200564,1.6425335389465245,1.6217409736008819
2018-06-28,1.6179378704546572,1.6140482540898613,1.521914954206374,1.635065257298666,1.6150783826465194
2018-06-29,1.6323029299437177,1.628416487239487,1.5376411890832562,1.6499303809660721,1.6290348349229553
2018-07-02,1.6236572376105416,1.6197183532105695,1.5260967503441738,1.6411913226801909,1.621541937213454
2018-07-03,1.6310473010030868,1.6272047940761543,1.535004531034163,1.648736890895839,1.6270285864211727
2018-07-04,1.629125348396537,1.6252617718221138,1.5328781478894427,1.6467576004636666,1.6244382365589263
2018-07-05,1.6438473095916057,1.6398374810202616,1.5479253247628184,1.661679626822472,1.6407959857266345
2018-07-06,1.6518008948031624,1.6475930064071964,1.5558244652009336,1.6696556804276632,1.6495295750527046
2018-07-09,1.6698462403452452,1.665656876259556,1.5732695910852978,1.6881235743289147,1.6675572631857307
2018-07-10,1.679614338823484,1.6755482823374654,1.572685865503619,1.6981637741678577,1.6818776269409517
2018-07-11,1.6673736290420673,1.6632867006026857,1.5577504414204784,1.684950534156964,1.6708065314208926
2018-07-12,1.6736773683914812,1.669439542653195,1.5610848157378558,1.6908918633669534,1.679360466892302
2018-07-13,1.6727840602084976,1.668640591429762,1.55953619634802,1.6903744867246642,1.678879231348271
2018-07-16,1.6777450245491807,1.6735945041176252,1.5651900455511576,1.6952681040189979,1.6843457636977774
2018-07-17,1.6836130017156783,1.6794801462672555,1.570587908309372,1.7010977179728684,1.6913626419102579
2018-07-18,1.6817636729518335,1.6775205464994396,1.5686794333356466,1.6992748514743896,1.6893316721053009
2018-07-19,1.6756765993204188,1.6715179759878434,1.5623188594540567,1.6933115462264368,1.6827808015417238
2018-07-20,1.6781931208216467,1.6740447377560175,1.5649770072366689,1.6957789082965742,1.6847955165446675
2018-07-23,1.680295830783036,1.676189360978184,1.5674895395289583,1.698037183200365,1.6866040741829145
2018-07-24,1.685317753591709,1.6813054827659994,1.5757744613896068,1.7032956052343668,1.6911990585544905
2018-07-25,1.6904139622316403,1.6862609574770708,1.577633791109342,1.7083267002663751,1.6973789444989216
2018-07-26,1.7011654075846852,1.697053092437552,1.5904116127195145,1.7193415358838169,1.7067520556434996
2018-07-27,1.692299820769486,1.6882447933668066,1.5820028434596014,1.710588660442131,1.6967389496382668
2018-07-30,1.6903126666316202,1.6864354354633326,1.5844424083710096,1.708656628446756,1.690335643752188
2018-07-31,1.7010104052462955,1.6971448888195348,1.595191397406952,1.7196716665039673,1.6984568446177946
2018-08-01,1.693023179122073,1.6889787365681357,1.587849457098946,1.711596814981938,1.6936874703161913
2018-08-02,1.6859975779018899,1.6819228971190099,1.577256439443042,1.7044201686077054,1.6895738416724462
2018-08-03,1.6916496418261895,1.6875831759354634,1.5829806064257075,1.7102268769606985,1.6947687438937968
2018-08-06,1.6916555799886068,1.687411958516785,1.580406213145837,1.7101860518244625,1.696359886172617
2018-08-07,1.7034342616974139,1.6991105217337286,1.5919406941983203,1.722183279970654,1.7082740248479522
2018-08-08,1.6992475819351949,1.694913499103303,1.587859458153505,1.7179715259607513,1.7043766299379808
2018-08-09,1.7016337860697532,1.69702589718856,1.589539077827843,1.7204434346843966,1.7070640370120918
2018-08-10,1.6772569906242019,1.6718572172689685,1.5623868685877484,1.6954919499437076,1.6831647449908393
2018-08-13,1.667625778699862,1.6623023148709006,1.5535257282619548,1.6856799580407111,1.6746562002109358
2018-08-14,1.67290091841423,1.66732329088627,1.5566425106414106,1.6906736467535253,1.6805773283374463
2018-08-15,1.6521864449610781,1.6468083339524822,1.5357946806146272,1.6695090406135258,1.65935967767196
2018-08-16,1.6658780879645676,1.6604491515236022,1.5491264670724605,1.683399721457815,1.67170503507766
2018-08-17,1.6700987133215852,1.6646954197215906,1.5518818499229103,1.6874812134058543,1.6755965557912884
2018-08-20,1.6804683902961635,1.6749510640066703,1.5620864290835148,1.6980860911410829,1.686370540264369
2018-08-21,1.6931018488919107,1.6875385952939117,1.5756609859477415,1.7112797095946908,1.6978737824190255
2018-08-22,1.7020651127517479,1.696497692034772,1.5862985724149004,1.7205080912066018,1.7075359889214872
2018-08-23,1.6990819547706923,1.6933956156596746,1.5838681540603328,1.717194503675574,1.7044914005460317
2018-08-24,1.7053251965725877,1.6995314447600038,1.5883190858128218,1.7234576647653257,1.714593553517979
2018-08-27,1.71845281247315,1.7125434676235392,1.601335606994804,1.7369116678797878,1.7283746381876217
2018-08-28,1.726231159063141,1.7203137128413688,1.6096154180060303,1.7447561632078958,1.7364083482057333
2018-08-29,1.726187202580013,1.7202323767559844,1.6082187077630432,1.7444922375167347,1.7373398334447876
2018-08-30,1.723400106792279,1.7175172530691005,1.6056818363097236,1.7415518625122788,1.7351941384668248
2018-08-31,1.716371240952269,1.7103526894838923,1.5962931406830405,1.7340374222420094,1.72881931513462
2018-09-03,1.7139560318146685,1.7079449538683678,1.5941191201192388,1.7315973539588738,1.7267221266256143
2018-09-04,1.7034837643919511,1.6973901701519514,1.5826579564382923,1.7209947485890429,1.7181799360613392
2018-09-05,1.6956377077572689,1.6897364393758718,1.5757221932295027,1.7129832018773503,1.7057642269179802
2018-09-06,1.696106327161396,1.6902708353113494,1.5759444429784215,1.7134202768936755,1.706007703552486
2018-09-07,1.6919827846850393,1.6860229199282772,1.5718293340581586,1.7092834515525093,1.701239241337769
2018-09-10,1.697288918672927,1.6911201076341706,1.5760830544330724,1.7145750063230332,1.7070631137684522
2018-09-11,1.6980859554024186,1.6917555610505561,1.575565342772106,1.7153282080337997,1.7096417339506376
2018-09-12,1.7034261634751975,1.697138222378138,1.581753793090507,1.7207124783455687,1.716204406445347
2018-09-13,1.708047281630519,1.701785204572901,1.5868145749556248,1.7255544433455816,1.7201969871677247
2018-09-14,1.7167497051387959,1.7105596403126473,1.5957460110297106,1.7345273982263452,1.7302807778715015
2018-09-17,1.7140001704603514,1.7079520863215931,1.5942626515475724,1.7317388162274838,1.7238094239079302
2018-09-18,1.7224329243003746,1.7163545480446076,1.6015308237282537,1.740242975275258,1.7325907945896568
2018-09-19,1.7203842520875137,1.7142957644791514,1.601694242042186,1.7382570177287897,1.7267409999177226
2018-09-20,1.7388197575509698,1.732766576742471,1.6220954542802977,1.756998920973697,1.7420570038070646
2018-09-21,1.7401680836939575,1.7342101326006967,1.6251438242853589,1.7583580287169236,1.7426604917083799
2018-09-24,1.7312090451812747,1.725365884742901,1.6164689019027796,1.74940999221486,1.737347630357599
2018-09-25,1.7315991904006651,1.725555966958333,1.6171345528815584,1.749744577399154,1.740284063245631
2018-09-26,1.725678968126767,1.7197018869167224,1.6128054398521579,1.7437335862848697,1.7333882044572981
2018-09-27,1.7256113076762896,1.7197218936794305,1.612450285383182,1.743455562271707,1.7332361912601262
2018-09-28,1.7102467752187154,1.7044107394070274,1.5933610184798175,1.7283124147544506,1.719743599720639
2018-10-01,1.7127899819401333,1.707118273846044,1.5967614192190396,1.730882485818817,1.7255673933639024
2018-10-02,1.7021318527357934,1.6966376310369524,1.5851666627680867,1.720078445732189,1.7137230569876118
2018-10-03,1.7062036779021352,1.700621872701349,1.5890436235384244,1.7242476849285233,1.7174815506265877
2018-10-04,1.6855313328680337,1.6799648552408497,1.56893227451057,1.703353693297831,1.692474923341761
2018-10-05,1.6734612799840227,1.6678974625832887,1.5570685569688272,1.691153850046487,1.6792878646665947
2018-10-08,1.6585799318085788,1.653071293371898,1.5421810785808667,1.675867539345502,1.6612708380667454
2018-10-09,1.6529606147907339,1.6475002024570053,1.5377218511931052,1.6701124803657628,1.6551982530093217
2018-10-10,1.617739457836632,1.612493003044869,1.5090152949663815,1.6342229731933295,1.611083019764155
2018-10-11,1.592450157563067,1.5874061817524099,1.4867000824307561,1.6091206986340814,1.586819695394899
2018-10-12,1.60086844996834,1.5956086898618145,1.4915488655724154,1.6181361000942371,1.6011158399029102
2018-10-15,1.5969322755238633,1.5917603451635025,1.487424489082534,1.6139331982329126,1.5948385394481877
2018-10-16,1.6310158047439094,1.6256809747758953,1.518182951619173,1.6488430120070654,1.6334532173740561
2018-10-17,1.6212954498494696,1.6159931777749126,1.5084578414123444,1.6389498541982785,1.624591139062378
2018-10-18,1.606151796623562,1.601059749145721,1.4942404791079493,1.6232937917084636,1.608469578831619
2018-10-19,1.5953958932161276,1.5904083152396749,1.4839329270641752,1.6118297783402051,1.5946657840951817
2018-10-22,1.5883245459072315,1.5832019819829115,1.4775146338255767,1.6048935134486495,1.5888387332714073
2018-10-23,1.5663536166585628,1.561361124452013,1.4569524824454927,1.5822769769851095,1.5653840680635998
2018-10-24,1.536796474088108,1.5320070741848237,1.4310742524604925,1.551844066159963,1.532387802517615
2018-10-25,1.5530686205731392,1.548184333055586,1.4478008109145895,1.56912603564407,1.5479173980410679
2018-10-26,1.5307653454736965,1.526058006271247,1.4266186375257697,1.5464489323374406,1.5234611271928387
2018-10-29,1.5423868617071836,1.537684693789103,1.4395494420054042,1.5581612301695134,1.5302238735469753
2018-10-30,1.5560695018567698,1.551247271806529,1.4485360365290996,1.5723320959734466,1.5458735169844027
2018-10-31,1.5717404436289202,1.5667155140358986,1.462086076585506,1.5893784921756315,1.566143366838457
2018-11-01,1.5951970086366594,1.5899242441120216,1.4831117602767554,1.6130982864169392,1.58950689548439
2018-11-02,1.6026229605479247,1.5972744928834102,1.4909145247248758,1.6205831691706372,1.5968882808528018
2018-11-05,1.5977030462506125,1.5923595202542056,1.486265172113921,1.6159286667477681,1.5919031155424115
2018-11-06,1.6073224579853929,1.6020956926461072,1.4938250388891587,1.6256643613450867,1.6027936936870344
2018-11-07,1.6344257049377464,1.6290040827435086,1.5197506259597262,1.6530577275694904,1.6312628340758628
2018-11-08,1.6291329456621269,1.6236868382868002,1.5168320270090951,1.6477672240734342,1.6250421310493022
2018-11-09,1.6122146533355948,1.6068513620054754,1.4991389499912973,1.6308028882162902,1.6080487601065894
2018-11-12,1.5809847923401086,1.5759910591221034,1.469671880087397,1.599134991669337,1.574902049087021
2018-11-13,1.5860735138548996,1.5810743438648578,1.4750601746055427,1.604393293702904,1.5790814791557684
2018-11-14,1.5806525613922215,1.5755909035534255,1.4700014455639092,1.5988341158740629,1.5733992501513285
2018-11-15,1.57619683022386,1.5708998213760599,1.4632459786304224,1.5942880476151673,1.5716314742465953
2018-11-16,1.579822457679516,1.5745000235256479,1.4648255508676657,1.598257483038579,1.5747269175442462
2018-11-19,1.5664688620405822,1.5614573948975812,1.4534448634297965,1.5844017760417328,1.5541863678616687
2018-11-20,1.543441052246308,1.5385162565702604,1.4333140230250294,1.5610988723824746,1.5296246809193192
2018-11-21,1.5564437857726985,1.5514315952696782,1.446157384946998,1.574628689012753,1.5422241338781832
2018-11-22,1.5524208169539446,1.5474281738306082,1.4401408951539982,1.5706278004984249,1.5388141425994297
2018-11-23,1.5510904528433482,1.5460773097330702,1.4381914744625637,1.5691153276794791,1.537658754919979
2018-11-26,1.5721848637760663,1.5669696008897456,1.4585589027944819,1.591004085012162,1.5580941492933165
2018-11-27,1.566828602730834,1.5615022579630853,1.4543213020995152,1.5855936700666393,1.552395435135199
2018-11-28,1.5795258721003838,1.5740417505411244,1.4629548660450533,1.5984937921132691,1.5691754435391336
2018-11-29,1.5870713426400773,1.5814998622265253,1.472198962221938,1.6065483509790333,1.5769432834850958
2018-11-30,1.585177320641386,1.5797904949537738,1.468394306260276,1.6041059886899782,1.5779356775763649
2018-12-03,1.6024193225273942,1.5970170167838829,1.4860411175767139,1.6215538780347207,1.5982317556873553
2018-12-04,1.5754955844387017,1.5703905252808477,1.4649430293223695,1.5945499703794836,1.5680885122216428
2018-12-05,1.5649240806601052,1.5598599572492702,1.451940946149814,1.5840610954776564,1.557551732789704
2018-12-06,1.5383690109887742,1.5333356539142418,1.4216107038004235,1.5573267177075938,1.535254627707921
2018-12-07,1.5276055636696841,1.5228042417361762,1.4159164050892328,1.5465396024433993,1.5193755643382172
2018-12-10,1.5142448044527221,1.509453536289111,1.4019635894422489,1.5330089270581084,1.5099534752587833
2018-12-11,1.521666586393842,1.5169056430520944,1.4111185431637374,1.5404891283271924,1.516353790941655
2018-12-12,1.538330539112604,1.5334703737815443,1.428023093981751,1.5575942241384622,1.532511581970292
2018-12-13,1.5374661026675067,1.5327957667070378,1.4280150185412677,1.556482217632952,1.531261911188698
2018-12-14,1.5150214852378063,1.5105112213813958,1.4066677938722882,1.5336613895542894,1.5083676971574422
2018-12-17,1.4932702455568403,1.4889367377196012,1.388829914069845,1.5114932870836486,1.4843594050037603
2018-12-18,1.4925496837193433,1.4881575605764477,1.3874748936666725,1.5109932013014788,1.4845575949208991
2018-12-19,1.4877140329800913,1.483445257857699,1.385249921812389,1.5056133492721788,1.4785144876072502
2018-12-20,1.4669242667933415,1.462723939245165,1.366215255892697,1.484262949057512,1.4572551456578489
2018-12-21,1.4518617559118134,1.4478598680522976,1.35433789422747,1.4686706350886891,1.439451575882034
2018-12-24,1.431041006544805,1.4270455969778797,1.3372832717314833,1.4472093937971284,1.4170903214880906
2018-12-25,1.431041006544805,1.4270455969778797,1.3372832717314833,1.4472093937971284,1.4170903214880906
2018-12-26,1.4591086441318468,1.4548989207360574,1.3581617214810295,1.4773061570652448,1.4506690381897291
2018-12-27,1.4519645388547175,1.4477519378160408,1.3477547774770342,1.470824851523765,1.4476525568778045
2018-12-28,1.4719044477827938,1.467718835297383,1.3698533504382164,1.4908911803630707,1.464097583485703
2018-12-31,1.482026239897249,1.4777577234036783,1.378950386173086,1.5013611072388064,1.47619132031147
2019-01-01,1.482026239897248,1.4777577234036494,1.378950386173098,1.5013611072388064,1.47619132031147
2019-01-02,1.4771370449738208,1.4729004062685078,1.372991382104393,1.4964081267138112,1.4706123330867644
2019-01-03,1.4509114894769306,1.4468355415404177,1.3484605186834888,1.4698575619865828,1.441210934096256
2019-01-04,1.4987601366209968,1.4945168450828321,1.393570528123314,1.518498918616548,1.4898395748440925
2019-01-07,1.5141572077566106,1.50971085739937,1.4063300791481592,1.5340579967716803,1.5073948867698481
2019-01-08,1.5298029811328586,1.5251613933085746,1.4197044360590592,1.549879452550497,1.5228875036259273
2019-01-09,1.5432804506887774,1.5386066722027791,1.4322656960375721,1.5635064368874125,1.5366540944615315
2019-01-10,1.5535893849345797,1.5489174454005943,1.4431064382826322,1.574123548847461,1.5462315996658782
2019-01-11,1.5549689237961415,1.5502481195082776,1.4426866672267364,1.5755628280578435,1.5482068723229225
2019-01-14,1.5420178877396056,1.5373479762425795,1.4302028706628653,1.5622202749795437,1.534582440028521
2019-01-15,1.5467330447209569,1.5419916589643292,1.4328983619507678,1.5668651744796038,1.5428937000518452
2019-01-16,1.5535903944267746,1.54882827618954,1.4392311835599776,1.5737850268463585,1.547595991765137
2019-01-17,1.5603049308286634,1.5555655907934234,1.4445258449454612,1.5804998384782194,1.5554113909699814
2019-01-18,1.5852929367709305,1.5803923124363637,1.4685357842317683,1.6058717551191695,1.5802627334800772
2019-01-21,1.5819188273498268,1.5770326890121198,1.464485445338843,1.60249373298679,1.5785780994524925
2019-01-22,1.5684349004976768,1.5636651228299696,1.453381180839911,1.5891468583176234,1.5641940980314522
2019-01-23,1.571704890608975,1.5669120750395196,1.4563263200101828,1.5926216013457835,1.5676203356027054
2019-01-24,1.5773183437614573,1.5724210022231846,1.4608066856885051,1.5990565891425013,1.5723583137745158
2019-01-25,1.5905483495936887,1.5855521409624067,1.4739672910772759,1.6121301427057901,1.5851183862320024
2019-01-28,1.5848306718596585,1.579936486289228,1.4693472536444365,1.606532627183949,1.5775726172098572
2019-01-29,1.5923036501751926,1.58752916270502,1.4768542964466664,1.6144524240882312,1.5853089471380795
2019-01-30,1.6038444169336898,1.5990241015464948,1.488419202090229,1.6262224332703346,1.6005125533698876
2019-01-31,1.6122387757645422,1.6073913397315966,1.494555296995526,1.6349365534803342,1.61209393710479
2019-02-01,1.61533076146432,1.6104900885622166,1.4963298892405366,1.6380720694593542,1.615320191310956
2019-02-04,1.6185722733971397,1.6136724713331971,1.4979587586130234,1.6413562065425469,1.6214016572703214
2019-02-05,1.6321832331073558,1.6273456719861448,1.5123691922972493,1.6551898518358976,1.6341918277896135
2019-02-06,1.6311634114947784,1.6265144533324756,1.5121286651477734,1.6541919128979223,1.6321861346084132
2019-02-07,1.6091042823474841,1.6045380822574071,1.4878485338074263,1.631868894412688,1.6133820483637074
2019-02-08,1.6024170464834642,1.5978238214627047,1.480287875502505,1.624966780095853,1.6097323001778003
2019-02-11,1.6096029864674313,1.6049609210285307,1.487100129688867,1.6323617058112518,1.6162106951925748
2019-02-12,1.6225386372658381,1.6176696931726788,1.4990212280161543,1.6455490420402787,1.6284516038577117
2019-02-13,1.6323391664392375,1.6276270146993028,1.5088242872734579,1.6555730375732765,1.6383782508055431
2019-02-14,1.62697183248077,1.6221589345059035,1.502763225601422,1.6500034319225667,1.6344267705978965
2019-02-15,1.644032824057794,1.6391015446682238,1.5187430120252536,1.6672375070751198,1.650368243556167
2019-02-18,1.6536203552947597,1.6486380705622605,1.5291197248137214,1.6771065910411778,1.6590864351100703
2019-02-19,1.6504558540202106,1.645385094593749,1.5256380307286892,1.6738330132915908,1.655847574556657
2019-02-20,1.662785572282711,1.6578225411210876,1.5380675397459491,1.6865903303481946,1.6660974805780355
2019-02-21,1.6603539402923368,1.6556231579342453,1.5366001671317484,1.6842556027046305,1.663145734835029
2019-02-22,1.6666733137887084,1.6613798905361896,1.5419378323158293,1.6906159527892017,1.670248310424227
2019-02-25,1.6731969119375627,1.6678970653211769,1.550390381353099,1.6973222527728165,1.675385626098312
2019-02-26,1.6743037259026887,1.6689045495650312,1.5511008232376913,1.6984771042760036,1.6757963144978574
2019-02-27,1.674476509372423,1.6690310338847767,1.5520076232527802,1.6987256890116396,1.6757463764535703
2019-02-28,1.676921151371775,1.6712672622128142,1.5553213825523011,1.7012746287696519,1.676670920602895
2019-03-01,1.6853964775631929,1.6797305823455757,1.5627475968495352,1.7098730398566673,1.6873375641265167
2019-03-04,1.6812923340327965,1.675689173675139,1.5586702421241663,1.7057124176256118,1.6820922383756016
2019-03-05,1.6775077101427238,1.671669931634891,1.5563849039000308,1.7019163797028354,1.6776592631430822
2019-03-06,1.668529268308294,1.662684318542129,1.5495363323823435,1.6927938745244044,1.6670828938529498
2019-03-07,1.652850934858691,1.6470535766541516,1.5360569198996366,1.6768822966701693,1.6538438953479513
2019-03-08,1.639718321604426,1.6338981025518688,1.522567549171067,1.6635149056783054,1.6418947738257803
2019-03-11,1.657140361511403,1.6511864592692282,1.5372521484625048,1.6813131374563883,1.661254631042845
2019-03-12,1.664274154616837,1.6582717447516235,1.5435350647035697,1.6885194418994907,1.6683108926215522
2019-03-13,1.6759225550617967,1.6698314387875328,1.5553692288224785,1.7004160620546247,1.6801382479895235
2019-03-14,1.6825776722554446,1.6764672485725005,1.5636377466429319,1.7073081621947075,1.685483860017043
2019-03-15,1.6924789280508268,1.68632603118328,1.5737369293022705,1.7175014003117186,1.6963380850718193
2019-03-18,1.702012573161857,1.6957718524923844,1.5824713010450215,1.7272592726127678,1.7040318762021673
2019-03-19,1.707762410794655,1.7014861533889976,1.5904734083888474,1.7329876380480307,1.7106247867933773
2019-03-20,1.6938622262702299,1.6876185723020338,1.5767393194998525,1.718670411568823,1.6984422817196403
2019-03-21,1.7065625319677313,1.7002846962406397,1.5865437670284355,1.731506043090449,1.7142957967379444
2019-03-22,1.671309846807208,1.6652512096350933,1.551991711023842,1.695559506329626,1.6784937202731112
2019-03-25,1.6688372484166072,1.662856590115781,1.548870474860281,1.6929761505157135,1.6764135415699273
2019-03-26,1.6779686447262872,1.671998600445585,1.556300053233891,1.7021930964183163,1.687306201259756
2019-03-27,1.6733617803122658,1.6674116394390206,1.5517335163219128,1.697706763534863,1.6810395112461542
2019-03-28,1.6724096628704428,1.6664011440172941,1.5483732421151832,1.696672765434817,1.6828622981023267
2019-03-29,1.6871918653862348,1.6811136119407746,1.5625092962716884,1.711837874024871,1.6979672572941646
2019-04-01,1.7087469827504083,1.7025520733863704,1.5826314992601414,1.7337078622817175,1.7189368996270458
2019-04-02,1.7094593151262565,1.7030879108455943,1.5838270714047553,1.7344057431009694,1.7205942086112704
2019-04-03,1.7286869100672928,1.7223228151847663,1.6040382645012825,1.7537820097818524,1.7399411307435027
2019-04-04,1.7266233425711537,1.7203712354370047,1.601658761483442,1.7517081635719232,1.7351924077242489
2019-04-05,1.7337506354314427,1.727496920671525,1.6073199633408188,1.7589497158361511,1.7432601672016343
2019-04-08,1.7329946180158204,1.7267969091838067,1.6057685209363317,1.7581460369986106,1.7430438870845644
2019-04-09,1.7243471427991268,1.7181231867196016,1.5983619941003797,1.749461696202642,1.734382364751912
2019-04-10,1.73216736383481,1.7258007491510663,1.6053431900788162,1.7573682616740811,1.7435244861712134
2019-04-11,1.7366524603848392,1.7301446708561758,1.607674274369201,1.761805489895551,1.7464719888701428
2019-04-12,1.7514354260926586,1.744822770560183,1.6222531042043216,1.7763763545449653,1.7593617432358049
2019-04-15,1.7531038121599767,1.7465470561231262,1.623084267783742,1.7781267924071993,1.7605207677104122
2019-04-16,1.7559716405409183,1.749334786571636,1.6248546702771194,1.7807028044613533,1.7623198859057823
2019-04-17,1.7512223695048623,1.7446919885580645,1.6215118075426656,1.775323625658824,1.752851359478165
2019-04-18,1.750603066168031,1.7441427907794331,1.6196696671147366,1.7746881566730994,1.7537305534551977
2019-04-19,1.750603066168031,1.7441427907794331,1.6196696671147366,1.7746881566730994,1.7537305534551977
2019-04-22,1.7496713548043625,1.7430307667721332,1.6188905255948576,1.773759530707326,1.7540358377715015
2019-04-23,1.7574363529354033,1.7507927328363706,1.6236995769071656,1.7821111065982762,1.7668246182803504
2019-04-24,1.754217842260904,1.7478222327360002,1.6188293522601225,1.778981473825101,1.7656379839848195
2019-04-25,1.7413229765010367,1.7348829277733357,1.606994859808308,1.766226809812846,1.752153393468617
2019-04-26,1.7501464549477315,1.7435757438171209,1.6160261203718258,1.7751210885035265,1.760194617811715
2019-04-29,1.754200481863256,1.7474867743488014,1.6205101966768696,1.7791079367344818,1.7626947152798522
2019-04-30,1.76126497080106,1.7545403634060988,1.6267457707600537,1.7863550657291682,1.7709134724696713
2019-05-01,1.7538962174490929,1.747217965868508,1.621216846043121,1.7788813408231408,1.7612764555405647
2019-05-02,1.7487553333190546,1.7420999812700897,1.6159532429346135,1.773719610263304,1.7573307174044535
2019-05-03,1.7534075341166075,1.7466324019232737,1.6193484904684152,1.7784488274313663,1.7640109846386214
2019-05-06,1.7459489631586569,1.7392342079618341,1.6117702112692058,1.7708681926295176,1.756600445599477
2019-05-07,1.722373674846012,1.7158208466279676,1.589809609194504,1.7469585297205463,1.7318275955061955
2019-05-08,1.7218897328770573,1.7151830068788756,1.5891018280964482,1.7464849621118226,1.7322653669998267
2019-05-09,1.7054712089983277,1.698995734210413,1.5706956936405896,1.7296550955690286,1.7171260049390191
2019-05-10,1.7168382963306543,1.7106386119654893,1.5802455223758929,1.7412013747248385,1.7288196836406182
2019-05-13,1.6854907210066152,1.6794776498247845,1.552762699786672,1.7088308734198452,1.6939719019413209
2019-05-14,1.7014723560034062,1.6952932522863855,1.5670821553634693,1.7254295049642285,1.7138331896099623
2019-05-15,1.7048932998589719,1.6986174054184393,1.5690061026207154,1.7288318321378184,1.7195952179977814
2019-05-16,1.7223142968824274,1.7159223800441177,1.5860595559388098,1.7465067460235695,1.7386755867004213
2019-05-17,1.7109761901420277,1.7046700134513388,1.5757290447797325,1.7347092860987854,1.7277543485710531
2019-05-20,1.6965818623757258,1.690185353767277,1.5611935894163478,1.7197869016622782,1.711968060085833
2019-05-21,1.712208115657866,1.7057702630047962,1.5743474304666398,1.7359063803392454,1.728462288366752
2019-05-22,1.7082846684781539,1.7019370034813672,1.5713705927624553,1.731572275009663,1.72526556947016
2019-05-23,1.6818374976398687,1.6755922227577613,1.5455797025792302,1.7042286954690784,1.6987675539317708
2019-05-24,1.6919959302635017,1.6858917778719391,1.5560339190535275,1.7144755439360155,1.7096192398624275
2019-05-27,1.693830916032445,1.6877104583014562,1.5590033997028163,1.7163843693972558,1.7111684022228204
2019-05-28,1.686230722745179,1.6799782426694425,1.5526125181338568,1.7085807199704095,1.7043200965153829
2019-05-29,1.6641108409796035,1.657945312968256,1.5313075456226122,1.6863340511268305,1.680660511376593
2019-05-30,1.668923016849502,1.6627055906766965,1.5358048671149536,1.6910381320619536,1.687724383281746
2019-05-31,1.6560723715445298,1.6499264899614912,1.5249709328568255,1.6774961928387446,1.67302632990927
2019-06-03,1.662642659758376,1.6564908663714795,1.5327107168507788,1.6841514777489692,1.6765314060900736
2019-06-04,1.6920787537710975,1.6856725156515395,1.5586513095440404,1.714082726955419,1.7057848921519303
2019-06-05,1.703356556639262,1.6969161642895272,1.5672562619619628,1.7256050298999766,1.7198920925918273
2019-06-06,1.7076988308439334,1.7012228611883526,1.5702286683889017,1.7299953145094935,1.7268609145800653
2019-06-07,1.7228326694031544,1.7162427441028263,1.5857317910428768,1.7453480573722666,1.7437840765265
2019-06-10,1.7306368680658248,1.7240963089471713,1.5935541750038915,1.7532257025389768,1.7524763335079874
2019-06-11,1.7386512335273152,1.7321508835602275,1.6045525207173426,1.7614021852844741,1.7575739389659217
2019-06-12,1.7351428270168079,1.7287464591229162,1.5999530583304111,1.7579789304302296,1.7554857315091559
2019-06-13,1.73846482809181,1.7320780648394285,1.6025257844795306,1.7615646514560397,1.7575744361962033
2019-06-14,1.7288381504721255,1.722508693001692,1.5924025245141498,1.7517743484362636,1.7492319342701907
2019-06-17,1.7247326378084729,1.7182910055627783,1.5881949254260894,1.7477944162219752,1.74583284663153
2019-06-18,1.7429436121724367,1.7364912182835088,1.6070015929320836,1.766266313891029,1.764333607996212
2019-06-19,1.749338541408695,1.7429224892374706,1.613340212966636,1.7727704659390489,1.7711497514585919
2019-06-20,1.769520326991796,1.7630368178072553,1.6325437569576395,1.793115470710369,1.7919085918931703
2019-06-21,1.764644895072259,1.7582789384244129,1.6285903056373077,1.7881329490229245,1.7847179226014844
2019-06-24,1.7651577351286758,1.7590568656484453,1.6300233781008489,1.7886692728086069,1.786480729019303
2019-06-25,1.75805418433811,1.7520180984259428,1.6236040347022036,1.7813909526329441,1.7780600339311248
2019-06-26,1.7522139218103652,1.7462515150079945,1.6185723787994908,1.7754937645482693,1.7707086955181974
2019-06-27,1.7612024621144675,1.7549968262892284,1.6258908626474988,1.7846206102116677,1.7796187298805335
2019-06-28,1.7753599144482033,1.7691611457807557,1.6383801262782012,1.7990744503012128,1.7938250170053576
2019-07-01,1.7875392823830958,1.7813040166516636,1.6492174174529364,1.8114165052806928,1.80903134372608
2019-07-02,1.7862804048655536,1.7800242539812094,1.6480068441454159,1.8102072778695102,1.809339130110567
2019-07-03,1.8021962473116686,1.7959155262153108,1.6621364826312504,1.8263222065014506,1.8256783586454124
2019-07-04,1.8049862219169948,1.7986885018320793,1.6659110634276455,1.8291249749619112,1.827012723057548
2019-07-05,1.7947884198296329,1.7883647361312442,1.6545347896545792,1.8187107993222906,1.816580371132788
2019-07-08,1.7843056220591191,1.7778532838308385,1.6451756872025745,1.8080569369586572,1.8065817812333815
2019-07-09,1.7767188663789781,1.7702700862671346,1.6358075231165912,1.8002453232464533,1.801378374041392
2019-07-10,1.7797331442084077,1.7730414186740922,1.6382849429010555,1.8031735557765636,1.8048766839538737
2019-07-11,1.786677379519644,1.7801965485976823,1.6455921443504662,1.810199379537566,1.8122624314330824
2019-07-12,1.793438772231666,1.7868199588842262,1.6487019980590498,1.8171228230194478,1.8180576829719928
2019-07-15,1.7980688535261673,1.791538148803238,1.654003737916859,1.8220087027981464,1.82341524305295
2019-07-16,1.7948782573804434,1.7884957503272396,1.652648865444208,1.8188680902517138,1.8187022014277783
2019-07-17,1.7830759963537315,1.7766436622184838,1.6410043225208246,1.8068822438555086,1.8095423108870994
2019-07-18,1.781845740108733,1.7754156469621658,1.6390122253200021,1.8054071225618271,1.808132810532003
2019-07-19,1.7810061917375128,1.7744234362069404,1.6368845331188107,1.804905879954647,1.8058685790081248
2019-07-22,1.7822537072241504,1.7754262873365094,1.6376529252046264,1.806109652506236,1.8082677059537058
2019-07-23,1.79374763091183,1.7868545968344967,1.6493532697852444,1.8180755667088226,1.8166519805065426
2019-07-24,1.8009495951147816,1.794063597596102,1.6523924516155022,1.8253391045125256,1.825658858714746
2019-07-25,1.7922093510194288,1.7851199682797156,1.6439584241351561,1.8165602080445964,1.8155549015896277
2019-07-26,1.7975875073169971,1.7902496625164745,1.649780545121742,1.821850322960597,1.8225432096803076
2019-07-29,1.7921472648670713,1.7851526001786726,1.6481353172655884,1.816424090203709,1.8159918986943409
2019-07-30,1.7786993400515942,1.7716434588155292,1.6306288154923412,1.8027052789739146,1.8040890720097735
2019-07-31,1.7693538455301678,1.7624116518838455,1.624175136989509,1.7935698112972154,1.7932380226777045
2019-08-01,1.7571365456724792,1.7502319543745553,1.6145536500377822,1.7811853014064047,1.7828556024463897
2019-08-02,1.7353935154326612,1.728597203281069,1.592465841056407,1.7591517203339828,1.7591329875684794
2019-08-05,1.6977372863135816,1.6911152532530653,1.5600254927757706,1.7207834545038099,1.7158785224239228
2019-08-06,1.7055812665820018,1.6989912104780514,1.5637469872794199,1.7287895825542832,1.7302405280145592
2019-08-07,1.7096635008774335,1.7031555141525667,1.5677685672410135,1.7326413289180405,1.735428615500872
2019-08-08,1.7391926526471904,1.732217504875175,1.5956771255787177,1.7627901033038542,1.769922303299618
2019-08-09,1.7239878857696334,1.7168270326725936,1.5807395013513554,1.7470306018070623,1.7564390944240245
2019-08-12,1.7081602221259522,1.7011092780137766,1.5661240372742575,1.7306842480820706,1.7402855697653867
2019-08-13,1.724893031272171,1.7176475830988491,1.5818205436002835,1.7480052375767716,1.7574447296848361
2019-08-14,1.6812211141095024,1.6742316348593054,1.5423149470208923,1.7032474905221942,1.7127046834236759
2019-08-15,1.6761495330779836,1.6692213580353958,1.5347412944557581,1.6974880179621392,1.7113396059913994
2019-08-16,1.6969255239631222,1.6899196467504738,1.5528343123824868,1.7189111526872716,1.7331647530701448
2019-08-19,1.717880702572496,1.7108877345387017,1.5731054241859173,1.7404558942769441,1.7544332659125608
2019-08-20,1.7041897841836542,1.6971727514283335,1.5587943220638538,1.7265020236309945,1.7418337956023835
2019-08-21,1.7253151339071409,1.7181159596034636,1.5802691295408313,1.748000659146828,1.7645411378527436
2019-08-22,1.7209115252557745,1.7138294521423936,1.5752967331211125,1.743636272151741,1.758105350288621
2019-08-23,1.6953872745749294,1.6885192724544644,1.5542144395552817,1.717368352685541,1.7295569405436793
2019-08-26,1.705499188690556,1.698510662486406,1.5640457715637168,1.727580142467075,1.7402125864029376
2019-08-27,1.7075730943466745,1.7006849197673868,1.5683014546156908,1.7294428684850986,1.7422464195249174
2019-08-28,1.706058940640357,1.699083125024754,1.5654659431557232,1.7281339903759994,1.7407824891976749
2019-08-29,1.7266781862859197,1.7197152576819874,1.584498673841523,1.7494335195311381,1.7626072040866312
2019-08-30,1.731634783558627,1.724746235913901,1.5894651521310041,1.7547637087914407,1.7663857542315502
2019-09-02,1.7286787861307655,1.7217816310983984,1.5866499831788738,1.7517682289945509,1.764391607265325
2019-09-03,1.7167356006111023,1.7099687306166298,1.5748468109340874,1.7396441496223092,1.751233914373598
2019-09-04,1.7431088050794448,1.7361622306587035,1.6005976063967216,1.7664785170990576,1.7765620589267777
2019-09-05,1.7680273477041537,1.7608274581634171,1.6230898557038547,1.7918199265788888,1.7984750886725502
2019-09-06,1.7681214792170814,1.7612567571629196,1.6236613988036206,1.7919168241728578,1.798611052334733
2019-09-09,1.772699495923396,1.766115651827407,1.628963267999835,1.7962345081510536,1.792727711321592
2019-09-10,1.777025602326658,1.7703314877557605,1.6349008179962616,1.8000594343346776,1.7873273411333768
2019-09-11,1.7892047338132202,1.7825155712006644,1.6452727666482527,1.8123577497620202,1.8001264090770213
2019-09-12,1.7914179892095463,1.7846165809406227,1.6469466433189683,1.814860774329758,1.8043546090041123
2019-09-13,1.8096673374164824,1.8030099043607146,1.665836810897628,1.832738857583859,1.8163483847769377
2019-09-16,1.7997461521621232,1.7930053623225573,1.65400641682717,1.822858311185773,1.8082595522275131
2019-09-17,1.7972677696391823,1.7904143675560507,1.649905766816423,1.8215314902867292,1.8133244225081888
2019-09-18,1.7991472892177778,1.792420643269249,1.6530517000539238,1.8235654015442266,1.8156400695150838
2019-09-19,1.8041786126021846,1.7974830116847285,1.6609878071809163,1.8287547529525856,1.8188624905247595
2019-09-20,1.799074641543501,1.7924038439320498,1.6560904752143724,1.8235464584551508,1.811557231325758
2019-09-23,1.7852680078204204,1.7786615054704815,1.6410365123624304,1.8099508909882447,1.8008385214473819
2019-09-24,1.7811270438759992,1.7747597574149696,1.6382348659814456,1.8058652199074943,1.7977032232961612
2019-09-25,1.7769605087185854,1.770601458697449,1.63304266228431,1.801557678325971,1.7942439708276088
2019-09-26,1.777126096176447,1.7708937894810424,1.6339334384137656,1.8017184363353238,1.796595589963792
2019-09-27,1.7767025265906875,1.7706810995092477,1.6361484715300192,1.8009787594433928,1.7904225901448223
2019-09-30,1.7790119121156769,1.7729000352400417,1.637455911255025,1.8036639669100354,1.794554211625671
2019-10-01,1.7580535918611877,1.7519791483898821,1.6184526542997693,1.7824152238338709,1.774941606304777
2019-10-02,1.721731101166924,1.7157269763486582,1.5823373961476708,1.7455640172296283,1.7391210890424835
2019-10-03,1.727419298041828,1.7211518661580048,1.5878358065480038,1.7513213012942943,1.747540173663471
2019-10-04,1.7481567744820083,1.741890578505565,1.6072018927655571,1.7723742702879166,1.770827472123083
2019-10-07,1.7502984605192726,1.7439686170947704,1.6121058143796787,1.7745430841078709,1.7706989148957795
2019-10-08,1.7251313941340094,1.7189584105303763,1.5883352746088255,1.748938698554275,1.7443997958150301
2019-10-09,1.7342570447186347,1.728076334179733,1.5970988057924342,1.7582163387260032,1.7555671327851052
2019-10-10,1.7491207872678973,1.742987988087174,1.6123206395520646,1.773554567514528,1.7684294249132475
2019-10-11,1.786901168180926,1.780496547863356,1.647966749713109,1.8122428368004422,1.80080225663363
2019-10-14,1.7805151870858806,1.7742265975137388,1.6411890761424015,1.8058835069332388,1.7961006948418765
2019-10-15,1.7988941376993293,1.7923389049085725,1.6578287754339405,1.8243543710575267,1.8132571659425252
2019-10-16,1.7981101909393842,1.7917905637533218,1.6580475502856475,1.8234971416175985,1.8095365706325046
2019-10-17,1.811172773601637,1.8047795087893286,1.669427464702999,1.8367849622853356,1.8225361395302981
2019-10-18,1.8117892785634717,1.805614002066081,1.6717206122244517,1.8372603121006963,1.8209795549382173
2019-10-21,1.8282904349565228,1.821904166540704,1.688687054180529,1.8538161822530679,1.8346810069908672
2019-10-22,1.822309161787829,1.816164456701361,1.6837339248192515,1.8478530186720148,1.8256934869270889
2019-10-23,1.822943235903346,1.8166004423378224,1.6858265995689345,1.8487258816886634,1.8254858463588919
2019-10-24,1.8321164751434824,1.825615307191528,1.6932559684541308,1.8583002069375165,1.839306086561096
2019-10-25,1.8340076231027083,1.8274857345724789,1.6942622298297052,1.8600927381422838,1.841959683808455
2019-10-28,1.840938508579683,1.8343272900165895,1.7010807333152478,1.8666375557750474,1.8503241518200424
2019-10-29,1.8416761446141798,1.8350182817250187,1.7013467316885935,1.8679433153524854,1.8511762120361055
2019-10-30,1.8441883915821409,1.8374614196097454,1.7039250388561795,1.8709782798156682,1.8581641096935888
2019-10-31,1.8397381517297444,1.8331339190357663,1.7000395015941654,1.8665629045614804,1.8522402898376593
2019-11-01,1.8563363306654386,1.8496973427707986,1.7157138077242444,1.8834030973114684,1.8682388429454835
2019-11-04,1.8716205514747593,1.8649468187037428,1.733111923646021,1.898738950679175,1.8781077281642213
2019-11-05,1.8693670808859575,1.862747762268577,1.7310343499961554,1.8962673244631991,1.8746957819301404
2019-11-06,1.8676727069918346,1.8612408347651288,1.7289227283398276,1.8948571727692403,1.875467704068085
2019-11-07,1.8752178315211774,1.868899666692626,1.737276554286384,1.902193976409459,1.8826383153126958
2019-11-08,1.871548774658838,1.8650715447065462,1.7325621581032107,1.8985714088968941,1.8812102949524787
2019-11-11,1.8719159812426203,1.8652550842420044,1.7330723818574691,1.8990243431429863,1.8822279546146994
2019-11-12,1.873217745647898,1.866576422837614,1.7341544291454687,1.9003686163645817,1.8836293926431107
2019-11-13,1.8696332329469552,1.8628252989168406,1.7288155165130747,1.8970907195830091,1.8860894950912088
2019-11-14,1.8691796781954049,1.8622814765742413,1.7259165932130978,1.8966580828501642,1.8880333383980323
2019-11-15,1.8856742648689426,1.878479341761504,1.7428539239791117,1.913294812645708,1.9045560282265592
2019-11-18,1.8873358447126454,1.8800812522653236,1.7448471841343611,1.9151032750239316,1.9102262136798571
2019-11-19,1.8890961528778238,1.8817640868579322,1.7455793617732855,1.9169184709290112,1.9140269383212285
2019-11-20,1.8814540050447077,1.8741308912435286,1.7380978217400365,1.9091261353008722,1.9079363027147689
2019-11-21,1.8761423836934206,1.8689557634627962,1.7337302992759225,1.9037708695600295,1.8999032997084195
2019-11-22,1.8800451437400583,1.8727350884980318,1.7363573649106128,1.9076541342572264,1.9015431274112895
2019-11-25,1.8933148797881985,1.8858227806879102,1.746895700796148,1.9208228392320692,1.9163694237278037
2019-11-26,1.90111140283279,1.8935132434222692,1.753301523644301,1.9289465378675208,1.9262310800422078
2019-11-27,1.9062979477107997,1.8986956350861148,1.7567241841612145,1.934192958574425,1.9313414154232853
2019-11-28,1.9056848440426826,1.898042329396175,1.7556128583162283,1.9335145626984407,1.9306553125564065
2019-11-29,1.8944721470097807,1.8867723366082874,1.7447749509336878,1.9221566836198354,1.9200739012202965
2019-12-02,1.8768866928164687,1.8695741975448623,1.7294169907318266,1.9043142474744852,1.9004615488161982
2019-12-03,1.869363236494324,1.8619585752829568,1.7221568714612454,1.8967092661470186,1.8942341222885999
2019-12-04,1.889513056934395,1.8822084447744913,1.7415677956848379,1.9171314582835264,1.9130241040414415
2019-12-05,1.893364049379315,1.886259025606163,1.744215693211278,1.9210412479851264,1.917086125798244
2019-12-06,1.9101351611880333,1.903089265483903,1.7606866731389712,1.9380708413180123,1.933178595704978
2019-12-09,1.9055321650252315,1.8984264163315487,1.7562565619405157,1.9332249411774973,1.925982485970036
2019-12-10,1.9023634102022955,1.8953561758674649,1.7543229640242377,1.9299118619407793,1.9228055136199762
2019-12-11,1.9061603111335041,1.8991183418693138,1.7578369567603396,1.9337811192701395,1.9250487244744192
2019-12-12,1.9249005696602817,1.9178557686511952,1.7768962260843928,1.9527694103785047,1.9403972174341582
2019-12-13,1.9407038523310678,1.9334277746599462,1.7933142529484263,1.968772671170351,1.955221786582874
2019-12-16,1.958921570696442,1.9515120939376738,1.8098750172000142,1.9871856687654086,1.974429289445467
2019-12-17,1.9547329343806745,1.9474084843045858,1.80614466954635,1.9832938075616677,1.9713811224845197
2019-12-18,1.9489330108399052,1.9415702156235866,1.79995984930596,1.977532853731717,1.965458390347395
2019-12-19,1.954802594250533,1.9474048706088958,1.8055100497720658,1.983535038514033,1.9731939399893057
2019-12-20,1.9644097976221078,1.9570241537585507,1.813022868725348,1.9933774329700338,1.9850172806823039
2019-12-23,1.9648039282978427,1.9574608511064067,1.8132570876182137,1.9936659707631519,1.9860565257573797
2019-12-24,1.967464330441242,1.9600967009014132,1.815660932147638,1.9963185427699621,1.989340017448677
2019-12-25,1.967464330441242,1.9600967009014132,1.815660932147638,1.9963185427699621,1.989340017448677
2019-12-26,1.969997594797828,1.9624902326227645,1.8174175093577165,1.9989226611771174,1.9923293013422767
2019-12-27,1.9804317200875792,1.973031059713444,1.8273910300282517,2.0093109273963403,2.0014300876105273
2019-12-30,1.9734241230505674,1.9662313797944033,1.8201088454257408,2.0019939217182388,1.9932642854001208
2019-12-31,1.9790503367912773,1.9718372013869254,1.8249292781591238,2.0079564717353833,1.9983809397316894
2020-01-01,1.9790503367912922,1.971837201386949,1.824929278159134,2.0079564717353833,1.9983809397316894
2020-01-02,1.990821976849305,1.9834479319131384,1.8359631846594793,2.019900049115926,2.012829030671598
2020-01-03,1.9759773024674696,1.9686704025023678,1.820732034606631,2.004935143394815,1.9986549043139292
2020-01-06,1.975274223313354,1.9677078293198906,1.8206531461267685,2.0041853958520104,1.9991145445908194
2020-01-07,1.976226996142993,1.9686730276451594,1.8200584943272697,2.0051440335736777,1.9986044542361663
2020-01-08,1.9763664690373246,1.9688612879512795,1.8193750626800342,2.005218410010862,2.0004596131914414
2020-01-09,1.9841034176460948,1.9765550229316031,1.8248979717210458,2.01304148855054,2.0139063176086727
2020-01-10,1.9805801590037198,1.9730945393001926,1.8228744298999642,2.0094681023024172,2.0098863323363174
2020-01-13,1.9896608674856746,1.9818976557747667,1.8295148304109055,2.018583257692238,2.0204878403821396
2020-01-14,1.9927708846553094,1.985074750273279,1.832641200234553,2.0217489696083217,2.022995807561439
2020-01-15,1.99627890192447,1.9885441899016993,1.8353054169604583,2.0252309235017103,2.027280144550786
2020-01-16,2.0109122283776872,2.00309911054461,1.8470002797823388,2.0401008652738644,2.0427981986048924
2020-01-17,2.01678273085615,2.00902584788604,1.853589648177411,2.046039733135488,2.049864679937331
2020-01-20,2.0153552953316907,2.0076218956308534,1.8513494886328759,2.0445170970278252,2.0494557662666604
2020-01-21,2.012652481170256,2.0049958822109457,1.8505986023087646,2.0415127029449422,2.0469283533713947
2020-01-22,2.0106828644670833,2.0029516219482897,1.8458601367226037,2.039374275323985,2.0478164498741007
2020-01-23,2.0038006069608367,1.9960919728168502,1.8383034768570312,2.032133514271467,2.041342685964403
2020-01-24,1.9999361871772232,1.9923322862705244,1.8383714557007056,2.0281224818740653,2.0372100990787083
2020-01-27,1.961726239623722,1.9541524503960264,1.8009347528665678,1.9890125632833058,1.9986878015345941
2020-01-28,1.9763721324399077,1.9686744141030534,1.8144973039768004,2.0038843888800844,2.0147836642829535
2020-01-29,1.979157521794118,1.971429977139425,1.8185050161255578,2.0066917060630507,2.0163116172713713
2020-01-30,1.9739458973207182,1.9662281700192494,1.8099802476010949,2.0011109982865163,2.0127710414473596
2020-01-31,1.951146189798922,1.9435182780738964,1.7881736744142163,1.9777060966021474,1.9876791241314888
2020-02-03,1.9628782343097941,1.9551348747654413,1.8007343409675471,1.9895978431437789,2.0023146835023775
2020-02-04,1.9920201567423301,1.9838676083917477,1.8270392851802297,2.0190449599589932,2.034799374344231
2020-02-05,2.015072693023976,2.007161852417391,1.850243701900944,2.0426044132455132,2.0560564470883147
2020-02-06,2.015199556630221,2.007174910248558,1.8527621353039556,2.0427700633185903,2.056550992208963
2020-02-07,2.0013995591435263,1.9934473504228252,1.8412970286809063,2.028739501017702,2.0419725892671807
2020-02-10,2.005669153138541,1.9976755618366138,1.8443754472731002,2.033001017758908,2.049883057006902
2020-02-11,2.0195855228005137,2.0116152554273556,1.8565158429410382,2.047083624279438,2.0645901140328045
2020-02-12,2.035004388263371,2.026942658509071,1.8711403551716284,2.062741000421742,2.078361708797207
2020-02-13,2.030867467226298,2.022736790500919,1.8661582020760288,2.05862104313232,2.0783655388435274
2020-02-14,2.0327627823959302,2.024595967502041,1.8674561514093453,2.060636161005578,2.0834750846866523
2020-02-17,2.03409214853638,2.025919350630633,1.8698118392209573,2.0619530880627734,2.083622599482463
2020-02-18,2.025355543311936,2.0170301983247128,1.8590195516399315,2.053043610407869,2.0777583643068183
2020-02-19,2.037448591165731,2.0288463877825835,1.8701520010363666,2.0650799965422446,2.093828468632691
2020-02-20,2.028936696156526,2.0203588697161607,1.859801666237342,2.056611467707134,2.0837865843605594
2020-02-21,2.0160081193912514,2.0075167010161468,1.8488825905325124,2.04376975542735,2.0682665085079925
2020-02-24,1.9462329084777945,1.9380310072234024,1.7821524495312688,1.9730083542201082,1.9970325968154536
2020-02-25,1.900219448508714,1.8921791148945988,1.7417426321741398,1.9263954427764831,1.9484909631126697
2020-02-26,1.8954346653837273,1.887496776347335,1.7410525736154563,1.9212767523966627,1.9446235798836466
2020-02-27,1.831248738172752,1.8237701003319227,1.684662744299402,1.8562960385732312,1.8758459169658552
2020-02-28,1.79004394306516,1.7824038548982999,1.6437003946763038,1.81520293218952,1.8368903058548312
2020-03-02,1.8316909657355713,1.8239665889105596,1.6767446707243596,1.8574353019372967,1.8863676625330368
2020-03-03,1.8287002505283645,1.8211285091587666,1.6783292808403565,1.8548424995749495,1.8833160597294578
2020-03-04,1.8673638799446062,1.859729423091023,1.7114596029087743,1.8939395002654846,1.9324594967018558
2020-03-05,1.8242403743013555,1.8167775416423024,1.6747797377061446,1.8495388664835828,1.889261990996902
2020-03-06,1.7866187170770114,1.7796134950710403,1.6391820670918427,1.8112739816434011,1.8514102440545057
2020-03-09,1.6556593388261862,1.6492146628557092,1.516153487414992,1.6754990440767268,1.721528752776825
2020-03-10,1.6744098237419762,1.66755861020517,1.52288624822802,1.6967716564755753,1.7474466516501574
2020-03-11,1.6153688886285817,1.6088282804161214,1.474708087286381,1.6363534146576761,1.6817499255171522
2020-03-12,1.4299800457912284,1.4241478870224475,1.2990173917781578,1.4449775760151766,1.4940766904036669
2020-03-13,1.4869112418772115,1.4809147539140137,1.3468970481961018,1.503676853471401,1.5617968960597046
2020-03-16,1.3540159191899517,1.3488427662366145,1.2361142919651542,1.3674498891985916,1.4136035420413668
2020-03-17,1.3859013839673515,1.3806063939071798,1.2619794760425036,1.3938861824640931,1.4500398687021006
2020-03-18,1.3097870827594327,1.3048517140280849,1.1968903937281659,1.3104797294833617,1.3696336364209782
2020-03-19,1.3205189262327,1.3152126683094978,1.207110170935189,1.3300462320610178,1.3850908397291561
2020-03-20,1.308401067275557,1.3026284914260744,1.201555054115327,1.3270794583556937,1.367755680189139
2020-03-23,1.2626944320879452,1.2568377240815987,1.1609749718365798,1.2815747415743477,1.3266631694127233
2020-03-24,1.3830621512730559,1.3765409306827168,1.2697366799700982,1.4121084271951545,1.4522093335395154
2020-03-25,1.4224803620391822,1.4158614329638919,1.3047767979152725,1.4582334452974723,1.4897546759508014
2020-03-26,1.492592415402768,1.4858411762272368,1.3673927451946275,1.5313692105548324,1.568324922039246
2020-03-27,1.4453644159492687,1.4389903275994995,1.322567211924316,1.4805323486618613,1.5207756410950946
2020-03-30,1.4733272717540826,1.4669456286569948,1.3453524352950634,1.5051891924412644,1.557317069969444
2020-03-31,1.4713152569424206,1.4648122348498516,1.3478447082186795,1.5057247528931037,1.5506980795300573
2020-04-01,1.4111890567782528,1.4049422269107446,1.293412769254081,1.444192387577507,1.4910130337427214
2020-04-02,1.4227122330019826,1.4165867862108508,1.3058883651623447,1.4558620948380767,1.5056037249583503
2020-04-03,1.3941267981941685,1.3879656891498802,1.2778975684402742,1.426322760062849,1.476985615258152
2020-04-06,1.4778124283411456,1.4712010406945906,1.3495358298727484,1.5138554257840733,1.5668583652082597
2020-04-07,1.5158633410755809,1.5092179936993022,1.3844725110296157,1.553821735545722,1.5937746934734203
2020-04-08,1.5472314013330377,1.5402728337018632,1.40468428682245,1.5862347304421731,1.6291487355588228
2020-04-09,1.5819099901723797,1.5750194867634089,1.4377973991924704,1.6218899684978256,1.6606588321024924
2020-04-10,1.5819099901723797,1.5750194867634089,1.4377973991924704,1.6218899684978256,1.6606588321024924
2020-04-13,1.5659357528920186,1.558689653570171,1.4266972483626386,1.6060464774086576,1.6454463871125593
2020-04-14,1.595239731267944,1.5875021405564684,1.4488956788148324,1.636610424713381,1.6876467264116906
2020-04-15,1.5303249298729704,1.5230431574795589,1.38726900913672,1.5702390445580325,1.6333677179072112
2020-04-16,1.5287040028469825,1.5213204449047444,1.385996225185574,1.5683550515382119,1.6383111739064096
2020-04-17,1.5807435214327035,1.5730183461549563,1.4306267555684067,1.6223460636974192,1.685889372994523
2020-04-20,1.5668619000899426,1.5589501471997786,1.4208878517800114,1.6081355402207944,1.6721391797622374
2020-04-21,1.5178465347300583,1.5100323008685879,1.37260744781834,1.5576188102077027,1.6191571163115983
2020-04-22,1.546241417819214,1.5382436294560524,1.39989584526726,1.586588174343466,1.6541966216570905
2020-04-23,1.5551942998785948,1.5469541157017697,1.4082484368480235,1.5960080168789295,1.6604803407665405
2020-04-24,1.5583213466680448,1.5499315558763727,1.4066684940287582,1.5985430179558673,1.6685133379383816
2020-04-27,1.5977192278000978,1.5891753360129017,1.442077549216301,1.6396927820357823,1.7045105250550305
2020-04-28,1.6232992252252085,1.6150256234921607,1.4672874300297194,1.6673635224669383,1.7190713653229652
2020-04-29,1.669747127017194,1.661231643058629,1.5086782272405486,1.7144471496675422,1.7562937138953292
2020-04-30,1.6401584154852522,1.6318003838463657,1.4824753706361238,1.6846459734924784,1.732459176839948
2020-05-01,1.611336976690843,1.6031096066448298,1.4603264569994872,1.6550427837293122,1.7017216912474207
2020-05-04,1.5877051872575507,1.5792789549646367,1.433756614489051,1.6312252523188546,1.687420310771566
2020-05-05,1.6033495717593889,1.5948446184169383,1.4499082207378697,1.64726117774444,1.7085138429420472
2020-05-06,1.5877952458601408,1.5791119793472561,1.433250028871928,1.6310139298689355,1.6980390603907047
2020-05-07,1.6114533116097816,1.6026078025357016,1.4525529637809145,1.6555310426631997,1.7226841110956037
2020-05-08,1.6445714776561153,1.635609553829682,1.478268930985463,1.6900584638499345,1.753879936158058
2020-05-11,1.630677181701139,1.6218144374855092,1.4660190989246167,1.6751738096096405,1.7498312532725422
2020-05-12,1.6166534130194745,1.6079826418438266,1.4587414810412023,1.6603992746954606,1.734679122589091
2020-05-13,1.581152394270059,1.572630550273641,1.4273000370978202,1.6229407188355145,1.7035450972705835
2020-05-14,1.5636156579013627,1.5552222498075765,1.4057443933441829,1.6062369336024944,1.6884335682308562
2020-05-15,1.5731382529753828,1.564679653700537,1.4140508093263973,1.615886823187616,1.7007177801516997
2020-05-18,1.6478239374023886,1.6393005050619114,1.4815548804122236,1.6949524790784298,1.7683082206203078
2020-05-19,1.6437122516985971,1.6353805099895464,1.476798884549883,1.690752237947313,1.766674148877451
2020-05-20,1.6662309760194007,1.6577332980549417,1.493666324289674,1.7137814391102792,1.7934910689465071
2020-05-21,1.659918762146174,1.651342664089604,1.486780137484231,1.7076134263182703,1.7843713062156186
2020-05-22,1.6555779673298572,1.646912064903425,1.480381865002079,1.7029740490748155,1.7847974853904773
2020-05-25,1.6700529763145537,1.6613895898784337,1.4960371044190852,1.7178975474113272,1.7978629902180232
2020-05-26,1.717394380390357,1.7086676718210076,1.538259078155474,1.7690972337397752,1.837266264772335
2020-05-27,1.7411303354170997,1.732391096780176,1.5593250202979223,1.794654897550054,1.8509970718286632
2020-05-28,1.7515471995407244,1.7429011104751764,1.5728777645454362,1.8061086190911404,1.8686456328192953
2020-05-29,1.751668674569771,1.7425488141890557,1.5699746376475872,1.8058744999897045,1.8825890359253463
2020-06-01,1.7694191698720858,1.7601630630249798,1.5870715898106742,1.8241742888105046,1.894091265048543
2020-06-02,1.805135201165383,1.795539047394579,1.6219718496987938,1.8608433976359413,1.9203641897095622
2020-06-03,1.8536087772739103,1.8437374689504635,1.6674368524182752,1.910122187008795,1.956059359123325
2020-06-04,1.8580684870749327,1.8485059267475674,1.6732235779801745,1.9141847070155922,1.9530445738107658
2020-06-05,1.9170371202506757,1.9071825036430705,1.7324679167608998,1.972825695629916,1.998392915765591
2020-06-08,1.9332781114519217,1.9233284806649142,1.7437041762567618,1.9878957510855648,1.9979733301149334
2020-06-09,1.8959822710758838,1.8860518057152051,1.710356841028649,1.9522492025642912,1.9751969295155665
2020-06-10,1.8785371737973329,1.86852050644011,1.6950449249672512,1.9367360497644923,1.972353951403714
2020-06-11,1.774900627694816,1.7654984392630335,1.6013035871016388,1.8318402197535686,1.8732700096776544
2020-06-12,1.7910647375776514,1.7815224108791337,1.6140926043833195,1.848198746185045,1.8858454731321754
2020-06-15,1.7958822836313673,1.7858695400046634,1.6143241932678773,1.8535055803719838,1.8940555484790922
2020-06-16,1.8441294200151024,1.8339166455177607,1.662447500999039,1.902991735460833,1.939294459497606
2020-06-17,1.833917724413649,1.823725402602815,1.6530781754056345,1.8931368948842808,1.9358818852282462
2020-06-18,1.8281096636093042,1.8177217737794804,1.6453225678725867,1.8871263603751611,1.9290261312901937
2020-06-19,1.8203612845437007,1.8099494718807183,1.6392974772457707,1.8792028967577008,1.9247689234888856
2020-06-22,1.8161247184777816,1.8054448454065737,1.6342382703168725,1.8751449391909745,1.9274947359392036
2020-06-23,1.8379674237735726,1.8272343936533002,1.6600114116227092,1.8974654126645036,1.9462991457051746
2020-06-24,1.779829696586336,1.7695887491242097,1.6066880128406595,1.8381618013189116,1.8915487039192476
2020-06-25,1.7868023023202857,1.7762978644779202,1.612918619766623,1.8455031404139528,1.901927451037767
2020-06-26,1.7658139218794697,1.7555399814783361,1.596585848144343,1.8242186569530046,1.88126592972786
2020-06-29,1.7932433980194493,1.7829307591655457,1.6217881663195441,1.8527489396473218,1.9022565424698161
2020-06-30,1.7976937793282544,1.7873675225965648,1.6210284781070805,1.8577800076689672,1.9148023793522122
2020-07-01,1.8019017955809125,1.7913150755535265,1.624453060014753,1.8621286729177575,1.9250251796229634
2020-07-02,1.8324006481698574,1.8215954504790004,1.6562203242005777,1.8937129846741054,1.95260016423576
2020-07-03,1.8215623444362363,1.8107766398970493,1.6433822064885895,1.882668135052317,1.9429668825567696
2020-07-06,1.855757189135679,1.8448237053830208,1.676986315293742,1.9179550717179783,1.9777339394008244
2020-07-07,1.8348563360033345,1.8238476225358462,1.6576953740523728,1.8961444781683727,1.9612897375731906
2020-07-08,1.8320697088700526,1.8207977992957536,1.6511294370130016,1.8934529932108781,1.9650531788107308
2020-07-09,1.8170525459747089,1.805744011445275,1.6386242531587134,1.877393170773924,1.960610282522719
2020-07-10,1.8325041981124568,1.8212231061791258,1.6505521612813068,1.8941107671587192,1.968440314411722
2020-07-13,1.8437993602892382,1.8329520363275742,1.6666495150116327,1.9058046938812696,1.9709785059400495
2020-07-14,1.854131234379942,1.843091284551973,1.673144762733607,1.9169122704434038,1.98183188271065
2020-07-15,1.8951083357739706,1.8839777533893507,1.709106799409295,1.959688850756013,2.0213998542008547
2020-07-16,1.8875476817818662,1.8765061174231665,1.701120213588602,1.9519527199069748,2.0155000811339665
2020-07-17,1.893532521811649,1.882371136544096,1.705372589446174,1.957935783003292,2.0271055953136408
2020-07-20,1.9020154127418734,1.8905867508060612,1.713565525306019,1.9662727721083368,2.0475289890667883
2020-07-21,1.9152995103162471,1.903945990427525,1.7253362947839015,1.980924775980834,2.0502242991123794
2020-07-22,1.9283230169014958,1.916928774007453,1.7360155039185012,1.9939337671119202,2.069856453860725
2020-07-23,1.923262131126835,1.91198356267111,1.7325749076000974,1.988728362902407,2.0618821586873306
2020-07-24,1.9047090570162715,1.8934582910641709,1.7153907773744552,1.9697320519616643,2.0438158715113364
2020-07-27,1.9179745056803057,1.9065182276048966,1.7260869257847282,1.9825343919704883,2.0671315753432316
2020-07-28,1.9114873182768735,1.899918730073425,1.720973593842462,1.9765693206012924,2.0564966412001304
2020-07-29,1.9281816612759226,1.9163465730330649,1.7319666628890775,1.9940514543179872,2.0801250365842785
2020-07-30,1.900014149484759,1.888114448895896,1.7009635376008803,1.964859135227411,2.0567016747055007
2020-07-31,1.9030267718696317,1.8910078758141904,1.701647880412346,1.967675546777034,2.063337979168602
2020-08-03,1.915778704357402,1.9034477348408714,1.7133093751529709,1.9808606822156092,2.080124810559716
2020-08-04,1.925533691392288,1.9130500047683952,1.7240218867718342,1.9910640030288562,2.0844593081590332
2020-08-05,1.9526385437207139,1.9399218520616899,1.7504104988094842,2.0189529672589734,2.109064616590286
2020-08-06,1.9464263474023993,1.9332375424141144,1.742742728077986,2.0126333260786233,2.1062519160703745
2020-08-07,1.9530938849772461,1.9402360301845039,1.7485617180935134,2.01975375198,2.1135774529246203
2020-08-10,1.9642314184640732,1.9515638672046638,1.7587161230663664,2.0307621663094038,2.1093669217366764
2020-08-11,1.9866928293731312,1.974121171445992,1.7837950119952004,2.053657217888098,2.1174023533855952
2020-08-12,1.9988356575596087,1.9861601438609142,1.794783756674904,2.066818926431991,2.1405516823115063
2020-08-13,1.9962737585818255,1.9834901347249023,1.7903042377144056,2.0646378380822488,2.145777446126372
2020-08-14,1.9833492130363641,1.9705623784545547,1.7749288811138537,2.0514796373885544,2.1291752065302445
2020-08-17,1.988784919002488,1.9759486901205587,1.7803276047409946,2.057552791305268,2.1475745992447925
2020-08-18,1.983851892746653,1.9709827868728025,1.7747026299352073,2.052511271160652,2.1441190343096888
2020-08-19,1.9871834053204207,1.9743360732970914,1.7823965965705268,2.055880889699202,2.144660414022435
2020-08-20,1.9636895642006134,1.9507768607347178,1.7581831592247783,2.0320413411171683,2.1287542486969744
2020-08-21,1.9569855480514147,1.9441470127307572,1.7515490358919068,2.0249353761027504,2.124434396002935
2020-08-24,1.991883561466596,1.9789143172749064,1.785907392213789,2.0608606162067584,2.1512878482763442
2020-08-25,1.9862399857825939,1.9732534215811062,1.7798560258600156,2.055122378019976,2.1512624273450522
2020-08-26,1.9939056082806121,1.980745233206517,1.7863024870299784,2.062852792776729,2.166965593400975
2020-08-27,1.994598266113874,1.9814411553375595,1.784232725698882,2.0635440697049727,2.1628778804050697
2020-08-28,2.010869958400044,1.997506893642003,1.7981305986693308,2.0800896189225084,2.1782139472150823
2020-08-31,1.9998256402222967,1.9864141321438202,1.787524735078273,2.0691349277109627,2.1776885172057403
2020-09-01,2.002640363842068,1.9888003402074825,1.7892333508952545,2.0720472030795674,2.1877609793658066
2020-09-02,2.0200987947742406,2.006219645050177,1.8026636635555637,2.0901059089490395,2.209446142639167
2020-09-03,1.9790835184578228,1.9659847501604926,1.7692486787483523,2.0480547153842728,2.1417042457485724
2020-09-04,1.9702470386419662,1.9573464888419494,1.7640221854185383,2.038814275709548,2.1192723350567277
2020-09-07,1.984707875791651,1.971767584045917,1.779658462866436,2.0539210348670607,2.1368977299503777
2020-09-08,1.9477393281011064,1.93503984435481,1.7475248923250735,2.015405401060023,2.0917702037311203
2020-09-09,1.9719179545148529,1.9591086910374595,1.7710989440906535,2.040673451774639,2.1262154010923657
2020-09-10,1.964114008996972,1.9513786423145867,1.767199338353825,2.0323088985151125,2.1136868195018423
2020-09-11,1.9648390478022764,1.952207689254164,1.7658872813272066,2.032976884398167,2.1164377951301163
2020-09-14,1.983952866601844,1.9712663591850166,1.779900052307345,2.052878153298555,2.138846389731758
2020-09-15,1.993893920335554,1.9811107709679527,1.7877613935686876,2.063336200172391,2.155038334823342
2020-09-16,2.003311850916543,1.9905628046721378,1.794227482701793,2.073094979233235,2.157382552067445
2020-09-17,1.9885976634078735,1.97605102335561,1.778987086347225,2.057736586002982,2.141634434716413
2020-09-18,1.9755371503383272,1.9629723400117896,1.764955531184564,2.044166211528925,2.1343315281000157
2020-09-21,1.9114453649524807,1.8987517160905931,1.7037782015042464,1.9783306583554836,2.0826835505511196
2020-09-22,1.9142442124884844,1.9010475450574835,1.7044031028346698,1.9812623031711214,2.0904437900226935
2020-09-23,1.89240588321041,1.879411426418763,1.687341672003549,1.9586138640965123,2.0644304480116222
2020-09-24,1.8809534628570541,1.868207948514045,1.6745800598300786,1.9468520822141762,2.0550440949476565
2020-09-25,1.8903054654137272,1.8774438224940466,1.6782292367175204,1.9564823163956875,2.0745810893744574
2020-09-28,1.9358573423879237,1.9226310596883232,1.7211671613529302,2.0048153890708074,2.119419473510713
2020-09-29,1.9266202216744295,1.9133056090661844,1.7120333529711311,1.9947300956461054,2.1185006796599652
2020-09-30,1.9337330108051596,1.9204114582452079,1.7180824803033683,2.002502758978556,2.1247290254599833
2020-10-01,1.94814922107627,1.9345083046587126,1.7282916069552225,2.0174316559258645,2.1460703088728628
2020-10-02,1.9502703693860932,1.9369006621280356,1.7303572034937966,2.019771712666605,2.13842339595632
2020-10-05,1.9841851565331352,1.9706384096156424,1.7606856074111188,2.0550582895039873,2.173477474600505
2020-10-06,1.985644595280706,1.9719455683438711,1.7658762631320832,2.056605268098387,2.163895356449886
2020-10-07,1.9959209592402998,1.982140043750333,1.772334093085838,2.0673693031756883,2.1813057460169083
2020-10-08,2.01900882619653,2.005164622405129,1.79208564147879,2.0911124639988543,2.1999029405958526
2020-10-09,2.0283351323924856,2.0143232564808815,1.799983042396582,2.1008100289078846,2.21431605361366
2020-10-12,2.0426743497878332,2.0286682398738214,1.8113001141020721,2.115929697295065,2.2391636420122003
2020-10-13,2.0231500813981578,2.009019928519707,1.7931104789691592,2.0963117827985345,2.229018733547744
2020-10-14,2.0188174974947417,2.0048154202059885,1.7884288918035132,2.0917125651974975,2.2225089801754785
2020-10-15,1.9965086547243733,1.982517098265161,1.7627091249161546,2.0684880098350105,2.1976844193516407
2020-10-16,2.008175297558736,1.9942478036381643,1.7784353120321583,2.080840107168225,2.2084695166336648
2020-10-19,2.0010434963285477,1.9871927949640615,1.7759302477421834,2.0737116518866183,2.1943955040776095
2020-10-20,2.007834777513555,1.9942175648023803,1.7821871638713218,2.0806793357239024,2.1968814083123283
2020-10-21,1.9936906661587508,1.980273320711656,1.7689628908228487,2.0659943317013125,2.1805507992918503
2020-10-22,2.0012187911126422,1.9876857056148105,1.7724137145050918,2.0737476704063083,2.185258860249692
2020-10-23,2.0173121851998546,2.003697656136504,1.7896506617341439,2.0903533903759346,2.198430095066558
2020-10-26,1.9713711023110942,1.9578748763084075,1.750438073174636,2.043039163060921,2.153412724204963
2020-10-27,1.947565896237461,1.9338845888134966,1.7272319680695922,2.018795245746361,2.1386092419222287
2020-10-28,1.8792043614672083,1.8657182580487601,1.6658098064284133,1.9471217707109632,2.0627322468198823
2020-10-29,1.884145780485512,1.870824875868074,1.6658526919184071,1.9524318289190932,2.0736858112063294
2020-10-30,1.8852443949910733,1.8724493809985665,1.6680929806362006,1.9539487256842325,2.0632985265418293
2020-11-02,1.9149663090543851,1.9019750331591823,1.6950231103683187,1.984753801282497,2.087914000400147
2020-11-03,1.9624241277393961,1.9491107231515372,1.738741591853366,2.033918914351303,2.1394478935852
2020-11-04,1.98732898889763,1.9735874795777884,1.7598512116602418,2.0602568878468674,2.1857558105902255
2020-11-05,2.0310266756561037,2.0168233952086085,1.7991174094651707,2.1058241567320275,2.23633165041338
2020-11-06,2.0296446126377496,2.014410012639884,1.7947759918081883,2.1042248480268033,2.2420663650111083
2020-11-09,2.1223685862147237,2.1077048313049875,1.8916041429553747,2.201828898257792,2.2734488762715004
2020-11-10,2.1381650615856675,2.123738752191726,1.9108270472227824,2.217333110516469,2.2619812942966404
2020-11-11,2.144667757993854,2.129358377413736,1.913729392077697,2.226211189777521,2.2830180358761822
2020-11-12,2.1238194619873,2.1086992889258944,1.8955129348970934,2.2053565811405247,2.2670217397078516
2020-11-13,2.150260972869955,2.1348843370985655,1.9170064453780273,2.232464243194014,2.285802369682889
2020-11-16,2.1950123366006293,2.1795341538478907,1.9615470221219458,2.2761458373099535,2.3135629814184004
2020-11-17,2.198997742619312,2.1828699241266656,1.9667054379977764,2.2793554558860216,2.312521254741725
2020-11-18,2.193584916744621,2.177500592417035,1.9632765115071087,2.2733222692278656,2.305539609871018
2020-11-19,2.1846444247791514,2.1680857270526297,1.9497456103157191,2.2655771981104964,2.306595708686264
2020-11-20,2.1888420650136577,2.172283148258661,1.95606890978441,2.269973783390713,2.30949238619728
2020-11-23,2.2124025755157732,2.1952330221008176,1.976474634616749,2.291701494033974,2.3213877543460137
2020-11-24,2.242284337899515,2.2246011447070355,2.0064574642006563,2.3185898918440535,2.3285761458190497
2020-11-25,2.2394677722859524,2.220836337759477,2.004613881350707,2.316537506772758,2.3300757682437157
2020-11-26,2.2361671733534263,2.2175701989894185,1.9998839494938432,2.3142005812970003,2.3320752074070246
2020-11-27,2.243110352550604,2.224533289797682,2.0065298533154254,2.322147450221699,2.3475493443808326
2020-11-30,2.226062401790821,2.207494575975101,1.988530037083896,2.3071345201239186,2.348865563256531
2020-12-01,2.2473600924693886,2.2289618370679904,2.008993753223434,2.3292078624183263,2.3646449858982
2020-12-02,2.253525712656183,2.2357901686782755,2.018095617151432,2.335501849881837,2.366179770817734
2020-12-03,2.2688848250041027,2.2506393753476637,2.031781847879987,2.3511642975308207,2.3761917513764947
2020-12-04,2.2932663877073898,2.2747966665326422,2.054568263010669,2.376201849901983,2.3979027747405444
2020-12-07,2.2789871028965916,2.260076629575573,2.0418352180296853,2.362034670409915,2.390561084498797
2020-12-08,2.28375157961832,2.2647024353631635,2.046004966781505,2.3670381041783672,2.392994757861883
2020-12-09,2.2861712844510134,2.26757844475901,2.050868266032373,2.369560573638451,2.382419489350435
2020-12-10,2.2778406643312286,2.2589940020950534,2.0426526916661967,2.3608429936621786,2.3766942672618034
2020-12-11,2.261675272561768,2.2428893510581083,2.024724756234189,2.344300917796076,2.3678276036687107
2020-12-14,2.2716832908320495,2.25276305533771,2.034732806582158,2.3548551231915726,2.3822380890016204
2020-12-15,2.2893968204468367,2.2704700254624743,2.04896326386092,2.3730978163751133,2.3978504770918394
2020-12-16,2.304854279623029,2.285865632736851,2.064285600100891,2.3892875293105567,2.412525680422138
2020-12-17,2.324285750948508,2.304923420704004,2.0774078812350694,2.4095876546391786,2.436728810293031
2020-12-18,2.316120006032786,2.296692206797836,2.0689713260109674,2.401587093872458,2.4357639668066615
2020-12-21,2.273543225343432,2.2539969739041625,2.0238420511636583,2.35789445045463,2.3989058382595623
2020-12-22,2.294668360553784,2.274591289668412,2.046825959022491,2.37974020390994,2.422907118427736
2020-12-23,2.3070534580175006,2.287152647372901,2.0582099796209934,2.3926924375155925,2.424458482222345
2020-12-24,2.317886910981747,2.297949610818186,2.0686793961872714,2.4038278985902397,2.4375715123426374
2020-12-25,2.317886910981747,2.297949610818186,2.0686793961872714,2.4038278985902397,2.4375715123426374
2020-12-28,2.32953253650855,2.310258776488565,2.0818077749665624,2.415670332335995,2.4483368322192294
2020-12-29,2.335674959448639,2.316645667472639,2.088919667936996,2.4221051957511825,2.4565802536049324
2020-12-30,2.34013704722148,2.3210290763466834,2.091604327423546,2.4267995887162033,2.4621965647445605
2020-12-31,2.342375401241976,2.323472390063282,2.0898285743849088,2.429342589862153,2.4656935331883965
2021-01-01,2.3423754012420184,2.323472390063299,2.0898285743849274,2.429342589862153,2.4656935331883965
2021-01-04,2.334734354493766,2.3160973761990826,2.0899637025231406,2.4214178480437796,2.459324297314424
2021-01-05,2.3421282943106463,2.3230683545920634,2.096309479860183,2.4292681594589927,2.463938277263349
2021-01-06,2.3898719142948632,2.3709389121613165,2.1436435207006244,2.478598106879939,2.492781965916164
2021-01-07,2.4075097587950163,2.3878351192496474,2.160506662066793,2.496569171174,2.515815732723657
2021-01-08,2.412165906593684,2.392292514677504,2.164660002083084,2.5018441785717185,2.528517580098878
2021-01-11,2.389517370898854,2.3696349170191926,2.142190839341066,2.4783106797631524,2.504655557393551
2021-01-12,2.4018846557438462,2.3816467137793436,2.150953123292966,2.490397848235446,2.5057936108371894
2021-01-13,2.4006429690189632,2.380749151639772,2.1519218563928546,2.489716569767526,2.5055874237944638
2021-01-14,2.408783755951835,2.3887896755335984,2.1602404006489047,2.49759357788672,2.5097191785735973
2021-01-15,2.386359823280783,2.3665918783870246,2.138098466540535,2.475294254876443,2.4881690536013314
2021-01-18,2.3846881187678184,2.3649205388005385,2.134666980976465,2.473464623135117,2.4854325461159155
2021-01-19,2.3943342592624512,2.37461311281183,2.1412420270142127,2.4833892819232513,2.5028302050740945
2021-01-20,2.4087207411463307,2.3889265107022366,2.1535036447028117,2.4989084709950293,2.523237338745321
2021-01-21,2.407733654469128,2.3880183064254963,2.1526094555523,2.4982541651066,2.5310071771369405
2021-01-22,2.393632694999291,2.3732851981224776,2.1385338977609347,2.4835817116254106,2.5172758870473726
2021-01-25,2.376346141828353,2.355798814485972,2.1201171846165656,2.4654229703712756,2.507979812203005
2021-01-26,2.376553729049454,2.356319071470903,2.123754314099462,2.4662742475211354,2.5040407699756795
2021-01-27,2.332694270865142,2.312796562459466,2.084475614102001,2.420467741460985,2.4476665345615687
2021-01-28,2.3466215328621973,2.3265531546291656,2.097220402035581,2.4371946959407214,2.465823892989148
2021-01-29,2.317514181347751,2.2975879903510807,2.070898606325986,2.407155170605444,2.433279670216155
2021-02-01,2.3437763936541165,2.3236756552099673,2.0898478191872973,2.4344332000792632,2.47186363876507
2021-02-02,2.372354104310954,2.3519732582628055,2.1128230475902856,2.464084151641012,2.5046223685052205
2021-02-03,2.3762065009330793,2.3556862916220354,2.1187583681278355,2.468177411373174,2.50514096078007
2021-02-04,2.396917779438927,2.3761104195482874,2.1351238539928925,2.48936606455169,2.5268676716080134
2021-02-05,2.40691836209094,2.385933533795624,2.143062656006306,2.4994440970056084,2.536960586626738
2021-02-08,2.4292260263170316,2.4080348366141875,2.162918073159016,2.5220264791848264,2.5573325561740012
2021-02-09,2.435173395637257,2.413567325202709,2.167406908558446,2.5284354946384022,2.5651496030871153
2021-02-10,2.4386733219664527,2.41718681503464,2.1701895249105436,2.53205182877011,2.56494467012863
2021-02-11,2.4486945145961547,2.4274741867377316,2.1805074324142604,2.5424549569868056,2.585479450059452
2021-02-12,2.4536841760552615,2.432501975136049,2.184067304942341,2.5473228826986283,2.5915373718722576
2021-02-15,2.476532622392871,2.4552447497803422,2.2096364684163117,2.571194195103134,2.6073758685497674
2021-02-16,2.4779155519688887,2.456909631734725,2.2129387123193185,2.5719988527794633,2.6047772101565845
2021-02-17,2.4581455274151156,2.4373260037695315,2.1931598689316614,2.5518519597228893,2.581472820584551
2021-02-18,2.4430176372464993,2.422531220876968,2.1783467118526225,2.536566569033846,2.567170150742472
2021-02-19,2.4679425358769183,2.447003306239352,2.201205633532734,2.5614888707268135,2.585336064799448
2021-02-22,2.461869034432377,2.4416249446596114,2.198503875802357,2.5540566867911356,2.5581964760994382
2021-02-23,2.4612701404359,2.4412464492714703,2.1990229881440717,2.553087573022585,2.5479096553809994
2021-02-24,2.4872948224532263,2.4671843896351864,2.2222749044367016,2.5781745724022933,2.570265335586299
2021-02-25,2.468444339639032,2.4488493566817504,2.214069706060737,2.5597447947672687,2.5414639895963815
2021-02-26,2.427160078045698,2.4075057399842588,2.1699307998338813,2.517698847083866,2.509216962007428
2021-03-01,2.469212161540334,2.448851657986939,2.2056665400782225,2.5613195720165085,2.5541844636619864
2021-03-02,2.462563891310656,2.4422110417059852,2.200786734960746,2.554510425906411,2.539476373155686
2021-03-03,2.4591975684213168,2.4394655773044716,2.20043545286714,2.5507491021954567,2.5155984525065755
2021-03-04,2.4344161075832127,2.415257855324838,2.181648687445761,2.524798277826007,2.47705395332295
2021-03-05,2.437834443734415,2.4187949414078855,2.176434272137646,2.5283875521362966,2.4789733274039687
2021-03-08,2.459442444717013,2.4406167222604735,2.2005948074068336,2.5498329199440475,2.482740187462312
2021-03-09,2.4791110379037797,2.459682237729208,2.216584805562557,2.572523374424216,2.52352194813727
2021-03-10,2.49450424958406,2.474953135634187,2.227305546590084,2.5881247520309207,2.5347384287180423
2021-03-11,2.5211506409427846,2.501054919371179,2.2508193762429185,2.6170841746453535,2.574865829140951
2021-03-12,2.5226860265121047,2.5025318655847326,2.2525276020615017,2.618083272984196,2.5679846673758964
2021-03-15,2.533918994704086,2.513770159643931,2.258195225366667,2.6300093924277936,2.5851026725574715
2021-03-16,2.5367988743281016,2.516877164153114,2.263026352814585,2.6335397808413674,2.589927244796676
2021-03-17,2.532743668413839,2.5126235383184907,2.257890614963647,2.629059074569902,2.5815312912845854
2021-03-18,2.5261289718686375,2.506690036961507,2.25788502830929,2.622138363122673,2.5643521931731104
2021-03-19,2.5140078946801805,2.4943048125180116,2.242560412663082,2.6099924064705453,2.558818821041863
2021-03-22,2.519834232414295,2.5000077007404755,2.248754477315137,2.616491191462436,2.571739731752961
2021-03-23,2.494468792200556,2.4750758650132347,2.2277522504212905,2.5904223471381718,2.5472889380865413
2021-03-24,2.4881322296846795,2.4693801855601016,2.2236823180679455,2.5840435422197032,2.5356849071265923
2021-03-25,2.495087274893651,2.476371987030296,2.2274896097448535,2.5907652141866997,2.5391761262160357
2021-03-26,2.5288214789457526,2.509910383340675,2.256432380263083,2.6260390633225015,2.5808613110787118
2021-03-29,2.5234125232764035,2.5049452932593526,2.2550230661961788,2.62033197145557,2.5724763092587426
2021-03-30,2.5296625154004984,2.5109794435201716,2.2621363861346953,2.627183721692825,2.5729010179769127
2021-03-31,2.524781040402287,2.505794968141114,2.2562061469607007,2.6228968397092074,2.579502829100519
2021-04-01,2.5536504622561966,2.5345055570811015,2.278266202698598,2.6528881594051072,2.615318372460628
2021-04-02,2.5536504622561966,2.5345055570811015,2.278266202698598,2.6528881594051072,2.615318372460628
2021-04-05,2.564706166735678,2.545401843558201,2.2871146039146684,2.664419271647968,2.632430377371963
2021-04-06,2.58554277420091,2.566027946305895,2.3060202092400046,2.6862335355319047,2.65089968860212
2021-04-07,2.589655876336578,2.570327934957921,2.3114934958035858,2.6905697076236765,2.6512468340281248
2021-04-08,2.596380976263851,2.576740558929387,2.316784527742621,2.6974728924852127,2.6667471462305943
2021-04-09,2.6053994617228287,2.585651441392657,2.3216174715981532,2.7067859017354206,2.680545122635797
2021-04-12,2.6040530311496046,2.5843764681756056,2.3174182779124246,2.70548016696632,2.67724191009352
2021-04-13,2.6074747830519427,2.5873471521856826,2.317962608340186,2.7088171516940456,2.688043170430512
2021-04-14,2.619273343572478,2.5995422686461196,2.3296382487981306,2.721452420822954,2.6933045894268868
2021-04-15,2.635427825324137,2.6154616240395256,2.342664205711395,2.7379607949935174,2.7216992303400223
2021-04-16,2.654811921303732,2.634894961322912,2.360501578652336,2.7580623686198495,2.740346049867422
2021-04-19,2.656031917345713,2.6362259960915675,2.3640937692638757,2.7593463187362968,2.7339141973070804
2021-04-20,2.624139826770842,2.6046406263438038,2.331715972088075,2.7259734548378267,2.707025466736875
2021-04-21,2.6360447735236696,2.6163620497419875,2.340644065328068,2.738897550225548,2.721584238522873
2021-04-22,2.6449966021840443,2.6252353975134075,2.3498911969428162,2.747901176046438,2.731754412483224
2021-04-23,2.6611536618465834,2.6411910322181407,2.360911287401352,2.764605202157635,2.7532161654276934
2021-04-26,2.6755214374224927,2.6549793825997843,2.374605364375303,2.780063124901328,2.7665712711415638
2021-04-27,2.6759214944675036,2.6554010666357364,2.372139276623685,2.780182188628621,2.766049390212062
2021-04-28,2.674263260663507,2.6538075087301687,2.371437757569322,2.7786309671967566,2.757060632560045
2021-04-29,2.6881541226807615,2.667655759124595,2.3801358592050135,2.793172570681794,2.768137498027863
2021-04-30,2.6688673024173877,2.648670277667596,2.363184862652872,2.7733569132979414,2.744867446920896
2021-05-03,2.677743621234081,2.6576753197835306,2.371376462915406,2.7825807514905034,2.7480704457471603
2021-05-04,2.6538239236199805,2.6341216638408924,2.3502914751345108,2.7575782824928226,2.7165129117866162
2021-05-05,2.6764369907473924,2.657009954900864,2.3742850060735248,2.781107128138039,2.7369606865754474
2021-05-06,2.687118284009937,2.6678731182328868,2.38894508836674,2.79176629983292,2.7395671181602936
2021-05-07,2.7160755631019797,2.696746764945512,2.411871293520975,2.8221809986870015,2.7730317544806793
2021-05-10,2.7286958369864127,2.7100820577339833,2.4299668823536584,2.834571792584498,2.7669886946373454
2021-05-11,2.687249690440389,2.6683879349370967,2.392603557312826,2.7919631538782097,2.7291127242607653
2021-05-12,2.653896495641561,2.6355085031797967,2.3703061921353457,2.7565224134762816,2.6842519884723575
2021-05-13,2.660725449440802,2.642521266876777,2.372339435578583,2.7640829400005034,2.69699617038845
2021-05-14,2.7037486565759274,2.684947504297602,2.4102591082910934,2.8095836870043,2.7391201360579185
2021-05-17,2.7030859864035017,2.684376338750793,2.4097564997180676,2.8083896074114936,2.7339221854808815
2021-05-18,2.710411882072447,2.6915800659087843,2.421043874531903,2.8164332648875803,2.738820221197069
2021-05-19,2.6837134976037356,2.6649721030229623,2.392592662406652,2.7892457604755125,2.716936946438129
2021-05-20,2.706806855459668,2.6877565413730022,2.4126330419817275,2.81393169638839,2.750684765538582
2021-05-21,2.7169716105891304,2.697886207734433,2.4217481629327,2.8241975289854975,2.7578316780964385
2021-05-24,2.729449950338042,2.710203769703744,2.4331497846288963,2.8375533601495553,2.7741896286113104
2021-05-25,2.732915225890418,2.7136488713084708,2.4358038965024154,2.841652888579623,2.7826717071014904
2021-05-26,2.7347440111431127,2.715226590345964,2.434275870785961,2.843868618646732,2.784965133544925
2021-05-27,2.7431654524891256,2.7233680006080134,2.441114897356721,2.8524915162932487,2.790054081881242
2021-05-28,2.748185809072186,2.7284305037854826,2.4449741575886352,2.8578386107710037,2.80200984717689
2021-05-31,2.7500625223822346,2.7302293422682307,2.446053386114988,2.8596597728582225,2.8027332422068656
2021-06-01,2.7703115521508153,2.7503780730562855,2.4658446475259295,2.8807157799116405,2.8152451795886453
2021-06-02,2.7694802443137836,2.7493643114978887,2.4657954074034154,2.8798310510137486,2.812060581739356
2021-06-03,2.764676566041073,2.744897696364825,2.46290176762443,2.874780421893006,2.803314697305502
2021-06-04,2.7684099619455433,2.7486696758695977,2.4629976874950836,2.8788188708501044,2.8161011365790154
2021-06-07,2.778532208169568,2.7586593105092407,2.474344649453091,2.8892738447881268,2.821360093034256
2021-06-08,2.782727787735946,2.7628726479385435,2.4773450261298473,2.8935974424208837,2.8276688677155
2021-06-09,2.779276952675439,2.7596331470463618,2.4771413512335205,2.889998195418078,2.826696632046874
2021-06-10,2.775443080277489,2.7555129977830113,2.474181654111786,2.885918022420815,2.828115973983298
2021-06-11,2.7858497148792427,2.7656876127912464,2.482017026009612,2.896989987094246,2.8411662719076256
2021-06-14,2.7845468289902655,2.7643311709769027,2.4827352609116873,2.8955259328895004,2.84591111620486
2021-06-15,2.780437521766265,2.7604821382233506,2.4774686653237072,2.8914215063470468,2.840446261807532
2021-06-16,2.7777445134074035,2.757557636085396,2.4776715672995695,2.888637054173438,2.837837570460912
2021-06-17,2.7383784262166544,2.7178679007911337,2.4418254178270575,2.8474883437956895,2.811596154023699
2021-06-18,2.69238141538882,2.672017244259669,2.397371078798414,2.7993807678402214,2.772660972594155
2021-06-21,2.721332064054974,2.7009870801756137,2.4206872162106254,2.829980876229396,2.799164731153645
2021-06-22,2.729621123192752,2.7087008687118423,2.427735244715245,2.838452716090044,2.8126177734174407
2021-06-23,2.727584272232942,2.7066233334657124,2.4253608434329643,2.836428868005723,2.810369752479803
2021-06-24,2.7446057285927083,2.723198657387531,2.438982234850358,2.854210895114667,2.8306448055966906
2021-06-25,2.759490202382764,2.7379765709840127,2.449785290083531,2.8698612502044583,2.843980609296651
2021-06-28,2.7410635223463307,2.7192808494584453,2.4307653139545704,2.8501993776388903,2.8398942802076674
2021-06-29,2.740621806195652,2.718847175237361,2.4311014331471186,2.8496276757316674,2.8450571024019338
2021-06-30,2.7320895679750694,2.7107048647058334,2.4219604594625825,2.8412393620340692,2.8344553313180745
2021-07-01,2.751753240151077,2.730300437708674,2.440031576237015,2.8616886181798,2.850362177456468
2021-07-02,2.752400200767597,2.7309587109512705,2.4387549899274017,2.8624145914285988,2.8586920516716208
2021-07-05,2.768488938007041,2.7470025365976194,2.4556273472630217,2.87918835728346,2.8710165761240587
2021-07-06,2.7482616019454507,2.72668081847916,2.434753886295485,2.858192902699046,2.86414934356275
2021-07-07,2.760923369481752,2.7394533770903364,2.444390659127795,2.871159777916243,2.8786367807618323
2021-07-08,2.722275076117205,2.7010877197806655,2.4091765073179006,2.8312959412882788,2.839085654927811
2021-07-09,2.763454462534882,2.7419601315032605,2.447060015222907,2.87463200062762,2.8762871460237758
2021-07-12,2.7737963740198475,2.7523234685047577,2.4562309655348162,2.885261789488189,2.893064346992647
2021-07-13,2.7615079842447803,2.7401623154787442,2.4452328079652754,2.872230650274146,2.8860060743529177
2021-07-14,2.7522190742945636,2.7312845260147123,2.4387022254141475,2.8624964059957367,2.8757915674029455
2021-07-15,2.735977724680285,2.7152588124601524,2.420383833499337,2.8453350871141447,2.8573083971662303
2021-07-16,2.72267076958819,2.7019715883240285,2.4075097568414283,2.8307524322535387,2.8436674333302054
2021-07-19,2.66057377466891,2.6400783943011255,2.347624920891146,2.765558540589641,2.794176838040191
2021-07-20,2.691727125268968,2.6707778134199556,2.3717764287380705,2.798608695582399,2.8240638020385975
2021-07-21,2.7297737324097153,2.7084725392350477,2.4083006890401655,2.839566558857018,2.8594013812640404
2021-07-22,2.740842226043765,2.719515883318519,2.418778796148145,2.8505147630794463,2.8816714923410993
2021-07-23,2.7641695428690145,2.742511759614232,2.4398086646593855,2.8745514259577707,2.907959241039556
2021-07-26,2.772513078143215,2.7509296464931907,2.448363225954475,2.884220319411497,2.9078371383164705
2021-07-27,2.7670594186854203,2.745580475325379,2.443463855413405,2.87820304158935,2.8961012837398497
2021-07-28,2.7770717049072227,2.7553558541180174,2.453372860870387,2.8889491546666095,2.9118143049598486
2021-07-29,2.803001516217379,2.781281689049959,2.4770858880114006,2.915863441663695,2.94091734077073
2021-07-30,2.7943748456564244,2.7728697318784823,2.4676059864938336,2.9063359558032187,2.9424474686770252
2021-08-02,2.7999833144499475,2.7782675808624253,2.472312680563982,2.9121691368944953,2.950305742854821
2021-08-03,2.8124069995647454,2.7904131031716264,2.4820225155434783,2.925047801365862,2.96570262803077
2021-08-04,2.809439871381284,2.7872291159596174,2.4799958144622654,2.9214156746296127,2.9722628090305054
2021-08-05,2.8234145601808347,2.801091851360491,2.4904216529307246,2.9370040638765675,2.9832277132332736
2021-08-06,2.8250740212247387,2.8027336496857287,2.492306249788761,2.9388291773976865,2.9746184585981794
2021-08-09,2.8172781450399222,2.7947154073038236,2.48448989350821,2.930505518875339,2.966062202466739
2021-08-10,2.822889353895199,2.7999478271878218,2.4890370145090253,2.9363842622468916,2.9648534658056542
2021-08-11,2.836148701371209,2.8135862226410917,2.5036771962902806,2.950235325131707,2.9741152190008417
2021-08-12,2.840441029021653,2.81753367357448,2.509828137956067,2.9548365693549616,2.9812752221341685
2021-08-13,2.8452452879754926,2.8225668520258704,2.516057375079408,2.959784872267053,2.988117822835085
2021-08-16,2.8381824935584534,2.815751770614069,2.509750169520137,2.9525624962308883,2.9819200081665502
2021-08-17,2.824479379197961,2.8022613614367424,2.498866506186772,2.9385091075704772,2.968647572268184
2021-08-18,2.8116367512022498,2.789342824097466,2.489365355459462,2.92495326647481,2.950477554667644
2021-08-19,2.7809259762692,2.758916034727472,2.458182343867411,2.892863872200936,2.9309980490330547
2021-08-20,2.790433651476198,2.7683039658410866,2.463163314177147,2.90248986460671,2.948020997792297
2021-08-23,2.8160544843130166,2.793463250534742,2.4863656908634706,2.9298240388889667,2.980404327545356
2021-08-24,2.8305438583053775,2.8076949273574523,2.497751917198065,2.9452184564616015,2.990916432127644
2021-08-25,2.8385013159118815,2.8156462855142768,2.5029673627414506,2.953516132550382,2.999355618727137
2021-08-26,2.8287669537031035,2.8058276791211147,2.495301124802578,2.943461126477131,2.9903762569025503
2021-08-27,2.848854585247617,2.8256721565251266,2.511743943940574,2.964467607221984,3.0146518768949337
2021-08-30,2.856491024768366,2.8333201767037663,2.5190915208700537,2.9725658117806866,3.030874032228528
2021-08-31,2.857550647609086,2.8344299727468636,2.519142318752726,2.9738557103850414,3.027056781086065
2021-09-01,2.8646620216855494,2.8417010872384854,2.525919951150086,2.9812565242336664,3.0362509581833472
2021-09-02,2.8827493094296353,2.8598334343829004,2.5430606996770235,3.0001139344311345,3.0578884937711135
2021-09-03,2.8748420254493032,2.8518338800115965,2.5361081576692914,2.9918698356283815,3.0553757201874214
2021-09-06,2.8820257915611385,2.859004887838937,2.543385597248706,2.999291270892145,3.0640656361335523
2021-09-07,2.863286316446011,2.840586913612924,2.529623174067605,2.9797021792512046,3.0430617228125514
2021-09-08,2.8411284426007044,2.818545203517016,2.5071534998522065,2.956845288694848,3.0219099093422237
2021-09-09,2.839869982793067,2.817234662030319,2.50377192091732,2.9556744231384124,3.0196442202637344
2021-09-10,2.82612145791421,2.8035256797431614,2.4924385533761972,2.941239849748633,3.011258476823283
2021-09-13,2.827783779914594,2.805479055250114,2.496574801131191,2.943420179941189,2.9981281877336303
2021-09-14,2.8201233422636607,2.7978006094818,2.492536952438032,2.935216973142338,3.000780341466434
2021-09-15,2.8207156655394887,2.7983166664036716,2.4901154599656645,2.9357960997964985,2.99855882927345
2021-09-16,2.819847191747372,2.7970063047424722,2.487492185257123,2.934997833002398,2.9993783472212043
2021-09-17,2.801574629764044,2.7787703764110407,2.468738295694285,2.916127118962541,2.976614782421944
2021-09-20,2.7446020810932876,2.722292046828464,2.4160499614081083,2.8571497110622968,2.913448899518545
2021-09-21,2.7585000817119725,2.7361401172662463,2.4296467301707514,2.871348126009454,2.9300937068911166
2021-09-22,2.7886575969857526,2.766003477534662,2.45704065555243,2.9028902621873853,2.9578457111488325
2021-09-23,2.8186595155959995,2.795761254740496,2.4816377070229043,2.93402175674819,2.991343435922653
2021-09-24,2.8079483050753096,2.7850807218103912,2.471262575529433,2.9227164732810764,2.971131906981251
2021-09-27,2.8089762806059233,2.7862997434888173,2.476011030693445,2.9232414847807484,2.9494065275418833
2021-09-28,2.754874031276648,2.7329750862685582,2.4310497668789433,2.866702726256391,2.8764259400285868
2021-09-29,2.7569677552009546,2.73520494723835,2.4348197778880354,2.8687112813038795,2.875609783694739
2021-09-30,2.7299220889194054,2.708110875977731,2.4116337793598253,2.840932495370837,2.8529006756582374
2021-10-01,2.7457145151936184,2.7238491921927515,2.4227559343177263,2.8573671098110314,2.861967408426141
2021-10-04,2.7338706525301495,2.712417126155479,2.4153714668853743,2.8449858471946716,2.833573250919251
2021-10-05,2.7544206620982106,2.7327625482943283,2.4323203575741656,2.86655693734599,2.863072157360036
2021-10-06,2.7332812623294833,2.711589395026283,2.4087188070775962,2.8444268471515888,2.8463833886506094
2021-10-07,2.766792985065763,2.744964620594334,2.4395142978929054,2.879560719858787,2.8837943769198926
2021-10-08,2.7628772722714046,2.7411368485878373,2.43715461722845,2.875255554273181,2.868966074392555
2021-10-11,2.7575344505242207,2.735869210426255,2.4377429404826385,2.869596955574179,2.859128824292565
2021-10-12,2.760777945689677,2.7389427762156004,2.4383942720616743,2.87305359984819,2.866367780222333
2021-10-13,2.7749205590366186,2.752694812154495,2.447182424024332,2.888304888906678,2.8940864044252055
2021-10-14,2.8195995233152154,2.7970808297081295,2.486244182928685,2.9348276009296796,2.946420379620261
2021-10-15,2.8343137206408326,2.8117188148474477,2.4996645411237584,2.9501209823579004,2.9615880130524572
2021-10-18,2.830731791588464,2.807941401872387,2.4917093120949643,2.9462817361098153,2.967045079547019
2021-10-19,2.8524055228508227,2.829400273717715,2.510153898539385,2.96888405890272,2.992567114118006
2021-10-20,2.860102309633004,2.837123722463569,2.5166789668566696,2.976865561365606,3.0003831729440305
2021-10-21,2.863976282239605,2.840810526308676,2.515946536517516,2.980924024910577,3.016254356518223
2021-10-22,2.8735022481801726,2.850679759175475,2.522900111506802,2.990570956492307,3.0315680193606727
2021-10-25,2.8731330321670887,2.8501920150470275,2.521397180341855,2.9899138017280666,3.036215274381619
2021-10-26,2.8832439100267795,2.8601260977040877,2.5340787868075094,3.0007943693654275,3.045516156315218
2021-10-27,2.860677631696644,2.8382656089633813,2.5197676889158385,2.977635187999581,3.0235076544431934
2021-10-28,2.8767781649022948,2.854106172321049,2.5301495366798004,2.994107109742544,3.0503627116446137
2021-10-29,2.8774724888314354,2.8546637417742953,2.531639184778494,2.994783352832617,3.0599348017339683
2021-11-01,2.8912722910922404,2.868395664763548,2.541458623716314,3.0091457553380954,3.071965231639194
2021-11-02,2.897524259244935,2.8747271592686032,2.5466727774228533,3.015693356069492,3.0880667984324535
2021-11-03,2.9079575287166617,2.8849410866751857,2.552204055929031,3.0264502067833963,3.0986112211216446
2021-11-04,2.9165120234078774,2.8934048501751994,2.558058503127317,3.03534209380532,3.126848382498094
2021-11-05,2.92297870761733,2.900258357980661,2.5630592733853557,3.0419417321687305,3.1207518563099774
2021-11-08,2.9336557984411984,2.9100152267869506,2.573182741218965,3.0536967002097564,3.1417606221966463
2021-11-09,2.930739320975192,2.906899391185702,2.5690534175746076,3.050580474419297,3.138042932520501
2021-11-10,2.9212348805020523,2.8978761661034733,2.566537957142411,3.0413956612464736,3.1083760918369463
2021-11-11,2.915572467040772,2.892105266548612,2.558953170180129,3.0353827976289214,3.1113253727831283
2021-11-12,2.924410080378347,2.900552756337036,2.564248911008642,3.044332926034836,3.127863760680381
2021-11-15,2.9315356977591525,2.907849637039353,2.568323890676585,3.0519391811332293,3.1314373486592
2021-11-16,2.9256968024822014,2.9018816910207557,2.560303557608646,3.0456517765062063,3.137582336690002
2021-11-17,2.9088349913012457,2.885299232988578,2.547485437691381,3.0279908177832966,3.122329510187455
2021-11-18,2.900907596802396,2.8777134570252523,2.5405265437604014,3.0194617014002776,3.1263859835268537
2021-11-19,2.8760255810321333,2.8528715561684583,2.513990430945399,2.9932000819886873,3.1159842726560414
2021-11-22,2.8753559332011434,2.8526369942659775,2.518358681575357,2.9929448029666963,3.098395800909503
2021-11-23,2.8575696069379513,2.8348021948443023,2.502316088388956,2.9746662391629024,3.067208205778458
2021-11-24,2.853781793619291,2.830734557541575,2.498469829609158,2.9705259059705105,3.0701143972734988
2021-11-25,2.8627990448568905,2.8397329464133714,2.5060514624001313,2.98018923576768,3.0835170836052885
2021-11-26,2.78449571848812,2.761787739341307,2.432920797677558,2.8984485135774998,3.0139223826453834
2021-11-29,2.802913748902498,2.780205401906763,2.445884131113868,2.9170675087124605,3.0510366586994637
2021-11-30,2.7664193930893823,2.7442515518155886,2.419968659497251,2.880081572273442,3.0094659470971283
2021-12-01,2.7683913589059737,2.7470368834216816,2.431348104635024,2.88213455904172,2.9974913225592776
2021-12-02,2.7842770696182275,2.7627589929206198,2.438503510198142,2.8994507408131307,3.010872993938899
2021-12-03,2.7623815195862274,2.741400396930407,2.419903595629788,2.876577240192917,2.974280183047308
2021-12-06,2.7970554827601037,2.775960711326471,2.453737665883851,2.912314014808478,2.9904569153705713
2021-12-07,2.846972828147939,2.8255669480726304,2.4952134867449267,2.9653163973670447,3.0687795909065314
2021-12-08,2.84857431964626,2.826895983734304,2.4941678766444895,2.9671147487065923,3.0702899968070416
2021-12-09,2.835872475823335,2.814505470304945,2.4826485309173796,2.9537698857118304,3.0503064684308994
2021-12-10,2.832976503350441,2.811717606976967,2.4772981506535277,2.9504105862120995,3.047077687364582
2021-12-13,2.8151470365779416,2.794131798168247,2.4628760131422984,2.9320068420680085,3.0247638529175696
2021-12-14,2.798787590714304,2.7778998156444024,2.450586519412935,2.914826276176271,2.9910705393472585
2021-12-15,2.8087037163886044,2.7877818645571772,2.4541127591354543,2.925298238076002,3.0287215664485587
2021-12-16,2.829269315800767,2.80847592676393,2.479214540827747,2.946598379424093,3.027824911698174
2021-12-17,2.8122109926834544,2.7911255191445608,2.4658841543372687,2.9295211616566377,3.0064385672606013
2021-12-20,2.7705093610860856,2.7499285640357924,2.4284035338761574,2.88578976802355,2.9702214153113573
2021-12-21,2.819855231268885,2.7986066281309814,2.470914814944526,2.9379830823301947,3.024244963526191
2021-12-22,2.8475153958535286,2.8261483398833085,2.494360305792048,2.966855012476845,3.060880752974226
2021-12-23,2.8739453926824674,2.852383371360388,2.5171040494158956,2.9947514282047383,3.0876048122927786
2021-12-24,2.874333800504824,2.8527050523998945,2.517632553005279,2.995197069928463,3.0876271854884143
2021-12-27,2.8995152729744507,2.8778839661122038,2.5363010939855792,3.021558003214925,3.1266669921107195
2021-12-28,2.9122809686967943,2.8906875620387895,2.549197916473678,3.034803150009118,3.133597250623923
2021-12-29,2.9153468144150896,2.8939275516989977,2.5505531031057487,3.0378114652076,3.1362946003781484
2021-12-30,2.91881354036504,2.897104327488958,2.5545190021301294,3.0419766041417686,3.1361106545534434
2021-12-31,2.9162856317226478,2.894779338961504,2.551992907117713,3.039212335676991,3.132157088368315
2022-01-03,2.9299566892111795,2.9083779243138594,2.568907992666978,3.053459652918118,3.135868434517484
2022-01-04,2.943824665934533,2.9227175678947215,2.58456683717402,3.0677530250785856,3.1252056456698973
2022-01-05,2.929495587059442,2.9092335323985252,2.580976650086431,3.0524426048303495,3.087963165293181
2022-01-06,2.914527158157214,2.8943280802335725,2.56514236965159,3.036428783967645,3.0662725550114764
2022-01-07,2.9037887672576628,2.883493246503703,2.5601468306186925,3.0240056902674923,3.0309619363611846
2022-01-10,2.8792869240700965,2.8589900036822966,2.5426760765912624,2.997742210489166,2.9937203265140107
2022-01-11,2.9058404209957525,2.885297836918423,2.5661415506625915,3.025644482226835,3.0227002120447124
2022-01-12,2.9232568185719243,2.9030552700312797,2.5818386638995423,3.0440088809947343,3.0442735612360208
2022-01-13,2.9286241186981092,2.9091234131762382,2.5925795293463008,3.0476889053500984,3.019808168037694
2022-01-14,2.9101529460226487,2.8908912618477594,2.5781099409862382,3.0266832409623268,2.9942933978919464
2022-01-17,2.912097863179582,2.892803521785976,2.5811899675526946,3.0288597425118167,2.997013528573096
2022-01-18,2.8677482758270556,2.848866505311016,2.5451194989384534,2.981457848189341,2.9381051558478526
2022-01-19,2.854902819337696,2.836274256779464,2.5353606945163363,2.9692751103843062,2.9238585102681314
2022-01-20,2.8429769855713762,2.8244075015786865,2.5267359557470566,2.9575567043578017,2.907203433254321
2022-01-21,2.792113013532947,2.774544561096258,2.4834501608232906,2.904353901819032,2.850862998537795
2022-01-24,2.73718517936613,2.719240901275301,2.422569841512112,2.8486821536904565,2.804365931000798
2022-01-25,2.728627978024519,2.710937298591273,2.421250989283311,2.8371029547853057,2.7701136130309574
2022-01-26,2.748416450832652,2.7308416077830007,2.4468282032227187,2.8575446086128604,2.788116871770766
2022-01-27,2.7295338645649916,2.712206434459705,2.435366230135522,2.8367818775382205,2.758705983809894
2022-01-28,2.7347265345778915,2.7170174376527187,2.432155051385715,2.8445171762151467,2.7799001269148227
2022-01-31,2.7717333621186615,2.753250978088337,2.4578661651927285,2.88707369411114,2.8428031712730197
2022-02-01,2.813442013302899,2.7945795298113576,2.4944392287191985,2.9305179702801953,2.882469091502763
2022-02-02,2.840297898430011,2.821731630282746,2.5181345565984836,2.958553262897741,2.9181010469739888
2022-02-03,2.794155445910666,2.7762781368617584,2.481989323164866,2.9104699706360515,2.8572914358498918
2022-02-04,2.79118863848011,2.7728878673350748,2.4782229960763136,2.9075317895865322,2.859747070573493
2022-02-07,2.7950796690194095,2.776780744093474,2.482718074047986,2.911364822963768,2.860993719186571
2022-02-08,2.8026140861996804,2.7839786187745648,2.4910595261863793,2.9188628399534196,2.8655783102605303
2022-02-09,2.8573719178411636,2.838159282197326,2.537437991476244,2.9764532700146007,2.9310671082649216
2022-02-10,2.8345220033631175,2.8153677399312333,2.5223708165703553,2.952142068444517,2.889254247665226
2022-02-11,2.803727926526187,2.785110376026365,2.4961300689889048,2.919744918295464,2.8376212734816555
2022-02-14,2.7520627829148747,2.733440701419161,2.444645968966921,2.866922275159764,2.7938275509685866
2022-02-15,2.8025660282579867,2.783269405794774,2.4890350822764082,2.9197851684394234,2.8537068445057905
2022-02-16,2.8090278055508136,2.789887301376114,2.496353209345087,2.9264473247187746,2.8588831287022316
2022-02-17,2.7729807876959045,2.75454389488457,2.467830724151499,2.8890447644610044,2.809576257952001
2022-02-18,2.751685012751335,2.73362298467089,2.450277927548003,2.8664682554119687,2.784730234740957
2022-02-21,2.725347453225475,2.707272581010548,2.42332938309068,2.839383016089901,2.7593066426853294
2022-02-22,2.711684523312236,2.6939907694396394,2.4118175269232545,2.8258795887904813,2.7480713134137087
2022-02-23,2.684149039347839,2.6669101504745454,2.3943876069419585,2.7966760281324547,2.712175823698706
2022-02-24,2.627993521675808,2.6100406324862853,2.321463350984748,2.74124269735962,2.6941599854476883
2022-02-25,2.7153087855434173,2.696680779817781,2.4046772433362906,2.8330902079147746,2.777949289444617
2022-02-28,2.7166194969285176,2.697411628414158,2.39566612818286,2.833055069012063,2.7843277784216767
2022-03-01,2.6525808566905082,2.6334968329996804,2.3338763328813217,2.7662717029410846,2.72634857728525
2022-03-02,2.680425818970226,2.661432686172592,2.356333861292453,2.7954294512227733,2.7615741411474386
2022-03-03,2.6434736547292084,2.6251635996602785,2.322574725954246,2.7561655532103266,2.7218699972583122
2022-03-04,2.5643711712143573,2.5468557417404067,2.2408523043664124,2.6705240600932707,2.6558073478865154
2022-03-07,2.5071412601575642,2.490174798104608,2.196567879114237,2.6093148067426966,2.58798871507498
2022-03-08,2.4963804120396227,2.4797655716857636,2.193692278151143,2.600373982077242,2.5647498724646733
2022-03-09,2.600796615714249,2.583281304912512,2.2933911753044596,2.7165129684309597,2.6710477264910932
2022-03-10,2.5893736352668717,2.5718024492592226,2.2815247414939823,2.7036427626178914,2.655050368253601
2022-03-11,2.5838869174671912,2.5666064268826956,2.2799134954210936,2.698013891744834,2.64005087656746
2022-03-14,2.5938967260220216,2.5769920839812603,2.2936655105163726,2.7093190349562755,2.6435690311039752
2022-03-15,2.6095484601180874,2.5921697084690405,2.306567860882499,2.726528204519187,2.674864150486841
2022-03-16,2.6841864297192766,2.666059000875872,2.3707070560470616,2.8079790287020088,2.759257733298092
2022-03-17,2.715168418274111,2.696396113936163,2.39474157831625,2.840381015069841,2.7948367094405295
2022-03-18,2.7337215197435714,2.714483240922637,2.404598610033958,2.860089733877513,2.8275562857427667
2022-03-21,2.7370809271892003,2.718084284000214,2.409530984555147,2.8629787080116555,2.8275594018946197
2022-03-22,2.757336431951968,2.737905651397793,2.4261707416707003,2.8849827031460222,2.848274155007864
2022-03-23,2.7196170257355123,2.7002850736647805,2.3924798823180176,2.844453098486055,2.8039257061616385
2022-03-24,2.7303568112615033,2.7107845441244782,2.400850213056818,2.8551859296394713,2.825981694249785
2022-03-25,2.7423478298156927,2.723291914110331,2.411518140794848,2.867087796736151,2.832298743954212
2022-03-28,2.7476573345257447,2.7283175151220496,2.4142998676638725,2.873477571983536,2.8464892322668875
2022-03-29,2.8132456796681082,2.7935600370729294,2.472505958083303,2.9456078022278533,2.913524184375734
2022-03-30,2.801710309380693,2.782272831684103,2.46437711862653,2.9328720096222893,2.897517641152724
2022-03-31,2.765982310331677,2.746829090020348,2.433229012456174,2.8946259633284273,2.8573779312000553
2022-04-01,2.7741597624433694,2.754841503912094,2.440598371737387,2.90318374228022,2.865093826899524
2022-04-04,2.7791440295202157,2.7592857780660682,2.439656311028056,2.9085003758040875,2.878843055420624
2022-04-05,2.7606163567009743,2.7413261520418204,2.42598721437087,2.8890353975745344,2.8556771216998307
2022-04-06,2.721301215242248,2.702684012578543,2.3917889180952074,2.8475323131773798,2.810898877673095
2022-04-07,2.721733986718409,2.70313516638975,2.3922347739091796,2.8477188927736483,2.817458622571568
2022-04-08,2.733746911124304,2.7151562280433623,2.4076279960186926,2.860223176010877,2.8121701838922446
2022-04-11,2.716469211102217,2.697925833673641,2.3959382968780494,2.8423034006091528,2.7757826070848397
2022-04-12,2.706425313004592,2.6879422171759173,2.3819376144617435,2.8318435741825447,2.7661921147311768
2022-04-13,2.718819332200887,2.6999251791200147,2.3893414576505796,2.845115927814565,2.7844254254250553
2022-04-14,2.726754645947817,2.7081957040820366,2.400740852063709,2.853199033898499,2.7770081573479057
2022-04-15,2.726754645947817,2.7081957040820366,2.400740852063709,2.853199033898499,2.7770081573479057
2022-04-18,2.7230539243654857,2.70489364504254,2.397854848198313,2.8492456584122885,2.774931185938116
2022-04-19,2.7314992221124963,2.7128714921566996,2.399117190715934,2.859153398536109,2.7922386036999267
2022-04-20,2.7575156426818457,2.7392251657689,2.4244063362411428,2.886566398961147,2.8124702271655697
2022-04-21,2.752971161584071,2.7352445056463908,2.4289944057000246,2.881870643157296,2.7927681882471096
2022-04-22,2.681334340649347,2.6641383481125835,2.3667620726088674,2.806683232087033,2.7153790827637243
2022-04-25,2.649631521218787,2.63233180977733,2.329118339540608,2.7740995245227382,2.6931716215531005
2022-04-26,2.595894570040224,2.57949208304802,2.2871980480961804,2.7165810934252055,2.6274926891772545
2022-04-27,2.589747966631793,2.5736887011472103,2.281041591045081,2.7097075770514505,2.621678378976001
2022-04-28,2.6098332260553407,2.5934920237324808,2.294353327721629,2.7315012757041663,2.6518525834812867
2022-04-29,2.5887069677023122,2.57290924245856,2.2858001533511296,2.7104494112681152,2.6129449314727187
2022-05-02,2.5709336660162316,2.5548659450722955,2.26699648195168,2.6918402617226587,2.6001240056407244
2022-05-03,2.591418622270419,2.57560075256617,2.2882694566899224,2.7134281447148165,2.6160227606643556
2022-05-04,2.608556233611565,2.59250576863156,2.294691119328107,2.7306343002838496,2.643355316658076
2022-05-05,2.5581181979864063,2.543301114073817,2.2599843948361573,2.679119687572962,2.5867733097626435
2022-05-06,2.5193235466486352,2.5053530779621727,2.2288552564554758,2.6377718353521025,2.5440855761561054
2022-05-09,2.440392935201126,2.4275998983216875,2.1612228274564864,2.5545941740951097,2.4514680883212714
2022-05-10,2.4434070975819884,2.430813031155394,2.164977337906269,2.5581037144529684,2.460406656231243
2022-05-11,2.4523255087160716,2.440204295955255,2.1803160959395558,2.5678380201910422,2.458331986201244
2022-05-12,2.4308356090111993,2.4182686687726767,2.1529807141956043,2.5461889952613403,2.437858861695934
2022-05-13,2.4858014057689273,2.472791241974205,2.199573093003087,2.605300458876649,2.5053374806588513
2022-05-16,2.4880950944638798,2.475171891284054,2.204979852749542,2.6073667639912723,2.502357005080755
2022-05-17,2.5488527341365153,2.535506519797765,2.259311896460229,2.6717770039278306,2.5624813172662946
2022-05-18,2.4872917311986305,2.474608932751007,2.211903408196517,2.606845232865109,2.4859409595521305
2022-05-19,2.4751932815750926,2.462401084879943,2.1950747356089044,2.5950498067387078,2.478744540287403
2022-05-20,2.493296441428041,2.4805529897249516,2.2114617571459907,2.6140466099970583,2.49422106293193
2022-05-23,2.539588790560997,2.5268590115522183,2.2565949451543963,2.662247644502513,2.534410774752155
2022-05-24,2.518622921847015,2.5064955584809967,2.242425299966362,2.639333914222695,2.5101209983652137
2022-05-25,2.5335773200484635,2.520925415101157,2.2511942006984653,2.6557830133643705,2.5245292479984087
2022-05-26,2.5778235754539676,2.5646693477674054,2.2876903475471964,2.703268790439033,2.5734213045375762
2022-05-27,2.6285940779632613,2.6148923489742937,2.328534023301758,2.7580752191260265,2.636392126075009
2022-05-30,2.647099240295978,2.6333764190240103,2.347193788419668,2.7780564586694942,2.654307069214075
2022-05-31,2.6133389808123493,2.6004412765818885,2.3164717734420197,2.742649773874985,2.619807224281245
2022-06-01,2.5884291720529546,2.5758395299856716,2.296826378578581,2.7165074012770023,2.5916891119194148
2022-06-02,2.6193459515034476,2.605946979488657,2.3211411624316964,2.7491216523553934,2.638703299754619
2022-06-03,2.6047230918193636,2.592058267854033,2.3127011512905553,2.733956426456297,2.619322041198848
2022-06-06,2.6217814166824707,2.609019598189006,2.329494561791109,2.751935664897484,2.6348841323988066
2022-06-07,2.6194034305711034,2.6063038420886504,2.3246836307846745,2.749384257527067,2.6382758600273633
2022-06-08,2.6043209563182175,2.591155267430128,2.3146909114852634,2.7336623051658195,2.6219987877002935
2022-06-09,2.554878785593026,2.5422385212933247,2.27279969378866,2.6815667557267693,2.5703462080937385
2022-06-10,2.4668183361779734,2.4546859088876265,2.1901667262999265,2.5892702777655483,2.4833839835156
2022-06-13,2.3640144193931603,2.3525521337394117,2.1007083154833444,2.4807292151378944,2.378590460220641
2022-06-14,2.3411227126419805,2.3294767691505727,2.0801401681226324,2.4565849948200107,2.3584241972604705
2022-06-15,2.3711758121172926,2.3588719933622198,2.1085063446443795,2.4887568440733197,2.3912628161334473
2022-06-16,2.2935618545361827,2.2819833446778537,2.0441514372220113,2.4066015799230085,2.3031418863013737
2022-06-17,2.3169234373477225,2.3046714250092872,2.0640898831499928,2.4321512134687677,2.322672208403721
2022-06-20,2.332198906812919,2.3199777214035815,2.0805525736871684,2.448358081559929,2.331576707683295
2022-06-21,2.3568772704031553,2.344397327547597,2.100581674918561,2.474409111546755,2.3652194771855988
2022-06-22,2.340873037474282,2.328284459833708,2.081049943178287,2.457493425711324,2.352288622757294
2022-06-23,2.331378943351367,2.318109412197455,2.0649857000981924,2.4468891505578245,2.3537025071531352
2022-06-24,2.397047025635008,2.3831352814233173,2.120170582684506,2.5163288729966973,2.420891231702685
2022-06-27,2.412905774994633,2.3993312197260828,2.1359063602226818,2.5348939318897883,2.438322416061066
2022-06-28,2.3990960405298978,2.386522417784016,2.131011987454413,2.5216549880681516,2.4121330719503504
2022-06-29,2.3717773335267025,2.359272918785469,2.1051092511915956,2.491698113110441,2.3899065196485774
2022-06-30,2.330177911763717,2.318008290939109,2.061774066282197,2.4467688003130386,2.3574154643281586
2022-07-01,2.348486062418394,2.3362083158904317,2.0749391929095253,2.4659930027171297,2.374854919455788
2022-07-04,2.3546265903720967,2.3423711757825547,2.0847444598094067,2.472602520283047,2.3789649482309843
2022-07-05,2.3064614570947684,2.2933489304736683,2.029254824729123,2.4218614015846103,2.3491244515790792
2022-07-06,2.310841548670999,2.2978991336943095,2.030916564579543,2.4266180463558027,2.3599632521645897
2022-07-07,2.358581456884065,2.345360332165484,2.0763461695184064,2.4776187759220414,2.4059817294941386
2022-07-08,2.3671145075968565,2.3539940376470647,2.086655903333912,2.486940759896573,2.4094398655952185
2022-07-11,2.3359852722678025,2.3234680975909403,2.0577445760002004,2.45431178833115,2.3839948009299747
2022-07-12,2.3262160170092683,2.3138990280045215,2.0467643433659655,2.444469762256107,2.3683289097121727
2022-07-13,2.313621437338956,2.3015750185329167,2.035317438479465,2.431019192050593,2.360486591951165
2022-07-14,2.276719625316888,2.265016239537228,1.9990605670116586,2.3916923979739266,2.334675253859035
2022-07-15,2.3234298702360627,2.3114238099177427,2.0408290330220926,2.4405794981330993,2.3819036722545843
2022-07-18,2.344632771883102,2.3324878037927883,2.0618666309766347,2.463557180029133,2.3922540983914558
2022-07-19,2.409806349035903,2.397228634165149,2.118469717856114,2.5319442851779304,2.458964424947368
2022-07-20,2.4154802557884874,2.4020267091593657,2.1163336354404296,2.5370265368878524,2.4698232535469127
2022-07-21,2.4301735234985338,2.4164865286918085,2.125188821578918,2.5517159532814815,2.4979429953611856
2022-07-22,2.42999939376859,2.41707924404514,2.1268207850189227,2.5520023511845764,2.4935495374954915
2022-07-25,2.4382313150031836,2.425339462138566,2.137126486124773,2.5615252212323028,2.496426497834442
2022-07-26,2.4031962548953,2.39090254300996,2.1090526264918013,2.5256951485256924,2.4629587972423943
2022-07-27,2.4390376360288224,2.426174209430456,2.1379289458049433,2.5630667909079383,2.5069146516593808
2022-07-28,2.471507138690607,2.4583691926658755,2.161963438687332,2.5962235040457986,2.551269039393872
2022-07-29,2.5178638575981367,2.504552273412228,2.2020786335931106,2.6449024796744296,2.5970700266749094
2022-08-01,2.5192172980960272,2.5058282877470437,2.2034629484356847,2.646324207905748,2.5980563683651177
2022-08-02,2.503038596023007,2.489035072982212,2.191733625040377,2.6293063242650097,2.5803556762275988
2022-08-03,2.524253639557276,2.50987265810954,2.206718697201043,2.651541784968702,2.603384507820625
2022-08-04,2.5259113503739155,2.511824500690998,2.2079961908132426,2.653143721794044,2.6072576547799047
2022-08-05,2.5244135396898995,2.509051028410469,2.2068716812705476,2.6516405744547984,2.5965519664974246
2022-08-08,2.535630534401213,2.520560640562245,2.2159940971166714,2.663777475086319,2.601913672291164
2022-08-09,2.518560832746071,2.504040941770783,2.2043405147220057,2.6464894935650207,2.577834081849114
2022-08-10,2.5707428381083495,2.5545326466245104,2.243708345737015,2.701298448697875,2.634792195950037
2022-08-11,2.5920141329645876,2.575909670308811,2.2645204583405834,2.724031422640585,2.6496110454088853
2022-08-12,2.604217574437535,2.5876197644647485,2.2701571409010906,2.736632554629988,2.667992419950463
2022-08-15,2.597239760631921,2.5806734671095337,2.2612477421097723,2.7293175409980734,2.6687267666995442
2022-08-16,2.596235076212559,2.579401390260723,2.259830578965488,2.728185505359001,2.6640778150458955
2022-08-17,2.5692231681112982,2.553237334241523,2.2375048386044583,2.7002050859856648,2.643271718272594
2022-08-18,2.580373264715138,2.56479886106213,2.2470031924897134,2.7121416520739077,2.658506864209414
2022-08-19,2.5292904403825,2.5146867001914712,2.204437938506195,2.6586366758787796,2.608664183743425
2022-08-22,2.4755790458799565,2.4617460470296915,2.1582430626634874,2.6019620675077,2.5558341955210935
2022-08-23,2.461533836555841,2.4478320747156714,2.1446380645484626,2.5869645122945464,2.539467466801864
2022-08-24,2.4723740211817273,2.4585227190352157,2.1510272642223653,2.598153867852804,2.554007868806879
2022-08-25,2.4962375712497353,2.48197601791543,2.169727097919061,2.622662465027841,2.5845763165529787
2022-08-26,2.438865360356821,2.425203982373787,2.1258004467987486,2.56284562194473,2.514545066363154
2022-08-29,2.4177132259909615,2.4042791898044733,2.107802267992976,2.5401284309922345,2.485192561321817
2022-08-30,2.405908302657603,2.392537472701806,2.1010074200311104,2.5288396858422684,2.4689559444976092
2022-08-31,2.385514630713387,2.3723442723618167,2.080935868787095,2.507085321387845,2.445807921246599
2022-09-01,2.3544583022717522,2.341499367475039,2.0517652730429354,2.474446299111574,2.41693066010817
2022-09-02,2.3746584698085322,2.361929946326242,2.0757442850595185,2.496322229450206,2.426241026071802
2022-09-05,2.3507855124818815,2.3380716529230856,2.051036613978799,2.471336521565898,2.4090777038456923
2022-09-06,2.3560917353869426,2.3433294968760072,2.056283360419809,2.477017200508699,2.4111705990906436
2022-09-07,2.370581971961067,2.357696866004108,2.0631793659624327,2.4922893871226783,2.43441805227148
2022-09-08,2.4017975939812044,2.388771738861739,2.0913023767750154,2.5251528088692115,2.4694499590391232
2022-09-09,2.447930174735439,2.4343994408574545,2.1313363693458536,2.5739546996248905,2.511695733903192
2022-09-12,2.4988352211629303,2.4846539447094385,2.182280084835997,2.6277357423542407,2.5496300196199457
2022-09-13,2.431287650923647,2.4179633646753538,2.130170889335018,2.556772859015793,2.467772368220931
2022-09-14,2.3931208296327378,2.379753190348413,2.089475023575873,2.5168375590535206,2.4394805338450203
2022-09-15,2.380037023958028,2.366558061150196,2.078561709206435,2.502603587047495,2.4149649327213023
2022-09-16,2.3434527673099095,2.330440152749433,2.046785069265779,2.464424371645462,2.3837988286798213
2022-09-19,2.353081403216871,2.339864057063103,2.0542941817258753,2.474648545995888,2.3922750014756593
2022-09-20,2.317047926266318,2.304133367168646,2.0207867833218223,2.436622372870652,2.357208068039683
2022-09-21,2.2987185487570807,2.285960673369738,2.0064518996741825,2.4178666571164835,2.336357236375621
2022-09-22,2.2572749740382716,2.2450471072270557,1.9721173506704024,2.373626728701055,2.288063166436229
2022-09-23,2.1930657481125984,2.180984248230299,1.9106611793904698,2.306565937667375,2.234220294384631
2022-09-26,2.157723229993038,2.1457858021152054,1.8791192312736178,2.2692180050194075,2.2042756184398407
2022-09-27,2.1508942663230872,2.1387981056244363,1.8705775694863789,2.262022973134677,2.200882429849203
2022-09-28,2.1628249432088786,2.1502975071600896,1.8766202131223535,2.274492704626117,2.2221292542218762
2022-09-29,2.1339211939158544,2.121708281543813,1.8553762187935634,2.2438837920221792,2.190634949313127
2022-09-30,2.151549146642735,2.1394274125008965,1.8739590637297323,2.264155196680562,2.1997598574178445
2022-10-03,2.1961054081596876,2.183611443116227,1.909401107086935,2.311043408002942,2.2494091742423015
2022-10-04,2.2857823084430464,2.2728614278461885,1.9889593327662576,2.405494875047152,2.3380159511509584
2022-10-05,2.264094162714096,2.251433470353969,1.9704738951653764,2.382473912564137,2.3247031592399905
2022-10-06,2.242195554067219,2.229529523770939,1.9484696850266907,2.359092293201457,2.305228593505507
2022-10-07,2.1894529661092226,2.1773811969717176,1.9062487990245618,2.3037726992439445,2.236817626861915
2022-10-10,2.1663019885044226,2.154401841468918,1.8842429972780488,2.2796049713067643,2.212492592434555
2022-10-11,2.1562585079411334,2.1445054838594966,1.8773251178424235,2.269122050539606,2.2010160043359375
2022-10-12,2.1366123673192616,2.124881437373158,1.8602899789393454,2.2482639119897936,2.1800988996289616
2022-10-13,2.1800898224099963,2.168279609940741,1.8994328083765353,2.2940103897300483,2.2225892470526283
2022-10-14,2.1618321327011003,2.1505010294820885,1.8878929569261436,2.2755446686112917,2.191979029250045
2022-10-17,2.2146390354458725,2.2028103842042057,1.9333453270439527,2.3314683568309684,2.247758536432679
2022-10-18,2.251038799358532,2.238976530063032,1.9650653524841812,2.369939855892311,2.284458363113642
2022-10-19,2.2193735643515407,2.207897080938251,1.9397945929331195,2.336143532528683,2.249848457375374
2022-10-20,2.2192121408407406,2.207799532611528,1.9424649636263545,2.3359296869933055,2.2435623902362853
2022-10-21,2.22259175660894,2.2110688345999336,1.9398747597953874,2.3392033605294977,2.261684937988597
2022-10-24,2.2689054203437555,2.257471571377343,1.9834636441367188,2.388251859089612,2.3065305174660327
2022-10-25,2.31397787036344,2.302143949481955,2.0186908090819706,2.4367978904313308,2.3580307465282706
2022-10-26,2.350714228977486,2.3387746375642595,2.05540670637368,2.4755296805200886,2.385124554365632
2022-10-27,2.3529190954235375,2.340959009827547,2.0580667391661054,2.477396917531927,2.3818209559452708
2022-10-28,2.363729624070477,2.3517272140379895,2.061763687342836,2.4893073542327517,2.4097162678281534
2022-10-31,2.357927233481374,2.3460481231482633,2.0591624536277378,2.483159657467858,2.3979073572644243
2022-11-01,2.377611643312144,2.3654189027722206,2.077691794533606,2.503889530586406,2.4099564398495277
2022-11-02,2.3394337567587424,2.3278244608020966,2.04891360231953,2.4637329322930297,2.363263486454477
2022-11-03,2.298955470029029,2.2875541960612016,2.0109135500757893,2.4212237777495376,2.3288206267294473
2022-11-04,2.3554931405974133,2.3453322376722054,2.068627876365591,2.480846425052584,2.380261682487342
2022-11-07,2.390676648002879,2.3811170524634546,2.100966582952361,2.517753015129634,2.4121729485273016
2022-11-08,2.409580871017389,2.399792033260591,2.1183698063721637,2.537594178724083,2.4346285248865454
2022-11-09,2.3949888423188477,2.3855317222562054,2.1095258686176974,2.5218138370233802,2.4123114922736733
2022-11-10,2.484865131575798,2.4746424753169967,2.177547324315882,2.6184536839902033,2.521752258651466
2022-11-11,2.556183064884303,2.5452608011240287,2.2424989114926803,2.6919394581394678,2.575335311637962
2022-11-14,2.5476980730086645,2.537036140754972,2.241134990797674,2.6828581476149207,2.5613612787763573
2022-11-15,2.570959767853434,2.5599330426294906,2.261576585022266,2.708223671013199,2.5873021479873106
2022-11-16,2.538190018127061,2.527618190111001,2.23564700150861,2.6753110853902804,2.55573053424248
2022-11-17,2.511303124724999,2.5009828131045633,2.2121137584136457,2.6477604010962184,2.5310729288423697
2022-11-18,2.5398812353260816,2.5294495938522594,2.2389720799407065,2.677710753609101,2.556807603238442
2022-11-21,2.520467562873581,2.510339390037217,2.2195703955391597,2.658098763021872,2.539779054494625
2022-11-22,2.5472447792632757,2.537288880410971,2.245332168156367,2.6866583947593576,2.570450521446436
2022-11-23,2.5678369989311096,2.557396644324616,2.2619866622211546,2.7085263395582433,2.592704119065317
2022-11-24,2.5931125412595817,2.5826249496453215,2.2876340918064373,2.734440203107689,2.6110497905109753
2022-11-25,2.5914173841922192,2.580971469162401,2.284204865074926,2.73319589812022,2.6092367059573696
2022-11-28,2.565547827934503,2.5552617295662636,2.264668413718563,2.7056692431635674,2.5814505907397143
2022-11-29,2.5549157764641652,2.5446734989117785,2.2558292338561934,2.695088579233011,2.566816396630209
2022-11-30,2.588980660216953,2.5787680851627144,2.2829841722075694,2.732166435545523,2.6210800009153217
2022-12-01,2.616704824355303,2.6063071834937857,2.307698543135349,2.761423908139393,2.6468138983375065
2022-12-02,2.6306073086785715,2.620065096188136,2.322725069995868,2.776016496958725,2.653556439741783
2022-12-05,2.606502272062868,2.5967063842838543,2.3076488573348337,2.7501623230461703,2.6220469715353123
2022-12-06,2.571064639427301,2.5616920739092635,2.278508462003908,2.7129240369355374,2.5846103816538544
2022-12-07,2.5591822888598914,2.5506347005002894,2.269510419513272,2.7003164847044268,2.5763152248216916
2022-12-08,2.5658170148910675,2.556936967641259,2.272940430593266,2.7079722657934595,2.5893703088930944
2022-12-09,2.5753604146572413,2.5664777270220034,2.2848112821678437,2.717688211817635,2.5881876175845364
2022-12-12,2.585607590143101,2.576673918054785,2.288809523234275,2.7294739318311083,2.6075515133782625
2022-12-13,2.612377973368348,2.6033082696692316,2.3142122862065895,2.757527618292324,2.6329673380053493
2022-12-14,2.6187228152196957,2.609609719708046,2.322454762535837,2.7638673887690874,2.632870268163216
2022-12-15,2.5576637568438363,2.5487688376128492,2.268132829565126,2.6997441595992386,2.5667210952653305
2022-12-16,2.5206515242230108,2.5119698456028496,2.2341722233024846,2.6610609514431043,2.5311151952614996
2022-12-19,2.5101259542592507,2.5018728948756594,2.2297610702715214,2.6494261897878477,2.5144327596838107
2022-12-20,2.5063364882410317,2.4979904167891043,2.2258277688415657,2.6454225881007094,2.5093680484555585
2022-12-21,2.5530452648014887,2.5445756047957633,2.268069939233231,2.694452369691376,2.554959324132116
2022-12-22,2.5273503237699484,2.519119468943191,2.2468884079819484,2.666874009343355,2.521248412829185
2022-12-23,2.5379793618046365,2.529792365987656,2.2546859183559453,2.678311718442242,2.5293703295436485
2022-12-26,2.5379793618046365,2.529792365987656,2.2546859183559453,2.678311718442242,2.5293703295436485
2022-12-27,2.537291599532256,2.529429113473308,2.255137669035641,2.6770533780319097,2.5238608503091617
2022-12-28,2.5225999133117964,2.514723555045339,2.244421212478721,2.6611744568487588,2.5058933284151124
2022-12-29,2.5543531009987435,2.5460084807383625,2.269089116899775,2.696104521888378,2.541672382740224
2022-12-30,2.5356715875720317,2.527173048297225,2.2513193948938,2.6767750687520606,2.5236389459471527
2023-01-02,2.5517574052798744,2.5432618515020553,2.268800819713761,2.6937560200755057,2.5350791640792947
2023-01-03,2.5484984254523133,2.5400624713696134,2.2666189580792686,2.6904040046279665,2.5247789112117855
2023-01-04,2.5914185640049063,2.582704705227099,2.3067816070449414,2.735338075419377,2.5549244272827867
2023-01-05,2.5802519472238323,2.5721746838375,2.301446752878388,2.7233688530397826,2.5374440778537983
2023-01-06,2.6050912396174684,2.597135015132338,2.318248932512275,2.750023390969788,2.5696987506147204
2023-01-09,2.6528315997385796,2.644861608473038,2.365480727590527,2.800368074911878,2.6120702658248427
2023-01-10,2.657997456638988,2.649907946265791,2.367779628200076,2.806020120198566,2.6218413543312438
2023-01-11,2.684844769475693,2.6758444521341964,2.3892227890017566,2.8343013490995395,2.651281202171643
2023-01-12,2.7084200284189355,2.6980380792002467,2.4108000540501364,2.858514863008062,2.6697213774275563
2023-01-13,2.7219449684535797,2.711924072254638,2.4239277288785814,2.8727089261319114,2.6852268063719418
2023-01-16,2.731604826849424,2.7216042576171975,2.432731937823164,2.8825428747207438,2.6909066413311713
2023-01-17,2.7346405151983273,2.7245047338703157,2.434910466041477,2.8856801403038443,2.69345263239498
2023-01-18,2.724254304043922,2.7145607413442625,2.430108749315029,2.8741442378012865,2.679797242214125
2023-01-19,2.681590973185169,2.6723011293701493,2.393999392538645,2.8306736569081954,2.6353785390321556
2023-01-20,2.716488039912005,2.706895565807667,2.4228076972094232,2.867277992593421,2.6744782334869286
2023-01-23,2.7490835173550443,2.7390763346688303,2.449252686962217,2.9009378534490766,2.714352665044599
2023-01-24,2.743999743679787,2.734380579446813,2.4420060801929897,2.896093615008699,2.7080649617898085
2023-01-25,2.7419216224751515,2.7323204881146563,2.4405101019690187,2.8936794709137614,2.7028407456142776
2023-01-26,2.765767775211879,2.756056234022238,2.460478963482873,2.9181958619287505,2.7305644967592135
2023-01-27,2.7720077174056255,2.7615250385850083,2.4635369489741787,2.9238310947835995,2.733011498269962
2023-01-30,2.757501776066668,2.746127356037837,2.455200168523923,2.9092477650005075,2.7107844099410197
2023-01-31,2.762033833074189,2.7501688392890995,2.4534728100567347,2.9147884467159733,2.7239318513093838
2023-02-01,2.7922069555141347,2.779297607176629,2.4766028811376706,2.9466302973248104,2.76265261014825
2023-02-02,2.852092412127022,2.8384643948128416,2.524856303067264,3.0091907810101035,2.8205980427941384
2023-02-03,2.8339975848581513,2.8206652808263675,2.5102884832202,2.9906283549097186,2.8022455936130726
2023-02-06,2.7845043803888276,2.7715666818659814,2.4628101989473428,2.9394374692029968,2.758869046365463
2023-02-07,2.781842112174355,2.768876931547717,2.458755274684823,2.9369679244642515,2.7641067490857805
2023-02-08,2.783064711268657,2.7699589457884217,2.463157213409063,2.9387273008396466,2.7591809649102332
2023-02-09,2.7855656528275174,2.7730596482317025,2.4671501133327665,2.941650606609222,2.75912657960425
2023-02-10,2.7595312771147547,2.7474805055211617,2.440820157033915,2.915326146796258,2.7351503566103537
2023-02-13,2.7846192237414065,2.7724793527329767,2.459774259930907,2.9418991779606665,2.765701246771668
2023-02-14,2.7970118343548096,2.7842839693411516,2.4718527069481766,2.954826513442059,2.7786788682727064
2023-02-15,2.80520886013635,2.7907591859757077,2.4725608983480734,2.9633380095501534,2.787830378853008
2023-02-16,2.79596361789356,2.7823910587530754,2.4689221190615207,2.9540012877480937,2.7694654620150017
2023-02-17,2.7776052249520378,2.7641555778479203,2.453701170859523,2.9351333433287166,2.748598212787303
2023-02-20,2.7861708277223887,2.772725049869338,2.4619972615349246,2.9442497710908087,2.755387207308619
2023-02-21,2.7519214528612026,2.739237192335302,2.4363016316166766,2.9080685969623654,2.7155539869204217
2023-02-22,2.738728249646842,2.7259937293468806,2.4233918270791808,2.8943662872269402,2.7052397032991142
2023-02-23,2.744725936391466,2.7317977409390486,2.427399954319734,2.9007673328304535,2.7205723521787633
2023-02-24,2.7176195701528827,2.7051671915347195,2.4040409810307035,2.8718653972934094,2.6894951501797975
2023-02-27,2.733300100026763,2.7205460474154126,2.419734356261537,2.888400952940289,2.705130392552601
2023-02-28,2.7385541577451407,2.7256180530137812,2.4252117475048642,2.8941151590728116,2.7071110350283085
2023-03-01,2.736051596155937,2.7233852523024153,2.4244005610961907,2.8914704418188766,2.704813237678867
2023-03-02,2.7364188035564245,2.7233988090908667,2.4227711237893383,2.891996198386371,2.708109245765287
2023-03-03,2.7709450706033874,2.7576110353934475,2.4535355912666854,2.928505699297536,2.743285235018834
2023-03-06,2.773700596110194,2.760510757267189,2.4583031355506764,2.9316022672340893,2.7411553681513343
2023-03-07,2.7437148576863732,2.7305898549254484,2.4330769915500454,2.89988578137795,2.713061852023449
2023-03-08,2.7297666121323987,2.716591355196051,2.420359393606127,2.8851407834520497,2.7055908225293477
2023-03-09,2.699033436325774,2.686294460478432,2.3978921442888574,2.8525737376203857,2.6731853967569705
2023-03-10,2.65531776628666,2.6431801666150996,2.3634034400608805,2.8061529574088993,2.6284182765906516
2023-03-13,2.6253784859850064,2.613016189283037,2.332598313884948,2.7738972502713803,2.6079964921413765
2023-03-14,2.6727303716056583,2.6602808275197143,2.37457994267811,2.82412273510303,2.663127666286679
2023-03-15,2.5870944154954567,2.574744248391111,2.2889843599999,2.7329596237030733,2.593050846787723
2023-03-16,2.624397228487806,2.611707811722664,2.3207545630851834,2.772260604874342,2.6420880715291726
2023-03-17,2.5884660881738992,2.575862571254679,2.290224585937601,2.73337110600383,2.609532060891948
2023-03-20,2.6298232604049736,2.6173260645661194,2.328153525628759,2.7778265351476583,2.649086430836392
2023-03-21,2.676743736553159,2.6637690922058073,2.3717708354986446,2.829654520382838,2.6895993764592685
2023-03-22,2.6485036268488185,2.6355362366903363,2.3521270904895997,2.7988768878057337,2.6600929728752427
2023-03-23,2.655138768790808,2.642125471947784,2.358073600555296,2.8045278648369303,2.675562842541167
2023-03-24,2.6214044538085455,2.6085420713953984,2.319278613797634,2.7689254295859906,2.6497136185894576
2023-03-27,2.6456302834621175,2.633031502541736,2.344517922090294,2.7953319783961934,2.6716036807369536
2023-03-28,2.654058205461744,2.6416620556026653,2.3554312158961497,2.8044148371089666,2.676128662861754
2023-03-29,2.6930448102345688,2.6803230452600033,2.3901049870718953,2.8465396205735343,2.715943712169138
2023-03-30,2.7276762607874447,2.714674734164846,2.424765572547035,2.883824436454531,2.7465618527866535
2023-03-31,2.753116259771045,2.7396355281041953,2.4437986305445967,2.9106113015971107,2.773436093681593
2023-04-03,2.7515232578936297,2.7381763731394626,2.4456620598496333,2.908927170296293,2.766622152980171
2023-04-04,2.7450630310881,2.7317087643687428,2.4421217442869216,2.902198095312341,2.7575481569780926
2023-04-05,2.7324011174073832,2.719587968033275,2.4341044303796084,2.888524629776034,2.740328479930882
2023-04-06,2.7421449991668614,2.728943107296944,2.4446237804977877,2.898633187053404,2.742957586678362
2023-04-07,2.7421449991668614,2.728943107296944,2.4446237804977877,2.898633187053404,2.742957586678362
2023-04-10,2.750601060985115,2.737203452174428,2.448639837973565,2.9079679729761314,2.755014993527939
2023-04-11,2.7688481461740237,2.75521229671342,2.4623349139779167,2.927504564142186,2.7681607462044284
2023-04-12,2.7693414132298417,2.7558651736208564,2.4640924925354613,2.927859107144662,2.7644634680660594
2023-04-13,2.799339467627117,2.785631929438993,2.490512143282133,2.959724700659137,2.7951629118081107
2023-04-14,2.8102725693740984,2.7966957124938867,2.5025913182717674,2.9711096642340658,2.801223062388101
2023-04-17,2.809914988447092,2.7962824958303143,2.4992514634175937,2.9713825026236313,2.800768634388802
2023-04-18,2.817844042932188,2.804370386664308,2.506382947162581,2.979469382622816,2.8058842654677694
2023-04-19,2.8086770686158093,2.795410517358349,2.4995776150553817,2.9697079076552244,2.7945399998420863
2023-04-20,2.7979827829452826,2.784966367367535,2.4900384468106447,2.9581519758696917,2.7830566603288966
2023-04-21,2.8041807051538328,2.7910445677933886,2.49487376309187,2.9644246209386824,2.789399986253475
2023-04-24,2.8127968465113957,2.799701405955519,2.5046118340522017,2.973322982609769,2.7975926454269766
2023-04-25,2.78386030193124,2.7713911963111197,2.481034507070955,2.9420465267196594,2.760938639910561
2023-04-26,2.768942627711188,2.7564792834061915,2.4700518428393634,2.926502010559918,2.7436125898874955
2023-04-27,2.796473638315254,2.783691795017299,2.487978932208742,2.9561044845548294,2.7704804939462635
2023-04-28,2.811690849686471,2.7991518603417487,2.5001210604826745,2.972901876826211,2.788856635439519
2023-05-01,2.8120836641838833,2.7996937127979606,2.5004398005151462,2.973317213724534,2.7929654604959993
2023-05-02,2.776184409846321,2.763733535713957,2.468137986689704,2.935253458570849,2.761830577340755
2023-05-03,2.7829535518936925,2.770629532197967,2.4755952482368606,2.9423336489118928,2.764575350424885
2023-05-04,2.7671150651663377,2.754887456251033,2.461022917182087,2.925360871198708,2.7513873213067654
2023-05-05,2.8044996216479423,2.7915221764594835,2.4925310006974386,2.96557160861423,2.7892905524654177
2023-05-08,2.814032478182714,2.7998090145153522,2.5016261110729134,2.9753661541898033,2.797342176897865
2023-05-09,2.793178801451115,2.7782271616799568,2.4806167395881196,2.953321543555388,2.7753881219433443
2023-05-10,2.7917102539857064,2.776036789258636,2.475888281148725,2.9513076336721564,2.7797297833465042
2023-05-11,2.7849470731197985,2.769653928465595,2.467391911114699,2.9441106333805487,2.7752272453533764
2023-05-12,2.7823663712799593,2.7678605357504518,2.4659675004862547,2.941818712349133,2.773082508350917
2023-05-15,2.794184391038279,2.778983946826159,2.4738624819812842,2.9546986341391475,2.7833276613104623
2023-05-16,2.7716863387187582,2.7569795830583876,2.4571535424502633,2.9304400366728527,2.7638507681461446
2023-05-17,2.777078349193482,2.7614567265078365,2.4590422927381557,2.936460724704998,2.7725824472460774
2023-05-18,2.7911617784869858,2.7748564825785187,2.4674035749594574,2.950670460040404,2.797355878910807
2023-05-19,2.7959442063065283,2.780116273394366,2.475299657281711,2.956195289150272,2.797834345783798
2023-05-22,2.804985238608284,2.7887389438993373,2.48130509198585,2.9654970395163365,2.8065667548261297
2023-05-23,2.7770546419483395,2.760645119936127,2.459501765929189,2.9363796496863164,2.7684932665358706
2023-05-24,2.7353318003122684,2.7190211610270456,2.4205517399972383,2.8923772732900694,2.729999797344522
2023-05-25,2.7256503543267514,2.709464115912771,2.4089378411159035,2.880815686723153,2.7528515985378377
2023-05-26,2.75206869275007,2.7351438188510566,2.431285689243603,2.9077808891241066,2.788283842326487
2023-05-29,2.7453926370863755,2.728459732471982,2.4241959484193423,2.900585507701624,2.7825285709954537
2023-05-30,2.7428413646774703,2.7246358014837675,2.4199861599831043,2.8968131782135447,2.7829491877854196
2023-05-31,2.707401609382233,2.6891093129601513,2.3852575178338036,2.859650673576224,2.74581441377371
2023-06-01,2.7352009522046314,2.7162740827106475,2.4105795172576108,2.889013295343,2.775468721596153
2023-06-02,2.800437428463549,2.7813939375496073,2.4683644820862805,2.9579334027941364,2.8297606464706906
2023-06-05,2.77883735869449,2.7597322347500026,2.447532858748445,2.9352517226781543,2.813124291191205
2023-06-06,2.792876639728338,2.773564103295097,2.46127007130174,2.9498385077861045,2.8252285281977403
2023-06-07,2.8066755124050284,2.7874545802101265,2.471767332053438,2.9641015654457705,2.8229179549276386
2023-06-08,2.8114821122672926,2.790373985573673,2.4744464232224237,2.9691094479211952,2.8319118253023143
2023-06-09,2.815039070687018,2.794996600137457,2.4785311476267453,2.973266259812223,2.838532073769228
2023-06-12,2.827867287243956,2.807280706950822,2.488311109602284,2.9868507578486208,2.8644237431364137
2023-06-13,2.8499902165187736,2.828785065282556,2.5058419522652207,3.0097713614128847,2.8888338734990073
2023-06-14,2.860115061038781,2.8389592228048537,2.5169893333630196,3.0205919528082594,2.9037802413669684
2023-06-15,2.8713689310041492,2.849326081531264,2.5220629599502518,3.03224721784882,2.915612351302654
2023-06-16,2.8984558919364107,2.876812110717151,2.5516505359665294,3.061452760319054,2.9340135043898896
2023-06-19,2.8729763353026403,2.8513477269647667,2.527272896105287,3.0346963348761826,2.909084926742187
2023-06-20,2.850972658098767,2.829749953493486,2.50715576105967,3.011686204444802,2.894459525737046
2023-06-21,2.8386018860696653,2.817537500034126,2.495497681383498,2.998370927348761,2.8745686648748117
2023-06-22,2.833438282004804,2.812103461631083,2.492231383274058,2.993080648197477,2.8749062823610814
2023-06-23,2.8000116574755642,2.779615464390171,2.4600981919698897,2.958367063529066,2.842080836296327
2023-06-26,2.8106697850241673,2.7904271423135136,2.469318529808049,2.9697218621387127,2.8427633595002337
2023-06-27,2.83311500830206,2.8120141008732387,2.4862201293263295,2.9927333111394514,2.8662938329562935
2023-06-28,2.843086413647476,2.8210504692794878,2.494010632942353,3.0032407603762485,2.8741922837118383
2023-06-29,2.8562906927636416,2.8348088553231774,2.503527468874264,3.0169973649503636,2.8891856072707385
2023-06-30,2.877076973437767,2.8554406242334642,2.521918187678598,3.038806896819658,2.9162035281707928
2023-07-03,2.8879419454012965,2.866402966381416,2.534278161870743,3.0502826244561967,2.9183049336837246
2023-07-04,2.892296318730124,2.8708098412168153,2.536784178741246,3.0548654876561603,2.922382665888628
2023-07-05,2.8700948237036528,2.848572176788999,2.5165533621247365,3.0314595776386337,2.901323512804064
2023-07-06,2.829533838444241,2.8082110399183917,2.4780961720179437,2.988712593158876,2.8640138366206265
2023-07-07,2.83971710231741,2.8177040264384403,2.4842648970244414,2.999663415157508,2.8684410503078768
2023-07-10,2.863413108619367,2.840642737690691,2.503896619797067,3.0248075867474102,2.89504796051581
2023-07-11,2.8999647310679366,2.8766718589888285,2.535485965756619,3.0632580207002036,2.9209223017632726
2023-07-12,2.9371660814945555,2.913390796918694,2.5716870757984904,3.10252954368192,2.9569459987191435
2023-07-13,2.977716290199245,2.9538304899974426,2.607889239586606,3.1450679418346423,2.9955726943197876
2023-07-14,2.9728543263724214,2.9490181167559983,2.6039515443872157,3.140134958157369,2.9940478794754113
2023-07-17,2.9684432717789244,2.9443838351948655,2.598532633461114,3.135721727745584,3.011389592468698
2023-07-18,2.99290702563602,2.9683929163080816,2.6201046104002175,3.1611008902706117,3.031945758323562
2023-07-19,3.0083012620689193,2.982085983983293,2.6301447243877814,3.176684349128113,3.041405946722975
2023-07-20,3.005223207029046,2.980342568876959,2.6320243654811,3.174460802695019,3.025113687787031
2023-07-21,2.9974668726732117,2.9727933949807017,2.6250454587143963,3.1667623461033667,3.0231770384617698
2023-07-24,2.9992285813681425,2.974587283651535,2.6275299440752033,3.168532266691586,3.021531934580558
2023-07-25,3.0029488247258684,2.978459849379512,2.631110907155415,3.172728785389885,3.0328997022549067
2023-07-26,3.0055190467092636,2.9810243444547817,2.6339588774796545,3.175096704874507,3.024798393530278
2023-07-27,3.018195130402062,2.994288560622348,2.6523449047000325,3.188967779226419,3.0380716904811162
2023-07-28,3.00807959937444,2.9833604642751004,2.637155805085382,3.1786265845716106,3.0336289969726686
2023-07-31,3.011962073540125,2.9865079404753527,2.6386572108161204,3.1826851888276666,3.039731158543793
2023-08-01,2.9881011368061956,2.962439519604701,2.613791340169688,3.1574717737578775,3.0230479726309825
2023-08-02,2.9584312242712594,2.9331216170076706,2.587829414688365,3.1260003713502225,2.9867057755951723
2023-08-03,2.938408702654892,2.913185484180492,2.565187073228571,3.1047676507806012,2.9723515221422216
2023-08-04,2.942988567688353,2.918256263768417,2.572922907267656,3.109860864964231,2.9712246560746163
2023-08-07,2.9599781867383825,2.934593082115087,2.587449083865104,3.1276821291633397,2.9925101563733114
2023-08-08,2.934347684620808,2.909195092436171,2.561904298714479,3.1003522483219514,2.9671690092023666
2023-08-09,2.941617595348893,2.9170003443248285,2.5723345249055494,3.1082961198332546,2.9667739171543706
2023-08-10,2.9614386823191974,2.9370783304439363,2.5919831466659473,3.129550797196576,2.984206746345093
2023-08-11,2.941227081361927,2.9168738830332965,2.571370387566156,3.107904839212205,2.9603541834563183
2023-08-14,2.9328022226325423,2.9082117267652174,2.5612604287403964,3.0991004567328053,2.9676318430903876
2023-08-15,2.90243598126622,2.8782526417858967,2.5348548149605836,3.066741252574068,2.942090662782185
2023-08-16,2.888821812672928,2.864923615388427,2.5217766427874277,3.052276623488312,2.9244302486224316
2023-08-17,2.8605344620258224,2.837158186402728,2.4999753913469887,3.0221746876332207,2.888454052471416
2023-08-18,2.8462474579730834,2.822865476074999,2.4846479945100466,3.0070151256273205,2.878111262893704
2023-08-21,2.8502271270372805,2.826700236563912,2.490771587254212,3.0111624956542116,2.8963506171880815
2023-08-22,2.852651991802938,2.8292963048843833,2.4943406598344002,3.0139938419099948,2.895944537432748
2023-08-23,2.8576143616325105,2.8340878562141376,2.4954646124465323,3.0195014631337447,2.9108286471068565
2023-08-24,2.8452888836424033,2.8223336903838296,2.4879994491874733,3.0063653806265043,2.8875597413747807
2023-08-25,2.848848222656722,2.8256286879246195,2.4887523166461336,3.0099282507376173,2.8934116855837315
2023-08-28,2.871418369099705,2.8479577245746506,2.5101839488839675,3.034032767875732,2.917650452675436
2023-08-29,2.904065045425788,2.8801749168626127,2.5385882879708532,3.069257154854015,2.957484347121791
2023-08-30,2.919956433464581,2.895682587374073,2.5538586203987745,3.08604377941273,2.9747281305464988
2023-08-31,2.914459148440178,2.8900891647436295,2.547811217150033,3.0802546380700795,2.9696945802360224
2023-09-01,2.9146095880211504,2.8902394058000827,2.545967322413223,3.080413635741152,2.973377744646387
2023-09-04,2.9064886624075448,2.8822267781169706,2.5369606374535154,3.0717962675013624,2.9682815408599708
2023-09-05,2.8752151139540443,2.851115002226496,2.511119754086299,3.038738204106168,2.938455977763406
2023-09-06,2.869199795136436,2.844819243207274,2.5037811341064327,3.032373153722335,2.9306938103564173
2023-09-07,2.8506313687363107,2.826690572487617,2.4880626753247204,3.01267385681986,2.911457774402439
2023-09-08,2.8543323272839127,2.830285234464518,2.4892324938701638,3.0165987996301675,2.9111665811948244
2023-09-11,2.869058452417409,2.8444885949513066,2.5049848544938427,3.0321586908868126,2.921854831356621
2023-09-12,2.8590740291466834,2.834520626586925,2.4972706742024613,3.0214290242508612,2.902047464324892
2023-09-13,2.85287641022262,2.8284452517319045,2.4933942100960826,3.015003042706545,2.8985910085887507
2023-09-14,2.8875576100650973,2.862406501155271,2.526067972561242,3.0517704046231238,2.9285452653258957
2023-09-15,2.8711424024972114,2.846489311518675,2.513866699757319,3.0345532834671296,2.9008950326681813
2023-09-18,2.849577931964448,2.8251095639180632,2.493500594276044,3.0116678357532294,2.886479972804542
2023-09-19,2.8534629617177005,2.8293137799557204,2.498766225084031,3.0156510542437296,2.884323755063164
2023-09-20,2.8622200716038395,2.8382374726645003,2.508599669879335,3.025266608720589,2.8833728742882303
2023-09-21,2.811103863406896,2.7875914403317164,2.4637619701575795,2.970840873235125,2.8241431074678442
2023-09-22,2.8030245717481437,2.779674912061489,2.4546058240359296,2.9624218562507787,2.822785751613211
2023-09-25,2.7910672511464205,2.7680106923288643,2.442148162682974,2.9496305349785734,2.818620483206819
2023-09-26,2.7588407565792967,2.736075733956403,2.4175264869302993,2.9157310728463157,2.781076799651316
2023-09-27,2.7456153135567227,2.72262016492375,2.4008163208522317,2.9019990934511513,2.778154878281785
2023-09-28,2.76173900551128,2.738334139924971,2.4145629682301064,2.9192406226735614,2.800005927278899
2023-09-29,2.7790473978065404,2.755561127294414,2.431275613449753,2.9385393601347727,2.8120070208642165
2023-10-02,2.73724466921279,2.7142019169085554,2.3930358453031904,2.8943375363620922,2.782917419855883
2023-10-03,2.690870089343984,2.6685741560423373,2.3515320099005614,2.8451111970425242,2.7350847521347244
2023-10-04,2.700156285544374,2.6778110564687965,2.357631936180752,2.8548747358132474,2.7539202043530584
2023-10-05,2.7050982714104848,2.6827285874904607,2.3613727861002722,2.8602760684276243,2.7569053766721923
2023-10-06,2.7343143793827567,2.711330860633237,2.3861793471820967,2.8910603395561965,2.7904289868729624
2023-10-09,2.733465024889841,2.710121577611073,2.380701095927718,2.8904989167743493,2.7919699009400945
2023-10-10,2.7828244428651554,2.7591923451558267,2.4274835083797623,2.943412259850163,2.836810668611688
2023-10-11,2.790251001796509,2.766666816352997,2.4338017779503733,2.9512243284620987,2.8450768609275796
2023-10-12,2.774622908461141,2.7512875912403683,2.423298745960236,2.9344925479249144,2.8306547269151463
2023-10-13,2.736522806200216,2.7135324008215393,2.388276032187978,2.894535862822084,2.7880851296145126
2023-10-16,2.7612177684617127,2.7381620391732233,2.40947704044947,2.920707686354926,2.811840849580795
2023-10-17,2.769384297756068,2.7463240761008483,2.416289345437339,2.929311907359281,2.815031223876873
2023-10-18,2.7309970597358126,2.7082874620542396,2.3851264118316795,2.8884586001704924,2.769324828826445
2023-10-19,2.6966303943109895,2.6745300900666704,2.3556081559689295,2.8523279928015723,2.736032539404508
2023-10-20,2.6660480857900466,2.644399086973321,2.328728481079722,2.8199038616878034,2.7028689223996576
2023-10-23,2.658329810581901,2.6367000384272097,2.3226103176229183,2.8119207596823883,2.6992752063392484
2023-10-24,2.6796328463650214,2.657669373827374,2.3389030266022703,2.834225278022259,2.7222845761831977
2023-10-25,2.650045921015678,2.628701287070723,2.317183670215904,2.802427195218752,2.683694445656016
2023-10-26,2.639664387346958,2.61874758298207,2.308004761351154,2.7913170698810026,2.671114283820647
2023-10-27,2.625406877545048,2.604570040540034,2.29423637409868,2.7768849879260262,2.6629432601699663
2023-10-30,2.6507445082485708,2.6297755893203423,2.316655850868327,2.803490517823847,2.6816685962042874
2023-10-31,2.6771802345927895,2.6558986684098267,2.339378459645687,2.831591299935054,2.709614826245142
2023-11-01,2.6814009848146543,2.66027431120555,2.3406141824396762,2.836055489328433,2.7315559192199506
2023-11-02,2.7536365709929576,2.7311308701335384,2.404652078769664,2.912772037857748,2.797051425433566
2023-11-03,2.7968756065600022,2.7736073548358977,2.44062915038239,2.9581818415028915,2.8380770454883035
2023-11-06,2.789112948876031,2.7668269496635505,2.436757029244393,2.9504167371033287,2.83578085616621
2023-11-07,2.776455483335233,2.754037171924681,2.4201261435058745,2.9368611904643918,2.830866862000811
2023-11-08,2.777115976635073,2.7546810337353174,2.4201055177746587,2.937611229686411,2.836474123991896
2023-11-09,2.787132175998906,2.765345006282621,2.4298006387555526,2.9481140481258525,2.8409272586103045
2023-11-10,2.7854175293695334,2.7639020565551276,2.424914463440377,2.9466922495104315,2.8544791688354194
2023-11-13,2.792636327518091,2.7710957867033743,2.435211318474759,2.954262709679663,2.860894848744393
2023-11-14,2.8717302232875137,2.849217691841188,2.499709733018938,3.0375943134119883,2.9367938368285373
2023-11-15,2.9097207401589795,2.8871362464238874,2.537958610715456,3.077824639486369,2.9613805258600743
2023-11-16,2.887165309236669,2.8649088936948965,2.5191602855997837,3.054029341513331,2.9454268644736876
2023-11-17,2.914937903943361,2.8922493450171594,2.5443497564132707,3.0831890954377124,2.967499502468852
2023-11-20,2.9345160400235404,2.9115272909421672,2.5604181653857863,3.1034911806718433,2.9926277471424676
2023-11-21,2.9265434984318808,2.904029746011808,2.554522662895944,3.0958338571710318,2.988931895071267
2023-11-22,2.935505163384276,2.912925638146957,2.557336032548614,3.10533711107404,2.9960346169384042
2023-11-23,2.936647352758996,2.9140379173143924,2.5584785963614305,3.106839947882529,2.9992538423158996
2023-11-24,2.9483772716385954,2.925647360144924,2.569042736068262,3.1192757233281263,3.0050881747231926
2023-11-27,2.9499402705811626,2.9272319823095114,2.56963982841664,3.1204397977097282,3.007490672695785
2023-11-28,2.944674016929754,2.921835894584756,2.5669099605455497,3.114802134097467,2.9901239147358725
2023-11-29,2.9678106347189797,2.9444454206482784,2.5874392585969126,3.1380652159420737,3.0105839313159866
2023-11-30,2.9720337512499486,2.9487214857679307,2.590593357091359,3.143315839886502,3.0121908030031213
2023-12-01,3.001562209001941,2.9774925442633124,2.6146918291384207,3.174546060249988,3.0393494299473014
2023-12-04,2.9989112411031043,2.974535684136062,2.6128196321565693,3.1716087214460664,3.0254558147406874
2023-12-05,2.989321199376573,2.9652191524155045,2.6042375190411566,3.1615632814112944,3.0210849177083134
2023-12-06,2.9954319352575802,2.9713674640318786,2.609044422477142,3.1676878546585576,3.0206337423331564
2023-12-07,2.99816651798095,2.9737201237857653,2.6098133372123224,3.17049799864745,3.029851432902508
2023-12-08,3.016861352998779,2.991843713131293,2.624761534063097,3.1902751087246033,3.0500315632545125
2023-12-11,3.0275402308111454,3.002627766541853,2.6305107020892255,3.2015711049764444,3.068526509618724
2023-12-12,3.0313215287139847,3.0065603277897344,2.6326135763246215,3.2056656813119577,3.0833027858108184
2023-12-13,3.055935080274246,3.0304955780535665,2.6474433725584436,3.23120096028857,3.112582109544583
2023-12-14,3.130051778882488,3.1036967559968605,2.7142600705689244,3.3090690259851754,3.1704498475932494
2023-12-15,3.1238128287957667,3.097532117396364,2.7099287921745034,3.3026118072645856,3.170265746808123
2023-12-18,3.116374786927082,3.089627651076222,2.7004159668013368,3.295405642391683,3.1683830956731107
2023-12-19,3.1441301859126956,3.1167189403961104,2.7246942818795405,3.324372629607549,3.1920555705530904
2023-12-20,3.122796606579162,3.096040468007106,2.711127492508095,3.302208994757612,3.146895836423174
2023-12-21,3.140684666153624,3.1134443312918165,2.724043513116312,3.320758316222222,3.1706200864960423
2023-12-22,3.154994197030953,3.128117214043707,2.7364949370564977,3.33607614430224,3.187072680406978
2023-12-25,3.154994197030953,3.128117214043707,2.7364949370564977,3.33607614430224,3.187072680406978
2023-12-26,3.1634453569675594,3.1364581246731005,2.742964882808641,3.3448835102090713,3.1991142532047094
2023-12-27,3.1786812333513654,3.151495904152011,2.75691819470077,3.360879406905541,3.214787219876118
2023-12-28,3.1864308393713507,3.158956633262647,2.762471568417276,3.368860030663969,3.2199523758923805
2023-12-29,3.1713685178770636,3.1441123125429646,2.749511103102927,3.353655226758355,3.203773729237414
2024-01-01,3.171368517877006,3.144112312542879,2.749511103102914,3.353655226758355,3.203773729237414
2024-01-02,3.150787073859854,3.1241141844303013,2.734544372353423,3.331890784400595,3.168996199374785
2024-01-03,3.1036456235163112,3.0774843571528105,2.6934384830438938,3.2817011884586584,3.117955162538267
2024-01-04,3.121595960582722,3.0954576287980387,2.712927987036461,3.300697265077106,3.127429500823338
2024-01-05,3.1130685857533447,3.0872705787908004,2.704374145179559,3.291467646357926,3.1211001452038816
2024-01-08,3.1450098774336532,3.118668334310745,2.728698406160865,3.325690628119631,3.1698225237534614
2024-01-09,3.134431430726828,3.1080505034018384,2.7197424452704317,3.3144153151574134,3.1664969798360527
2024-01-10,3.136082018385288,3.1088749063396817,2.717808579948329,3.316458569688008,3.1737851821027028
2024-01-11,3.1272570102871295,3.1002437513492622,2.707981272320426,3.3068900926494513,3.17224317596895
2024-01-12,3.1332561100342557,3.1063529545840542,2.714543618855431,3.312959932763569,3.1768483794573297
2024-01-15,3.1245980692431146,3.0978403289333127,2.7073528728513097,3.303603086774317,3.1694172479670963
2024-01-16,3.0982025413445577,3.07147217047991,2.6837196426741325,3.2752292091185087,3.1584524564301595
2024-01-17,3.065122884594526,3.0385790208104035,2.654517728219909,3.2395405435179887,3.131954583581728
2024-01-18,3.081017869200365,3.0542829691358,2.6671424449252563,3.2565816971186567,3.158938682865214
2024-01-19,3.0901150551558527,3.063245878573233,2.6732576511724337,3.265824917633729,3.183640037076169
2024-01-22,3.114780490255534,3.0874203632664057,2.6917916441089584,3.2921123526617975,3.208287250659627
2024-01-23,3.110302692044297,3.0829853990445795,2.688073482110406,3.2880046088617285,3.201068616657679
2024-01-24,3.123182507661873,3.0961140066363364,2.7031307236607294,3.301944734929602,3.2172446825493397
2024-01-25,3.1364086714201673,3.1097241376469267,2.7112091449544007,3.315774381261356,3.2339509351903235
2024-01-26,3.149402163295829,3.1226714014396557,2.7250734584906957,3.3304068888717504,3.237679613103707
2024-01-29,3.150337534170482,3.123178606652215,2.720232283337294,3.3314738294059767,3.248712839380127
2024-01-30,3.1574431769033167,3.130417328228469,2.7259813547769305,3.3388339379569123,3.256826160687273
2024-01-31,3.140440152547231,3.1138030875325002,2.713422468859888,3.3213628962594908,3.229737343031946
2024-02-01,3.14640795031178,3.119890617260758,2.7116274661959907,3.3276745026282613,3.249801912944099
2024-02-02,3.1594447044672216,3.132568411872043,2.7218399883736804,3.341542816696858,3.274923633489125
2024-02-05,3.115137355322136,3.08862603890613,2.682281040404337,3.2945688104523696,3.252923839802515
2024-02-06,3.134440279045819,3.1065604777622275,2.6990765542225224,3.315127393266633,3.2599964419489913
2024-02-07,3.143328764932941,3.114937862417723,2.701665225567329,3.324154446811048,3.2885162550091835
2024-02-08,3.1455400988687723,3.116499202347517,2.6973243736610577,3.326438514047078,3.2986832005992857
2024-02-09,3.1487559521340858,3.119503224501824,2.6967990063875646,3.3291018420024474,3.319378430682016
2024-02-12,3.172209916494039,3.1427124486880986,2.717078484652027,3.3547192252045677,3.3270825856455635
2024-02-13,3.1325169751501156,3.1036345305229003,2.6873024287053244,3.3135001195098748,3.2837854927550594
2024-02-14,3.144822867195116,3.115288928538795,2.6953315576709844,3.325937310415483,3.3094355362458563
2024-02-15,3.1794472174456083,3.149690373275325,2.7191331445045384,3.3623828480550486,3.3344096447344027
2024-02-16,3.18756510067113,3.1575213284509087,2.7323971129729117,3.3715734842069707,3.337418085416066
2024-02-19,3.1906351281855754,3.1606190091971262,2.7359211424683765,3.375401303654335,3.339557194380172
2024-02-20,3.18544359341146,3.1559667130103595,2.7356435223398647,3.370537598194454,3.3183619938898303
2024-02-21,3.1919259935189066,3.16303954717911,2.7436038675557923,3.3777147339955857,3.3168821430377236
2024-02-22,3.228784376953088,3.1991854429976816,2.7708494410572087,3.415838393573087,3.394250120341419
2024-02-23,3.2370175885870682,3.206494274650329,2.7785382501584017,3.424533505500141,3.398059500791845
2024-02-26,3.2301138931745945,3.199493724031782,2.7680034743781268,3.416320445969168,3.3992990803242336
2024-02-27,3.2403231430378705,3.208509419217688,2.7742085460521717,3.4271983189244657,3.4056539801816568
2024-02-28,3.227289817487718,3.195549804883512,2.7609064753998647,3.4127594713797476,3.3936357551529452
2024-02-29,3.2399518325141146,3.207987590155065,2.771981322254065,3.425957554972679,3.4144631805376497
2024-03-01,3.262302471572719,3.230055261908023,2.7901643823811213,3.4495913448250017,3.453560034703024
2024-03-04,3.266253202985201,3.23417455932163,2.7942422011369046,3.4538097188822197,3.4666035444663534
2024-03-05,3.2553491402436316,3.223790186780644,2.7897158653441085,3.442343716504291,3.4429899078662936
2024-03-06,3.279903726005025,3.2473954983655204,2.8114410493630713,3.46839605118047,3.4745667628966466
2024-03-07,3.306415142414135,3.2735397660087253,2.8376599721100693,3.496471848772477,3.5173253341690183
2024-03-08,3.315420190043767,3.282384416102273,2.847747742873278,3.5062365403657947,3.49374920525205
2024-03-11,3.3111354861169313,3.278263708340313,2.8458021894346737,3.5019591727131973,3.471668779622015
2024-03-12,3.329990785749959,3.2971367219544807,2.860857191850429,3.5221282434576935,3.5139985396276763
2024-03-13,3.3383203194442257,3.3052019620058277,2.8715216458414914,3.5308784929701806,3.5076205525141004
2024-03-14,3.318351029267155,3.2859299458796944,2.8562447454706605,3.509810929671711,3.482940558327898
2024-03-15,3.309194773296008,3.2771332086477245,2.8486521108184855,3.500313265827355,3.468231714177833
2024-03-18,3.3093840790607896,3.277222291515538,2.8483072301484373,3.501009383522828,3.4734679007770133
2024-03-19,3.3159467672867304,3.2837206642536003,2.8526443056015625,3.507914991304288,3.483204346903443
2024-03-20,3.3324476261353784,3.299465909726677,2.8613928386015517,3.525538822920117,3.5022509697090234
2024-03-21,3.375357936087312,3.3420091530876372,2.898991566920642,3.570770306764201,3.5545678498643385
2024-03-22,3.3546513209115196,3.3215596248028123,2.8828965084011315,3.5488650541650952,3.5415981064578173
2024-03-25,3.3550502475176103,3.321803135586046,2.882133238635991,3.548839302550248,3.5342056529894483
2024-03-26,3.3633781531579348,3.3301307817837107,2.8908815966110804,3.5578009868396134,3.534543153712336
2024-03-27,3.38566265373764,3.35219382667633,2.904899044346733,3.5817182271734516,3.5485588783250392
2024-03-28,3.3967641722747755,3.3634994308774355,2.9139561885824823,3.5932977918843294,3.555840359621194
2024-03-29,3.3967641722747755,3.3634994308774355,2.9139561885824823,3.5932977918843294,3.555840359621194
2024-04-01,3.3884371938260585,3.355337166703856,2.908877132940876,3.5844890221978316,3.5487275426074683
2024-04-02,3.35084350973146,3.318281487698667,2.8773755580918543,3.544719997780776,3.506990801514001
2024-04-03,3.3647588981414946,3.332093173263819,2.8903166384769237,3.55927077318982,3.5211173220453253
2024-04-04,3.367082586837063,3.334559197122899,2.8987310098402617,3.561636187514849,3.4988536756140864
2024-04-05,3.361375902555493,3.3287168364193827,2.886886147029543,3.555793960293169,3.513324440535252
2024-04-08,3.375798867435739,3.343055185247736,2.8985110150939475,3.57129802966447,3.522722793009153
2024-04-09,3.3774506176757084,3.3448561884780106,2.905338333827773,3.573230304847219,3.515336615597615
2024-04-10,3.3536648288118096,3.321353685096669,2.8877197797492724,3.5477806420238376,3.488799472655369
2024-04-11,3.322321937424502,3.2897824999676795,2.854831155998879,3.5152195208743975,3.4796230512551554
2024-04-12,3.2844190052326727,3.2524199828538864,2.8266737437611584,3.4754052492253757,3.431258193324953
2024-04-15,3.2723641997179933,3.2410387514197088,2.8209569364117253,3.4628407373575354,3.4104228976415394
2024-04-16,3.2335535823142365,3.2023912844779914,2.784557923663759,3.4223377050342365,3.3860983714823965
2024-04-17,3.232554116353871,3.201515790507036,2.7855978767793643,3.421252282061686,3.362149913357634
2024-04-18,3.2472534385478165,3.2159333023764467,2.8038297793322213,3.4366820894252137,3.3609559028469476
2024-04-19,3.2435830064135285,3.2126002248207524,2.801116384420833,3.432815243375433,3.323312363069781
2024-04-22,3.2645035828391644,3.233141995103681,2.819437441250398,3.455254409666805,3.349356468523812
2024-04-23,3.304958565565029,3.2730001796763624,2.8523512827595026,3.4989975800887616,3.402546216671447
2024-04-24,3.301238369385564,3.269192062136925,2.8484659356050246,3.4951763093863972,3.402110333122716
2024-04-25,3.2918722544663175,3.259616617765125,2.841845282120892,3.484687363636621,3.3998214945083216
2024-04-26,3.3136770676239746,3.2808096709229706,2.863465973431588,3.5082148044359767,3.433742175304679
2024-04-29,3.3372244118992462,3.30428767847249,2.8829487694980296,3.532977573449528,3.452795223035481
2024-04-30,3.3038124942690685,3.271199646808492,2.8555334638816907,3.4974452710124972,3.414610138906608
2024-05-01,3.298036587696346,3.2650793437049415,2.85021118033882,3.4913308449778535,3.391343091053012
2024-05-02,3.309574265032152,3.275194846594241,2.8566139404940696,3.5034792863304034,3.4069396860232284
2024-05-03,3.3420020323974553,3.3069556224109733,2.8838711216136153,3.537903308831043,3.4508027267674355
2024-05-06,3.3725638427925393,3.3369016535191514,2.9076391971374367,3.57042680504165,3.494679399215426
2024-05-07,3.390252167778711,3.3553580360877726,2.9254123876110265,3.5895989358564178,3.501657184527137
2024-05-08,3.3902425586563654,3.3559535266717546,2.927084264420602,3.589630255641547,3.4993606952056537
2024-05-09,3.409707677655483,3.3750286245423027,2.9427553952857526,3.610125701841949,3.5149843726607357
2024-05-10,3.4336639787507766,3.3990583690279386,2.9681083244276643,3.6353349666822803,3.5398368814077643
2024-05-13,3.436461193760798,3.4016903891802808,2.9722136497023106,3.638513210667207,3.535000998873821
2024-05-14,3.4542137639527044,3.419002054468464,2.987949176393661,3.6571782926784824,3.553211628922297
2024-05-15,3.48876854201493,3.453031607753903,3.015743828608782,3.6933995662952928,3.6030328385216306
2024-05-16,3.4923123848659303,3.4566604358566093,3.0227093765055155,3.697513912552663,3.599685722813833
2024-05-17,3.48802799910534,3.4521700288887787,3.0178902551430697,3.693310363993861,3.5916713748323397
2024-05-20,3.498243955460555,3.4619690410713355,3.0254094576010604,3.7039877101718917,3.6130852926494956
2024-05-21,3.4936846598442224,3.4577752105684296,3.0212670753088444,3.6992573855875137,3.6114647395407182
2024-05-22,3.478136220933519,3.442233031118107,3.005190266620456,3.6826399518576056,3.6000517761974677
2024-05-23,3.4588595686229535,3.423393163002485,2.9896880363781166,3.662067895216155,3.599660213604215
2024-05-24,3.466648034403754,3.431012287659398,2.9922807582245285,3.6699938228444453,3.6194137057504836
2024-05-27,3.4763293934775796,3.440604704361027,3.0027981519915117,3.680267446142437,3.6258173449165456
2024-05-28,3.4643548424851938,3.4289568218514974,2.99555079550912,3.6670976545188143,3.6286340829466224
2024-05-29,3.4189004327125203,3.383637778305942,2.9543052859070267,3.6190786898876888,3.587456591428169
2024-05-30,3.4325332174542953,3.397567572202635,2.9642662674736537,3.633595805162506,3.5776161104566575
2024-05-31,3.4607833866569226,3.4256921527601976,2.9907093254352124,3.6649626415030254,3.5997498184692724
2024-06-03,3.4607789211209345,3.425705432221837,2.9937987584187935,3.6649579125093976,3.603896372195692
2024-06-04,3.4476502503084356,3.412320600082006,2.9818824037459355,3.6510469374331844,3.592469730597092
2024-06-05,3.4688444217589187,3.432952433638482,2.9990191482901016,3.673575208051682,3.643237635478416
2024-06-06,3.4711246855232596,3.4350874111899072,3.0040612318207254,3.6760117541149544,3.6386629615313253
2024-06-07,3.4627471082152312,3.4268291979573013,2.997531135873416,3.6672299156919124,3.634390225857638
2024-06-10,3.4372115606795473,3.4013761558439644,2.970179752539172,3.640517678917572,3.622495443945426
2024-06-11,3.410509684704655,3.3747107052176,2.940678604221322,3.611884057342514,3.6069160636968745
2024-06-12,3.4486013745089967,3.4119803593522784,2.9709779566718355,3.6520549794407176,3.659594250154187
2024-06-13,3.420380119565404,3.3842987013605095,2.946588649650928,3.6218486417819613,3.653888102932141
2024-06-14,3.371477037882886,3.335725393154736,2.90048402457453,3.569557300652303,3.6161101168522087
2024-06-17,3.388551028349285,3.3520525135655737,2.911475933707099,3.587614009722672,3.6374213298798743
2024-06-18,3.4096779986161376,3.3729142516580892,2.9332696501341236,3.6101056236204556,3.663775776857629
2024-06-19,3.4131136977478764,3.3763679764140377,2.934989050111533,3.6138455413712856,3.6651527756510656
2024-06-20,3.4283467881740446,3.39178258953942,2.9497974314450555,3.6311336077975995,3.6660371403867447
2024-06-21,3.4127281479933105,3.3764258860793173,2.9317560520580916,3.614395057566388,3.646469802854933
2024-06-24,3.44155837478238,3.4049028151856624,2.9590740065341237,3.6461209240570542,3.6451421998457056
2024-06-25,3.41861205534342,3.3816664979502233,2.939604049546298,3.6211278514438994,3.6505658392418456
2024-06-26,3.396669582074642,3.3600115117840113,2.9190614478838177,3.5978752100404066,3.632940768778854
2024-06-27,3.3956703719380963,3.358551867614068,2.914599026720073,3.59649438391828,3.6295266595987092
2024-06-28,3.391452660573616,3.3545604955139865,2.911198547063009,3.591863255636393,3.622532536484986
2024-07-01,3.396564783456568,3.359523322999921,2.9216235756760165,3.5972774684175506,3.6210448997611033
2024-07-02,3.3913165735989432,3.35417262666823,2.913284039660569,3.5919059235329494,3.624211556715647
2024-07-03,3.4194085203193896,3.382092220234261,2.9400234281810143,3.62151784510942,3.6616708960688404
2024-07-04,3.4404803303089375,3.4030230072982435,2.962040090603302,3.6436387908883265,3.6783730212530505
2024-07-05,3.44400106616042,3.4061939534211865,2.966117967930236,3.647241680849087,3.680780493858089
2024-07-08,3.448410031422953,3.410641733350771,2.970939228152845,3.652066584517465,3.6914953720565022
2024-07-09,3.4263575383329488,3.388817125695522,2.949412957093526,3.628989217438711,3.6800068457850976
2024-07-10,3.459981196256859,3.422160663430227,2.979906108111529,3.6644177465759156,3.723034791140252
2024-07-11,3.4986352663949005,3.460558295484927,3.0110276907660594,3.705804425374085,3.732333981792744
2024-07-12,3.530643512992097,3.4919885713342986,3.039097583618635,3.739934970199681,3.773033324680147
2024-07-15,3.5186381336321713,3.4796134253111632,3.022642374548019,3.727551099509276,3.7637122902821867
2024-07-16,3.5419858776123028,3.502595068871423,3.0349004567628017,3.752482102068839,3.784255714669346
2024-07-17,3.535243317503176,3.49645168379985,3.0354079648210286,3.7456153624658213,3.7188793854219186
2024-07-18,3.5273935820493927,3.4889850376597136,3.030936053167934,3.737069863447623,3.7101060023324055
2024-07-19,3.4932029838202006,3.4553734764111765,3.0006438907757667,3.701323764484886,3.6698178989278016
2024-07-22,3.5229764070382052,3.485128418454899,3.027337877933985,3.733183146134578,3.723331201173592
2024-07-23,3.509546803932531,3.4715443027967208,3.0150710413229387,3.7191926371161066,3.7154025976912948
2024-07-24,3.4788974222155153,3.4419222020871985,2.9940469321501366,3.686777571113923,3.641377538714586
2024-07-25,3.465966092985681,3.4290822228159006,2.9837239491436773,3.6723757634956273,3.61544993033117
2024-07-26,3.5087943918301954,3.4712302253060017,3.016426831008974,3.7175324680940767,3.663313810681959
2024-07-29,3.501892346158204,3.4644166459741306,3.0102766009052817,3.710355335905018,3.6571150303039
2024-07-30,3.5200355407055843,3.4827572056083747,3.0240574993069043,3.728464962530975,3.6488330307849104
2024-07-31,3.5401533280449047,3.502611975711824,3.0393825477286347,3.7515483603888184,3.7178194727104854
2024-08-01,3.49147150078624,3.4541864772448103,2.9955152380891663,3.6999595696474206,3.6433982837416234
2024-08-02,3.419813791833795,3.383572929441501,2.9364505599106945,3.6230439844133984,3.5577203938044315
2024-08-05,3.357905288623285,3.3224842751740513,2.8844277022075193,3.5576253800275195,3.48328058859951
2024-08-06,3.3685081609064187,3.332258458503467,2.8908118929521267,3.5693416802105915,3.5120941416518874
2024-08-07,3.392787909970626,3.3564651786954847,2.9136142511632004,3.5950769282207315,3.5168166126660596
2024-08-08,3.420437049025204,3.3831764961848476,2.9309834003158355,3.6257900228820135,3.5763546809279596
2024-08-09,3.4310479436676395,3.3936739763831443,2.937976069034948,3.6371580028107706,3.59258621915514
2024-08-12,3.4301501244297903,3.3933279801243477,2.937885686023737,3.6363954556743816,3.6053884335750155
2024-08-13,3.4601624499369574,3.422263265179039,2.961414866304572,3.6687722177120463,3.65665722100115
2024-08-14,3.4913203778015665,3.453237002525325,2.9912152412844932,3.7014517625520686,3.687058059386229
2024-08-15,3.529899297020631,3.4911265017349007,3.0228618558717653,3.7436695431165803,3.741786473854386
2024-08-16,3.5388495242743385,3.4998673354310488,3.030890960351017,3.753100380326402,3.750085310563096
2024-08-19,3.572074103163864,3.532793290517948,3.0620433383793033,3.7887871663463946,3.7940208738654713
2024-08-20,3.5639752219208836,3.5247538256605404,3.0550849195146665,3.7798624086418475,3.7822976391784415
2024-08-21,3.589059292263742,3.5492520017484948,3.0740447401250544,3.8069618562331695,3.811189889982857
2024-08-22,3.5934217268228044,3.553774985463401,3.0784251982992856,3.811157892990002,3.7927040589915135
2024-08-23,3.6268814423533775,3.586660254225475,3.1072897875090058,3.8472796381440557,3.835943243303481
2024-08-26,3.634113363483181,3.5940912169469117,3.115931226031618,3.85481680054385,3.8248981974416005
2024-08-27,3.6369944939768346,3.5969663289177207,3.120327666078382,3.8578037931865437,3.8332704027884716
2024-08-28,3.6284630693989923,3.5888187386319568,3.1129811590169205,3.848505213196863,3.8173803758484404
2024-08-29,3.640171418276983,3.6003929108515695,3.1226843154062505,3.8612081756212486,3.8147315035558162
2024-08-30,3.6605249338269092,3.620404139777021,3.1392903546975464,3.8831420838664426,3.842002227975663
2024-09-02,3.653257195866029,3.6131462552854523,3.1325055552541587,3.875432353802938,3.833064866228167
2024-09-03,3.6027210958825036,3.5631733052025236,3.091079292551985,3.8218696517404704,3.741361355905832
2024-09-04,3.5913387921913245,3.551707132592915,3.080981489317844,3.8096659084959033,3.7298565265334696
2024-09-05,3.5894450917671867,3.549390572881556,3.0871658311916144,3.8076032491922365,3.718437420423047
2024-09-06,3.5509546336824833,3.5115455046761466,3.052984638166333,3.7661654331831937,3.6692740843720877
2024-09-09,3.5710829197785157,3.5312372336515385,3.0659658366606224,3.7876263684482616,3.707083317458505
2024-09-10,3.5632012859498494,3.5234844078223464,3.0554086400566485,3.7788546914761136,3.71448688376858
2024-09-11,3.565495485705261,3.5255656329434766,3.0578239709857717,3.782044542413751,3.7475687626837884
2024-09-12,3.585855391416727,3.5453575332905265,3.072865281091431,3.8040315281822905,3.7781276172347495
2024-09-13,3.634346501384102,3.5930871482720317,3.1147094566274367,3.855792236285373,3.8207075584262755
2024-09-16,3.654690824633154,3.612396154222006,3.1317013910050173,3.877112294314624,3.831784471913736
2024-09-17,3.6728711210750937,3.630494090074382,3.1482260795098425,3.896907343594711,3.8381290374176262
2024-09-18,3.660931424342948,3.618553954221895,3.137979060193599,3.8843623767812785,3.8157174833044984
2024-09-19,3.714729790423502,3.671642989413034,3.1833765313841247,3.942333946510916,3.8938531165844594
2024-09-20,3.6843893649240393,3.640988759067729,3.155765659979774,3.909688745587393,3.8625985480026825
2024-09-23,3.691884283535216,3.648543274073648,3.160101709017124,3.91733293161586,3.8709256130200758
2024-09-24,3.706888000385104,3.663714381145513,3.17925479775681,3.9337106849053227,3.8881504278952987
2024-09-25,3.7083353988901977,3.6650615382169223,3.1818390882603174,3.935121071106805,3.899398632273093
2024-09-26,3.7416482505463375,3.6984512943741303,3.210893954771424,3.971030623597463,3.9282598178148005
2024-09-27,3.762749175469078,3.7190782303274434,3.229440193202704,3.9938891345962224,3.931909221481359
2024-09-30,3.750104500196258,3.7070079486177585,3.215525007207372,3.980963270723292,3.928867402267164
2024-10-01,3.7130240356092057,3.6703402195343697,3.1808137109604417,3.9416001096234616,3.885196824315106
2024-10-02,3.704620323769745,3.661863290905541,3.1716178256217438,3.9326213762075755,3.8912644254743367
2024-10-03,3.6710042095888302,3.6282738037334066,3.138755759128957,3.8966364211885063,3.87574677230079
2024-10-04,3.6982668101254825,3.6550726978521624,3.1639302838004446,3.9254926164725807,3.903583788088416
2024-10-07,3.671652911202947,3.628874544667101,3.145443517280449,3.897336922305675,3.881485488832825
2024-10-08,3.668175667172328,3.6246327182742792,3.13825077075778,3.8940244229774392,3.901276567154861
2024-10-09,3.6892460924369246,3.64521754262133,3.158573677762654,3.9162097192643817,3.9227356207287305
2024-10-10,3.670825529498133,3.6267019532131974,3.1429151893843685,3.896447217045475,3.9051175451710334
2024-10-11,3.7006374300150218,3.6562424535812856,3.1650763247914635,3.9278061079280597,3.938210953119743
2024-10-14,3.7143137202405905,3.669933574714034,3.173202502611286,3.9422059347028835,3.9654520065612653
2024-10-15,3.7042857723559117,3.6599756676423207,3.162080183204186,3.932094839222394,3.9224626311105655
2024-10-16,3.7186090799601357,3.674327854112771,3.1711461437448283,3.946761032405177,3.9389766097523076
2024-10-17,3.7193880555997043,3.6750325534505945,3.1692144123393353,3.9475410772033332,3.9465279752993445
2024-10-18,3.727876949456623,3.683442258300363,3.1740587958419084,3.956905887277628,3.95703288327609
2024-10-21,3.699110425625762,3.6549133663945144,3.148931127557692,3.9259230445724764,3.9447780813026077
2024-10-22,3.6819981364105523,3.6377655905105892,3.134868413229812,3.9075983670214676,3.9245961648153247
2024-10-23,3.661757467420447,3.61774064466672,3.114993085993774,3.886064129959228,3.8935731413063213
2024-10-24,3.667265487558501,3.62328135288705,3.118327127768109,3.892142056589431,3.9044601676102557
2024-10-25,3.6640033927112783,3.619805475427425,3.1169652357744635,3.8896295306327,3.904893712453399
2024-10-28,3.6820797150592,3.637659652705763,3.1306195829153203,3.9090898964893452,3.917646007860937
2024-10-29,3.6582535354212267,3.6137450247684835,3.1079116764866868,3.883078285889013,3.909297321441192
2024-10-30,3.6442388154541505,3.5999925963339336,3.094963102089763,3.868347846883758,3.8858566937028076
2024-10-31,3.615142065072778,3.5706800273410715,3.0745161173870397,3.837814203334084,3.8358854889564573
2024-11-01,3.6319147031414025,3.5874473666384374,3.0927316863873315,3.8556199402729106,3.8583320395738374
2024-11-04,3.6339093104662403,3.589686577962497,3.094400039509443,3.8577627748248964,3.8598592335938626
2024-11-05,3.65863519691236,3.6131295929809126,3.109902763908284,3.8842584012615413,3.9010473071550074
2024-11-06,3.6517398944600887,3.6052434490452194,3.079166745858973,3.8764056719031403,3.936067484806393
2024-11-07,3.6938737799735653,3.6468407704024033,3.119506908591846,3.922709944292648,3.9856829895205363
2024-11-08,3.6947401829769744,3.6476464459220237,3.111298518254677,3.922968088871119,4.00072890668552
2024-11-11,3.7021560014655597,3.6544738335720983,3.1122891579874605,3.9294501268796,4.003917451418918
2024-11-12,3.6488063603916125,3.6019269236065923,3.0615374346382933,3.8718535447028817,3.9689496243745297
2024-11-13,3.638101595257448,3.591464512411569,3.053942109046444,3.8605445805102128,3.951857297040339
2024-11-14,3.629011706262741,3.5825875200578996,3.0535070106526176,3.8523096361924316,3.933754550204184
2024-11-15,3.616775344493589,3.5704482163451616,3.0474400182789583,3.8395233361799956,3.886621370295055
2024-11-18,3.6196492417106114,3.5737339819125835,3.0475328937491786,3.842000234200964,3.887127534651235
2024-11-19,3.613416958588087,3.5672118834231634,3.035802450773969,3.835202956290939,3.902812239797771
2024-11-20,3.612012974670989,3.5660682624971396,3.033335516105139,3.833227136648933,3.905312834809768
2024-11-21,3.633857898901576,3.5874927179534133,3.0480607640409563,3.8555697698506988,3.9384999727483203
2024-11-22,3.650051102953655,3.6029661743159958,3.0558809498023867,3.872280755954068,3.9605422969439763
2024-11-25,3.688900224235083,3.641329380265479,3.0888551945569627,3.91526215927572,3.980222138485664
2024-11-26,3.6765344571705763,3.629004987644569,3.076817494973917,3.901484335456371,3.976881987481443
2024-11-27,3.677689032792552,3.630278066056816,3.0784533482282264,3.9034026716881822,3.967306527479368
2024-11-28,3.6884758015744907,3.6410656396614147,3.08961550688302,3.915500115032235,3.976331847954318
2024-11-29,3.7042619704391693,3.6565861311996346,3.104562176104879,3.932636849849834,4.001215062535582
2024-12-02,3.697656228978676,3.6501046670731263,3.0968412461420907,3.9256238517154047,3.999500257588174
2024-12-03,3.6972625945898607,3.6493832199784397,3.098740714663212,3.9252286216857253,4.008823251581088
2024-12-04,3.7085191401304574,3.6604521880406957,3.1080055360590246,3.9369523867029477,4.031304260709079
2024-12-05,3.7213853176262597,3.6733453915668077,3.1232666096169597,3.95050847218088,4.028940351716931
2024-12-06,3.732088913838659,3.68352067105501,3.1327835586634056,3.9613224577897954,4.035135345204493
2024-12-09,3.7207931263432963,3.672990351748958,3.1305261360833083,3.9495988707503358,3.99805827163389
2024-12-10,3.6988978614764534,3.6515007326808684,3.1113491199495975,3.926594098120472,3.9720058803573473
2024-12-11,3.7030263116249214,3.65507120840915,3.111791592534955,3.9305147960346334,3.9967456620898094
2024-12-12,3.690603862601708,3.642732807417195,3.102184156966281,3.917394653526971,3.9782660624410346
2024-12-13,3.679424670632364,3.6314481968246697,3.0949771472339487,3.9053169632033353,3.9657365389968047
2024-12-16,3.66199940243926,3.6138290539836224,3.078352864862965,3.8862466110591956,3.9624399129383767
2024-12-17,3.6348077675627897,3.5871162616663717,3.057074646899777,3.8574050143138034,3.9298150079866416
2024-12-18,3.5894047226683203,3.542973639596781,3.029379189955612,3.808800605008505,3.860020624633699
2024-12-19,3.5407235366050127,3.4945213896016507,2.982464319031999,3.7581390538427333,3.8202984427135385
2024-12-20,3.557534586865452,3.5107256549676045,2.9933795907671334,3.777005791006825,3.85048868971815
2024-12-23,3.5615904119763413,3.5148032985984936,2.9979521476397766,3.781614407479383,3.8710125928976287
2024-12-24,3.579876669806079,3.5326437663547474,3.011572195407146,3.800894577485559,3.8986640592674062
2024-12-25,3.579876669806079,3.5326437663547474,3.011572195407146,3.800894577485559,3.8986640592674062
2024-12-26,3.5813769213119775,3.534142034480951,3.0127898569821805,3.802480031091909,3.897725331861929
2024-12-27,3.5862702664973862,3.539505531830839,3.0223358390841244,3.807604075428976,3.8824938485083966
2024-12-30,3.5660258864402015,3.5196483381939387,3.008716169347287,3.785923503440092,3.8531391866234324
2024-12-31,3.565747961094373,3.5196442839191233,3.0092512711223223,3.786066691109624,3.839867861486787
2025-01-01,3.5657479610943104,3.519644283919185,3.0092512711223076,3.786066691109624,3.839867861486787
2025-01-02,3.5641411374335825,3.518172492729942,3.0066955623153095,3.784360585796802,3.84690055577381
2025-01-03,3.5688350744150767,3.522584448769081,3.004191680614047,3.7892153144246983,3.879051729049493
2025-01-06,3.606375729590641,3.559669745955739,3.0412817878754166,3.8293770256576294,3.9226885379713945
2025-01-07,3.5964083697101774,3.550160755045386,3.0367322655367412,3.8189348650043504,3.8895109906283087
2025-01-08,3.5647252037892847,3.5187464504022974,3.006468736654168,3.785571777961221,3.8736653556991354
2025-01-09,3.57137296058844,3.525586257925517,3.0159662987594014,3.792551884356484,3.879744227082613
2025-01-10,3.5291071748232636,3.4839455776915096,2.983335388696353,3.747064167788191,3.8245555950661054
2025-01-13,3.511241652486377,3.4664557670899216,2.964860198566412,3.7281209937566415,3.807246656683214
2025-01-14,3.5354836323737664,3.49045757814114,2.9835941464653337,3.753632856346261,3.828517562570695
2025-01-15,3.594923106724654,3.548669983977744,3.0348256948058703,3.817431985209779,3.8978649901910005
2025-01-16,3.615456538288502,3.568312062120814,3.049495830815567,3.839382874754233,3.91807857977186
2025-01-17,3.648200662211958,3.600632640881879,3.0797050513606283,3.874322349380003,3.9573536463276326
2025-01-20,3.655494987605455,3.6077945052032017,3.08723503508096,3.8821022439171076,3.9638934906321435
2025-01-21,3.6923044700947374,3.644034318364287,3.114943613945685,3.921226135384282,4.011632130231858
2025-01-22,3.7074908029025626,3.658993011622866,3.1262629872432903,3.936694284750982,4.052966716187396
2025-01-23,3.715845057448933,3.667000722361267,3.135088321649745,3.9450587369227335,4.0566527778441195
2025-01-24,3.725419159802451,3.67655333382537,3.1468155048566095,3.95583372707595,4.050326650923431
2025-01-27,3.728990912129897,3.680121340314324,3.1557630420940876,3.963764381724134,3.953703819513724
2025-01-28,3.715067126579851,3.665635504757092,3.139590045484996,3.9491032813596236,3.971213087971803
2025-01-29,3.7124451796300706,3.6631781467582107,3.140476201382812,3.9464035533780075,3.9577717204097
2025-01-30,3.7532470273079457,3.7037382071693896,3.172576356757914,3.989970466976778,4.002249236402664
2025-01-31,3.7408763291877487,3.6912978943406074,3.1621462563267144,3.977153023307035,3.981161891424995
2025-02-03,3.686867252044531,3.637762742972183,3.112928249767955,3.9197326903304486,3.928169924969514
2025-02-04,3.7059969342220938,3.655980321854795,3.127612033041294,3.940259418849072,3.9489807462278823
2025-02-05,3.743230808226009,3.6927046037747377,3.1582829532383445,3.9798144622001357,3.998920544255896
2025-02-06,3.7513869651370753,3.7001311146303033,3.170919741035616,3.9886448419080187,4.0102374861514125
2025-02-07,3.7393211250690523,3.688024853690082,3.1604269616570835,3.975586215267647,3.9934105051168416
2025-02-10,3.7493872624192743,3.6975763900253673,3.165660942780151,3.98605728561942,4.0147463325598585
2025-02-11,3.7512005073676606,3.6995459849579464,3.1686871318665375,3.9880896949954305,4.006830314361293
2025-02-12,3.7544280796144314,3.7024003352835844,3.1769329269286977,3.991182208987587,3.991834999213704
2025-02-13,3.795477881293561,3.7438055106386905,3.211524633642521,4.034729508370547,4.034466148648509
2025-02-14,3.812207961418759,3.760492136081316,3.223049547450655,4.052053435858633,4.0542021440079905
2025-02-17,3.8230068703030704,3.771375248110063,3.2314536118913297,4.063251578303729,4.066554715792969
2025-02-18,3.835702013307701,3.7837654425172786,3.238617873669669,4.076206597004826,4.07792227872377
2025-02-19,3.8121972053930735,3.761203101328442,3.213793731914576,4.0519210900919225,4.055936746313826
2025-02-20,3.806964117224567,3.756832082201529,3.2137969511465094,4.04651886430914,4.0417829487686205
2025-02-21,3.7920604401712237,3.7429458671175455,3.209548252890345,4.030478232827663,3.992418975419293
2025-02-24,3.7938950674424166,3.7453759645962355,3.2140180628494015,4.032826255123208,3.9708510247036757
2025-02-25,3.8022580124377017,3.7538248218718837,3.2230311279588206,4.041472807104396,3.964485937226807
2025-02-26,3.820395047837178,3.7715520960694384,3.242207010416863,4.0608187816827055,3.996600722775954
2025-02-27,3.789108686747931,3.740719261714262,3.217271848975251,4.026912983905379,3.9287403378831662
2025-02-28,3.791795056533695,3.7430076632160576,3.2180903961547203,4.031525264289467,3.9520340661017643
2025-03-03,3.800440568156668,3.752024335320918,3.23061071383462,4.0407173746253555,3.9244704972313853
2025-03-04,3.7464957751985657,3.698468234128513,3.183889097329045,3.9833590300432986,3.874695009406184
2025-03-05,3.8238026612502023,3.775208957772491,3.2556511609828744,4.065439008148621,3.950471323154354
2025-03-06,3.8321082737486085,3.7847268171615367,3.275662927669029,4.07147509726248,3.913273575736483
2025-03-07,3.848459669309014,3.8009142756888354,3.2869385209246595,4.0904935126195765,3.926486963461247
2025-03-10,3.797632473671583,3.7520841994296465,3.2460671496071813,4.034833551340998,3.84147237740979
2025-03-11,3.7601664753813973,3.7144962542668796,3.2159626995003565,3.9965157069132817,3.8199728779020368
2025-03-12,3.767158023699855,3.720781440204013,3.2199894916591103,4.005280889819381,3.861667146785296
2025-03-13,3.730006994937897,3.6845763574565376,3.193604284932859,3.9645788966796816,3.8139979440436758
2025-03-14,3.8011167231277763,3.7545984469092475,3.249577992338738,4.040554350709562,3.910985194108261
2025-03-17,3.8448785812474453,3.79747325117544,3.2879188141621216,4.087629773584971,3.9466405459871767
2025-03-18,3.852282531463922,3.805440779752554,3.299667412566359,4.092738429824321,3.933042064517934
2025-03-19,3.863942617811312,3.8166823892603245,3.3038449131749337,4.108014803678496,3.961903531941408
2025-03-20,3.8358572256201935,3.788550164630274,3.2770300517446707,4.07983515845385,3.9377891368236138
2025-03-21,3.8141735877763137,3.766845956799274,3.2576286148193003,4.0575047696723425,3.913020678320071
2025-03-24,3.840659428206925,3.7923538266136907,3.271186266674935,4.087941287337289,3.966666401103718
2025-03-25,3.8506521413277093,3.8020099525031927,3.2804668753389272,4.097774262531356,3.9778452350796774
2025-03-26,3.8260154302093,3.7783205425905164,3.2590382646673195,4.071607192020236,3.925131449161295
2025-03-27,3.8129935513156834,3.765547490584817,3.2491358808045647,4.057416795238,3.9021134119928638
2025-03-28,3.775148760228216,3.728412499951595,3.2191066145492577,4.016150524946188,3.8511000838245852
2025-03-31,3.75401392938616,3.707506266543651,3.1961334800354773,3.9942901009974774,3.8353344684513453
2025-04-01,3.770426795822737,3.723390888208527,3.2082194039118153,4.0117534751803525,3.8614103814300353
2025-04-02,3.7871070577743993,3.7393243172857837,3.21535026055255,4.029523786824061,3.884018387436485
2025-04-03,3.70397220334916,3.658257197587895,3.160016485056924,3.942394598044124,3.767673300544588
2025-04-04,3.494882451118728,3.452312244286475,2.978518429192849,3.718901458002144,3.544634350305284
2025-04-07,3.3878762700186504,3.345876702361931,2.870713068030568,3.6086960028289314,3.4728553708355943
2025-04-08,3.409107480639536,3.366651970791911,2.8932419642572595,3.6306218505077728,3.4847048885217933
2025-04-09,3.4904032465103705,3.444872305044528,2.931439063787981,3.7249365852522134,3.648420735952636
2025-04-10,3.5135307083829304,3.4686110949870925,2.969515990827726,3.7536955824639127,3.6347684704905854
2025-04-11,3.5870177509609826,3.541286757801807,3.0330506860837008,3.8313513521708744,3.713032456560492
2025-04-14,3.6645895328906843,3.6180609064929596,3.10510814395992,3.9147624152916674,3.782281098712018
2025-04-15,3.692941321370135,3.645435147936845,3.129924652590512,3.943936719057199,3.811335086420972
2025-04-16,3.6710055127069876,3.624312545392042,3.118233300100886,3.919165000132604,3.7591044690647033
2025-04-17,3.682871831801355,3.6359517873829783,3.1267103332974773,3.9329301254093996,3.7594554648368432
2025-04-18,3.682871831801355,3.6359517873829783,3.1267103332974773,3.9329301254093996,3.7594554648368432
2025-04-21,3.648866256157611,3.6029706389966,3.1055317043799664,3.895084347622635,3.702194399821802
2025-04-22,3.7235426881625138,3.6764751234971964,3.1676409791415105,3.9759738312626847,3.777007798249379
2025-04-23,3.7613175598172037,3.7131177304830345,3.20265764476384,4.01882631628262,3.8274071022576184
2025-04-24,3.7974343490972644,3.748103834085161,3.2284377835112674,4.059397465558026,3.8815432275809734
2025-04-25,3.8050452979811005,3.7551917058048176,3.237194584004777,4.067153426189987,3.9025952829392287
2025-04-28,3.819039956967367,3.7688463601855684,3.2483584351519292,4.082274669374897,3.9061250742614155
2025-04-29,3.8442530125974224,3.7935455319672253,3.268593196584716,4.108731578342649,3.9371281109045033
2025-04-30,3.8607317730355306,3.809817576305691,3.2803992826156327,4.125921932061913,3.9604482084048107
2025-05-01,3.863704838524736,3.8126786679599043,3.2835289328219814,4.129099214719342,3.969861498314644
2025-05-02,3.922318877669656,3.8701662218646837,3.3293230310238466,4.1917463609232595,4.042432435691898
2025-05-05,3.9215822904294853,3.869459239953406,3.328643309500715,4.191035442604496,4.043165299633379
2025-05-06,3.9060764176570384,3.8546557596595394,3.3145855542346006,4.1745259091895015,4.022319822063624
2025-05-07,3.915372759199906,3.8640496914166773,3.32085675257666,4.184593530768619,4.042449853426634
2025-05-08,3.935332781808767,3.883138104014972,3.3335455505026537,4.205792480157614,4.053429521600388
2025-05-09,3.936872673211346,3.884326552237561,3.3382578185317215,4.207505958653754,4.048212233522446
2025-05-12,3.9909136681738606,3.9380564429886538,3.378164382088541,4.263812776492583,4.119621716084063
2025-05-13,4.0103838641395075,3.956920029916614,3.391699070378485,4.282292456903347,4.159850002619821
2025-05-14,4.018241066565273,3.9639131629607816,3.400306821917669,4.290574294146543,4.177813174079671
2025-05-15,4.035392762180948,3.9812308532240883,3.414399252999745,4.311238614569414,4.1953117714505535
2025-05-16,4.06192380784074,4.007348560983608,3.4324777235888293,4.34050468128323,4.224895552541892
2025-05-19,4.082066624562979,4.027385124091261,3.4508403287974243,4.363077551764812,4.24196916793688
2025-05-20,4.090887993738041,4.036144164156774,3.464767627086776,4.373250067890752,4.2353104358575715
2025-05-21,4.063225114624018,4.009248170128719,3.449667986173851,4.344343467523377,4.198003441717693
2025-05-22,4.040738034067979,3.986710092924201,3.4274723628256547,4.320021195657889,4.171484694285703
2025-05-23,4.01871314360437,3.9649934242191436,3.408322012856633,4.297222961901456,4.144672868281443
2025-05-26,4.057977324367115,4.003969381921851,3.446806600439355,4.339318271211593,4.177407230789863
2025-05-27,4.0965072563670075,4.041726313490653,3.477066443225908,4.379818582859257,4.225525288526694
2025-05-28,4.063651584217856,4.009090258151477,3.4489861452281114,4.3445327102827624,4.1935458475462415
2025-05-29,4.06529281691541,4.010941051479826,3.4483257647976027,4.346943498523246,4.201662644610909
2025-05-30,4.073631300307909,4.018954779605982,3.456714716310457,4.356219853953105,4.196376794566126
2025-06-02,4.089745791091662,4.034638462566266,3.469937554088099,4.373452209930731,4.217263003425492
2025-06-03,4.094632300774609,4.039937278188327,3.469713175276201,4.378816972656586,4.239001632706114
2025-06-04,4.104514225704601,4.05052301928943,3.4791778733665644,4.38929233964481,4.253411018751947
2025-06-05,4.113745551918904,4.059665853827407,3.4907152175921494,4.399149033194548,4.260523217344061
2025-06-06,4.12927043601841,4.075067083823,3.5024758668622358,4.415992813427233,4.276428801636534
2025-06-09,4.1310733501259085,4.077340610118988,3.5061443697482746,4.417923122401656,4.274816125298882
2025-06-10,4.1488537356719855,4.0949518533835905,3.5267979427078657,4.436842722920516,4.28414472767355
2025-06-11,4.140111681705342,4.086007854816208,3.5190559550569054,4.427685083523839,4.277035067888321
2025-06-12,4.164335180564738,4.110244745579244,3.5422405874066545,4.453826618782592,4.304966309371518
2025-06-13,4.103205109733212,4.0500740400493775,3.4883173272106225,4.388285687121701,4.245840975069465
2025-06-16,4.148785110025823,4.093592573602986,3.5291825857569834,4.437129752485959,4.2904694148461635
2025-06-17,4.11309521152299,4.058345704326043,3.4967958154189676,4.39894792075303,4.254827002254835
2025-06-18,4.0983276007692595,4.043396833220091,3.479327749199999,4.383128116952362,4.2437594032538355
2025-06-19,4.07420511688894,4.019376009881351,3.456258232944569,4.357094028542224,4.224143331604428
2025-06-20,4.088643786698115,4.0337333411250995,3.4694062482694075,4.372878433403126,4.231612306521938
2025-06-23,4.086800675692229,4.031512321682067,3.4595230820691905,4.37133739332678,4.242998594743604
2025-06-24,4.1581905531119085,4.101966575665731,3.529198213698628,4.448878299489831,4.318276857342105
2025-06-25,4.133270086001725,4.077509924856634,3.5074470758491363,4.42165675761806,4.313194920883831
2025-06-26,4.1784304445340865,4.122302318749969,3.545094798526235,4.4694590986075635,4.3586757359828825
2025-06-27,4.215215866920897,4.158235335973489,3.58073621329859,4.509396553568999,4.394026939972865
2025-06-30,4.221182415754778,4.163868772146071,3.5808836846183123,4.516058791444495,4.405824328840748
2025-07-01,4.25783836222156,4.200016786392848,3.6124188501770544,4.555275388358704,4.4040877819055355
2025-07-02,4.257171479582633,4.199496643159277,3.611856917026227,4.55447980789322,4.4101980443574
2025-07-03,4.2835458637918755,4.225038770544274,3.633082719693754,4.583114734582399,4.443421321378367
2025-07-04,4.271751252434775,4.213286074291272,3.6191602285056867,4.57050042179316,4.438281913997011
2025-07-07,4.25366710198806,4.195211217981233,3.6042685572720163,4.5516889779061716,4.4182825908258785
2025-07-08,4.263239295898764,4.204737113984305,3.6117932201900365,4.561622844813942,4.423925756979353
2025-07-09,4.279954365994673,4.221160844531303,3.6258047668242597,4.579396290522994,4.445458388708246
2025-07-10,4.3063437770068465,4.247525931481935,3.6487887462480586,4.607213249909903,4.4677301114111065
2025-07-11,4.270082994634231,4.211961144313471,3.6153261309001965,4.568607155262209,4.440939119518136
2025-07-14,4.270704853969949,4.212478538545214,3.6139212117189077,4.570070212643154,4.442815629168253
2025-07-15,4.232389397193102,4.174712765449152,3.5854755017155253,4.529166724771672,4.4214978414561825
2025-07-16,4.21566660033619,4.158148428479138,3.564626886356786,4.511298591413118,4.412475909759875
2025-07-17,4.247083716447011,4.189234029426,3.5895749902955663,4.544504174558971,4.44932474703271
2025-07-18,4.271060718363154,4.213004593373993,3.6111612508842397,4.570359832953519,4.464753775397435
2025-07-21,4.273118823574754,4.2151269814899335,3.6186084074504765,4.572696584583913,4.457697294205844
2025-07-22,4.29397894066353,4.236007405682782,3.6346840271421645,4.595024005130936,4.448558570061684
2025-07-23,4.364701364521628,4.305766143972641,3.6793887807678765,4.663782763621871,4.491308108452693
2025-07-24,4.379310647497525,4.320135751457515,3.691401651839244,4.676878488708042,4.511990106273396
2025-07-25,4.377710066030119,4.318353626688037,3.6854414496431587,4.675700135253472,4.526213930761911
2025-07-28,4.342305714038571,4.283113081224919,3.655249243248438,4.637940376877058,4.514069264249516
2025-07-29,4.322092330011793,4.263294975112218,3.6381538596810765,4.615120662072816,4.504417190553146
2025-07-30,4.308774080700486,4.249437793314861,3.624774388094774,4.599721597630781,4.506658163164012
2025-07-31,4.262908884594999,4.2033174813288605,3.579539733645072,4.549156280358776,4.467081467915841
2025-08-01,4.197742475036266,4.139808510352479,3.5205613929042947,4.479614052425209,4.3969674094448905
2025-08-04,4.267968181323903,4.2092530852746695,3.5824773426500327,4.554638634080947,4.483967022034675
2025-08-05,4.2658319601887476,4.206920416824465,3.5871476728606058,4.552572701150102,4.471670307898202
2025-08-06,4.275499395018601,4.215986522321831,3.594946922641318,4.562840884952599,4.48445831197583
2025-08-07,4.304918542982537,4.245223530172962,3.629021221055568,4.594305102263802,4.499536967504005
2025-08-08,4.316195123681929,4.257848096269614,3.6446896039949874,4.605817927268565,4.513824013224022
2025-08-11,4.297694053859766,4.239534448263824,3.628280851197396,4.585892708881309,4.492179091756286
2025-08-12,4.329618093784205,4.271009946524258,3.6531198665559734,4.620677224172626,4.527927259885568
2025-08-13,4.380634370375065,4.321420069261892,3.693616057414688,4.675891868247824,4.563692916320843
2025-08-14,4.370459453667109,4.311705836401215,3.6898936795366044,4.66483010444242,4.555955539966071
2025-08-15,4.366368347217376,4.307707082134509,3.690490305984854,4.6605302899350045,4.5394601958652405
2025-08-18,4.36241690585555,4.303630860386356,3.6845778988754128,4.656909849973361,4.549757521561878
2025-08-19,4.3912549329744035,4.332850054732558,3.7137231827047157,4.687442454542126,4.538516247032144
2025-08-20,4.385969759066381,4.3276093087927725,3.7112984383692402,4.682562182908524,4.528251957751151
2025-08-21,4.376399481005193,4.318065216692326,3.7017952299931407,4.672309362139187,4.519980939344883
2025-08-22,4.424651613222482,4.365478000045441,3.7365060146469404,4.724779873082699,4.570428573078485
2025-08-25,4.417314363086596,4.358184508065176,3.73080809396279,4.716717908825946,4.56635058216969
2025-08-26,4.394771270296365,4.333058724174787,3.7035424151158276,4.693688891768755,4.55811482727927
2025-08-27,4.382292677157394,4.319844436505543,3.687529001140764,4.680567360139624,4.550909096578289
2025-08-28,4.395871323464425,4.333135542229908,3.7017308473181156,4.69536737980054,4.5679738390667355
2025-08-29,4.37420700547326,4.311362185033578,3.6840405968396737,4.671609553954691,4.526118180572769
2025-09-01,4.388660280350941,4.325779747394272,3.6977577140163316,4.687045507699048,4.5404679289642855
2025-09-02,4.3189743143700925,4.256733492931564,3.6360370382152123,4.612719224486954,4.476533263230379
2025-09-03,4.329456015634454,4.267279587110853,3.6508359240269797,4.623993043352876,4.4847209494340445
2025-09-04,4.357501389935056,4.294790838478577,3.6724083525600255,4.654052760576218,4.5187189062529605
2025-09-05,4.374633786095756,4.311717476652546,3.686837681155759,4.672546578083254,4.522721295221769
2025-09-08,4.398948882650034,4.334546120557,3.7046135096461668,4.69813502342689,4.552375625254155
2025-09-09,4.395964295275243,4.331250450003462,3.7078744251299907,4.695157592410378,4.553193587372077
2025-09-10,4.38443187126706,4.320628576027488,3.694095944655267,4.682611866429203,4.571568185070485
2025-09-11,4.420860522200237,4.356952020473687,3.7242292429508423,4.721865521565413,4.60810118722889
2025-09-12,4.413181084244534,4.349246303388886,3.7208991618083878,4.713194145952379,4.5952569916661306
2025-09-15,4.431650699370141,4.367638665531116,3.739072867684999,4.7318636393787745,4.621638981416652
2025-09-16,4.410349603960785,4.346740692712742,3.7191131488082734,4.709576985349005,4.594115832816906
2025-09-17,4.418052648418132,4.35399294198735,3.724240396487786,4.718444451718604,4.583033396337756
2025-09-18,4.438035636848078,4.373303291721038,3.741534810045241,4.739176441012493,4.6245471766506325
2025-09-19,4.407971931476954,4.3430472446304265,3.7157239589334434,4.706784820505767,4.604904182141192
2025-09-22,4.414944899985981,4.350073780906171,3.719541298579603,4.713159318310064,4.635559774906513
2025-09-23,4.43296350869991,4.367903113269288,3.7392251150007625,4.732855379542688,4.6312721170461035
2025-09-24,4.415191232299336,4.350347973156239,3.723500222496266,4.713938897256434,4.602781339467233
2025-09-25,4.375726475306963,4.311405349890316,3.6914931159642883,4.671675872421171,4.568087301818494
2025-09-26,4.394900277911581,4.3302178182052415,3.7068600333132578,4.692213945271437,4.585965551475222
2025-09-29,4.424316878098228,4.358166221025003,3.7267824953089614,4.723401940813879,4.617078079146691
2025-09-30,4.442081396477953,4.375479281941145,3.745008447988888,4.742100296083351,4.64637367640004
2025-10-01,4.4620817192330655,4.394529789773913,3.7734031815554925,4.76345144388852,4.669531434670143
2025-10-02,4.484105782929286,4.41630365412006,3.793147111731795,4.787039787653998,4.701418034932498
2025-10-03,4.500563935638885,4.433039394793709,3.8065006179480414,4.804380137607023,4.70664259244737
2025-10-06,4.487661919322159,4.420017758427409,3.7904174797862997,4.790515107161952,4.7167388568760105
2025-10-07,4.471544920054282,4.404502495711794,3.7801689372908123,4.7736836746194,4.697198583727849
2025-10-08,4.483655318002309,4.416247860957903,3.790023081549156,4.786291063492579,4.737586622808879
2025-10-09,4.46238212821119,4.3951408522736095,3.777804868927836,4.763565762974025,4.722310915717208
2025-10-10,4.378038602328661,4.312501198892238,3.708660226861315,4.6744382270048925,4.603440129984662
2025-10-13,4.412269861428626,4.346299401015588,3.737715745085124,4.711349002497609,4.65749892069144
2025-10-14,4.415234940689413,4.34930878677044,3.738017105512532,4.715326794213217,4.634491783152442
2025-10-15,4.442429655986214,4.376222113755476,3.766744118446182,4.743908666765145,4.664955372261964
2025-10-16,4.444132884910741,4.378436885081274,3.77514486700758,4.74517787333957,4.670908298673282
2025-10-17,4.438318353430153,4.372889135094963,3.7680631270716276,4.7397324111481405,4.660616875783554
2025-10-20,4.473080776995421,4.407479713237339,3.7963259984390785,4.776912444083087,4.706415667941705
2025-10-21,4.482783498861465,4.416808045234158,3.8020712298233303,4.788251289933836,4.711261785686875
2025-10-22,4.473854318201923,4.408505922151599,3.7975962959821215,4.779522028276603,4.680461157061272
2025-10-23,4.4998153334357465,4.433754885436617,3.8207065721569933,4.807305891868063,4.722892433791826
2025-10-24,4.519847241474699,4.4535116787105435,3.83816809320728,4.828359969531137,4.771059301112531
2025-10-27,4.536368468528483,4.469579544150602,3.851459205278667,4.846070828868354,4.808099063985678
2025-10-28,4.510262843240035,4.4437889542672835,3.8325740688455485,4.817641273620822,4.808846740177038
2025-10-29,4.483772088546952,4.417719603928519,3.8148512797607146,4.787741519723035,4.8084755002667805
2025-10-30,4.450811644816128,4.385589602355588,3.7823892664046106,4.753827321539412,4.755628981557883
2025-10-31,4.443981704107144,4.37864386454087,3.7694273797237803,4.747257904263367,4.752391625322124
2025-11-03,4.430305117978062,4.364719312639964,3.755868133130866,4.73264796976597,4.759878138507007
2025-11-04,4.397311969409247,4.332838400496154,3.7299055125221177,4.697487427330617,4.700278218042845
2025-11-05,4.4109993287760085,4.346773315546628,3.748409283053094,4.712213959829271,4.70679911691154
2025-11-06,4.390565958925403,4.327237632299704,3.7385397924945183,4.690007631188337,4.656396671897646
2025-11-07,4.40181270122669,4.338080236158726,3.7427041039745172,4.7020590636332615,4.656719893909434
2025-11-10,4.445280243004834,4.380452292093319,3.7816158926345307,4.748589472527686,4.732447946126952
2025-11-11,4.482485630105993,4.4174543014334,3.8174583810088643,4.78862574746997,4.735828250854556
2025-11-12,4.503557726771481,4.43857803548862,3.8414747284361592,4.8109868332568615,4.768750239180251
2025-11-13,4.480325718426442,4.416003876253679,3.8272364104413756,4.786003775188722,4.702396271468579
2025-11-14,4.454247294573085,4.390252983194145,3.801853997626071,4.758576878951564,4.69036168402662
2025-11-17,4.402391040189391,4.339145552607062,3.7604981193859977,4.7025253547429955,4.639862351599845
2025-11-18,4.358489451366833,4.295688938398547,3.7161924649150992,4.65554506038752,4.583537283197522
2025-11-19,4.357136034359983,4.293991853648333,3.715489862997608,4.6545663872481535,4.598284104476639
2025-11-20,4.325362771060437,4.2631400430517905,3.689000968743617,4.619885830397084,4.545278743721495
2025-11-21,4.360761613563599,4.298164407780748,3.7127476148596137,4.658432805242562,4.5619759405690115
2025-11-24,4.387233366420801,4.323822185298217,3.7369715592230572,4.687370696018998,4.609990452337478
2025-11-25,4.438515108329522,4.374305812984617,3.78102645428435,4.741676347104202,4.644805245388176
2025-11-26,4.479291244837666,4.414572561916605,3.8169557432731795,4.785987674493078,4.698867257140557
2025-11-27,4.4946503254450905,4.429771640493901,3.829586620683438,4.802790479705617,4.708859519131418
2025-11-28,4.507582747465246,4.442178073683706,3.837989118046446,4.8168788609470266,4.71520714177802
2025-12-01,4.503054571021603,4.43777174917035,3.8377715111576323,4.812039975315413,4.709862184346589
2025-12-02,4.488605459325796,4.423337639391227,3.8253428080856913,4.796649413773947,4.707646585122698
2025-12-03,4.517392988030463,4.451709116269723,3.8478474930168556,4.827192125894516,4.739711208322563
2025-12-04,4.535275141275731,4.469225069362941,3.862020924323901,4.846274681706612,4.7693675384215215
2025-12-05,4.538911508497946,4.471982488520898,3.8615883969262286,4.849930436279123,4.766625063174456
2025-12-08,4.521236054323548,4.453792176660387,3.847192112513307,4.830846027282494,4.768405045997447
2025-12-09,4.514454222484254,4.44694226669145,3.83943926023067,4.823263661734431,4.760363713031612
2025-12-10,4.538306730127822,4.4698957088866385,3.852826180402816,4.848393895492935,4.780619773651135
2025-12-11,4.5884492207741445,4.519790863191164,3.8979707441996934,4.9021073721008435,4.814402213861934
2025-12-12,4.573284186232627,4.504914507344848,3.8845671211642605,4.887007413768695,4.755028458793528
2025-12-15,4.594586946865917,4.526267895859868,3.908631533507933,4.910016214204054,4.762723188765742
2025-12-16,4.579720834586444,4.511189853856033,3.897781721159059,4.894203140247013,4.7507326865943496
2025-12-17,4.5612036109786365,4.493366715191314,3.88552925418537,4.874876297682844,4.696324641519939
2025-12-18,4.590019480389675,4.521554135490715,3.9094608041968666,4.905583250740558,4.738125129556069
2025-12-19,4.601331425172293,4.532748124523988,3.9211585866430205,4.917541616534309,4.77994089606034
2025-12-22,4.629333909974711,4.5603784144549175,3.9442781334142687,4.947155578110927,4.815419936962088
2025-12-23,4.635269860826017,4.566325136879267,3.9534953735995226,4.953672781642683,4.833940738064463
2025-12-24,4.64400051268652,4.57505250644146,3.959614721766588,4.963097628721841,4.838961586403033
2025-12-25,4.64400051268652,4.57505250644146,3.959614721766588,4.963097628721841,4.838961586403033
2025-12-26,4.6440540676188204,4.575325150217082,3.9603991961467355,4.963322835775836,4.843874572106479
2025-12-29,4.642306296878765,4.573450340518555,3.9594762779816297,4.962076167755488,4.831796091964291
2025-12-30,4.6543604611444245,4.585492078894748,3.9748253320166347,4.974621643916763,4.834733035100442
2025-12-31,4.630443706541333,4.5620498241739655,3.9590488504280614,4.949044958317874,4.805903631262647
