scenario_id,frontier_point,stock,weight
base,0,AD.AS,0.012991555877755044
base,0,ALLN.S,0.07578867298026391
base,0,BARN.S,0.011223522221212558
base,0,BCVN.S,0.0629387913888717
base,0,BMY.N,0.017143654392555104
base,0,CBOE.Z,0.014210804912923211
base,0,CHD.N,0.010082189391609639
base,0,CHRW.OQ,0.017513460526856334
base,0,CLX.N,0.04066738349113908
base,0,CMG.N,0.010032152137983625
base,0,COST.OQ,0.018438204630858063
base,0,CPB.OQ,0.024669257657169284
base,0,DKSH.S,0.012980437257566799
base,0,DPZ.OQ,0.014023207047171414
base,0,GALE.S,0.06356938597001179
base,0,GILD.OQ,0.019124194755163436
base,0,GIS.N,0.02138919896832241
base,0,HLN.L,0.010849541448863798
base,0,HLT.N,0.013426120153891927
base,0,HRL.N,0.010045394085181463
base,0,HUBN.S,0.01133236962781136
base,0,JNJ.N,0.027062585899085636
base,0,KR.N,0.04025122443093038
base,0,LISP.S,0.01595205610399112
base,0,LMT.N,0.010063970745384482
base,0,LOTB.BR,0.013055946148639704
base,0,MO.N,0.010086182806819138
base,0,MOBN.S,0.09719694496381351
base,0,MRK.N,0.010079562877655381
base,0,NEM.N,0.015989205389951737
base,0,NOC.N,0.010359497415050191
base,0,ORNBV.HE,0.0100053447721524
base,0,PSPN.S,0.03247258522098512
base,0,QIA.DE,0.020611418078740076
base,0,QQ.L,0.010066985853765633
base,0,ROPC.S,0.010068576257576452
base,0,SCMN.S,0.023240120972586292
base,0,SJM.N,0.021474946610842406
base,0,SPSN.S,0.010569215297225655
base,0,VATN.S,0.04245840156829841
base,0,VZ.N,0.026823987763709523
base,0,WMT.OQ,0.049671741899614985
base,1,AD.AS,0.015752382628277228
base,1,ALLN.S,0.06970351195806135
base,1,BARN.S,0.01039148476603881
base,1,BCVN.S,0.06334348407500541
base,1,BKWB.S,0.0100507251514702
base,1,BMY.N,0.013828988639343818
base,1,CBOE.Z,0.017548660099709013
base,1,CHD.N,0.010373660703559507
base,1,CHRW.OQ,0.017427646938901174
base,1,CLX.N,0.03726436785412958
base,1,COST.OQ,0.028679136267187322
base,1,CPB.OQ,0.019716619486064433
base,1,DKSH.S,0.010350255651105481
base,1,DPZ.OQ,0.014787440405166915
base,1,GALE.S,0.07011841139462799
base,1,GILD.OQ,0.019496130448444032
base,1,GIS.N,0.01727089378662995
base,1,HLN.L,0.011097749935753543
base,1,HLT.N,0.01712331893807151
base,1,HUBN.S,0.011276882020417748
base,1,JNJ.N,0.034719522184221224
base,1,KR.N,0.04098898651916826
base,1,LISP.S,0.01623662755251408
base,1,LMT.N,0.01021565796221138
base,1,LOTB.BR,0.01552212579529205
base,1,MO.N,0.010117348264225915
base,1,MOBN.S,0.10033820539364807
base,1,MRK.N,0.011164636564543855
base,1,NEM.N,0.017974885951931613
base,1,NOC.N,0.01180017771816104
base,1,ORNBV.HE,0.010031445649146774
base,1,PLUSP.L,0.01000307350420067
base,1,PSPN.S,0.029594537096868503
base,1,QIA.DE,0.019174732384075847
base,1,SBNOR.OL,0.01005001999284528
base,1,SCMN.S,0.01935648528205189
base,1,SJM.N,0.01793313347474922
base,1,SPSN.S,0.010530486771527429
base,1,VATN.S,0.03718489597770907
base,1,VZ.N,0.02170927992451335
base,1,WMT.OQ,0.059751984888429706
base,2,AD.AS,0.018824266723549844
base,2,ALLN.S,0.06574004429678748
base,2,BARN.S,0.010002307408836557
base,2,BCVN.S,0.0618890204417665
base,2,BFT.WA,0.010000092020967952
base,2,BKWB.S,0.01218766183541088
base,2,BMY.N,0.010004531032578833
base,2,CBOE.Z,0.01825078260064
base,2,CHD.N,0.010160340496072453
base,2,CHRW.OQ,0.01698010382000906
base,2,CLX.N,0.031938201309504935
base,2,COST.OQ,0.03675002425444187
base,2,CPB.OQ,0.013918975965787027
base,2,DPZ.OQ,0.013857946265357152
base,2,GALD.S,0.010001046976469266
base,2,GALE.S,0.07538953706638829
base,2,GILD.OQ,0.015906609546369146
base,2,GIS.N,0.011437786783260505
base,2,HLN.L,0.010146142194439146
base,2,HLT.N,0.0156609919673632
base,2,HUBN.S,0.010611698654307552
base,2,JNJ.N,0.03588100202847361
base,2,KR.N,0.04110628622089984
base,2,LISP.S,0.015314617656522336
base,2,LLY.N,0.010274928880827965
base,2,LMT.N,0.010003055033848476
base,2,LOTB.BR,0.01751540764630892
base,2,MO.N,0.010000868975115358
base,2,MOBN.S,0.10348143087448905
base,2,MRK.N,0.010583520144697807
base,2,NEM.N,0.0197389338198771
base,2,NOC.N,0.0116393469718536
base,2,ORNBV.HE,0.01000063431740017
base,2,PGR.N,0.010330370588485557
base,2,PLUSP.L,0.010000764726790193
base,2,PSPN.S,0.027507151813729605
base,2,QIA.DE,0.014180059092375628
base,2,SBNOR.OL,0.010252550553844926
base,2,SCMN.S,0.01399294438745715
base,2,SJM.N,0.013671793748516752
base,2,SPSN.S,0.010091635317725153
base,2,VATN.S,0.031217320478259144
base,2,VZ.N,0.014198306738335786
base,2,WMT.OQ,0.06935895832385812
base,3,ABBV.N,0.010000210452559536
base,3,AD.AS,0.022639664598390768
base,3,ALLN.S,0.05873211567980482
base,3,BARN.S,0.010000576879675932
base,3,BCVN.S,0.060399775295164555
base,3,BFT.WA,0.01000004198348726
base,3,BKWB.S,0.01994751928101671
base,3,CBOE.Z,0.01836697708398307
base,3,CHD.N,0.01002025222147197
base,3,CHRW.OQ,0.015779012327392445
base,3,CLX.N,0.024044265461337443
base,3,COST.OQ,0.04622937191089183
base,3,CPB.OQ,0.010003011505688327
base,3,DPZ.OQ,0.011977847499524508
base,3,GALD.S,0.010010515644050285
base,3,GALE.S,0.0804326681377786
base,3,GILD.OQ,0.011608697659262054
base,3,GIS.N,0.010002285228198533
base,3,HLN.L,0.010012987304156803
base,3,HLT.N,0.016896734682074043
base,3,HUBN.S,0.010793197216947048
base,3,JNJ.N,0.035731282714237686
base,3,KR.N,0.04078286872470593
base,3,LISP.S,0.014652861372913347
base,3,LLY.N,0.016328039027758135
base,3,LOTB.BR,0.020763760952498586
base,3,MOBN.S,0.10674417227850548
base,3,MRK.N,0.010208902338499293
base,3,NEM.N,0.022185154136123205
base,3,NOC.N,0.012011939954806136
base,3,ORNBV.HE,0.010000260936878011
base,3,PGR.N,0.018790436759294357
base,3,PLUSP.L,0.010022224243376005
base,3,PSPN.S,0.02306517262244101
base,3,QIA.DE,0.0100719272090748
base,3,SBNOR.OL,0.014698263492095446
base,3,SCMN.S,0.01004752037488925
base,3,SJM.N,0.010055218408079011
base,3,SPSN.S,0.01002385862082986
base,3,VATN.S,0.02510157549603298
base,3,VZ.N,0.010004208044746409
base,3,WM.N,0.01000691355820321
base,3,WMT.OQ,0.08080571068115518
base,4,ABBV.N,0.010178669135310327
base,4,AD.AS,0.027478987135046054
base,4,ALLN.S,0.05669705299012242
base,4,BCVN.S,0.058664522774893584
base,4,BFT.WA,0.010004541838367508
base,4,BKWB.S,0.026934358069799904
base,4,CBOE.Z,0.018403680870716393
base,4,CHD.N,0.010891437849972811
base,4,CHRW.OQ,0.015975730096998535
base,4,CLX.N,0.02076668859930154
base,4,COST.OQ,0.05542319352129361
base,4,DPZ.OQ,0.011552513388365496
base,4,GALD.S,0.011005884249077488
base,4,GALE.S,0.08578512722030712
base,4,GILD.OQ,0.010317108052414417
base,4,HLN.L,0.010237442646147841
base,4,HLT.N,0.014393738853507894
base,4,HUBN.S,0.011086172600452034
base,4,JNJ.N,0.03583448486445523
base,4,KR.N,0.04158268497618043
base,4,LISP.S,0.0151451091045526
base,4,LLY.N,0.02174595569994006
base,4,LOTB.BR,0.02401661352619598
base,4,MOBN.S,0.10767152626880397
base,4,MRK.N,0.010777106417713771
base,4,NEM.N,0.023532863746587175
base,4,NOC.N,0.01167046513771427
base,4,ORNBV.HE,0.010015790596371657
base,4,PGR.N,0.025827928345534715
base,4,PLUSP.L,0.011161195339303981
base,4,PSPN.S,0.01975116795996635
base,4,SBNOR.OL,0.01882408468943898
base,4,SDZ.S,0.010008241839222717
base,4,SJM.N,0.010255849712554947
base,4,SPSN.S,0.010422637650791428
base,4,VATN.S,0.021090469658907256
base,4,WM.N,0.01318549615439401
base,4,WMT.OQ,0.09168347841927552
base,5,ABBV.N,0.01039230915358467
base,5,ACLN.S,0.011108379216403948
base,5,AD.AS,0.026937895583154067
base,5,ALLN.S,0.05240072788520917
base,5,ARGX.BR,0.010000341109396281
base,5,BCVN.S,0.054143616448173046
base,5,BFT.WA,0.010000585658383868
base,5,BKWB.S,0.035078556294872436
base,5,CBOE.Z,0.01745091465520671
base,5,CHD.N,0.010020917246127213
base,5,CHRW.OQ,0.014325388147819092
base,5,CLX.N,0.010570065701643407
base,5,COST.OQ,0.06162634637193033
base,5,DPZ.OQ,0.010387246067334262
base,5,GALD.S,0.011898189174797288
base,5,GALE.S,0.0904552739109848
base,5,GILD.OQ,0.010001559273955648
base,5,HLN.L,0.010008688633416292
base,5,HLT.N,0.011491351256624278
base,5,HUBN.S,0.010130651320997013
base,5,JNJ.N,0.02801911102176858
base,5,KR.N,0.03928600061080631
base,5,LISP.S,0.011605222326522594
base,5,LLY.N,0.02692289776708795
base,5,LOTB.BR,0.025645478644589197
base,5,MOBN.S,0.10884439082526318
base,5,MRK.N,0.010027562593504838
base,5,NEM.N,0.02525208047903292
base,5,NOC.N,0.010098814004634511
base,5,PGR.N,0.03271619037245993
base,5,PLUSP.L,0.013064519335409648
base,5,PSPN.S,0.016477629445206688
base,5,RSG.N,0.011026733321106976
base,5,SBNOR.OL,0.02273565323097293
base,5,SDZ.S,0.010014231492029787
base,5,VATN.S,0.012711055303403973
base,5,WM.N,0.016962622153033992
base,5,WMT.OQ,0.10016080396315219
base,6,ABBV.N,0.014942739697582974
base,6,ACLN.S,0.01815873292183138
base,6,AD.AS,0.02567907159396432
base,6,ALLN.S,0.042326039781591336
base,6,ARGX.BR,0.010171362068679957
base,6,BCVN.S,0.04887718303624553
base,6,BFT.WA,0.010005190669002729
base,6,BKWB.S,0.04410239728381122
base,6,CBOE.Z,0.01687449553627671
base,6,CHRW.OQ,0.011665811761292477
base,6,COST.OQ,0.07066843254074469
base,6,DPZ.OQ,0.01027680816902438
base,6,GALD.S,0.014435538544499355
base,6,GALE.S,0.09647588400843693
base,6,HLN.L,0.01000889166598551
base,6,HLT.N,0.010918128247888082
base,6,HUBN.S,0.010073181491953121
base,6,JNJ.N,0.02299480209604058
base,6,KR.N,0.03664099537212944
base,6,LISP.S,0.01025307646063195
base,6,LLY.N,0.034975801662928255
base,6,LOTB.BR,0.027630266034487743
base,6,MOBN.S,0.1112838906568902
base,6,NEM.N,0.027672816589069234
base,6,PGR.N,0.04209791648128304
base,6,PLUSP.L,0.015076052189053194
base,6,RSG.N,0.023495759260050594
base,6,SBNOR.OL,0.0256021934516355
base,6,SDZ.S,0.011379829787979714
base,6,VATN.S,0.010009564516194133
base,6,WM.N,0.024375937819210162
base,6,WMT.OQ,0.11085120860360569
base,7,ABBV.N,0.013791673232510505
base,7,ACLN.S,0.025597385889664433
base,7,AD.AS,0.019418240724868127
base,7,ALLN.S,0.018015495223884504
base,7,ARGX.BR,0.01296985806573807
base,7,BCVN.S,0.03835577955727405
base,7,BFT.WA,0.01000354718345121
base,7,BKWB.S,0.05386354502668278
base,7,CBOE.Z,0.013259873558549243
base,7,CHRW.OQ,0.010007367143508345
base,7,COST.OQ,0.07581492486869836
base,7,DPZ.OQ,0.010008502736369015
base,7,GALD.S,0.01638618393341843
base,7,GALE.S,0.10121533422919136
base,7,HLT.N,0.010059449324206063
base,7,HUBN.S,0.01000789415818346
base,7,JNJ.N,0.01008357710710911
base,7,KR.N,0.029292101437267824
base,7,LLY.N,0.04020468194192897
base,7,LOTB.BR,0.028434055721595967
base,7,LTMC.MI,0.011778324577160406
base,7,MOBN.S,0.1099513181582081
base,7,NEM.N,0.029483155992338694
base,7,PGR.N,0.04950825124978499
base,7,PLUSP.L,0.01737026363838846
base,7,RSG.N,0.029696393979637716
base,7,SBNOR.OL,0.027050577026633865
base,7,SDZ.S,0.015345603657826692
base,7,TKO.N,0.010006288948758593
base,7,WM.N,0.024423736280882843
base,7,WMT.OQ,0.11859601960281833
base,7,ZEG.L,0.010000595823461406
base,8,ABBV.N,0.013883620667013813
base,8,ACLN.S,0.03348068916231398
base,8,AD.AS,0.011707195303585029
base,8,APH.N,0.010152327041943512
base,8,ARGX.BR,0.01620288700406707
base,8,BCVN.S,0.02285154353287272
base,8,BEAN.S,0.010011766313477177
base,8,BFT.WA,0.010013856093611863
base,8,BKWB.S,0.06214910608197178
base,8,CBOE.Z,0.010276994066538307
base,8,COST.OQ,0.08229510750182267
base,8,GALD.S,0.017006189589564544
base,8,GALE.S,0.10212635486515269
base,8,GAW.L,0.010024929535662133
base,8,HLT.N,0.010090441816163592
base,8,KR.N,0.021712355889331906
base,8,LLY.N,0.04741257427094707
base,8,LOTB.BR,0.027533645191547176
base,8,LTMC.MI,0.016933603916712708
base,8,MOBN.S,0.10139415544026228
base,8,NEM.N,0.03107366206209119
base,8,PGR.N,0.05912029644013444
base,8,PLUSP.L,0.01928863689232094
base,8,RSG.N,0.03524999837193624
base,8,SBNOR.OL,0.02784019299402298
base,8,SDZ.S,0.018415700858811952
base,8,TKO.N,0.010082428859707206
base,8,WM.N,0.02297847510835907
base,8,WMT.OQ,0.12855559385935858
base,8,ZEG.L,0.010135671268695285
base,9,ABBV.N,0.010036909461448217
base,9,ACLN.S,0.04562704841481126
base,9,APH.N,0.010141909683264934
base,9,ARGX.BR,0.024785675508683692
base,9,BCVN.S,0.010000051516875127
base,9,BEAN.S,0.010000103472794297
base,9,BFT.WA,0.010000032895312191
base,9,BKWB.S,0.06765451393607606
base,9,COST.OQ,0.09104996851691542
base,9,GALD.S,0.01709721308221654
base,9,GALE.S,0.0918143228908319
base,9,GAW.L,0.012371016046392168
base,9,HLT.N,0.010000220613969579
base,9,IBE.MC,0.010075165985846452
base,9,LLY.N,0.058154421121825166
base,9,LOTB.BR,0.02076002105921601
base,9,LTMC.MI,0.022125850041032156
base,9,MOBN.S,0.07365604085609458
base,9,NEM.N,0.03303695468476301
base,9,PGR.N,0.07131466797926818
base,9,PLUSP.L,0.021226820347904924
base,9,PWR.N,0.0100018775293252
base,9,RSG.N,0.040255749099110665
base,9,SBNOR.OL,0.014697660492032789
base,9,SDZ.S,0.025192495735486844
base,9,TKO.N,0.010000091558445967
base,9,WM.N,0.016535198385363967
base,9,WMT.OQ,0.14181651315827618
base,9,ZEG.L,0.010571345363672173
base,9,ZURN.S,0.010000140562744269
base,10,ABBN.S,0.01001420940171037
base,10,ABBV.N,0.010020082532604592
base,10,ACLN.S,0.058527986434526724
base,10,APH.N,0.02339303444114514
base,10,ARGX.BR,0.03688962401748546
base,10,BEAN.S,0.010018752888449365
base,10,BKWB.S,0.06613142046634204
base,10,COST.OQ,0.0898800034843369
base,10,GALD.S,0.014106743538006124
base,10,GALE.S,0.06039061567199816
base,10,GAW.L,0.02047686562260111
base,10,GOOG.OQ,0.010008341930400575
base,10,IBE.MC,0.03987811814323013
base,10,LLY.N,0.06873382524884904
base,10,LOTB.BR,0.010155884601196
base,10,LTMC.MI,0.02383330540004929
base,10,MOBN.S,0.0181280194552955
base,10,MSFT.OQ,0.010132835396013918
base,10,NEM.N,0.035066709875410204
base,10,PGR.N,0.08121209107320633
base,10,PLUSP.L,0.021583930819106867
base,10,PWR.N,0.012968288788989826
base,10,RSG.N,0.03196436901284792
base,10,SBNOR.OL,0.010003420140472369
base,10,SDZ.S,0.033189628566123994
base,10,TKO.N,0.010003820933364393
base,10,WM.N,0.010175978334160842
base,10,WMT.OQ,0.14956488980068827
base,10,ZEG.L,0.013503852244703804
base,10,ZURN.S,0.010043351736684844
base,11,AAPL.OQ,0.010001380901393733
base,11,ABBN.S,0.010001175142545716
base,11,ACLN.S,0.07576259998098532
base,11,APH.N,0.0302192403432914
base,11,ARGX.BR,0.053233466622697706
base,11,AVGO.OQ,0.010000863215024622
base,11,BEAN.S,0.010003422292941598
base,11,BKWB.S,0.05062824729116951
base,11,CDNS.OQ,0.010000690845293161
base,11,COST.OQ,0.07866109557174493
base,11,GALD.S,0.010122048090003992
base,11,GALE.S,0.010046821811320992
base,11,GAW.L,0.03304616310240301
base,11,IBE.MC,0.05891106712217484
base,11,KOG.OL,0.010001038311396955
base,11,LLY.N,0.09062843288442136
base,11,LTMC.MI,0.019538871422151723
base,11,MSFT.OQ,0.01165251793642235
base,11,NEM.N,0.027187757729419133
base,11,PGR.N,0.09593001998982276
base,11,PLUSP.L,0.019728483313773033
base,11,PWR.N,0.022839017919137693
base,11,RSG.N,0.010240307412449402
base,11,SDZ.S,0.034594122426702976
base,11,SQN.S,0.010001319540899913
base,11,TT.N,0.010001026417562817
base,11,WM.N,0.010005407462103105
base,11,WMT.OQ,0.15100424880669416
base,11,ZEG.L,0.01600605055859105
base,11,ZURN.S,0.010003095535461116
base,12,AAPL.OQ,0.010000027457526187
base,12,ABBN.S,0.010000009597412882
base,12,ACLN.S,0.1042375488917732
base,12,APH.N,0.051319419480906674
base,12,ARGX.BR,0.08705776064084747
base,12,AVGO.OQ,0.010000069269042448
base,12,BKWB.S,0.01000013866051142
base,12,CDNS.OQ,0.010000064957141747
base,12,COST.OQ,0.01166181032177134
base,12,GALD.S,0.010000013290644219
base,12,GAW.L,0.050108232904935684
base,12,GOOG.OQ,0.01000001000070224
base,12,IBE.MC,0.04617295611018554
base,12,KOG.OL,0.010000007891138248
base,12,LLY.N,0.12254816001271364
base,12,LTMC.MI,0.01000008528399817
base,12,MSFT.OQ,0.049444704835773304
base,12,NEM.N,0.010002692201560097
base,12,NVDA.OQ,0.014133016580667408
base,12,PGR.N,0.09725595299993675
base,12,PLUSP.L,0.01000163663542332
base,12,PWR.N,0.0597705571649396
base,12,RSG.N,0.010000046167753872
base,12,SDZ.S,0.018317819330647085
base,12,SQN.S,0.010000013475050789
base,12,TT.N,0.010000020402624923
base,12,WM.N,0.010000012449350289
base,12,WMT.OQ,0.11284313598201443
base,12,ZEG.L,0.01512406721373867
base,12,ZURN.S,0.010000009789268335
base,13,AAPL.OQ,0.010000042013829756
base,13,ABBN.S,0.010000013934525707
base,13,ACLN.S,0.1067227640408353
base,13,APH.N,0.042023739848688624
base,13,ARGX.BR,0.13338544633474486
base,13,AVGO.OQ,0.010000115826696502
base,13,BKWB.S,0.010000019102240836
base,13,CDNS.OQ,0.010000263614185644
base,13,COST.OQ,0.010000058599309192
base,13,GALD.S,0.010000015245058828
base,13,GAW.L,0.043311445757909295
base,13,GOOG.OQ,0.010000009976511327
base,13,IBE.MC,0.01000017633895608
base,13,IETB.BR,0.01000001080016182
base,13,KOG.OL,0.010000013612869348
base,13,LLY.N,0.1466120021483061
base,13,LTMC.MI,0.01000003062519802
base,13,MSFT.OQ,0.07181153485907543
base,13,NEM.N,0.010000090354900798
base,13,NVDA.OQ,0.07500592586746314
base,13,PGR.N,0.04649111896471463
base,13,PLUSP.L,0.01000002900035601
base,13,PWR.N,0.12463278113046611
base,13,RSG.N,0.01000002353313389
base,13,SDZ.S,0.01000008280517975
base,13,SQN.S,0.010000025007053543
base,13,TT.N,0.010000040361460788
base,13,WMT.OQ,0.010001821256999556
base,13,ZEG.L,0.01000034467954201
base,13,ZURN.S,0.010000014359627121
base,14,AAPL.OQ,0.010000000414353706
base,14,ABBN.S,0.01000000009733017
base,14,ACLN.S,0.012427203379960668
base,14,APH.N,0.010000000735565024
base,14,ARGX.BR,0.19999999979330657
base,14,ASMI.AS,0.01000000010332424
base,14,AVGO.OQ,0.029999987151626325
base,14,CAT.N,0.010000000149445697
base,14,CDNS.OQ,0.01000001173585303
base,14,COST.OQ,0.01000000014301616
base,14,CTAS.OQ,0.01000000015504868
base,14,FIX.N,0.010000000283873116
base,14,GAW.L,0.1075728069026416
base,14,GOOG.OQ,0.010000000047235658
base,14,GOOGL.OQ,0.010000000043966464
base,14,IBE.MC,0.010000000096889412
base,14,IETB.BR,0.010000000024209936
base,14,KLAC.OQ,0.010000000165899796
base,14,LLY.N,0.019999992045174036
base,14,LRCX.OQ,0.01000000005973187
base,14,LTMC.MI,0.010000000130232231
base,14,MSFT.OQ,0.0100000005012036
base,14,NVDA.OQ,0.19999999977771593
base,14,PGR.N,0.010000000094753731
base,14,PWR.N,0.1999999984155424
base,14,SDZ.S,0.010000000033876834
base,14,SQN.S,0.010000000130748362
base,14,TT.N,0.010000000184740848
base,14,WMT.OQ,0.010000000134593628
base,14,ZEG.L,0.010000000002442066
tier2_on,0,AD.AS,0.012926033378294727
tier2_on,0,ALLN.S,0.0734878504002619
tier2_on,0,AMZN.OQ,0.010015583332197603
tier2_on,0,BARN.S,0.010584468406084542
tier2_on,0,BCVN.S,0.06434841312595299
tier2_on,0,BMY.N,0.018042705359697812
tier2_on,0,CBOE.Z,0.015922457689022798
tier2_on,0,CHD.N,0.010093412603897067
tier2_on,0,CHRW.OQ,0.01702695680842312
tier2_on,0,CLX.N,0.04013327329084263
tier2_on,0,CMG.N,0.010017126027987325
tier2_on,0,COST.OQ,0.016588897189826677
tier2_on,0,CPB.OQ,0.025048988076033087
tier2_on,0,DKSH.S,0.012452609030593361
tier2_on,0,DPZ.OQ,0.012522023842174514
tier2_on,0,GALE.S,0.06397104196149218
tier2_on,0,GILD.OQ,0.01962510444444962
tier2_on,0,GIS.N,0.02303554930013022
tier2_on,0,HLN.L,0.010670511375839522
tier2_on,0,HLT.N,0.012696843907355006
tier2_on,0,HRL.N,0.010039751838064017
tier2_on,0,HUBN.S,0.011289939554035774
tier2_on,0,JNJ.N,0.032193685342111304
tier2_on,0,KR.N,0.04105367732443588
tier2_on,0,LISP.S,0.014855665460667945
tier2_on,0,LOTB.BR,0.012727506837265791
tier2_on,0,MO.N,0.010438700318557134
tier2_on,0,MOBN.S,0.098383846570654
tier2_on,0,MRK.N,0.010273055761107132
tier2_on,0,NEM.N,0.016239791526930128
tier2_on,0,ORNBV.HE,0.010006471990948377
tier2_on,0,PSPN.S,0.03253390786550686
tier2_on,0,QIA.DE,0.01911736226192159
tier2_on,0,QQ.L,0.010269792444676839
tier2_on,0,ROPC.S,0.010108167828027582
tier2_on,0,SCMN.S,0.025690766896144326
tier2_on,0,SJM.N,0.022735913528172818
tier2_on,0,SPSN.S,0.010712171364128263
tier2_on,0,VATN.S,0.04318587021952805
tier2_on,0,VZ.N,0.02919951497531375
tier2_on,0,WMT.OQ,0.04973459054124571
tier2_on,1,AD.AS,0.01527129733487769
tier2_on,1,ALLN.S,0.06752381026875963
tier2_on,1,BARN.S,0.010354120364686241
tier2_on,1,BCVN.S,0.06432314806257476
tier2_on,1,BKWB.S,0.010034367116767641
tier2_on,1,BMY.N,0.01487932224343767
tier2_on,1,CBOE.Z,0.018052078953231226
tier2_on,1,CHD.N,0.010355042670719846
tier2_on,1,CHRW.OQ,0.017334676770250843
tier2_on,1,CLX.N,0.03807192427369796
tier2_on,1,COST.OQ,0.027071775432171864
tier2_on,1,CPB.OQ,0.02047464848236259
tier2_on,1,DKSH.S,0.010916579312263471
tier2_on,1,DPZ.OQ,0.014212846965845684
tier2_on,1,GALE.S,0.06841908167950328
tier2_on,1,GILD.OQ,0.02031284296721143
tier2_on,1,GIS.N,0.019084795770744498
tier2_on,1,HLN.L,0.010615055698108965
tier2_on,1,HLT.N,0.01870319512772898
tier2_on,1,HUBN.S,0.011097672466563782
tier2_on,1,JNJ.N,0.03766549445622798
tier2_on,1,KR.N,0.04169229890948645
tier2_on,1,LISP.S,0.015518461154399775
tier2_on,1,LLY.N,0.010017677656010094
tier2_on,1,LOTB.BR,0.014254960840369344
tier2_on,1,MO.N,0.010460677512303958
tier2_on,1,MOBN.S,0.10261631432515442
tier2_on,1,MRK.N,0.01129334880585477
tier2_on,1,NEM.N,0.018035131178324226
tier2_on,1,ORNBV.HE,0.010031938643418056
tier2_on,1,PLUSP.L,0.010003583238994172
tier2_on,1,PSPN.S,0.03047293527884756
tier2_on,1,QIA.DE,0.018958997290817875
tier2_on,1,SBNOR.OL,0.010027635673229804
tier2_on,1,SCMN.S,0.021897605256266498
tier2_on,1,SJM.N,0.018901470941666894
tier2_on,1,SPSN.S,0.010724845540309258
tier2_on,1,VATN.S,0.03723757963825665
tier2_on,1,VZ.N,0.024595946278773193
tier2_on,1,WMT.OQ,0.058484815419780914
tier2_on,2,ABBV.N,0.010008889542725321
tier2_on,2,AD.AS,0.018301565387120716
tier2_on,2,ALLN.S,0.06403201442900051
tier2_on,2,BARN.S,0.010070286065339744
tier2_on,2,BCVN.S,0.06262175268264984
tier2_on,2,BFT.WA,0.010006194934930896
tier2_on,2,BKWB.S,0.011679512254593346
tier2_on,2,BMY.N,0.010139513646573619
tier2_on,2,CBOE.Z,0.018805770483890916
tier2_on,2,CHD.N,0.010513202438401571
tier2_on,2,CHRW.OQ,0.017049662738301486
tier2_on,2,CLX.N,0.03244740838200471
tier2_on,2,COST.OQ,0.03621496818123932
tier2_on,2,CPB.OQ,0.014180790866792909
tier2_on,2,DPZ.OQ,0.013493035642963112
tier2_on,2,GALD.S,0.01002809967445502
tier2_on,2,GALE.S,0.07429578290995435
tier2_on,2,GILD.OQ,0.016359169689533874
tier2_on,2,GIS.N,0.012547437996194559
tier2_on,2,HLN.L,0.01028792428771122
tier2_on,2,HLT.N,0.01653295696929198
tier2_on,2,HUBN.S,0.010950677156122085
tier2_on,2,JNJ.N,0.03850781544711236
tier2_on,2,KR.N,0.04170520404247608
tier2_on,2,LISP.S,0.01401376344171644
tier2_on,2,LLY.N,0.010569484414808218
tier2_on,2,LOTB.BR,0.016373280089933363
tier2_on,2,MO.N,0.010149644902201582
tier2_on,2,MOBN.S,0.10528082750230978
tier2_on,2,MRK.N,0.01108856925436522
tier2_on,2,NEM.N,0.020059470707118967
tier2_on,2,ORNBV.HE,0.010025791326157092
tier2_on,2,PGR.N,0.01126473736732103
tier2_on,2,PLUSP.L,0.010030133112417846
tier2_on,2,PSPN.S,0.027837629105374254
tier2_on,2,QIA.DE,0.013731577938568938
tier2_on,2,SBNOR.OL,0.010261875454273636
tier2_on,2,SCMN.S,0.016449889512809845
tier2_on,2,SJM.N,0.014472142372321117
tier2_on,2,SPSN.S,0.010785189115960233
tier2_on,2,VATN.S,0.03140426239432977
tier2_on,2,VZ.N,0.016416995825578196
tier2_on,2,WMT.OQ,0.0690051003130549
tier2_on,3,AD.AS,0.021902201592063436
tier2_on,3,ALLN.S,0.05956791478677132
tier2_on,3,BARN.S,0.010000642205207714
tier2_on,3,BCVN.S,0.060793624129266276
tier2_on,3,BFT.WA,0.010000053880827798
tier2_on,3,BKWB.S,0.020398999043294883
tier2_on,3,CBOE.Z,0.01988599866020295
tier2_on,3,CHD.N,0.010086320997556877
tier2_on,3,CHRW.OQ,0.017022384522289213
tier2_on,3,CLX.N,0.02428343790179255
tier2_on,3,COST.OQ,0.04664288228367532
tier2_on,3,CPB.OQ,0.010007479851480018
tier2_on,3,DPZ.OQ,0.01250371455452236
tier2_on,3,GALD.S,0.010027842804951538
tier2_on,3,GALE.S,0.08094595202291219
tier2_on,3,GILD.OQ,0.013356646186090747
tier2_on,3,GIS.N,0.01000582647318464
tier2_on,3,HLN.L,0.010025553072298351
tier2_on,3,HLT.N,0.01802455463185207
tier2_on,3,HUBN.S,0.010846223996772996
tier2_on,3,JNJ.N,0.04004519623086891
tier2_on,3,KR.N,0.041351763446293224
tier2_on,3,LISP.S,0.013717271503135148
tier2_on,3,LLY.N,0.01820770636072575
tier2_on,3,LOTB.BR,0.020474197478200902
tier2_on,3,MOBN.S,0.10624263494998572
tier2_on,3,MRK.N,0.012380795690708867
tier2_on,3,NEM.N,0.022302701646126754
tier2_on,3,ORNBV.HE,0.010000277872118655
tier2_on,3,PGR.N,0.021299748472404
tier2_on,3,PLUSP.L,0.010026076757391362
tier2_on,3,PSPN.S,0.023447454267213716
tier2_on,3,QIA.DE,0.010052113158610144
tier2_on,3,SBNOR.OL,0.015281257920403508
tier2_on,3,SCMN.S,0.010146621892948678
tier2_on,3,SJM.N,0.01021458726201091
tier2_on,3,SPSN.S,0.010040109920084046
tier2_on,3,VATN.S,0.026286967091952926
tier2_on,3,VZ.N,0.01002125622873994
tier2_on,3,WM.N,0.010819991842784562
tier2_on,3,WMT.OQ,0.08131301641027873
tier2_on,4,ABBV.N,0.010197243529316261
tier2_on,4,AD.AS,0.027375461264499693
tier2_on,4,ALLN.S,0.05759289266494481
tier2_on,4,BCVN.S,0.05899496183704642
tier2_on,4,BFT.WA,0.010001752239937043
tier2_on,4,BKWB.S,0.0266747248039985
tier2_on,4,CBOE.Z,0.01909493199545085
tier2_on,4,CHD.N,0.011385288758645046
tier2_on,4,CHRW.OQ,0.01680068968027085
tier2_on,4,CLX.N,0.021668043819574993
tier2_on,4,COST.OQ,0.05532678077003404
tier2_on,4,DPZ.OQ,0.011665408066421405
tier2_on,4,GALD.S,0.01091363953541132
tier2_on,4,GALE.S,0.0854488948307492
tier2_on,4,GILD.OQ,0.01051260200341735
tier2_on,4,HLN.L,0.010183206359350803
tier2_on,4,HLT.N,0.014697433118503451
tier2_on,4,HUBN.S,0.011015406951826743
tier2_on,4,JNJ.N,0.03817187584262978
tier2_on,4,KR.N,0.04226927217119255
tier2_on,4,LISP.S,0.014672798433576294
tier2_on,4,LLY.N,0.022266090869535973
tier2_on,4,LOTB.BR,0.023682001795698734
tier2_on,4,MOBN.S,0.1072961097293004
tier2_on,4,MRK.N,0.011242061970424856
tier2_on,4,NEM.N,0.023510902423462446
tier2_on,4,ORNBV.HE,0.010009808222275964
tier2_on,4,PGR.N,0.026839267236165944
tier2_on,4,PLUSP.L,0.011065147135790305
tier2_on,4,PSPN.S,0.020214909171403755
tier2_on,4,SBNOR.OL,0.018986863020341162
tier2_on,4,SDZ.S,0.010004098557981038
tier2_on,4,SJM.N,0.01040097199243946
tier2_on,4,SPSN.S,0.01040527191686534
tier2_on,4,VATN.S,0.022441191067675382
tier2_on,4,WM.N,0.015216471896799038
tier2_on,4,WMT.OQ,0.09175552431704301
tier2_on,5,ABBV.N,0.011548120310512024
tier2_on,5,ACLN.S,0.01081845940085513
tier2_on,5,AD.AS,0.02792977678118039
tier2_on,5,ALLN.S,0.053264577560709625
tier2_on,5,ARGX.BR,0.010024969474858638
tier2_on,5,BCVN.S,0.05532511029944773
tier2_on,5,BFT.WA,0.01001841617776834
tier2_on,5,BKWB.S,0.03354234322180668
tier2_on,5,CBOE.Z,0.018041093161712787
tier2_on,5,CHD.N,0.010352909710187645
tier2_on,5,CHRW.OQ,0.015551833614338022
tier2_on,5,CLX.N,0.013057950183339634
tier2_on,5,COST.OQ,0.06125245024295186
tier2_on,5,DPZ.OQ,0.010885242130646951
tier2_on,5,GALD.S,0.011709586342343509
tier2_on,5,GALE.S,0.08996062198603202
tier2_on,5,HLN.L,0.010115153436004578
tier2_on,5,HLT.N,0.012439085166060267
tier2_on,5,HUBN.S,0.010361139497740606
tier2_on,5,JNJ.N,0.034045619797547035
tier2_on,5,KR.N,0.040889008127030696
tier2_on,5,LISP.S,0.012142680263813975
tier2_on,5,LLY.N,0.027334924436495482
tier2_on,5,LOTB.BR,0.02524410124995774
tier2_on,5,MOBN.S,0.10896873646962349
tier2_on,5,MRK.N,0.01069078457065374
tier2_on,5,NEM.N,0.025162602507133126
tier2_on,5,PGR.N,0.03298693185725453
tier2_on,5,PLUSP.L,0.0126444754830752
tier2_on,5,PSPN.S,0.01692996438523811
tier2_on,5,RSG.N,0.012266525880325306
tier2_on,5,SBNOR.OL,0.021445241187040696
tier2_on,5,SDZ.S,0.010156928226515108
tier2_on,5,VATN.S,0.014492091682128566
tier2_on,5,WM.N,0.01838538338881182
tier2_on,5,WMT.OQ,0.10001516178885905
tier2_on,6,ABBV.N,0.014855486262990852
tier2_on,6,ACLN.S,0.0164723492373493
tier2_on,6,AD.AS,0.02713980242476751
tier2_on,6,ALLN.S,0.04723796766060338
tier2_on,6,ARGX.BR,0.01002537768979256
tier2_on,6,BCVN.S,0.05056940988285471
tier2_on,6,BFT.WA,0.010000378488831781
tier2_on,6,BKWB.S,0.04278517132228258
tier2_on,6,CBOE.Z,0.018002955122784346
tier2_on,6,CHRW.OQ,0.01327507538556505
tier2_on,6,COST.OQ,0.06938682163085261
tier2_on,6,DPZ.OQ,0.010217473623952722
tier2_on,6,GALD.S,0.013725964431722748
tier2_on,6,GALE.S,0.09663190972922037
tier2_on,6,HLT.N,0.010129257182407873
tier2_on,6,HUBN.S,0.010008050041921828
tier2_on,6,JNJ.N,0.026191770379127923
tier2_on,6,KR.N,0.03846286918523342
tier2_on,6,LISP.S,0.010104287752278866
tier2_on,6,LLY.N,0.03430193425332431
tier2_on,6,LOTB.BR,0.02744051269929956
tier2_on,6,LTMC.MI,0.010001157310714177
tier2_on,6,MOBN.S,0.10804657712489589
tier2_on,6,NEM.N,0.026997860463723912
tier2_on,6,PGR.N,0.04120841410791823
tier2_on,6,PLUSP.L,0.014900766988612672
tier2_on,6,PSPN.S,0.011283999023979774
tier2_on,6,RSG.N,0.02102512569846294
tier2_on,6,SBNOR.OL,0.026043266449410313
tier2_on,6,SDZ.S,0.010388811970613386
tier2_on,6,WM.N,0.023381637061534816
tier2_on,6,WMT.OQ,0.10975755941296943
tier2_on,7,ABBV.N,0.013812502104691706
tier2_on,7,ACLN.S,0.02548973843622998
tier2_on,7,AD.AS,0.0195286599510054
tier2_on,7,ALLN.S,0.01832097344246965
tier2_on,7,ARGX.BR,0.012926445988247097
tier2_on,7,BCVN.S,0.03851042521412468
tier2_on,7,BFT.WA,0.010003468150999777
tier2_on,7,BKWB.S,0.05375387287911462
tier2_on,7,CBOE.Z,0.013317025270162113
tier2_on,7,CHRW.OQ,0.010007205563224854
tier2_on,7,COST.OQ,0.07575032914929639
tier2_on,7,DPZ.OQ,0.010008435171422319
tier2_on,7,GALD.S,0.016360858967224792
tier2_on,7,GALE.S,0.10119999661678068
tier2_on,7,HLT.N,0.010058831031026796
tier2_on,7,HUBN.S,0.010007849065995111
tier2_on,7,JNJ.N,0.010087669919920177
tier2_on,7,KR.N,0.029399124320935385
tier2_on,7,LLY.N,0.04013906325623414
tier2_on,7,LOTB.BR,0.028430311417355372
tier2_on,7,LTMC.MI,0.011718977116511448
tier2_on,7,MOBN.S,0.11001183612872097
tier2_on,7,NEM.N,0.029467674178186028
tier2_on,7,PGR.N,0.04942046155409997
tier2_on,7,PLUSP.L,0.017341416040275053
tier2_on,7,RSG.N,0.029640846219118923
tier2_on,7,SBNOR.OL,0.02700987987536324
tier2_on,7,SDZ.S,0.015299285114536479
tier2_on,7,TKO.N,0.010006084362233091
tier2_on,7,WM.N,0.02445560358572267
tier2_on,7,WMT.OQ,0.11851462779303766
tier2_on,7,ZEG.L,0.01000052211573338
tier2_on,8,ABBV.N,0.013922770248781054
tier2_on,8,ACLN.S,0.03337034951041903
tier2_on,8,AD.AS,0.011789313703219815
tier2_on,8,APH.N,0.010156223857803902
tier2_on,8,ARGX.BR,0.016131079345841084
tier2_on,8,BCVN.S,0.023098091603861084
tier2_on,8,BEAN.S,0.01001240197656681
tier2_on,8,BFT.WA,0.010014634621552552
tier2_on,8,BKWB.S,0.06210689058892128
tier2_on,8,CBOE.Z,0.010300887127017015
tier2_on,8,COST.OQ,0.08221540730056308
tier2_on,8,GALD.S,0.016994104422234094
tier2_on,8,GALE.S,0.1021781309532712
tier2_on,8,GAW.L,0.01002526844326836
tier2_on,8,HLT.N,0.010094423770145529
tier2_on,8,KR.N,0.02187223401526541
tier2_on,8,LLY.N,0.04734217906307411
tier2_on,8,LOTB.BR,0.02756236646101164
tier2_on,8,LTMC.MI,0.01686984811528216
tier2_on,8,MOBN.S,0.10148458688178424
tier2_on,8,NEM.N,0.031044565801320086
tier2_on,8,PGR.N,0.05902768848482911
tier2_on,8,PLUSP.L,0.019272162838117585
tier2_on,8,RSG.N,0.03517408159554544
tier2_on,8,SBNOR.OL,0.027949653012083693
tier2_on,8,SDZ.S,0.018341228668380595
tier2_on,8,TKO.N,0.010086090646123497
tier2_on,8,WM.N,0.02298058984793691
tier2_on,8,WMT.OQ,0.12844502215628964
tier2_on,8,ZEG.L,0.010137724939490068
tier2_on,9,ABBV.N,0.010039146188585406
tier2_on,9,ACLN.S,0.04548952410433549
tier2_on,9,APH.N,0.010131336575735
tier2_on,9,ARGX.BR,0.024689040555617235
tier2_on,9,BCVN.S,0.01000005168502207
tier2_on,9,BEAN.S,0.010000100014207461
tier2_on,9,BFT.WA,0.010000032486498223
tier2_on,9,BKWB.S,0.06763636073575026
tier2_on,9,COST.OQ,0.0909892917984661
tier2_on,9,GALD.S,0.017097645286176365
tier2_on,9,GALE.S,0.09201636352845965
tier2_on,9,GAW.L,0.012295510889455052
tier2_on,9,HLT.N,0.01000021403577147
tier2_on,9,IBE.MC,0.010062293424318424
tier2_on,9,LLY.N,0.05806611957660615
tier2_on,9,LOTB.BR,0.020858215308841962
tier2_on,9,LTMC.MI,0.022068495877039723
tier2_on,9,MOBN.S,0.07396623899718863
tier2_on,9,NEM.N,0.03301401490362532
tier2_on,9,PGR.N,0.0712204062140603
tier2_on,9,PLUSP.L,0.021215830670856927
tier2_on,9,PWR.N,0.01000173988060136
tier2_on,9,RSG.N,0.04022462180841223
tier2_on,9,SBNOR.OL,0.01489099686903804
tier2_on,9,SDZ.S,0.025108687267361193
tier2_on,9,TKO.N,0.0100000916378121
tier2_on,9,WM.N,0.01663469914041087
tier2_on,9,WMT.OQ,0.14173149632007884
tier2_on,9,ZEG.L,0.01055130193064882
tier2_on,9,ZURN.S,0.01000013228901965
tier2_on,10,ABBN.S,0.010015615363515152
tier2_on,10,ABBV.N,0.010023505775524452
tier2_on,10,ACLN.S,0.05847674373508553
tier2_on,10,APH.N,0.02325259515688695
tier2_on,10,ARGX.BR,0.036817120191914146
tier2_on,10,BEAN.S,0.010022923220964345
tier2_on,10,BKWB.S,0.06617854023279633
tier2_on,10,COST.OQ,0.0898689514722616
tier2_on,10,GALD.S,0.014151291597761255
tier2_on,10,GALE.S,0.06058818225935282
tier2_on,10,GAW.L,0.020450656979976983
tier2_on,10,GOOG.OQ,0.01000940575030542
tier2_on,10,IBE.MC,0.03965456083409522
tier2_on,10,LLY.N,0.06867312462190667
tier2_on,10,LOTB.BR,0.010194479337566821
tier2_on,10,LTMC.MI,0.02385581810944354
tier2_on,10,MOBN.S,0.01843752561723563
tier2_on,10,MSFT.OQ,0.010141559256595881
tier2_on,10,NEM.N,0.03505165764088702
tier2_on,10,PGR.N,0.0811619382779995
tier2_on,10,PLUSP.L,0.02158782784587852
tier2_on,10,PWR.N,0.01295498686346089
tier2_on,10,RSG.N,0.0320096641262672
tier2_on,10,SBNOR.OL,0.010005116736870366
tier2_on,10,SDZ.S,0.03313906576735
tier2_on,10,TKO.N,0.010004716013633078
tier2_on,10,WM.N,0.010210888598602356
tier2_on,10,WMT.OQ,0.14951586783982437
tier2_on,10,ZEG.L,0.013498239321705548
tier2_on,10,ZURN.S,0.010047431454332649
tier2_on,11,AAPL.OQ,0.010000450070928353
tier2_on,11,ABBN.S,0.010000550822500688
tier2_on,11,ABBV.N,0.010000351856319017
tier2_on,11,ACLN.S,0.07803166637900028
tier2_on,11,APH.N,0.03026390557320842
tier2_on,11,ARGX.BR,0.0540204434324021
tier2_on,11,AVGO.OQ,0.0100005742820674
tier2_on,11,BEAN.S,0.010000747619002699
tier2_on,11,BKWB.S,0.05037007678656394
tier2_on,11,CDNS.OQ,0.01000046154134714
tier2_on,11,COST.OQ,0.0767297529602797
tier2_on,11,GALD.S,0.010045820918879423
tier2_on,11,GALE.S,0.010011251556556088
tier2_on,11,GAW.L,0.03420242291847333
tier2_on,11,IBE.MC,0.059260144569217105
tier2_on,11,LLY.N,0.08976008000497908
tier2_on,11,LTMC.MI,0.02011168945281363
tier2_on,11,MSFT.OQ,0.011375385192136258
tier2_on,11,NEM.N,0.02647021427201994
tier2_on,11,PGR.N,0.09462108553627306
tier2_on,11,PLUSP.L,0.01982947904180738
tier2_on,11,PWR.N,0.024430937840911635
tier2_on,11,RSG.N,0.010056769169920553
tier2_on,11,SDZ.S,0.0347736177104159
tier2_on,11,SQN.S,0.010000399977577054
tier2_on,11,TT.N,0.010000220358191862
tier2_on,11,WM.N,0.010001225497515191
tier2_on,11,WMT.OQ,0.14939851239014382
tier2_on,11,ZEG.L,0.016230553093888232
tier2_on,11,ZURN.S,0.010001209174660608
tier2_on,12,AAPL.OQ,0.010000037478152465
tier2_on,12,ABBN.S,0.010000014776190705
tier2_on,12,ACLN.S,0.10396163569826916
tier2_on,12,APH.N,0.05115320507662781
tier2_on,12,ARGX.BR,0.08756548313750712
tier2_on,12,AVGO.OQ,0.010000103884065541
tier2_on,12,BEAN.S,0.010000012732486156
tier2_on,12,BKWB.S,0.010000150477631765
tier2_on,12,CDNS.OQ,0.010000113887730696
tier2_on,12,COST.OQ,0.010913710034115356
tier2_on,12,GALD.S,0.01000001860223976
tier2_on,12,GAW.L,0.049043843037610446
tier2_on,12,GOOG.OQ,0.010000014141615166
tier2_on,12,IBE.MC,0.046891286448364315
tier2_on,12,LLY.N,0.12268234358875242
tier2_on,12,LTMC.MI,0.010000114251784662
tier2_on,12,MSFT.OQ,0.050125471382504054
tier2_on,12,NEM.N,0.010003364601693633
tier2_on,12,NVDA.OQ,0.01389871276013267
tier2_on,12,PGR.N,0.09729895613355741
tier2_on,12,PLUSP.L,0.0100014622457791
tier2_on,12,PWR.N,0.061137670310003264
tier2_on,12,RSG.N,0.010000058699946466
tier2_on,12,SDZ.S,0.01812168727158852
tier2_on,12,SQN.S,0.010000020518222104
tier2_on,12,TT.N,0.010000028498010884
tier2_on,12,WM.N,0.010000017366044611
tier2_on,12,WMT.OQ,0.11199165868183204
tier2_on,12,ZEG.L,0.015208788931480657
tier2_on,12,ZURN.S,0.010000015346061014
tier2_on,13,AAPL.OQ,0.01
tier2_on,13,ABBN.S,0.01
tier2_on,13,ACLN.S,0.11000090495375615
tier2_on,13,APH.N,0.04047566004666621
tier2_on,13,ARGX.BR,0.1346076401361755
tier2_on,13,AVGO.OQ,0.010000000000000004
tier2_on,13,BKWB.S,0.009999999999999988
tier2_on,13,CDNS.OQ,0.01
tier2_on,13,COST.OQ,0.01
tier2_on,13,GALD.S,0.01
tier2_on,13,GAW.L,0.045391454910068144
tier2_on,13,GOOG.OQ,0.009999999999999998
tier2_on,13,IBE.MC,0.01
tier2_on,13,IETB.BR,0.010000000000000002
tier2_on,13,LLY.N,0.14539235986382487
tier2_on,13,LTMC.MI,0.010000000000000005
tier2_on,13,MSFT.OQ,0.06824569457337797
tier2_on,13,NEM.N,0.01
tier2_on,13,NVDA.OQ,0.07642437557909246
tier2_on,13,PGR.N,0.043820321025839035
tier2_on,13,PLUSP.L,0.01
tier2_on,13,PWR.N,0.12564158891119961
tier2_on,13,RSG.N,0.009999999999999997
tier2_on,13,SDZ.S,0.01
tier2_on,13,SQN.S,0.01
tier2_on,13,TT.N,0.01
tier2_on,13,WM.N,0.010000000000000005
tier2_on,13,WMT.OQ,0.009999999999999998
tier2_on,13,ZEG.L,0.01
tier2_on,13,ZURN.S,0.010000000000000005
tier2_on,14,AAPL.OQ,0.010000000414353706
tier2_on,14,ABBN.S,0.01000000009733017
tier2_on,14,ACLN.S,0.012427203379960668
tier2_on,14,APH.N,0.010000000735565024
tier2_on,14,ARGX.BR,0.19999999979330657
tier2_on,14,ASMI.AS,0.01000000010332424
tier2_on,14,AVGO.OQ,0.029999987151626325
tier2_on,14,CAT.N,0.010000000149445697
tier2_on,14,CDNS.OQ,0.01000001173585303
tier2_on,14,COST.OQ,0.01000000014301616
tier2_on,14,CTAS.OQ,0.01000000015504868
tier2_on,14,FIX.N,0.010000000283873116
tier2_on,14,GAW.L,0.1075728069026416
tier2_on,14,GOOG.OQ,0.010000000047235658
tier2_on,14,GOOGL.OQ,0.010000000043966464
tier2_on,14,IBE.MC,0.010000000096889412
tier2_on,14,IETB.BR,0.010000000024209936
tier2_on,14,KLAC.OQ,0.010000000165899796
tier2_on,14,LLY.N,0.019999992045174036
tier2_on,14,LRCX.OQ,0.01000000005973187
tier2_on,14,LTMC.MI,0.010000000130232231
tier2_on,14,MSFT.OQ,0.0100000005012036
tier2_on,14,NVDA.OQ,0.19999999977771593
tier2_on,14,PGR.N,0.010000000094753731
tier2_on,14,PWR.N,0.1999999984155424
tier2_on,14,SDZ.S,0.010000000033876834
tier2_on,14,SQN.S,0.010000000130748362
tier2_on,14,TT.N,0.010000000184740848
tier2_on,14,WMT.OQ,0.010000000134593628
tier2_on,14,ZEG.L,0.010000000002442066
sector_cap_none,0,AD.AS,0.018429015766278464
sector_cap_none,0,ALLN.S,0.06851698943591557
sector_cap_none,0,BARN.S,0.013671425551352591
sector_cap_none,0,BCVN.S,0.06275292649659958
sector_cap_none,0,BMY.N,0.0179343392405713
sector_cap_none,0,CBOE.Z,0.014053890879820338
sector_cap_none,0,CHD.N,0.010509800382020122
sector_cap_none,0,CHRW.OQ,0.014985478203706543
sector_cap_none,0,CLX.N,0.04267520486423858
sector_cap_none,0,CMG.N,0.010000420204018198
sector_cap_none,0,COST.OQ,0.02278736119294071
sector_cap_none,0,CPB.OQ,0.026214512638169745
sector_cap_none,0,DKSH.S,0.012317996002175586
sector_cap_none,0,DPZ.OQ,0.012284043325038047
sector_cap_none,0,GALE.S,0.06238498725013228
sector_cap_none,0,GILD.OQ,0.020501199031666757
sector_cap_none,0,GIS.N,0.02578354408276218
sector_cap_none,0,HLN.L,0.010042802482094479
sector_cap_none,0,HLT.N,0.014407804723347064
sector_cap_none,0,HRL.N,0.010049860258209057
sector_cap_none,0,HUBN.S,0.010198074033549652
sector_cap_none,0,JNJ.N,0.02989166980421162
sector_cap_none,0,KR.N,0.04235567800276669
sector_cap_none,0,LISP.S,0.021472589526798105
sector_cap_none,0,LOTB.BR,0.01588814450006115
sector_cap_none,0,MO.N,0.01204424831734967
sector_cap_none,0,MOBN.S,0.09850324624761725
sector_cap_none,0,NEM.N,0.01642230214292632
sector_cap_none,0,NOC.N,0.010225245300516135
sector_cap_none,0,ORNBV.HE,0.010000416888032783
sector_cap_none,0,PSPN.S,0.03079960408493449
sector_cap_none,0,QIA.DE,0.020596406602850073
sector_cap_none,0,QQ.L,0.010009215351698936
sector_cap_none,0,SCMN.S,0.020326344927872258
sector_cap_none,0,SJM.N,0.023731321129679992
sector_cap_none,0,SPSN.S,0.010026186527519403
sector_cap_none,0,VATN.S,0.03849304695761286
sector_cap_none,0,VZ.N,0.02477980427469484
sector_cap_none,0,VZN.S,0.010001004270296309
sector_cap_none,0,WMT.OQ,0.05393184909795442
sector_cap_none,1,AD.AS,0.019968052234013118
sector_cap_none,1,ALLN.S,0.06763402460419593
sector_cap_none,1,BARN.S,0.011604559417916572
sector_cap_none,1,BCVN.S,0.06252510267505317
sector_cap_none,1,BKWB.S,0.010038510852722575
sector_cap_none,1,BMY.N,0.012971290015607866
sector_cap_none,1,CBOE.Z,0.017239188872462098
sector_cap_none,1,CHD.N,0.011871800164903409
sector_cap_none,1,CHRW.OQ,0.01651458946353046
sector_cap_none,1,CLX.N,0.037954695675838486
sector_cap_none,1,COST.OQ,0.03311761245750823
sector_cap_none,1,CPB.OQ,0.020842314432675913
sector_cap_none,1,DKSH.S,0.010083759457094601
sector_cap_none,1,DPZ.OQ,0.01356867588417736
sector_cap_none,1,GALE.S,0.06858188813147917
sector_cap_none,1,GILD.OQ,0.018413061129573277
sector_cap_none,1,GIS.N,0.019879785351958622
sector_cap_none,1,HLN.L,0.010618834039761896
sector_cap_none,1,HLT.N,0.018018620293489662
sector_cap_none,1,HUBN.S,0.011178952613266107
sector_cap_none,1,JNJ.N,0.032523701724228166
sector_cap_none,1,KR.N,0.04235802579001087
sector_cap_none,1,LISP.S,0.020475539219597803
sector_cap_none,1,LOTB.BR,0.018431162376138458
sector_cap_none,1,MO.N,0.010863892567260214
sector_cap_none,1,MOBN.S,0.09945358114814812
sector_cap_none,1,MRK.N,0.011061287227080148
sector_cap_none,1,NEM.N,0.018001895774245165
sector_cap_none,1,NOC.N,0.012224835897642818
sector_cap_none,1,ORNBV.HE,0.010017279263626519
sector_cap_none,1,PLUSP.L,0.010001511957381085
sector_cap_none,1,PSPN.S,0.028830150754320664
sector_cap_none,1,QIA.DE,0.0176711352853662
sector_cap_none,1,SBNOR.OL,0.010125916303584427
sector_cap_none,1,SCMN.S,0.015557669991438514
sector_cap_none,1,SJM.N,0.020039983207955244
sector_cap_none,1,SPSN.S,0.010346123119832192
sector_cap_none,1,VATN.S,0.03651810426372478
sector_cap_none,1,VZ.N,0.01898874234467982
sector_cap_none,1,WMT.OQ,0.06388414401651041
sector_cap_none,2,AD.AS,0.022340892409358104
sector_cap_none,2,ALLN.S,0.0633983237515538
sector_cap_none,2,BARN.S,0.010253619593751732
sector_cap_none,2,BCVN.S,0.06112861970015292
sector_cap_none,2,BFT.WA,0.010001537128524403
sector_cap_none,2,BKWB.S,0.01202570076987731
sector_cap_none,2,BMY.N,0.010055973325977494
sector_cap_none,2,CBOE.Z,0.01787967266688233
sector_cap_none,2,CHD.N,0.011546825172015732
sector_cap_none,2,CHRW.OQ,0.016097934539111087
sector_cap_none,2,CLX.N,0.032550150193101784
sector_cap_none,2,COST.OQ,0.04042200308540742
sector_cap_none,2,CPB.OQ,0.014761680656897726
sector_cap_none,2,DPZ.OQ,0.012722415053314685
sector_cap_none,2,GALD.S,0.010023119886382739
sector_cap_none,2,GALE.S,0.07390640672018252
sector_cap_none,2,GILD.OQ,0.014957608029221343
sector_cap_none,2,GIS.N,0.013555248008412306
sector_cap_none,2,HLN.L,0.010206570124682183
sector_cap_none,2,HLT.N,0.016494658438052832
sector_cap_none,2,HUBN.S,0.010733861163435528
sector_cap_none,2,JNJ.N,0.034121940996601534
sector_cap_none,2,KR.N,0.04229011244460629
sector_cap_none,2,LISP.S,0.018802994504518913
sector_cap_none,2,LLY.N,0.010549191084684608
sector_cap_none,2,LOTB.BR,0.019834920238133415
sector_cap_none,2,MO.N,0.010223764636663883
sector_cap_none,2,MOBN.S,0.1030374420026717
sector_cap_none,2,MRK.N,0.010802574574715958
sector_cap_none,2,NEM.N,0.01980174085511943
sector_cap_none,2,NOC.N,0.012159400018257646
sector_cap_none,2,ORNBV.HE,0.010013275126055803
sector_cap_none,2,PGR.N,0.010859516723124869
sector_cap_none,2,PLUSP.L,0.010008871146145838
sector_cap_none,2,PSPN.S,0.026755745788954597
sector_cap_none,2,QIA.DE,0.012878655732195224
sector_cap_none,2,SBNOR.OL,0.010513758239326204
sector_cap_none,2,SCMN.S,0.01156102231728636
sector_cap_none,2,SJM.N,0.015350654357676503
sector_cap_none,2,SPSN.S,0.010250071624954673
sector_cap_none,2,VATN.S,0.03026321307536228
sector_cap_none,2,VZ.N,0.012048201283849504
sector_cap_none,2,WMT.OQ,0.07281011281279885
sector_cap_none,3,ABBV.N,0.010000343292953458
sector_cap_none,3,AD.AS,0.023408715668776267
sector_cap_none,3,ALLN.S,0.05858248514263807
sector_cap_none,3,BARN.S,0.010000471801405574
sector_cap_none,3,BCVN.S,0.058653834018730776
sector_cap_none,3,BFT.WA,0.010000022297875952
sector_cap_none,3,BKWB.S,0.020828143730655217
sector_cap_none,3,CBOE.Z,0.017589028033148414
sector_cap_none,3,CHD.N,0.010018037550421693
sector_cap_none,3,CHRW.OQ,0.015243119190008803
sector_cap_none,3,CLX.N,0.0223361826390294
sector_cap_none,3,COST.OQ,0.04872032250161284
sector_cap_none,3,CPB.OQ,0.010000829639053738
sector_cap_none,3,DPZ.OQ,0.011846481913296906
sector_cap_none,3,GALD.S,0.010055173215189239
sector_cap_none,3,GALE.S,0.08023112513472369
sector_cap_none,3,GILD.OQ,0.010166508785414877
sector_cap_none,3,GIS.N,0.010000876916344912
sector_cap_none,3,HLN.L,0.010004150448564118
sector_cap_none,3,HLT.N,0.015581589145580175
sector_cap_none,3,HUBN.S,0.010717357323178854
sector_cap_none,3,JNJ.N,0.030465452550817496
sector_cap_none,3,KR.N,0.040404964440459885
sector_cap_none,3,LISP.S,0.015607742702563165
sector_cap_none,3,LLY.N,0.017097392165807017
sector_cap_none,3,LOTB.BR,0.022256763299658058
sector_cap_none,3,MO.N,0.010000335151277674
sector_cap_none,3,MOBN.S,0.10436949798026254
sector_cap_none,3,MRK.N,0.010041301617907119
sector_cap_none,3,NEM.N,0.02194063786077996
sector_cap_none,3,NOC.N,0.010525336886482186
sector_cap_none,3,ORNBV.HE,0.010000200441375099
sector_cap_none,3,PGR.N,0.019188507445872055
sector_cap_none,3,PLUSP.L,0.010066894593550202
sector_cap_none,3,PSPN.S,0.0216427498101461
sector_cap_none,3,QIA.DE,0.010021839510040523
sector_cap_none,3,SBNOR.OL,0.01570029530135273
sector_cap_none,3,SCMN.S,0.01000237154770451
sector_cap_none,3,SJM.N,0.010017087382095061
sector_cap_none,3,SPSN.S,0.010003018630546796
sector_cap_none,3,VATN.S,0.02394922747153359
sector_cap_none,3,VZ.N,0.010000497354150383
sector_cap_none,3,WM.N,0.010001545564309468
sector_cap_none,3,WMT.OQ,0.0827115419027054
sector_cap_none,4,ABBV.N,0.010038773142689549
sector_cap_none,4,AD.AS,0.02884305358689331
sector_cap_none,4,ALLN.S,0.056866059946396846
sector_cap_none,4,BCVN.S,0.059665260072662624
sector_cap_none,4,BFT.WA,0.010000053576393376
sector_cap_none,4,BKWB.S,0.02783089735152285
sector_cap_none,4,CBOE.Z,0.018390786894082085
sector_cap_none,4,CHD.N,0.010352861730822643
sector_cap_none,4,CHRW.OQ,0.015529851226747701
sector_cap_none,4,CLX.N,0.020541316409413278
sector_cap_none,4,COST.OQ,0.05591593732922976
sector_cap_none,4,DPZ.OQ,0.01129776456958137
sector_cap_none,4,GALD.S,0.0114582662739111
sector_cap_none,4,GALE.S,0.08738582775324154
sector_cap_none,4,GILD.OQ,0.010072705568251555
sector_cap_none,4,HLN.L,0.010056910157178205
sector_cap_none,4,HLT.N,0.014339475402968198
sector_cap_none,4,HUBN.S,0.011158397201293612
sector_cap_none,4,JNJ.N,0.037063268516912315
sector_cap_none,4,KR.N,0.04173070269296366
sector_cap_none,4,LISP.S,0.016295820051792687
sector_cap_none,4,LLY.N,0.022518072962966543
sector_cap_none,4,LOTB.BR,0.024859246022125393
sector_cap_none,4,MOBN.S,0.10890414656869533
sector_cap_none,4,MRK.N,0.01068719419877536
sector_cap_none,4,NEM.N,0.02384049449548107
sector_cap_none,4,NOC.N,0.011150024319447897
sector_cap_none,4,PGR.N,0.026006516595866676
sector_cap_none,4,PLUSP.L,0.011218257924654692
sector_cap_none,4,PSPN.S,0.020211256543268556
sector_cap_none,4,SBNOR.OL,0.01928796350700451
sector_cap_none,4,SDZ.S,0.010000091870153594
sector_cap_none,4,SJM.N,0.010015131503912244
sector_cap_none,4,SPSN.S,0.010033072638995597
sector_cap_none,4,VATN.S,0.021136477257139078
sector_cap_none,4,WM.N,0.01298204238764482
sector_cap_none,4,WMT.OQ,0.09231602174892044
sector_cap_none,5,ABBV.N,0.010860738020368655
sector_cap_none,5,ACLN.S,0.010801791585013756
sector_cap_none,5,AD.AS,0.02667098635205892
sector_cap_none,5,ALLN.S,0.0515115354973211
sector_cap_none,5,ARGX.BR,0.010001214353826256
sector_cap_none,5,BCVN.S,0.0536457153076479
sector_cap_none,5,BFT.WA,0.010001578257233443
sector_cap_none,5,BKWB.S,0.034109973149757646
sector_cap_none,5,CBOE.Z,0.01754233771035916
sector_cap_none,5,CHD.N,0.010072553805693833
sector_cap_none,5,CHRW.OQ,0.015103629706569385
sector_cap_none,5,CLX.N,0.011131299397263405
sector_cap_none,5,COST.OQ,0.06221090426334401
sector_cap_none,5,DPZ.OQ,0.010605866423359173
sector_cap_none,5,GALD.S,0.011454359834981014
sector_cap_none,5,GALE.S,0.08938886446515265
sector_cap_none,5,HLN.L,0.010022849073056745
sector_cap_none,5,HLT.N,0.012125641836338434
sector_cap_none,5,HUBN.S,0.01010344309133415
sector_cap_none,5,JNJ.N,0.029883958614019022
sector_cap_none,5,KR.N,0.03975922619634156
sector_cap_none,5,LISP.S,0.011213703464815457
sector_cap_none,5,LLY.N,0.027140186205252506
sector_cap_none,5,LOTB.BR,0.025164606603622013
sector_cap_none,5,MOBN.S,0.10822590386538603
sector_cap_none,5,MRK.N,0.010126715130822165
sector_cap_none,5,NEM.N,0.025114602435024308
sector_cap_none,5,NOC.N,0.010277947670246706
sector_cap_none,5,ORNBV.HE,0.010001644069938994
sector_cap_none,5,PGR.N,0.03325271883445435
sector_cap_none,5,PLUSP.L,0.012871427239668404
sector_cap_none,5,PSPN.S,0.015502773180255018
sector_cap_none,5,RSG.N,0.011656194845697361
sector_cap_none,5,SBNOR.OL,0.02173325383279746
sector_cap_none,5,SDZ.S,0.010024257527771422
sector_cap_none,5,VATN.S,0.012338311687278352
sector_cap_none,5,WM.N,0.01766788038006048
sector_cap_none,5,WMT.OQ,0.10067940608586881
sector_cap_none,6,ABBV.N,0.014276966757915748
sector_cap_none,6,ACLN.S,0.01526417081854014
sector_cap_none,6,AD.AS,0.02604662557000883
sector_cap_none,6,ALLN.S,0.04658002843982161
sector_cap_none,6,ARGX.BR,0.010027630499254722
sector_cap_none,6,BCVN.S,0.04954858782422333
sector_cap_none,6,BFT.WA,0.010000313926333021
sector_cap_none,6,BKWB.S,0.04206498693572194
sector_cap_none,6,CBOE.Z,0.018172846722034706
sector_cap_none,6,CHRW.OQ,0.013629864380033165
sector_cap_none,6,COST.OQ,0.06982383986050457
sector_cap_none,6,DPZ.OQ,0.010402624409853033
sector_cap_none,6,GALD.S,0.013034887049388242
sector_cap_none,6,GALE.S,0.09570060107068329
sector_cap_none,6,HLT.N,0.010338798077569294
sector_cap_none,6,HUBN.S,0.010004388539223362
sector_cap_none,6,JNJ.N,0.025280031079087235
sector_cap_none,6,KR.N,0.03864037130807654
sector_cap_none,6,LISP.S,0.010084569510166744
sector_cap_none,6,LLY.N,0.03380315885059217
sector_cap_none,6,LOTB.BR,0.02678348546086358
sector_cap_none,6,LTMC.MI,0.01000100192711812
sector_cap_none,6,MOBN.S,0.10746083869328493
sector_cap_none,6,NEM.N,0.027114180768937377
sector_cap_none,6,PGR.N,0.041064075720791
sector_cap_none,6,PLUSP.L,0.014513326660260875
sector_cap_none,6,PSPN.S,0.011154936080308181
sector_cap_none,6,RSG.N,0.021092303396285355
sector_cap_none,6,SBNOR.OL,0.024625190385565935
sector_cap_none,6,SDZ.S,0.010252268160337972
sector_cap_none,6,WM.N,0.023413815305546988
sector_cap_none,6,WMT.OQ,0.1097992403332471
sector_cap_none,6,ZEG.L,0.010000045478420889
sector_cap_none,7,ABBV.N,0.013717835130030541
sector_cap_none,7,ACLN.S,0.026094387998232323
sector_cap_none,7,AD.AS,0.018895558108159648
sector_cap_none,7,ALLN.S,0.01660069043841182
sector_cap_none,7,ARGX.BR,0.013168706643402302
sector_cap_none,7,BCVN.S,0.03762140241649502
sector_cap_none,7,BFT.WA,0.01000760963112844
sector_cap_none,7,BKWB.S,0.054376169457360325
sector_cap_none,7,CBOE.Z,0.012973747524904385
sector_cap_none,7,CHRW.OQ,0.010013673805907645
sector_cap_none,7,COST.OQ,0.07610076371783148
sector_cap_none,7,DPZ.OQ,0.010019810019696328
sector_cap_none,7,GALD.S,0.016498300390493225
sector_cap_none,7,GALE.S,0.10128223657139823
sector_cap_none,7,HLT.N,0.010096538084154835
sector_cap_none,7,HUBN.S,0.010015752877080236
sector_cap_none,7,JNJ.N,0.010135544233122818
sector_cap_none,7,KR.N,0.02878922180115504
sector_cap_none,7,LLY.N,0.04050107161811685
sector_cap_none,7,LOTB.BR,0.028447276047887268
sector_cap_none,7,LTMC.MI,0.012078161584922729
sector_cap_none,7,MOBN.S,0.10964888762696105
sector_cap_none,7,NEM.N,0.029551818792462558
sector_cap_none,7,PGR.N,0.049907537023402664
sector_cap_none,7,PLUSP.L,0.017504023273152206
sector_cap_none,7,RSG.N,0.02992752433374098
sector_cap_none,7,SBNOR.OL,0.02724011006208536
sector_cap_none,7,SDZ.S,0.015556338550510316
sector_cap_none,7,TKO.N,0.010013378562387293
sector_cap_none,7,WM.N,0.024250504905952125
sector_cap_none,7,WMT.OQ,0.11896423311590441
sector_cap_none,7,ZEG.L,0.010001185653549623
sector_cap_none,8,ABBV.N,0.013575209392138124
sector_cap_none,8,ACLN.S,0.034052585970910036
sector_cap_none,8,AD.AS,0.010524881059412808
sector_cap_none,8,APH.N,0.010000251374782092
sector_cap_none,8,ARGX.BR,0.016567272588432
sector_cap_none,8,BCVN.S,0.021876502708030494
sector_cap_none,8,BEAN.S,0.010000029868683492
sector_cap_none,8,BFT.WA,0.010000084982035534
sector_cap_none,8,BKWB.S,0.06238329062481671
sector_cap_none,8,CBOE.Z,0.010012601690598465
sector_cap_none,8,COST.OQ,0.08277439870678842
sector_cap_none,8,GALD.S,0.017094012687429532
sector_cap_none,8,GALE.S,0.10200115106679988
sector_cap_none,8,GAW.L,0.010000052944857122
sector_cap_none,8,HLT.N,0.010000478734005308
sector_cap_none,8,KR.N,0.02102770660895135
sector_cap_none,8,LLY.N,0.04777526021084064
sector_cap_none,8,LOTB.BR,0.027462419510009165
sector_cap_none,8,LTMC.MI,0.01730780139320411
sector_cap_none,8,MOBN.S,0.1012056152526486
sector_cap_none,8,NEM.N,0.031229192331688412
sector_cap_none,8,PGR.N,0.05959257645179661
sector_cap_none,8,PLUSP.L,0.019383055438644554
sector_cap_none,8,RSG.N,0.035735325461553724
sector_cap_none,8,SBNOR.OL,0.027310359421228798
sector_cap_none,8,SDZ.S,0.01882118648204272
sector_cap_none,8,TKO.N,0.010000362875432798
sector_cap_none,8,WM.N,0.023108721773028224
sector_cap_none,8,WMT.OQ,0.1291762591930011
sector_cap_none,8,ZEG.L,0.010001353196209149
sector_cap_none,9,ABBV.N,0.01003539244091748
sector_cap_none,9,ACLN.S,0.04625783061557964
sector_cap_none,9,AD.AS,0.010000040459886292
sector_cap_none,9,APH.N,0.01034804275806791
sector_cap_none,9,ARGX.BR,0.025236651689576117
sector_cap_none,9,BEAN.S,0.010000123753254818
sector_cap_none,9,BFT.WA,0.010000035362736116
sector_cap_none,9,BKWB.S,0.06781103148883227
sector_cap_none,9,COST.OQ,0.09089875539290743
sector_cap_none,9,GALD.S,0.017199746801187295
sector_cap_none,9,GALE.S,0.09050139835956386
sector_cap_none,9,GAW.L,0.012946396746667043
sector_cap_none,9,HLT.N,0.01000032587022837
sector_cap_none,9,IBE.MC,0.010058086516998101
sector_cap_none,9,LLY.N,0.05860356493710646
sector_cap_none,9,LOTB.BR,0.020249982700164666
sector_cap_none,9,LTMC.MI,0.02254168510496192
sector_cap_none,9,MOBN.S,0.07167176039457493
sector_cap_none,9,NEM.N,0.033250640284343415
sector_cap_none,9,PGR.N,0.0721525659961607
sector_cap_none,9,PLUSP.L,0.021311941405554435
sector_cap_none,9,PWR.N,0.010003157898728824
sector_cap_none,9,RSG.N,0.04072226144080554
sector_cap_none,9,SBNOR.OL,0.014547017254789898
sector_cap_none,9,SDZ.S,0.025574876318812008
sector_cap_none,9,TKO.N,0.010000117898891308
sector_cap_none,9,WM.N,0.01589375418056912
sector_cap_none,9,WMT.OQ,0.14158411197594856
sector_cap_none,9,ZEG.L,0.010598556945790342
sector_cap_none,9,ZURN.S,0.010000147006395187
sector_cap_none,10,ABBN.S,0.010010776373921932
sector_cap_none,10,ABBV.N,0.010013576164489642
sector_cap_none,10,ACLN.S,0.058820170779606225
sector_cap_none,10,APH.N,0.024090756137116802
sector_cap_none,10,ARGX.BR,0.0373607325720083
sector_cap_none,10,BEAN.S,0.010013265070924518
sector_cap_none,10,BKWB.S,0.06578254130242336
sector_cap_none,10,COST.OQ,0.08989209980893714
sector_cap_none,10,GALD.S,0.013868985379611292
sector_cap_none,10,GALE.S,0.0590175681030732
sector_cap_none,10,GAW.L,0.020633755804514826
sector_cap_none,10,GOOG.OQ,0.010005900985969981
sector_cap_none,10,IBE.MC,0.041358857629669524
sector_cap_none,10,LLY.N,0.06911481947822448
sector_cap_none,10,LOTB.BR,0.010135611786800275
sector_cap_none,10,LTMC.MI,0.023626874431597743
sector_cap_none,10,MOBN.S,0.015920660624714335
sector_cap_none,10,MSFT.OQ,0.010128463479895438
sector_cap_none,10,NEM.N,0.03515770966157935
sector_cap_none,10,PGR.N,0.08149834550186295
sector_cap_none,10,PLUSP.L,0.021555543725197746
sector_cap_none,10,PWR.N,0.01339951272229919
sector_cap_none,10,RSG.N,0.031522430918619136
sector_cap_none,10,SBNOR.OL,0.010002478535024275
sector_cap_none,10,SDZ.S,0.03350169379956304
sector_cap_none,10,TKO.N,0.010002467686982644
sector_cap_none,10,WM.N,0.010123907280664075
sector_cap_none,10,WMT.OQ,0.14985505720127776
sector_cap_none,10,ZEG.L,0.013555187409947753
sector_cap_none,10,ZURN.S,0.010030249643483185
sector_cap_none,11,AAPL.OQ,0.010000011839506509
sector_cap_none,11,ABBN.S,0.010000013207634328
sector_cap_none,11,ACLN.S,0.07678431736126631
sector_cap_none,11,APH.N,0.031354430283825646
sector_cap_none,11,ARGX.BR,0.05419683522812018
sector_cap_none,11,AVGO.OQ,0.0100000154155964
sector_cap_none,11,BEAN.S,0.010000005287057008
sector_cap_none,11,BKWB.S,0.048539541245088295
sector_cap_none,11,CDNS.OQ,0.010000034421653757
sector_cap_none,11,COST.OQ,0.07720820925047239
sector_cap_none,11,GALD.S,0.010000124697378598
sector_cap_none,11,GALE.S,0.010000045372059965
sector_cap_none,11,GAW.L,0.03377665562639101
sector_cap_none,11,IBE.MC,0.05887043432709714
sector_cap_none,11,KOG.OL,0.010000003949759839
sector_cap_none,11,LLY.N,0.09168879100418949
sector_cap_none,11,LTMC.MI,0.01879115961118805
sector_cap_none,11,MSFT.OQ,0.012385275960394883
sector_cap_none,11,NEM.N,0.026377415246747412
sector_cap_none,11,PGR.N,0.0962050367251864
sector_cap_none,11,PLUSP.L,0.019432840969386467
sector_cap_none,11,PWR.N,0.023941487525663906
sector_cap_none,11,RSG.N,0.01000052531312523
sector_cap_none,11,SDZ.S,0.034276128486400215
sector_cap_none,11,SQN.S,0.010000005032412773
sector_cap_none,11,TT.N,0.01000000567894695
sector_cap_none,11,WM.N,0.010000012152521599
sector_cap_none,11,WMT.OQ,0.1501668910918769
sector_cap_none,11,ZEG.L,0.01600372946813283
sector_cap_none,11,ZURN.S,0.010000018220919584
sector_cap_none,12,AAPL.OQ,0.010000162194720729
sector_cap_none,12,ABBN.S,0.010000015218927844
sector_cap_none,12,ACLN.S,0.10478996743876055
sector_cap_none,12,APH.N,0.051301663301594094
sector_cap_none,12,ARGX.BR,0.08846487943244467
sector_cap_none,12,AVGO.OQ,0.010000379071137945
sector_cap_none,12,BKWB.S,0.010001168587116315
sector_cap_none,12,CDNS.OQ,0.01000023319701316
sector_cap_none,12,COST.OQ,0.010741890509221346
sector_cap_none,12,GALD.S,0.010000094461606103
sector_cap_none,12,GAW.L,0.05001382477363422
sector_cap_none,12,GOOG.OQ,0.010000054617333904
sector_cap_none,12,IBE.MC,0.04546355607686357
sector_cap_none,12,KOG.OL,0.010000029392499239
sector_cap_none,12,LLY.N,0.12316552469023408
sector_cap_none,12,LTMC.MI,0.010000884462655475
sector_cap_none,12,MSFT.OQ,0.05087928967673785
sector_cap_none,12,NEM.N,0.01000634672415104
sector_cap_none,12,NVDA.OQ,0.015305077953494218
sector_cap_none,12,PGR.N,0.09622832630350579
sector_cap_none,12,PLUSP.L,0.010010463029491328
sector_cap_none,12,PWR.N,0.06118131631465307
sector_cap_none,12,RSG.N,0.01000025438319845
sector_cap_none,12,SDZ.S,0.017488291885076102
sector_cap_none,12,SQN.S,0.010000088846186923
sector_cap_none,12,TT.N,0.010000106636638384
sector_cap_none,12,WM.N,0.010000059789601926
sector_cap_none,12,WMT.OQ,0.11000283129620753
sector_cap_none,12,ZEG.L,0.01495320286041093
sector_cap_none,12,ZURN.S,0.01000001687488344
sector_cap_none,13,AAPL.OQ,0.01000071637695476
sector_cap_none,13,ABBN.S,0.01000022857524888
sector_cap_none,13,ACLN.S,0.10500169711922036
sector_cap_none,13,APH.N,0.03973798325154276
sector_cap_none,13,ARGX.BR,0.13679411858022983
sector_cap_none,13,AVGO.OQ,0.01000118130403645
sector_cap_none,13,BKWB.S,0.010000304632693338
sector_cap_none,13,CDNS.OQ,0.010002180548801644
sector_cap_none,13,COST.OQ,0.010001870760559277
sector_cap_none,13,GALD.S,0.010000212005205128
sector_cap_none,13,GAW.L,0.042252486805149064
sector_cap_none,13,GOOG.OQ,0.01000031660838295
sector_cap_none,13,IBE.MC,0.010000625758171205
sector_cap_none,13,IETB.BR,0.01000016549088379
sector_cap_none,13,KOG.OL,0.010000171631793953
sector_cap_none,13,LLY.N,0.15268431864204426
sector_cap_none,13,LTMC.MI,0.010000410840610516
sector_cap_none,13,MSFT.OQ,0.0691864946572474
sector_cap_none,13,NEM.N,0.010000691689088244
sector_cap_none,13,NVDA.OQ,0.07716216503623838
sector_cap_none,13,PGR.N,0.041343975351408664
sector_cap_none,13,PLUSP.L,0.010000429789190449
sector_cap_none,13,PWR.N,0.12579043210549035
sector_cap_none,13,RSG.N,0.010000666413401832
sector_cap_none,13,SDZ.S,0.010000475997208732
sector_cap_none,13,SQN.S,0.010000278593142859
sector_cap_none,13,TT.N,0.010000917071916903
sector_cap_none,13,WMT.OQ,0.010026857544283157
sector_cap_none,13,ZEG.L,0.010007421523028963
sector_cap_none,13,ZURN.S,0.010000205296825835
sector_cap_none,14,AAPL.OQ,0.010000000929424702
sector_cap_none,14,ABBN.S,0.01000000006717212
sector_cap_none,14,ACLN.S,0.010000616820969374
sector_cap_none,14,AMAT.OQ,0.010000000011553226
sector_cap_none,14,AMD.OQ,0.010000000001138558
sector_cap_none,14,APH.N,0.010000305461610683
sector_cap_none,14,ARGX.BR,0.1999999993421439
sector_cap_none,14,ASMI.AS,0.010000000001775622
sector_cap_none,14,ASML.AS,0.010000000014929785
sector_cap_none,14,AVGO.OQ,0.039208445348699314
sector_cap_none,14,CAT.N,0.010000000136533347
sector_cap_none,14,CDNS.OQ,0.010000006996842217
sector_cap_none,14,COST.OQ,0.010000000446383106
sector_cap_none,14,CTAS.OQ,0.01000000003848156
sector_cap_none,14,FIX.N,0.010000000083279819
sector_cap_none,14,GAW.L,0.11076054893509844
sector_cap_none,14,IBE.MC,0.010000000190113732
sector_cap_none,14,KLAC.OQ,0.010000000006831003
sector_cap_none,14,LLY.N,0.010030066884478939
sector_cap_none,14,LRCX.OQ,0.01000000003300601
sector_cap_none,14,LTMC.MI,0.010000000045784788
sector_cap_none,14,MSFT.OQ,0.010000006197760347
sector_cap_none,14,NVDA.OQ,0.1999999992325581
sector_cap_none,14,PGR.N,0.01000000205982731
sector_cap_none,14,PWR.N,0.1999999975753947
sector_cap_none,14,SDZ.S,0.010000000149406227
sector_cap_none,14,SQN.S,0.01000000003841317
sector_cap_none,14,TT.N,0.010000001856732096
sector_cap_none,14,WMT.OQ,0.010000000891812915
sector_cap_none,14,ZEG.L,0.010000000201852915
sector_cap_20,0,AD.AS,0.010039017258417562
sector_cap_20,0,ALLN.S,0.06807976102903009
sector_cap_20,0,AMZN.OQ,0.010029400043803535
sector_cap_20,0,BCVN.S,0.06802530844826751
sector_cap_20,0,BFT.WA,0.01000247064223227
sector_cap_20,0,BMY.N,0.018999377008084507
sector_cap_20,0,CBOE.Z,0.01933852218201401
sector_cap_20,0,CHRW.OQ,0.020066910217177075
sector_cap_20,0,CLX.N,0.03928117724499355
sector_cap_20,0,CMG.N,0.010029554472717276
sector_cap_20,0,COST.OQ,0.010073135345027788
sector_cap_20,0,CPB.OQ,0.023178297025809605
sector_cap_20,0,DKSH.S,0.015295910947681445
sector_cap_20,0,DPZ.OQ,0.016128279841682764
sector_cap_20,0,GALE.S,0.0683587571247104
sector_cap_20,0,GILD.OQ,0.021099711352405428
sector_cap_20,0,GIS.N,0.01841408049767813
sector_cap_20,0,HLN.L,0.012057973415460705
sector_cap_20,0,HLT.N,0.010958919734174002
sector_cap_20,0,HUBN.S,0.011140152345677369
sector_cap_20,0,JNJ.N,0.038269591963017074
sector_cap_20,0,KR.N,0.03822754376210114
sector_cap_20,0,LMT.N,0.011860035961093156
sector_cap_20,0,MOBN.S,0.09343776348135434
sector_cap_20,0,MRK.N,0.010827560036114597
sector_cap_20,0,NEM.N,0.017885431171856012
sector_cap_20,0,NOC.N,0.015453434101035031
sector_cap_20,0,PSPN.S,0.02840556965443641
sector_cap_20,0,QIA.DE,0.0197824422320356
sector_cap_20,0,QQ.L,0.010080250948715792
sector_cap_20,0,ROPC.S,0.010600236603809142
sector_cap_20,0,SCMN.S,0.039898121246777725
sector_cap_20,0,SIGNC.S,0.010179523081088061
sector_cap_20,0,SJM.N,0.01885581004815807
sector_cap_20,0,SPSN.S,0.010074737481641182
sector_cap_20,0,VATN.S,0.04351601202756856
sector_cap_20,0,VIS.MC,0.010109536304137835
sector_cap_20,0,VZ.N,0.039931048083786044
sector_cap_20,0,VZN.S,0.010078620793538249
sector_cap_20,0,WMT.OQ,0.04193001484069096
sector_cap_20,1,AD.AS,0.010029457234617694
sector_cap_20,1,ALLN.S,0.06320096003954111
sector_cap_20,1,AMZN.OQ,0.01008030174416844
sector_cap_20,1,BCVN.S,0.06659826035416494
sector_cap_20,1,BFT.WA,0.010004333898356036
sector_cap_20,1,BKWB.S,0.010234326798813522
sector_cap_20,1,BMY.N,0.014139036982026678
sector_cap_20,1,CBOE.Z,0.021005573552701495
sector_cap_20,1,CHRW.OQ,0.02000445476481384
sector_cap_20,1,CLX.N,0.035652810423180484
sector_cap_20,1,COST.OQ,0.013242128275533014
sector_cap_20,1,CPB.OQ,0.01752556814865013
sector_cap_20,1,DKSH.S,0.012029657454097951
sector_cap_20,1,DPZ.OQ,0.017089408782369434
sector_cap_20,1,GALE.S,0.06733977287256013
sector_cap_20,1,GILD.OQ,0.020339453122686722
sector_cap_20,1,GIS.N,0.013138278171273199
sector_cap_20,1,HLN.L,0.010182229860766799
sector_cap_20,1,HLT.N,0.013715998969745463
sector_cap_20,1,HUBN.S,0.010476144370131179
sector_cap_20,1,JNJ.N,0.04047497213685852
sector_cap_20,1,KR.N,0.03795269677259543
sector_cap_20,1,LMT.N,0.013893023527278734
sector_cap_20,1,LOTB.BR,0.010045636734232874
sector_cap_20,1,MOBN.S,0.09988760633732036
sector_cap_20,1,MRK.N,0.011109921743537718
sector_cap_20,1,NEM.N,0.019439907305605856
sector_cap_20,1,NOC.N,0.017735968353687893
sector_cap_20,1,ORNBV.HE,0.010008550292379768
sector_cap_20,1,PGR.N,0.010032926082641488
sector_cap_20,1,PLUSP.L,0.010004429372743347
sector_cap_20,1,PSPN.S,0.02670977410032141
sector_cap_20,1,QIA.DE,0.016350782732977454
sector_cap_20,1,ROPC.S,0.010054312170172598
sector_cap_20,1,SBNOR.OL,0.010007184358236733
sector_cap_20,1,SCMN.S,0.03514631825096919
sector_cap_20,1,SIGNC.S,0.010149546205720747
sector_cap_20,1,SJM.N,0.014255221608926416
sector_cap_20,1,SPSN.S,0.010199296255603948
sector_cap_20,1,VATN.S,0.035911101089505924
sector_cap_20,1,VZ.N,0.03642668287273147
sector_cap_20,1,VZN.S,0.010018335574621576
sector_cap_20,1,WMT.OQ,0.048157650301132095
sector_cap_20,2,AD.AS,0.010256830131993544
sector_cap_20,2,ALLN.S,0.062031212272375465
sector_cap_20,2,BCVN.S,0.06890808108206282
sector_cap_20,2,BFT.WA,0.01002856776789063
sector_cap_20,2,BKWB.S,0.01821633529091223
sector_cap_20,2,BMY.N,0.010080110106323766
sector_cap_20,2,CBOE.Z,0.02233755133007383
sector_cap_20,2,CHRW.OQ,0.021050821035397613
sector_cap_20,2,CLX.N,0.02701738156922545
sector_cap_20,2,COST.OQ,0.025044434002151155
sector_cap_20,2,CPB.OQ,0.010188014744786254
sector_cap_20,2,DKSH.S,0.01029144761156691
sector_cap_20,2,DPZ.OQ,0.018318480311600962
sector_cap_20,2,GALE.S,0.07647491219122649
sector_cap_20,2,GILD.OQ,0.017007863855156676
sector_cap_20,2,GIS.N,0.010048740691879788
sector_cap_20,2,HLN.L,0.010593048097353409
sector_cap_20,2,HLT.N,0.01708639814435909
sector_cap_20,2,HUBN.S,0.01273474008740662
sector_cap_20,2,JNJ.N,0.0390007703403096
sector_cap_20,2,KR.N,0.03691006067541726
sector_cap_20,2,LLY.N,0.010773655121546427
sector_cap_20,2,LMT.N,0.011587992911455264
sector_cap_20,2,LOTB.BR,0.010630578670759934
sector_cap_20,2,MOBN.S,0.1034952928363071
sector_cap_20,2,MRK.N,0.010938275224554863
sector_cap_20,2,NEM.N,0.021992034793312867
sector_cap_20,2,NOC.N,0.017080748871729067
sector_cap_20,2,ORNBV.HE,0.010040214152893327
sector_cap_20,2,PGR.N,0.014154310168934344
sector_cap_20,2,PLUSP.L,0.010090435538949363
sector_cap_20,2,PSPN.S,0.02410411171123476
sector_cap_20,2,QIA.DE,0.015085694495981817
sector_cap_20,2,SBNOR.OL,0.010848272882833044
sector_cap_20,2,SCMN.S,0.03319932657494431
sector_cap_20,2,SIGNC.S,0.010156973586689093
sector_cap_20,2,SJM.N,0.01032030659168574
sector_cap_20,2,SPSN.S,0.010367375424258035
sector_cap_20,2,VATN.S,0.03425329562168917
sector_cap_20,2,VZ.N,0.025869732066566987
sector_cap_20,2,WM.N,0.011803256426922131
sector_cap_20,2,WMT.OQ,0.05958231498728283
sector_cap_20,3,AD.AS,0.014087044099336426
sector_cap_20,3,ALLN.S,0.05872987762427066
sector_cap_20,3,BCVN.S,0.0705093496902838
sector_cap_20,3,BFT.WA,0.010061131518033577
sector_cap_20,3,BKWB.S,0.023047166267397143
sector_cap_20,3,CBOE.Z,0.023612760986636765
sector_cap_20,3,CHRW.OQ,0.021030542876496246
sector_cap_20,3,CLX.N,0.029364616422139535
sector_cap_20,3,COST.OQ,0.03400162142211235
sector_cap_20,3,DPZ.OQ,0.017808226400748188
sector_cap_20,3,GALD.S,0.010018824244347094
sector_cap_20,3,GALE.S,0.07770878808172713
sector_cap_20,3,GILD.OQ,0.015381077302370566
sector_cap_20,3,HLN.L,0.010213467949142935
sector_cap_20,3,HLT.N,0.016888201637142403
sector_cap_20,3,HUBN.S,0.013542242279843993
sector_cap_20,3,JNJ.N,0.04069054622124463
sector_cap_20,3,KR.N,0.03955855162831
sector_cap_20,3,LLY.N,0.012098842490857086
sector_cap_20,3,LMT.N,0.011636040467493548
sector_cap_20,3,LOTB.BR,0.013193089645495383
sector_cap_20,3,MOBN.S,0.10849464908539755
sector_cap_20,3,MRK.N,0.011275700809330663
sector_cap_20,3,NEM.N,0.024283658531031076
sector_cap_20,3,NOC.N,0.01746809989114856
sector_cap_20,3,ORNBV.HE,0.010033181124023344
sector_cap_20,3,PGR.N,0.02000924593663881
sector_cap_20,3,PLUSP.L,0.010370524238756229
sector_cap_20,3,PSPN.S,0.022246587199237985
sector_cap_20,3,QIA.DE,0.012575438380918697
sector_cap_20,3,SBNOR.OL,0.011519078941445346
sector_cap_20,3,SCMN.S,0.03344337672336172
sector_cap_20,3,SPSN.S,0.010526342438933167
sector_cap_20,3,VATN.S,0.030123958753136105
sector_cap_20,3,VZ.N,0.024601291906164925
sector_cap_20,3,WM.N,0.020052158117038362
sector_cap_20,3,WMT.OQ,0.0697946986680081
sector_cap_20,4,ABBV.N,0.010053402186337155
sector_cap_20,4,ACLN.S,0.010020495338515631
sector_cap_20,4,AD.AS,0.01418181331989512
sector_cap_20,4,ALLN.S,0.05464625534111765
sector_cap_20,4,BCVN.S,0.06802160318306395
sector_cap_20,4,BFT.WA,0.010136274607409745
sector_cap_20,4,BKWB.S,0.030543366715252724
sector_cap_20,4,CBOE.Z,0.022230959043921587
sector_cap_20,4,CHRW.OQ,0.018381777965864047
sector_cap_20,4,CLX.N,0.017314820886524807
sector_cap_20,4,COST.OQ,0.03927955570345145
sector_cap_20,4,DPZ.OQ,0.016357517947242325
sector_cap_20,4,GALD.S,0.010079007427762122
sector_cap_20,4,GALE.S,0.08375015790588762
sector_cap_20,4,GILD.OQ,0.011065600591867994
sector_cap_20,4,HLN.L,0.010165039424153909
sector_cap_20,4,HLT.N,0.014735779407794337
sector_cap_20,4,HUBN.S,0.012795189261010578
sector_cap_20,4,JNJ.N,0.03601417292341944
sector_cap_20,4,KR.N,0.037338521470311525
sector_cap_20,4,LLY.N,0.017944392080128064
sector_cap_20,4,LMT.N,0.010217407891047744
sector_cap_20,4,LOTB.BR,0.0144645352945518
sector_cap_20,4,MOBN.S,0.11445122060249044
sector_cap_20,4,MRK.N,0.01049169276531399
sector_cap_20,4,NEM.N,0.026157756011875245
sector_cap_20,4,NOC.N,0.014136990926992334
sector_cap_20,4,PGR.N,0.02665784791507438
sector_cap_20,4,PLUSP.L,0.011507404706687483
sector_cap_20,4,PSPN.S,0.019988933395393454
sector_cap_20,4,QIA.DE,0.010431725375393502
sector_cap_20,4,RSG.N,0.011667387149306421
sector_cap_20,4,SBNOR.OL,0.015176117821356186
sector_cap_20,4,SCMN.S,0.024409681244109978
sector_cap_20,4,SPSN.S,0.010910811472705605
sector_cap_20,4,VATN.S,0.021826246525243752
sector_cap_20,4,VZ.N,0.011295452611085392
sector_cap_20,4,WM.N,0.023732600842727054
sector_cap_20,4,WMT.OQ,0.07742048471771333
sector_cap_20,5,ABBV.N,0.010022160529179985
sector_cap_20,5,ACLN.S,0.011775233080434717
sector_cap_20,5,AD.AS,0.012867787482923825
sector_cap_20,5,ALLN.S,0.0510549750077509
sector_cap_20,5,ARGX.BR,0.010000348451925444
sector_cap_20,5,BCVN.S,0.0663052244042709
sector_cap_20,5,BFT.WA,0.010017515779093954
sector_cap_20,5,BKWB.S,0.03877706349458583
sector_cap_20,5,CBOE.Z,0.021378892718241078
sector_cap_20,5,CHRW.OQ,0.0170195024552524
sector_cap_20,5,CLX.N,0.010000120997961968
sector_cap_20,5,COST.OQ,0.043759973827978645
sector_cap_20,5,DPZ.OQ,0.015017747418839614
sector_cap_20,5,GALD.S,0.010157547708194653
sector_cap_20,5,GALE.S,0.09061662084650275
sector_cap_20,5,GILD.OQ,0.0100039612380833
sector_cap_20,5,HLT.N,0.014283496512449643
sector_cap_20,5,HUBN.S,0.012563039712217831
sector_cap_20,5,JNJ.N,0.034189407475651835
sector_cap_20,5,KR.N,0.03426300404577571
sector_cap_20,5,LLY.N,0.02499587956793852
sector_cap_20,5,LOTB.BR,0.014924877244298342
sector_cap_20,5,MOBN.S,0.12073359890978749
sector_cap_20,5,MRK.N,0.01001399518434084
sector_cap_20,5,NEM.N,0.0278864131128935
sector_cap_20,5,NOC.N,0.012406345048681858
sector_cap_20,5,PGR.N,0.03554347103428547
sector_cap_20,5,PLUSP.L,0.01371402995385509
sector_cap_20,5,PSPN.S,0.017722691075065227
sector_cap_20,5,RSG.N,0.02125769238948489
sector_cap_20,5,SBNOR.OL,0.020049394675256103
sector_cap_20,5,SCMN.S,0.01655368687651672
sector_cap_20,5,SPSN.S,0.010486231328045574
sector_cap_20,5,VATN.S,0.01479449976726003
sector_cap_20,5,WM.N,0.030659350654782435
sector_cap_20,5,WMT.OQ,0.08418421999019289
sector_cap_20,6,ABBV.N,0.010908040747616117
sector_cap_20,6,ACLN.S,0.014667388329789163
sector_cap_20,6,AD.AS,0.011750995432977846
sector_cap_20,6,ALLN.S,0.04759564676932601
sector_cap_20,6,ARGX.BR,0.010006226142712684
sector_cap_20,6,BCVN.S,0.06147871499857497
sector_cap_20,6,BFT.WA,0.010004117212978753
sector_cap_20,6,BKWB.S,0.04275565415293071
sector_cap_20,6,CBOE.Z,0.020871830515374216
sector_cap_20,6,CHRW.OQ,0.015402952513270118
sector_cap_20,6,COST.OQ,0.04854616683433917
sector_cap_20,6,DPZ.OQ,0.013910990907981906
sector_cap_20,6,GALD.S,0.010276960488797112
sector_cap_20,6,GALE.S,0.09513515623341423
sector_cap_20,6,HLT.N,0.010549019081350537
sector_cap_20,6,HUBN.S,0.010207211673579707
sector_cap_20,6,JNJ.N,0.03351713032873524
sector_cap_20,6,KR.N,0.033743722302654065
sector_cap_20,6,LLY.N,0.030148449638964934
sector_cap_20,6,LOTB.BR,0.014816160530461706
sector_cap_20,6,LTMC.MI,0.010000506506252196
sector_cap_20,6,MOBN.S,0.12232430012837733
sector_cap_20,6,NEM.N,0.028622553543133585
sector_cap_20,6,NOC.N,0.010575266682316283
sector_cap_20,6,PGR.N,0.04145464552529195
sector_cap_20,6,PLUSP.L,0.014403049260882464
sector_cap_20,6,PSPN.S,0.014405853578973326
sector_cap_20,6,RSG.N,0.02708015759592456
sector_cap_20,6,SBNOR.OL,0.01986034987827352
sector_cap_20,6,SDZ.S,0.010007799194217366
sector_cap_20,6,SPSN.S,0.010236465940623787
sector_cap_20,6,TKO.N,0.01000022353418794
sector_cap_20,6,WM.N,0.03359335331169184
sector_cap_20,6,WMT.OQ,0.09114290263341783
sector_cap_20,6,ZEG.L,0.01000003785060686
sector_cap_20,7,ABBV.N,0.012102493939261917
sector_cap_20,7,ACLN.S,0.025470296050554897
sector_cap_20,7,ALLN.S,0.030419329437806304
sector_cap_20,7,ARGX.BR,0.011868596588016103
sector_cap_20,7,BCVN.S,0.05292960881094301
sector_cap_20,7,BFT.WA,0.010003880841539114
sector_cap_20,7,BKWB.S,0.05508910707815737
sector_cap_20,7,CBOE.Z,0.01764237186083678
sector_cap_20,7,CHRW.OQ,0.010022157235247676
sector_cap_20,7,COST.OQ,0.055429411183353296
sector_cap_20,7,DPZ.OQ,0.010142296158164324
sector_cap_20,7,GALD.S,0.013235673147638306
sector_cap_20,7,GALE.S,0.10028347943607169
sector_cap_20,7,GEN.OQ,0.0100001006801197
sector_cap_20,7,HLT.N,0.010043347832021923
sector_cap_20,7,HUBN.S,0.010008740411853128
sector_cap_20,7,JNJ.N,0.01300981630189027
sector_cap_20,7,KR.N,0.026781918914859464
sector_cap_20,7,LLY.N,0.03743324352024565
sector_cap_20,7,LOTB.BR,0.016825088668148934
sector_cap_20,7,LTMC.MI,0.011307464240391139
sector_cap_20,7,MOBN.S,0.12536373127246378
sector_cap_20,7,NEM.N,0.030990553480740517
sector_cap_20,7,PGR.N,0.05117781299064222
sector_cap_20,7,PLUSP.L,0.017341597241307967
sector_cap_20,7,RSG.N,0.039149958350771105
sector_cap_20,7,SBNOR.OL,0.025180497760485396
sector_cap_20,7,SDZ.S,0.012066617308911218
sector_cap_20,7,TKO.N,0.010000790062524635
sector_cap_20,7,WM.N,0.03771640035100087
sector_cap_20,7,WMT.OQ,0.10096356853570672
sector_cap_20,7,ZEG.L,0.010000050308324694
sector_cap_20,8,ABBV.N,0.011556428801165643
sector_cap_20,8,ACLN.S,0.03495285554459809
sector_cap_20,8,ALLN.S,0.010000204071977747
sector_cap_20,8,APH.N,0.010242987000244076
sector_cap_20,8,ARGX.BR,0.015463244156704664
sector_cap_20,8,BCVN.S,0.0392283786428843
sector_cap_20,8,BFT.WA,0.010001004925630115
sector_cap_20,8,BKWB.S,0.06403649631070162
sector_cap_20,8,CBOE.Z,0.012913729912923035
sector_cap_20,8,COST.OQ,0.05997758587465234
sector_cap_20,8,DPZ.OQ,0.010000732043356308
sector_cap_20,8,GALD.S,0.014280569827073769
sector_cap_20,8,GALE.S,0.09924894724834699
sector_cap_20,8,GAW.L,0.010000112095948534
sector_cap_20,8,HLT.N,0.01000941937879357
sector_cap_20,8,KR.N,0.01728992942576626
sector_cap_20,8,LLY.N,0.04429719296377728
sector_cap_20,8,LOTB.BR,0.014467121042324277
sector_cap_20,8,LTMC.MI,0.01764924107135562
sector_cap_20,8,MOBN.S,0.12128794447828851
sector_cap_20,8,NEM.N,0.033381005535555563
sector_cap_20,8,PGR.N,0.06234344261664874
sector_cap_20,8,PLUSP.L,0.019379136190923386
sector_cap_20,8,RSG.N,0.04859209579634816
sector_cap_20,8,SBNOR.OL,0.026002274582579702
sector_cap_20,8,SDZ.S,0.015153566473619075
sector_cap_20,8,TKO.N,0.010011134454521422
sector_cap_20,8,WM.N,0.03995701597874822
sector_cap_20,8,WMT.OQ,0.10826534395744114
sector_cap_20,8,ZEG.L,0.010010859597101887
sector_cap_20,9,ABBV.N,0.010001053809684165
sector_cap_20,9,ACLN.S,0.04425371103485901
sector_cap_20,9,APH.N,0.011372239637608967
sector_cap_20,9,ARGX.BR,0.02048524226407802
sector_cap_20,9,BCVN.S,0.01232449451894473
sector_cap_20,9,BEAN.S,0.010001892276748407
sector_cap_20,9,BFT.WA,0.010000558952820066
sector_cap_20,9,BKWB.S,0.07155583793888158
sector_cap_20,9,CBOE.Z,0.010000097792888185
sector_cap_20,9,COST.OQ,0.06738119905516847
sector_cap_20,9,GALD.S,0.012834531344422586
sector_cap_20,9,GALE.S,0.08919953024193511
sector_cap_20,9,GAW.L,0.010849916377403094
sector_cap_20,9,GOOG.OQ,0.010002604131007252
sector_cap_20,9,IBE.MC,0.010339409198074643
sector_cap_20,9,LLY.N,0.049494616889328186
sector_cap_20,9,LOTB.BR,0.01264940793227019
sector_cap_20,9,LTMC.MI,0.023725386125780203
sector_cap_20,9,MOBN.S,0.10441898868025652
sector_cap_20,9,NEM.N,0.034911042386320666
sector_cap_20,9,PGR.N,0.07328387755571086
sector_cap_20,9,PLUSP.L,0.021702962179541513
sector_cap_20,9,PWR.N,0.010002881236698244
sector_cap_20,9,RSG.N,0.05342925622022022
sector_cap_20,9,SBNOR.OL,0.021805600950481986
sector_cap_20,9,SDZ.S,0.017984927029126282
sector_cap_20,9,TKO.N,0.010002450176452881
sector_cap_20,9,WM.N,0.035290125738816035
sector_cap_20,9,WMT.OQ,0.11996932802077123
sector_cap_20,9,ZEG.L,0.010726830303700653
sector_cap_20,10,ABBV.N,0.010012013005959285
sector_cap_20,10,ACLN.S,0.0568317733831977
sector_cap_20,10,APH.N,0.025980528147543334
sector_cap_20,10,ARGX.BR,0.030798733941527892
sector_cap_20,10,BEAN.S,0.0100703421337821
sector_cap_20,10,BFT.WA,0.010005181172847223
sector_cap_20,10,BKWB.S,0.0724173913537822
sector_cap_20,10,COST.OQ,0.06499117974670467
sector_cap_20,10,GALD.S,0.011383769598516742
sector_cap_20,10,GALE.S,0.06241057259470516
sector_cap_20,10,GAW.L,0.018979264631184756
sector_cap_20,10,GOOG.OQ,0.010020708350961825
sector_cap_20,10,IBE.MC,0.03556483128603695
sector_cap_20,10,LLY.N,0.06093534134468437
sector_cap_20,10,LOTB.BR,0.010004967331907767
sector_cap_20,10,LTMC.MI,0.025426148516987823
sector_cap_20,10,MOBN.S,0.052532856542825995
sector_cap_20,10,MSFT.OQ,0.010498242101626835
sector_cap_20,10,NEM.N,0.036830555067121344
sector_cap_20,10,PGR.N,0.08581431794276938
sector_cap_20,10,PLUSP.L,0.022567544503405458
sector_cap_20,10,PWR.N,0.012045480092057002
sector_cap_20,10,RSG.N,0.05234440102873024
sector_cap_20,10,SBNOR.OL,0.010026822598539766
sector_cap_20,10,SDZ.S,0.02445614367492871
sector_cap_20,10,TKO.N,0.010012753054217836
sector_cap_20,10,WM.N,0.01867678739284152
sector_cap_20,10,WMT.OQ,0.1250032145046172
sector_cap_20,10,ZEG.L,0.013335431822379878
sector_cap_20,10,ZURN.S,0.01002270313360896
sector_cap_20,11,AAPL.OQ,0.010002125341454601
sector_cap_20,11,ABBN.S,0.010002448682682331
sector_cap_20,11,ABBV.N,0.010000892884748633
sector_cap_20,11,ACLN.S,0.07068770590871878
sector_cap_20,11,APH.N,0.03386715031020519
sector_cap_20,11,ARGX.BR,0.044156959161012255
sector_cap_20,11,BEAN.S,0.01000749915302623
sector_cap_20,11,BKWB.S,0.0685289875342947
sector_cap_20,11,COST.OQ,0.06629905440347332
sector_cap_20,11,GALD.S,0.0105015634872069
sector_cap_20,11,GALE.S,0.024211293898424174
sector_cap_20,11,GAW.L,0.029801628125513145
sector_cap_20,11,GOOG.OQ,0.010003163769187109
sector_cap_20,11,IBE.MC,0.05555961140884831
sector_cap_20,11,KOG.OL,0.010000927277548843
sector_cap_20,11,LLY.N,0.07936284318344823
sector_cap_20,11,LTMC.MI,0.025577925908886783
sector_cap_20,11,MOBN.S,0.010011305517133178
sector_cap_20,11,MSFT.OQ,0.014089263639611495
sector_cap_20,11,NEM.N,0.033896217687400795
sector_cap_20,11,PGR.N,0.09594406158099156
sector_cap_20,11,PLUSP.L,0.022759521149823707
sector_cap_20,11,PWR.N,0.017969745379705204
sector_cap_20,11,RSG.N,0.025537039351221594
sector_cap_20,11,SDZ.S,0.03176448504358425
sector_cap_20,11,TT.N,0.010000815551363578
sector_cap_20,11,WM.N,0.010012342547614107
sector_cap_20,11,WMT.OQ,0.1337000854220759
sector_cap_20,11,ZEG.L,0.015737513039276462
sector_cap_20,11,ZURN.S,0.010005823651518525
sector_cap_20,12,AAPL.OQ,0.01
sector_cap_20,12,ABBN.S,0.01
sector_cap_20,12,ACLN.S,0.09408230217692178
sector_cap_20,12,APH.N,0.040862854213818696
sector_cap_20,12,ARGX.BR,0.06672874994595578
sector_cap_20,12,AVGO.OQ,0.01
sector_cap_20,12,BEAN.S,0.01
sector_cap_20,12,BKWB.S,0.01798976642650521
sector_cap_20,12,CDNS.OQ,0.01
sector_cap_20,12,COST.OQ,0.052879028891575024
sector_cap_20,12,GALD.S,0.01
sector_cap_20,12,GAW.L,0.045474770733242034
sector_cap_20,12,IBE.MC,0.06294269382082714
sector_cap_20,12,KOG.OL,0.010000000000000002
sector_cap_20,12,LLY.N,0.10038477484184735
sector_cap_20,12,LTMC.MI,0.01
sector_cap_20,12,MSFT.OQ,0.026396756511202622
sector_cap_20,12,NEM.N,0.015186312302617608
sector_cap_20,12,NVDA.OQ,0.01
sector_cap_20,12,PGR.N,0.10332774603103914
sector_cap_20,12,PLUSP.L,0.01471374343129633
sector_cap_20,12,PWR.N,0.03973225190803403
sector_cap_20,12,RSG.N,0.01
sector_cap_20,12,SDZ.S,0.022886475212196868
sector_cap_20,12,SQN.S,0.01
sector_cap_20,12,TT.N,0.01
sector_cap_20,12,WM.N,0.01
sector_cap_20,12,WMT.OQ,0.1391269306340098
sector_cap_20,12,ZEG.L,0.01728484291891057
sector_cap_20,12,ZURN.S,0.01
sector_cap_20,13,AAPL.OQ,0.01
sector_cap_20,13,ABBN.S,0.01
sector_cap_20,13,ACLN.S,0.0786347990020212
sector_cap_20,13,APH.N,0.04938890646673544
sector_cap_20,13,ARGX.BR,0.10690912842621467
sector_cap_20,13,AVGO.OQ,0.01
sector_cap_20,13,BKWB.S,0.01
sector_cap_20,13,CDNS.OQ,0.01
sector_cap_20,13,COST.OQ,0.01
sector_cap_20,13,GAW.L,0.07094393256551987
sector_cap_20,13,GOOG.OQ,0.01
sector_cap_20,13,GOOGL.OQ,0.01
sector_cap_20,13,IBE.MC,0.0375200649414702
sector_cap_20,13,IETB.BR,0.01
sector_cap_20,13,KOG.OL,0.01
sector_cap_20,13,LLY.N,0.08309087157378534
sector_cap_20,13,LTMC.MI,0.01
sector_cap_20,13,MSFT.OQ,0.05613869308902387
sector_cap_20,13,NEM.N,0.01
sector_cap_20,13,NVDA.OQ,0.06447240044424069
sector_cap_20,13,PGR.N,0.11681951954325755
sector_cap_20,13,PLUSP.L,0.01
sector_cap_20,13,PWR.N,0.08136520099797878
sector_cap_20,13,RSG.N,0.01
sector_cap_20,13,SDZ.S,0.01
sector_cap_20,13,SQN.S,0.01
sector_cap_20,13,TT.N,0.01
sector_cap_20,13,WMT.OQ,0.058724407884978264
sector_cap_20,13,ZEG.L,0.015992075064774056
sector_cap_20,13,ZURN.S,0.01
sector_cap_20,14,AAL.L,0.01
sector_cap_20,14,APO.N,0.01
sector_cap_20,14,ARGX.BR,0.19
sector_cap_20,14,BBVA.MC,0.01
sector_cap_20,14,CDNS.OQ,0.01
sector_cap_20,14,COST.OQ,0.01
sector_cap_20,14,CRH.N,0.01
sector_cap_20,14,GAW.L,0.13154958475273015
sector_cap_20,14,GOOG.OQ,0.01
sector_cap_20,14,GOOGL.OQ,0.01
sector_cap_20,14,HLT.N,0.01
sector_cap_20,14,IBE.MC,0.01
sector_cap_20,14,IETB.BR,0.01
sector_cap_20,14,III.L,0.01
sector_cap_20,14,LIN.OQ,0.01
sector_cap_20,14,LLY.N,0.01
sector_cap_20,14,LTMC.MI,0.01
sector_cap_20,14,NDAQ.OQ,0.01
sector_cap_20,14,NEM.N,0.01
sector_cap_20,14,NVDA.OQ,0.19
sector_cap_20,14,PGR.N,0.038450415248381914
sector_cap_20,14,PLUSP.L,0.01
sector_cap_20,14,PWR.N,0.19999999999888773
sector_cap_20,14,SPGI.N,0.01
sector_cap_20,14,SQN.S,0.01
sector_cap_20,14,UNPI.MI,0.01
sector_cap_20,14,VST.N,0.009999999998887718
sector_cap_20,14,WMT.OQ,0.01
sector_cap_20,14,ZEG.L,0.01
sector_cap_20,14,ZURN.S,0.01
sector_cap_25,0,AD.AS,0.01012014963676487
sector_cap_25,0,ALLN.S,0.07649371408886729
sector_cap_25,0,BARN.S,0.010072358213965918
sector_cap_25,0,BCVN.S,0.06197627032771968
sector_cap_25,0,BMY.N,0.019021733790795182
sector_cap_25,0,CBOE.Z,0.016753196875095182
sector_cap_25,0,CHRW.OQ,0.020085850676143154
sector_cap_25,0,CLX.N,0.04071894173514314
sector_cap_25,0,CMG.N,0.010048669033164235
sector_cap_25,0,COST.OQ,0.015072014624366638
sector_cap_25,0,CPB.OQ,0.02468798628766432
sector_cap_25,0,DKSH.S,0.0117726767295132
sector_cap_25,0,DPZ.OQ,0.015796188882984903
sector_cap_25,0,GALE.S,0.06422840594245068
sector_cap_25,0,GILD.OQ,0.021488411168261213
sector_cap_25,0,GIS.N,0.02080329478749151
sector_cap_25,0,HLN.L,0.011286442161605601
sector_cap_25,0,HLT.N,0.012427109647985395
sector_cap_25,0,HUBN.S,0.010492051047970678
sector_cap_25,0,JNJ.N,0.03542107008222437
sector_cap_25,0,KR.N,0.039458989893122375
sector_cap_25,0,LISP.S,0.010246320791628042
sector_cap_25,0,LMT.N,0.010424735373447836
sector_cap_25,0,LOTB.BR,0.010058114869515961
sector_cap_25,0,MOBN.S,0.09620288796389645
sector_cap_25,0,MRK.N,0.010529833156140114
sector_cap_25,0,NEM.N,0.016573161292555965
sector_cap_25,0,NOC.N,0.0131360145813262
sector_cap_25,0,ORNBV.HE,0.010006556595667635
sector_cap_25,0,PSPN.S,0.03165693688981943
sector_cap_25,0,QIA.DE,0.018516225829422046
sector_cap_25,0,QQ.L,0.010032225777617003
sector_cap_25,0,ROPC.S,0.010080982989900398
sector_cap_25,0,SCMN.S,0.028298674573080964
sector_cap_25,0,SIGNC.S,0.010040026504375604
sector_cap_25,0,SJM.N,0.02138289036874904
sector_cap_25,0,SPSN.S,0.010891145919109576
sector_cap_25,0,VATN.S,0.04251344640634632
sector_cap_25,0,VZ.N,0.033780233272969036
sector_cap_25,0,VZN.S,0.010026620823208782
sector_cap_25,0,WMT.OQ,0.047377440387924165
sector_cap_25,1,AD.AS,0.010535720034501043
sector_cap_25,1,ALLN.S,0.06760492716173425
sector_cap_25,1,AMZN.OQ,0.010012198567929669
sector_cap_25,1,BARN.S,0.010028489459073767
sector_cap_25,1,BCVN.S,0.06349367036591634
sector_cap_25,1,BFT.WA,0.010005434790018376
sector_cap_25,1,BKWB.S,0.0100391665404586
sector_cap_25,1,BMY.N,0.014386539871503172
sector_cap_25,1,CBOE.Z,0.01803087575523032
sector_cap_25,1,CHD.N,0.010043260009604777
sector_cap_25,1,CHRW.OQ,0.01738904744329295
sector_cap_25,1,CLX.N,0.03570436491992134
sector_cap_25,1,COST.OQ,0.01872664086039017
sector_cap_25,1,CPB.OQ,0.018946101971321787
sector_cap_25,1,DKSH.S,0.010357805332967778
sector_cap_25,1,DPZ.OQ,0.013678426901174325
sector_cap_25,1,GALE.S,0.06920361619811306
sector_cap_25,1,GILD.OQ,0.01963063855674292
sector_cap_25,1,GIS.N,0.01575670495136237
sector_cap_25,1,HLN.L,0.0104020863983879
sector_cap_25,1,HLT.N,0.014576678214073517
sector_cap_25,1,HUBN.S,0.010395289537282061
sector_cap_25,1,JNJ.N,0.03954243942861774
sector_cap_25,1,KR.N,0.03982974817253319
sector_cap_25,1,LISP.S,0.010436164251119177
sector_cap_25,1,LLY.N,0.010010355863609408
sector_cap_25,1,LMT.N,0.010866381270964669
sector_cap_25,1,LOTB.BR,0.01064446300582178
sector_cap_25,1,MOBN.S,0.10258479272207947
sector_cap_25,1,MRK.N,0.011179853131897646
sector_cap_25,1,NEM.N,0.01753577014393771
sector_cap_25,1,NOC.N,0.013662027446512258
sector_cap_25,1,ORNBV.HE,0.010016459706959229
sector_cap_25,1,PLUSP.L,0.01000430867401974
sector_cap_25,1,PSPN.S,0.03061066931005634
sector_cap_25,1,QIA.DE,0.01733979811293979
sector_cap_25,1,ROPC.S,0.010093234304949402
sector_cap_25,1,SBNOR.OL,0.01001208189389379
sector_cap_25,1,SCMN.S,0.0233917041899361
sector_cap_25,1,SJM.N,0.01642320765285625
sector_cap_25,1,SPSN.S,0.01068247130865938
sector_cap_25,1,VATN.S,0.03579671080846586
sector_cap_25,1,VZ.N,0.027467680420515193
sector_cap_25,1,WMT.OQ,0.05292199433865537
sector_cap_25,2,AD.AS,0.014665031324392593
sector_cap_25,2,ALLN.S,0.06586445402389678
sector_cap_25,2,BCVN.S,0.06402888522978036
sector_cap_25,2,BFT.WA,0.010012742964450818
sector_cap_25,2,BKWB.S,0.012193399602187944
sector_cap_25,2,BMY.N,0.010219839452720253
sector_cap_25,2,CBOE.Z,0.018267195373975056
sector_cap_25,2,CHD.N,0.010078486873935604
sector_cap_25,2,CHRW.OQ,0.017993734428883662
sector_cap_25,2,CLX.N,0.030887515205610463
sector_cap_25,2,COST.OQ,0.030738105027543206
sector_cap_25,2,CPB.OQ,0.012163707242294505
sector_cap_25,2,DPZ.OQ,0.014679620492877486
sector_cap_25,2,GALD.S,0.010023725969997798
sector_cap_25,2,GALE.S,0.07749550178643567
sector_cap_25,2,GILD.OQ,0.018332445051346968
sector_cap_25,2,GIS.N,0.010460671811411568
sector_cap_25,2,HLN.L,0.01110074519290706
sector_cap_25,2,HLT.N,0.016462929165734608
sector_cap_25,2,HUBN.S,0.011255927907058268
sector_cap_25,2,JNJ.N,0.041602360109699636
sector_cap_25,2,KR.N,0.039987689630351646
sector_cap_25,2,LISP.S,0.01115835174214774
sector_cap_25,2,LLY.N,0.010438566923476687
sector_cap_25,2,LMT.N,0.010272391018333769
sector_cap_25,2,LOTB.BR,0.013719998489309073
sector_cap_25,2,MOBN.S,0.10735812119455002
sector_cap_25,2,MRK.N,0.011859198712534831
sector_cap_25,2,NEM.N,0.020100988152499333
sector_cap_25,2,NOC.N,0.012347733873883021
sector_cap_25,2,ORNBV.HE,0.01005050049966336
sector_cap_25,2,PGR.N,0.010458041934609655
sector_cap_25,2,PLUSP.L,0.010030244288925835
sector_cap_25,2,PSPN.S,0.028584796387178972
sector_cap_25,2,QIA.DE,0.01650237822652791
sector_cap_25,2,SBNOR.OL,0.010166303100499353
sector_cap_25,2,SCMN.S,0.021236328742806076
sector_cap_25,2,SJM.N,0.011784939962197372
sector_cap_25,2,SPSN.S,0.011136045828025604
sector_cap_25,2,VATN.S,0.03141635828085154
sector_cap_25,2,VZ.N,0.01846006907925492
sector_cap_25,2,WM.N,0.010050541812446087
sector_cap_25,2,WMT.OQ,0.06435338788278683
sector_cap_25,3,AD.AS,0.01653305234447772
sector_cap_25,3,ALLN.S,0.06144447832286102
sector_cap_25,3,BCVN.S,0.06283207403461391
sector_cap_25,3,BFT.WA,0.0100096538697323
sector_cap_25,3,BKWB.S,0.02140169774714364
sector_cap_25,3,CBOE.Z,0.019700243663194617
sector_cap_25,3,CHD.N,0.010056016650580094
sector_cap_25,3,CHRW.OQ,0.017729711536285792
sector_cap_25,3,CLX.N,0.02189899900946212
sector_cap_25,3,COST.OQ,0.040167345268234955
sector_cap_25,3,CPB.OQ,0.010033472074135557
sector_cap_25,3,DPZ.OQ,0.014063619510074107
sector_cap_25,3,GALD.S,0.010186699519423468
sector_cap_25,3,GALE.S,0.08476229704141676
sector_cap_25,3,GILD.OQ,0.014926607202005844
sector_cap_25,3,HLN.L,0.011119309133974927
sector_cap_25,3,HLT.N,0.016789730730746095
sector_cap_25,3,HUBN.S,0.011688423838711333
sector_cap_25,3,JNJ.N,0.043520133075117526
sector_cap_25,3,KR.N,0.038795749234324224
sector_cap_25,3,LISP.S,0.010403681642854268
sector_cap_25,3,LLY.N,0.01763840317689721
sector_cap_25,3,LMT.N,0.010090071266299615
sector_cap_25,3,LOTB.BR,0.016451558891141953
sector_cap_25,3,MOBN.S,0.10980342619608881
sector_cap_25,3,MRK.N,0.012996361074307463
sector_cap_25,3,NEM.N,0.022615872864603606
sector_cap_25,3,NOC.N,0.012762724664062922
sector_cap_25,3,ORNBV.HE,0.010051830140939822
sector_cap_25,3,PGR.N,0.01992062511484546
sector_cap_25,3,PLUSP.L,0.010291241560389536
sector_cap_25,3,PSPN.S,0.024282011309418844
sector_cap_25,3,QIA.DE,0.011959966766350303
sector_cap_25,3,SBNOR.OL,0.014359295201241835
sector_cap_25,3,SCMN.S,0.013847861324022298
sector_cap_25,3,SJM.N,0.010148751251594004
sector_cap_25,3,SPSN.S,0.010991336207731234
sector_cap_25,3,VATN.S,0.02600195924669737
sector_cap_25,3,VZ.N,0.010644992115983562
sector_cap_25,3,WM.N,0.011568349929415177
sector_cap_25,3,WMT.OQ,0.07551036624859882
sector_cap_25,4,ABBV.N,0.010297302827806895
sector_cap_25,4,AD.AS,0.021254310687553186
sector_cap_25,4,ALLN.S,0.05912204517651443
sector_cap_25,4,BCVN.S,0.059355765005295984
sector_cap_25,4,BFT.WA,0.010008728366851731
sector_cap_25,4,BKWB.S,0.02851472823231696
sector_cap_25,4,CBOE.Z,0.020150720743321564
sector_cap_25,4,CHRW.OQ,0.01806283620293119
sector_cap_25,4,CLX.N,0.018908577651469558
sector_cap_25,4,COST.OQ,0.0511988360331748
sector_cap_25,4,DPZ.OQ,0.012852575366422191
sector_cap_25,4,GALD.S,0.010626631193817558
sector_cap_25,4,GALE.S,0.08802808517781398
sector_cap_25,4,GILD.OQ,0.010677590256263005
sector_cap_25,4,HLN.L,0.01048197650701966
sector_cap_25,4,HLT.N,0.013833600024408766
sector_cap_25,4,HUBN.S,0.01111166800349348
sector_cap_25,4,JNJ.N,0.0416093138259064
sector_cap_25,4,KR.N,0.03996726577806792
sector_cap_25,4,LISP.S,0.010410506520026742
sector_cap_25,4,LLY.N,0.02328702049626678
sector_cap_25,4,LOTB.BR,0.019860528338893152
sector_cap_25,4,MOBN.S,0.10881927117474482
sector_cap_25,4,MRK.N,0.011728881764866512
sector_cap_25,4,NEM.N,0.02441260030894222
sector_cap_25,4,NOC.N,0.013758159644370205
sector_cap_25,4,ORNBV.HE,0.010022697197523668
sector_cap_25,4,PGR.N,0.028335727130511752
sector_cap_25,4,PLUSP.L,0.011388308635447729
sector_cap_25,4,PSPN.S,0.02036103867915122
sector_cap_25,4,QIA.DE,0.010050002250681256
sector_cap_25,4,SBNOR.OL,0.01946454878198568
sector_cap_25,4,SCMN.S,0.010648734336720152
sector_cap_25,4,SPSN.S,0.010767203992577681
sector_cap_25,4,VATN.S,0.022164162903170675
sector_cap_25,4,WM.N,0.02005862246828956
sector_cap_25,4,WMT.OQ,0.08839942831538121
sector_cap_25,5,ABBV.N,0.010749354862889585
sector_cap_25,5,ACLN.S,0.011099868160310243
sector_cap_25,5,AD.AS,0.019610551354491093
sector_cap_25,5,ALLN.S,0.0518032349546358
sector_cap_25,5,ARGX.BR,0.010002215797675757
sector_cap_25,5,BCVN.S,0.05430760990222766
sector_cap_25,5,BFT.WA,0.010004647245589695
sector_cap_25,5,BKWB.S,0.03507135364374522
sector_cap_25,5,CBOE.Z,0.018323904710675368
sector_cap_25,5,CHRW.OQ,0.0162225942814911
sector_cap_25,5,CLX.N,0.010160378622552743
sector_cap_25,5,COST.OQ,0.05651740436036451
sector_cap_25,5,DPZ.OQ,0.011751582429874088
sector_cap_25,5,GALD.S,0.011070778326694739
sector_cap_25,5,GALE.S,0.09147816253074677
sector_cap_25,5,GILD.OQ,0.010012739629675225
sector_cap_25,5,HLN.L,0.010056308209562824
sector_cap_25,5,HLT.N,0.011211951899007292
sector_cap_25,5,HUBN.S,0.01020413843094098
sector_cap_25,5,JNJ.N,0.03198485531557723
sector_cap_25,5,KR.N,0.03744712473467509
sector_cap_25,5,LISP.S,0.01002713453717666
sector_cap_25,5,LLY.N,0.027749034405513094
sector_cap_25,5,LOTB.BR,0.020666607638638274
sector_cap_25,5,MOBN.S,0.10851046060065982
sector_cap_25,5,MRK.N,0.010137517930879724
sector_cap_25,5,NEM.N,0.025367184257559433
sector_cap_25,5,NOC.N,0.01055620332888907
sector_cap_25,5,ORNBV.HE,0.010004176219140825
sector_cap_25,5,PGR.N,0.034277584690706873
sector_cap_25,5,PLUSP.L,0.013110817123386527
sector_cap_25,5,PSPN.S,0.014515991840144224
sector_cap_25,5,RSG.N,0.014461095474780224
sector_cap_25,5,SBNOR.OL,0.021958016109160573
sector_cap_25,5,SDZ.S,0.010032527079186011
sector_cap_25,5,SPSN.S,0.010139007039334819
sector_cap_25,5,VATN.S,0.012783572221738114
sector_cap_25,5,WM.N,0.02104191272927047
sector_cap_25,5,WMT.OQ,0.09557039737043237
sector_cap_25,6,ABBV.N,0.015555667382398709
sector_cap_25,6,ACLN.S,0.0171460293781639
sector_cap_25,6,AD.AS,0.021991666987517294
sector_cap_25,6,ALLN.S,0.04774852823185939
sector_cap_25,6,ARGX.BR,0.01010239888234195
sector_cap_25,6,BCVN.S,0.05368686665952612
sector_cap_25,6,BFT.WA,0.010001460880522391
sector_cap_25,6,BKWB.S,0.04400297453240238
sector_cap_25,6,CBOE.Z,0.018631365122749394
sector_cap_25,6,CHRW.OQ,0.013846243021282692
sector_cap_25,6,COST.OQ,0.06349107589987464
sector_cap_25,6,DPZ.OQ,0.011015709078927481
sector_cap_25,6,GALD.S,0.014134653820821647
sector_cap_25,6,GALE.S,0.1002226006040822
sector_cap_25,6,HLT.N,0.01034322578729517
sector_cap_25,6,HUBN.S,0.010047029978064144
sector_cap_25,6,JNJ.N,0.03129071323529543
sector_cap_25,6,KR.N,0.036287462275395255
sector_cap_25,6,LLY.N,0.03488464784011399
sector_cap_25,6,LOTB.BR,0.023788693399858105
sector_cap_25,6,LTMC.MI,0.01000227443632788
sector_cap_25,6,MOBN.S,0.11319988928163764
sector_cap_25,6,NEM.N,0.027547805714810778
sector_cap_25,6,PGR.N,0.0418194133616877
sector_cap_25,6,PLUSP.L,0.015156637818604816
sector_cap_25,6,PSPN.S,0.012832610100426878
sector_cap_25,6,RSG.N,0.02377238467897197
sector_cap_25,6,SBNOR.OL,0.02556555191297922
sector_cap_25,6,SDZ.S,0.010920517353394759
sector_cap_25,6,WM.N,0.026522923262335706
sector_cap_25,6,WMT.OQ,0.10444097908033005
sector_cap_25,7,ABBV.N,0.014965730036767932
sector_cap_25,7,ACLN.S,0.026867532200073072
sector_cap_25,7,AD.AS,0.014482326221645008
sector_cap_25,7,ALLN.S,0.021884695720136786
sector_cap_25,7,ARGX.BR,0.013387673018079482
sector_cap_25,7,BCVN.S,0.04234507432899917
sector_cap_25,7,BFT.WA,0.01002194059917488
sector_cap_25,7,BKWB.S,0.05452972025522607
sector_cap_25,7,CBOE.Z,0.014181360611999453
sector_cap_25,7,CHRW.OQ,0.010049804125383512
sector_cap_25,7,COST.OQ,0.07004332123187314
sector_cap_25,7,DPZ.OQ,0.010067614883046557
sector_cap_25,7,GALD.S,0.01700693982102579
sector_cap_25,7,GALE.S,0.10438663614679915
sector_cap_25,7,HLT.N,0.010259147653538052
sector_cap_25,7,JNJ.N,0.010661647633165065
sector_cap_25,7,KR.N,0.027718279307893223
sector_cap_25,7,LLY.N,0.04087870400673169
sector_cap_25,7,LOTB.BR,0.024781693754939608
sector_cap_25,7,LTMC.MI,0.0122702345955074
sector_cap_25,7,MOBN.S,0.11410391247724624
sector_cap_25,7,NEM.N,0.030038296648504412
sector_cap_25,7,PGR.N,0.05010471691566958
sector_cap_25,7,PLUSP.L,0.017608736500588206
sector_cap_25,7,RSG.N,0.032716675152091146
sector_cap_25,7,SBNOR.OL,0.027758279196516116
sector_cap_25,7,SDZ.S,0.015864475633314785
sector_cap_25,7,TKO.N,0.010027013088953093
sector_cap_25,7,WM.N,0.028012959632087713
sector_cap_25,7,WMT.OQ,0.11297313899820724
sector_cap_25,7,ZEG.L,0.010001719604816422
sector_cap_25,8,ABBV.N,0.01525795363006051
sector_cap_25,8,ACLN.S,0.033617778643650856
sector_cap_25,8,AD.AS,0.010001563893363655
sector_cap_25,8,APH.N,0.010001704840208238
sector_cap_25,8,ARGX.BR,0.016247573701437094
sector_cap_25,8,BCVN.S,0.02592994706148032
sector_cap_25,8,BEAN.S,0.010000030650931467
sector_cap_25,8,BFT.WA,0.010000055257196506
sector_cap_25,8,BKWB.S,0.06273955314904656
sector_cap_25,8,CBOE.Z,0.010188922572025715
sector_cap_25,8,COST.OQ,0.07537169522485919
sector_cap_25,8,GALD.S,0.017060563727834915
sector_cap_25,8,GALE.S,0.10476981936943902
sector_cap_25,8,GAW.L,0.01000005482727101
sector_cap_25,8,HLT.N,0.010000629987485793
sector_cap_25,8,KR.N,0.019809761944070955
sector_cap_25,8,LLY.N,0.04843430841243084
sector_cap_25,8,LOTB.BR,0.022750399084702565
sector_cap_25,8,LTMC.MI,0.016920127920155986
sector_cap_25,8,MOBN.S,0.10477214871041948
sector_cap_25,8,NEM.N,0.03158084140689262
sector_cap_25,8,PGR.N,0.06037429114067944
sector_cap_25,8,PLUSP.L,0.019443984188094014
sector_cap_25,8,RSG.N,0.03906581941879294
sector_cap_25,8,SBNOR.OL,0.02830666843227386
sector_cap_25,8,SDZ.S,0.01831412617756429
sector_cap_25,8,TKO.N,0.010001873346580427
sector_cap_25,8,WM.N,0.026970118900471133
sector_cap_25,8,WMT.OQ,0.12206655048591444
sector_cap_25,8,ZEG.L,0.010001133894665924
sector_cap_25,9,ABBV.N,0.0101145813330548
sector_cap_25,9,ACLN.S,0.04511256806854744
sector_cap_25,9,APH.N,0.010076197580734638
sector_cap_25,9,ARGX.BR,0.024421601384060354
sector_cap_25,9,BCVN.S,0.010000067966360432
sector_cap_25,9,BEAN.S,0.010000128488446681
sector_cap_25,9,BFT.WA,0.010000045372109457
sector_cap_25,9,BKWB.S,0.06770121492109317
sector_cap_25,9,COST.OQ,0.08942683100198084
sector_cap_25,9,GALD.S,0.01712704072421461
sector_cap_25,9,GALE.S,0.09309496488681385
sector_cap_25,9,GAW.L,0.012078094044372698
sector_cap_25,9,HLT.N,0.010000249143346794
sector_cap_25,9,IBE.MC,0.01005510730830618
sector_cap_25,9,LLY.N,0.05800826767553135
sector_cap_25,9,LOTB.BR,0.020219955180458712
sector_cap_25,9,LTMC.MI,0.02192128065494564
sector_cap_25,9,MOBN.S,0.07550494338897712
sector_cap_25,9,NEM.N,0.03304476802544734
sector_cap_25,9,PGR.N,0.0711963704894282
sector_cap_25,9,PLUSP.L,0.021216978559100205
sector_cap_25,9,PWR.N,0.010001471480029292
sector_cap_25,9,RSG.N,0.040880550009068053
sector_cap_25,9,SBNOR.OL,0.015574178738481801
sector_cap_25,9,SDZ.S,0.024857501444185533
sector_cap_25,9,TKO.N,0.010000102510304986
sector_cap_25,9,WM.N,0.017673021833896633
sector_cap_25,9,WMT.OQ,0.14015766810815947
sector_cap_25,9,ZEG.L,0.010534076300009684
sector_cap_25,9,ZURN.S,0.010000173378534276
sector_cap_25,10,ABBN.S,0.010005211538145296
sector_cap_25,10,ABBV.N,0.010009911225761886
sector_cap_25,10,ACLN.S,0.05818002366470539
sector_cap_25,10,APH.N,0.022885872230770953
sector_cap_25,10,ARGX.BR,0.03635430222814703
sector_cap_25,10,BEAN.S,0.010010392688925927
sector_cap_25,10,BKWB.S,0.06656695961748235
sector_cap_25,10,COST.OQ,0.08905451477590368
sector_cap_25,10,GALD.S,0.014286926386231715
sector_cap_25,10,GALE.S,0.06222164400613706
sector_cap_25,10,GAW.L,0.020271612046805044
sector_cap_25,10,GOOG.OQ,0.010001344256201524
sector_cap_25,10,IBE.MC,0.03827317296158549
sector_cap_25,10,LLY.N,0.06843220714048728
sector_cap_25,10,LOTB.BR,0.010205923318095417
sector_cap_25,10,LTMC.MI,0.024046906036871915
sector_cap_25,10,MOBN.S,0.020957085668218738
sector_cap_25,10,MSFT.OQ,0.010039170808318298
sector_cap_25,10,NEM.N,0.03502733812839428
sector_cap_25,10,PGR.N,0.08108815126830489
sector_cap_25,10,PLUSP.L,0.02163269884871648
sector_cap_25,10,PWR.N,0.012539165115742292
sector_cap_25,10,RSG.N,0.03302010410341496
sector_cap_25,10,SBNOR.OL,0.010002563651984502
sector_cap_25,10,SDZ.S,0.032826114780845614
sector_cap_25,10,TKO.N,0.01000097416805618
sector_cap_25,10,WM.N,0.010131816943725254
sector_cap_25,10,WMT.OQ,0.14850588007019022
sector_cap_25,10,ZEG.L,0.013398883489425311
sector_cap_25,10,ZURN.S,0.01002312883240489
sector_cap_25,11,AAPL.OQ,0.010001065702336075
sector_cap_25,11,ABBN.S,0.010001176877089301
sector_cap_25,11,ACLN.S,0.07411406426331964
sector_cap_25,11,APH.N,0.027973792528201903
sector_cap_25,11,ARGX.BR,0.05155650262104596
sector_cap_25,11,AVGO.OQ,0.01000090681648653
sector_cap_25,11,BEAN.S,0.010002465883650684
sector_cap_25,11,BKWB.S,0.054405089262070855
sector_cap_25,11,CDNS.OQ,0.010000708792105096
sector_cap_25,11,COST.OQ,0.0809538045873556
sector_cap_25,11,GALD.S,0.010162513284214065
sector_cap_25,11,GALE.S,0.010104657138306649
sector_cap_25,11,GAW.L,0.03185787324813673
sector_cap_25,11,IBE.MC,0.05888235887747087
sector_cap_25,11,KOG.OL,0.010000597460432609
sector_cap_25,11,LLY.N,0.08882410958527671
sector_cap_25,11,LTMC.MI,0.020937316299031637
sector_cap_25,11,MSFT.OQ,0.011128264475546499
sector_cap_25,11,NEM.N,0.02857477801939684
sector_cap_25,11,PGR.N,0.09550500507753243
sector_cap_25,11,PLUSP.L,0.020258766623923338
sector_cap_25,11,PWR.N,0.02089746861126679
sector_cap_25,11,RSG.N,0.010386209465909183
sector_cap_25,11,SDZ.S,0.03513317323484438
sector_cap_25,11,SQN.S,0.010000913174912925
sector_cap_25,11,TT.N,0.010000647611766963
sector_cap_25,11,WM.N,0.010004281368592195
sector_cap_25,11,WMT.OQ,0.15233602626843398
sector_cap_25,11,ZEG.L,0.015992354492369777
sector_cap_25,11,ZURN.S,0.01000310834897396
sector_cap_25,12,AAPL.OQ,0.010000006538972836
sector_cap_25,12,ABBN.S,0.010000004583548236
sector_cap_25,12,ACLN.S,0.10322761491052478
sector_cap_25,12,APH.N,0.050585069274017354
sector_cap_25,12,ARGX.BR,0.08450923490970608
sector_cap_25,12,AVGO.OQ,0.010000014157371171
sector_cap_25,12,BKWB.S,0.010000009328321019
sector_cap_25,12,CDNS.OQ,0.010000018962870904
sector_cap_25,12,COST.OQ,0.017669999982069293
sector_cap_25,12,GALD.S,0.010000004770806573
sector_cap_25,12,GAW.L,0.05013391444640687
sector_cap_25,12,GOOG.OQ,0.010000003670351027
sector_cap_25,12,IBE.MC,0.047856639670424236
sector_cap_25,12,KOG.OL,0.01000000374050572
sector_cap_25,12,LLY.N,0.12079667899296939
sector_cap_25,12,LTMC.MI,0.010000012901394314
sector_cap_25,12,MSFT.OQ,0.04587283126810174
sector_cap_25,12,NEM.N,0.010000275718669027
sector_cap_25,12,NVDA.OQ,0.011927128575053427
sector_cap_25,12,PGR.N,0.09818082604824348
sector_cap_25,12,PLUSP.L,0.010000103700519672
sector_cap_25,12,PWR.N,0.056960730048074455
sector_cap_25,12,RSG.N,0.010000008016056796
sector_cap_25,12,SDZ.S,0.020046985619505284
sector_cap_25,12,SQN.S,0.01000000630480263
sector_cap_25,12,TT.N,0.010000006624536756
sector_cap_25,12,WM.N,0.010000004059407411
sector_cap_25,12,WMT.OQ,0.11677054198623292
sector_cap_25,12,ZEG.L,0.015461316251387415
sector_cap_25,12,ZURN.S,0.010000004939149229
sector_cap_25,13,AAPL.OQ,0.01000007792436421
sector_cap_25,13,ABBN.S,0.010000025827339996
sector_cap_25,13,ACLN.S,0.10638828738371567
sector_cap_25,13,APH.N,0.0625605222525215
sector_cap_25,13,ARGX.BR,0.12547462900457948
sector_cap_25,13,AVGO.OQ,0.010000112787668887
sector_cap_25,13,BKWB.S,0.010000039686772811
sector_cap_25,13,CDNS.OQ,0.010000280015890452
sector_cap_25,13,COST.OQ,0.010000070281047801
sector_cap_25,13,GAW.L,0.058078738164648085
sector_cap_25,13,GOOG.OQ,0.010000014340255457
sector_cap_25,13,GOOGL.OQ,0.010000013112851067
sector_cap_25,13,IBE.MC,0.010000420204964326
sector_cap_25,13,IETB.BR,0.010000011679477344
sector_cap_25,13,KOG.OL,0.010000033212074853
sector_cap_25,13,LLY.N,0.11452460727661859
sector_cap_25,13,LTMC.MI,0.010000044251956367
sector_cap_25,13,MSFT.OQ,0.07875747070755477
sector_cap_25,13,NEM.N,0.01000008864358054
sector_cap_25,13,NVDA.OQ,0.07307580037022847
sector_cap_25,13,PGR.N,0.06746996856598923
sector_cap_25,13,PLUSP.L,0.010000054294802763
sector_cap_25,13,PWR.N,0.10360656584566234
sector_cap_25,13,RSG.N,0.010000055325443942
sector_cap_25,13,SDZ.S,0.010000109375311334
sector_cap_25,13,SQN.S,0.010000027910234872
sector_cap_25,13,TT.N,0.010000052264122433
sector_cap_25,13,WMT.OQ,0.010000874585927608
sector_cap_25,13,ZEG.L,0.010060981561164398
sector_cap_25,13,ZURN.S,0.010000023143230083
sector_cap_25,14,AAPL.OQ,0.01
sector_cap_25,14,ABBN.S,0.009999999999999983
sector_cap_25,14,ACLN.S,0.01
sector_cap_25,14,APH.N,0.01
sector_cap_25,14,ARGX.BR,0.2
sector_cap_25,14,AVGO.OQ,0.01
sector_cap_25,14,CAT.N,0.01
sector_cap_25,14,CDNS.OQ,0.01
sector_cap_25,14,COST.OQ,0.01
sector_cap_25,14,CRH.N,0.01
sector_cap_25,14,FIX.N,0.01
sector_cap_25,14,GAW.L,0.1142514524796268
sector_cap_25,14,GOOG.OQ,0.01
sector_cap_25,14,GOOGL.OQ,0.01
sector_cap_25,14,IBE.MC,0.01
sector_cap_25,14,IETB.BR,0.01
sector_cap_25,14,LLY.N,0.03574854752037307
sector_cap_25,14,LTMC.MI,0.01
sector_cap_25,14,MSFT.OQ,0.01
sector_cap_25,14,NVDA.OQ,0.2
sector_cap_25,14,PGR.N,0.01
sector_cap_25,14,PLUSP.L,0.01
sector_cap_25,14,PWR.N,0.2
sector_cap_25,14,SDZ.S,0.01
sector_cap_25,14,SPGI.N,0.010000000000000002
sector_cap_25,14,SQN.S,0.01
sector_cap_25,14,TT.N,0.01
sector_cap_25,14,WMT.OQ,0.01
sector_cap_25,14,ZEG.L,0.01
sector_cap_25,14,ZURN.S,0.010000000000000085
esg_unconstrained,0,AD.AS,0.010003643283246438
esg_unconstrained,0,ALLN.S,0.10047417822012956
esg_unconstrained,0,BARN.S,0.010562496681866408
esg_unconstrained,0,BCVN.S,0.058337035670051725
esg_unconstrained,0,BMY.N,0.019703050770793516
esg_unconstrained,0,CBOE.Z,0.017151746828470954
esg_unconstrained,0,CHD.N,0.012726636348823895
esg_unconstrained,0,CHRW.OQ,0.02669505655884178
esg_unconstrained,0,CLX.N,0.03987137529662077
esg_unconstrained,0,COST.OQ,0.02058310651613719
esg_unconstrained,0,CPB.OQ,0.029419785785723587
esg_unconstrained,0,DPZ.OQ,0.020366223190619717
esg_unconstrained,0,GALE.S,0.06509502270817358
esg_unconstrained,0,GILD.OQ,0.01667461200903577
esg_unconstrained,0,GIS.N,0.020608004414559865
esg_unconstrained,0,HLN.L,0.01452282441082188
esg_unconstrained,0,HLT.N,0.011267361646141531
esg_unconstrained,0,HRL.N,0.015874067402073175
esg_unconstrained,0,HUBN.S,0.013753249138687716
esg_unconstrained,0,JNJ.N,0.013670952012626261
esg_unconstrained,0,KR.N,0.03953814625152202
esg_unconstrained,0,LISP.S,0.012158102588265633
esg_unconstrained,0,LOTB.BR,0.013743234446909102
esg_unconstrained,0,MOBN.S,0.07772655751048486
esg_unconstrained,0,MRK.N,0.010000403577700451
esg_unconstrained,0,NEM.N,0.013514725953368105
esg_unconstrained,0,NOC.N,0.012592969630668105
esg_unconstrained,0,PSPN.S,0.03571014885562388
esg_unconstrained,0,QIA.DE,0.017099441059090743
esg_unconstrained,0,QQ.L,0.010007173222742069
esg_unconstrained,0,SBNOR.OL,0.015831745789661976
esg_unconstrained,0,SCMN.S,0.02277653918564955
esg_unconstrained,0,SJM.N,0.02635550540645945
esg_unconstrained,0,SPSN.S,0.010441394931028023
esg_unconstrained,0,VATN.S,0.05617181396230147
esg_unconstrained,0,VZ.N,0.02830038522910319
esg_unconstrained,0,VZN.S,0.01211575352103747
esg_unconstrained,0,WMT.OQ,0.048555529984938436
esg_unconstrained,1,AD.AS,0.010144779566556994
esg_unconstrained,1,ALLN.S,0.09660051548178535
esg_unconstrained,1,BARN.S,0.010020554111819237
esg_unconstrained,1,BCVN.S,0.05693046966144658
esg_unconstrained,1,BKWB.S,0.010214307790115064
esg_unconstrained,1,BMY.N,0.013866400123690626
esg_unconstrained,1,CBOE.Z,0.018799971447962763
esg_unconstrained,1,CHD.N,0.014368098415729776
esg_unconstrained,1,CHRW.OQ,0.026654685407058325
esg_unconstrained,1,CLX.N,0.03559656682064844
esg_unconstrained,1,COST.OQ,0.02806085440909132
esg_unconstrained,1,CPB.OQ,0.02540922473935035
esg_unconstrained,1,DPZ.OQ,0.019502997779046946
esg_unconstrained,1,GALD.S,0.010000463404448724
esg_unconstrained,1,GALE.S,0.06824305380774554
esg_unconstrained,1,GILD.OQ,0.013693000581980868
esg_unconstrained,1,GIS.N,0.016880693006003086
esg_unconstrained,1,HLN.L,0.013610993919688591
esg_unconstrained,1,HLT.N,0.011177424066398742
esg_unconstrained,1,HRL.N,0.010102997110500406
esg_unconstrained,1,HUBN.S,0.013068283291200506
esg_unconstrained,1,JNJ.N,0.014346880544343478
esg_unconstrained,1,KR.N,0.040048940907512855
esg_unconstrained,1,LISP.S,0.01127138652244027
esg_unconstrained,1,LLY.N,0.010030213303257594
esg_unconstrained,1,LOTB.BR,0.016161682114379985
esg_unconstrained,1,MOBN.S,0.0773037255389656
esg_unconstrained,1,MRK.N,0.010004241557940333
esg_unconstrained,1,NEM.N,0.014457788642245669
esg_unconstrained,1,NOC.N,0.013787623832925821
esg_unconstrained,1,PLUSP.L,0.010000115048722337
esg_unconstrained,1,PSPN.S,0.03230623484853459
esg_unconstrained,1,QIA.DE,0.011490458532855135
esg_unconstrained,1,SBNOR.OL,0.02001141520993223
esg_unconstrained,1,SCMN.S,0.017267625994805937
esg_unconstrained,1,SJM.N,0.024145815757400043
esg_unconstrained,1,SPSN.S,0.0100569641837111
esg_unconstrained,1,VATN.S,0.0534639446373083
esg_unconstrained,1,VZ.N,0.022723525950639083
esg_unconstrained,1,VZN.S,0.010397855862355853
esg_unconstrained,1,WMT.OQ,0.05777722606745548
esg_unconstrained,2,AD.AS,0.012994242182857118
esg_unconstrained,2,ALLN.S,0.09358096929380082
esg_unconstrained,2,BARN.S,0.010003354198106043
esg_unconstrained,2,BCVN.S,0.054494359892367776
esg_unconstrained,2,BKWB.S,0.017603573407476907
esg_unconstrained,2,BMY.N,0.010001336018399143
esg_unconstrained,2,CBOE.Z,0.01957635866181108
esg_unconstrained,2,CHD.N,0.01633389828907839
esg_unconstrained,2,CHRW.OQ,0.026586031561543978
esg_unconstrained,2,CLX.N,0.030151873202737753
esg_unconstrained,2,COST.OQ,0.03835100489175802
esg_unconstrained,2,CPB.OQ,0.019635016626754022
esg_unconstrained,2,DPZ.OQ,0.018471690717650716
esg_unconstrained,2,GALD.S,0.010003918053404743
esg_unconstrained,2,GALE.S,0.07375421674894085
esg_unconstrained,2,GILD.OQ,0.010165064821668283
esg_unconstrained,2,GIS.N,0.011002375009277624
esg_unconstrained,2,HLN.L,0.013157296851867176
esg_unconstrained,2,HLT.N,0.010295262841789296
esg_unconstrained,2,HUBN.S,0.012870387840393316
esg_unconstrained,2,JNJ.N,0.014690995066342503
esg_unconstrained,2,KR.N,0.04012325751630572
esg_unconstrained,2,LISP.S,0.010794587579836763
esg_unconstrained,2,LLY.N,0.015635862644820298
esg_unconstrained,2,LOTB.BR,0.01955541201218078
esg_unconstrained,2,MOBN.S,0.07806920402171551
esg_unconstrained,2,MRK.N,0.010005993573813186
esg_unconstrained,2,NEM.N,0.01669279130177737
esg_unconstrained,2,NOC.N,0.01395337619888167
esg_unconstrained,2,PGR.N,0.013233990279525624
esg_unconstrained,2,PLUSP.L,0.010000827292586998
esg_unconstrained,2,PSPN.S,0.0284291643022456
esg_unconstrained,2,QIA.DE,0.010000579890136774
esg_unconstrained,2,SBNOR.OL,0.025502668349020353
esg_unconstrained,2,SCMN.S,0.010780194291632902
esg_unconstrained,2,SJM.N,0.02066423736404908
esg_unconstrained,2,SPSN.S,0.01002867429473762
esg_unconstrained,2,VATN.S,0.04866159794806589
esg_unconstrained,2,VZ.N,0.014141773986282165
esg_unconstrained,2,VZN.S,0.01001262653594477
esg_unconstrained,2,WMT.OQ,0.06998995443841534
esg_unconstrained,3,ABBV.N,0.010000797723545726
esg_unconstrained,3,AD.AS,0.016918229469958083
esg_unconstrained,3,ALLN.S,0.09276721761632037
esg_unconstrained,3,BCVN.S,0.05337105557097594
esg_unconstrained,3,BKWB.S,0.026411215600798777
esg_unconstrained,3,CBOE.Z,0.01936745574432538
esg_unconstrained,3,CHD.N,0.01587825201802299
esg_unconstrained,3,CHRW.OQ,0.02637207396131345
esg_unconstrained,3,CLX.N,0.023739421254560855
esg_unconstrained,3,COST.OQ,0.0468670298489927
esg_unconstrained,3,CPB.OQ,0.01247825329580777
esg_unconstrained,3,DPZ.OQ,0.017807596781397785
esg_unconstrained,3,GALD.S,0.011526521999162239
esg_unconstrained,3,GALE.S,0.08085630833002305
esg_unconstrained,3,GILD.OQ,0.010000144285229122
esg_unconstrained,3,GIS.N,0.010001083371524428
esg_unconstrained,3,HLN.L,0.013613831746698028
esg_unconstrained,3,HLT.N,0.010033187351342083
esg_unconstrained,3,HUBN.S,0.013920170970213998
esg_unconstrained,3,JNJ.N,0.012880518592813476
esg_unconstrained,3,KR.N,0.03957603731673963
esg_unconstrained,3,LISP.S,0.01048373647678941
esg_unconstrained,3,LLY.N,0.021978110809090512
esg_unconstrained,3,LOTB.BR,0.022766698222241876
esg_unconstrained,3,MOBN.S,0.08001912180572632
esg_unconstrained,3,MRK.N,0.010001347764467483
esg_unconstrained,3,NEM.N,0.018553706909726006
esg_unconstrained,3,NOC.N,0.012753780259540236
esg_unconstrained,3,PGR.N,0.021174137480518614
esg_unconstrained,3,PLUSP.L,0.010666092802525692
esg_unconstrained,3,PSPN.S,0.02558015424565666
esg_unconstrained,3,SBNOR.OL,0.031203599614894936
esg_unconstrained,3,SJM.N,0.015302076433468799
esg_unconstrained,3,SPSN.S,0.010204194515268918
esg_unconstrained,3,VATN.S,0.044823747151536905
esg_unconstrained,3,VZ.N,0.010001319820764144
esg_unconstrained,3,VZN.S,0.010009380364601868
esg_unconstrained,3,WMT.OQ,0.08009239247341583
esg_unconstrained,4,ABBV.N,0.011906629936045129
esg_unconstrained,4,ACLN.S,0.010003895555390175
esg_unconstrained,4,AD.AS,0.014882317887617206
esg_unconstrained,4,ALLN.S,0.08809874010196177
esg_unconstrained,4,BCVN.S,0.04897635884254605
esg_unconstrained,4,BFT.WA,0.010000052062593412
esg_unconstrained,4,BKWB.S,0.03300396100839824
esg_unconstrained,4,CBOE.Z,0.02167708794146666
esg_unconstrained,4,CHD.N,0.015661498800459576
esg_unconstrained,4,CHRW.OQ,0.02756084608562742
esg_unconstrained,4,CLX.N,0.01693439998399504
esg_unconstrained,4,COST.OQ,0.05590551799034009
esg_unconstrained,4,CPB.OQ,0.010001851150166614
esg_unconstrained,4,DPZ.OQ,0.01828790859667104
esg_unconstrained,4,GALD.S,0.012291761866907593
esg_unconstrained,4,GALE.S,0.08442343033988411
esg_unconstrained,4,HLN.L,0.011054605656053373
esg_unconstrained,4,HUBN.S,0.01173694649037585
esg_unconstrained,4,JNJ.N,0.014137145419679231
esg_unconstrained,4,KR.N,0.03886044378947137
esg_unconstrained,4,LISP.S,0.010008619818354169
esg_unconstrained,4,LLY.N,0.028678902801912876
esg_unconstrained,4,LOTB.BR,0.02340015344687812
esg_unconstrained,4,MOBN.S,0.07992192868849692
esg_unconstrained,4,MRK.N,0.010016103551432632
esg_unconstrained,4,NEM.N,0.019796495392247277
esg_unconstrained,4,NOC.N,0.014669612974352268
esg_unconstrained,4,PGR.N,0.031862057491688994
esg_unconstrained,4,PLUSP.L,0.012416353010667793
esg_unconstrained,4,PSPN.S,0.0229200087956467
esg_unconstrained,4,RILBA.CO,0.010003029410613656
esg_unconstrained,4,SBNOR.OL,0.033130402376447994
esg_unconstrained,4,SJM.N,0.010499733494279484
esg_unconstrained,4,SPSN.S,0.01004267389657025
esg_unconstrained,4,VATN.S,0.0374483001980556
esg_unconstrained,4,WMT.OQ,0.08978022514670526
esg_unconstrained,5,ABBV.N,0.01360779317689848
esg_unconstrained,5,ACLN.S,0.012412487872012115
esg_unconstrained,5,AD.AS,0.015984519515332613
esg_unconstrained,5,ALLN.S,0.08609148555817403
esg_unconstrained,5,ARGX.BR,0.0100000981693021
esg_unconstrained,5,BCVN.S,0.04533647693081015
esg_unconstrained,5,BFT.WA,0.010000162132341837
esg_unconstrained,5,BKWB.S,0.04045950467743166
esg_unconstrained,5,CBOE.Z,0.020565453252032222
esg_unconstrained,5,CHD.N,0.014682661199894163
esg_unconstrained,5,CHRW.OQ,0.025859545230479127
esg_unconstrained,5,CLX.N,0.010912591375442966
esg_unconstrained,5,COST.OQ,0.059409066503279324
esg_unconstrained,5,DPZ.OQ,0.01600447052998336
esg_unconstrained,5,GALD.S,0.012771419699442043
esg_unconstrained,5,GALE.S,0.08977729707699092
esg_unconstrained,5,HLN.L,0.010580060373761344
esg_unconstrained,5,HUBN.S,0.010507285774007407
esg_unconstrained,5,JNJ.N,0.010828710923962585
esg_unconstrained,5,KR.N,0.03787201101509824
esg_unconstrained,5,LLY.N,0.03277631565375187
esg_unconstrained,5,LOTB.BR,0.024442214548756714
esg_unconstrained,5,MOBN.S,0.0803963100899419
esg_unconstrained,5,NEM.N,0.021229455616172017
esg_unconstrained,5,NOC.N,0.011952185576060233
esg_unconstrained,5,PGR.N,0.037656318368382624
esg_unconstrained,5,PLUSP.L,0.014109803791174524
esg_unconstrained,5,PSPN.S,0.01943344553312502
esg_unconstrained,5,RILBA.CO,0.01001062616867672
esg_unconstrained,5,RSG.N,0.010090396731818638
esg_unconstrained,5,SBNOR.OL,0.03599314204819847
esg_unconstrained,5,TKO.N,0.010002037804969006
esg_unconstrained,5,VATN.S,0.03081598701322607
esg_unconstrained,5,WM.N,0.010397680024532145
esg_unconstrained,5,WMT.OQ,0.09703098004453743
esg_unconstrained,6,ABBV.N,0.01607379481906836
esg_unconstrained,6,ACLN.S,0.01923282638816393
esg_unconstrained,6,AD.AS,0.01421906778444805
esg_unconstrained,6,ALLN.S,0.07854127508272168
esg_unconstrained,6,ARGX.BR,0.01005903163984746
esg_unconstrained,6,BCVN.S,0.038641352052993024
esg_unconstrained,6,BFT.WA,0.010002908123075268
esg_unconstrained,6,BKWB.S,0.050304634114716446
esg_unconstrained,6,CASY.OQ,0.010010166708420228
esg_unconstrained,6,CBOE.Z,0.019922469969096353
esg_unconstrained,6,CHRW.OQ,0.022386988672588728
esg_unconstrained,6,COST.OQ,0.06713833469233686
esg_unconstrained,6,DPZ.OQ,0.014394939899148782
esg_unconstrained,6,GALD.S,0.01456204653021641
esg_unconstrained,6,GALE.S,0.09643809140979046
esg_unconstrained,6,HUBN.S,0.010378293903452485
esg_unconstrained,6,KR.N,0.03519071209172168
esg_unconstrained,6,LLY.N,0.039919313947218156
esg_unconstrained,6,LOTB.BR,0.02590441494881686
esg_unconstrained,6,LTMC.MI,0.01015070798231623
esg_unconstrained,6,MOBN.S,0.07806380706898411
esg_unconstrained,6,NEM.N,0.02329452211242545
esg_unconstrained,6,PGR.N,0.04667658639503207
esg_unconstrained,6,PLUSP.L,0.016500970925222617
esg_unconstrained,6,PSPN.S,0.012661916456547686
esg_unconstrained,6,RILBA.CO,0.0103688665258945
esg_unconstrained,6,RSG.N,0.01727712351002224
esg_unconstrained,6,SBNOR.OL,0.04037117689197205
esg_unconstrained,6,TKO.N,0.01014663212405993
esg_unconstrained,6,VATN.S,0.019390182025521698
esg_unconstrained,6,WM.N,0.014681641356390218
esg_unconstrained,6,WMT.OQ,0.10709520384777008
esg_unconstrained,7,ABBV.N,0.014975270212861918
esg_unconstrained,7,ACLN.S,0.02937011734730908
esg_unconstrained,7,AD.AS,0.010061353668177514
esg_unconstrained,7,ALLN.S,0.06408122609382312
esg_unconstrained,7,ARGX.BR,0.010926632198865537
esg_unconstrained,7,BCVN.S,0.028270193383743418
esg_unconstrained,7,BKWB.S,0.06019081459894303
esg_unconstrained,7,CBOE.Z,0.017129312247522656
esg_unconstrained,7,CHRW.OQ,0.018618231988551618
esg_unconstrained,7,COST.OQ,0.07522253448816063
esg_unconstrained,7,DPZ.OQ,0.012443367534983497
esg_unconstrained,7,GALD.S,0.01672546949124409
esg_unconstrained,7,GALE.S,0.09714651606418397
esg_unconstrained,7,GAW.L,0.010069967981192227
esg_unconstrained,7,KR.N,0.027823422133355806
esg_unconstrained,7,LLY.N,0.045680779464631636
esg_unconstrained,7,LOTB.BR,0.027485606223480504
esg_unconstrained,7,LTMC.MI,0.014871585025121014
esg_unconstrained,7,MOBN.S,0.07377046439913057
esg_unconstrained,7,NEM.N,0.024592156120790826
esg_unconstrained,7,PGR.N,0.05465689533203124
esg_unconstrained,7,PLUSP.L,0.018526302060715528
esg_unconstrained,7,RILBA.CO,0.013726203517606658
esg_unconstrained,7,RSG.N,0.024495648379425593
esg_unconstrained,7,SBNOR.OL,0.04843673235273185
esg_unconstrained,7,SDZ.S,0.01033091490580947
esg_unconstrained,7,TKO.N,0.010630320511455443
esg_unconstrained,7,WM.N,0.013954081518556921
esg_unconstrained,7,WMT.OQ,0.11578598698497643
esg_unconstrained,7,ZEG.L,0.01000189377061837
esg_unconstrained,8,ABBV.N,0.012859521882801187
esg_unconstrained,8,ACLN.S,0.04109890406912186
esg_unconstrained,8,ALLN.S,0.034026967962111014
esg_unconstrained,8,ARGX.BR,0.014663570061564768
esg_unconstrained,8,BCVN.S,0.010318538425162673
esg_unconstrained,8,BFT.WA,0.010004825059721393
esg_unconstrained,8,BKWB.S,0.07284721329716054
esg_unconstrained,8,CBOE.Z,0.011207590539340267
esg_unconstrained,8,CHRW.OQ,0.010908004624873211
esg_unconstrained,8,COST.OQ,0.0828194800026454
esg_unconstrained,8,DPZ.OQ,0.010306728080906977
esg_unconstrained,8,GALD.S,0.0187485860754227
esg_unconstrained,8,GALE.S,0.09653850988369247
esg_unconstrained,8,GAW.L,0.014957786770231286
esg_unconstrained,8,KR.N,0.015323769003044486
esg_unconstrained,8,LLY.N,0.05437861074078799
esg_unconstrained,8,LOTB.BR,0.026332383784758294
esg_unconstrained,8,LTMC.MI,0.022533421494698218
esg_unconstrained,8,MOBN.S,0.05922092599980535
esg_unconstrained,8,NEM.N,0.025272708108294146
esg_unconstrained,8,PGR.N,0.06642355945666983
esg_unconstrained,8,PLUSP.L,0.02169139446081907
esg_unconstrained,8,RILBA.CO,0.013065546572571491
esg_unconstrained,8,RSG.N,0.029814662800532153
esg_unconstrained,8,SBNOR.OL,0.05384376151811732
esg_unconstrained,8,SDZ.S,0.012885529075032499
esg_unconstrained,8,TKO.N,0.011930466248581502
esg_unconstrained,8,WM.N,0.011219383494039527
esg_unconstrained,8,WMT.OQ,0.1247221958083219
esg_unconstrained,8,ZEG.L,0.010035454699170557
esg_unconstrained,9,ABBV.N,0.010076556476265217
esg_unconstrained,9,ACLN.S,0.05373687872639516
esg_unconstrained,9,ALLN.S,0.01000306953068579
esg_unconstrained,9,APH.N,0.010002178577235976
esg_unconstrained,9,ARGX.BR,0.01932017688059991
esg_unconstrained,9,BEAN.S,0.01000311380281117
esg_unconstrained,9,BFT.WA,0.010000145143737751
esg_unconstrained,9,BKWB.S,0.08473870423194385
esg_unconstrained,9,CBOE.Z,0.010001626113719353
esg_unconstrained,9,COST.OQ,0.08587600811950219
esg_unconstrained,9,DPZ.OQ,0.010000366633240406
esg_unconstrained,9,GALD.S,0.019621518550999535
esg_unconstrained,9,GALE.S,0.08785190841683163
esg_unconstrained,9,GAW.L,0.024605191293719138
esg_unconstrained,9,KR.N,0.010000304065287957
esg_unconstrained,9,LLY.N,0.06392126515534283
esg_unconstrained,9,LOTB.BR,0.021367742609614628
esg_unconstrained,9,LTMC.MI,0.030222601606124562
esg_unconstrained,9,MOBN.S,0.026883857667745953
esg_unconstrained,9,NEM.N,0.024806976268775375
esg_unconstrained,9,PGR.N,0.07744228412305086
esg_unconstrained,9,PLUSP.L,0.02454244666016488
esg_unconstrained,9,RILBA.CO,0.010301927448684568
esg_unconstrained,9,RSG.N,0.026506237131511918
esg_unconstrained,9,SBNOR.OL,0.058965736039204714
esg_unconstrained,9,SDZ.S,0.015440508069004913
esg_unconstrained,9,TKO.N,0.012448912865403883
esg_unconstrained,9,WM.N,0.01000456745296627
esg_unconstrained,9,WMT.OQ,0.13115178942467604
esg_unconstrained,9,ZEG.L,0.010155400914753584
esg_unconstrained,10,AAPL.OQ,0.010000069109485503
esg_unconstrained,10,ABBV.N,0.010000388163843531
esg_unconstrained,10,ACLN.S,0.07010576152479447
esg_unconstrained,10,AJG.N,0.010000111569435723
esg_unconstrained,10,APH.N,0.010002642396711807
esg_unconstrained,10,ARGX.BR,0.026933799500531905
esg_unconstrained,10,BEAN.S,0.010001017021518472
esg_unconstrained,10,BKWB.S,0.09139189615157782
esg_unconstrained,10,COST.OQ,0.08627533350417563
esg_unconstrained,10,GALD.S,0.01876313570963778
esg_unconstrained,10,GALE.S,0.059114307558937956
esg_unconstrained,10,GAW.L,0.03877909038764468
esg_unconstrained,10,IBE.MC,0.01000007884450432
esg_unconstrained,10,LLY.N,0.07832496261901553
esg_unconstrained,10,LOTB.BR,0.010159352068366113
esg_unconstrained,10,LTMC.MI,0.03666048892200201
esg_unconstrained,10,MOBN.S,0.010000191147552993
esg_unconstrained,10,NEM.N,0.01536494779004872
esg_unconstrained,10,PAFR.L,0.010000022196648113
esg_unconstrained,10,PGR.N,0.08886573602243325
esg_unconstrained,10,PLUSP.L,0.02612387708108059
esg_unconstrained,10,PWR.N,0.010000548077459292
esg_unconstrained,10,RILBA.CO,0.010000806943143054
esg_unconstrained,10,RSG.N,0.010269296389084125
esg_unconstrained,10,SBNOR.OL,0.06125003271920801
esg_unconstrained,10,SDZ.S,0.015061544589711198
esg_unconstrained,10,TKO.N,0.010833429078352209
esg_unconstrained,10,WM.N,0.010000224908399772
esg_unconstrained,10,WMT.OQ,0.13398258628376938
esg_unconstrained,10,ZEG.L,0.01173432172092589
esg_unconstrained,11,AAPL.OQ,0.010000047857296341
esg_unconstrained,11,ACLN.S,0.09651344681115248
esg_unconstrained,11,AJG.N,0.01000008881579244
esg_unconstrained,11,APH.N,0.010000388784417249
esg_unconstrained,11,ARGX.BR,0.03941300424513107
esg_unconstrained,11,AVGO.OQ,0.010000023478178854
esg_unconstrained,11,BEAN.S,0.010000494239157356
esg_unconstrained,11,BKWB.S,0.09089702005829978
esg_unconstrained,11,COST.OQ,0.0647926746562152
esg_unconstrained,11,GALD.S,0.01084219863363541
esg_unconstrained,11,GALE.S,0.01000287182150048
esg_unconstrained,11,GAW.L,0.06264548457712006
esg_unconstrained,11,IBE.MC,0.01000024106074059
esg_unconstrained,11,LLY.N,0.10183239944370506
esg_unconstrained,11,LOTB.BR,0.01000017806965891
esg_unconstrained,11,LTMC.MI,0.04174370016013727
esg_unconstrained,11,NEM.N,0.010020390524450164
esg_unconstrained,11,NVDA.OQ,0.01000001327214046
esg_unconstrained,11,PGR.N,0.10302496077450937
esg_unconstrained,11,PLUSP.L,0.027091271820011153
esg_unconstrained,11,PWR.N,0.010000426652126401
esg_unconstrained,11,RILBA.CO,0.010000142705517742
esg_unconstrained,11,RSG.N,0.010000524716361382
esg_unconstrained,11,SBNOR.OL,0.053078452133309244
esg_unconstrained,11,SDZ.S,0.010327963191065473
esg_unconstrained,11,SQN.S,0.010000045212129723
esg_unconstrained,11,TKO.N,0.010006641527081195
esg_unconstrained,11,TT.N,0.010000031504389655
esg_unconstrained,11,WMT.OQ,0.12324249306612481
esg_unconstrained,11,ZEG.L,0.014522380188644601
esg_unconstrained,12,AAPL.OQ,0.010000074377727245
esg_unconstrained,12,ACLN.S,0.14268241227082384
esg_unconstrained,12,AJG.N,0.010000039885691129
esg_unconstrained,12,APH.N,0.010002621420797417
esg_unconstrained,12,ARGX.BR,0.05845901857949629
esg_unconstrained,12,AVGO.OQ,0.010000127299239225
esg_unconstrained,12,BEAN.S,0.010000024022040662
esg_unconstrained,12,BKWB.S,0.05280634493974809
esg_unconstrained,12,COST.OQ,0.015631746528224057
esg_unconstrained,12,FIX.N,0.010000016266363224
esg_unconstrained,12,GALD.S,0.010000074769871864
esg_unconstrained,12,GAW.L,0.10640363941915952
esg_unconstrained,12,IBE.MC,0.010000016487662992
esg_unconstrained,12,KOG.OL,0.010000011330017992
esg_unconstrained,12,LLY.N,0.13701554767039312
esg_unconstrained,12,LTMC.MI,0.041767805425397306
esg_unconstrained,12,MANTA.HE,0.010000018876477964
esg_unconstrained,12,MSFT.OQ,0.010000029709120856
esg_unconstrained,12,NVDA.OQ,0.016034523113512198
esg_unconstrained,12,PGR.N,0.11449118003045426
esg_unconstrained,12,PLUSP.L,0.022926590794293957
esg_unconstrained,12,PWR.N,0.01805102711081893
esg_unconstrained,12,RSG.N,0.010000022969248417
esg_unconstrained,12,SBNOR.OL,0.019577578025966713
esg_unconstrained,12,SDZ.S,0.0100000697427609
esg_unconstrained,12,SQN.S,0.010000118929814849
esg_unconstrained,12,TKO.N,0.010000127643505987
esg_unconstrained,12,TT.N,0.010000032703984649
esg_unconstrained,12,WMT.OQ,0.07948942110799069
esg_unconstrained,12,ZEG.L,0.01465973854939569
esg_unconstrained,13,AAPL.OQ,0.010000001714825717
esg_unconstrained,13,ACLN.S,0.19657191548153752
esg_unconstrained,13,AJG.N,0.010000001624481631
esg_unconstrained,13,APH.N,0.010000004661133198
esg_unconstrained,13,ARES.N,0.010000000895660067
esg_unconstrained,13,ARGX.BR,0.0795510426358489
esg_unconstrained,13,AVGO.OQ,0.010000002382558852
esg_unconstrained,13,BEAN.S,0.010000001112465802
esg_unconstrained,13,BKWB.S,0.010000011302617363
esg_unconstrained,13,CDNS.OQ,0.010000000979529251
esg_unconstrained,13,COST.OQ,0.010000003286362929
esg_unconstrained,13,FIX.N,0.010000001303495076
esg_unconstrained,13,GALD.S,0.010000001595473857
esg_unconstrained,13,GAW.L,0.16182297163841652
esg_unconstrained,13,IBE.MC,0.010000001181358594
esg_unconstrained,13,LLY.N,0.167318708812363
esg_unconstrained,13,LTMC.MI,0.01763151895559748
esg_unconstrained,13,MANTA.HE,0.010000001339042486
esg_unconstrained,13,MSFT.OQ,0.010000001341922532
esg_unconstrained,13,NVDA.OQ,0.0431906142638885
esg_unconstrained,13,PGR.N,0.08827886319078068
esg_unconstrained,13,PLUSP.L,0.010000153871985646
esg_unconstrained,13,PWR.N,0.025515350344731916
esg_unconstrained,13,SBNOR.OL,0.010000005438581623
esg_unconstrained,13,SDZ.S,0.010000001662556388
esg_unconstrained,13,SQN.S,0.010000003923686942
esg_unconstrained,13,TKO.N,0.010000001512444704
esg_unconstrained,13,TT.N,0.01000000152397747
esg_unconstrained,13,WMT.OQ,0.010000015785146674
esg_unconstrained,13,ZEG.L,0.010118796237528602
esg_unconstrained,14,AAPL.OQ,0.01
esg_unconstrained,14,ACLN.S,0.13999999999999985
esg_unconstrained,14,ANET.N,0.01
esg_unconstrained,14,APH.N,0.01
esg_unconstrained,14,ARES.N,0.01
esg_unconstrained,14,ARGX.BR,0.2
esg_unconstrained,14,ASMI.AS,0.01
esg_unconstrained,14,AVGO.OQ,0.01
esg_unconstrained,14,AXON.OQ,0.01
esg_unconstrained,14,CAT.N,0.01
esg_unconstrained,14,CDNS.OQ,0.01
esg_unconstrained,14,CTAS.OQ,0.01
esg_unconstrained,14,EME.N,0.01
esg_unconstrained,14,FICO.N,0.01
esg_unconstrained,14,FIX.N,0.01
esg_unconstrained,14,GAW.L,0.2
esg_unconstrained,14,KLAC.OQ,0.01
esg_unconstrained,14,LLY.N,0.01
esg_unconstrained,14,LRCX.OQ,0.01
esg_unconstrained,14,LTMC.MI,0.01
esg_unconstrained,14,MANTA.HE,0.01
esg_unconstrained,14,MSFT.OQ,0.01
esg_unconstrained,14,NVDA.OQ,0.2
esg_unconstrained,14,PGR.N,0.01
esg_unconstrained,14,PLUSP.L,0.01
esg_unconstrained,14,PWR.N,0.01
esg_unconstrained,14,SQN.S,0.01
esg_unconstrained,14,TDG.N,0.01
esg_unconstrained,14,TT.N,0.01
esg_unconstrained,14,ZEG.L,0.01
esg_min_50,0,AD.AS,0.010062965078676081
esg_min_50,0,ALLN.S,0.10031532738373135
esg_min_50,0,BARN.S,0.010686783412250092
esg_min_50,0,BCVN.S,0.05861219627850954
esg_min_50,0,BMY.N,0.02094752223391967
esg_min_50,0,CBOE.Z,0.017865298647921343
esg_min_50,0,CHD.N,0.012903444492205129
esg_min_50,0,CHRW.OQ,0.026895425392076715
esg_min_50,0,CLX.N,0.039907012875369394
esg_min_50,0,COST.OQ,0.020292595263142237
esg_min_50,0,CPB.OQ,0.029636770839845894
esg_min_50,0,DPZ.OQ,0.020651976603346743
esg_min_50,0,GALE.S,0.06556397336501152
esg_min_50,0,GILD.OQ,0.017791261216404237
esg_min_50,0,GIS.N,0.02091571416029334
esg_min_50,0,HLN.L,0.014972546801498747
esg_min_50,0,HLT.N,0.011933339106623718
esg_min_50,0,HRL.N,0.016028066652151292
esg_min_50,0,HUBN.S,0.01366872232066705
esg_min_50,0,JNJ.N,0.01591198704661201
esg_min_50,0,KR.N,0.039508125876831
esg_min_50,0,LISP.S,0.011811225239351023
esg_min_50,0,LOTB.BR,0.01350195841584447
esg_min_50,0,MOBN.S,0.07750394150479954
esg_min_50,0,NEM.N,0.013639111912720894
esg_min_50,0,NOC.N,0.01335605327965309
esg_min_50,0,PSPN.S,0.03554574288021637
esg_min_50,0,QIA.DE,0.017542356307084023
esg_min_50,0,QQ.L,0.01012250383132718
esg_min_50,0,SBNOR.OL,0.015588806145625713
esg_min_50,0,SCMN.S,0.02309653153014065
esg_min_50,0,SJM.N,0.026467611120906374
esg_min_50,0,SPSN.S,0.01086903743466913
esg_min_50,0,VATN.S,0.05623853924062157
esg_min_50,0,VZ.N,0.029269690700907753
esg_min_50,0,VZN.S,0.012102320874594386
esg_min_50,0,WMT.OQ,0.04827351453445082
esg_min_50,1,AD.AS,0.010375665122351824
esg_min_50,1,ALLN.S,0.0965715038846693
esg_min_50,1,BARN.S,0.010174580969262987
esg_min_50,1,BCVN.S,0.056833848273652815
esg_min_50,1,BKWB.S,0.010347431353936917
esg_min_50,1,BMY.N,0.014264399328666983
esg_min_50,1,CBOE.Z,0.01852413879887664
esg_min_50,1,CHD.N,0.014180790193380977
esg_min_50,1,CHRW.OQ,0.026570169109262857
esg_min_50,1,CLX.N,0.036015980734828666
esg_min_50,1,COST.OQ,0.027083014992040393
esg_min_50,1,CPB.OQ,0.02586014677462455
esg_min_50,1,DPZ.OQ,0.0194662146890608
esg_min_50,1,GALD.S,0.010013612801492332
esg_min_50,1,GALE.S,0.06756823313690322
esg_min_50,1,GILD.OQ,0.013804701411365175
esg_min_50,1,GIS.N,0.017318538368658213
esg_min_50,1,HLN.L,0.013472783369256367
esg_min_50,1,HLT.N,0.011414527075918631
esg_min_50,1,HRL.N,0.010540800784293857
esg_min_50,1,HUBN.S,0.012923304290433597
esg_min_50,1,JNJ.N,0.013905451637411938
esg_min_50,1,KR.N,0.04003984427498854
esg_min_50,1,LISP.S,0.01139946329106779
esg_min_50,1,LLY.N,0.010143956051072937
esg_min_50,1,LOTB.BR,0.015815364571203753
esg_min_50,1,MOBN.S,0.07701985222228325
esg_min_50,1,MRK.N,0.010111582231134543
esg_min_50,1,NEM.N,0.014263603959665406
esg_min_50,1,NOC.N,0.013562154923149515
esg_min_50,1,PLUSP.L,0.010000772629005478
esg_min_50,1,PSPN.S,0.03234293863543307
esg_min_50,1,QIA.DE,0.011815066500848556
esg_min_50,1,SBNOR.OL,0.019493054462196197
esg_min_50,1,SCMN.S,0.01751080658494847
esg_min_50,1,SJM.N,0.024408994565244226
esg_min_50,1,SPSN.S,0.010448970973743466
esg_min_50,1,VATN.S,0.05360481271696014
esg_min_50,1,VZ.N,0.0232444934247277
esg_min_50,1,VZN.S,0.010770791118475368
esg_min_50,1,WMT.OQ,0.056773639763502734
esg_min_50,2,AD.AS,0.011941203336958325
esg_min_50,2,ALLN.S,0.09390510128332162
esg_min_50,2,BARN.S,0.010027741962024196
esg_min_50,2,BCVN.S,0.0545776215506565
esg_min_50,2,BKWB.S,0.017275622746154483
esg_min_50,2,BMY.N,0.01003489890580792
esg_min_50,2,CBOE.Z,0.019456130135559017
esg_min_50,2,CHD.N,0.015004201314513453
esg_min_50,2,CHRW.OQ,0.02618861815058978
esg_min_50,2,CLX.N,0.029366208669473863
esg_min_50,2,COST.OQ,0.036256168171046155
esg_min_50,2,CPB.OQ,0.01912686353932641
esg_min_50,2,DG.N,0.01000033633788547
esg_min_50,2,DPZ.OQ,0.01794886998447467
esg_min_50,2,GALD.S,0.01005261652923699
esg_min_50,2,GALE.S,0.07356720772532786
esg_min_50,2,GILD.OQ,0.010265360660497743
esg_min_50,2,GIS.N,0.010752125378064544
esg_min_50,2,HLN.L,0.013284262568525931
esg_min_50,2,HLT.N,0.010294560194280645
esg_min_50,2,HUBN.S,0.012736387248956364
esg_min_50,2,JNJ.N,0.014549656864269001
esg_min_50,2,KR.N,0.03950928812604805
esg_min_50,2,LISP.S,0.010702293883826893
esg_min_50,2,LLY.N,0.015299067365095105
esg_min_50,2,LOTB.BR,0.018913196573170428
esg_min_50,2,MOBN.S,0.07812178507089446
esg_min_50,2,MRK.N,0.010088068100192474
esg_min_50,2,NEM.N,0.016312578979505214
esg_min_50,2,NOC.N,0.014011091426823745
esg_min_50,2,PGR.N,0.012931701695384107
esg_min_50,2,PLUSP.L,0.010004746745398382
esg_min_50,2,PSPN.S,0.028659143551108497
esg_min_50,2,QIA.DE,0.010022089955568544
esg_min_50,2,SBNOR.OL,0.02524508246455829
esg_min_50,2,SCMN.S,0.011591322754047746
esg_min_50,2,SJM.N,0.02006942355249737
esg_min_50,2,SPSN.S,0.010412352147507613
esg_min_50,2,VATN.S,0.04884474589842446
esg_min_50,2,VZ.N,0.014232732772630045
esg_min_50,2,VZN.S,0.01015449943738183
esg_min_50,2,WMT.OQ,0.06826302624298593
esg_min_50,3,ABBV.N,0.010033804610400873
esg_min_50,3,AD.AS,0.016872643230348608
esg_min_50,3,ALLN.S,0.09287337468858652
esg_min_50,3,BCVN.S,0.05349161822712475
esg_min_50,3,BKWB.S,0.025889563488435914
esg_min_50,3,CBOE.Z,0.01928767003940086
esg_min_50,3,CHD.N,0.01597507274425746
esg_min_50,3,CHRW.OQ,0.026377534493600908
esg_min_50,3,CLX.N,0.02420930060037926
esg_min_50,3,COST.OQ,0.046360556989009684
esg_min_50,3,CPB.OQ,0.012997608569982291
esg_min_50,3,DPZ.OQ,0.0178311437044336
esg_min_50,3,GALD.S,0.011431888011055016
esg_min_50,3,GALE.S,0.08051212121645543
esg_min_50,3,GILD.OQ,0.010010521271444663
esg_min_50,3,GIS.N,0.010030675874096565
esg_min_50,3,HLN.L,0.013643894562305645
esg_min_50,3,HLT.N,0.010166865857683312
esg_min_50,3,HUBN.S,0.01389310382813109
esg_min_50,3,JNJ.N,0.013055048857671581
esg_min_50,3,KR.N,0.03966444990563099
esg_min_50,3,LISP.S,0.010985077927398477
esg_min_50,3,LLY.N,0.021595187389498064
esg_min_50,3,LOTB.BR,0.022624330816631257
esg_min_50,3,MOBN.S,0.07989923881881136
esg_min_50,3,MRK.N,0.010084529210248754
esg_min_50,3,NEM.N,0.01844041826000083
esg_min_50,3,NOC.N,0.012802325060203677
esg_min_50,3,PGR.N,0.02062625742042495
esg_min_50,3,PLUSP.L,0.01060852507605581
esg_min_50,3,PSPN.S,0.02568983485676384
esg_min_50,3,SBNOR.OL,0.03085734808856794
esg_min_50,3,SJM.N,0.015707750503595633
esg_min_50,3,SPSN.S,0.01064855515927563
esg_min_50,3,VATN.S,0.04509667516164613
esg_min_50,3,VZ.N,0.01007224496443967
esg_min_50,3,VZN.S,0.010128463451274727
esg_min_50,3,WMT.OQ,0.07952477706472848
esg_min_50,4,ABBV.N,0.011956708233035141
esg_min_50,4,ACLN.S,0.010013463080412587
esg_min_50,4,AD.AS,0.014228513911245903
esg_min_50,4,ALLN.S,0.0868524689755354
esg_min_50,4,BCVN.S,0.04791662084195867
esg_min_50,4,BFT.WA,0.010004508123946126
esg_min_50,4,BKWB.S,0.032220022213428776
esg_min_50,4,CBOE.Z,0.021366501732939386
esg_min_50,4,CHD.N,0.01587508951774105
esg_min_50,4,CHRW.OQ,0.027399560392590647
esg_min_50,4,CLX.N,0.017194985196109444
esg_min_50,4,COST.OQ,0.05535665564575876
esg_min_50,4,CPB.OQ,0.010122764820360544
esg_min_50,4,DPZ.OQ,0.01811840850780748
esg_min_50,4,GALD.S,0.01160685358375518
esg_min_50,4,GALE.S,0.08342749700512754
esg_min_50,4,HLN.L,0.011137294946836969
esg_min_50,4,HUBN.S,0.011241266663227563
esg_min_50,4,JNJ.N,0.01406439779912362
esg_min_50,4,KR.N,0.03899317942045056
esg_min_50,4,LISP.S,0.010197405865490096
esg_min_50,4,LLY.N,0.028461594465475856
esg_min_50,4,LOTB.BR,0.022802562905117528
esg_min_50,4,MOBN.S,0.0788010597386388
esg_min_50,4,MRK.N,0.01041054840058315
esg_min_50,4,NEM.N,0.019698871798417054
esg_min_50,4,NOC.N,0.014743437147523648
esg_min_50,4,PGR.N,0.031424877548241636
esg_min_50,4,PLUSP.L,0.01217643013165777
esg_min_50,4,PSPN.S,0.02192128478503897
esg_min_50,4,RILBA.CO,0.010055150277197214
esg_min_50,4,SBNOR.OL,0.032063411229151025
esg_min_50,4,SJM.N,0.01169128633932883
esg_min_50,4,SPSN.S,0.010444529424087237
esg_min_50,4,VATN.S,0.03646187220405435
esg_min_50,4,VZN.S,0.01002573708546534
esg_min_50,4,WMT.OQ,0.08952318004314021
esg_min_50,5,ABBV.N,0.01360409619062995
esg_min_50,5,ACLN.S,0.011963230453507646
esg_min_50,5,AD.AS,0.015586808397484157
esg_min_50,5,ALLN.S,0.08437478617594867
esg_min_50,5,ARGX.BR,0.010000061794042399
esg_min_50,5,BCVN.S,0.04508336486758976
esg_min_50,5,BFT.WA,0.010000100237079602
esg_min_50,5,BKWB.S,0.03959316347317556
esg_min_50,5,CBOE.Z,0.020522902846407242
esg_min_50,5,CHD.N,0.014702886746249649
esg_min_50,5,CHRW.OQ,0.025916821879891944
esg_min_50,5,CLX.N,0.011138926553624954
esg_min_50,5,COST.OQ,0.05912584713750218
esg_min_50,5,DPZ.OQ,0.016042197912405607
esg_min_50,5,GALD.S,0.012568652395385356
esg_min_50,5,GALE.S,0.08916762491393293
esg_min_50,5,HLN.L,0.010415966040869116
esg_min_50,5,HUBN.S,0.01029858271999621
esg_min_50,5,JNJ.N,0.010996973758151958
esg_min_50,5,KR.N,0.03800722525021728
esg_min_50,5,LLY.N,0.03259744135526658
esg_min_50,5,LOTB.BR,0.024169708959808096
esg_min_50,5,MOBN.S,0.07892142112682503
esg_min_50,5,NEM.N,0.021053636019182944
esg_min_50,5,NOC.N,0.01196797199542595
esg_min_50,5,PGR.N,0.03736492764584018
esg_min_50,5,PLUSP.L,0.013949490513843615
esg_min_50,5,PSPN.S,0.017681705794855614
esg_min_50,5,RILBA.CO,0.010006834421694463
esg_min_50,5,RSG.N,0.01005363701944276
esg_min_50,5,SBNOR.OL,0.03555920118846513
esg_min_50,5,SPSN.S,0.01001208348094388
esg_min_50,5,TKO.N,0.010000214254208127
esg_min_50,5,VATN.S,0.030747621077021354
esg_min_50,5,WM.N,0.01017177745729262
esg_min_50,5,WMT.OQ,0.09663210794579129
esg_min_50,6,ABBV.N,0.014508673781492867
esg_min_50,6,ACLN.S,0.020868165528835365
esg_min_50,6,AD.AS,0.011721552003941496
esg_min_50,6,ALLN.S,0.07527272813525546
esg_min_50,6,ARGX.BR,0.010002986071818834
esg_min_50,6,BCVN.S,0.03707791055980829
esg_min_50,6,BKWB.S,0.04995384231732548
esg_min_50,6,CBOE.Z,0.018949023209635072
esg_min_50,6,CHD.N,0.010003260163617595
esg_min_50,6,CHRW.OQ,0.022512786087235892
esg_min_50,6,COST.OQ,0.06815859161712477
esg_min_50,6,DPZ.OQ,0.014553836764832396
esg_min_50,6,GALD.S,0.014625817774530042
esg_min_50,6,GALE.S,0.09379188178126172
esg_min_50,6,HLN.L,0.01000536100495976
esg_min_50,6,HUBN.S,0.010027183161332612
esg_min_50,6,KR.N,0.03332008869287174
esg_min_50,6,LLY.N,0.03930291690662309
esg_min_50,6,LOTB.BR,0.0262631822328469
esg_min_50,6,LTMC.MI,0.010011011224246663
esg_min_50,6,MOBN.S,0.0767570650018133
esg_min_50,6,NEM.N,0.023215216646515557
esg_min_50,6,NOC.N,0.010001631014960119
esg_min_50,6,PGR.N,0.04560147679583237
esg_min_50,6,PLUSP.L,0.016383062096122385
esg_min_50,6,PSPN.S,0.010443983120969105
esg_min_50,6,RILBA.CO,0.010861824109074986
esg_min_50,6,RSG.N,0.01558031021687864
esg_min_50,6,SBNOR.OL,0.04225643299203663
esg_min_50,6,SDZ.S,0.010000888652202215
esg_min_50,6,TKO.N,0.010004992573414008
esg_min_50,6,VATN.S,0.01853564208379399
esg_min_50,6,WM.N,0.012194701926193971
esg_min_50,6,WMT.OQ,0.10723197375059668
esg_min_50,7,ABBV.N,0.015064270879288808
esg_min_50,7,ACLN.S,0.02901984594927752
esg_min_50,7,AD.AS,0.010035145135085747
esg_min_50,7,ALLN.S,0.06497068690041834
esg_min_50,7,ARGX.BR,0.010795949257978945
esg_min_50,7,BCVN.S,0.02892613166078625
esg_min_50,7,BKWB.S,0.059827901196231326
esg_min_50,7,CBOE.Z,0.01733938896939874
esg_min_50,7,CHRW.OQ,0.018908573520630707
esg_min_50,7,COST.OQ,0.07502488881844968
esg_min_50,7,DPZ.OQ,0.012536757283000388
esg_min_50,7,GALD.S,0.016653657231101553
esg_min_50,7,GALE.S,0.09716076660514321
esg_min_50,7,GAW.L,0.010002151737870175
esg_min_50,7,KR.N,0.02821359777150829
esg_min_50,7,LLY.N,0.04544571923362815
esg_min_50,7,LOTB.BR,0.027504640978233328
esg_min_50,7,LTMC.MI,0.014644211010561256
esg_min_50,7,MOBN.S,0.0742025706838436
esg_min_50,7,NEM.N,0.024559687542578004
esg_min_50,7,PGR.N,0.0543520994856236
esg_min_50,7,PLUSP.L,0.018433347221612766
esg_min_50,7,RILBA.CO,0.013691645362945272
esg_min_50,7,RSG.N,0.024392238682620224
esg_min_50,7,SBNOR.OL,0.048241614760074374
esg_min_50,7,SDZ.S,0.010237554698746985
esg_min_50,7,TKO.N,0.010360407955842758
esg_min_50,7,WM.N,0.013904893261750857
esg_min_50,7,WMT.OQ,0.11554936081657705
esg_min_50,7,ZEG.L,0.010000295389191982
esg_min_50,8,ABBV.N,0.01300814315454936
esg_min_50,8,ACLN.S,0.04077483311423813
esg_min_50,8,ALLN.S,0.03506793512167798
esg_min_50,8,ARGX.BR,0.014541991360541727
esg_min_50,8,BCVN.S,0.010592851071908726
esg_min_50,8,BFT.WA,0.010007004731698053
esg_min_50,8,BKWB.S,0.07252606973642166
esg_min_50,8,CBOE.Z,0.0109917177823433
esg_min_50,8,CHRW.OQ,0.010914866949927847
esg_min_50,8,COST.OQ,0.08274557115829258
esg_min_50,8,DPZ.OQ,0.0102999250258681
esg_min_50,8,GALD.S,0.018689016633916426
esg_min_50,8,GALE.S,0.09664141307252999
esg_min_50,8,GAW.L,0.014715318131068671
esg_min_50,8,KR.N,0.015771198027908963
esg_min_50,8,LLY.N,0.05418309113287245
esg_min_50,8,LOTB.BR,0.02639472790315012
esg_min_50,8,LTMC.MI,0.022341607504937983
esg_min_50,8,MOBN.S,0.05977543450410923
esg_min_50,8,NEM.N,0.025266923506518595
esg_min_50,8,PGR.N,0.0662513391261346
esg_min_50,8,PLUSP.L,0.0216173758792719
esg_min_50,8,RILBA.CO,0.013093005152615167
esg_min_50,8,RSG.N,0.03005272221863209
esg_min_50,8,SBNOR.OL,0.05369821523696854
esg_min_50,8,SDZ.S,0.012831271136843438
esg_min_50,8,TKO.N,0.011842369811565405
esg_min_50,8,WM.N,0.010744745849784645
esg_min_50,8,WMT.OQ,0.1245850633720792
esg_min_50,8,ZEG.L,0.010034252591625183
esg_min_50,9,ABBV.N,0.010000000000000009
esg_min_50,9,ACLN.S,0.0520036914483378
esg_min_50,9,ALLN.S,0.010000000000000009
esg_min_50,9,APH.N,0.010000000000000009
esg_min_50,9,ARGX.BR,0.018949059756390028
esg_min_50,9,BEAN.S,0.010000000000000009
esg_min_50,9,BKWB.S,0.0845922695951124
esg_min_50,9,CBOE.Z,0.010000000000000009
esg_min_50,9,COST.OQ,0.08445083463748364
esg_min_50,9,DPZ.OQ,0.01
esg_min_50,9,GALD.S,0.019568962319929717
esg_min_50,9,GALE.S,0.09202488057774398
esg_min_50,9,GAW.L,0.023600415203091286
esg_min_50,9,KR.N,0.01
esg_min_50,9,LLY.N,0.06231242194238749
esg_min_50,9,LOTB.BR,0.022978496403318935
esg_min_50,9,LTMC.MI,0.029769145763063037
esg_min_50,9,MOBN.S,0.03292982392824451
esg_min_50,9,NEM.N,0.024893121558350616
esg_min_50,9,PGR.N,0.0749888967361504
esg_min_50,9,PLUSP.L,0.024437960876099764
esg_min_50,9,PWR.N,0.01
esg_min_50,9,RILBA.CO,0.01003988226230177
esg_min_50,9,RSG.N,0.024489554462643035
esg_min_50,9,SBNOR.OL,0.05986150266536286
esg_min_50,9,SDZ.S,0.015458683183486543
esg_min_50,9,TKO.N,0.011500154339420945
esg_min_50,9,WM.N,0.010000000000000009
esg_min_50,9,WMT.OQ,0.1311502423410812
esg_min_50,9,ZEG.L,0.010000000000000009
esg_min_50,10,AAPL.OQ,0.01000001468320432
esg_min_50,10,ABBV.N,0.010000044100381899
esg_min_50,10,ACLN.S,0.0723343245314461
esg_min_50,10,AJG.N,0.0100000181627319
esg_min_50,10,APH.N,0.010001362703312847
esg_min_50,10,ARGX.BR,0.0268022669788701
esg_min_50,10,BEAN.S,0.010000473933548583
esg_min_50,10,BKWB.S,0.09252215962538674
esg_min_50,10,COST.OQ,0.0821431782702172
esg_min_50,10,GALD.S,0.01976471051372553
esg_min_50,10,GALE.S,0.05758347233940743
esg_min_50,10,GAW.L,0.03912364176290888
esg_min_50,10,IBE.MC,0.010000015262367884
esg_min_50,10,KDP.OQ,0.010000003482120021
esg_min_50,10,LLY.N,0.07865127973702761
esg_min_50,10,LOTB.BR,0.010013302006435394
esg_min_50,10,LTMC.MI,0.03693112376480953
esg_min_50,10,MOBN.S,0.010000036681828972
esg_min_50,10,NEM.N,0.020816260544554193
esg_min_50,10,PGR.N,0.0883003083084486
esg_min_50,10,PLUSP.L,0.027202219292157267
esg_min_50,10,PWR.N,0.010000324705920082
esg_min_50,10,RILBA.CO,0.010000132285807786
esg_min_50,10,RSG.N,0.010021542675033976
esg_min_50,10,SBNOR.OL,0.058324662885541056
esg_min_50,10,SDZ.S,0.016095778630063402
esg_min_50,10,TKO.N,0.01079285846559428
esg_min_50,10,WM.N,0.010000025523584324
esg_min_50,10,WMT.OQ,0.13084030458342108
esg_min_50,10,ZEG.L,0.011734153560143226
esg_min_50,11,AAPL.OQ,0.010000013275057505
esg_min_50,11,ACLN.S,0.0957219855419479
esg_min_50,11,AJG.N,0.010000017877262872
esg_min_50,11,APH.N,0.010000039908099653
esg_min_50,11,ARGX.BR,0.03910513600602603
esg_min_50,11,AVGO.OQ,0.01000000948714326
esg_min_50,11,BEAN.S,0.010000081303415965
esg_min_50,11,BKWB.S,0.09161716098446145
esg_min_50,11,COST.OQ,0.06544097509017417
esg_min_50,11,GALD.S,0.010893024178658525
esg_min_50,11,GALE.S,0.010001003058828261
esg_min_50,11,GAW.L,0.061931053107285396
esg_min_50,11,IBE.MC,0.01000003091833621
esg_min_50,11,LLY.N,0.10123826047533994
esg_min_50,11,LOTB.BR,0.010000021703331688
esg_min_50,11,LTMC.MI,0.04169659751454681
esg_min_50,11,NEM.N,0.0100024413693672
esg_min_50,11,NVDA.OQ,0.010000007839954
esg_min_50,11,PGR.N,0.10280092062795507
esg_min_50,11,PLUSP.L,0.027173146794060646
esg_min_50,11,PWR.N,0.010000024743229093
esg_min_50,11,RILBA.CO,0.010000025932686967
esg_min_50,11,RSG.N,0.010000063550690367
esg_min_50,11,SBNOR.OL,0.053614971285983345
esg_min_50,11,SDZ.S,0.010264549654936967
esg_min_50,11,SQN.S,0.010000014347363828
esg_min_50,11,TKO.N,0.010000374875652033
esg_min_50,11,TT.N,0.010000010573380019
esg_min_50,11,WMT.OQ,0.1239621759725127
esg_min_50,11,ZEG.L,0.014535862002311963
esg_min_50,12,AAPL.OQ,0.010000052483754726
esg_min_50,12,ACLN.S,0.14228150560795824
esg_min_50,12,AJG.N,0.010000010198637829
esg_min_50,12,APH.N,0.010001880158484378
esg_min_50,12,ARGX.BR,0.058304323580875145
esg_min_50,12,AVGO.OQ,0.010000267756553818
esg_min_50,12,BEAN.S,0.010000010719119944
esg_min_50,12,BKWB.S,0.05318882654857214
esg_min_50,12,COST.OQ,0.016103505660365124
esg_min_50,12,FIX.N,0.010000011624429967
esg_min_50,12,GALD.S,0.01000002511789732
esg_min_50,12,GAW.L,0.1060334985020302
esg_min_50,12,IBE.MC,0.01000000584450322
esg_min_50,12,KOG.OL,0.010000003800541576
esg_min_50,12,LLY.N,0.13673120691918259
esg_min_50,12,LTMC.MI,0.041775741167701066
esg_min_50,12,MANTA.HE,0.010000008901680764
esg_min_50,12,MSFT.OQ,0.01000002195766464
esg_min_50,12,NVDA.OQ,0.01581519031455012
esg_min_50,12,PGR.N,0.11439891797564769
esg_min_50,12,PLUSP.L,0.022979084274504985
esg_min_50,12,PWR.N,0.01792265221866797
esg_min_50,12,RSG.N,0.010000006601017613
esg_min_50,12,SBNOR.OL,0.019876801627900526
esg_min_50,12,SDZ.S,0.010000027176050755
esg_min_50,12,SQN.S,0.010000180839988215
esg_min_50,12,TKO.N,0.010000042259400493
esg_min_50,12,TT.N,0.010000015657823247
esg_min_50,12,WMT.OQ,0.07993104889177444
esg_min_50,12,ZEG.L,0.014655125612721066
esg_min_50,13,AAPL.OQ,0.010000108470940369
esg_min_50,13,ACLN.S,0.19613756435362184
esg_min_50,13,AJG.N,0.010000117406963037
esg_min_50,13,APH.N,0.010000377909154957
esg_min_50,13,ARES.N,0.010000043198145032
esg_min_50,13,ARGX.BR,0.07944969575088241
esg_min_50,13,AVGO.OQ,0.010000185743810754
esg_min_50,13,BEAN.S,0.010000068124854187
esg_min_50,13,BKWB.S,0.010001187454696222
esg_min_50,13,CDNS.OQ,0.010000048651830023
esg_min_50,13,COST.OQ,0.010000402605758811
esg_min_50,13,FIX.N,0.010000059523705699
esg_min_50,13,GALD.S,0.010000099395613273
esg_min_50,13,GAW.L,0.16149935366117188
esg_min_50,13,IBE.MC,0.010000084137381687
esg_min_50,13,LLY.N,0.1672515198263334
esg_min_50,13,LTMC.MI,0.01800724360806209
esg_min_50,13,MANTA.HE,0.010000079374838624
esg_min_50,13,MSFT.OQ,0.010000072338726866
esg_min_50,13,NVDA.OQ,0.042979677905459576
esg_min_50,13,PGR.N,0.0888040651071744
esg_min_50,13,PLUSP.L,0.010026140915353924
esg_min_50,13,PWR.N,0.025538032174339323
esg_min_50,13,SBNOR.OL,0.01000075592638598
esg_min_50,13,SDZ.S,0.010000109206562968
esg_min_50,13,SQN.S,0.010000383869887853
esg_min_50,13,TKO.N,0.010000118824810174
esg_min_50,13,TT.N,0.010000086231850261
esg_min_50,13,WMT.OQ,0.010002389294303663
esg_min_50,13,ZEG.L,0.010299929007380549
esg_min_50,14,AAPL.OQ,0.01
esg_min_50,14,ACLN.S,0.13999999999999985
esg_min_50,14,ANET.N,0.01
esg_min_50,14,APH.N,0.01
esg_min_50,14,ARES.N,0.01
esg_min_50,14,ARGX.BR,0.2
esg_min_50,14,ASMI.AS,0.00999999999998334
esg_min_50,14,AVGO.OQ,0.01
esg_min_50,14,AXON.OQ,0.01
esg_min_50,14,CAT.N,0.01
esg_min_50,14,CDNS.OQ,0.01
esg_min_50,14,CTAS.OQ,0.01
esg_min_50,14,EME.N,0.01
esg_min_50,14,FICO.N,0.01
esg_min_50,14,FIX.N,0.01
esg_min_50,14,GAW.L,0.2
esg_min_50,14,KLAC.OQ,0.01
esg_min_50,14,LLY.N,0.01
esg_min_50,14,LRCX.OQ,0.01
esg_min_50,14,LTMC.MI,0.01
esg_min_50,14,MANTA.HE,0.01
esg_min_50,14,MSFT.OQ,0.01
esg_min_50,14,NVDA.OQ,0.2
esg_min_50,14,PGR.N,0.01
esg_min_50,14,PLUSP.L,0.01
esg_min_50,14,PWR.N,0.01
esg_min_50,14,SQN.S,0.01
esg_min_50,14,TDG.N,0.01
esg_min_50,14,TT.N,0.01
esg_min_50,14,ZEG.L,0.01
esg_min_60,0,AD.AS,0.01008947181617985
esg_min_60,0,ALLN.S,0.09993523361113073
esg_min_60,0,BARN.S,0.010850337984757413
esg_min_60,0,BCVN.S,0.05832259744517133
esg_min_60,0,BMY.N,0.020546015017517686
esg_min_60,0,CBOE.Z,0.016481477161140522
esg_min_60,0,CHD.N,0.012738536681471953
esg_min_60,0,CHRW.OQ,0.025968005555083978
esg_min_60,0,CLX.N,0.039896090136263135
esg_min_60,0,CMG.N,0.010049048179909576
esg_min_60,0,COST.OQ,0.01803261245502277
esg_min_60,0,CPB.OQ,0.03019609616159103
esg_min_60,0,DPZ.OQ,0.019042372837507152
esg_min_60,0,GALE.S,0.06514594660328873
esg_min_60,0,GILD.OQ,0.017467927543973343
esg_min_60,0,GIS.N,0.021877517796807567
esg_min_60,0,HLN.L,0.01494814115893544
esg_min_60,0,HLT.N,0.010416467265147994
esg_min_60,0,HRL.N,0.016471900261973527
esg_min_60,0,HUBN.S,0.01341111668409148
esg_min_60,0,JNJ.N,0.015724375070056598
esg_min_60,0,KR.N,0.03959923616434454
esg_min_60,0,LISP.S,0.011667196938490804
esg_min_60,0,LOTB.BR,0.013648309547781292
esg_min_60,0,MOBN.S,0.07697052338485084
esg_min_60,0,NEM.N,0.013287619752840492
esg_min_60,0,NOC.N,0.012977196886262875
esg_min_60,0,PSPN.S,0.03452736525105739
esg_min_60,0,QIA.DE,0.016944521004665713
esg_min_60,0,QQ.L,0.010106608336885972
esg_min_60,0,SBNOR.OL,0.015608679352933797
esg_min_60,0,SCMN.S,0.024150877818244144
esg_min_60,0,SJM.N,0.02734980357184326
esg_min_60,0,SPSN.S,0.010876771913727353
esg_min_60,0,VATN.S,0.056291178195326835
esg_min_60,0,VZ.N,0.02920889879189018
esg_min_60,0,VZN.S,0.011598620468635404
esg_min_60,0,WMT.OQ,0.04757530519319735
esg_min_60,1,AD.AS,0.010477812472381874
esg_min_60,1,ALLN.S,0.09589423823757873
esg_min_60,1,AMZN.OQ,0.010010230485563903
esg_min_60,1,BARN.S,0.010190513880075736
esg_min_60,1,BCVN.S,0.057081309463472674
esg_min_60,1,BKWB.S,0.010178632015957959
esg_min_60,1,BMY.N,0.014386510505461978
esg_min_60,1,CBOE.Z,0.0178745736937788
esg_min_60,1,CHD.N,0.013981074618279448
esg_min_60,1,CHRW.OQ,0.02508091411945091
esg_min_60,1,CLX.N,0.036465841266151953
esg_min_60,1,COST.OQ,0.022924639232676604
esg_min_60,1,CPB.OQ,0.027231986207490417
esg_min_60,1,DPZ.OQ,0.01764549837562938
esg_min_60,1,GALD.S,0.01000785536028402
esg_min_60,1,GALE.S,0.06675169674347547
esg_min_60,1,GILD.OQ,0.0128696401802017
esg_min_60,1,GIS.N,0.019183333415650865
esg_min_60,1,HLN.L,0.013380095312510274
esg_min_60,1,HLT.N,0.010308641503520411
esg_min_60,1,HRL.N,0.011325235179344794
esg_min_60,1,HUBN.S,0.012424515741068346
esg_min_60,1,JNJ.N,0.012881542355127607
esg_min_60,1,KR.N,0.040315939792681124
esg_min_60,1,LISP.S,0.011775398169907664
esg_min_60,1,LLY.N,0.010038958982947465
esg_min_60,1,LOTB.BR,0.01584888577586042
esg_min_60,1,MOBN.S,0.07627705835524533
esg_min_60,1,MRK.N,0.010077099721382007
esg_min_60,1,NEM.N,0.01366288662577625
esg_min_60,1,NOC.N,0.01315056008294481
esg_min_60,1,PLUSP.L,0.010001108041963068
esg_min_60,1,PSPN.S,0.03240183805015559
esg_min_60,1,QIA.DE,0.01129009004796743
esg_min_60,1,SBNOR.OL,0.01900114615043912
esg_min_60,1,SCMN.S,0.018360713317089213
esg_min_60,1,SJM.N,0.02569431848627892
esg_min_60,1,SPSN.S,0.010349306345457094
esg_min_60,1,VATN.S,0.05423441727531671
esg_min_60,1,VZ.N,0.023880170939535882
esg_min_60,1,VZN.S,0.010517896233541666
esg_min_60,1,WMT.OQ,0.05456587724037648
esg_min_60,2,AD.AS,0.011738229720828434
esg_min_60,2,ALLN.S,0.09431763342716
esg_min_60,2,BARN.S,0.010014732616471254
esg_min_60,2,BCVN.S,0.05488654716303951
esg_min_60,2,BKWB.S,0.016449904402500326
esg_min_60,2,BMY.N,0.01003111587082623
esg_min_60,2,CBOE.Z,0.019385669892812287
esg_min_60,2,CHD.N,0.015020569297363652
esg_min_60,2,CHRW.OQ,0.026249752392602355
esg_min_60,2,CLX.N,0.0300880213007908
esg_min_60,2,COST.OQ,0.03535556056240137
esg_min_60,2,CPB.OQ,0.019888384826395558
esg_min_60,2,DG.N,0.010000126250742829
esg_min_60,2,DPZ.OQ,0.018075466974999718
esg_min_60,2,GALD.S,0.010017870438724862
esg_min_60,2,GALE.S,0.07308806383045531
esg_min_60,2,GILD.OQ,0.01045974339911916
esg_min_60,2,GIS.N,0.011141309540389136
esg_min_60,2,HLN.L,0.013411900657557107
esg_min_60,2,HLT.N,0.010226309623938461
esg_min_60,2,HUBN.S,0.012802365627609846
esg_min_60,2,JNJ.N,0.014767748704356945
esg_min_60,2,KR.N,0.039580447591548336
esg_min_60,2,LISP.S,0.010701450537060616
esg_min_60,2,LLY.N,0.014642017342135001
esg_min_60,2,LOTB.BR,0.01866888303522436
esg_min_60,2,MOBN.S,0.07811437103643515
esg_min_60,2,MRK.N,0.010051117643002162
esg_min_60,2,NEM.N,0.016105632068954122
esg_min_60,2,NOC.N,0.014025048485936126
esg_min_60,2,PGR.N,0.011989583858221006
esg_min_60,2,PLUSP.L,0.010001388967481576
esg_min_60,2,PSPN.S,0.02913120216409086
esg_min_60,2,QIA.DE,0.010016806507890332
esg_min_60,2,SBNOR.OL,0.024702592428652456
esg_min_60,2,SCMN.S,0.012014366694408033
esg_min_60,2,SJM.N,0.02062283171829041
esg_min_60,2,SPSN.S,0.0103269073727922
esg_min_60,2,VATN.S,0.04938716926273487
esg_min_60,2,VZ.N,0.015234029388426225
esg_min_60,2,VZN.S,0.010106577370857723
esg_min_60,2,WMT.OQ,0.06716055000477313
esg_min_60,3,ABBV.N,0.010003297269165672
esg_min_60,3,AD.AS,0.01571500265428588
esg_min_60,3,ALLN.S,0.09230828532106095
esg_min_60,3,BCVN.S,0.05302478680998598
esg_min_60,3,BKWB.S,0.024926313349551144
esg_min_60,3,CBOE.Z,0.019379158872582427
esg_min_60,3,CHD.N,0.01584036406816546
esg_min_60,3,CHRW.OQ,0.026473539869577477
esg_min_60,3,CLX.N,0.02449642459850344
esg_min_60,3,COST.OQ,0.046060710698934484
esg_min_60,3,CPB.OQ,0.01318106746445585
esg_min_60,3,DPZ.OQ,0.018029291159526836
esg_min_60,3,GALD.S,0.011227260865328277
esg_min_60,3,GALE.S,0.07964676616810092
esg_min_60,3,GILD.OQ,0.010003763988107229
esg_min_60,3,GIS.N,0.010003523291039125
esg_min_60,3,HLN.L,0.013129517338590331
esg_min_60,3,HLT.N,0.010088359963657516
esg_min_60,3,HUBN.S,0.013937712863036739
esg_min_60,3,JNJ.N,0.012917237113481715
esg_min_60,3,KR.N,0.03942787794930836
esg_min_60,3,LISP.S,0.010692733267118174
esg_min_60,3,LLY.N,0.021202444455105066
esg_min_60,3,LOTB.BR,0.02237179472658424
esg_min_60,3,MOBN.S,0.07936862091360058
esg_min_60,3,MRK.N,0.010017354864071735
esg_min_60,3,NEM.N,0.018322484219742113
esg_min_60,3,NOC.N,0.012629365061167372
esg_min_60,3,PGR.N,0.019979538393011014
esg_min_60,3,PLUSP.L,0.010390156894089536
esg_min_60,3,PSPN.S,0.025435706735728786
esg_min_60,3,SBNOR.OL,0.030328039975796552
esg_min_60,3,SCMN.S,0.010022639154687981
esg_min_60,3,SJM.N,0.01577457853264618
esg_min_60,3,SPSN.S,0.010160821250611405
esg_min_60,3,VATN.S,0.04469824867788898
esg_min_60,3,VZ.N,0.010012931268106757
esg_min_60,3,VZN.S,0.010025743102726773
esg_min_60,3,WMT.OQ,0.07874653683087085
esg_min_60,4,ABBV.N,0.011654716118757435
esg_min_60,4,ACLN.S,0.010008021777307103
esg_min_60,4,AD.AS,0.014878235710460642
esg_min_60,4,ALLN.S,0.08870946015442585
esg_min_60,4,BCVN.S,0.04946910925297102
esg_min_60,4,BFT.WA,0.010002750160687027
esg_min_60,4,BKWB.S,0.03169105728063946
esg_min_60,4,CBOE.Z,0.021594092893945014
esg_min_60,4,CHD.N,0.016104034414718534
esg_min_60,4,CHRW.OQ,0.027693154892649993
esg_min_60,4,CLX.N,0.018363107151872088
esg_min_60,4,COST.OQ,0.05468026845081697
esg_min_60,4,CPB.OQ,0.01015893266192398
esg_min_60,4,DPZ.OQ,0.01842534278165252
esg_min_60,4,GALD.S,0.011943456346463866
esg_min_60,4,GALE.S,0.08364881702298989
esg_min_60,4,HLN.L,0.011545888767280193
esg_min_60,4,HUBN.S,0.01187156703087303
esg_min_60,4,JNJ.N,0.014842453034658466
esg_min_60,4,KR.N,0.03915989823701211
esg_min_60,4,LISP.S,0.010287948353387413
esg_min_60,4,LLY.N,0.02768296824099819
esg_min_60,4,LOTB.BR,0.023089324073705828
esg_min_60,4,MOBN.S,0.0798669144616044
esg_min_60,4,MRK.N,0.01044619082326343
esg_min_60,4,NEM.N,0.01952359816379774
esg_min_60,4,NOC.N,0.014804918291074196
esg_min_60,4,PGR.N,0.03049417234359904
esg_min_60,4,PLUSP.L,0.012108795976590854
esg_min_60,4,PSPN.S,0.023556700041054923
esg_min_60,4,RILBA.CO,0.010047477191643988
esg_min_60,4,SBNOR.OL,0.03226491894929129
esg_min_60,4,SJM.N,0.01214054309456446
esg_min_60,4,SPSN.S,0.010555634813407546
esg_min_60,4,VATN.S,0.038334029960867835
esg_min_60,4,WMT.OQ,0.08835150107904376
esg_min_60,5,ABBV.N,0.013405533749776117
esg_min_60,5,ACLN.S,0.011347201021033234
esg_min_60,5,AD.AS,0.01579229640731858
esg_min_60,5,ALLN.S,0.08494651376213679
esg_min_60,5,ARGX.BR,0.010000093589600615
esg_min_60,5,BCVN.S,0.045550841965532024
esg_min_60,5,BFT.WA,0.010000108812370206
esg_min_60,5,BKWB.S,0.03886393304042808
esg_min_60,5,CBOE.Z,0.020521678602429573
esg_min_60,5,CHD.N,0.015210745777269814
esg_min_60,5,CHRW.OQ,0.026092551474410586
esg_min_60,5,CLX.N,0.012150571781908833
esg_min_60,5,COST.OQ,0.05844443841203908
esg_min_60,5,DPZ.OQ,0.016123507039324924
esg_min_60,5,GALD.S,0.012400572047439773
esg_min_60,5,GALE.S,0.08881543680000747
esg_min_60,5,HLN.L,0.01056284656307917
esg_min_60,5,HUBN.S,0.010326739278254806
esg_min_60,5,JNJ.N,0.01166284638573089
esg_min_60,5,KR.N,0.03827456421420691
esg_min_60,5,LLY.N,0.03206120082044979
esg_min_60,5,LOTB.BR,0.02403265307701313
esg_min_60,5,MOBN.S,0.07903375443955697
esg_min_60,5,NEM.N,0.020925601371266096
esg_min_60,5,NOC.N,0.012209328025864977
esg_min_60,5,PGR.N,0.036620305122694076
esg_min_60,5,PLUSP.L,0.013773169278951758
esg_min_60,5,PSPN.S,0.018176632407419742
esg_min_60,5,RILBA.CO,0.010006043367395237
esg_min_60,5,RSG.N,0.01003504322751381
esg_min_60,5,SBNOR.OL,0.03511544028189185
esg_min_60,5,SPSN.S,0.010016005640983039
esg_min_60,5,TKO.N,0.010000227917319306
esg_min_60,5,VATN.S,0.03148961658368243
esg_min_60,5,WM.N,0.010142068416355272
esg_min_60,5,WMT.OQ,0.09586988929734486
esg_min_60,6,ABBV.N,0.014531984433822077
esg_min_60,6,ACLN.S,0.02002784156947173
esg_min_60,6,AD.AS,0.012281184946990474
esg_min_60,6,ALLN.S,0.07637731608371115
esg_min_60,6,ARGX.BR,0.010004552978953847
esg_min_60,6,BCVN.S,0.03784297935822794
esg_min_60,6,BKWB.S,0.04911680380253669
esg_min_60,6,CBOE.Z,0.019210848279759905
esg_min_60,6,CHD.N,0.01002572788153656
esg_min_60,6,CHRW.OQ,0.022923491586404814
esg_min_60,6,COST.OQ,0.06766293090310083
esg_min_60,6,DPZ.OQ,0.0147573552280604
esg_min_60,6,GALD.S,0.014361551612388779
esg_min_60,6,GALE.S,0.093601183725455
esg_min_60,6,HLN.L,0.010016724255194327
esg_min_60,6,HUBN.S,0.010037258167378322
esg_min_60,6,KR.N,0.03394379334174145
esg_min_60,6,LLY.N,0.038818287062000995
esg_min_60,6,LOTB.BR,0.026135932969022422
esg_min_60,6,LTMC.MI,0.010009245212248769
esg_min_60,6,MOBN.S,0.07713002035174149
esg_min_60,6,NEM.N,0.02315584887698261
esg_min_60,6,NOC.N,0.01000803108649177
esg_min_60,6,PGR.N,0.044950528083923226
esg_min_60,6,PLUSP.L,0.01615855094376592
esg_min_60,6,PSPN.S,0.010858237883476354
esg_min_60,6,RILBA.CO,0.010569476532722472
esg_min_60,6,RSG.N,0.015136302624048296
esg_min_60,6,SBNOR.OL,0.04162233418152499
esg_min_60,6,SDZ.S,0.010001506374686032
esg_min_60,6,TKO.N,0.010005273016388375
esg_min_60,6,VATN.S,0.019636695367384247
esg_min_60,6,WM.N,0.012398199112286633
esg_min_60,6,WMT.OQ,0.10668200216657113
esg_min_60,7,ABBV.N,0.014963306619974167
esg_min_60,7,ACLN.S,0.02867283747214558
esg_min_60,7,AD.AS,0.010008092815326391
esg_min_60,7,ALLN.S,0.06344054099195685
esg_min_60,7,ARGX.BR,0.010807299468648461
esg_min_60,7,BCVN.S,0.027238847607302847
esg_min_60,7,BKWB.S,0.05969745270966207
esg_min_60,7,CBOE.Z,0.016916034422584048
esg_min_60,7,CHRW.OQ,0.018591681143539956
esg_min_60,7,COST.OQ,0.07533494958150083
esg_min_60,7,DPZ.OQ,0.012518710128695222
esg_min_60,7,GALD.S,0.0165632984473124
esg_min_60,7,GALE.S,0.09675335521819681
esg_min_60,7,GAW.L,0.010001571089297582
esg_min_60,7,KR.N,0.027672063682986404
esg_min_60,7,LLY.N,0.045694140011880754
esg_min_60,7,LOTB.BR,0.027163375305194956
esg_min_60,7,LTMC.MI,0.014052818718365697
esg_min_60,7,MOBN.S,0.07310991710157705
esg_min_60,7,NEM.N,0.024694188717430777
esg_min_60,7,PGR.N,0.054235386465447816
esg_min_60,7,PLUSP.L,0.01834204175983072
esg_min_60,7,RILBA.CO,0.01246964270996613
esg_min_60,7,RSG.N,0.024108503453001622
esg_min_60,7,SBNOR.OL,0.04752022038938172
esg_min_60,7,SDZ.S,0.010184638450939702
esg_min_60,7,TKO.N,0.010283411276582173
esg_min_60,7,VATN.S,0.010004093127259993
esg_min_60,7,WM.N,0.013489804114774684
esg_min_60,7,WMT.OQ,0.11546763898205703
esg_min_60,7,ZEG.L,0.0100001380171794
esg_min_60,8,ABBV.N,0.013230575882257371
esg_min_60,8,ACLN.S,0.04023663366742071
esg_min_60,8,ALLN.S,0.037237440233747934
esg_min_60,8,ARGX.BR,0.014336219856348045
esg_min_60,8,BCVN.S,0.010223916343169555
esg_min_60,8,BFT.WA,0.010000117702200188
esg_min_60,8,BKWB.S,0.0719693911030229
esg_min_60,8,CBOE.Z,0.010908746302835498
esg_min_60,8,CHRW.OQ,0.010708079752371539
esg_min_60,8,COST.OQ,0.08265232040633028
esg_min_60,8,DPZ.OQ,0.010044559506500293
esg_min_60,8,GALD.S,0.018624793963495197
esg_min_60,8,GALE.S,0.0969331553378084
esg_min_60,8,GAW.L,0.014296168859590357
esg_min_60,8,KR.N,0.016653114740540816
esg_min_60,8,LLY.N,0.05382250653697607
esg_min_60,8,LOTB.BR,0.02657245779560324
esg_min_60,8,LTMC.MI,0.02206032773158343
esg_min_60,8,MOBN.S,0.06096262070486972
esg_min_60,8,NEM.N,0.02527430163260484
esg_min_60,8,PGR.N,0.06591739766942226
esg_min_60,8,PLUSP.L,0.021498994981486188
esg_min_60,8,RILBA.CO,0.013092334799088631
esg_min_60,8,RSG.N,0.03037791217317661
esg_min_60,8,SBNOR.OL,0.053494267135823774
esg_min_60,8,SDZ.S,0.012574061861517164
esg_min_60,8,TKO.N,0.011609259340151128
esg_min_60,8,WM.N,0.01033232567963613
esg_min_60,8,WMT.OQ,0.12435584390043156
esg_min_60,8,ZEG.L,0.010000154399990191
esg_min_60,9,ABBV.N,0.01001703961487205
esg_min_60,9,ACLN.S,0.05375426642106789
esg_min_60,9,ALLN.S,0.010000609936617347
esg_min_60,9,APH.N,0.010000848917848111
esg_min_60,9,ARGX.BR,0.01974614133093928
esg_min_60,9,BEAN.S,0.010001489923050224
esg_min_60,9,BKWB.S,0.08499940443338927
esg_min_60,9,CBOE.Z,0.010000273003344039
esg_min_60,9,CHRW.OQ,0.010000069005898978
esg_min_60,9,COST.OQ,0.08458203302855705
esg_min_60,9,DPZ.OQ,0.010000080946901264
esg_min_60,9,GALD.S,0.01997983978168931
esg_min_60,9,GALE.S,0.08879415798824702
esg_min_60,9,GAW.L,0.024839127602968997
esg_min_60,9,KR.N,0.01000009163045497
esg_min_60,9,LLY.N,0.06319455595363413
esg_min_60,9,LOTB.BR,0.022199847597994364
esg_min_60,9,LTMC.MI,0.030715031138570027
esg_min_60,9,MOBN.S,0.027875210782129962
esg_min_60,9,NEM.N,0.02503946369933557
esg_min_60,9,PGR.N,0.07576914089809345
esg_min_60,9,PLUSP.L,0.024509060569368094
esg_min_60,9,RILBA.CO,0.010811542413269162
esg_min_60,9,RSG.N,0.02455662110576319
esg_min_60,9,SBNOR.OL,0.06038172245921253
esg_min_60,9,SDZ.S,0.015804422013195114
esg_min_60,9,TKO.N,0.011996468561910306
esg_min_60,9,WM.N,0.010000481636903244
esg_min_60,9,WMT.OQ,0.13020908852475568
esg_min_60,9,ZEG.L,0.010221869080019524
esg_min_60,10,AAPL.OQ,0.01
esg_min_60,10,ABBV.N,0.010000000000000009
esg_min_60,10,ACLN.S,0.07012603112523151
esg_min_60,10,AJG.N,0.010000000000000009
esg_min_60,10,APH.N,0.01
esg_min_60,10,ARGX.BR,0.02711838182203109
esg_min_60,10,BEAN.S,0.010000000000000009
esg_min_60,10,BKWB.S,0.09233113169843303
esg_min_60,10,CBOE.Z,0.01
esg_min_60,10,COST.OQ,0.0847833834775776
esg_min_60,10,GALD.S,0.01852920883961536
esg_min_60,10,GALE.S,0.06011049419299337
esg_min_60,10,GAW.L,0.03897140914943578
esg_min_60,10,IBE.MC,0.010000000000000009
esg_min_60,10,LLY.N,0.07725702994279085
esg_min_60,10,LOTB.BR,0.01
esg_min_60,10,LTMC.MI,0.03621944096798677
esg_min_60,10,MOBN.S,0.010000000000000009
esg_min_60,10,NEM.N,0.019693689751764512
esg_min_60,10,PGR.N,0.08615857540307732
esg_min_60,10,PLUSP.L,0.02658126313143679
esg_min_60,10,PWR.N,0.010000000000000009
esg_min_60,10,RILBA.CO,0.010000000000000009
esg_min_60,10,RSG.N,0.01
esg_min_60,10,SBNOR.OL,0.06108278216188937
esg_min_60,10,SDZ.S,0.01544275552750911
esg_min_60,10,TKO.N,0.010635108153727311
esg_min_60,10,WM.N,0.010000000000000009
esg_min_60,10,WMT.OQ,0.1331364078324167
esg_min_60,10,ZEG.L,0.011822906822083345
esg_min_60,11,AAPL.OQ,0.010000014861771645
esg_min_60,11,ACLN.S,0.09438547708914309
esg_min_60,11,AJG.N,0.01000002182753333
esg_min_60,11,APH.N,0.01000004273236369
esg_min_60,11,ARGX.BR,0.03856860519423694
esg_min_60,11,AVGO.OQ,0.01000001007434614
esg_min_60,11,BEAN.S,0.01000012434009244
esg_min_60,11,BKWB.S,0.09261326239486022
esg_min_60,11,COST.OQ,0.06642309262063532
esg_min_60,11,GALD.S,0.01135457480036404
esg_min_60,11,GALE.S,0.010003012151081738
esg_min_60,11,GAW.L,0.06074763825873383
esg_min_60,11,IBE.MC,0.010000044460819474
esg_min_60,11,LLY.N,0.10025041132672069
esg_min_60,11,LOTB.BR,0.010000033892076257
esg_min_60,11,LTMC.MI,0.0415270571955033
esg_min_60,11,NEM.N,0.01000718084075691
esg_min_60,11,NVDA.OQ,0.010000008034630479
esg_min_60,11,PGR.N,0.1024050531490722
esg_min_60,11,PLUSP.L,0.02727548581427243
esg_min_60,11,PWR.N,0.010000055754710323
esg_min_60,11,RILBA.CO,0.010000037677758849
esg_min_60,11,RSG.N,0.010000115021454122
esg_min_60,11,SBNOR.OL,0.05434146708083692
esg_min_60,11,SDZ.S,0.010504863966588831
esg_min_60,11,SQN.S,0.010000016111208864
esg_min_60,11,TKO.N,0.010000703449772785
esg_min_60,11,TT.N,0.010000011722182239
esg_min_60,11,WMT.OQ,0.12505845117696374
esg_min_60,11,ZEG.L,0.014533126979509117
esg_min_60,12,AAPL.OQ,0.010000014953669614
esg_min_60,12,ACLN.S,0.14160776505636982
esg_min_60,12,AJG.N,0.010000003686766852
esg_min_60,12,APH.N,0.010000327388485355
esg_min_60,12,ARGX.BR,0.0580446784058151
esg_min_60,12,AVGO.OQ,0.010000045469013286
esg_min_60,12,BEAN.S,0.010000004057580624
esg_min_60,12,BKWB.S,0.05381986107604831
esg_min_60,12,COST.OQ,0.016983618481910122
esg_min_60,12,FIX.N,0.010000002974834356
esg_min_60,12,GALD.S,0.010000013018437249
esg_min_60,12,GAW.L,0.10541219327652977
esg_min_60,12,IBE.MC,0.01000000232963346
esg_min_60,12,KOG.OL,0.010000001482129919
esg_min_60,12,LLY.N,0.13624579891571573
esg_min_60,12,LTMC.MI,0.04178739832246893
esg_min_60,12,MANTA.HE,0.010000003120909345
esg_min_60,12,MSFT.OQ,0.0100000062173099
esg_min_60,12,NVDA.OQ,0.015432408250614049
esg_min_60,12,PGR.N,0.11422688258578167
esg_min_60,12,PLUSP.L,0.023064969145575848
esg_min_60,12,PWR.N,0.017705629470764324
esg_min_60,12,RSG.N,0.01000000245512055
esg_min_60,12,SBNOR.OL,0.02037384397432872
esg_min_60,12,SDZ.S,0.010000014101985514
esg_min_60,12,SQN.S,0.010000040411537198
esg_min_60,12,TKO.N,0.010000016928682015
esg_min_60,12,TT.N,0.01000000452164675
esg_min_60,12,WMT.OQ,0.08064503594752646
esg_min_60,12,ZEG.L,0.014649413972809073
esg_min_60,13,AAPL.OQ,0.01000023336329932
esg_min_60,13,ACLN.S,0.19569888274988964
esg_min_60,13,AJG.N,0.01000021476042636
esg_min_60,13,APH.N,0.010000895562811384
esg_min_60,13,ARES.N,0.010000092156472993
esg_min_60,13,ARGX.BR,0.07924094863375879
esg_min_60,13,AVGO.OQ,0.010000365033159077
esg_min_60,13,BEAN.S,0.010000139074204141
esg_min_60,13,BKWB.S,0.010002060959303524
esg_min_60,13,CDNS.OQ,0.010000106794088894
esg_min_60,13,COST.OQ,0.010000590668111757
esg_min_60,13,FIX.N,0.010000130284903416
esg_min_60,13,GALD.S,0.010000211241005787
esg_min_60,13,GAW.L,0.16085875298539845
esg_min_60,13,IBE.MC,0.010000141067117187
esg_min_60,13,LLY.N,0.16710616887063953
esg_min_60,13,LTMC.MI,0.01862448328170871
esg_min_60,13,MANTA.HE,0.010000171190236742
esg_min_60,13,MSFT.OQ,0.010000156355180716
esg_min_60,13,NVDA.OQ,0.04258574065016797
esg_min_60,13,PGR.N,0.0897306845429073
esg_min_60,13,PLUSP.L,0.010035909945091265
esg_min_60,13,PWR.N,0.025525885649429987
esg_min_60,13,SBNOR.OL,0.010001161272600574
esg_min_60,13,SDZ.S,0.01000020671426712
esg_min_60,13,SQN.S,0.010000782625134041
esg_min_60,13,TKO.N,0.010000210677128711
esg_min_60,13,TT.N,0.010000178031102458
esg_min_60,13,WMT.OQ,0.010002964479504323
esg_min_60,13,ZEG.L,0.010581530380949701
esg_min_60,14,AAPL.OQ,0.01
esg_min_60,14,ACLN.S,0.13999999999999987
esg_min_60,14,ANET.N,0.01
esg_min_60,14,APH.N,0.01
esg_min_60,14,ARES.N,0.01
esg_min_60,14,ARGX.BR,0.2
esg_min_60,14,ASMI.AS,0.009999999999977058
esg_min_60,14,AVGO.OQ,0.01
esg_min_60,14,AXON.OQ,0.01
esg_min_60,14,CAT.N,0.01
esg_min_60,14,CDNS.OQ,0.01
esg_min_60,14,CTAS.OQ,0.01
esg_min_60,14,EME.N,0.01
esg_min_60,14,FICO.N,0.01
esg_min_60,14,FIX.N,0.01
esg_min_60,14,GAW.L,0.2
esg_min_60,14,KLAC.OQ,0.01
esg_min_60,14,LLY.N,0.01
esg_min_60,14,LRCX.OQ,0.01
esg_min_60,14,LTMC.MI,0.01
esg_min_60,14,MANTA.HE,0.01
esg_min_60,14,MSFT.OQ,0.01
esg_min_60,14,NVDA.OQ,0.2
esg_min_60,14,PGR.N,0.01
esg_min_60,14,PLUSP.L,0.01
esg_min_60,14,PWR.N,0.01
esg_min_60,14,SQN.S,0.01
esg_min_60,14,TDG.N,0.01
esg_min_60,14,TT.N,0.01
esg_min_60,14,ZEG.L,0.01
esg_min_65,0,AD.AS,0.010077453499806821
esg_min_65,0,ALLN.S,0.1003489150212201
esg_min_65,0,BARN.S,0.010833559881217899
esg_min_65,0,BCVN.S,0.05825616349355873
esg_min_65,0,BMY.N,0.019676485205618467
esg_min_65,0,CBOE.Z,0.01707441459705479
esg_min_65,0,CHD.N,0.01270328944844075
esg_min_65,0,CHRW.OQ,0.026628301612526085
esg_min_65,0,CLX.N,0.039916206712900325
esg_min_65,0,COST.OQ,0.02038943065210966
esg_min_65,0,CPB.OQ,0.029459920567827234
esg_min_65,0,DPZ.OQ,0.020330167707789986
esg_min_65,0,GALE.S,0.06501611630268778
esg_min_65,0,GILD.OQ,0.016652072056222232
esg_min_65,0,GIS.N,0.020630811013139606
esg_min_65,0,HLN.L,0.01447452101690547
esg_min_65,0,HLT.N,0.01162272091071186
esg_min_65,0,HRL.N,0.015911896526652952
esg_min_65,0,HUBN.S,0.013682846008100645
esg_min_65,0,JNJ.N,0.013678258716062914
esg_min_65,0,KR.N,0.039534131314568045
esg_min_65,0,LISP.S,0.012129764285501329
esg_min_65,0,LOTB.BR,0.01366369014717245
esg_min_65,0,MOBN.S,0.07757463197021129
esg_min_65,0,MRK.N,0.010094363435745747
esg_min_65,0,NEM.N,0.013554780136209692
esg_min_65,0,NOC.N,0.012594970507853801
esg_min_65,0,PSPN.S,0.03554482940649352
esg_min_65,0,QIA.DE,0.01711038843472883
esg_min_65,0,QQ.L,0.010117394714327673
esg_min_65,0,SBNOR.OL,0.015715029462771105
esg_min_65,0,SCMN.S,0.022767854115394857
esg_min_65,0,SJM.N,0.026346574749864175
esg_min_65,0,SPSN.S,0.010997259641787115
esg_min_65,0,VATN.S,0.056093594443160644
esg_min_65,0,VZ.N,0.028298436461035508
esg_min_65,0,VZN.S,0.012101191376178287
esg_min_65,0,WMT.OQ,0.04839756444644153
esg_min_65,1,AD.AS,0.010380454448649615
esg_min_65,1,ALLN.S,0.09660938354361821
esg_min_65,1,BARN.S,0.01020697024165612
esg_min_65,1,BCVN.S,0.05683297580799069
esg_min_65,1,BKWB.S,0.010283809593500616
esg_min_65,1,BMY.N,0.014442521214098582
esg_min_65,1,CBOE.Z,0.018404698721276366
esg_min_65,1,CHD.N,0.0141041662051464
esg_min_65,1,CHRW.OQ,0.026527698736614837
esg_min_65,1,CLX.N,0.03620506584658876
esg_min_65,1,COST.OQ,0.02667476457168811
esg_min_65,1,CPB.OQ,0.026060045342177207
esg_min_65,1,DPZ.OQ,0.019450517998578137
esg_min_65,1,GALD.S,0.010015117168384158
esg_min_65,1,GALE.S,0.06730348904969523
esg_min_65,1,GILD.OQ,0.013853561480247316
esg_min_65,1,GIS.N,0.01751716932320591
esg_min_65,1,HLN.L,0.013440095463064483
esg_min_65,1,HLT.N,0.011511889361544946
esg_min_65,1,HRL.N,0.010777754417141829
esg_min_65,1,HUBN.S,0.012882984396499292
esg_min_65,1,JNJ.N,0.013762882920290844
esg_min_65,1,KR.N,0.04003842520994466
esg_min_65,1,LISP.S,0.011446791120938757
esg_min_65,1,LLY.N,0.010130070679216018
esg_min_65,1,LOTB.BR,0.01569596710929541
esg_min_65,1,MOBN.S,0.07694410029760086
esg_min_65,1,MRK.N,0.010142054740995457
esg_min_65,1,NEM.N,0.014195374532124003
esg_min_65,1,NOC.N,0.013458686104704302
esg_min_65,1,PLUSP.L,0.010004398523414013
esg_min_65,1,PSPN.S,0.0324161946205128
esg_min_65,1,QIA.DE,0.011998110363366756
esg_min_65,1,SBNOR.OL,0.019290331650888202
esg_min_65,1,SCMN.S,0.017666959350331288
esg_min_65,1,SJM.N,0.024528600334125433
esg_min_65,1,SPSN.S,0.010544983986468163
esg_min_65,1,VATN.S,0.05370497866316828
esg_min_65,1,VZ.N,0.023461366525470564
esg_min_65,1,VZN.S,0.010744092829580422
esg_min_65,1,WMT.OQ,0.05634049750619678
esg_min_65,2,AD.AS,0.012136312339011626
esg_min_65,2,ALLN.S,0.09314242902582405
esg_min_65,2,BARN.S,0.010033399874096599
esg_min_65,2,BCVN.S,0.053406215404554584
esg_min_65,2,BKWB.S,0.017036902207976743
esg_min_65,2,BMY.N,0.010030819202654398
esg_min_65,2,CBOE.Z,0.019159771012477247
esg_min_65,2,CHD.N,0.016581300750725503
esg_min_65,2,CHRW.OQ,0.02678217983363808
esg_min_65,2,CLX.N,0.031027347435174338
esg_min_65,2,COST.OQ,0.038345414604468296
esg_min_65,2,CPB.OQ,0.019956308052964597
esg_min_65,2,DPZ.OQ,0.01857182059981067
esg_min_65,2,GALD.S,0.010016607039787599
esg_min_65,2,GALE.S,0.07333047313975939
esg_min_65,2,GILD.OQ,0.010455591051650283
esg_min_65,2,GIS.N,0.011192543817573695
esg_min_65,2,HLN.L,0.01207077095868213
esg_min_65,2,HLT.N,0.010201122581462102
esg_min_65,2,HUBN.S,0.012108772485549209
esg_min_65,2,JNJ.N,0.014087571165760966
esg_min_65,2,KR.N,0.04016658004943576
esg_min_65,2,LISP.S,0.010826851440349844
esg_min_65,2,LLY.N,0.01547487793986702
esg_min_65,2,LOTB.BR,0.019082921829916447
esg_min_65,2,MOBN.S,0.07740300346287463
esg_min_65,2,MRK.N,0.010095426400866235
esg_min_65,2,NEM.N,0.016779895717074583
esg_min_65,2,NOC.N,0.012890790042191574
esg_min_65,2,PGR.N,0.012586612296724916
esg_min_65,2,PLUSP.L,0.010001532971347994
esg_min_65,2,PSPN.S,0.027499278519898845
esg_min_65,2,QIA.DE,0.010026858929207424
esg_min_65,2,QQ.L,0.010000625542179188
esg_min_65,2,SBNOR.OL,0.024169327891780435
esg_min_65,2,SCMN.S,0.011003598578905276
esg_min_65,2,SJM.N,0.020618835646230935
esg_min_65,2,SPSN.S,0.010251677088142038
esg_min_65,2,VATN.S,0.047190049889903773
esg_min_65,2,VZ.N,0.014268318978189051
esg_min_65,2,VZN.S,0.010056062846933589
esg_min_65,2,WMT.OQ,0.06993320135437824
esg_min_65,3,ABBV.N,0.010002342059518625
esg_min_65,3,AD.AS,0.01572123819916436
esg_min_65,3,ALLN.S,0.09207114331362758
esg_min_65,3,BCVN.S,0.05284352384597286
esg_min_65,3,BKWB.S,0.02537366673091432
esg_min_65,3,CBOE.Z,0.019416168994999664
esg_min_65,3,CHD.N,0.01572812871533528
esg_min_65,3,CHRW.OQ,0.02643868997779364
esg_min_65,3,CLX.N,0.02403881530409089
esg_min_65,3,COST.OQ,0.04650144671072089
esg_min_65,3,CPB.OQ,0.012679912233406736
esg_min_65,3,DPZ.OQ,0.017984173245844566
esg_min_65,3,GALD.S,0.011333389838922202
esg_min_65,3,GALE.S,0.07991285087171221
esg_min_65,3,GILD.OQ,0.010001678780547784
esg_min_65,3,GIS.N,0.010001240027500873
esg_min_65,3,HLN.L,0.013049261238351926
esg_min_65,3,HLT.N,0.010062710011148675
esg_min_65,3,HUBN.S,0.013918831185138193
esg_min_65,3,JNJ.N,0.012710169207612683
esg_min_65,3,KR.N,0.03934314783114938
esg_min_65,3,LISP.S,0.010555577126870453
esg_min_65,3,LLY.N,0.021546458121739557
esg_min_65,3,LOTB.BR,0.022472140171935967
esg_min_65,3,MOBN.S,0.07936661257547538
esg_min_65,3,MRK.N,0.01000982417845662
esg_min_65,3,NEM.N,0.018421968889136924
esg_min_65,3,NOC.N,0.012588908413137144
esg_min_65,3,PGR.N,0.02046773777835689
esg_min_65,3,PLUSP.L,0.010467971013708546
esg_min_65,3,PSPN.S,0.025184150017538227
esg_min_65,3,SBNOR.OL,0.030612333685112042
esg_min_65,3,SCMN.S,0.010010481414564095
esg_min_65,3,SJM.N,0.015373194715364245
esg_min_65,3,SPSN.S,0.010125739522217136
esg_min_65,3,VATN.S,0.04437896402817051
esg_min_65,3,VZ.N,0.010004745014569851
esg_min_65,3,VZN.S,0.010015886118859186
esg_min_65,3,WMT.OQ,0.07926477889131371
esg_min_65,4,ABBV.N,0.01141282915393553
esg_min_65,4,ACLN.S,0.010008839589864208
esg_min_65,4,AD.AS,0.013950777960447375
esg_min_65,4,ALLN.S,0.08738613470778764
esg_min_65,4,BCVN.S,0.048330669510077036
esg_min_65,4,BFT.WA,0.010002650784955778
esg_min_65,4,BKWB.S,0.0316467284515092
esg_min_65,4,CBOE.Z,0.021712172121015026
esg_min_65,4,CHD.N,0.015889426820138407
esg_min_65,4,CHRW.OQ,0.027857775486225273
esg_min_65,4,CLX.N,0.017621519722345148
esg_min_65,4,COST.OQ,0.055488398158459344
esg_min_65,4,CPB.OQ,0.010099106972065399
esg_min_65,4,DPZ.OQ,0.018311977347532784
esg_min_65,4,GALD.S,0.011518481355354014
esg_min_65,4,GALE.S,0.0826259007147004
esg_min_65,4,HLN.L,0.010829717371722003
esg_min_65,4,HUBN.S,0.011368429335109988
esg_min_65,4,JNJ.N,0.01374175772399768
esg_min_65,4,KR.N,0.03889646564850807
esg_min_65,4,LISP.S,0.010158971640280103
esg_min_65,4,LLY.N,0.027676770335733427
esg_min_65,4,LOTB.BR,0.022695903474768173
esg_min_65,4,MOBN.S,0.07923056343259782
esg_min_65,4,MRK.N,0.010251219727054265
esg_min_65,4,NEM.N,0.019501600651634296
esg_min_65,4,NOC.N,0.014891812199371836
esg_min_65,4,ORNBV.HE,0.01000286922151621
esg_min_65,4,PGR.N,0.031369316177994926
esg_min_65,4,PLUSP.L,0.012173244116480617
esg_min_65,4,PSPN.S,0.022609594882473334
esg_min_65,4,RILBA.CO,0.010036962047579678
esg_min_65,4,SBNOR.OL,0.03223347994123749
esg_min_65,4,SJM.N,0.01169141791330297
esg_min_65,4,SPSN.S,0.010364802780934575
esg_min_65,4,VATN.S,0.03733251234025277
esg_min_65,4,WMT.OQ,0.08907920018103735
esg_min_65,5,ABBV.N,0.013459342221212837
esg_min_65,5,ACLN.S,0.01151548567975688
esg_min_65,5,AD.AS,0.015737701320092865
esg_min_65,5,ALLN.S,0.08479081779941934
esg_min_65,5,ARGX.BR,0.010000085630363193
esg_min_65,5,BCVN.S,0.04542420041996787
esg_min_65,5,BFT.WA,0.01000009890592985
esg_min_65,5,BKWB.S,0.03906721453004339
esg_min_65,5,CBOE.Z,0.020520694650724987
esg_min_65,5,CHD.N,0.015068984208606593
esg_min_65,5,CHRW.OQ,0.02604512029676859
esg_min_65,5,CLX.N,0.011857401848059217
esg_min_65,5,COST.OQ,0.058634741120886236
esg_min_65,5,DPZ.OQ,0.01610165863401559
esg_min_65,5,GALD.S,0.012449089214698944
esg_min_65,5,GALE.S,0.08891553100301462
esg_min_65,5,HLN.L,0.010526615553984146
esg_min_65,5,HUBN.S,0.010291063411962773
esg_min_65,5,JNJ.N,0.011486970997982869
esg_min_65,5,KR.N,0.03820050257261006
esg_min_65,5,LLY.N,0.03220914068650189
esg_min_65,5,LOTB.BR,0.024072444911292352
esg_min_65,5,MOBN.S,0.07900513405301189
esg_min_65,5,NEM.N,0.02096162843709184
esg_min_65,5,NOC.N,0.012140997306922386
esg_min_65,5,PGR.N,0.03682464512482647
esg_min_65,5,PLUSP.L,0.013822361698719648
esg_min_65,5,PSPN.S,0.018040274253301007
esg_min_65,5,RILBA.CO,0.010005059831040764
esg_min_65,5,RSG.N,0.010039239455532417
esg_min_65,5,SBNOR.OL,0.03524118291489544
esg_min_65,5,SPSN.S,0.010015085715539176
esg_min_65,5,TKO.N,0.010000167010780794
esg_min_65,5,VATN.S,0.03128669078070422
esg_min_65,5,WM.N,0.010161586799374418
esg_min_65,5,WMT.OQ,0.09608104100036435
esg_min_65,6,ABBV.N,0.013890668053929642
esg_min_65,6,ACLN.S,0.018319411138666895
esg_min_65,6,AD.AS,0.011707715530523764
esg_min_65,6,ALLN.S,0.076471577296278
esg_min_65,6,ARGX.BR,0.010000674453903626
esg_min_65,6,BCVN.S,0.037544588800585026
esg_min_65,6,BKWB.S,0.04779233102360586
esg_min_65,6,CBOE.Z,0.01957829397651223
esg_min_65,6,CHD.N,0.010064570174997447
esg_min_65,6,CHRW.OQ,0.02354807168063378
esg_min_65,6,COST.OQ,0.06767823859046482
esg_min_65,6,DPZ.OQ,0.015311439462568492
esg_min_65,6,GALD.S,0.013522552785279874
esg_min_65,6,GALE.S,0.0924820918022795
esg_min_65,6,HLN.L,0.010004225851213227
esg_min_65,6,HUBN.S,0.010007342961623521
esg_min_65,6,KR.N,0.03452204487304339
esg_min_65,6,LLY.N,0.037873777003946354
esg_min_65,6,LOTB.BR,0.025436867180498483
esg_min_65,6,LTMC.MI,0.010000723511533697
esg_min_65,6,MOBN.S,0.07697380760612654
esg_min_65,6,NEM.N,0.023200133242472176
esg_min_65,6,NOC.N,0.010008123710683789
esg_min_65,6,PGR.N,0.04429451072682961
esg_min_65,6,PLUSP.L,0.015619244334039498
esg_min_65,6,PSPN.S,0.011061734473929814
esg_min_65,6,RILBA.CO,0.010058972781694672
esg_min_65,6,RSG.N,0.014841430784869946
esg_min_65,6,SBNOR.OL,0.039892248437124515
esg_min_65,6,SDZ.S,0.010000307350283281
esg_min_65,6,TKO.N,0.010001114476550875
esg_min_65,6,VATN.S,0.019539473761571655
esg_min_65,6,WM.N,0.012494947944110327
esg_min_65,6,WMT.OQ,0.10625673483086827
esg_min_65,6,ZEG.L,0.010000009386757299
esg_min_65,7,ABBV.N,0.015174881096834672
esg_min_65,7,ACLN.S,0.02829391378599063
esg_min_65,7,AD.AS,0.010062677977834104
esg_min_65,7,ALLN.S,0.06665760892704745
esg_min_65,7,ARGX.BR,0.010573526815727088
esg_min_65,7,BCVN.S,0.03017457509622598
esg_min_65,7,BKWB.S,0.05908560328910736
esg_min_65,7,CBOE.Z,0.017705700065658907
esg_min_65,7,CHRW.OQ,0.01941850029519993
esg_min_65,7,COST.OQ,0.07450440779021301
esg_min_65,7,DPZ.OQ,0.012784509329019249
esg_min_65,7,GALD.S,0.016484853181167335
esg_min_65,7,GALE.S,0.09716608602605535
esg_min_65,7,GAW.L,0.01000069595392512
esg_min_65,7,KR.N,0.02896746085639591
esg_min_65,7,LLY.N,0.04493764943760943
esg_min_65,7,LOTB.BR,0.02751505198893349
esg_min_65,7,LTMC.MI,0.014142110293838363
esg_min_65,7,MOBN.S,0.0749874984871276
esg_min_65,7,NEM.N,0.024471419542807894
esg_min_65,7,PGR.N,0.05368803793707216
esg_min_65,7,PLUSP.L,0.01823500802316824
esg_min_65,7,RILBA.CO,0.013563792751101717
esg_min_65,7,RSG.N,0.02401322874709011
esg_min_65,7,SBNOR.OL,0.047816553440540095
esg_min_65,7,SDZ.S,0.010147146809896593
esg_min_65,7,TKO.N,0.010222204297965857
esg_min_65,7,WM.N,0.014194895255986356
esg_min_65,7,WMT.OQ,0.11501029848646123
esg_min_65,7,ZEG.L,0.010000104013998886
esg_min_65,8,ABBV.N,0.013279826965076418
esg_min_65,8,ACLN.S,0.040020194083965316
esg_min_65,8,ALLN.S,0.03788075535127564
esg_min_65,8,ARGX.BR,0.01426035784927839
esg_min_65,8,BCVN.S,0.010367262493905939
esg_min_65,8,BFT.WA,0.010000167664398596
esg_min_65,8,BKWB.S,0.07174919295644294
esg_min_65,8,CBOE.Z,0.011049829991985083
esg_min_65,8,CHRW.OQ,0.010859169638436104
esg_min_65,8,COST.OQ,0.08250189297583677
esg_min_65,8,DPZ.OQ,0.010070221361463577
esg_min_65,8,GALD.S,0.018589429250344028
esg_min_65,8,GALE.S,0.09698448394413375
esg_min_65,8,GAW.L,0.014138511773530408
esg_min_65,8,KR.N,0.016912707437381724
esg_min_65,8,LLY.N,0.053653253870206724
esg_min_65,8,LOTB.BR,0.02660115249999916
esg_min_65,8,LTMC.MI,0.021918727862377592
esg_min_65,8,MOBN.S,0.06128383943279951
esg_min_65,8,NEM.N,0.025252695948238618
esg_min_65,8,PGR.N,0.06570387466515881
esg_min_65,8,PLUSP.L,0.0214478015738004
esg_min_65,8,RILBA.CO,0.01311016812589738
esg_min_65,8,RSG.N,0.030274101395871906
esg_min_65,8,SBNOR.OL,0.05338175930304811
esg_min_65,8,SDZ.S,0.01251455891161925
esg_min_65,8,TKO.N,0.011578728095858486
esg_min_65,8,WM.N,0.010429752726754369
esg_min_65,8,WMT.OQ,0.12418536837781366
esg_min_65,8,ZEG.L,0.010000213473101378
esg_min_65,9,ABBV.N,0.010033742129406916
esg_min_65,9,ACLN.S,0.053186883860205626
esg_min_65,9,ALLN.S,0.010017613639736328
esg_min_65,9,APH.N,0.010000162394026785
esg_min_65,9,ARGX.BR,0.019570118233393587
esg_min_65,9,BEAN.S,0.010001149911229528
esg_min_65,9,BKWB.S,0.08451581562071263
esg_min_65,9,CBOE.Z,0.010002060798460295
esg_min_65,9,CHRW.OQ,0.010001574037911373
esg_min_65,9,COST.OQ,0.08453239329409178
esg_min_65,9,DPZ.OQ,0.010001557244460883
esg_min_65,9,GALD.S,0.019940197146633427
esg_min_65,9,GALE.S,0.08944113254168469
esg_min_65,9,GAW.L,0.024320226140565303
esg_min_65,9,KR.N,0.01000122288795037
esg_min_65,9,LLY.N,0.06277693176885954
esg_min_65,9,LOTB.BR,0.02249674296733629
esg_min_65,9,LTMC.MI,0.030414899594396125
esg_min_65,9,MOBN.S,0.030015645728405357
esg_min_65,9,NEM.N,0.02516803364151997
esg_min_65,9,PGR.N,0.07538388708318305
esg_min_65,9,PLUSP.L,0.024395472817030806
esg_min_65,9,RILBA.CO,0.010770004972313204
esg_min_65,9,RSG.N,0.025002383237249636
esg_min_65,9,SBNOR.OL,0.05996048493094665
esg_min_65,9,SDZ.S,0.015798599236365174
esg_min_65,9,TKO.N,0.011906236605206592
esg_min_65,9,WM.N,0.010000218020744025
esg_min_65,9,WMT.OQ,0.13017428851908147
esg_min_65,9,ZEG.L,0.010170320996892645
esg_min_65,10,AAPL.OQ,0.010000015937129316
esg_min_65,10,ABBV.N,0.010000088504783436
esg_min_65,10,ACLN.S,0.06811243613118269
esg_min_65,10,AJG.N,0.010000012416870919
esg_min_65,10,APH.N,0.010004013850659353
esg_min_65,10,ARGX.BR,0.02795402723151958
esg_min_65,10,BEAN.S,0.010000407783017114
esg_min_65,10,BKWB.S,0.08855066602988233
esg_min_65,10,COST.OQ,0.08869953915829092
esg_min_65,10,GALD.S,0.019024986803683117
esg_min_65,10,GALE.S,0.06426447484792908
esg_min_65,10,GAW.L,0.03512690452707814
esg_min_65,10,IBE.MC,0.01000002298654894
esg_min_65,10,LLY.N,0.07570385637433129
esg_min_65,10,LOTB.BR,0.010486878790692412
esg_min_65,10,LTMC.MI,0.035897156902056665
esg_min_65,10,MOBN.S,0.010000142402671329
esg_min_65,10,NEM.N,0.01881654151226167
esg_min_65,10,PAFR.L,0.01000000376168412
esg_min_65,10,PGR.N,0.08746568621401006
esg_min_65,10,PLUSP.L,0.025562248730391004
esg_min_65,10,PWR.N,0.010000246133129604
esg_min_65,10,RILBA.CO,0.010000057275289194
esg_min_65,10,RSG.N,0.0147834159211899
esg_min_65,10,SBNOR.OL,0.051125015175564906
esg_min_65,10,SDZ.S,0.01876069580909677
esg_min_65,10,TKO.N,0.01006046909150848
esg_min_65,10,WM.N,0.010000045392250906
esg_min_65,10,WMT.OQ,0.13753834729236136
esg_min_65,10,ZEG.L,0.012061597012935554
esg_min_65,11,AAPL.OQ,0.010000108966848727
esg_min_65,11,ACLN.S,0.09522496838569572
esg_min_65,11,AJG.N,0.010000024733864035
esg_min_65,11,APH.N,0.01024724277094629
esg_min_65,11,ARGX.BR,0.043906413015429524
esg_min_65,11,AVGO.OQ,0.010000271743614942
esg_min_65,11,BEAN.S,0.010000245689383031
esg_min_65,11,BKWB.S,0.08663432200286512
esg_min_65,11,COST.OQ,0.07549206377639607
esg_min_65,11,GALD.S,0.011375131687750062
esg_min_65,11,GALE.S,0.01000105253049427
esg_min_65,11,GAW.L,0.05665950362296079
esg_min_65,11,IBE.MC,0.010001285924186525
esg_min_65,11,KOG.OL,0.010000033650952974
esg_min_65,11,LLY.N,0.0987646422339172
esg_min_65,11,LOTB.BR,0.010000049228027209
esg_min_65,11,LTMC.MI,0.041529986477282746
esg_min_65,11,MSFT.OQ,0.010000159116776958
esg_min_65,11,NEM.N,0.012551550877392582
esg_min_65,11,PGR.N,0.10245782202655834
esg_min_65,11,PLUSP.L,0.02663971536465569
esg_min_65,11,PWR.N,0.011878795278362194
esg_min_65,11,RSG.N,0.010000619517345773
esg_min_65,11,SBNOR.OL,0.026481547049377916
esg_min_65,11,SDZ.S,0.019581580766281095
esg_min_65,11,SQN.S,0.010000078440589798
esg_min_65,11,TKO.N,0.010000330141029452
esg_min_65,11,TT.N,0.01000007173098405
esg_min_65,11,WMT.OQ,0.1348259693870547
esg_min_65,11,ZEG.L,0.015744413862976217
esg_min_65,12,AAPL.OQ,0.010000007173491707
esg_min_65,12,ACLN.S,0.13479201825213089
esg_min_65,12,AJG.N,0.010000001686867065
esg_min_65,12,APH.N,0.018713236771677362
esg_min_65,12,ARGX.BR,0.07084140745598153
esg_min_65,12,AVGO.OQ,0.010000034559720535
esg_min_65,12,BEAN.S,0.010000003308291726
esg_min_65,12,BKWB.S,0.031506301131436085
esg_min_65,12,CDNS.OQ,0.01000001021343136
esg_min_65,12,COST.OQ,0.025395724905620334
esg_min_65,12,GALD.S,0.010000008712599075
esg_min_65,12,GAW.L,0.08757471264576612
esg_min_65,12,IBE.MC,0.010000184570102991
esg_min_65,12,KOG.OL,0.01000000261624038
esg_min_65,12,LLY.N,0.13224222926425572
esg_min_65,12,LTMC.MI,0.030087263017441565
esg_min_65,12,MSFT.OQ,0.010000096505455436
esg_min_65,12,NEM.N,0.010000029661248354
esg_min_65,12,NVDA.OQ,0.017294610429987357
esg_min_65,12,PGR.N,0.11437204655876894
esg_min_65,12,PLUSP.L,0.01860567864966858
esg_min_65,12,PWR.N,0.03924804534943003
esg_min_65,12,RSG.N,0.010000005851258736
esg_min_65,12,SBNOR.OL,0.010000001323121377
esg_min_65,12,SDZ.S,0.01001666716687768
esg_min_65,12,SQN.S,0.010000021964818962
esg_min_65,12,TKO.N,0.010000001557894262
esg_min_65,12,TT.N,0.010000004039395216
esg_min_65,12,WMT.OQ,0.1019567912875055
esg_min_65,12,ZEG.L,0.01735285336951506
esg_min_65,13,AAPL.OQ,0.010000036159213996
esg_min_65,13,ACLN.S,0.1553031044799321
esg_min_65,13,AJG.N,0.010000007508871063
esg_min_65,13,APH.N,0.010180360331362912
esg_min_65,13,ARGX.BR,0.11127025309971991
esg_min_65,13,AVGO.OQ,0.010000115745998964
esg_min_65,13,BKWB.S,0.010000040539802095
esg_min_65,13,CDNS.OQ,0.010000108876721616
esg_min_65,13,COST.OQ,0.010000190834201483
esg_min_65,13,CTAS.OQ,0.010000009702021966
esg_min_65,13,FIX.N,0.01000000510529357
esg_min_65,13,GALD.S,0.010000022170865043
esg_min_65,13,GAW.L,0.10259506358175154
esg_min_65,13,IBE.MC,0.01000016367516015
esg_min_65,13,KOG.OL,0.010000013554666102
esg_min_65,13,LLY.N,0.16507193424807995
esg_min_65,13,LTMC.MI,0.010000095139928602
esg_min_65,13,MANTA.HE,0.010000007509814135
esg_min_65,13,MSFT.OQ,0.01000230200318283
esg_min_65,13,NEM.N,0.01000007520003101
esg_min_65,13,NVDA.OQ,0.07083503481281542
esg_min_65,13,PGR.N,0.08024836811632732
esg_min_65,13,PLUSP.L,0.01000011590747059
esg_min_65,13,PWR.N,0.08446793620616402
esg_min_65,13,RSG.N,0.010000036828110483
esg_min_65,13,SDZ.S,0.01000026468419632
esg_min_65,13,SQN.S,0.010000029003762989
esg_min_65,13,TT.N,0.0100000459912028
esg_min_65,13,WMT.OQ,0.010008730828872835
esg_min_65,13,ZEG.L,0.010015528154458333
esg_min_65,14,AAPL.OQ,0.01
esg_min_65,14,ACLN.S,0.018414996664045294
esg_min_65,14,APH.N,0.01
esg_min_65,14,ARES.N,0.01
esg_min_65,14,ARGX.BR,0.2
esg_min_65,14,ASMI.AS,0.01
esg_min_65,14,ASML.AS,0.01
esg_min_65,14,AVGO.OQ,0.01
esg_min_65,14,CAT.N,0.01
esg_min_65,14,CDNS.OQ,0.01
esg_min_65,14,CTAS.OQ,0.01
esg_min_65,14,EME.N,0.01
esg_min_65,14,FICO.N,0.01
esg_min_65,14,FIX.N,0.01
esg_min_65,14,GAW.L,0.2
esg_min_65,14,KLAC.OQ,0.01
esg_min_65,14,KOG.OL,0.009999999999571135
esg_min_65,14,LLY.N,0.01
esg_min_65,14,LRCX.OQ,0.01
esg_min_65,14,LTMC.MI,0.01
esg_min_65,14,MANTA.HE,0.01
esg_min_65,14,MSFT.OQ,0.01
esg_min_65,14,NVDA.OQ,0.2
esg_min_65,14,PGR.N,0.01
esg_min_65,14,PLUSP.L,0.01
esg_min_65,14,PWR.N,0.13158500333595458
esg_min_65,14,SQN.S,0.01
esg_min_65,14,TDG.N,0.01
esg_min_65,14,TT.N,0.01
esg_min_65,14,ZEG.L,0.01
esg_min_75,0,AD.AS,0.02182374390557003
esg_min_75,0,ALLN.S,0.03953605244774459
esg_min_75,0,AMZN.OQ,0.01001078973753218
esg_min_75,0,BARN.S,0.01151954560435705
esg_min_75,0,BCVN.S,0.06952508034722193
esg_min_75,0,BMY.N,0.015867791615827815
esg_min_75,0,CBOE.Z,0.013057668868397494
esg_min_75,0,CLX.N,0.04302668188937631
esg_min_75,0,COST.OQ,0.01793028398035871
esg_min_75,0,CPB.OQ,0.018749465980870766
esg_min_75,0,DKSH.S,0.020936465044354965
esg_min_75,0,DPZ.OQ,0.010060588085299
esg_min_75,0,GALE.S,0.06268760146845018
esg_min_75,0,GILD.OQ,0.024102068857352898
esg_min_75,0,GIS.N,0.024590185449314666
esg_min_75,0,HLT.N,0.02106800351580215
esg_min_75,0,JNJ.N,0.05129765677927937
esg_min_75,0,KR.N,0.042139645039064644
esg_min_75,0,LISP.S,0.021806920304394007
esg_min_75,0,LMT.N,0.01591063959711488
esg_min_75,0,LOTB.BR,0.011712300107584558
esg_min_75,0,MO.N,0.018114424753810036
esg_min_75,0,MOBN.S,0.12569894698612843
esg_min_75,0,MRK.N,0.010803350134457598
esg_min_75,0,NEM.N,0.020495663494299415
esg_min_75,0,NOC.N,0.010274023748950997
esg_min_75,0,ORNBV.HE,0.010020258600809222
esg_min_75,0,PSPN.S,0.030511209735521534
esg_min_75,0,QIA.DE,0.02463352044166449
esg_min_75,0,ROPC.S,0.0288244731288548
esg_min_75,0,SCMN.S,0.02408478745278512
esg_min_75,0,SIGNC.S,0.013458952144654144
esg_min_75,0,SJM.N,0.015871006092028413
esg_min_75,0,VATN.S,0.020931278095091307
esg_min_75,0,VZ.N,0.0262039325872632
esg_min_75,0,WMT.OQ,0.052714993978413095
esg_min_75,1,AD.AS,0.025584380503108396
esg_min_75,1,ALLN.S,0.029058351957317596
esg_min_75,1,AMZN.OQ,0.010003007506723123
esg_min_75,1,BARN.S,0.010304316664664526
esg_min_75,1,BCVN.S,0.06900902288172577
esg_min_75,1,BMY.N,0.01049106438552265
esg_min_75,1,CBOE.Z,0.015976819280915853
esg_min_75,1,CHRW.OQ,0.010016400544523654
esg_min_75,1,CLX.N,0.03622969230658315
esg_min_75,1,COST.OQ,0.027942315497120493
esg_min_75,1,CPB.OQ,0.011034015367351225
esg_min_75,1,DKSH.S,0.012702930023975732
esg_min_75,1,DPZ.OQ,0.01002645993129609
esg_min_75,1,GALE.S,0.07062166183534496
esg_min_75,1,GILD.OQ,0.02194057198515546
esg_min_75,1,GIS.N,0.01704924635866684
esg_min_75,1,HLT.N,0.019877193567553672
esg_min_75,1,HUBN.S,0.0100626425972202
esg_min_75,1,JNJ.N,0.05796492713841192
esg_min_75,1,KR.N,0.042052926727263004
esg_min_75,1,LISP.S,0.021341755344543644
esg_min_75,1,LMT.N,0.016001810784862347
esg_min_75,1,LOTB.BR,0.015048169602408049
esg_min_75,1,MO.N,0.017006317082835388
esg_min_75,1,MOBN.S,0.12874497694751497
esg_min_75,1,MRK.N,0.012830970622758836
esg_min_75,1,NEM.N,0.022751743898486405
esg_min_75,1,NOC.N,0.010567748528524204
esg_min_75,1,ORNBV.HE,0.010059481808850131
esg_min_75,1,PLUSP.L,0.010001564414358594
esg_min_75,1,PSPN.S,0.024411794833472375
esg_min_75,1,QIA.DE,0.0203339525505769
esg_min_75,1,ROPC.S,0.026885975767483954
esg_min_75,1,SCMN.S,0.017793100974590838
esg_min_75,1,SIGNC.S,0.011420173968227951
esg_min_75,1,SJM.N,0.011308489499546109
esg_min_75,1,SPSN.S,0.010262281916979579
esg_min_75,1,VATN.S,0.01324632505550083
esg_min_75,1,VZ.N,0.016945713619459006
esg_min_75,1,WMT.OQ,0.06508970571857542
esg_min_75,2,AD.AS,0.027532897872090522
esg_min_75,2,ALLN.S,0.02288563295021034
esg_min_75,2,BARN.S,0.01000336384836921
esg_min_75,2,BCVN.S,0.06674482215784447
esg_min_75,2,BFT.WA,0.010000123496519036
esg_min_75,2,BKWB.S,0.010006624985331909
esg_min_75,2,CBOE.Z,0.015063708321817556
esg_min_75,2,CHRW.OQ,0.01000061667627222
esg_min_75,2,CLX.N,0.030027164322159655
esg_min_75,2,COST.OQ,0.0365128129310131
esg_min_75,2,CPB.OQ,0.010002427738381501
esg_min_75,2,DKSH.S,0.010028215767666824
esg_min_75,2,DPZ.OQ,0.010000747030721192
esg_min_75,2,GALE.S,0.07498048841582111
esg_min_75,2,GILD.OQ,0.02052080803129403
esg_min_75,2,GIS.N,0.010153809501065663
esg_min_75,2,HLT.N,0.02203213441582877
esg_min_75,2,HUBN.S,0.010001221882662522
esg_min_75,2,JNJ.N,0.05907275716610987
esg_min_75,2,KR.N,0.04153978418245858
esg_min_75,2,LISP.S,0.02060113759146741
esg_min_75,2,LLY.N,0.010000170569720345
esg_min_75,2,LMT.N,0.013798278430036096
esg_min_75,2,LOTB.BR,0.016560714806644655
esg_min_75,2,MO.N,0.013645454810664924
esg_min_75,2,MOBN.S,0.1325260219417033
esg_min_75,2,MRK.N,0.012722541645642184
esg_min_75,2,NEM.N,0.024462027310003506
esg_min_75,2,NOC.N,0.01003813868538027
esg_min_75,2,ORNBV.HE,0.01000133651829446
esg_min_75,2,PGR.N,0.010003639884557356
esg_min_75,2,PLUSP.L,0.010000120442711206
esg_min_75,2,PSPN.S,0.021215944107397314
esg_min_75,2,QIA.DE,0.018597098431322283
esg_min_75,2,ROPC.S,0.02400674265802656
esg_min_75,2,SCMN.S,0.010778885781802531
esg_min_75,2,SIGNC.S,0.010285997052898474
esg_min_75,2,SJM.N,0.01000880538970762
esg_min_75,2,SPSN.S,0.010011045519381076
esg_min_75,2,VATN.S,0.010013563250266477
esg_min_75,2,VZ.N,0.010116409644887062
esg_min_75,2,WM.N,0.010084426599134043
esg_min_75,2,WMT.OQ,0.07341133723471278
esg_min_75,3,AD.AS,0.03155172607739633
esg_min_75,3,ALLN.S,0.02093029486326
esg_min_75,3,BARN.S,0.01001157988650537
esg_min_75,3,BCVN.S,0.06490552215374153
esg_min_75,3,BFT.WA,0.010000818027760136
esg_min_75,3,BKWB.S,0.011886740924477657
esg_min_75,3,CBOE.Z,0.01649725287004426
esg_min_75,3,CHRW.OQ,0.010004037962921136
esg_min_75,3,CLX.N,0.030356300815300673
esg_min_75,3,COST.OQ,0.045773591481930956
esg_min_75,3,DPZ.OQ,0.010004699090435137
esg_min_75,3,GALD.S,0.010001976001391528
esg_min_75,3,GALE.S,0.07904750127346556
esg_min_75,3,GILD.OQ,0.018918570347308837
esg_min_75,3,HLT.N,0.019358648074376622
esg_min_75,3,HUBN.S,0.010006681249357816
esg_min_75,3,JNJ.N,0.06269864297229534
esg_min_75,3,KR.N,0.043498366583244456
esg_min_75,3,LISP.S,0.02074215585386941
esg_min_75,3,LLY.N,0.01046975646189234
esg_min_75,3,LMT.N,0.012560628035969908
esg_min_75,3,LOTB.BR,0.018866725331556575
esg_min_75,3,MO.N,0.015110724926448152
esg_min_75,3,MOBN.S,0.1316536544653124
esg_min_75,3,MRK.N,0.0146836258042993
esg_min_75,3,NEM.N,0.026107381344224787
esg_min_75,3,NOC.N,0.010354171613765914
esg_min_75,3,ORNBV.HE,0.010006822763977368
esg_min_75,3,PGR.N,0.01334192382028485
esg_min_75,3,PLUSP.L,0.01000344987762571
esg_min_75,3,PSPN.S,0.0175224418932075
esg_min_75,3,QIA.DE,0.013843181236451228
esg_min_75,3,ROPC.S,0.01779535400015898
esg_min_75,3,SCMN.S,0.010411717406337468
esg_min_75,3,SDZ.S,0.01000128341175458
esg_min_75,3,SIGNC.S,0.010036126773193765
esg_min_75,3,SPSN.S,0.010040811924145994
esg_min_75,3,VATN.S,0.010015661661047474
esg_min_75,3,WM.N,0.01689320299780664
esg_min_75,3,WMT.OQ,0.08408624774145637
esg_min_75,4,ABBV.N,0.010025151611688946
esg_min_75,4,AD.AS,0.03565395146879084
esg_min_75,4,ALLN.S,0.030010062113616672
esg_min_75,4,BCVN.S,0.06642482452829772
esg_min_75,4,BFT.WA,0.010018568216254752
esg_min_75,4,BKWB.S,0.02345880163484805
esg_min_75,4,CBOE.Z,0.01608229897667615
esg_min_75,4,CLX.N,0.019595503213172574
esg_min_75,4,COST.OQ,0.055439343372977734
esg_min_75,4,GALD.S,0.010224896614257815
esg_min_75,4,GALE.S,0.0879852190488524
esg_min_75,4,GILD.OQ,0.01360370771473362
esg_min_75,4,HLT.N,0.020930920819136344
esg_min_75,4,HUBN.S,0.010265172664493925
esg_min_75,4,JNJ.N,0.05440672804494904
esg_min_75,4,KR.N,0.04231055470470849
esg_min_75,4,LISP.S,0.019265789532649343
esg_min_75,4,LLY.N,0.017233861428136786
esg_min_75,4,LMT.N,0.010230603925776393
esg_min_75,4,LOTB.BR,0.023420676153664412
esg_min_75,4,MO.N,0.010111095748777978
esg_min_75,4,MOBN.S,0.1344795600304357
esg_min_75,4,MRK.N,0.01153413051596057
esg_min_75,4,NEM.N,0.027498114427898533
esg_min_75,4,NOC.N,0.010228992166238321
esg_min_75,4,ORNBV.HE,0.010035204722984414
esg_min_75,4,PGR.N,0.021967470801614764
esg_min_75,4,PLUSP.L,0.01084670222571629
esg_min_75,4,PSPN.S,0.018815104260621083
esg_min_75,4,QIA.DE,0.011189853894627207
esg_min_75,4,ROPC.S,0.010799124853664138
esg_min_75,4,RSG.N,0.010352988347430165
esg_min_75,4,SDZ.S,0.010150846728975827
esg_min_75,4,SIGNC.S,0.010024046468199614
esg_min_75,4,WM.N,0.02118147870309298
esg_min_75,4,WMT.OQ,0.09419865031608045
esg_min_75,5,ABBV.N,0.01004820920776786
esg_min_75,5,ACLN.S,0.01004515062712647
esg_min_75,5,AD.AS,0.0373300916568647
esg_min_75,5,ALLN.S,0.010569913286286026
esg_min_75,5,ARGX.BR,0.010000374329495881
esg_min_75,5,BCVN.S,0.061474622662760735
esg_min_75,5,BFT.WA,0.010006461009959298
esg_min_75,5,BKWB.S,0.02809103790522504
esg_min_75,5,CBOE.Z,0.014574955546770229
esg_min_75,5,CLX.N,0.010840507389522587
esg_min_75,5,COST.OQ,0.062261718889339034
esg_min_75,5,GALD.S,0.010182025279990676
esg_min_75,5,GALE.S,0.09040571835614702
esg_min_75,5,GEN.OQ,0.010000459837856144
esg_min_75,5,GILD.OQ,0.010071416744674086
esg_min_75,5,HLT.N,0.020161638910433828
esg_min_75,5,HUBN.S,0.010031463902950654
esg_min_75,5,JNJ.N,0.05285034734000401
esg_min_75,5,KR.N,0.041141363043328265
esg_min_75,5,LISP.S,0.01886259008679481
esg_min_75,5,LLY.N,0.02035311880296014
esg_min_75,5,LOTB.BR,0.025126509852796453
esg_min_75,5,MOBN.S,0.1406380454603209
esg_min_75,5,MRK.N,0.010257593604275726
esg_min_75,5,NEM.N,0.030122562434829796
esg_min_75,5,ORNBV.HE,0.010009047611542317
esg_min_75,5,PGR.N,0.02783151110350229
esg_min_75,5,PLUSP.L,0.011664718779317764
esg_min_75,5,PSPN.S,0.011496969771020948
esg_min_75,5,QIA.DE,0.010017113669845451
esg_min_75,5,ROPC.S,0.010007706185097831
esg_min_75,5,RSG.N,0.0183307760353421
esg_min_75,5,SDZ.S,0.011469815118247786
esg_min_75,5,WM.N,0.02981490082644948
esg_min_75,5,WMT.OQ,0.10390954473115362
esg_min_75,6,ABBV.N,0.010130522394726867
esg_min_75,6,ACLN.S,0.012670622364597673
esg_min_75,6,AD.AS,0.03643676509369402
esg_min_75,6,APH.N,0.01000502121447431
esg_min_75,6,ARGX.BR,0.010980287859226513
esg_min_75,6,BCVN.S,0.05619810891696442
esg_min_75,6,BFT.WA,0.010000088874139322
esg_min_75,6,BKWB.S,0.03489515365036
esg_min_75,6,CBOE.Z,0.011410815885470375
esg_min_75,6,COST.OQ,0.07053753452956998
esg_min_75,6,GALD.S,0.01200309910300812
esg_min_75,6,GALE.S,0.09716996635514642
esg_min_75,6,HLT.N,0.020590903936706963
esg_min_75,6,JNJ.N,0.046651599674875185
esg_min_75,6,KR.N,0.036965265832260306
esg_min_75,6,LISP.S,0.015677085612822637
esg_min_75,6,LLY.N,0.02632568654726307
esg_min_75,6,LOTB.BR,0.026787567208679752
esg_min_75,6,MOBN.S,0.1464756163875163
esg_min_75,6,MRK.N,0.010000590159606896
esg_min_75,6,NEM.N,0.032739604195482865
esg_min_75,6,ORNBV.HE,0.010000056041846042
esg_min_75,6,PGR.N,0.034275290044882216
esg_min_75,6,PLUSP.L,0.013082180544118667
esg_min_75,6,ROPC.S,0.010000219008775636
esg_min_75,6,RSG.N,0.025405843781770267
esg_min_75,6,SDZ.S,0.016373217715048637
esg_min_75,6,WM.N,0.03312661139923891
esg_min_75,6,WMT.OQ,0.11308464147285133
esg_min_75,6,ZEG.L,0.01000003419487621
esg_min_75,7,ABBN.S,0.01002026476629092
esg_min_75,7,ABBV.N,0.010359461358681559
esg_min_75,7,ACLN.S,0.017716592547982964
esg_min_75,7,AD.AS,0.027076481112295152
esg_min_75,7,APH.N,0.010082446706253159
esg_min_75,7,ARGX.BR,0.016889952949594396
esg_min_75,7,AZN.L,0.010002280238936892
esg_min_75,7,BCVN.S,0.036429813487149465
esg_min_75,7,BKWB.S,0.03869681093589688
esg_min_75,7,COST.OQ,0.0791791002341086
esg_min_75,7,GALD.S,0.012174329990960646
esg_min_75,7,GALE.S,0.0972995218988394
esg_min_75,7,HLT.N,0.016595463568304714
esg_min_75,7,JNJ.N,0.029705170984407617
esg_min_75,7,KR.N,0.026151268792732715
esg_min_75,7,LISP.S,0.010001359999831804
esg_min_75,7,LLY.N,0.03460653321649227
esg_min_75,7,LOTB.BR,0.025014334561398444
esg_min_75,7,MOBN.S,0.14075846853068397
esg_min_75,7,NEM.N,0.035983712196982647
esg_min_75,7,NOVN.S,0.010000338402367626
esg_min_75,7,PGR.N,0.043030665682494626
esg_min_75,7,PLUSP.L,0.01408344304399928
esg_min_75,7,PWR.N,0.01000029248397116
esg_min_75,7,RSG.N,0.03345211474913994
esg_min_75,7,SDZ.S,0.02193024462840442
esg_min_75,7,WM.N,0.03641109686282885
esg_min_75,7,WMT.OQ,0.12633837102091294
esg_min_75,7,ZEG.L,0.010000125900471396
esg_min_75,7,ZURN.S,0.010009939147585705
esg_min_75,8,ABBN.S,0.02026543884745393
esg_min_75,8,ABBV.N,0.010060938006663482
esg_min_75,8,ACLN.S,0.019356085329350972
esg_min_75,8,AD.AS,0.012970748680118473
esg_min_75,8,APH.N,0.0109414394957605
esg_min_75,8,ARGX.BR,0.022928796948971857
esg_min_75,8,AZN.L,0.01170376760981962
esg_min_75,8,BCVN.S,0.010424040027823215
esg_min_75,8,BKWB.S,0.03623315087992142
esg_min_75,8,COST.OQ,0.08464429363300992
esg_min_75,8,GALD.S,0.010288049465586303
esg_min_75,8,GALE.S,0.09248195284431371
esg_min_75,8,HLT.N,0.011231555528070007
esg_min_75,8,IBE.MC,0.015856492463809446
esg_min_75,8,JNJ.N,0.014648868523809939
esg_min_75,8,KR.N,0.013695315272005832
esg_min_75,8,LLY.N,0.04135512157061287
esg_min_75,8,LOTB.BR,0.01916896133745109
esg_min_75,8,LTMC.MI,0.010000357438996129
esg_min_75,8,MOBN.S,0.13423972205548357
esg_min_75,8,MSFT.OQ,0.0101114976383691
esg_min_75,8,NEM.N,0.04038002141802695
esg_min_75,8,PGR.N,0.04970966563500499
esg_min_75,8,PLUSP.L,0.013564471249696258
esg_min_75,8,PWR.N,0.010001062672985098
esg_min_75,8,RSG.N,0.03860741153726891
esg_min_75,8,SDZ.S,0.027223697389123752
esg_min_75,8,WM.N,0.03907922429166667
esg_min_75,8,WMT.OQ,0.1382807747471595
esg_min_75,8,ZEG.L,0.01000032340153504
esg_min_75,8,ZURN.S,0.02054675406013135
esg_min_75,9,ABBN.S,0.028585921305888103
esg_min_75,9,ABBV.N,0.010008147692354618
esg_min_75,9,ACLN.S,0.027387871729030174
esg_min_75,9,AD.AS,0.010000807787300859
esg_min_75,9,APH.N,0.018598912550518966
esg_min_75,9,ARGX.BR,0.03211335442107446
esg_min_75,9,AZN.L,0.010203938001506091
esg_min_75,9,BKWB.S,0.03379117800179284
esg_min_75,9,COST.OQ,0.086413383310697
esg_min_75,9,GALD.S,0.010090474785220753
esg_min_75,9,GALE.S,0.06944464852551616
esg_min_75,9,GOOG.OQ,0.010001035483302207
esg_min_75,9,HLT.N,0.010016286886424596
esg_min_75,9,IBE.MC,0.044860912709389446
esg_min_75,9,JNJ.N,0.010000712496476227
esg_min_75,9,LLY.N,0.051522441568399295
esg_min_75,9,LOTB.BR,0.010053397039680228
esg_min_75,9,LTMC.MI,0.010002835448973608
esg_min_75,9,MOBN.S,0.0910794617631133
esg_min_75,9,MSFT.OQ,0.018242867475365087
esg_min_75,9,NEM.N,0.04325124749678491
esg_min_75,9,PGR.N,0.05988611930744388
esg_min_75,9,PLUSP.L,0.013532318779109258
esg_min_75,9,PWR.N,0.010403259474455175
esg_min_75,9,RSG.N,0.03684268149717618
esg_min_75,9,SDZ.S,0.03276313098839108
esg_min_75,9,WM.N,0.026301360327493202
esg_min_75,9,WMT.OQ,0.14838269704015897
esg_min_75,9,ZEG.L,0.01035637189652565
esg_min_75,9,ZURN.S,0.025862224210437736
esg_min_75,10,ABBN.S,0.03779433877746606
esg_min_75,10,ABBV.N,0.010001043958476537
esg_min_75,10,ACLN.S,0.030594763495841008
esg_min_75,10,APH.N,0.021572580831404613
esg_min_75,10,ARGX.BR,0.04122033405458944
esg_min_75,10,AZN.L,0.010019355412115901
esg_min_75,10,BKWB.S,0.023341790579922413
esg_min_75,10,CDNS.OQ,0.010000126491249426
esg_min_75,10,COST.OQ,0.08375317736833619
esg_min_75,10,GALD.S,0.010006719046308551
esg_min_75,10,GALE.S,0.03562549759058157
esg_min_75,10,GAW.L,0.010000621586550407
esg_min_75,10,GOOG.OQ,0.010000228020443801
esg_min_75,10,HLT.N,0.010000577453424123
esg_min_75,10,IBE.MC,0.07847401734576859
esg_min_75,10,LLY.N,0.06107786884770549
esg_min_75,10,LOTB.BR,0.010000834561997768
esg_min_75,10,LTMC.MI,0.01000301529420913
esg_min_75,10,MOBN.S,0.03925548160927416
esg_min_75,10,MSFT.OQ,0.033709924388147246
esg_min_75,10,NEM.N,0.04699610001666301
esg_min_75,10,PGR.N,0.06819925182161907
esg_min_75,10,PLUSP.L,0.011498509206672607
esg_min_75,10,PWR.N,0.014573397180000393
esg_min_75,10,RSG.N,0.03135258065341554
esg_min_75,10,SDZ.S,0.03768037323164723
esg_min_75,10,WM.N,0.012547355141634601
esg_min_75,10,WMT.OQ,0.1578334592448903
esg_min_75,10,ZEG.L,0.011250433369158722
esg_min_75,10,ZURN.S,0.031616243420486134
esg_min_75,11,ABBN.S,0.0350254080461055
esg_min_75,11,ACLN.S,0.04028150272174066
esg_min_75,11,APH.N,0.034770738835562344
esg_min_75,11,ARGX.BR,0.059538837118982384
esg_min_75,11,AVGO.OQ,0.010000061832100551
esg_min_75,11,AZN.L,0.010001153802314715
esg_min_75,11,BKWB.S,0.01001851346155565
esg_min_75,11,CDNS.OQ,0.010000212334534818
esg_min_75,11,COST.OQ,0.060992750816224156
esg_min_75,11,GALD.S,0.010001022809256487
esg_min_75,11,GALE.S,0.010002430363451458
esg_min_75,11,GAW.L,0.010001323529031016
esg_min_75,11,GOOG.OQ,0.010000261478966415
esg_min_75,11,IBE.MC,0.11170780459351748
esg_min_75,11,KOG.OL,0.010000223272928394
esg_min_75,11,LLY.N,0.07541311817599015
esg_min_75,11,LTMC.MI,0.010001693248196247
esg_min_75,11,MOBN.S,0.010001947749446785
esg_min_75,11,MSFT.OQ,0.06841774795441187
esg_min_75,11,NEM.N,0.04061186628266564
esg_min_75,11,PGR.N,0.07507931669251408
esg_min_75,11,PLUSP.L,0.0100361058962003
esg_min_75,11,PWR.N,0.03092729916649512
esg_min_75,11,RSG.N,0.010043686305579743
esg_min_75,11,SDZ.S,0.03981458298182911
esg_min_75,11,TT.N,0.010000175161820977
esg_min_75,11,WM.N,0.010003178085783763
esg_min_75,11,WMT.OQ,0.1535786823688395
esg_min_75,11,ZEG.L,0.012010346773186176
esg_min_75,11,ZURN.S,0.011718008140768503
esg_min_75,12,AAPL.OQ,0.01000000619072538
esg_min_75,12,ABBN.S,0.011586569848814553
esg_min_75,12,ACLN.S,0.04450494257342736
esg_min_75,12,APH.N,0.0527195294892735
esg_min_75,12,ARGX.BR,0.09647252431296197
esg_min_75,12,AVGO.OQ,0.010000009881818976
esg_min_75,12,AZN.L,0.010000007298793816
esg_min_75,12,BKWB.S,0.010000006509304793
esg_min_75,12,CDNS.OQ,0.010025678677448848
esg_min_75,12,COST.OQ,0.010000053140166516
esg_min_75,12,GAW.L,0.010000014092318385
esg_min_75,12,GOOG.OQ,0.010000005315015196
esg_min_75,12,IBE.MC,0.12978995869683735
esg_min_75,12,KOG.OL,0.010000005280100541
esg_min_75,12,LLY.N,0.08879195957165886
esg_min_75,12,LTMC.MI,0.010000007152080768
esg_min_75,12,MSFT.OQ,0.1349205661248648
esg_min_75,12,NEM.N,0.013140850768560051
esg_min_75,12,NVDA.OQ,0.010000023417676486
esg_min_75,12,PGR.N,0.04726157558252689
esg_min_75,12,PLUSP.L,0.01000000923263801
esg_min_75,12,PWR.N,0.07320720469716116
esg_min_75,12,RSG.N,0.010000011098372955
esg_min_75,12,SDZ.S,0.027613821459039962
esg_min_75,12,SQN.S,0.010000005739558539
esg_min_75,12,TT.N,0.010000008734154221
esg_min_75,12,WM.N,0.010000007323887259
esg_min_75,12,WMT.OQ,0.09993248459019795
esg_min_75,12,ZEG.L,0.010032067590255071
esg_min_75,12,ZURN.S,0.010000085610359824
esg_min_75,13,AAPL.OQ,0.010000005632412151
esg_min_75,13,ABBN.S,0.010000018462960622
esg_min_75,13,ACLN.S,0.04194900748473662
esg_min_75,13,ACS.MC,0.010000003748548878
esg_min_75,13,APH.N,0.02676524761020419
esg_min_75,13,ARGX.BR,0.1542112817514771
esg_min_75,13,AVGO.OQ,0.010000012393189308
esg_min_75,13,BKWB.S,0.010000004074108167
esg_min_75,13,CDNS.OQ,0.01631457903038235
esg_min_75,13,COST.OQ,0.01000000594838166
esg_min_75,13,GAW.L,0.01000001813286716
esg_min_75,13,IBE.MC,0.08383954235903895
esg_min_75,13,IETB.BR,0.010000003947960382
esg_min_75,13,KOG.OL,0.010000004092834015
esg_min_75,13,LLY.N,0.09433569637940353
esg_min_75,13,LTMC.MI,0.010000005394264318
esg_min_75,13,MSFT.OQ,0.18918498405556045
esg_min_75,13,NEM.N,0.01000000639805756
esg_min_75,13,NVDA.OQ,0.047703714650562085
esg_min_75,13,PGR.N,0.010000059065469965
esg_min_75,13,PLUSP.L,0.01000000541354988
esg_min_75,13,PWR.N,0.1356956193077497
esg_min_75,13,RSG.N,0.010000004338231647
esg_min_75,13,SDZ.S,0.010000066114290239
esg_min_75,13,SQN.S,0.010000005590676177
esg_min_75,13,TT.N,0.010000005385075273
esg_min_75,13,WM.N,0.010000003374348577
esg_min_75,13,WMT.OQ,0.010000047819168712
esg_min_75,13,ZEG.L,0.010000033011115628
esg_min_75,13,ZURN.S,0.01000000903337471
esg_min_75,14,ABBN.S,0.04935158386394974
esg_min_75,14,ACLN.S,0.02064841613605025
esg_min_75,14,ACS.MC,0.01
esg_min_75,14,APH.N,0.01
esg_min_75,14,ARGX.BR,0.2
esg_min_75,14,ASMI.AS,0.009999999999993674
esg_min_75,14,AVGO.OQ,0.01
esg_min_75,14,BBVA.MC,0.01
esg_min_75,14,CDNS.OQ,0.06000000000000632
esg_min_75,14,COST.OQ,0.01
esg_min_75,14,CRH.N,0.01000000000000633
esg_min_75,14,GAW.L,0.01
esg_min_75,14,GOOG.OQ,0.01
esg_min_75,14,GOOGL.OQ,0.01
esg_min_75,14,IBE.MC,0.01
esg_min_75,14,IETB.BR,0.01
esg_min_75,14,LLY.N,0.0399999999999999
esg_min_75,14,LTMC.MI,0.01
esg_min_75,14,MSFT.OQ,0.01
esg_min_75,14,NVDA.OQ,0.2
esg_min_75,14,PGR.N,0.01
esg_min_75,14,PWR.N,0.2
esg_min_75,14,SCHN.PA,0.01
esg_min_75,14,SDZ.S,0.01
esg_min_75,14,SQN.S,0.01
esg_min_75,14,TT.N,0.01
esg_min_75,14,UNPI.MI,0.01
esg_min_75,14,WMT.OQ,0.01
esg_min_75,14,ZEG.L,0.01
esg_min_75,14,ZURN.S,0.01
esg_min_80,0,AD.AS,0.02402563688798195
esg_min_80,0,BARN.S,0.010019967699294094
esg_min_80,0,BCVN.S,0.06785766014673564
esg_min_80,0,BMY.N,0.012666742448852452
esg_min_80,0,CBOE.Z,0.010191662018872763
esg_min_80,0,CLX.N,0.046436574504202494
esg_min_80,0,COST.OQ,0.0199836290189894
esg_min_80,0,CPB.OQ,0.010489283256776302
esg_min_80,0,DKSH.S,0.023532471200554295
esg_min_80,0,GALE.S,0.05681287150877079
esg_min_80,0,GILD.OQ,0.030570649960626653
esg_min_80,0,GIS.N,0.023766125912969442
esg_min_80,0,HLT.N,0.026216853449978747
esg_min_80,0,JNJ.N,0.0748430902652494
esg_min_80,0,KR.N,0.04352102329120734
esg_min_80,0,LISP.S,0.022058551438956367
esg_min_80,0,LMT.N,0.026855033191732568
esg_min_80,0,MO.N,0.02589628525904707
esg_min_80,0,MOBN.S,0.1504417354295367
esg_min_80,0,MRK.N,0.010901892807886561
esg_min_80,0,NEM.N,0.0258191133147199
esg_min_80,0,NESN.S,0.0173647448104748
esg_min_80,0,NOVN.S,0.01198940338546348
esg_min_80,0,PSPN.S,0.018907157370204198
esg_min_80,0,QIA.DE,0.027671138800574157
esg_min_80,0,ROPC.S,0.051537619452825846
esg_min_80,0,SCMN.S,0.014252252958639033
esg_min_80,0,SIGNC.S,0.02032708002382667
esg_min_80,0,UPM.HE,0.016579073295917523
esg_min_80,0,VZ.N,0.02202661564324365
esg_min_80,0,WMT.OQ,0.05643806124588977
esg_min_80,1,AD.AS,0.02759456425964491
esg_min_80,1,BARN.S,0.0100581624693295
esg_min_80,1,BCVN.S,0.0681449728850321
esg_min_80,1,BMY.N,0.010145469773390422
esg_min_80,1,CBOE.Z,0.011565482397768785
esg_min_80,1,CLX.N,0.03979065276420568
esg_min_80,1,COST.OQ,0.02986136010633378
esg_min_80,1,DKSH.S,0.017613647507144545
esg_min_80,1,GALE.S,0.06516326748309938
esg_min_80,1,GILD.OQ,0.028129998116200747
esg_min_80,1,GIS.N,0.01608231263514594
esg_min_80,1,HLT.N,0.02631037972966803
esg_min_80,1,JNJ.N,0.07864617136604014
esg_min_80,1,KR.N,0.04322841427379421
esg_min_80,1,LISP.S,0.021594253610614962
esg_min_80,1,LMT.N,0.02581882776866778
esg_min_80,1,LOTB.BR,0.010121170810384888
esg_min_80,1,MO.N,0.023256243449402123
esg_min_80,1,MOBN.S,0.15341352356316384
esg_min_80,1,MRK.N,0.012796369483188843
esg_min_80,1,NEM.N,0.028455017668464713
esg_min_80,1,NESN.S,0.010926563513159335
esg_min_80,1,NOVN.S,0.014825582636449449
esg_min_80,1,PSPN.S,0.015555317425527225
esg_min_80,1,QIA.DE,0.024567193487459726
esg_min_80,1,ROPC.S,0.04834185735101757
esg_min_80,1,SCMN.S,0.011758013487927595
esg_min_80,1,SIGNC.S,0.01850341811729299
esg_min_80,1,UPM.HE,0.015426938157300984
esg_min_80,1,VZ.N,0.013700861817038466
esg_min_80,1,WM.N,0.011118963822935538
esg_min_80,1,WMT.OQ,0.06748502806320553
esg_min_80,2,AD.AS,0.03144273214704017
esg_min_80,2,BCVN.S,0.06600647377317301
esg_min_80,2,CBOE.Z,0.012666468836834855
esg_min_80,2,CLX.N,0.034706434372855595
esg_min_80,2,COST.OQ,0.041166587247818916
esg_min_80,2,DKSH.S,0.011758367514963647
esg_min_80,2,GALE.S,0.07258734136367526
esg_min_80,2,GILD.OQ,0.026026863242189294
esg_min_80,2,GIS.N,0.011117197690737365
esg_min_80,2,HLT.N,0.02681412520413187
esg_min_80,2,JNJ.N,0.08158485070926715
esg_min_80,2,KR.N,0.04357616092112844
esg_min_80,2,LISP.S,0.02345678996794459
esg_min_80,2,LMT.N,0.023756619606602077
esg_min_80,2,LOTB.BR,0.012922687969475096
esg_min_80,2,MO.N,0.022292645107567025
esg_min_80,2,MOBN.S,0.1555630225556665
esg_min_80,2,MRK.N,0.014847976733887639
esg_min_80,2,NEM.N,0.030742709633178985
esg_min_80,2,NOVN.S,0.01720812881593057
esg_min_80,2,ORNBV.HE,0.010082232844822037
esg_min_80,2,PSPN.S,0.011993706249303052
esg_min_80,2,QIA.DE,0.021219383434265902
esg_min_80,2,ROPC.S,0.04582507859553095
esg_min_80,2,SCMN.S,0.01044606316896443
esg_min_80,2,SIGNC.S,0.016854242773147697
esg_min_80,2,TBCG.L,0.010020750843003133
esg_min_80,2,UPM.HE,0.0134205340842188
esg_min_80,2,WM.N,0.020580858335711636
esg_min_80,2,WMT.OQ,0.0793129662569643
esg_min_80,3,AD.AS,0.03430632967151234
esg_min_80,3,BCVN.S,0.05882956295662745
esg_min_80,3,CBOE.Z,0.01028673462792008
esg_min_80,3,CLX.N,0.02446820535950751
esg_min_80,3,COST.OQ,0.05074006591179196
esg_min_80,3,DKSH.S,0.010002622421696573
esg_min_80,3,GALE.S,0.07422924422346842
esg_min_80,3,GILD.OQ,0.021587265429324164
esg_min_80,3,HLT.N,0.02591195274852644
esg_min_80,3,JNJ.N,0.0831465093602219
esg_min_80,3,KR.N,0.04219395757392239
esg_min_80,3,LISP.S,0.02252730308679793
esg_min_80,3,LMT.N,0.02065545462995056
esg_min_80,3,LOTB.BR,0.014691963820364596
esg_min_80,3,MO.N,0.020077721210254074
esg_min_80,3,MOBN.S,0.1587547082888663
esg_min_80,3,MRK.N,0.012836816499009404
esg_min_80,3,NEM.N,0.033086827254294994
esg_min_80,3,NOVN.S,0.021178039559040768
esg_min_80,3,ORNBV.HE,0.010002960071143532
esg_min_80,3,PGR.N,0.010055818153070802
esg_min_80,3,PLUSP.L,0.010000220514312458
esg_min_80,3,QIA.DE,0.016309453348307294
esg_min_80,3,ROPC.S,0.04637324488477606
esg_min_80,3,SDZ.S,0.010008358052258609
esg_min_80,3,SIGNC.S,0.015845889492972658
esg_min_80,3,TBCG.L,0.010003082090312856
esg_min_80,3,UPM.HE,0.012936477762644992
esg_min_80,3,WM.N,0.028020211937757427
esg_min_80,3,WMT.OQ,0.0909329990593453
esg_min_80,4,ABBN.S,0.0100610974802175
esg_min_80,4,AD.AS,0.03651697973531936
esg_min_80,4,ARGX.BR,0.01000045549413333
esg_min_80,4,AZN.L,0.010029047255210711
esg_min_80,4,BCVN.S,0.05443843649115544
esg_min_80,4,CLX.N,0.012302326984540278
esg_min_80,4,COST.OQ,0.05785901417617974
esg_min_80,4,GALE.S,0.07510828394486632
esg_min_80,4,GILD.OQ,0.0158479347171418
esg_min_80,4,HLT.N,0.026785427047958648
esg_min_80,4,JNJ.N,0.08131131852637165
esg_min_80,4,KR.N,0.0400328408705217
esg_min_80,4,LISP.S,0.02059337184023311
esg_min_80,4,LLY.N,0.010050915388252271
esg_min_80,4,LMT.N,0.016552352166954512
esg_min_80,4,LOTB.BR,0.015865095299149673
esg_min_80,4,MO.N,0.01564772618754854
esg_min_80,4,MOBN.S,0.16245560987462387
esg_min_80,4,MRK.N,0.01018289276933874
esg_min_80,4,NEM.N,0.0350852091100714
esg_min_80,4,NOVN.S,0.02167980712295557
esg_min_80,4,PGR.N,0.012361013447805503
esg_min_80,4,PLUSP.L,0.010000163939980522
esg_min_80,4,QIA.DE,0.011191557788519005
esg_min_80,4,ROPC.S,0.043953835338704915
esg_min_80,4,RSG.N,0.011048090624799518
esg_min_80,4,SDZ.S,0.010197364713026263
esg_min_80,4,SIGNC.S,0.014558757723640932
esg_min_80,4,UPM.HE,0.0146348554686594
esg_min_80,4,WM.N,0.03342077041912727
esg_min_80,4,WMT.OQ,0.10022744805299252
esg_min_80,5,ABBN.S,0.0179319729463763
esg_min_80,5,AD.AS,0.033588404934065966
esg_min_80,5,APH.N,0.010000962541753932
esg_min_80,5,ARGX.BR,0.010009588115172047
esg_min_80,5,AZN.L,0.015973213828484482
esg_min_80,5,BCVN.S,0.0420745413148963
esg_min_80,5,BKWB.S,0.010000105043651855
esg_min_80,5,COST.OQ,0.061479241111417116
esg_min_80,5,GALE.S,0.07493502889435309
esg_min_80,5,GILD.OQ,0.010313588948293002
esg_min_80,5,HLT.N,0.022819907323753264
esg_min_80,5,JNJ.N,0.08392739056189574
esg_min_80,5,KR.N,0.03585276716855177
esg_min_80,5,LISP.S,0.01213268032633124
esg_min_80,5,LLY.N,0.012543788624908922
esg_min_80,5,LMT.N,0.011173470506501037
esg_min_80,5,LOTB.BR,0.013440489407223569
esg_min_80,5,MO.N,0.010014573169110355
esg_min_80,5,MOBN.S,0.16195219941511843
esg_min_80,5,MSFT.OQ,0.010003128442713007
esg_min_80,5,NEM.N,0.03767838948527178
esg_min_80,5,NOVN.S,0.027109770694085673
esg_min_80,5,PGR.N,0.01692156822191181
esg_min_80,5,PLUSP.L,0.010000019952274505
esg_min_80,5,ROPC.S,0.04606308638233152
esg_min_80,5,RSG.N,0.015193709456636315
esg_min_80,5,SDZ.S,0.012662629841608666
esg_min_80,5,SIGNC.S,0.012891798154075552
esg_min_80,5,UPM.HE,0.01353451342793545
esg_min_80,5,WM.N,0.03824093131094499
esg_min_80,5,WMT.OQ,0.10953654044835234
esg_min_80,6,ABBN.S,0.03337905861483091
esg_min_80,6,AD.AS,0.02441143588364599
esg_min_80,6,APH.N,0.010008372074054327
esg_min_80,6,ARGX.BR,0.01279043144563484
esg_min_80,6,AZN.L,0.024153091928328936
esg_min_80,6,BCVN.S,0.021683101267594512
esg_min_80,6,BKWB.S,0.010000090204426522
esg_min_80,6,COST.OQ,0.06821643379217343
esg_min_80,6,GALE.S,0.07122429021011706
esg_min_80,6,HLT.N,0.020958239214796347
esg_min_80,6,JNJ.N,0.07698202918395503
esg_min_80,6,KR.N,0.02748363616889203
esg_min_80,6,LISP.S,0.010000197532698795
esg_min_80,6,LLY.N,0.019293454738596384
esg_min_80,6,LMT.N,0.010000292034957189
esg_min_80,6,LOTB.BR,0.0101033280872842
esg_min_80,6,MOBN.S,0.1582466978266213
esg_min_80,6,MSFT.OQ,0.013841212230867844
esg_min_80,6,NEM.N,0.041409791947771106
esg_min_80,6,NOVN.S,0.023998150730253826
esg_min_80,6,PGR.N,0.023373156740671867
esg_min_80,6,PLUSP.L,0.010000027242877067
esg_min_80,6,ROPC.S,0.04033915371155279
esg_min_80,6,RSG.N,0.02170555805482223
esg_min_80,6,SDZ.S,0.016783505137332747
esg_min_80,6,SIGNC.S,0.010054538641838636
esg_min_80,6,UPM.HE,0.010217539071458018
esg_min_80,6,WM.N,0.04246701400061408
esg_min_80,6,WMT.OQ,0.1211011651165571
esg_min_80,6,ZURN.S,0.015775007164774788
esg_min_80,7,ABBN.S,0.042506311226029644
esg_min_80,7,AD.AS,0.012329770843144799
esg_min_80,7,APH.N,0.010236726662056226
esg_min_80,7,ARGX.BR,0.016811679193045072
esg_min_80,7,AZN.L,0.03185984752201558
esg_min_80,7,BCVN.S,0.0100935283043837
esg_min_80,7,BKWB.S,0.010029690211551541
esg_min_80,7,COST.OQ,0.07126508366762599
esg_min_80,7,GALE.S,0.06526061475384776
esg_min_80,7,HLT.N,0.013460341658355001
esg_min_80,7,IBE.MC,0.010865649727316734
esg_min_80,7,JNJ.N,0.06692025424456263
esg_min_80,7,KR.N,0.017328304165004752
esg_min_80,7,LLY.N,0.02429244390550577
esg_min_80,7,LOTB.BR,0.01006158484465042
esg_min_80,7,MOBN.S,0.1503170489681274
esg_min_80,7,MSFT.OQ,0.02332926123200936
esg_min_80,7,NEM.N,0.04441264694600891
esg_min_80,7,NOVN.S,0.01765926436901476
esg_min_80,7,PGR.N,0.028053937218963765
esg_min_80,7,PLUSP.L,0.010004762632652174
esg_min_80,7,PWR.N,0.01001139048645181
esg_min_80,7,ROPC.S,0.03235683506766413
esg_min_80,7,RSG.N,0.025014614343113088
esg_min_80,7,SDZ.S,0.019706589228440506
esg_min_80,7,SIGNC.S,0.010045479768623787
esg_min_80,7,UPM.HE,0.010116051179339686
esg_min_80,7,WM.N,0.04467461464763366
esg_min_80,7,WMT.OQ,0.1307122755238612
esg_min_80,7,ZURN.S,0.030263397458999947
esg_min_80,8,ABBN.S,0.05860138043730755
esg_min_80,8,ABBV.N,0.010005793570863319
esg_min_80,8,AD.AS,0.01001413238627657
esg_min_80,8,APH.N,0.010122528957055123
esg_min_80,8,ARGX.BR,0.021875592568811268
esg_min_80,8,AZN.L,0.03981969634533469
esg_min_80,8,BKWB.S,0.010003824019946112
esg_min_80,8,COST.OQ,0.07177497797020849
esg_min_80,8,GALE.S,0.045293689774682004
esg_min_80,8,HLT.N,0.010263193508288405
esg_min_80,8,IBE.MC,0.02863969269311668
esg_min_80,8,JNJ.N,0.0450075814353375
esg_min_80,8,KR.N,0.010040675727630422
esg_min_80,8,LLY.N,0.029059056950115323
esg_min_80,8,LOTB.BR,0.010002909348554828
esg_min_80,8,MOBN.S,0.12964845167635222
esg_min_80,8,MSFT.OQ,0.041265113859628846
esg_min_80,8,NEM.N,0.04950701581162348
esg_min_80,8,NOVN.S,0.010263325112760267
esg_min_80,8,PGR.N,0.03101113002954523
esg_min_80,8,PLUSP.L,0.010000675534642242
esg_min_80,8,PWR.N,0.010012365383313416
esg_min_80,8,ROPC.S,0.015640824439397003
esg_min_80,8,RSG.N,0.02392469544383537
esg_min_80,8,SDZ.S,0.022083528251069705
esg_min_80,8,SIGNC.S,0.010006683312089782
esg_min_80,8,UPM.HE,0.010011231418377172
esg_min_80,8,WM.N,0.04351328989111663
esg_min_80,8,WMT.OQ,0.14010172895360257
esg_min_80,8,ZURN.S,0.04248521518911785
esg_min_80,9,ABBN.S,0.06719439263790596
esg_min_80,9,ABBV.N,0.010000046767978063
esg_min_80,9,APH.N,0.010000214097478062
esg_min_80,9,ARGX.BR,0.02622817294455062
esg_min_80,9,AZN.L,0.04510082168569606
esg_min_80,9,BKWB.S,0.01000001816487879
esg_min_80,9,CDNS.OQ,0.010000013707304516
esg_min_80,9,COST.OQ,0.07146171207849851
esg_min_80,9,GALE.S,0.02773583134595416
esg_min_80,9,GASI.MI,0.010000017372447588
esg_min_80,9,GOOG.OQ,0.010000037747168632
esg_min_80,9,HLT.N,0.010000453086083322
esg_min_80,9,IBE.MC,0.046775468891251594
esg_min_80,9,JNJ.N,0.023258561262915808
esg_min_80,9,LLY.N,0.03340152596598401
esg_min_80,9,MOBN.S,0.10777530900440746
esg_min_80,9,MSFT.OQ,0.04753349612178383
esg_min_80,9,NEM.N,0.05390272607941292
esg_min_80,9,NOVN.S,0.010000755083241731
esg_min_80,9,PGR.N,0.03403834770233576
esg_min_80,9,PLUSP.L,0.01000000340610857
esg_min_80,9,PWR.N,0.010000045617452163
esg_min_80,9,ROPC.S,0.010007398047595949
esg_min_80,9,RSG.N,0.02307409555561649
esg_min_80,9,SDZ.S,0.023465140158541502
esg_min_80,9,UPM.HE,0.010000110529012288
esg_min_80,9,WM.N,0.04302888796369256
esg_min_80,9,WMT.OQ,0.14976899971043053
esg_min_80,9,ZEG.L,0.010000013053471635
esg_min_80,9,ZURN.S,0.04624738421079881
esg_min_80,10,ABBN.S,0.08592056312247151
esg_min_80,10,ABBV.N,0.010000343508836705
esg_min_80,10,ACLN.S,0.010000445609320317
esg_min_80,10,APH.N,0.010122646582030837
esg_min_80,10,ARGX.BR,0.034288195485044616
esg_min_80,10,AZN.L,0.04094351579337842
esg_min_80,10,BKWB.S,0.010000397513131315
esg_min_80,10,CDNS.OQ,0.01000175551113408
esg_min_80,10,COST.OQ,0.06647964450757844
esg_min_80,10,GALE.S,0.010008590477460999
esg_min_80,10,GASI.MI,0.01000003858417356
esg_min_80,10,GOOG.OQ,0.010000307808795406
esg_min_80,10,GOOGL.OQ,0.010000211535209667
esg_min_80,10,HLT.N,0.010001578294242346
esg_min_80,10,IBE.MC,0.07408352315886668
esg_min_80,10,JNJ.N,0.01000030558092851
esg_min_80,10,LLY.N,0.04014453973668367
esg_min_80,10,MOBN.S,0.05287064208005605
esg_min_80,10,MSFT.OQ,0.07241218791000945
esg_min_80,10,NEM.N,0.059655406152032596
esg_min_80,10,NOVN.S,0.010000102793083316
esg_min_80,10,PGR.N,0.03912989512654598
esg_min_80,10,PWR.N,0.010186532405585454
esg_min_80,10,ROPC.S,0.010000062151304591
esg_min_80,10,RSG.N,0.016893162842610047
esg_min_80,10,SDZ.S,0.026702840473185756
esg_min_80,10,WM.N,0.02922888790961428
esg_min_80,10,WMT.OQ,0.15665890426201426
esg_min_80,10,ZEG.L,0.010000555890632
esg_min_80,10,ZURN.S,0.05426421719403917
esg_min_80,11,ABBN.S,0.10396375782550386
esg_min_80,11,ABBV.N,0.010000129978499996
esg_min_80,11,ACLN.S,0.010000138006978786
esg_min_80,11,APH.N,0.011238323493710305
esg_min_80,11,ARGX.BR,0.04608839268396876
esg_min_80,11,AZN.L,0.024060014137321485
esg_min_80,11,CDNS.OQ,0.010340639436906872
esg_min_80,11,COST.OQ,0.043131915386401515
esg_min_80,11,GALE.S,0.010000083610708867
esg_min_80,11,GASI.MI,0.010000057413951042
esg_min_80,11,GOOG.OQ,0.010000359064288445
esg_min_80,11,GOOGL.OQ,0.010000268523995992
esg_min_80,11,HLT.N,0.010000460653555802
esg_min_80,11,IBE.MC,0.10337550061879495
esg_min_80,11,JNJ.N,0.010000102153739015
esg_min_80,11,LLY.N,0.04629198965737062
esg_min_80,11,LONN.S,0.010000080763857482
esg_min_80,11,MOBN.S,0.010000688453031882
esg_min_80,11,MSFT.OQ,0.11982517617388139
esg_min_80,11,NEM.N,0.06196583391810344
esg_min_80,11,PGR.N,0.03466560533830035
esg_min_80,11,PLUSP.L,0.010000066719223736
esg_min_80,11,PWR.N,0.0193485864695298
esg_min_80,11,RSG.N,0.01002117367541942
esg_min_80,11,SDZ.S,0.023490463878707374
esg_min_80,11,TT.N,0.010000217569263531
esg_min_80,11,WM.N,0.01001621517242221
esg_min_80,11,WMT.OQ,0.15563554799917084
esg_min_80,11,ZEG.L,0.010000226431330916
esg_min_80,11,ZURN.S,0.04653798479206127
esg_min_80,12,AAPL.OQ,0.010000002097011953
esg_min_80,12,ABBN.S,0.10793129881756555
esg_min_80,12,ACLN.S,0.010000003634209298
esg_min_80,12,APH.N,0.010181553323449938
esg_min_80,12,ARGX.BR,0.06824085209330576
esg_min_80,12,AVGO.OQ,0.010000003379232661
esg_min_80,12,AZN.L,0.010000005502828174
esg_min_80,12,BBVA.MC,0.010000002125925084
esg_min_80,12,CDNS.OQ,0.01290133222984324
esg_min_80,12,COST.OQ,0.010000228089057563
esg_min_80,12,GASI.MI,0.010000002093671061
esg_min_80,12,GOOG.OQ,0.010000002639637033
esg_min_80,12,GOOGL.OQ,0.010000002326720322
esg_min_80,12,HLT.N,0.01000000255583969
esg_min_80,12,IBE.MC,0.1277355077601958
esg_min_80,12,LLY.N,0.05632381044912687
esg_min_80,12,LONN.S,0.010000002139944758
esg_min_80,12,MSFT.OQ,0.1673492728999232
esg_min_80,12,NEM.N,0.052388715030716335
esg_min_80,12,NVDA.OQ,0.010000003424364528
esg_min_80,12,PGR.N,0.024544997985548298
esg_min_80,12,PLUSP.L,0.010000001806229593
esg_min_80,12,PWR.N,0.04174899472115833
esg_min_80,12,RSG.N,0.01000000958433946
esg_min_80,12,SDZ.S,0.016091012449104374
esg_min_80,12,TT.N,0.010000003283435772
esg_min_80,12,WM.N,0.01000000636867675
esg_min_80,12,WMT.OQ,0.13455994763952528
esg_min_80,12,ZEG.L,0.010000004175631846
esg_min_80,12,ZURN.S,0.010002419373781673
esg_min_80,13,AAPL.OQ,0.010000004600439481
esg_min_80,13,ABBN.S,0.08291080012631702
esg_min_80,13,ACLN.S,0.010000016484264122
esg_min_80,13,APH.N,0.017599417345144412
esg_min_80,13,ARGX.BR,0.1133317472228726
esg_min_80,13,AVGO.OQ,0.01000000763258374
esg_min_80,13,AZN.L,0.010000008800377541
esg_min_80,13,BBVA.MC,0.010000004346069787
esg_min_80,13,CDNS.OQ,0.05239782527345245
esg_min_80,13,COST.OQ,0.010000015362228087
esg_min_80,13,GOOG.OQ,0.010000003954985157
esg_min_80,13,GOOGL.OQ,0.010000003626252573
esg_min_80,13,HLT.N,0.010000003672926161
esg_min_80,13,IBE.MC,0.13375727090443743
esg_min_80,13,LLY.N,0.055513934077001614
esg_min_80,13,LONN.S,0.010000003977701972
esg_min_80,13,MSFT.OQ,0.19999996235690987
esg_min_80,13,NDAQ.OQ,0.010000003609227872
esg_min_80,13,NEM.N,0.010662918550262277
esg_min_80,13,NVDA.OQ,0.01000006384863227
esg_min_80,13,PGR.N,0.01000006797049831
esg_min_80,13,PWR.N,0.0978542003884699
esg_min_80,13,RSG.N,0.010000010907786454
esg_min_80,13,SDZ.S,0.010000119660909836
esg_min_80,13,SPGI.N,0.010000003700185708
esg_min_80,13,TT.N,0.01000000614008659
esg_min_80,13,WM.N,0.010000007661915783
esg_min_80,13,WMT.OQ,0.035971525739613375
esg_min_80,13,ZEG.L,0.010000012332194864
esg_min_80,13,ZURN.S,0.01000002972626771
esg_min_80,14,ABBN.S,0.09000000000000008
esg_min_80,14,ALVG.DE,0.01
esg_min_80,14,APH.N,0.01
esg_min_80,14,ARGX.BR,0.1899999999999999
esg_min_80,14,AVGO.OQ,0.01
esg_min_80,14,AZN.L,0.01
esg_min_80,14,BBVA.MC,0.01
esg_min_80,14,CDNS.OQ,0.189373631866522
esg_min_80,14,COST.OQ,0.01
esg_min_80,14,CRH.N,0.01
esg_min_80,14,GASI.MI,0.01
esg_min_80,14,GLEN.L,0.010000000000000031
esg_min_80,14,GOOG.OQ,0.01
esg_min_80,14,GOOGL.OQ,0.01
esg_min_80,14,HLT.N,0.01
esg_min_80,14,IBE.MC,0.01
esg_min_80,14,ISP.MI,0.01
esg_min_80,14,LLY.N,0.01
esg_min_80,14,LONN.S,0.01
esg_min_80,14,MSFT.OQ,0.01
esg_min_80,14,NDAQ.OQ,0.01
esg_min_80,14,NEM.N,0.01
esg_min_80,14,NVDA.OQ,0.08062636813347801
esg_min_80,14,PWR.N,0.19999999999999993
esg_min_80,14,SCHN.PA,0.01
esg_min_80,14,SDZ.S,0.01
esg_min_80,14,SPGI.N,0.01
esg_min_80,14,UNPI.MI,0.01
esg_min_80,14,WMT.OQ,0.01
esg_min_80,14,ZURN.S,0.01
country_cap_20,0,AD.AS,0.028582441290823782
country_cap_20,0,ALLN.S,0.04519785606065063
country_cap_20,0,AMZN.OQ,0.010000364123110192
country_cap_20,0,BCVN.S,0.028244713366650975
country_cap_20,0,BFT.WA,0.010011108540391894
country_cap_20,0,BMY.N,0.018424998062505624
country_cap_20,0,CBOE.Z,0.024757605537604543
country_cap_20,0,CHD.N,0.010003108824875364
country_cap_20,0,CHRW.OQ,0.0239098302221661
country_cap_20,0,CLX.N,0.04447852384160897
country_cap_20,0,CMG.N,0.01002336019852542
country_cap_20,0,COST.OQ,0.010041245903864147
country_cap_20,0,CPB.OQ,0.02674365560843959
country_cap_20,0,DPZ.OQ,0.018947632165485388
country_cap_20,0,GALE.S,0.03362162663167608
country_cap_20,0,GILD.OQ,0.020105767493981696
country_cap_20,0,GIS.N,0.020515461307350456
country_cap_20,0,GTT.PA,0.01000094070064373
country_cap_20,0,HLN.L,0.03306880127522271
country_cap_20,0,HLT.N,0.01312120509952166
country_cap_20,0,HRL.N,0.010016257307290664
country_cap_20,0,IMB.L,0.010000525709016952
country_cap_20,0,JNJ.N,0.04127321135673232
country_cap_20,0,KR.N,0.04106877550878787
country_cap_20,0,LMT.N,0.01050966569221582
country_cap_20,0,LOTB.BR,0.021634127157338166
country_cap_20,0,MO.N,0.010001437932736014
country_cap_20,0,MOBN.S,0.06944475745215181
country_cap_20,0,MRK.N,0.010103223924215234
country_cap_20,0,NEM.N,0.02331234047821526
country_cap_20,0,NOC.N,0.012467869093016812
country_cap_20,0,NOVOb.CO,0.010000801674243495
country_cap_20,0,ORNBV.HE,0.017944744467911968
country_cap_20,0,PLUSP.L,0.010002403802533484
country_cap_20,0,PSPN.S,0.013482421343831156
country_cap_20,0,QIA.DE,0.03513186555678944
country_cap_20,0,QQ.L,0.01382475482872378
country_cap_20,0,SBNOR.OL,0.021443628682375152
country_cap_20,0,SJM.N,0.021355807582077842
country_cap_20,0,TCFP.PA,0.010042521354751055
country_cap_20,0,TPRO.MI,0.01000018047292326
country_cap_20,0,VATN.S,0.010008616248580801
country_cap_20,0,VIS.MC,0.022504560403771523
country_cap_20,0,VOPA.AS,0.01000246151056305
country_cap_20,0,VZ.N,0.04906418676425756
country_cap_20,0,WMT.OQ,0.04555860743985053
country_cap_20,1,AD.AS,0.035616880280959023
country_cap_20,1,ALLN.S,0.04606794546380709
country_cap_20,1,BCVN.S,0.02819560560065023
country_cap_20,1,BFT.WA,0.01053954590177457
country_cap_20,1,BMY.N,0.013276383849624575
country_cap_20,1,CBOE.Z,0.025122790496674312
country_cap_20,1,CHD.N,0.01175139205874685
country_cap_20,1,CHRW.OQ,0.024984861513883048
country_cap_20,1,CLX.N,0.041730131014172424
country_cap_20,1,CMG.N,0.010124477968257684
country_cap_20,1,COST.OQ,0.021890352599111863
country_cap_20,1,CPB.OQ,0.023370238729107966
country_cap_20,1,DPZ.OQ,0.019330347469723334
country_cap_20,1,GALE.S,0.039402861803495365
country_cap_20,1,GILD.OQ,0.018683376253937643
country_cap_20,1,GIS.N,0.01831563302665234
country_cap_20,1,GTT.PA,0.010293728106618688
country_cap_20,1,HLN.L,0.03410880644594233
country_cap_20,1,HLT.N,0.01649821489248522
country_cap_20,1,JNJ.N,0.043360766066634825
country_cap_20,1,KR.N,0.0422262652546181
country_cap_20,1,LMT.N,0.011128422602890303
country_cap_20,1,LOTB.BR,0.025991171696618576
country_cap_20,1,MOBN.S,0.07283807226888896
country_cap_20,1,MRK.N,0.011202456547513352
country_cap_20,1,NEM.N,0.025272736459501913
country_cap_20,1,NOC.N,0.013874236847929234
country_cap_20,1,NOVOb.CO,0.010037668697225194
country_cap_20,1,ORNBV.HE,0.018210584785913923
country_cap_20,1,PGR.N,0.010165990812014726
country_cap_20,1,PLUSP.L,0.01106024800684296
country_cap_20,1,PSPN.S,0.013495305146600235
country_cap_20,1,QIA.DE,0.03171978765631268
country_cap_20,1,QQ.L,0.011774985667028056
country_cap_20,1,RILBA.CO,0.010261516359665733
country_cap_20,1,SBNOR.OL,0.026557670011099762
country_cap_20,1,SJM.N,0.02054577948266783
country_cap_20,1,TCFP.PA,0.01054881047941046
country_cap_20,1,TPRO.MI,0.01002621229530593
country_cap_20,1,VIS.MC,0.019452930309443384
country_cap_20,1,VZ.N,0.04238329464146899
country_cap_20,1,WMT.OQ,0.05856151442878034
country_cap_20,2,AD.AS,0.03977668167708827
country_cap_20,2,ALLN.S,0.04127011392303622
country_cap_20,2,AMZN.OQ,0.010000078707214805
country_cap_20,2,BCVN.S,0.026944234718590903
country_cap_20,2,BFT.WA,0.010293789893346672
country_cap_20,2,BMY.N,0.010002495210394908
country_cap_20,2,CBOE.Z,0.026655380176062237
country_cap_20,2,CHD.N,0.011341694669054256
country_cap_20,2,CHRW.OQ,0.023592113593353694
country_cap_20,2,CLX.N,0.035464406430114274
country_cap_20,2,COST.OQ,0.029876457535788423
country_cap_20,2,CPB.OQ,0.01649357072017226
country_cap_20,2,DPZ.OQ,0.01844258881045377
country_cap_20,2,GALE.S,0.04674025294722862
country_cap_20,2,GILD.OQ,0.01490633661771404
country_cap_20,2,GIS.N,0.011023409675152132
country_cap_20,2,GTT.PA,0.010061432492570922
country_cap_20,2,HLN.L,0.03541245957020596
country_cap_20,2,HLT.N,0.015478941809640682
country_cap_20,2,JNJ.N,0.04440000368641326
country_cap_20,2,KR.N,0.0420975346737711
country_cap_20,2,LLY.N,0.010075184418729446
country_cap_20,2,LMT.N,0.010025212880058677
country_cap_20,2,LOTB.BR,0.030113676725638784
country_cap_20,2,MOBN.S,0.07440572670740689
country_cap_20,2,MRK.N,0.011530587698331303
country_cap_20,2,NEM.N,0.027555261240082844
country_cap_20,2,NOC.N,0.013861085869307887
country_cap_20,2,ORNBV.HE,0.019490698316741082
country_cap_20,2,PGR.N,0.014359501514211614
country_cap_20,2,PLUSP.L,0.013149785161048507
country_cap_20,2,PSPN.S,0.010639646716200692
country_cap_20,2,QIA.DE,0.028963925840961018
country_cap_20,2,QQ.L,0.010050821102966947
country_cap_20,2,RILBA.CO,0.01249316560350737
country_cap_20,2,SBNOR.OL,0.031912011546684146
country_cap_20,2,SJM.N,0.015336109216466708
country_cap_20,2,TCFP.PA,0.010072008580627905
country_cap_20,2,TPRO.MI,0.010000130322243485
country_cap_20,2,VIS.MC,0.013725882137020784
country_cap_20,2,VZ.N,0.033016649606815364
country_cap_20,2,WM.N,0.010472591964632466
country_cap_20,2,WMT.OQ,0.0684763592929489
country_cap_20,3,AD.AS,0.04152652969234029
country_cap_20,3,ALLN.S,0.03726635349419591
country_cap_20,3,ARGX.BR,0.010000140706230485
country_cap_20,3,BCVN.S,0.02502655631285346
country_cap_20,3,BFT.WA,0.010507702748269461
country_cap_20,3,CBOE.Z,0.027202574098923602
country_cap_20,3,CHD.N,0.01197476046020115
country_cap_20,3,CHRW.OQ,0.025181502516963578
country_cap_20,3,CLX.N,0.030939822957206244
country_cap_20,3,COST.OQ,0.04089242058871397
country_cap_20,3,CPB.OQ,0.010898554312466564
country_cap_20,3,DPZ.OQ,0.019253895988405104
country_cap_20,3,GALE.S,0.05166041137335227
country_cap_20,3,GILD.OQ,0.01394011746849296
country_cap_20,3,GTT.PA,0.010264308600629431
country_cap_20,3,HLN.L,0.03453964359302033
country_cap_20,3,HLT.N,0.018216941997358346
country_cap_20,3,JNJ.N,0.04786095563768204
country_cap_20,3,KR.N,0.041736927919240725
country_cap_20,3,LLY.N,0.01568519313879973
country_cap_20,3,LOTB.BR,0.03206345830881277
country_cap_20,3,MOBN.S,0.07598662332275516
country_cap_20,3,MRK.N,0.01314217747523032
country_cap_20,3,NEM.N,0.029901702520223075
country_cap_20,3,NOC.N,0.014504387939633444
country_cap_20,3,ORNBV.HE,0.019203970655080203
country_cap_20,3,PGR.N,0.02245636242340822
country_cap_20,3,PLUSP.L,0.015019824652982369
country_cap_20,3,PSPN.S,0.010060006122074808
country_cap_20,3,QIA.DE,0.02645326707513871
country_cap_20,3,QQ.L,0.010005613250695617
country_cap_20,3,RILBA.CO,0.0153473255801906
country_cap_20,3,SBNOR.OL,0.034986770566962935
country_cap_20,3,SJM.N,0.011619456936958279
country_cap_20,3,TCFP.PA,0.010026271902704496
country_cap_20,3,VIS.MC,0.010489592373962601
country_cap_20,3,VZ.N,0.026130362003037002
country_cap_20,3,WM.N,0.01967967064202755
country_cap_20,3,WMT.OQ,0.07834784264277624
country_cap_20,4,ABBV.N,0.010006534822512148
country_cap_20,4,AD.AS,0.04215352882201434
country_cap_20,4,ALLN.S,0.03574356788214777
country_cap_20,4,ARGX.BR,0.010000271619755634
country_cap_20,4,AXFO.ST,0.010002285843339679
country_cap_20,4,BCVN.S,0.022725032639019867
country_cap_20,4,BFT.WA,0.01024450499593306
country_cap_20,4,BKWB.S,0.010379442641361918
country_cap_20,4,CBOE.Z,0.02634513851408897
country_cap_20,4,CHD.N,0.010560206496210494
country_cap_20,4,CHRW.OQ,0.024475629498982358
country_cap_20,4,CLX.N,0.024293010656459307
country_cap_20,4,COST.OQ,0.044980289708346444
country_cap_20,4,DPZ.OQ,0.018437782281477615
country_cap_20,4,GALE.S,0.054875457995193375
country_cap_20,4,GILD.OQ,0.01013041399651328
country_cap_20,4,GTT.PA,0.010334975168274002
country_cap_20,4,HLN.L,0.033879689571245424
country_cap_20,4,HLT.N,0.016600955209909583
country_cap_20,4,JNJ.N,0.04290295536405318
country_cap_20,4,KR.N,0.040797111787893185
country_cap_20,4,LLY.N,0.018822955304000702
country_cap_20,4,LOTB.BR,0.032964882163689715
country_cap_20,4,LTMC.MI,0.010006540693044864
country_cap_20,4,MOBN.S,0.07627645750901985
country_cap_20,4,MRK.N,0.010638664799521334
country_cap_20,4,NEM.N,0.030778847258419274
country_cap_20,4,NOC.N,0.014098476782107471
country_cap_20,4,ORNBV.HE,0.01815822257917211
country_cap_20,4,PGR.N,0.026729487377676935
country_cap_20,4,PLUSP.L,0.016953659876090786
country_cap_20,4,QIA.DE,0.020860061036135396
country_cap_20,4,RILBA.CO,0.01659254661741307
country_cap_20,4,RSG.N,0.014192306415310623
country_cap_20,4,SBNOR.OL,0.0386986732698911
country_cap_20,4,SJM.N,0.0101123387929255
country_cap_20,4,UCB.BR,0.01000036442235068
country_cap_20,4,VZ.N,0.017856756465561296
country_cap_20,4,WM.N,0.022253817394484173
country_cap_20,4,WMT.OQ,0.08413615572845361
country_cap_20,5,ABBV.N,0.011015832282042568
country_cap_20,5,AD.AS,0.04671335856018068
country_cap_20,5,ALLN.S,0.024729415809872674
country_cap_20,5,ARGX.BR,0.01047778639554833
country_cap_20,5,BCVN.S,0.019349101718335846
country_cap_20,5,BFT.WA,0.01070275052568319
country_cap_20,5,BKWB.S,0.016478867946548733
country_cap_20,5,CBOE.Z,0.025201027046940085
country_cap_20,5,CHD.N,0.010134479567476507
country_cap_20,5,CHRW.OQ,0.022246364921567643
country_cap_20,5,CLX.N,0.01624501520127798
country_cap_20,5,COST.OQ,0.05426384831024849
country_cap_20,5,DPZ.OQ,0.016781562897719232
country_cap_20,5,GALE.S,0.06063638290032902
country_cap_20,5,GTT.PA,0.010637971616532913
country_cap_20,5,HLN.L,0.03312970182514063
country_cap_20,5,HLT.N,0.014953145117986249
country_cap_20,5,JNJ.N,0.04409169557256192
country_cap_20,5,KR.N,0.040402138397542225
country_cap_20,5,LLY.N,0.025985934749602133
country_cap_20,5,LOTB.BR,0.036921651419781744
country_cap_20,5,LTMC.MI,0.012560126103216456
country_cap_20,5,MOBN.S,0.07880614444244415
country_cap_20,5,MRK.N,0.01112229411578762
country_cap_20,5,NEM.N,0.03342470188788637
country_cap_20,5,NOC.N,0.01217998194956416
country_cap_20,5,ORNBV.HE,0.01949710689202999
country_cap_20,5,PGR.N,0.03422180578778392
country_cap_20,5,PLUSP.L,0.018699949214209293
country_cap_20,5,QIA.DE,0.018609828257931213
country_cap_20,5,RILBA.CO,0.0195918412715124
country_cap_20,5,RSG.N,0.02429004016635577
country_cap_20,5,SBNOR.OL,0.04170162400591935
country_cap_20,5,WM.N,0.028877449882240308
country_cap_20,5,WMT.OQ,0.09531907324020028
country_cap_20,6,ABBV.N,0.013512922294798186
country_cap_20,6,AD.AS,0.04341080098207489
country_cap_20,6,ALLN.S,0.011550055249706861
country_cap_20,6,ARGX.BR,0.013019308153921052
country_cap_20,6,AXFO.ST,0.010000188054759655
country_cap_20,6,BCVN.S,0.01472690281781477
country_cap_20,6,BFT.WA,0.01015043195490979
country_cap_20,6,BKWB.S,0.02552017340213937
country_cap_20,6,CBOE.Z,0.023146624512930623
country_cap_20,6,CHRW.OQ,0.01748607097242606
country_cap_20,6,COST.OQ,0.06464363544760944
country_cap_20,6,DPZ.OQ,0.014392901094408496
country_cap_20,6,GALE.S,0.0682254022563665
country_cap_20,6,GTT.PA,0.010008113477804635
country_cap_20,6,HLN.L,0.025822799756281923
country_cap_20,6,HLT.N,0.01166523162885538
country_cap_20,6,JNJ.N,0.034421855497479684
country_cap_20,6,KR.N,0.03738747874828629
country_cap_20,6,LLY.N,0.03272605181563151
country_cap_20,6,LOTB.BR,0.038152086800419184
country_cap_20,6,LTMC.MI,0.015666159199975195
country_cap_20,6,MOBN.S,0.0799774538500774
country_cap_20,6,NEM.N,0.034983602690853086
country_cap_20,6,NOC.N,0.010008361136378596
country_cap_20,6,ORNBV.HE,0.016312462170851177
country_cap_20,6,PGR.N,0.04169515284954758
country_cap_20,6,PLUSP.L,0.01985669401689946
country_cap_20,6,QIA.DE,0.01074059610040096
country_cap_20,6,RILBA.CO,0.016829811899843953
country_cap_20,6,RSG.N,0.03327359795842181
country_cap_20,6,SBNOR.OL,0.04109356124717273
country_cap_20,6,TKO.N,0.010000227821812372
country_cap_20,6,WM.N,0.03318751593209399
country_cap_20,6,WMT.OQ,0.10640574287455
country_cap_20,6,ZEG.L,0.010000025332497428
country_cap_20,7,ABBV.N,0.016024528009546696
country_cap_20,7,ACLN.S,0.010009299113078234
country_cap_20,7,AD.AS,0.041165005556624404
country_cap_20,7,ARGX.BR,0.017556015965339986
country_cap_20,7,BFT.WA,0.010455325704659579
country_cap_20,7,BKWB.S,0.030101781710874832
country_cap_20,7,CBOE.Z,0.019596730254486786
country_cap_20,7,CHRW.OQ,0.010146569715294332
country_cap_20,7,COST.OQ,0.07176222868883572
country_cap_20,7,DPZ.OQ,0.010393349946127424
country_cap_20,7,GALD.S,0.010006163314736522
country_cap_20,7,GALE.S,0.0698752427457265
country_cap_20,7,GAW.L,0.010011352417478931
country_cap_20,7,GTT.PA,0.010114586537818741
country_cap_20,7,HLN.L,0.018213878912700418
country_cap_20,7,HLT.N,0.011214495984137138
country_cap_20,7,JNJ.N,0.026407403621473903
country_cap_20,7,KR.N,0.03199386648063449
country_cap_20,7,LLY.N,0.03948718088047278
country_cap_20,7,LOTB.BR,0.0388914959421374
country_cap_20,7,LTMC.MI,0.02162030880954054
country_cap_20,7,MOBN.S,0.08000734287355922
country_cap_20,7,NEM.N,0.038578329193608506
country_cap_20,7,ORNBV.HE,0.015526808313533333
country_cap_20,7,PGR.N,0.050466882746705306
country_cap_20,7,PLUSP.L,0.021727120538599924
country_cap_20,7,RILBA.CO,0.011166426510854185
country_cap_20,7,RSG.N,0.04379719594994347
country_cap_20,7,SBNOR.OL,0.038516825518759464
country_cap_20,7,TKO.N,0.010028694768646991
country_cap_20,7,WM.N,0.038913658854582325
country_cap_20,7,WMT.OQ,0.1161866669769075
country_cap_20,7,ZEG.L,0.010037237442574664
country_cap_20,8,ABBV.N,0.01746498389463934
country_cap_20,8,ACLN.S,0.011976891799258984
country_cap_20,8,AD.AS,0.02856263653698407
country_cap_20,8,APH.N,0.010305133087211718
country_cap_20,8,ARGX.BR,0.022133882403152585
country_cap_20,8,BFT.WA,0.010031199171647607
country_cap_20,8,BKWB.S,0.035239325321781
country_cap_20,8,CBOE.Z,0.012791353092193283
country_cap_20,8,COST.OQ,0.08186557411130577
country_cap_20,8,GALD.S,0.010002912147205304
country_cap_20,8,GALE.S,0.06840843435493622
country_cap_20,8,GAW.L,0.011723154170360142
country_cap_20,8,GTT.PA,0.010000705651761333
country_cap_20,8,HLN.L,0.010000825594172166
country_cap_20,8,HLT.N,0.010062361940753472
country_cap_20,8,IBE.MC,0.0178860285546831
country_cap_20,8,KR.N,0.023105229068448287
country_cap_20,8,LLY.N,0.048756551976354465
country_cap_20,8,LOTB.BR,0.03745266802944825
country_cap_20,8,LTMC.MI,0.02630074449448932
country_cap_20,8,MOBN.S,0.06435438330271159
country_cap_20,8,NEM.N,0.03984501665316422
country_cap_20,8,ORNBV.HE,0.010098602756469429
country_cap_20,8,PGR.N,0.061116936686713204
country_cap_20,8,PLUSP.L,0.023548746125146985
country_cap_20,8,RILBA.CO,0.010002251625062361
country_cap_20,8,RSG.N,0.05136609549749766
country_cap_20,8,SBNOR.OL,0.036221367671656464
country_cap_20,8,SDZ.S,0.010018016167467001
country_cap_20,8,TKO.N,0.010003526742221292
country_cap_20,8,WM.N,0.03966208194977908
country_cap_20,8,WMT.OQ,0.12901372196079464
country_cap_20,8,ZEG.L,0.010678657460529617
country_cap_20,9,ABBV.N,0.01149472257363319
country_cap_20,9,ACLN.S,0.025156233118449153
country_cap_20,9,AD.AS,0.011092690933155458
country_cap_20,9,APH.N,0.010768889842335929
country_cap_20,9,ARGX.BR,0.029430183218287668
country_cap_20,9,BFT.WA,0.010001047965102929
country_cap_20,9,BKWB.S,0.04287053642586395
country_cap_20,9,CBOE.Z,0.010000149010127284
country_cap_20,9,COST.OQ,0.09377510233549044
country_cap_20,9,GALD.S,0.010038114624867445
country_cap_20,9,GALE.S,0.06373493242164924
country_cap_20,9,GAW.L,0.0184889654068437
country_cap_20,9,HLT.N,0.010000417997199293
country_cap_20,9,IBE.MC,0.0402150076448377
country_cap_20,9,KR.N,0.010012377998830943
country_cap_20,9,LLY.N,0.05708421917714886
country_cap_20,9,LOTB.BR,0.03687489278427168
country_cap_20,9,LTMC.MI,0.032225150017482794
country_cap_20,9,MOBN.S,0.043250003164417836
country_cap_20,9,NEM.N,0.039869379616222014
country_cap_20,9,PGR.N,0.06970818313647456
country_cap_20,9,PLUSP.L,0.02511660011487293
country_cap_20,9,PWR.N,0.010000306874542309
country_cap_20,9,RSG.N,0.04847986673912691
country_cap_20,9,SBNOR.OL,0.029009136111925658
country_cap_20,9,SDZ.S,0.014950165640023421
country_cap_20,9,TKO.N,0.010000128529483213
country_cap_20,9,WM.N,0.028017699038930935
country_cap_20,9,WMT.OQ,0.14473457337251044
country_cap_20,9,ZEG.L,0.013600324165892286
country_cap_20,10,ABBV.N,0.010025034983285755
country_cap_20,10,ACLN.S,0.04473144825501285
country_cap_20,10,APH.N,0.02313815414699683
country_cap_20,10,ARGX.BR,0.03804794950831353
country_cap_20,10,BEAN.S,0.010002207349426235
country_cap_20,10,BFT.WA,0.01000303448224734
country_cap_20,10,BKWB.S,0.05130787827885867
country_cap_20,10,COST.OQ,0.09478104805627276
country_cap_20,10,GALD.S,0.010537919405569522
country_cap_20,10,GALE.S,0.046940687001391
country_cap_20,10,GAW.L,0.02306421942011926
country_cap_20,10,HLT.N,0.010006955330809177
country_cap_20,10,IBE.MC,0.05955747733061929
country_cap_20,10,KOG.OL,0.010002091259870267
country_cap_20,10,LLY.N,0.06875510661780303
country_cap_20,10,LOTB.BR,0.014945117277943887
country_cap_20,10,LTMC.MI,0.029504150109596883
country_cap_20,10,MOBN.S,0.01077202717297794
country_cap_20,10,MSFT.OQ,0.010033988759640788
country_cap_20,10,NEM.N,0.03849783552146642
country_cap_20,10,PGR.N,0.08272274063636789
country_cap_20,10,PLUSP.L,0.024184642598886943
country_cap_20,10,PWR.N,0.011457597684100781
country_cap_20,10,RSG.N,0.04188613304288317
country_cap_20,10,SBNOR.OL,0.01000638229442183
country_cap_20,10,SDZ.S,0.02570708811395357
country_cap_20,10,TKO.N,0.010001375230040925
country_cap_20,10,WM.N,0.010812957249451825
country_cap_20,10,WMT.OQ,0.15344858502835942
country_cap_20,10,ZEG.L,0.015118167853312162
country_cap_20,11,AAPL.OQ,0.01000081430041132
country_cap_20,11,ABBN.S,0.01000187718315457
country_cap_20,11,ACLN.S,0.07648963804532218
country_cap_20,11,APH.N,0.033637789626227904
country_cap_20,11,ARGX.BR,0.055627021705889894
country_cap_20,11,AVGO.OQ,0.010002171506239244
country_cap_20,11,BEAN.S,0.01000090814313394
country_cap_20,11,BKWB.S,0.04217449277666757
country_cap_20,11,CDNS.OQ,0.010002851499222079
country_cap_20,11,COST.OQ,0.07528619371267445
country_cap_20,11,GALD.S,0.01002021537511416
country_cap_20,11,GALE.S,0.010004897294415874
country_cap_20,11,GAW.L,0.037551234028616834
country_cap_20,11,IBE.MC,0.058502205549006855
country_cap_20,11,KOG.OL,0.01000012995900386
country_cap_20,11,LLY.N,0.09283860268952782
country_cap_20,11,LOTB.BR,0.010000108364160968
country_cap_20,11,LTMC.MI,0.02081906786577351
country_cap_20,11,MSFT.OQ,0.013490954649172923
country_cap_20,11,NEM.N,0.025289496200249593
country_cap_20,11,PGR.N,0.09707851984952827
country_cap_20,11,PLUSP.L,0.020019285322741765
country_cap_20,11,PWR.N,0.025638234513457488
country_cap_20,11,RSG.N,0.010020993815240993
country_cap_20,11,SDZ.S,0.031052635855969707
country_cap_20,11,TT.N,0.010000224121188563
country_cap_20,11,WM.N,0.010000476897356187
country_cap_20,11,WMT.OQ,0.14797936898553682
country_cap_20,11,ZEG.L,0.01646610514187212
country_cap_20,11,ZURN.S,0.010003485023122321
country_cap_20,12,AAPL.OQ,0.0100000082388807
country_cap_20,12,ABBN.S,0.010000005057501664
country_cap_20,12,ACLN.S,0.10439078275866744
country_cap_20,12,APH.N,0.05152959519877498
country_cap_20,12,ARGX.BR,0.08758813730996245
country_cap_20,12,AVGO.OQ,0.010000013014471768
country_cap_20,12,BKWB.S,0.010000039773955492
country_cap_20,12,CDNS.OQ,0.010000016681483443
country_cap_20,12,COST.OQ,0.010755432464167769
country_cap_20,12,GALD.S,0.01000000590286114
country_cap_20,12,GAW.L,0.05008636064877083
country_cap_20,12,GOOG.OQ,0.01000000427050805
country_cap_20,12,IBE.MC,0.04554643590065821
country_cap_20,12,KOG.OL,0.010000004118020572
country_cap_20,12,LLY.N,0.12296263788556924
country_cap_20,12,LTMC.MI,0.010000031865695282
country_cap_20,12,MSFT.OQ,0.05016556973157774
country_cap_20,12,NEM.N,0.010000623683246841
country_cap_20,12,NVDA.OQ,0.014587670503838234
country_cap_20,12,PGR.N,0.0970860847949086
country_cap_20,12,PLUSP.L,0.010000184928021103
country_cap_20,12,PWR.N,0.06041710545392374
country_cap_20,12,RSG.N,0.010000015098546231
country_cap_20,12,SDZ.S,0.01786871739542777
country_cap_20,12,SQN.S,0.010000006568462184
country_cap_20,12,TT.N,0.010000008302041926
country_cap_20,12,WM.N,0.010000005268329696
country_cap_20,12,WMT.OQ,0.11198035624589052
country_cap_20,12,ZEG.L,0.015034135546785605
country_cap_20,12,ZURN.S,0.010000005389050722
country_cap_20,13,AAPL.OQ,0.010000051307614471
country_cap_20,13,ABBN.S,0.010000021687579826
country_cap_20,13,ACLN.S,0.10668647909008662
country_cap_20,13,APH.N,0.04173846582906699
country_cap_20,13,ARGX.BR,0.1335760161883284
country_cap_20,13,AVGO.OQ,0.010000095475611774
country_cap_20,13,BKWB.S,0.010000022083981675
country_cap_20,13,CDNS.OQ,0.010000351937012887
country_cap_20,13,COST.OQ,0.010000093675586434
country_cap_20,13,GALD.S,0.010000016627317419
country_cap_20,13,GAW.L,0.043358161520475155
country_cap_20,13,GOOG.OQ,0.010000013470192113
country_cap_20,13,IBE.MC,0.010000204175898957
country_cap_20,13,IETB.BR,0.0100000123397171
country_cap_20,13,KOG.OL,0.01000001364504521
country_cap_20,13,LLY.N,0.14635166258028418
country_cap_20,13,LTMC.MI,0.010000031577964447
country_cap_20,13,MSFT.OQ,0.07144181941031687
country_cap_20,13,NEM.N,0.010000102951759066
country_cap_20,13,NVDA.OQ,0.07578248067882254
country_cap_20,13,PGR.N,0.04580944897604904
country_cap_20,13,PLUSP.L,0.01000003129492146
country_cap_20,13,PWR.N,0.12524961364251386
country_cap_20,13,RSG.N,0.010000031132248566
country_cap_20,13,SDZ.S,0.010000127081469034
country_cap_20,13,SQN.S,0.010000025412449261
country_cap_20,13,TT.N,0.010000038609129996
country_cap_20,13,WMT.OQ,0.010004101489291853
country_cap_20,13,ZEG.L,0.010000442231705868
country_cap_20,13,ZURN.S,0.010000023877558897
country_cap_20,14,AAPL.OQ,0.010000000060582034
country_cap_20,14,ABBN.S,0.010000000279638517
country_cap_20,14,ACLN.S,0.016612738119417783
country_cap_20,14,APH.N,0.010000000152812884
country_cap_20,14,ARGX.BR,0.2000000000194098
country_cap_20,14,ASMI.AS,0.010000000072792569
country_cap_20,14,AVGO.OQ,0.029999992457921898
country_cap_20,14,CAT.N,0.010000000049246107
country_cap_20,14,CDNS.OQ,0.010000006354381391
country_cap_20,14,COST.OQ,0.010000000046968128
country_cap_20,14,CTAS.OQ,0.010000000048367156
country_cap_20,14,FIX.N,0.010000000113327759
country_cap_20,14,GAW.L,0.10338727785142796
country_cap_20,14,GOOG.OQ,0.010000000010278134
country_cap_20,14,GOOGL.OQ,0.010000000002547648
country_cap_20,14,IBE.MC,0.010000000611470687
country_cap_20,14,KLAC.OQ,0.010000000046367809
country_cap_20,14,KOG.OL,0.010000000040263222
country_cap_20,14,LLY.N,0.019999983955567936
country_cap_20,14,LRCX.OQ,0.010000000048681065
country_cap_20,14,LTMC.MI,0.010000000016084155
country_cap_20,14,MSFT.OQ,0.01000000083645784
country_cap_20,14,NVDA.OQ,0.2000000000843184
country_cap_20,14,PGR.N,0.010000000088160939
country_cap_20,14,PWR.N,0.19999999990381379
country_cap_20,14,SDZ.S,0.010000000185231206
country_cap_20,14,SQN.S,0.010000000501903295
country_cap_20,14,TT.N,0.010000000003968657
country_cap_20,14,WMT.OQ,0.010000000044418004
country_cap_20,14,ZEG.L,0.010000000160764402
country_cap_25,0,AD.AS,0.029003086984801727
country_cap_25,0,ALLN.S,0.054356628540824715
country_cap_25,0,BCVN.S,0.0378132241305305
country_cap_25,0,BFT.WA,0.01017383797351865
country_cap_25,0,BMY.N,0.017603843889730166
country_cap_25,0,CBOE.Z,0.021446833069852043
country_cap_25,0,CHD.N,0.010261567353498757
country_cap_25,0,CHRW.OQ,0.022835400968353105
country_cap_25,0,CLX.N,0.0446466609271737
country_cap_25,0,CMG.N,0.010322714587482492
country_cap_25,0,COST.OQ,0.014185277637099876
country_cap_25,0,CPB.OQ,0.026452594554888985
country_cap_25,0,DPZ.OQ,0.018296484624261478
country_cap_25,0,GALE.S,0.04174258719456026
country_cap_25,0,GILD.OQ,0.020788766729122107
country_cap_25,0,GIS.N,0.021612433045159907
country_cap_25,0,GTT.PA,0.010054628333408873
country_cap_25,0,HLN.L,0.028664881513986013
country_cap_25,0,HLT.N,0.015270521056231359
country_cap_25,0,HRL.N,0.01022415598058508
country_cap_25,0,JNJ.N,0.03863819925366707
country_cap_25,0,KR.N,0.04173292774228377
country_cap_25,0,LMT.N,0.010725376691761502
country_cap_25,0,LOTB.BR,0.020937721110836735
country_cap_25,0,MO.N,0.010176793859365207
country_cap_25,0,MOBN.S,0.07984385524459787
country_cap_25,0,MRK.N,0.010340122598859766
country_cap_25,0,NEM.N,0.021885345264109235
country_cap_25,0,NOC.N,0.011363234246930304
country_cap_25,0,NOVOb.CO,0.010028757182605288
country_cap_25,0,ORNBV.HE,0.015601638200670615
country_cap_25,0,PLUSP.L,0.010029123376213237
country_cap_25,0,PSPN.S,0.02044945777803689
country_cap_25,0,QIA.DE,0.03306011524421832
country_cap_25,0,QQ.L,0.012109809257051631
country_cap_25,0,SBNOR.OL,0.01764973606270694
country_cap_25,0,SJM.N,0.02175787944727701
country_cap_25,0,TCFP.PA,0.010093157161935927
country_cap_25,0,TPRO.MI,0.010022403961963631
country_cap_25,0,VATN.S,0.015794053128029874
country_cap_25,0,VIS.MC,0.0196277465668981
country_cap_25,0,VZ.N,0.04336804953330011
country_cap_25,0,WMT.OQ,0.049008367991611373
country_cap_25,1,AD.AS,0.03329156515774494
country_cap_25,1,ALLN.S,0.05350766532499182
country_cap_25,1,AMZN.OQ,0.010010104672203866
country_cap_25,1,BCVN.S,0.0367508059613477
country_cap_25,1,BFT.WA,0.010370771582131764
country_cap_25,1,BMY.N,0.011752775260132534
country_cap_25,1,CBOE.Z,0.023475765964501225
country_cap_25,1,CHD.N,0.011121463482949914
country_cap_25,1,CHRW.OQ,0.022559336258135148
country_cap_25,1,CLX.N,0.03879068784286334
country_cap_25,1,CMG.N,0.010017344014047786
country_cap_25,1,COST.OQ,0.022603034401163617
country_cap_25,1,CPB.OQ,0.02120681304966981
country_cap_25,1,DPZ.OQ,0.017122276761214576
country_cap_25,1,GALE.S,0.05037498154384117
country_cap_25,1,GILD.OQ,0.017583937864412955
country_cap_25,1,GIS.N,0.016324369003713982
country_cap_25,1,GTT.PA,0.010129080590305732
country_cap_25,1,HLN.L,0.030885538751680364
country_cap_25,1,HLT.N,0.011754166048667289
country_cap_25,1,JNJ.N,0.04202499850174549
country_cap_25,1,KR.N,0.041730189263772595
country_cap_25,1,LMT.N,0.010399597616326105
country_cap_25,1,LOTB.BR,0.025536272552517458
country_cap_25,1,MO.N,0.010085084733899123
country_cap_25,1,MOBN.S,0.07928379285317683
country_cap_25,1,MRK.N,0.011632164872399117
country_cap_25,1,NEM.N,0.024100598627163163
country_cap_25,1,NOC.N,0.013110547537071726
country_cap_25,1,ORNBV.HE,0.017222046063218727
country_cap_25,1,PGR.N,0.010265427099426948
country_cap_25,1,PLUSP.L,0.010556075128251956
country_cap_25,1,PSPN.S,0.017008542648104905
country_cap_25,1,QIA.DE,0.02907812263101547
country_cap_25,1,QQ.L,0.010454330207648205
country_cap_25,1,SBNOR.OL,0.02532914610554662
country_cap_25,1,SJM.N,0.01909149948221229
country_cap_25,1,TCFP.PA,0.010148485611105073
country_cap_25,1,TPRO.MI,0.01001384607920174
country_cap_25,1,VATN.S,0.013073960081157809
country_cap_25,1,VIS.MC,0.014400332258580938
country_cap_25,1,VZ.N,0.03560421359412636
country_cap_25,1,WMT.OQ,0.060218242916611806
country_cap_25,2,AD.AS,0.038888073348072656
country_cap_25,2,ALLN.S,0.047599167461041786
country_cap_25,2,AMZN.OQ,0.010000193429613374
country_cap_25,2,BCVN.S,0.03656290711705834
country_cap_25,2,BFT.WA,0.010143446045702343
country_cap_25,2,BMY.N,0.010007598747221083
country_cap_25,2,CBOE.Z,0.02521773043049428
country_cap_25,2,CHD.N,0.011188336012978865
country_cap_25,2,CHRW.OQ,0.021436612710495805
country_cap_25,2,CLX.N,0.033445100772152715
country_cap_25,2,COST.OQ,0.033702041869499696
country_cap_25,2,CPB.OQ,0.014789349007660945
country_cap_25,2,DPZ.OQ,0.01675100346927099
country_cap_25,2,GALE.S,0.0563696424336987
country_cap_25,2,GILD.OQ,0.01418893363446515
country_cap_25,2,GIS.N,0.010768643147315054
country_cap_25,2,GTT.PA,0.010132600922900808
country_cap_25,2,HLN.L,0.03128899771900103
country_cap_25,2,HLT.N,0.01698613614797265
country_cap_25,2,JNJ.N,0.04263240664740429
country_cap_25,2,KR.N,0.041870004433527425
country_cap_25,2,LLY.N,0.010744739516095751
country_cap_25,2,LMT.N,0.01004531450781053
country_cap_25,2,LOTB.BR,0.030300947108225708
country_cap_25,2,MOBN.S,0.08335616913464622
country_cap_25,2,MRK.N,0.011799518153536874
country_cap_25,2,NEM.N,0.02608517430204308
country_cap_25,2,NOC.N,0.013452873366327184
country_cap_25,2,ORNBV.HE,0.017962768804901448
country_cap_25,2,PGR.N,0.014450847882209945
country_cap_25,2,PLUSP.L,0.01244312382837624
country_cap_25,2,PSPN.S,0.01601852523303394
country_cap_25,2,QIA.DE,0.026789570822722455
country_cap_25,2,QQ.L,0.010064183448178665
country_cap_25,2,RILBA.CO,0.010450506091938466
country_cap_25,2,SBNOR.OL,0.03000226254722321
country_cap_25,2,SJM.N,0.014457467762959891
country_cap_25,2,VATN.S,0.010093526870709978
country_cap_25,2,VIS.MC,0.010455179708041374
country_cap_25,2,VZ.N,0.026196490410269505
country_cap_25,2,WM.N,0.010272120396731895
country_cap_25,2,WMT.OQ,0.07058976459646968
country_cap_25,3,AD.AS,0.04120404465229731
country_cap_25,3,ALLN.S,0.04691356263516337
country_cap_25,3,ARGX.BR,0.010013629402999222
country_cap_25,3,BCVN.S,0.03592114019892417
country_cap_25,3,BFT.WA,0.010687171558767392
country_cap_25,3,BKWB.S,0.010478701151919166
country_cap_25,3,CBOE.Z,0.026146974974442388
country_cap_25,3,CHD.N,0.012240417518948095
country_cap_25,3,CHRW.OQ,0.023673283468650493
country_cap_25,3,CLX.N,0.029932664659666694
country_cap_25,3,COST.OQ,0.04072751247038576
country_cap_25,3,CPB.OQ,0.011655397712170588
country_cap_25,3,DPZ.OQ,0.01764306463249433
country_cap_25,3,GALE.S,0.0586300925341489
country_cap_25,3,GILD.OQ,0.01407715838496896
country_cap_25,3,GTT.PA,0.011091984033691575
country_cap_25,3,HLN.L,0.032158896115048886
country_cap_25,3,HLT.N,0.019967035989439625
country_cap_25,3,JNJ.N,0.04648835415847594
country_cap_25,3,KR.N,0.04200871701910221
country_cap_25,3,LLY.N,0.015260086049304684
country_cap_25,3,LOTB.BR,0.031261735877176844
country_cap_25,3,MOBN.S,0.0841163740045553
country_cap_25,3,MRK.N,0.013488101091007
country_cap_25,3,NEM.N,0.027267336284207303
country_cap_25,3,NOC.N,0.016313757687552534
country_cap_25,3,ORNBV.HE,0.017751389230700923
country_cap_25,3,PGR.N,0.021394031136333123
country_cap_25,3,PLUSP.L,0.014603921524419491
country_cap_25,3,PSPN.S,0.013939897581063142
country_cap_25,3,QIA.DE,0.024125106194529886
country_cap_25,3,RILBA.CO,0.013050947113316011
country_cap_25,3,SBNOR.OL,0.03401827525647425
country_cap_25,3,SJM.N,0.013312511137438799
country_cap_25,3,VZ.N,0.023837211526226955
country_cap_25,3,WM.N,0.016945576170707924
country_cap_25,3,WMT.OQ,0.07765393886328073
country_cap_25,4,ABBV.N,0.010024493346886208
country_cap_25,4,AD.AS,0.04250720997161218
country_cap_25,4,ALLN.S,0.0415055385327384
country_cap_25,4,ARGX.BR,0.0100002886451575
country_cap_25,4,BCVN.S,0.03286304975958493
country_cap_25,4,BFT.WA,0.010189376363020178
country_cap_25,4,BKWB.S,0.015302849528039016
country_cap_25,4,CBOE.Z,0.024269429844241238
country_cap_25,4,CHD.N,0.011094615896352208
country_cap_25,4,CHRW.OQ,0.021770979020894792
country_cap_25,4,CLX.N,0.02368319252769098
country_cap_25,4,COST.OQ,0.04952548235092377
country_cap_25,4,DPZ.OQ,0.015974615765856154
country_cap_25,4,GALE.S,0.06434803174286945
country_cap_25,4,GILD.OQ,0.010121450829524925
country_cap_25,4,GTT.PA,0.010118398496674072
country_cap_25,4,HLN.L,0.028721497448884668
country_cap_25,4,HLT.N,0.015805404159774165
country_cap_25,4,JNJ.N,0.041266903551221173
country_cap_25,4,KR.N,0.04159466546532092
country_cap_25,4,LLY.N,0.020231253187970994
country_cap_25,4,LOTB.BR,0.03333381893781376
country_cap_25,4,LTMC.MI,0.010004069398076593
country_cap_25,4,MOBN.S,0.08549895589177077
country_cap_25,4,MRK.N,0.01070851782163587
country_cap_25,4,NEM.N,0.029186496111825336
country_cap_25,4,NOC.N,0.012974866607546293
country_cap_25,4,ORNBV.HE,0.016238183607218685
country_cap_25,4,PGR.N,0.02701239642714683
country_cap_25,4,PLUSP.L,0.01587148136395455
country_cap_25,4,PSPN.S,0.010481484503224826
country_cap_25,4,QIA.DE,0.01808884808071121
country_cap_25,4,RILBA.CO,0.012980442986712599
country_cap_25,4,RSG.N,0.011634697700220542
country_cap_25,4,SBNOR.OL,0.035670281929389036
country_cap_25,4,SJM.N,0.01018272660158356
country_cap_25,4,VZ.N,0.011076460111144585
country_cap_25,4,WM.N,0.020059764222498937
country_cap_25,4,WMT.OQ,0.08807778126228799
country_cap_25,5,ABBV.N,0.011002742435927975
country_cap_25,5,AD.AS,0.04337448590188789
country_cap_25,5,ALLN.S,0.032903144593230474
country_cap_25,5,ARGX.BR,0.010125333342072837
country_cap_25,5,BCVN.S,0.028601447128454683
country_cap_25,5,BFT.WA,0.010271773344340271
country_cap_25,5,BKWB.S,0.022275530281082492
country_cap_25,5,CBOE.Z,0.023387135744635353
country_cap_25,5,CHD.N,0.010203392743334306
country_cap_25,5,CHRW.OQ,0.02028401528319919
country_cap_25,5,CLX.N,0.01482579035183517
country_cap_25,5,COST.OQ,0.057849399994351854
country_cap_25,5,DPZ.OQ,0.015049264243430865
country_cap_25,5,GALD.S,0.010000999743523746
country_cap_25,5,GALE.S,0.06891248907665777
country_cap_25,5,GTT.PA,0.010084503262760624
country_cap_25,5,HLN.L,0.026311133843234934
country_cap_25,5,HLT.N,0.014282083998981622
country_cap_25,5,JNJ.N,0.03916534640729285
country_cap_25,5,KR.N,0.04038538492152074
country_cap_25,5,LLY.N,0.026430937001241456
country_cap_25,5,LOTB.BR,0.035181470276706754
country_cap_25,5,LTMC.MI,0.010775925777732499
country_cap_25,5,MOBN.S,0.08730625592275056
country_cap_25,5,MRK.N,0.010495500674515035
country_cap_25,5,NEM.N,0.0316669448437116
country_cap_25,5,NOC.N,0.011059024070568906
country_cap_25,5,ORNBV.HE,0.015554897566583363
country_cap_25,5,PGR.N,0.03441285754566812
country_cap_25,5,PLUSP.L,0.017569089826394567
country_cap_25,5,QIA.DE,0.012571348662821303
country_cap_25,5,RILBA.CO,0.013836910918120782
country_cap_25,5,RSG.N,0.021694577550300756
country_cap_25,5,SBNOR.OL,0.037740272425426054
country_cap_25,5,WM.N,0.026229191010768878
country_cap_25,5,WMT.OQ,0.09817939928493352
country_cap_25,6,ABBV.N,0.012785074748366747
country_cap_25,6,AD.AS,0.0397852984163422
country_cap_25,6,ALLN.S,0.016279818808105237
country_cap_25,6,ARGX.BR,0.012693854219084172
country_cap_25,6,BCVN.S,0.023938805857290923
country_cap_25,6,BFT.WA,0.01004275746403291
country_cap_25,6,BKWB.S,0.03258607629368255
country_cap_25,6,CBOE.Z,0.020189193528457588
country_cap_25,6,CHD.N,0.010000060573346913
country_cap_25,6,CHRW.OQ,0.0138285797874973
country_cap_25,6,COST.OQ,0.06803566181465408
country_cap_25,6,DPZ.OQ,0.011336831587099281
country_cap_25,6,GALD.S,0.010001779011564873
country_cap_25,6,GALE.S,0.07703863037149332
country_cap_25,6,GTT.PA,0.01000076464836539
country_cap_25,6,HLN.L,0.017877404359356027
country_cap_25,6,HLT.N,0.01133306214821321
country_cap_25,6,JNJ.N,0.025918384789861307
country_cap_25,6,KR.N,0.03604884746669089
country_cap_25,6,LLY.N,0.03333390468645067
country_cap_25,6,LOTB.BR,0.03662724969077704
country_cap_25,6,LTMC.MI,0.014681775358242262
country_cap_25,6,MOBN.S,0.09015488093816243
country_cap_25,6,NEM.N,0.033501267573261016
country_cap_25,6,NOC.N,0.010000295166319461
country_cap_25,6,ORNBV.HE,0.01227169811494446
country_cap_25,6,PGR.N,0.04241430854074571
country_cap_25,6,PLUSP.L,0.019053116857594716
country_cap_25,6,QIA.DE,0.010001043084924005
country_cap_25,6,RILBA.CO,0.011503046529849615
country_cap_25,6,RSG.N,0.03006587596207589
country_cap_25,6,SBNOR.OL,0.03770007906538546
country_cap_25,6,TKO.N,0.010000273892078783
country_cap_25,6,WM.N,0.02946743835200919
country_cap_25,6,WMT.OQ,0.10950283581815491
country_cap_25,6,ZEG.L,0.010000024475519464
country_cap_25,7,ABBV.N,0.014578995456042187
country_cap_25,7,ACLN.S,0.010255306597002559
country_cap_25,7,AD.AS,0.037335478554698105
country_cap_25,7,APH.N,0.010000185562211172
country_cap_25,7,ARGX.BR,0.015066738780795607
country_cap_25,7,BCVN.S,0.014115507071360524
country_cap_25,7,BFT.WA,0.010001888108643641
country_cap_25,7,BKWB.S,0.038471117987179594
country_cap_25,7,CBOE.Z,0.017562033591463296
country_cap_25,7,CHRW.OQ,0.010003218015120687
country_cap_25,7,COST.OQ,0.07346839386991687
country_cap_25,7,DPZ.OQ,0.010003208486624537
country_cap_25,7,GALD.S,0.010008926343335047
country_cap_25,7,GALE.S,0.0803730670332519
country_cap_25,7,GAW.L,0.010000070501994007
country_cap_25,7,GTT.PA,0.010000126235746287
country_cap_25,7,HLN.L,0.011925755210309804
country_cap_25,7,HLT.N,0.010001546451464031
country_cap_25,7,JNJ.N,0.016280023913167272
country_cap_25,7,KR.N,0.03320518157160624
country_cap_25,7,LLY.N,0.03928078582543189
country_cap_25,7,LOTB.BR,0.03711667539371854
country_cap_25,7,LTMC.MI,0.017210101734269782
country_cap_25,7,MOBN.S,0.08677438634996103
country_cap_25,7,NEM.N,0.03458647700184738
country_cap_25,7,ORNBV.HE,0.010224025793704777
country_cap_25,7,PGR.N,0.04945432474631235
country_cap_25,7,PLUSP.L,0.020082746453813007
country_cap_25,7,RILBA.CO,0.010003463456062333
country_cap_25,7,RSG.N,0.0359343498437239
country_cap_25,7,SBNOR.OL,0.03623836027369396
country_cap_25,7,SDZ.S,0.010001677829348772
country_cap_25,7,TKO.N,0.010000164514471577
country_cap_25,7,WM.N,0.03156117585055051
country_cap_25,7,WMT.OQ,0.11887421590887363
country_cap_25,7,ZEG.L,0.010000299682283127
country_cap_25,8,ABBV.N,0.016937908222906993
country_cap_25,8,ACLN.S,0.02116386960071363
country_cap_25,8,AD.AS,0.02688450358716924
country_cap_25,8,APH.N,0.010055014831412514
country_cap_25,8,ARGX.BR,0.02100921981703019
country_cap_25,8,BFT.WA,0.010011521253154767
country_cap_25,8,BKWB.S,0.046395038114303275
country_cap_25,8,CBOE.Z,0.012825278782556841
country_cap_25,8,COST.OQ,0.0830193413269179
country_cap_25,8,GALD.S,0.01108909895299261
country_cap_25,8,GALE.S,0.08139235087818163
country_cap_25,8,GAW.L,0.011886349495798655
country_cap_25,8,HLT.N,0.010014698910098747
country_cap_25,8,IBE.MC,0.010208836816661302
country_cap_25,8,KR.N,0.02335412916557984
country_cap_25,8,LLY.N,0.04852567588624568
country_cap_25,8,LOTB.BR,0.037331776708954593
country_cap_25,8,LTMC.MI,0.02682420238479659
country_cap_25,8,MOBN.S,0.0780437594868405
country_cap_25,8,NEM.N,0.037125701329888745
country_cap_25,8,ORNBV.HE,0.010001453182986234
country_cap_25,8,PGR.N,0.06107504733735941
country_cap_25,8,PLUSP.L,0.023100261127203935
country_cap_25,8,RSG.N,0.04642572919019138
country_cap_25,8,SBNOR.OL,0.03986955414169954
country_cap_25,8,SDZ.S,0.011915814299836288
country_cap_25,8,TKO.N,0.010001860767199021
country_cap_25,8,WM.N,0.033744928537566464
country_cap_25,8,WMT.OQ,0.12940970784659364
country_cap_25,8,ZEG.L,0.010357368017159637
country_cap_25,9,ABBV.N,0.010033041074885552
country_cap_25,9,ACLN.S,0.03748493716311172
country_cap_25,9,AD.AS,0.010000241965926969
country_cap_25,9,APH.N,0.014016809436720422
country_cap_25,9,ARGX.BR,0.029334974302393298
country_cap_25,9,BFT.WA,0.010000085863105936
country_cap_25,9,BKWB.S,0.0542863654941651
country_cap_25,9,CBOE.Z,0.01000003080635935
country_cap_25,9,COST.OQ,0.09217490162109633
country_cap_25,9,GALD.S,0.012916802221203226
country_cap_25,9,GALE.S,0.07244358593979063
country_cap_25,9,GAW.L,0.01768880060513629
country_cap_25,9,HLT.N,0.010000127935869385
country_cap_25,9,IBE.MC,0.03038816126505028
country_cap_25,9,KR.N,0.010000117465063425
country_cap_25,9,LLY.N,0.05852491111038177
country_cap_25,9,LOTB.BR,0.027880599532482394
country_cap_25,9,LTMC.MI,0.02908429746942048
country_cap_25,9,MOBN.S,0.051353594634154856
country_cap_25,9,NEM.N,0.03689490274153758
country_cap_25,9,PGR.N,0.07136583205981213
country_cap_25,9,PLUSP.L,0.023601877498579577
country_cap_25,9,PWR.N,0.010000820399115462
country_cap_25,9,RSG.N,0.04372628543569806
country_cap_25,9,SBNOR.OL,0.019555794460554218
country_cap_25,9,SDZ.S,0.021514712156742496
country_cap_25,9,TKO.N,0.010000073474700546
country_cap_25,9,WM.N,0.01949721962021797
country_cap_25,9,WMT.OQ,0.14346416478470808
country_cap_25,9,ZEG.L,0.01276593146201626
country_cap_25,10,ABBV.N,0.010006472492947746
country_cap_25,10,ACLN.S,0.055404487980310155
country_cap_25,10,APH.N,0.02683258180463702
country_cap_25,10,ARGX.BR,0.03819271008481459
country_cap_25,10,BEAN.S,0.010003795275623489
country_cap_25,10,BKWB.S,0.06046724713929151
country_cap_25,10,COST.OQ,0.09103489824163336
country_cap_25,10,GALD.S,0.012255561991889503
country_cap_25,10,GALE.S,0.05494033865227646
country_cap_25,10,GAW.L,0.020581045881303498
country_cap_25,10,GOOG.OQ,0.010002563533958104
country_cap_25,10,IBE.MC,0.04924233766260808
country_cap_25,10,KOG.OL,0.010000615529379467
country_cap_25,10,LLY.N,0.06862326428725717
country_cap_25,10,LOTB.BR,0.010150627590373948
country_cap_25,10,LTMC.MI,0.023660587751514077
country_cap_25,10,MOBN.S,0.01414464418318653
country_cap_25,10,MSFT.OQ,0.010122724059872315
country_cap_25,10,NEM.N,0.03656551920406155
country_cap_25,10,PGR.N,0.08120577317509939
country_cap_25,10,PLUSP.L,0.021718070074953712
country_cap_25,10,PWR.N,0.013507207316630049
country_cap_25,10,RSG.N,0.03329380936859753
country_cap_25,10,SBNOR.OL,0.010000621297742195
country_cap_25,10,SDZ.S,0.032760742919236356
country_cap_25,10,TKO.N,0.010000492873759688
country_cap_25,10,WM.N,0.0101268449032757
country_cap_25,10,WMT.OQ,0.1512589254890137
country_cap_25,10,ZEG.L,0.013881103137510294
country_cap_25,10,ZURN.S,0.010014386097243179
country_cap_25,11,AAPL.OQ,0.01000001982578838
country_cap_25,11,ABBN.S,0.01000001290350971
country_cap_25,11,ACLN.S,0.0776054850894267
country_cap_25,11,APH.N,0.03212476656094212
country_cap_25,11,ARGX.BR,0.0549460188993532
country_cap_25,11,AVGO.OQ,0.01000002729570323
country_cap_25,11,BEAN.S,0.010000011443982817
country_cap_25,11,BKWB.S,0.04687721184429943
country_cap_25,11,CDNS.OQ,0.010000047353309432
country_cap_25,11,COST.OQ,0.07595380280710644
country_cap_25,11,GALD.S,0.010000162801809324
country_cap_25,11,GALE.S,0.010000041637148703
country_cap_25,11,GAW.L,0.034364347173565866
country_cap_25,11,IBE.MC,0.05873175161866427
country_cap_25,11,KOG.OL,0.010000005598243843
country_cap_25,11,LLY.N,0.09250250416877293
country_cap_25,11,LTMC.MI,0.018196162675362993
country_cap_25,11,MSFT.OQ,0.01319432249192451
country_cap_25,11,NEM.N,0.02571439173959721
country_cap_25,11,PGR.N,0.09636577031322352
country_cap_25,11,PLUSP.L,0.019193145278241758
country_cap_25,11,PWR.N,0.02479100866417106
country_cap_25,11,RSG.N,0.010000513244060576
country_cap_25,11,SDZ.S,0.033989496813050156
country_cap_25,11,SQN.S,0.010000009375951547
country_cap_25,11,TT.N,0.010000007222456886
country_cap_25,11,WM.N,0.010000010818626377
country_cap_25,11,WMT.OQ,0.1494289883496154
country_cap_25,11,ZEG.L,0.016019937510286304
country_cap_25,11,ZURN.S,0.010000018481805345
country_cap_25,12,AAPL.OQ,0.010000005496313916
country_cap_25,12,ABBN.S,0.010000003486969227
country_cap_25,12,ACLN.S,0.10478802920771416
country_cap_25,12,APH.N,0.05158670793835705
country_cap_25,12,ARGX.BR,0.08870378246622355
country_cap_25,12,AVGO.OQ,0.010000009196155235
country_cap_25,12,BKWB.S,0.010000019396978886
country_cap_25,12,CDNS.OQ,0.010000011713293636
country_cap_25,12,COST.OQ,0.010155798431764786
country_cap_25,12,GALD.S,0.010000003702664394
country_cap_25,12,GAW.L,0.05000635729385853
country_cap_25,12,GOOG.OQ,0.010000002849846307
country_cap_25,12,IBE.MC,0.04476157082845951
country_cap_25,12,KOG.OL,0.0100000027719527
country_cap_25,12,LLY.N,0.12351150061053369
country_cap_25,12,LTMC.MI,0.010000017127804298
country_cap_25,12,MSFT.OQ,0.05131674913685715
country_cap_25,12,NEM.N,0.010000297062493422
country_cap_25,12,NVDA.OQ,0.015512377324203633
country_cap_25,12,PGR.N,0.096320202512529
country_cap_25,12,PLUSP.L,0.010000072752983539
country_cap_25,12,PWR.N,0.061590903072741766
country_cap_25,12,RSG.N,0.010000008947677597
country_cap_25,12,SDZ.S,0.017132445891746076
country_cap_25,12,SQN.S,0.010000004433298421
country_cap_25,12,TT.N,0.010000005504255617
country_cap_25,12,WM.N,0.010000003400206748
country_cap_25,12,WMT.OQ,0.10973393867870009
country_cap_25,12,ZEG.L,0.014879165067845243
country_cap_25,12,ZURN.S,0.010000003695571885
country_cap_25,13,AAPL.OQ,0.010000046772312242
country_cap_25,13,ABBN.S,0.010000019075081697
country_cap_25,13,ACLN.S,0.10871615718324672
country_cap_25,13,APH.N,0.03850418000226673
country_cap_25,13,ARGX.BR,0.13711087487156234
country_cap_25,13,AVGO.OQ,0.010000096806829142
country_cap_25,13,BKWB.S,0.01000002072275569
country_cap_25,13,CDNS.OQ,0.010000274710629052
country_cap_25,13,COST.OQ,0.010000071971457167
country_cap_25,13,GAW.L,0.04527184708790928
country_cap_25,13,GOOG.OQ,0.010000015367827759
country_cap_25,13,IBE.MC,0.01000016821342441
country_cap_25,13,IETB.BR,0.010000013981195823
country_cap_25,13,KOG.OL,0.010000015341484916
country_cap_25,13,LLY.N,0.15153828391159513
country_cap_25,13,LTMC.MI,0.010000033166888965
country_cap_25,13,MSFT.OQ,0.06570137606807973
country_cap_25,13,NEM.N,0.010000063157996933
country_cap_25,13,NVDA.OQ,0.07769499282430449
country_cap_25,13,PGR.N,0.04066713971417696
country_cap_25,13,PLUSP.L,0.010000030730774987
country_cap_25,13,PWR.N,0.12479271495469739
country_cap_25,13,RSG.N,0.010000027798658538
country_cap_25,13,SDZ.S,0.0100000901177812
country_cap_25,13,SQN.S,0.010000028187393043
country_cap_25,13,TT.N,0.010000039146444187
country_cap_25,13,WM.N,0.010000015438599621
country_cap_25,13,WMT.OQ,0.010000975192572259
country_cap_25,13,ZEG.L,0.010000366655927835
country_cap_25,13,ZURN.S,0.010000020826125935
country_cap_25,14,AAPL.OQ,0.010000000001445271
country_cap_25,14,ABBN.S,0.010000000001232759
country_cap_25,14,ACLN.S,0.012427192165402983
country_cap_25,14,APH.N,0.010000000006763776
country_cap_25,14,ARGX.BR,0.20000000000117618
country_cap_25,14,ASMI.AS,0.010000000001184214
country_cap_25,14,AVGO.OQ,0.029999999539738392
country_cap_25,14,CAT.N,0.01000000000125917
country_cap_25,14,CDNS.OQ,0.010000000447387847
country_cap_25,14,COST.OQ,0.01000000000132637
country_cap_25,14,CTAS.OQ,0.010000000001208638
country_cap_25,14,FIX.N,0.010000000000403136
country_cap_25,14,GAW.L,0.10757280794042595
country_cap_25,14,GOOG.OQ,0.010000000001274224
country_cap_25,14,GOOGL.OQ,0.01000000000127868
country_cap_25,14,IBE.MC,0.010000000001323497
country_cap_25,14,IETB.BR,0.010000000001032116
country_cap_25,14,KLAC.OQ,0.010000000001055744
country_cap_25,14,LLY.N,0.019999999886955347
country_cap_25,14,LRCX.OQ,0.010000000001230665
country_cap_25,14,LTMC.MI,0.010000000001363894
country_cap_25,14,MSFT.OQ,0.010000000004891456
country_cap_25,14,NVDA.OQ,0.20000000000097035
country_cap_25,14,PGR.N,0.010000000002150115
country_cap_25,14,PWR.N,0.2000000000026445
country_cap_25,14,SDZ.S,0.010000000001348014
country_cap_25,14,SQN.S,0.01000000000268605
country_cap_25,14,TT.N,0.010000000003131629
country_cap_25,14,WMT.OQ,0.010000000001340768
country_cap_25,14,ZEG.L,0.010000000001708526
country_cap_30,0,AD.AS,0.02752921825878419
country_cap_30,0,ALLN.S,0.060978347470514144
country_cap_30,0,BCVN.S,0.04782023914775346
country_cap_30,0,BFT.WA,0.010104184411691468
country_cap_30,0,BMY.N,0.018032985484458728
country_cap_30,0,CBOE.Z,0.019527703227214817
country_cap_30,0,CHD.N,0.01023067044316522
country_cap_30,0,CHRW.OQ,0.019940609857803458
country_cap_30,0,CLX.N,0.043946107664823146
country_cap_30,0,CMG.N,0.010150389420122159
country_cap_30,0,COST.OQ,0.015650711614779263
country_cap_30,0,CPB.OQ,0.02592528309586831
country_cap_30,0,DPZ.OQ,0.016357919057622655
country_cap_30,0,GALE.S,0.05128823356974922
country_cap_30,0,GILD.OQ,0.021099434014000676
country_cap_30,0,GIS.N,0.02250722740667218
country_cap_30,0,GTT.PA,0.010027193092856428
country_cap_30,0,HLN.L,0.024640180234885102
country_cap_30,0,HLT.N,0.015122133091486772
country_cap_30,0,HRL.N,0.010117805190918929
country_cap_30,0,JNJ.N,0.03768071239861651
country_cap_30,0,KR.N,0.04198090362729439
country_cap_30,0,LMT.N,0.01080985554645679
country_cap_30,0,LOTB.BR,0.02020871061636867
country_cap_30,0,MO.N,0.010422186520318167
country_cap_30,0,MOBN.S,0.08912457800297227
country_cap_30,0,MRK.N,0.01047041144108985
country_cap_30,0,NEM.N,0.02000370692584105
country_cap_30,0,NOC.N,0.011341368451974858
country_cap_30,0,ORNBV.HE,0.01420638287668434
country_cap_30,0,PLUSP.L,0.010004112091640559
country_cap_30,0,PSPN.S,0.027099238278139207
country_cap_30,0,QIA.DE,0.03125664888686353
country_cap_30,0,QQ.L,0.011613929896660718
country_cap_30,0,SBNOR.OL,0.013562593944450241
country_cap_30,0,SJM.N,0.021895353759329286
country_cap_30,0,TPRO.MI,0.010036229755806696
country_cap_30,0,VATN.S,0.023689025502618487
country_cap_30,0,VIS.MC,0.016058772579092575
country_cap_30,0,VZ.N,0.037953737668444856
country_cap_30,0,WMT.OQ,0.04958496547416628
country_cap_30,1,AD.AS,0.030460221430610328
country_cap_30,1,ALLN.S,0.06046897680225423
country_cap_30,1,AMZN.OQ,0.0100097553898691
country_cap_30,1,BCVN.S,0.04644490474099809
country_cap_30,1,BFT.WA,0.010146730976578375
country_cap_30,1,BMY.N,0.011950037431521569
country_cap_30,1,CBOE.Z,0.022483490861035366
country_cap_30,1,CHD.N,0.011314798526586832
country_cap_30,1,CHRW.OQ,0.02053006315963385
country_cap_30,1,CLX.N,0.0385525346084668
country_cap_30,1,COST.OQ,0.025737945290873525
country_cap_30,1,CPB.OQ,0.020749602558223928
country_cap_30,1,DPZ.OQ,0.016429595549107966
country_cap_30,1,GALE.S,0.058624024726579904
country_cap_30,1,GILD.OQ,0.017549783809996857
country_cap_30,1,GIS.N,0.017032134790180953
country_cap_30,1,GTT.PA,0.010051444550019422
country_cap_30,1,HLN.L,0.025733660094808
country_cap_30,1,HLT.N,0.014798044142801585
country_cap_30,1,JNJ.N,0.03974544119207181
country_cap_30,1,KR.N,0.04197223018587797
country_cap_30,1,LMT.N,0.010444276021603438
country_cap_30,1,LOTB.BR,0.024020733234002528
country_cap_30,1,MO.N,0.010170472278048135
country_cap_30,1,MOBN.S,0.08884230140968571
country_cap_30,1,MRK.N,0.011606645011481152
country_cap_30,1,NEM.N,0.022289553452280696
country_cap_30,1,NOC.N,0.012971942722643353
country_cap_30,1,ORNBV.HE,0.014522032353315112
country_cap_30,1,PGR.N,0.010138041288972117
country_cap_30,1,PLUSP.L,0.010124886588472302
country_cap_30,1,PSPN.S,0.02483367192239263
country_cap_30,1,QIA.DE,0.02643871960828343
country_cap_30,1,QQ.L,0.010289282762186183
country_cap_30,1,SBNOR.OL,0.020231254542127125
country_cap_30,1,SJM.N,0.018893042450856608
country_cap_30,1,TPRO.MI,0.01001213343443531
country_cap_30,1,VATN.S,0.020785857353901163
country_cap_30,1,VIS.MC,0.010893834197290276
country_cap_30,1,VZ.N,0.030610345651453052
country_cap_30,1,WMT.OQ,0.061095552898473286
country_cap_30,2,AD.AS,0.03333930287645927
country_cap_30,2,ALLN.S,0.05768026415333734
country_cap_30,2,BCVN.S,0.044047113805300284
country_cap_30,2,BFT.WA,0.010210426337858451
country_cap_30,2,BKWB.S,0.010128882282096246
country_cap_30,2,BMY.N,0.0100403535859158
country_cap_30,2,CBOE.Z,0.022857830127873142
country_cap_30,2,CHD.N,0.01082385218748684
country_cap_30,2,CHRW.OQ,0.02196656958590067
country_cap_30,2,CLX.N,0.03195812335111411
country_cap_30,2,COST.OQ,0.037340335912210795
country_cap_30,2,CPB.OQ,0.01318046299046131
country_cap_30,2,DPZ.OQ,0.017562683884753454
country_cap_30,2,GALE.S,0.06349217062203051
country_cap_30,2,GILD.OQ,0.01454087904417217
country_cap_30,2,GIS.N,0.01032098254367166
country_cap_30,2,GTT.PA,0.01005253143022181
country_cap_30,2,HLN.L,0.025821610641031615
country_cap_30,2,HLT.N,0.017639469501129025
country_cap_30,2,JNJ.N,0.03783963365880774
country_cap_30,2,KR.N,0.04102800473862348
country_cap_30,2,LLY.N,0.011879206328047833
country_cap_30,2,LMT.N,0.0100504366804264
country_cap_30,2,LOTB.BR,0.02760988424035222
country_cap_30,2,MO.N,0.010022813200849757
country_cap_30,2,MOBN.S,0.08865681841614864
country_cap_30,2,MRK.N,0.011176976271539261
country_cap_30,2,NEM.N,0.024261924145781055
country_cap_30,2,NOC.N,0.011610167691011818
country_cap_30,2,ORNBV.HE,0.014890231052125611
country_cap_30,2,PGR.N,0.013650622626050877
country_cap_30,2,PLUSP.L,0.011448157986386985
country_cap_30,2,PSPN.S,0.019870484523375954
country_cap_30,2,QIA.DE,0.024635223003498692
country_cap_30,2,QQ.L,0.010021041425368998
country_cap_30,2,SBNOR.OL,0.026906710198799446
country_cap_30,2,SJM.N,0.012910360136639315
country_cap_30,2,VATN.S,0.016123996387144852
country_cap_30,2,VIS.MC,0.010101409200397865
country_cap_30,2,VZ.N,0.020767065554550653
country_cap_30,2,WM.N,0.010070315893338814
country_cap_30,2,WMT.OQ,0.0714646717777094
country_cap_30,3,ABBV.N,0.010023088391191155
country_cap_30,3,AD.AS,0.03809542861969176
country_cap_30,3,ALLN.S,0.05184575002862184
country_cap_30,3,ARGX.BR,0.010004227977661578
country_cap_30,3,BCVN.S,0.04440087582705099
country_cap_30,3,BFT.WA,0.010234355861241861
country_cap_30,3,BKWB.S,0.012563976724310234
country_cap_30,3,CBOE.Z,0.023035338567631795
country_cap_30,3,CHD.N,0.012406075612683547
country_cap_30,3,CHRW.OQ,0.020658902423252218
country_cap_30,3,CLX.N,0.030107355336819314
country_cap_30,3,COST.OQ,0.043750987152738105
country_cap_30,3,CPB.OQ,0.011180436894451765
country_cap_30,3,DPZ.OQ,0.015133965369487933
country_cap_30,3,GALE.S,0.06649474236623527
country_cap_30,3,GILD.OQ,0.012853369095733255
country_cap_30,3,GTT.PA,0.010163855103779177
country_cap_30,3,HLN.L,0.02460810038064157
country_cap_30,3,HLT.N,0.018436932977690897
country_cap_30,3,JNJ.N,0.04354849074941553
country_cap_30,3,KR.N,0.0423180598668123
country_cap_30,3,LLY.N,0.014722132874447324
country_cap_30,3,LOTB.BR,0.029041618062256448
country_cap_30,3,MOBN.S,0.09409106933410055
country_cap_30,3,MRK.N,0.011735707484781557
country_cap_30,3,NEM.N,0.025883548004579975
country_cap_30,3,NOC.N,0.014256512701033168
country_cap_30,3,ORNBV.HE,0.013951887769291828
country_cap_30,3,PGR.N,0.019663564587447377
country_cap_30,3,PLUSP.L,0.013032202630723905
country_cap_30,3,PSPN.S,0.018585746930006322
country_cap_30,3,QIA.DE,0.019649910395460185
country_cap_30,3,RILBA.CO,0.010057016766229094
country_cap_30,3,SBNOR.OL,0.02734247497670339
country_cap_30,3,SJM.N,0.013103765491162444
country_cap_30,3,VATN.S,0.012017483343481515
country_cap_30,3,VZ.N,0.017366443053378682
country_cap_30,3,WM.N,0.013642598229051835
country_cap_30,3,WMT.OQ,0.07999200203872252
country_cap_30,4,ABBV.N,0.010107772944547773
country_cap_30,4,AD.AS,0.03973363845482812
country_cap_30,4,ALLN.S,0.04407164139458725
country_cap_30,4,ARGX.BR,0.010001246943149434
country_cap_30,4,BCVN.S,0.039620907070562685
country_cap_30,4,BFT.WA,0.010142219176330883
country_cap_30,4,BKWB.S,0.019661432329219287
country_cap_30,4,CBOE.Z,0.022129331403352187
country_cap_30,4,CHD.N,0.011081548850808389
country_cap_30,4,CHRW.OQ,0.01910006032853318
country_cap_30,4,CLX.N,0.021794295688467864
country_cap_30,4,COST.OQ,0.05311403984207995
country_cap_30,4,DPZ.OQ,0.014034736154591115
country_cap_30,4,GALD.S,0.010001569864190879
country_cap_30,4,GALE.S,0.0708457460697537
country_cap_30,4,GILD.OQ,0.010148025831045395
country_cap_30,4,GTT.PA,0.010055369452644645
country_cap_30,4,HLN.L,0.022139150768605176
country_cap_30,4,HLT.N,0.01566210588389569
country_cap_30,4,JNJ.N,0.03801210062950397
country_cap_30,4,KR.N,0.04133700790845637
country_cap_30,4,LLY.N,0.020656131733746155
country_cap_30,4,LOTB.BR,0.03174898130313675
country_cap_30,4,MOBN.S,0.09333660754798027
country_cap_30,4,MRK.N,0.010582577630450514
country_cap_30,4,NEM.N,0.027933554219510874
country_cap_30,4,NOC.N,0.011460362337913857
country_cap_30,4,ORNBV.HE,0.012819922319598604
country_cap_30,4,PGR.N,0.026858272122274155
country_cap_30,4,PLUSP.L,0.014821634446260296
country_cap_30,4,PSPN.S,0.012400942903466146
country_cap_30,4,QIA.DE,0.013077186863543408
country_cap_30,4,RILBA.CO,0.010162040617363942
country_cap_30,4,RSG.N,0.011125407759433999
country_cap_30,4,SBNOR.OL,0.030688630796702098
country_cap_30,4,SJM.N,0.010279588028645516
country_cap_30,4,VATN.S,0.010060756770799067
country_cap_30,4,VZ.N,0.010129791333298728
country_cap_30,4,WM.N,0.018156188839554683
country_cap_30,4,WMT.OQ,0.09090747543716704
country_cap_30,5,ABBV.N,0.01097600224491345
country_cap_30,5,ACLN.S,0.010000188981109907
country_cap_30,5,AD.AS,0.039214802484944085
country_cap_30,5,ALLN.S,0.03826268935313251
country_cap_30,5,ARGX.BR,0.010017361481089719
country_cap_30,5,BCVN.S,0.03644460867506108
country_cap_30,5,BFT.WA,0.010034537369724497
country_cap_30,5,BKWB.S,0.025856196470063233
country_cap_30,5,CBOE.Z,0.021653387343302452
country_cap_30,5,CHD.N,0.010498579983845648
country_cap_30,5,CHRW.OQ,0.017909865045284034
country_cap_30,5,CLX.N,0.015362184214882313
country_cap_30,5,COST.OQ,0.06072692594319219
country_cap_30,5,DPZ.OQ,0.013097616930254382
country_cap_30,5,GALD.S,0.01000498543695977
country_cap_30,5,GALE.S,0.07579234944922954
country_cap_30,5,GTT.PA,0.01000498381190335
country_cap_30,5,HLN.L,0.01935147944625916
country_cap_30,5,HLT.N,0.01313071690097918
country_cap_30,5,JNJ.N,0.0356317578207817
country_cap_30,5,KR.N,0.040963638373943026
country_cap_30,5,LLY.N,0.02639424483934789
country_cap_30,5,LOTB.BR,0.032931467156291236
country_cap_30,5,LTMC.MI,0.010024724091939103
country_cap_30,5,MOBN.S,0.09341623476938622
country_cap_30,5,MRK.N,0.01030859623097209
country_cap_30,5,NEM.N,0.02937181009762693
country_cap_30,5,NOC.N,0.010458533999272981
country_cap_30,5,ORNBV.HE,0.011399036797342131
country_cap_30,5,PGR.N,0.033517945214793406
country_cap_30,5,PLUSP.L,0.015881799835880277
country_cap_30,5,PSPN.S,0.010222606545453119
country_cap_30,5,QIA.DE,0.01008363836855847
country_cap_30,5,RILBA.CO,0.010043044151094527
country_cap_30,5,RSG.N,0.01673276452910415
country_cap_30,5,SBNOR.OL,0.03164135107768644
country_cap_30,5,WM.N,0.022336677366014825
country_cap_30,5,WMT.OQ,0.10030066716838115
country_cap_30,6,ABBV.N,0.014439289567244839
country_cap_30,6,ACLN.S,0.010002522740344811
country_cap_30,6,AD.AS,0.04068339147688284
country_cap_30,6,ALLN.S,0.030594302029267294
country_cap_30,6,ARGX.BR,0.010968079476610122
country_cap_30,6,BCVN.S,0.0316363408867761
country_cap_30,6,BFT.WA,0.010002950736373093
country_cap_30,6,BKWB.S,0.03302980045368531
country_cap_30,6,CBOE.Z,0.021326990439391368
country_cap_30,6,CHRW.OQ,0.01638718547132011
country_cap_30,6,COST.OQ,0.07121995054381497
country_cap_30,6,DPZ.OQ,0.012940646506468886
country_cap_30,6,GALD.S,0.01001938789756324
country_cap_30,6,GALE.S,0.08072990409208539
country_cap_30,6,HLN.L,0.016459381324604814
country_cap_30,6,HLT.N,0.012403616138281521
country_cap_30,6,JNJ.N,0.030812613931105966
country_cap_30,6,KR.N,0.04008817411168666
country_cap_30,6,LLY.N,0.032844590728412844
country_cap_30,6,LOTB.BR,0.03590093928633968
country_cap_30,6,LTMC.MI,0.011095309630279788
country_cap_30,6,MOBN.S,0.09398735015836655
country_cap_30,6,NEM.N,0.03158331454301982
country_cap_30,6,ORNBV.HE,0.010671710881167125
country_cap_30,6,PGR.N,0.040889707650487155
country_cap_30,6,PLUSP.L,0.017492672929920478
country_cap_30,6,RILBA.CO,0.010020869705757088
country_cap_30,6,RSG.N,0.027584514198218807
country_cap_30,6,SBNOR.OL,0.034638071569327036
country_cap_30,6,SDZ.S,0.010000373577016504
country_cap_30,6,WM.N,0.02842189849057978
country_cap_30,6,WMT.OQ,0.11112410012930374
country_cap_30,6,ZEG.L,0.010000048698296215
country_cap_30,7,ABBV.N,0.014007891508500294
country_cap_30,7,ACLN.S,0.017950960119444713
country_cap_30,7,AD.AS,0.028915148099387614
country_cap_30,7,ALLN.S,0.01002176299596192
country_cap_30,7,ARGX.BR,0.015524684862021092
country_cap_30,7,BCVN.S,0.020776488356473874
country_cap_30,7,BFT.WA,0.010039256276118269
country_cap_30,7,BKWB.S,0.043210505389863485
country_cap_30,7,CBOE.Z,0.013112078922858879
country_cap_30,7,CHRW.OQ,0.010015869661632341
country_cap_30,7,COST.OQ,0.07821120864123808
country_cap_30,7,DPZ.OQ,0.010023116747714441
country_cap_30,7,GALD.S,0.01167059985922334
country_cap_30,7,GALE.S,0.08645670498374299
country_cap_30,7,GAW.L,0.01000140760033984
country_cap_30,7,HLN.L,0.01001662508504771
country_cap_30,7,HLT.N,0.010550502960123222
country_cap_30,7,JNJ.N,0.01089481698385305
country_cap_30,7,KR.N,0.029445322457928386
country_cap_30,7,LLY.N,0.04044881226588475
country_cap_30,7,LOTB.BR,0.033316307034321146
country_cap_30,7,LTMC.MI,0.015518200818021768
country_cap_30,7,MOBN.S,0.09765433084237925
country_cap_30,7,NEM.N,0.03364278586098483
country_cap_30,7,ORNBV.HE,0.010016717383668983
country_cap_30,7,PGR.N,0.050842559676866295
country_cap_30,7,PLUSP.L,0.018612945722740373
country_cap_30,7,RILBA.CO,0.010008863915676075
country_cap_30,7,RSG.N,0.036585576571801365
country_cap_30,7,SBNOR.OL,0.02694710646470162
country_cap_30,7,SDZ.S,0.01225818843192646
country_cap_30,7,TKO.N,0.01003072473041026
country_cap_30,7,WM.N,0.031046700898136995
country_cap_30,7,WMT.OQ,0.12220754333159045
country_cap_30,7,ZEG.L,0.010017684539415843
country_cap_30,8,ABBV.N,0.015300065442924702
country_cap_30,8,ACLN.S,0.027704989598099927
country_cap_30,8,AD.AS,0.020281967381944006
country_cap_30,8,APH.N,0.010002017420316298
country_cap_30,8,ARGX.BR,0.019411312753604464
country_cap_30,8,BCVN.S,0.01021909467413305
country_cap_30,8,BFT.WA,0.010000226320137038
country_cap_30,8,BKWB.S,0.0541283594306
country_cap_30,8,CBOE.Z,0.010417955988106698
country_cap_30,8,COST.OQ,0.085366492851414
country_cap_30,8,GALD.S,0.014560295544461633
country_cap_30,8,GALE.S,0.09088963733600577
country_cap_30,8,GAW.L,0.010155093372661206
country_cap_30,8,HLT.N,0.010001111546437255
country_cap_30,8,IBE.MC,0.010000045298121086
country_cap_30,8,KR.N,0.022514687872428354
country_cap_30,8,LLY.N,0.04839638490116518
country_cap_30,8,LOTB.BR,0.03475819037941844
country_cap_30,8,LTMC.MI,0.022989647885870823
country_cap_30,8,MOBN.S,0.08719348967368512
country_cap_30,8,NEM.N,0.03431566830744555
country_cap_30,8,PGR.N,0.06014633960052577
country_cap_30,8,PLUSP.L,0.021603329602585954
country_cap_30,8,RSG.N,0.040293694329693555
country_cap_30,8,SBNOR.OL,0.035596985274238956
country_cap_30,8,SDZ.S,0.015304110254374543
country_cap_30,8,TKO.N,0.010000395657368582
country_cap_30,8,WM.N,0.02734829519688447
country_cap_30,8,WMT.OQ,0.13106705955643225
country_cap_30,8,ZEG.L,0.010033056548915393
country_cap_30,9,ABBV.N,0.010044946617790169
country_cap_30,9,ACLN.S,0.042249192117386807
country_cap_30,9,AD.AS,0.010000009273108252
country_cap_30,9,APH.N,0.011512456470459967
country_cap_30,9,ARGX.BR,0.02694318756205743
country_cap_30,9,BEAN.S,0.01000002675905405
country_cap_30,9,BFT.WA,0.010000022452534146
country_cap_30,9,BKWB.S,0.06070658759300469
country_cap_30,9,CBOE.Z,0.010000019453953478
country_cap_30,9,COST.OQ,0.0896611243634349
country_cap_30,9,GALD.S,0.014966657083934298
country_cap_30,9,GALE.S,0.08202201085660746
country_cap_30,9,GAW.L,0.014294243334872033
country_cap_30,9,IBE.MC,0.018761983643606147
country_cap_30,9,LLY.N,0.05742785684849075
country_cap_30,9,LOTB.BR,0.023935188789568202
country_cap_30,9,LTMC.MI,0.026356127197615004
country_cap_30,9,MOBN.S,0.06603004450381514
country_cap_30,9,MSFT.OQ,0.010000172853672072
country_cap_30,9,NEM.N,0.035123248613310475
country_cap_30,9,PGR.N,0.07165449497750702
country_cap_30,9,PLUSP.L,0.022143974599417686
country_cap_30,9,PWR.N,0.010010882606942106
country_cap_30,9,RSG.N,0.04287109039035917
country_cap_30,9,SBNOR.OL,0.016091001856332346
country_cap_30,9,SDZ.S,0.024025440861206622
country_cap_30,9,TKO.N,0.0100000865498522
country_cap_30,9,WM.N,0.01908082251721431
country_cap_30,9,WMT.OQ,0.14253082282439808
country_cap_30,9,ZEG.L,0.01155627642849497
country_cap_30,10,ABBN.S,0.010004119373688985
country_cap_30,10,ABBV.N,0.01000587465218367
country_cap_30,10,ACLN.S,0.05877798165120583
country_cap_30,10,APH.N,0.026004590916715118
country_cap_30,10,ARGX.BR,0.03702379736591884
country_cap_30,10,BEAN.S,0.010003742119693805
country_cap_30,10,BKWB.S,0.06652603185516466
country_cap_30,10,COST.OQ,0.09158277551282122
country_cap_30,10,GALD.S,0.0133711746113555
country_cap_30,10,GALE.S,0.05771290107594294
country_cap_30,10,GAW.L,0.021289293991203335
country_cap_30,10,GOOG.OQ,0.010002965337362613
country_cap_30,10,IBE.MC,0.03993303081501222
country_cap_30,10,KOG.OL,0.010000461762861734
country_cap_30,10,LLY.N,0.0703462224580275
country_cap_30,10,LOTB.BR,0.010062987517284402
country_cap_30,10,LTMC.MI,0.024074825362704826
country_cap_30,10,MOBN.S,0.013030759582542642
country_cap_30,10,MSFT.OQ,0.010110473835108859
country_cap_30,10,NEM.N,0.03491131119929941
country_cap_30,10,PGR.N,0.08279765697245044
country_cap_30,10,PLUSP.L,0.021780386403296638
country_cap_30,10,PWR.N,0.013125820834889234
country_cap_30,10,RSG.N,0.03051788596988746
country_cap_30,10,SBNOR.OL,0.010000353986300265
country_cap_30,10,SDZ.S,0.03280895885817218
country_cap_30,10,WM.N,0.01006342088863097
country_cap_30,10,WMT.OQ,0.15083481380653063
country_cap_30,10,ZEG.L,0.013281813458255888
country_cap_30,10,ZURN.S,0.010013567825488331
country_cap_30,11,AAPL.OQ,0.010000007396692543
country_cap_30,11,ABBN.S,0.010000003094535682
country_cap_30,11,ACLN.S,0.07780902337743768
country_cap_30,11,APH.N,0.03235239780746877
country_cap_30,11,ARGX.BR,0.05514072326091828
country_cap_30,11,AVGO.OQ,0.010000010743246865
country_cap_30,11,BEAN.S,0.010000004432208416
country_cap_30,11,BKWB.S,0.04644134783189617
country_cap_30,11,CDNS.OQ,0.010000012691313908
country_cap_30,11,COST.OQ,0.0756493003889749
country_cap_30,11,GALD.S,0.010000083415270367
country_cap_30,11,GALE.S,0.010000015319934243
country_cap_30,11,GAW.L,0.0345103628805421
country_cap_30,11,IBE.MC,0.05871246189592406
country_cap_30,11,KOG.OL,0.010000002370324654
country_cap_30,11,LLY.N,0.09271320415835736
country_cap_30,11,LTMC.MI,0.018037396173363127
country_cap_30,11,MSFT.OQ,0.013339093860751817
country_cap_30,11,NEM.N,0.0255470036666558
country_cap_30,11,PGR.N,0.09641054968904313
country_cap_30,11,PLUSP.L,0.019131044251536927
country_cap_30,11,PWR.N,0.02501397849604037
country_cap_30,11,RSG.N,0.010000156062867267
country_cap_30,11,SDZ.S,0.03391973090933689
country_cap_30,11,SQN.S,0.010000004321688516
country_cap_30,11,TT.N,0.010000002900530812
country_cap_30,11,WM.N,0.010000003709766088
country_cap_30,11,WMT.OQ,0.14924934895188843
country_cap_30,11,ZEG.L,0.016022721663992847
country_cap_30,11,ZURN.S,0.010000004277491885
country_cap_30,12,AAPL.OQ,0.010000004747303008
country_cap_30,12,ABBN.S,0.010000002961113159
country_cap_30,12,ACLN.S,0.10485977451433573
country_cap_30,12,APH.N,0.051586083680943196
country_cap_30,12,ARGX.BR,0.08890600345526413
country_cap_30,12,AVGO.OQ,0.01000000810031416
country_cap_30,12,BKWB.S,0.010000015628646892
country_cap_30,12,CDNS.OQ,0.010000010110818728
country_cap_30,12,COST.OQ,0.010116670028237781
country_cap_30,12,GALD.S,0.010000003111671672
country_cap_30,12,GAW.L,0.04998976398674727
country_cap_30,12,GOOG.OQ,0.010000002431079185
country_cap_30,12,IBE.MC,0.0446238545966199
country_cap_30,12,KOG.OL,0.010000002352331581
country_cap_30,12,LLY.N,0.12360148565795469
country_cap_30,12,LTMC.MI,0.01000001398344761
country_cap_30,12,MSFT.OQ,0.05151064456653002
country_cap_30,12,NEM.N,0.010000256339959301
country_cap_30,12,NVDA.OQ,0.015677622263753462
country_cap_30,12,PGR.N,0.09616692103475906
country_cap_30,12,PLUSP.L,0.010000054530055917
country_cap_30,12,PWR.N,0.06180012229131424
country_cap_30,12,RSG.N,0.010000007627745142
country_cap_30,12,SDZ.S,0.017001844497014112
country_cap_30,12,SQN.S,0.01000000375835461
country_cap_30,12,TT.N,0.01000000471093002
country_cap_30,12,WM.N,0.010000002887158327
country_cap_30,12,WMT.OQ,0.1093075562339526
country_cap_30,12,ZEG.L,0.014851256770288139
country_cap_30,12,ZURN.S,0.0100000031413561
country_cap_30,13,AAPL.OQ,0.010000077337010752
country_cap_30,13,ABBN.S,0.010000035542228721
country_cap_30,13,ACLN.S,0.10878504847918516
country_cap_30,13,APH.N,0.038388311173981136
country_cap_30,13,ARGX.BR,0.13719696907769377
country_cap_30,13,AVGO.OQ,0.01000016952818496
country_cap_30,13,BKWB.S,0.010000031897180803
country_cap_30,13,CDNS.OQ,0.010000375867742061
country_cap_30,13,COST.OQ,0.010000124047462967
country_cap_30,13,GAW.L,0.04529700916539058
country_cap_30,13,GOOG.OQ,0.010000026700919928
country_cap_30,13,IBE.MC,0.010000260747070576
country_cap_30,13,IETB.BR,0.010000022429901227
country_cap_30,13,KOG.OL,0.010000024408517123
country_cap_30,13,LLY.N,0.15133765036152866
country_cap_30,13,LTMC.MI,0.01000005294623566
country_cap_30,13,MSFT.OQ,0.06565663316179472
country_cap_30,13,NEM.N,0.010000110879761555
country_cap_30,13,NVDA.OQ,0.07794234502178722
country_cap_30,13,PGR.N,0.04039999020237962
country_cap_30,13,PLUSP.L,0.010000048014710399
country_cap_30,13,PWR.N,0.1249915755972032
country_cap_30,13,RSG.N,0.010000049011887977
country_cap_30,13,SDZ.S,0.01000015806865078
country_cap_30,13,SQN.S,0.010000045692838128
country_cap_30,13,TT.N,0.01000006949562424
country_cap_30,13,WM.N,0.010000026873263873
country_cap_30,13,WMT.OQ,0.010002239871675233
country_cap_30,13,ZEG.L,0.010000481574211167
country_cap_30,13,ZURN.S,0.010000036823977525
country_cap_30,14,AAPL.OQ,0.01000000000105644
country_cap_30,14,ABBN.S,0.010000000001026067
country_cap_30,14,ACLN.S,0.012427191511188942
country_cap_30,14,APH.N,0.010000000005486395
country_cap_30,14,ARGX.BR,0.20000000000077067
country_cap_30,14,ASMI.AS,0.010000000001034097
country_cap_30,14,AVGO.OQ,0.02999999876328013
country_cap_30,14,CAT.N,0.010000000000928837
country_cap_30,14,CDNS.OQ,0.010000001231026666
country_cap_30,14,COST.OQ,0.01000000000108377
country_cap_30,14,CTAS.OQ,0.01000000000089067
country_cap_30,14,FIX.N,0.010000000000482725
country_cap_30,14,GAW.L,0.10757280860016998
country_cap_30,14,GOOG.OQ,0.010000000001089507
country_cap_30,14,GOOGL.OQ,0.010000000000985682
country_cap_30,14,IBE.MC,0.010000000001212449
country_cap_30,14,IETB.BR,0.010000000000903045
country_cap_30,14,KLAC.OQ,0.01000000000077129
country_cap_30,14,LLY.N,0.019999999892384792
country_cap_30,14,LRCX.OQ,0.010000000000905299
country_cap_30,14,LTMC.MI,0.010000000001136058
country_cap_30,14,MSFT.OQ,0.010000000003958594
country_cap_30,14,NVDA.OQ,0.20000000000114962
country_cap_30,14,PGR.N,0.01000000000174643
country_cap_30,14,PWR.N,0.20000000000389714
country_cap_30,14,SDZ.S,0.0100000000012637
country_cap_30,14,SQN.S,0.010000000002538997
country_cap_30,14,TT.N,0.010000000002709905
country_cap_30,14,WMT.OQ,0.010000000001032409
country_cap_30,14,ZEG.L,0.010000000001485947
country_cap_40,0,AD.AS,0.018752700238137205
country_cap_40,0,ALLN.S,0.0678373266593785
country_cap_40,0,BARN.S,0.010030523632806727
country_cap_40,0,BCVN.S,0.057157941757297576
country_cap_40,0,BFT.WA,0.010015073812370613
country_cap_40,0,BMY.N,0.018038311195492724
country_cap_40,0,CBOE.Z,0.016939773108498018
country_cap_40,0,CHD.N,0.010124777673991277
country_cap_40,0,CHRW.OQ,0.017473537043890954
country_cap_40,0,CLX.N,0.04126756386548311
country_cap_40,0,CMG.N,0.010114111019877492
country_cap_40,0,COST.OQ,0.01715423561410717
country_cap_40,0,CPB.OQ,0.024379839477716665
country_cap_40,0,DKSH.S,0.010273743727362113
country_cap_40,0,DPZ.OQ,0.0149638275348945
country_cap_40,0,GALE.S,0.059376225202216804
country_cap_40,0,GILD.OQ,0.0208129884518744
country_cap_40,0,GIS.N,0.02128063786432088
country_cap_40,0,HLN.L,0.015816165044658968
country_cap_40,0,HLT.N,0.014009159819701945
country_cap_40,0,HRL.N,0.010048318366733457
country_cap_40,0,HUBN.S,0.010077785308271876
country_cap_40,0,JNJ.N,0.034134798462431885
country_cap_40,0,KR.N,0.04083735688489482
country_cap_40,0,LISP.S,0.010821404120392402
country_cap_40,0,LMT.N,0.010480725126287543
country_cap_40,0,LOTB.BR,0.015304480027918664
country_cap_40,0,MO.N,0.010226807860629555
country_cap_40,0,MOBN.S,0.09594777058247814
country_cap_40,0,MRK.N,0.010462759193637849
country_cap_40,0,NEM.N,0.01815157577344802
country_cap_40,0,NOC.N,0.011155281151258401
country_cap_40,0,ORNBV.HE,0.0104159853793136
country_cap_40,0,PSPN.S,0.031176775742758133
country_cap_40,0,QIA.DE,0.025623101508007562
country_cap_40,0,QQ.L,0.010542650916241486
country_cap_40,0,SBNOR.OL,0.010047292604722757
country_cap_40,0,SCMN.S,0.01496093580618056
country_cap_40,0,SJM.N,0.020516489621480893
country_cap_40,0,VATN.S,0.03233833939426142
country_cap_40,0,VIS.MC,0.010424395330440475
country_cap_40,0,VZ.N,0.03123263449090839
country_cap_40,0,WMT.OQ,0.04925387360322447
country_cap_40,1,AD.AS,0.020920232259799804
country_cap_40,1,ALLN.S,0.06959431538992425
country_cap_40,1,BARN.S,0.0100022022157623
country_cap_40,1,BCVN.S,0.05821789663644348
country_cap_40,1,BFT.WA,0.010000370593819124
country_cap_40,1,BMY.N,0.012935456975409484
country_cap_40,1,CBOE.Z,0.020616949244306716
country_cap_40,1,CHD.N,0.010320274530473949
country_cap_40,1,CHRW.OQ,0.019896910126845215
country_cap_40,1,CLX.N,0.036527405140150175
country_cap_40,1,COST.OQ,0.029975695309898194
country_cap_40,1,CPB.OQ,0.018681715726120075
country_cap_40,1,DPZ.OQ,0.016762086086242804
country_cap_40,1,GALE.S,0.06896898985485456
country_cap_40,1,GILD.OQ,0.019650609257981504
country_cap_40,1,GIS.N,0.015161267604804683
country_cap_40,1,HLN.L,0.016828655607174108
country_cap_40,1,HLT.N,0.01678160060303452
country_cap_40,1,HUBN.S,0.010198437391760282
country_cap_40,1,JNJ.N,0.039307207987241174
country_cap_40,1,KR.N,0.04096780211717406
country_cap_40,1,LISP.S,0.010579185662030168
country_cap_40,1,LMT.N,0.010155624170333189
country_cap_40,1,LOTB.BR,0.01861214095372564
country_cap_40,1,MO.N,0.010007832981915852
country_cap_40,1,MOBN.S,0.09824447377744328
country_cap_40,1,MRK.N,0.011994278699675552
country_cap_40,1,NEM.N,0.020161400415740778
country_cap_40,1,NOC.N,0.013668192215555014
country_cap_40,1,ORNBV.HE,0.010366850163608981
country_cap_40,1,PLUSP.L,0.010000183813576395
country_cap_40,1,PSPN.S,0.029884137210901773
country_cap_40,1,QIA.DE,0.023092789121788092
country_cap_40,1,QQ.L,0.010002403575213266
country_cap_40,1,SBNOR.OL,0.013154316710621502
country_cap_40,1,SCMN.S,0.01295431410063191
country_cap_40,1,SJM.N,0.016823166474868322
country_cap_40,1,VATN.S,0.03135586734433155
country_cap_40,1,VZ.N,0.025205934587366696
country_cap_40,1,WMT.OQ,0.061420827361451526
country_cap_40,2,AD.AS,0.02665114340069076
country_cap_40,2,ALLN.S,0.06251380391737858
country_cap_40,2,AMZN.OQ,0.010000237490810833
country_cap_40,2,BCVN.S,0.05742984574116078
country_cap_40,2,BFT.WA,0.010002139537251336
country_cap_40,2,BKWB.S,0.01224600799597411
country_cap_40,2,BMY.N,0.010044148628162115
country_cap_40,2,CBOE.Z,0.019764433859421705
country_cap_40,2,CHD.N,0.010511561633668856
country_cap_40,2,CHRW.OQ,0.017288933270553808
country_cap_40,2,CLX.N,0.030940152380685964
country_cap_40,2,COST.OQ,0.03544062855847326
country_cap_40,2,CPB.OQ,0.013845905680037298
country_cap_40,2,DPZ.OQ,0.013159013315219965
country_cap_40,2,GALE.S,0.07276600156090006
country_cap_40,2,GILD.OQ,0.01472563011561095
country_cap_40,2,GIS.N,0.011514544698790048
country_cap_40,2,HLN.L,0.015961395720371627
country_cap_40,2,HLT.N,0.014587431337739605
country_cap_40,2,HUBN.S,0.01036229037461861
country_cap_40,2,JNJ.N,0.03764031175159126
country_cap_40,2,KR.N,0.041443182235221795
country_cap_40,2,LISP.S,0.012372944973289038
country_cap_40,2,LLY.N,0.011040486368256953
country_cap_40,2,LMT.N,0.010057786062484288
country_cap_40,2,LOTB.BR,0.022567550195422736
country_cap_40,2,MO.N,0.01005689847897284
country_cap_40,2,MOBN.S,0.09922044764322902
country_cap_40,2,MRK.N,0.011410346611042508
country_cap_40,2,NEM.N,0.02099693367690697
country_cap_40,2,NOC.N,0.012508644665917902
country_cap_40,2,ORNBV.HE,0.010330831571602736
country_cap_40,2,PGR.N,0.011802429807016278
country_cap_40,2,PLUSP.L,0.010049575976946879
country_cap_40,2,PSPN.S,0.025198796906276782
country_cap_40,2,QIA.DE,0.017736116416762492
country_cap_40,2,SBNOR.OL,0.017646477874431684
country_cap_40,2,SCMN.S,0.010221575199946294
country_cap_40,2,SJM.N,0.014226595039461522
country_cap_40,2,SPSN.S,0.01005002748326553
country_cap_40,2,VATN.S,0.0276176500217296
country_cap_40,2,VZ.N,0.015622116503154848
country_cap_40,2,WMT.OQ,0.07042702531954971
country_cap_40,3,AD.AS,0.028849797160921908
country_cap_40,3,ALLN.S,0.05932084204794075
country_cap_40,3,BCVN.S,0.05750735597709959
country_cap_40,3,BFT.WA,0.010032051664764674
country_cap_40,3,BKWB.S,0.019696328358189588
country_cap_40,3,CBOE.Z,0.02049034259117148
country_cap_40,3,CHD.N,0.010613069105976872
country_cap_40,3,CHRW.OQ,0.017610668745048644
country_cap_40,3,CLX.N,0.024794892263503093
country_cap_40,3,COST.OQ,0.04595565899951077
country_cap_40,3,CPB.OQ,0.010173829448344386
country_cap_40,3,DPZ.OQ,0.013397844152853665
country_cap_40,3,GALD.S,0.010124525995915708
country_cap_40,3,GALE.S,0.07873593684614116
country_cap_40,3,GILD.OQ,0.013216623076736347
country_cap_40,3,GIS.N,0.010162060778193914
country_cap_40,3,HLN.L,0.014617764590091854
country_cap_40,3,HLT.N,0.01806243445040554
country_cap_40,3,HUBN.S,0.010642459430370423
country_cap_40,3,JNJ.N,0.04049739464403525
country_cap_40,3,KR.N,0.04129580014164015
country_cap_40,3,LISP.S,0.011910535183081295
country_cap_40,3,LLY.N,0.017454466945012806
country_cap_40,3,LOTB.BR,0.02408872284330301
country_cap_40,3,MOBN.S,0.10515937181861552
country_cap_40,3,MRK.N,0.012318685599703226
country_cap_40,3,NEM.N,0.02362983103524348
country_cap_40,3,NOC.N,0.01346084054739278
country_cap_40,3,ORNBV.HE,0.010398188161457707
country_cap_40,3,PGR.N,0.02041688701697863
country_cap_40,3,PLUSP.L,0.011004722703252754
country_cap_40,3,PSPN.S,0.024103367089998162
country_cap_40,3,QIA.DE,0.013211961212384181
country_cap_40,3,SBNOR.OL,0.020246692434093445
country_cap_40,3,SJM.N,0.010885445135702575
country_cap_40,3,VATN.S,0.02279758832869325
country_cap_40,3,VZ.N,0.010640746500331356
country_cap_40,3,WM.N,0.011230734536249239
country_cap_40,3,WMT.OQ,0.08124353243965081
country_cap_40,4,ABBV.N,0.010005989002583987
country_cap_40,4,AD.AS,0.02998209822466269
country_cap_40,4,ALLN.S,0.057597744449668704
country_cap_40,4,ARGX.BR,0.010000031179636304
country_cap_40,4,BCVN.S,0.055096335405263375
country_cap_40,4,BFT.WA,0.010000078837157188
country_cap_40,4,BKWB.S,0.026917114811053786
country_cap_40,4,CBOE.Z,0.019636617027795587
country_cap_40,4,CHD.N,0.010813977532775578
country_cap_40,4,CHRW.OQ,0.017077028796388574
country_cap_40,4,CLX.N,0.020168887148974066
country_cap_40,4,COST.OQ,0.055521224673890826
country_cap_40,4,DPZ.OQ,0.011160007015710285
country_cap_40,4,GALD.S,0.01004229775855765
country_cap_40,4,GALE.S,0.08240237595347717
country_cap_40,4,GILD.OQ,0.010003770603523815
country_cap_40,4,HLN.L,0.010287966601205255
country_cap_40,4,HLT.N,0.014229342666121594
country_cap_40,4,HUBN.S,0.010031914247121156
country_cap_40,4,JNJ.N,0.034814251144977826
country_cap_40,4,KR.N,0.04137192565662181
country_cap_40,4,LISP.S,0.012313506816332776
country_cap_40,4,LLY.N,0.021501907381752373
country_cap_40,4,LOTB.BR,0.025444116560182604
country_cap_40,4,MOBN.S,0.10554662707718612
country_cap_40,4,MRK.N,0.01006793580476828
country_cap_40,4,NEM.N,0.024579842683791365
country_cap_40,4,NOC.N,0.012014764532006186
country_cap_40,4,ORNBV.HE,0.010000402797529817
country_cap_40,4,PGR.N,0.027755186340537003
country_cap_40,4,PLUSP.L,0.012145784484453637
country_cap_40,4,PSPN.S,0.020573834585478512
country_cap_40,4,QIA.DE,0.010000363094008466
country_cap_40,4,SBNOR.OL,0.022583016093039445
country_cap_40,4,SJM.N,0.01002453180670444
country_cap_40,4,VATN.S,0.01947814200215761
country_cap_40,4,WM.N,0.01606213460566677
country_cap_40,4,WMT.OQ,0.09274692459723766
country_cap_40,5,ABBV.N,0.011109847054137098
country_cap_40,5,ACLN.S,0.010213210595517275
country_cap_40,5,AD.AS,0.030265634404803725
country_cap_40,5,ALLN.S,0.04939991938007747
country_cap_40,5,ARGX.BR,0.010001808002098283
country_cap_40,5,BCVN.S,0.05025533450885094
country_cap_40,5,BFT.WA,0.010005058923497514
country_cap_40,5,BKWB.S,0.03281541726644517
country_cap_40,5,CBOE.Z,0.018484431987866104
country_cap_40,5,CHD.N,0.010167851762677878
country_cap_40,5,CHRW.OQ,0.015756908735786355
country_cap_40,5,CLX.N,0.011483087874182476
country_cap_40,5,COST.OQ,0.06241042561143207
country_cap_40,5,DPZ.OQ,0.011095146650739539
country_cap_40,5,GALD.S,0.010925891368666882
country_cap_40,5,GALE.S,0.08671064228143671
country_cap_40,5,HLN.L,0.010266951488949717
country_cap_40,5,HLT.N,0.012553691255661987
country_cap_40,5,HUBN.S,0.0100506902214212
country_cap_40,5,JNJ.N,0.030671809843930965
country_cap_40,5,KR.N,0.039997399448635125
country_cap_40,5,LISP.S,0.010353317948414162
country_cap_40,5,LLY.N,0.027384081510425557
country_cap_40,5,LOTB.BR,0.027490066265769587
country_cap_40,5,MOBN.S,0.10485222673103231
country_cap_40,5,MRK.N,0.010169839720861861
country_cap_40,5,NEM.N,0.025927972822967736
country_cap_40,5,NOC.N,0.01036924991400391
country_cap_40,5,ORNBV.HE,0.010007973070613815
country_cap_40,5,PGR.N,0.0335848135407516
country_cap_40,5,PLUSP.L,0.013691751320922756
country_cap_40,5,PSPN.S,0.013787702468844181
country_cap_40,5,RSG.N,0.012542210821758486
country_cap_40,5,SBNOR.OL,0.025063388136503734
country_cap_40,5,SDZ.S,0.010006710791701677
country_cap_40,5,VATN.S,0.01062760202562485
country_cap_40,5,WM.N,0.01842154887354748
country_cap_40,5,WMT.OQ,0.10107838536944172
country_cap_40,6,ABBV.N,0.014479070814886969
country_cap_40,6,ACLN.S,0.01447943873991895
country_cap_40,6,AD.AS,0.028012390637992816
country_cap_40,6,ALLN.S,0.044016035507493965
country_cap_40,6,ARGX.BR,0.01043032602583993
country_cap_40,6,BCVN.S,0.046850996393670775
country_cap_40,6,BFT.WA,0.010038775710966957
country_cap_40,6,BKWB.S,0.041276773652146416
country_cap_40,6,CBOE.Z,0.018483335013477473
country_cap_40,6,CHRW.OQ,0.013772025072059118
country_cap_40,6,COST.OQ,0.07000051943167017
country_cap_40,6,DPZ.OQ,0.01100993663785022
country_cap_40,6,GALD.S,0.012572630719848932
country_cap_40,6,GALE.S,0.09387892916465061
country_cap_40,6,HLT.N,0.010987977105496533
country_cap_40,6,HUBN.S,0.010098418268219538
country_cap_40,6,JNJ.N,0.02533712789064946
country_cap_40,6,KR.N,0.03863078770740017
country_cap_40,6,LISP.S,0.010306613471131055
country_cap_40,6,LLY.N,0.0341064403344222
country_cap_40,6,LOTB.BR,0.028085630329647452
country_cap_40,6,LTMC.MI,0.010084652943414978
country_cap_40,6,MOBN.S,0.10485566207800857
country_cap_40,6,NEM.N,0.02766664948735846
country_cap_40,6,PGR.N,0.041438599147850495
country_cap_40,6,PLUSP.L,0.015038289003112921
country_cap_40,6,PSPN.S,0.011109884608729075
country_cap_40,6,RSG.N,0.021886060822132323
country_cap_40,6,SBNOR.OL,0.02651172981081619
country_cap_40,6,SDZ.S,0.010457925880879343
country_cap_40,6,WM.N,0.023848357913473197
country_cap_40,6,WMT.OQ,0.11024478310171877
country_cap_40,6,ZEG.L,0.010003226573066085
country_cap_40,7,ABBV.N,0.0136296874499781
country_cap_40,7,ACLN.S,0.026461723399229645
country_cap_40,7,AD.AS,0.018527039004458554
country_cap_40,7,ALLN.S,0.015514406907756649
country_cap_40,7,ARGX.BR,0.013322601824867076
country_cap_40,7,BCVN.S,0.03709124894521675
country_cap_40,7,BFT.WA,0.010004022312161891
country_cap_40,7,BKWB.S,0.05474454594548276
country_cap_40,7,CBOE.Z,0.01280745631714375
country_cap_40,7,CHRW.OQ,0.010006783298375864
country_cap_40,7,COST.OQ,0.07634472665246016
country_cap_40,7,DPZ.OQ,0.010009628446256452
country_cap_40,7,GALD.S,0.016587278968970633
country_cap_40,7,GALE.S,0.10133219012163744
country_cap_40,7,HLT.N,0.01004073392688027
country_cap_40,7,HUBN.S,0.010009056758549259
country_cap_40,7,JNJ.N,0.0100364921515902
country_cap_40,7,KR.N,0.02842611115828991
country_cap_40,7,LLY.N,0.0407354127741513
country_cap_40,7,LOTB.BR,0.028466823877163726
country_cap_40,7,LTMC.MI,0.012318768115930577
country_cap_40,7,MOBN.S,0.10945999579622796
country_cap_40,7,NEM.N,0.02961363960677631
country_cap_40,7,PGR.N,0.05021949719996835
country_cap_40,7,PLUSP.L,0.01760473127775171
country_cap_40,7,RSG.N,0.03015172088172254
country_cap_40,7,SBNOR.OL,0.027374051232501695
country_cap_40,7,SDZ.S,0.015718437024986313
country_cap_40,7,TKO.N,0.010007835644342133
country_cap_40,7,WM.N,0.024171807366816327
country_cap_40,7,WMT.OQ,0.11926088903729587
country_cap_40,7,ZEG.L,0.010000656575059783
country_cap_40,8,ABBV.N,0.013441185878703113
country_cap_40,8,ACLN.S,0.03439831657892485
country_cap_40,8,AD.AS,0.010423147333185098
country_cap_40,8,APH.N,0.01000020746580276
country_cap_40,8,ARGX.BR,0.016793339334058778
country_cap_40,8,BCVN.S,0.02105223471670305
country_cap_40,8,BEAN.S,0.010000036975048612
country_cap_40,8,BFT.WA,0.010000086987027238
country_cap_40,8,BKWB.S,0.06250970689705354
country_cap_40,8,CBOE.Z,0.010011131123098527
country_cap_40,8,COST.OQ,0.0830108806340295
country_cap_40,8,GALD.S,0.017129547992737273
country_cap_40,8,GALE.S,0.10181240807464627
country_cap_40,8,GAW.L,0.010000053819038462
country_cap_40,8,HLT.N,0.010000303397267134
country_cap_40,8,KR.N,0.020502657043910348
country_cap_40,8,LLY.N,0.04799827411701666
country_cap_40,8,LOTB.BR,0.027358786457554476
country_cap_40,8,LTMC.MI,0.017500164236199756
country_cap_40,8,MOBN.S,0.1008724856072281
country_cap_40,8,NEM.N,0.03131970925122702
country_cap_40,8,PGR.N,0.05988076924770491
country_cap_40,8,PLUSP.L,0.019432755064547672
country_cap_40,8,RSG.N,0.03595221449006219
country_cap_40,8,SBNOR.OL,0.02696154869157456
country_cap_40,8,SDZ.S,0.019050500910576605
country_cap_40,8,TKO.N,0.010000625299347067
country_cap_40,8,WM.N,0.02307487591469206
country_cap_40,8,WMT.OQ,0.12951044336269443
country_cap_40,8,ZEG.L,0.01000160309834002
country_cap_40,9,ABBV.N,0.010025988235213891
country_cap_40,9,ACLN.S,0.04516162755868325
country_cap_40,9,APH.N,0.010001721389195837
country_cap_40,9,ARGX.BR,0.023850039236012102
country_cap_40,9,BEAN.S,0.010000014436129046
country_cap_40,9,BFT.WA,0.010000007354264116
country_cap_40,9,BKWB.S,0.06898865614311578
country_cap_40,9,COST.OQ,0.0873448299384026
country_cap_40,9,GALD.S,0.01710608152666457
country_cap_40,9,GALE.S,0.09492046822229187
country_cap_40,9,GAW.L,0.011887383614588166
country_cap_40,9,HLT.N,0.01000001678366559
country_cap_40,9,IBE.MC,0.010017624387116284
country_cap_40,9,LLY.N,0.057004358379816995
country_cap_40,9,LOTB.BR,0.022020706207481894
country_cap_40,9,LTMC.MI,0.022130516900859182
country_cap_40,9,MOBN.S,0.07659254558782275
country_cap_40,9,MSFT.OQ,0.010000020608729714
country_cap_40,9,NEM.N,0.03282637211901485
country_cap_40,9,PGR.N,0.07057157202997956
country_cap_40,9,PLUSP.L,0.021240599573586563
country_cap_40,9,PWR.N,0.01000008839861233
country_cap_40,9,RSG.N,0.03847206256932561
country_cap_40,9,SBNOR.OL,0.018154354038513284
country_cap_40,9,SDZ.S,0.02447221418120279
country_cap_40,9,TKO.N,0.010000011150622979
country_cap_40,9,WM.N,0.016172722804508568
country_cap_40,9,WMT.OQ,0.14041187500525454
country_cap_40,9,ZEG.L,0.010625484930458921
country_cap_40,9,ZURN.S,0.010000036688866287
country_cap_40,10,ABBN.S,0.01000176759246134
country_cap_40,10,ABBV.N,0.010002220392539233
country_cap_40,10,ACLN.S,0.05890380803440561
country_cap_40,10,APH.N,0.02433600046307132
country_cap_40,10,ARGX.BR,0.037476090165378076
country_cap_40,10,BEAN.S,0.010001752770501363
country_cap_40,10,BKWB.S,0.06571734300447149
country_cap_40,10,COST.OQ,0.08993157751803812
country_cap_40,10,GALD.S,0.013728532770376075
country_cap_40,10,GALE.S,0.05874881609314487
country_cap_40,10,GAW.L,0.020679017342783795
country_cap_40,10,GOOG.OQ,0.010000979554411673
country_cap_40,10,IBE.MC,0.04170396995886347
country_cap_40,10,LLY.N,0.06921632684043924
country_cap_40,10,LOTB.BR,0.010040440837459285
country_cap_40,10,LTMC.MI,0.02360469460936372
country_cap_40,10,MOBN.S,0.015534217001756731
country_cap_40,10,MSFT.OQ,0.010027096371360917
country_cap_40,10,NEM.N,0.035175737305292804
country_cap_40,10,PGR.N,0.08158351319181044
country_cap_40,10,PLUSP.L,0.021552330121485868
country_cap_40,10,PWR.N,0.013441152552391132
country_cap_40,10,RSG.N,0.031479496798954815
country_cap_40,10,SBNOR.OL,0.01000028081231472
country_cap_40,10,SDZ.S,0.03358735027945095
country_cap_40,10,TKO.N,0.010000377673077517
country_cap_40,10,WM.N,0.010033458941894086
country_cap_40,10,WMT.OQ,0.14993852803574387
country_cap_40,10,ZEG.L,0.013546727025741934
country_cap_40,10,ZURN.S,0.010006395941015591
country_cap_40,11,AAPL.OQ,0.010000018911957188
country_cap_40,11,ABBN.S,0.010000010722670823
country_cap_40,11,ACLN.S,0.07676320050640865
country_cap_40,11,APH.N,0.031320347365392076
country_cap_40,11,ARGX.BR,0.05417406869607183
country_cap_40,11,AVGO.OQ,0.010000024514372633
country_cap_40,11,BEAN.S,0.010000009623307781
country_cap_40,11,BKWB.S,0.048591540549301704
country_cap_40,11,CDNS.OQ,0.010000040221666728
country_cap_40,11,COST.OQ,0.07723794530698323
country_cap_40,11,GALD.S,0.01000014416336421
country_cap_40,11,GALE.S,0.010000044914219625
country_cap_40,11,GAW.L,0.03376143161133269
country_cap_40,11,IBE.MC,0.05886813543836589
country_cap_40,11,KOG.OL,0.010000004182157914
country_cap_40,11,LLY.N,0.09166436487525094
country_cap_40,11,LTMC.MI,0.018810821864389198
country_cap_40,11,MSFT.OQ,0.012386220207357667
country_cap_40,11,NEM.N,0.02639564865052577
country_cap_40,11,PGR.N,0.0961989865643818
country_cap_40,11,PLUSP.L,0.01944004337686363
country_cap_40,11,PWR.N,0.023914823457871298
country_cap_40,11,RSG.N,0.01000064475701084
country_cap_40,11,SDZ.S,0.03428299735945782
country_cap_40,11,SQN.S,0.010000008043767923
country_cap_40,11,TT.N,0.010000007020173916
country_cap_40,11,WM.N,0.010000011503508448
country_cap_40,11,WMT.OQ,0.15018458491978864
country_cap_40,11,ZEG.L,0.016003855812502528
country_cap_40,11,ZURN.S,0.010000014859576441
country_cap_40,12,AAPL.OQ,0.010000008734495091
country_cap_40,12,ABBN.S,0.010000005319788832
country_cap_40,12,ACLN.S,0.10450773505151086
country_cap_40,12,APH.N,0.05155407461497945
country_cap_40,12,ARGX.BR,0.08790834041159903
country_cap_40,12,AVGO.OQ,0.010000015390208401
country_cap_40,12,BKWB.S,0.010000033496720958
country_cap_40,12,CDNS.OQ,0.010000018926075703
country_cap_40,12,COST.OQ,0.010492482630596451
country_cap_40,12,GALD.S,0.010000005759680719
country_cap_40,12,GAW.L,0.05006622800714738
country_cap_40,12,GOOG.OQ,0.010000004420770028
country_cap_40,12,IBE.MC,0.045330292742027364
country_cap_40,12,KOG.OL,0.01000000427646676
country_cap_40,12,LLY.N,0.12312777573560116
country_cap_40,12,LTMC.MI,0.010000030004889247
country_cap_40,12,MSFT.OQ,0.050512020813740885
country_cap_40,12,NEM.N,0.010000517974521377
country_cap_40,12,NVDA.OQ,0.014857199473792493
country_cap_40,12,PGR.N,0.09688071248675253
country_cap_40,12,PLUSP.L,0.010000154155442396
country_cap_40,12,PWR.N,0.06075460022012997
country_cap_40,12,RSG.N,0.010000013852789744
country_cap_40,12,SDZ.S,0.017658803424836896
country_cap_40,12,SQN.S,0.010000006878554372
country_cap_40,12,TT.N,0.010000008480033415
country_cap_40,12,WM.N,0.010000005218235988
country_cap_40,12,WMT.OQ,0.11135846284447135
country_cap_40,12,ZEG.L,0.014990432970113574
country_cap_40,12,ZURN.S,0.010000005684027466
country_cap_40,13,AAPL.OQ,0.010000015362925855
country_cap_40,13,ABBN.S,0.010000008821700244
country_cap_40,13,ACLN.S,0.10658559836623427
country_cap_40,13,APH.N,0.04155402281501377
country_cap_40,13,ARGX.BR,0.13370001924870958
country_cap_40,13,AVGO.OQ,0.010000031006931523
country_cap_40,13,BKWB.S,0.01000000711488571
country_cap_40,13,CDNS.OQ,0.010000106304572908
country_cap_40,13,COST.OQ,0.010000034833528251
country_cap_40,13,GALD.S,0.010000005490602145
country_cap_40,13,GAW.L,0.04337719444358678
country_cap_40,13,GOOG.OQ,0.01000000506371051
country_cap_40,13,IBE.MC,0.010000106725668404
country_cap_40,13,IETB.BR,0.01000000476096715
country_cap_40,13,KOG.OL,0.010000005156307053
country_cap_40,13,LLY.N,0.14629958390263964
country_cap_40,13,LTMC.MI,0.010000009697427582
country_cap_40,13,MSFT.OQ,0.0711155667823906
country_cap_40,13,NEM.N,0.010000020098973997
country_cap_40,13,NVDA.OQ,0.07632683350694974
country_cap_40,13,PGR.N,0.04536132426435179
country_cap_40,13,PLUSP.L,0.010000011414004138
country_cap_40,13,PWR.N,0.1256780470904538
country_cap_40,13,RSG.N,0.010000010717849547
country_cap_40,13,SDZ.S,0.010000050406777261
country_cap_40,13,SQN.S,0.010000008468743576
country_cap_40,13,TT.N,0.010000014729498964
country_cap_40,13,WMT.OQ,0.010001145659308814
country_cap_40,13,ZEG.L,0.01000020027731932
country_cap_40,13,ZURN.S,0.010000007467966894
country_cap_40,14,AAPL.OQ,0.010000000002670706
country_cap_40,14,ABBN.S,0.010000000001257945
country_cap_40,14,ACLN.S,0.012427192134494806
country_cap_40,14,APH.N,0.010000000009563909
country_cap_40,14,ARGX.BR,0.19999999999737553
country_cap_40,14,ASMI.AS,0.01000000000128502
country_cap_40,14,AVGO.OQ,0.02999999959228244
country_cap_40,14,CAT.N,0.010000000001107413
country_cap_40,14,CDNS.OQ,0.010000000386594675
country_cap_40,14,COST.OQ,0.010000000001506592
country_cap_40,14,CTAS.OQ,0.01000000000106454
country_cap_40,14,FIX.N,0.010000000001954954
country_cap_40,14,GAW.L,0.10757280791898649
country_cap_40,14,GOOG.OQ,0.01000000000184621
country_cap_40,14,GOOGL.OQ,0.010000000001663518
country_cap_40,14,IBE.MC,0.010000000001030244
country_cap_40,14,IETB.BR,0.010000000001016649
country_cap_40,14,KLAC.OQ,0.010000000002053078
country_cap_40,14,LLY.N,0.019999999952656253
country_cap_40,14,LRCX.OQ,0.010000000002121237
country_cap_40,14,LTMC.MI,0.010000000000899602
country_cap_40,14,MSFT.OQ,0.010000000007140436
country_cap_40,14,NVDA.OQ,0.19999999999985918
country_cap_40,14,PGR.N,0.010000000002606351
country_cap_40,14,PWR.N,0.19999999999696183
country_cap_40,14,SDZ.S,0.0100000000018686
country_cap_40,14,SQN.S,0.01000000000186467
country_cap_40,14,TT.N,0.010000000003744644
country_cap_40,14,WMT.OQ,0.010000000001861012
country_cap_40,14,ZEG.L,0.01000000000184107
